task,queue,env_name,exp_name,sensor_bundle,seed,rollout_idx,step,time_s,force_target,finger_force_sum,effective_force,f_thumb,f_index,success_per_step,reward,env_code_commit
pinch,pinch_sweep_size_rand-20260622-195014,TesolloCubePinch,TesolloCubePinch-20260622-202344-cubepinch_sb_baseline_s1,baseline,1,0,0,0.0,3.602274,0.0,0.0,0.0,0.0,0,0.055093,3682863
pinch,pinch_sweep_size_rand-20260622-195014,TesolloCubePinch,TesolloCubePinch-20260622-202344-cubepinch_sb_baseline_s1,baseline,1,0,1,0.05,3.602274,0.0,0.0,0.0,0.0,0,0.057906,3682863
pinch,pinch_sweep_size_rand-20260622-195014,TesolloCubePinch,TesolloCubePinch-20260622-202344-cubepinch_sb_baseline_s1,baseline,1,0,2,0.1,3.602274,2.007884,0.0,0.0,2.007884,0,0.061336,3682863
pinch,pinch_sweep_size_rand-20260622-195014,TesolloCubePinch,TesolloCubePinch-20260622-202344-cubepinch_sb_baseline_s1,baseline,1,0,3,0.15,3.602274,5.716171,5.716171,3.00369,2.712481,0,0.148936,3682863
pinch,pinch_sweep_size_rand-20260622-195014,TesolloCubePinch,TesolloCubePinch-20260622-202344-cubepinch_sb_baseline_s1,baseline,1,0,4,0.2,3.602274,2.938866,0.0,0.0,2.938866,0,0.061205,3682863
pinch,pinch_sweep_size_rand-20260622-195014,TesolloCubePinch,TesolloCubePinch-20260622-202344-cubepinch_sb_baseline_s1,baseline,1,0,5,0.25,3.602274,5.07911,5.07911,2.572141,2.506968,0,0.20646,3682863
pinch,pinch_sweep_size_rand-20260622-195014,TesolloCubePinch,TesolloCubePinch-20260622-202344-cubepinch_sb_baseline_s1,baseline,1,0,6,0.3,3.602274,4.833405,4.833405,2.660506,2.172899,0,0.227423,3682863
pinch,pinch_sweep_size_rand-20260622-195014,TesolloCubePinch,TesolloCubePinch-20260622-202344-cubepinch_sb_baseline_s1,baseline,1,0,7,0.35,3.602274,4.928316,4.928316,2.434371,2.493945,0,0.219656,3682863
pinch,pinch_sweep_size_rand-20260622-195014,TesolloCubePinch,TesolloCubePinch-20260622-202344-cubepinch_sb_baseline_s1,baseline,1,0,8,0.4,3.602274,4.602481,4.602481,2.392832,2.209649,0,0.245478,3682863
pinch,pinch_sweep_size_rand-20260622-195014,TesolloCubePinch,TesolloCubePinch-20260622-202344-cubepinch_sb_baseline_s1,baseline,1,0,9,0.45,3.602274,5.051609,5.051609,2.549278,2.50233,0,0.208573,3682863
pinch,pinch_sweep_size_rand-20260622-195014,TesolloCubePinch,TesolloCubePinch-20260622-202344-cubepinch_sb_baseline_s1,baseline,1,0,10,0.5,3.602274,4.404358,4.404358,2.556093,1.848266,0,0.258643,3682863
pinch,pinch_sweep_size_rand-20260622-195014,TesolloCubePinch,TesolloCubePinch-20260622-202344-cubepinch_sb_baseline_s1,baseline,1,0,11,0.55,3.602274,9.585642,9.585642,3.461595,6.124047,0,0.035532,3682863
pinch,pinch_sweep_size_rand-20260622-195014,TesolloCubePinch,TesolloCubePinch-20260622-202344-cubepinch_sb_baseline_s1,baseline,1,0,12,0.6,3.602274,9.079322,9.079322,7.38053,1.698792,0,0.035793,3682863
pinch,pinch_sweep_size_rand-20260622-195014,TesolloCubePinch,TesolloCubePinch-20260622-202344-cubepinch_sb_baseline_s1,baseline,1,0,13,0.65,3.602274,6.52527,6.52527,3.978981,2.546288,0,0.08955,3682863
pinch,pinch_sweep_size_rand-20260622-195014,TesolloCubePinch,TesolloCubePinch-20260622-202344-cubepinch_sb_baseline_s1,baseline,1,0,14,0.7,3.602274,4.415288,4.415288,2.57954,1.835748,0,0.257112,3682863
pinch,pinch_sweep_size_rand-20260622-195014,TesolloCubePinch,TesolloCubePinch-20260622-202344-cubepinch_sb_baseline_s1,baseline,1,0,15,0.75,3.602274,4.026121,4.026121,2.057075,1.969046,0,0.277014,3682863
pinch,pinch_sweep_size_rand-20260622-195014,TesolloCubePinch,TesolloCubePinch-20260622-202344-cubepinch_sb_baseline_s1,baseline,1,0,16,0.8,3.602274,3.888543,3.888543,1.883992,2.00455,0,0.281305,3682863
pinch,pinch_sweep_size_rand-20260622-195014,TesolloCubePinch,TesolloCubePinch-20260622-202344-cubepinch_sb_baseline_s1,baseline,1,0,17,0.85,3.602274,3.881731,3.881731,1.822488,2.059243,0,0.281516,3682863
pinch,pinch_sweep_size_rand-20260622-195014,TesolloCubePinch,TesolloCubePinch-20260622-202344-cubepinch_sb_baseline_s1,baseline,1,0,18,0.9,3.602274,3.869525,3.869525,1.797927,2.071598,0,0.281844,3682863
pinch,pinch_sweep_size_rand-20260622-195014,TesolloCubePinch,TesolloCubePinch-20260622-202344-cubepinch_sb_baseline_s1,baseline,1,0,19,0.95,3.602274,3.994356,3.994356,1.784848,2.209508,0,0.278295,3682863
pinch,pinch_sweep_size_rand-20260622-195014,TesolloCubePinch,TesolloCubePinch-20260622-202344-cubepinch_sb_baseline_s1,baseline,1,0,20,1.0,3.602274,3.958273,3.958273,1.882279,2.075994,0,0.279492,3682863
pinch,pinch_sweep_size_rand-20260622-195014,TesolloCubePinch,TesolloCubePinch-20260622-202344-cubepinch_sb_baseline_s1,baseline,1,0,21,1.05,3.602274,3.825242,3.825242,1.743113,2.082129,0,0.282883,3682863
pinch,pinch_sweep_size_rand-20260622-195014,TesolloCubePinch,TesolloCubePinch-20260622-202344-cubepinch_sb_baseline_s1,baseline,1,0,22,1.1,3.602274,3.657643,3.657643,1.735514,1.922129,0,0.284967,3682863
pinch,pinch_sweep_size_rand-20260622-195014,TesolloCubePinch,TesolloCubePinch-20260622-202344-cubepinch_sb_baseline_s1,baseline,1,0,23,1.15,3.602274,3.814643,3.814643,1.727494,2.08715,0,0.283134,3682863
pinch,pinch_sweep_size_rand-20260622-195014,TesolloCubePinch,TesolloCubePinch-20260622-202344-cubepinch_sb_baseline_s1,baseline,1,0,24,1.2,3.602274,3.766515,3.766515,1.678872,2.087643,1,0.783956,3682863
pinch,pinch_sweep_size_rand-20260622-195014,TesolloCubePinch,TesolloCubePinch-20260622-202344-cubepinch_sb_baseline_s1,baseline,1,0,25,1.25,3.602274,3.794424,3.794424,1.705248,2.089177,1,0.783539,3682863
pinch,pinch_sweep_size_rand-20260622-195014,TesolloCubePinch,TesolloCubePinch-20260622-202344-cubepinch_sb_baseline_s1,baseline,1,0,26,1.3,3.602274,3.720156,3.720156,1.691599,2.028557,1,0.784578,3682863
pinch,pinch_sweep_size_rand-20260622-195014,TesolloCubePinch,TesolloCubePinch-20260622-202344-cubepinch_sb_baseline_s1,baseline,1,0,27,1.35,3.602274,4.288702,4.288702,1.54244,2.746262,1,0.76516,3682863
pinch,pinch_sweep_size_rand-20260622-195014,TesolloCubePinch,TesolloCubePinch-20260622-202344-cubepinch_sb_baseline_s1,baseline,1,0,28,1.4,3.602274,4.870865,4.870865,1.530734,3.340132,0,0.223126,3682863
pinch,pinch_sweep_size_rand-20260622-195014,TesolloCubePinch,TesolloCubePinch-20260622-202344-cubepinch_sb_baseline_s1,baseline,1,0,29,1.45,3.602274,3.667866,3.667866,1.516249,2.151617,0,0.285056,3682863
pinch,pinch_sweep_size_rand-20260622-195014,TesolloCubePinch,TesolloCubePinch-20260622-202344-cubepinch_sb_baseline_s1,baseline,1,0,30,1.5,3.602274,3.73357,3.73357,1.504191,2.229379,0,0.284504,3682863
pinch,pinch_sweep_size_rand-20260622-195014,TesolloCubePinch,TesolloCubePinch-20260622-202344-cubepinch_sb_baseline_s1,baseline,1,0,31,1.55,3.602274,3.861933,3.861933,1.492886,2.369047,0,0.282312,3682863
pinch,pinch_sweep_size_rand-20260622-195014,TesolloCubePinch,TesolloCubePinch-20260622-202344-cubepinch_sb_baseline_s1,baseline,1,0,32,1.6,3.602274,3.66983,3.66983,1.483143,2.186687,0,0.2851,3682863
pinch,pinch_sweep_size_rand-20260622-195014,TesolloCubePinch,TesolloCubePinch-20260622-202344-cubepinch_sb_baseline_s1,baseline,1,0,33,1.65,3.602274,3.834961,3.834961,1.474418,2.360543,0,0.282928,3682863
pinch,pinch_sweep_size_rand-20260622-195014,TesolloCubePinch,TesolloCubePinch-20260622-202344-cubepinch_sb_baseline_s1,baseline,1,0,34,1.7,3.602274,3.551473,3.551473,1.466231,2.085242,0,0.28522,3682863
pinch,pinch_sweep_size_rand-20260622-195014,TesolloCubePinch,TesolloCubePinch-20260622-202344-cubepinch_sb_baseline_s1,baseline,1,0,35,1.75,3.602274,3.885896,3.885896,1.458541,2.427355,0,0.281805,3682863
pinch,pinch_sweep_size_rand-20260622-195014,TesolloCubePinch,TesolloCubePinch-20260622-202344-cubepinch_sb_baseline_s1,baseline,1,0,36,1.8,3.602274,3.910038,3.910038,1.450281,2.459757,0,0.281196,3682863
pinch,pinch_sweep_size_rand-20260622-195014,TesolloCubePinch,TesolloCubePinch-20260622-202344-cubepinch_sb_baseline_s1,baseline,1,0,37,1.85,3.602274,4.112124,4.112124,1.620215,2.491909,0,0.274105,3682863
pinch,pinch_sweep_size_rand-20260622-195014,TesolloCubePinch,TesolloCubePinch-20260622-202344-cubepinch_sb_baseline_s1,baseline,1,0,38,1.9,3.602274,3.956469,3.956469,1.434353,2.522116,1,0.779882,3682863
pinch,pinch_sweep_size_rand-20260622-195014,TesolloCubePinch,TesolloCubePinch-20260622-202344-cubepinch_sb_baseline_s1,baseline,1,0,39,1.95,3.602274,3.60174,3.60174,1.426145,2.175595,1,0.785395,3682863
pinch,pinch_sweep_size_rand-20260622-195014,TesolloCubePinch,TesolloCubePinch-20260622-202344-cubepinch_sb_baseline_s1,baseline,1,0,40,2.0,3.602274,3.975009,3.975009,1.418047,2.556962,1,0.779314,3682863
pinch,pinch_sweep_size_rand-20260622-195014,TesolloCubePinch,TesolloCubePinch-20260622-202344-cubepinch_sb_baseline_s1,baseline,1,0,41,2.05,3.602274,3.969963,3.969963,1.408322,2.561641,1,0.779482,3682863
pinch,pinch_sweep_size_rand-20260622-195014,TesolloCubePinch,TesolloCubePinch-20260622-202344-cubepinch_sb_baseline_s1,baseline,1,0,42,2.1,3.602274,3.96762,3.96762,1.399377,2.568243,1,0.779561,3682863
pinch,pinch_sweep_size_rand-20260622-195014,TesolloCubePinch,TesolloCubePinch-20260622-202344-cubepinch_sb_baseline_s1,baseline,1,0,43,2.15,3.602274,4.770574,4.770574,2.195766,2.574807,0,0.231641,3682863
pinch,pinch_sweep_size_rand-20260622-195014,TesolloCubePinch,TesolloCubePinch-20260622-202344-cubepinch_sb_baseline_s1,baseline,1,0,44,2.2,3.602274,3.83938,3.83938,1.673811,2.165569,0,0.282937,3682863
pinch,pinch_sweep_size_rand-20260622-195014,TesolloCubePinch,TesolloCubePinch-20260622-202344-cubepinch_sb_baseline_s1,baseline,1,0,45,2.25,3.602274,3.960702,3.960702,1.372583,2.58812,0,0.279785,3682863
pinch,pinch_sweep_size_rand-20260622-195014,TesolloCubePinch,TesolloCubePinch-20260622-202344-cubepinch_sb_baseline_s1,baseline,1,0,46,2.3,3.602274,3.959799,3.959799,1.364097,2.595702,0,0.279813,3682863
pinch,pinch_sweep_size_rand-20260622-195014,TesolloCubePinch,TesolloCubePinch-20260622-202344-cubepinch_sb_baseline_s1,baseline,1,0,47,2.35,3.602274,4.239879,4.239879,1.63711,2.602769,0,0.268019,3682863
pinch,pinch_sweep_size_rand-20260622-195014,TesolloCubePinch,TesolloCubePinch-20260622-202344-cubepinch_sb_baseline_s1,baseline,1,0,48,2.4,3.602274,3.958103,3.958103,1.347741,2.610361,0,0.279861,3682863
pinch,pinch_sweep_size_rand-20260622-195014,TesolloCubePinch,TesolloCubePinch-20260622-202344-cubepinch_sb_baseline_s1,baseline,1,0,49,2.45,3.602274,4.774827,4.774827,2.156609,2.618218,0,0.23129,3682863
pinch,pinch_sweep_size_rand-20260622-195014,TesolloCubePinch,TesolloCubePinch-20260622-202344-cubepinch_sb_baseline_s1,baseline,1,0,50,2.5,3.602274,3.959459,3.959459,1.332803,2.626656,0,0.279811,3682863
pinch,pinch_sweep_size_rand-20260622-195014,TesolloCubePinch,TesolloCubePinch-20260622-202344-cubepinch_sb_baseline_s1,baseline,1,0,51,2.55,3.602274,3.960811,3.960811,1.326045,2.634766,0,0.279763,3682863
pinch,pinch_sweep_size_rand-20260622-195014,TesolloCubePinch,TesolloCubePinch-20260622-202344-cubepinch_sb_baseline_s1,baseline,1,0,52,2.6,3.602274,4.922573,4.922573,1.809817,3.112756,0,0.218881,3682863
pinch,pinch_sweep_size_rand-20260622-195014,TesolloCubePinch,TesolloCubePinch-20260622-202344-cubepinch_sb_baseline_s1,baseline,1,0,53,2.65,3.602274,3.965309,3.965309,1.314211,2.651098,0,0.279608,3682863
pinch,pinch_sweep_size_rand-20260622-195014,TesolloCubePinch,TesolloCubePinch-20260622-202344-cubepinch_sb_baseline_s1,baseline,1,0,54,2.7,3.602274,3.965971,3.965971,1.308847,2.657123,0,0.279578,3682863
pinch,pinch_sweep_size_rand-20260622-195014,TesolloCubePinch,TesolloCubePinch-20260622-202344-cubepinch_sb_baseline_s1,baseline,1,0,55,2.75,3.602274,3.965292,3.965292,1.30436,2.660933,0,0.27959,3682863
pinch,pinch_sweep_size_rand-20260622-195014,TesolloCubePinch,TesolloCubePinch-20260622-202344-cubepinch_sb_baseline_s1,baseline,1,0,56,2.8,3.602274,3.963691,3.963691,1.300898,2.662792,0,0.27963,3682863
pinch,pinch_sweep_size_rand-20260622-195014,TesolloCubePinch,TesolloCubePinch-20260622-202344-cubepinch_sb_baseline_s1,baseline,1,0,57,2.85,3.602274,3.962442,3.962442,1.298227,2.664216,0,0.279658,3682863
pinch,pinch_sweep_size_rand-20260622-195014,TesolloCubePinch,TesolloCubePinch-20260622-202344-cubepinch_sb_baseline_s1,baseline,1,0,58,2.9,3.602274,3.961438,3.961438,1.295967,2.665471,0,0.279678,3682863
pinch,pinch_sweep_size_rand-20260622-195014,TesolloCubePinch,TesolloCubePinch-20260622-202344-cubepinch_sb_baseline_s1,baseline,1,0,59,2.95,3.602274,3.960178,3.960178,1.293427,2.666752,0,0.279705,3682863
pinch,pinch_sweep_size_rand-20260622-195014,TesolloCubePinch,TesolloCubePinch-20260622-202344-cubepinch_sb_baseline_s1,baseline,1,0,60,3.0,3.602274,3.958262,3.958262,1.290713,2.667549,0,0.279751,3682863
pinch,pinch_sweep_size_rand-20260622-195014,TesolloCubePinch,TesolloCubePinch-20260622-202344-cubepinch_sb_baseline_s1,baseline,1,0,61,3.05,3.602274,3.955137,3.955137,1.735179,2.219958,0,0.279834,3682863
pinch,pinch_sweep_size_rand-20260622-195014,TesolloCubePinch,TesolloCubePinch-20260622-202344-cubepinch_sb_baseline_s1,baseline,1,0,62,3.1,3.602274,4.281602,4.281602,1.612998,2.668604,1,0.765627,3682863
pinch,pinch_sweep_size_rand-20260622-195014,TesolloCubePinch,TesolloCubePinch-20260622-202344-cubepinch_sb_baseline_s1,baseline,1,0,63,3.15,3.602274,5.00477,5.00477,2.33622,2.66855,0,0.211611,3682863
pinch,pinch_sweep_size_rand-20260622-195014,TesolloCubePinch,TesolloCubePinch-20260622-202344-cubepinch_sb_baseline_s1,baseline,1,0,64,3.2,3.602274,4.035824,4.035824,1.368573,2.667251,0,0.277053,3682863
pinch,pinch_sweep_size_rand-20260622-195014,TesolloCubePinch,TesolloCubePinch-20260622-202344-cubepinch_sb_baseline_s1,baseline,1,0,65,3.25,3.602274,4.103805,4.103805,1.438275,2.66553,0,0.274325,3682863
pinch,pinch_sweep_size_rand-20260622-195014,TesolloCubePinch,TesolloCubePinch-20260622-202344-cubepinch_sb_baseline_s1,baseline,1,0,66,3.3,3.602274,4.102673,4.102673,1.438971,2.663701,0,0.274356,3682863
pinch,pinch_sweep_size_rand-20260622-195014,TesolloCubePinch,TesolloCubePinch-20260622-202344-cubepinch_sb_baseline_s1,baseline,1,0,67,3.35,3.602274,4.110686,4.110686,1.446991,2.663696,0,0.273996,3682863
pinch,pinch_sweep_size_rand-20260622-195014,TesolloCubePinch,TesolloCubePinch-20260622-202344-cubepinch_sb_baseline_s1,baseline,1,0,68,3.4,3.602274,4.11588,4.11588,1.45132,2.664561,0,0.273754,3682863
pinch,pinch_sweep_size_rand-20260622-195014,TesolloCubePinch,TesolloCubePinch-20260622-202344-cubepinch_sb_baseline_s1,baseline,1,0,69,3.45,3.602274,4.118312,4.118312,1.453235,2.665078,0,0.27363,3682863
pinch,pinch_sweep_size_rand-20260622-195014,TesolloCubePinch,TesolloCubePinch-20260622-202344-cubepinch_sb_baseline_s1,baseline,1,0,70,3.5,3.602274,4.119748,4.119748,1.454007,2.66574,0,0.273548,3682863
pinch,pinch_sweep_size_rand-20260622-195014,TesolloCubePinch,TesolloCubePinch-20260622-202344-cubepinch_sb_baseline_s1,baseline,1,0,71,3.55,3.602274,4.12078,4.12078,1.454217,2.666563,0,0.273485,3682863
pinch,pinch_sweep_size_rand-20260622-195014,TesolloCubePinch,TesolloCubePinch-20260622-202344-cubepinch_sb_baseline_s1,baseline,1,0,72,3.6,3.602274,4.12162,4.12162,1.454314,2.667305,0,0.273429,3682863
pinch,pinch_sweep_size_rand-20260622-195014,TesolloCubePinch,TesolloCubePinch-20260622-202344-cubepinch_sb_baseline_s1,baseline,1,0,73,3.65,3.602274,4.12546,4.12546,1.457592,2.667868,1,0.773241,3682863
pinch,pinch_sweep_size_rand-20260622-195014,TesolloCubePinch,TesolloCubePinch-20260622-202344-cubepinch_sb_baseline_s1,baseline,1,0,74,3.7,3.602274,4.794509,4.794509,2.124784,2.669725,0,0.229342,3682863
pinch,pinch_sweep_size_rand-20260622-195014,TesolloCubePinch,TesolloCubePinch-20260622-202344-cubepinch_sb_baseline_s1,baseline,1,0,75,3.75,3.602274,4.126253,4.126253,1.45682,2.669433,0,0.273168,3682863
pinch,pinch_sweep_size_rand-20260622-195014,TesolloCubePinch,TesolloCubePinch-20260622-202344-cubepinch_sb_baseline_s1,baseline,1,0,76,3.8,3.602274,4.128206,4.128206,1.457128,2.671078,0,0.273062,3682863
pinch,pinch_sweep_size_rand-20260622-195014,TesolloCubePinch,TesolloCubePinch-20260622-202344-cubepinch_sb_baseline_s1,baseline,1,0,77,3.85,3.602274,4.116072,4.116072,1.456212,2.65986,0,0.273577,3682863
pinch,pinch_sweep_size_rand-20260622-195014,TesolloCubePinch,TesolloCubePinch-20260622-202344-cubepinch_sb_baseline_s1,baseline,1,0,78,3.9,3.602274,3.71515,3.71515,1.456999,2.258151,0,0.284434,3682863
pinch,pinch_sweep_size_rand-20260622-195014,TesolloCubePinch,TesolloCubePinch-20260622-202344-cubepinch_sb_baseline_s1,baseline,1,0,79,3.95,3.602274,4.102136,4.102136,1.458275,2.643861,0,0.274139,3682863
pinch,pinch_sweep_size_rand-20260622-195014,TesolloCubePinch,TesolloCubePinch-20260622-202344-cubepinch_sb_baseline_s1,baseline,1,1,0,0.0,4.276002,0.0,0.0,0.0,0.0,0,0.055269,3682863
pinch,pinch_sweep_size_rand-20260622-195014,TesolloCubePinch,TesolloCubePinch-20260622-202344-cubepinch_sb_baseline_s1,baseline,1,1,1,0.05,4.276002,0.0,0.0,0.0,0.0,0,0.058087,3682863
pinch,pinch_sweep_size_rand-20260622-195014,TesolloCubePinch,TesolloCubePinch-20260622-202344-cubepinch_sb_baseline_s1,baseline,1,1,2,0.1,4.276002,4.864512,4.864512,3.18417,1.680342,0,0.275931,3682863
pinch,pinch_sweep_size_rand-20260622-195014,TesolloCubePinch,TesolloCubePinch-20260622-202344-cubepinch_sb_baseline_s1,baseline,1,1,3,0.15,4.276002,2.406212,0.0,0.0,2.406212,0,0.061131,3682863
pinch,pinch_sweep_size_rand-20260622-195014,TesolloCubePinch,TesolloCubePinch-20260622-202344-cubepinch_sb_baseline_s1,baseline,1,1,4,0.2,4.276002,5.136688,5.136688,3.055787,2.080902,0,0.264041,3682863
pinch,pinch_sweep_size_rand-20260622-195014,TesolloCubePinch,TesolloCubePinch-20260622-202344-cubepinch_sb_baseline_s1,baseline,1,1,5,0.25,4.276002,5.341876,5.341876,2.800069,2.541806,0,0.253498,3682863
pinch,pinch_sweep_size_rand-20260622-195014,TesolloCubePinch,TesolloCubePinch-20260622-202344-cubepinch_sb_baseline_s1,baseline,1,1,6,0.3,4.276002,4.821973,4.821973,2.603157,2.218816,0,0.277137,3682863
pinch,pinch_sweep_size_rand-20260622-195014,TesolloCubePinch,TesolloCubePinch-20260622-202344-cubepinch_sb_baseline_s1,baseline,1,1,7,0.35,4.276002,4.830692,4.830692,2.432752,2.39794,0,0.277307,3682863
pinch,pinch_sweep_size_rand-20260622-195014,TesolloCubePinch,TesolloCubePinch-20260622-202344-cubepinch_sb_baseline_s1,baseline,1,1,8,0.4,4.276002,4.622849,4.622849,2.565442,2.057408,0,0.282603,3682863
pinch,pinch_sweep_size_rand-20260622-195014,TesolloCubePinch,TesolloCubePinch-20260622-202344-cubepinch_sb_baseline_s1,baseline,1,1,9,0.45,4.276002,4.346618,4.346618,2.716909,1.629709,0,0.286038,3682863
pinch,pinch_sweep_size_rand-20260622-195014,TesolloCubePinch,TesolloCubePinch-20260622-202344-cubepinch_sb_baseline_s1,baseline,1,1,10,0.5,4.276002,4.851954,4.851954,2.933367,1.918587,0,0.275914,3682863
pinch,pinch_sweep_size_rand-20260622-195014,TesolloCubePinch,TesolloCubePinch-20260622-202344-cubepinch_sb_baseline_s1,baseline,1,1,11,0.55,4.276002,1.629292,0.0,0.0,1.629292,0,0.060501,3682863
pinch,pinch_sweep_size_rand-20260622-195014,TesolloCubePinch,TesolloCubePinch-20260622-202344-cubepinch_sb_baseline_s1,baseline,1,1,12,0.6,4.276002,9.475788,9.475788,5.589445,3.886344,0,0.043454,3682863
pinch,pinch_sweep_size_rand-20260622-195014,TesolloCubePinch,TesolloCubePinch-20260622-202344-cubepinch_sb_baseline_s1,baseline,1,1,13,0.65,4.276002,7.428457,7.428457,5.568794,1.859664,0,0.106366,3682863
pinch,pinch_sweep_size_rand-20260622-195014,TesolloCubePinch,TesolloCubePinch-20260622-202344-cubepinch_sb_baseline_s1,baseline,1,1,14,0.7,4.276002,5.956666,5.956666,4.068559,1.888107,0,0.210271,3682863
pinch,pinch_sweep_size_rand-20260622-195014,TesolloCubePinch,TesolloCubePinch-20260622-202344-cubepinch_sb_baseline_s1,baseline,1,1,15,0.75,4.276002,5.268246,5.268246,3.302895,1.965351,0,0.256173,3682863
pinch,pinch_sweep_size_rand-20260622-195014,TesolloCubePinch,TesolloCubePinch-20260622-202344-cubepinch_sb_baseline_s1,baseline,1,1,16,0.8,4.276002,4.837768,4.837768,2.810616,2.027152,0,0.275656,3682863
pinch,pinch_sweep_size_rand-20260622-195014,TesolloCubePinch,TesolloCubePinch-20260622-202344-cubepinch_sb_baseline_s1,baseline,1,1,17,0.85,4.276002,4.55174,4.55174,2.450746,2.100995,0,0.283055,3682863
pinch,pinch_sweep_size_rand-20260622-195014,TesolloCubePinch,TesolloCubePinch-20260622-202344-cubepinch_sb_baseline_s1,baseline,1,1,18,0.9,4.276002,4.741483,4.741483,2.228845,2.512638,0,0.278743,3682863
pinch,pinch_sweep_size_rand-20260622-195014,TesolloCubePinch,TesolloCubePinch-20260622-202344-cubepinch_sb_baseline_s1,baseline,1,1,19,0.95,4.276002,3.909584,3.909584,2.125998,1.783586,0,0.281286,3682863
pinch,pinch_sweep_size_rand-20260622-195014,TesolloCubePinch,TesolloCubePinch-20260622-202344-cubepinch_sb_baseline_s1,baseline,1,1,20,1.0,4.276002,4.704492,4.704492,2.057485,2.647007,0,0.279755,3682863
pinch,pinch_sweep_size_rand-20260622-195014,TesolloCubePinch,TesolloCubePinch-20260622-202344-cubepinch_sb_baseline_s1,baseline,1,1,21,1.05,4.276002,4.654738,4.654738,2.00488,2.649858,0,0.280984,3682863
pinch,pinch_sweep_size_rand-20260622-195014,TesolloCubePinch,TesolloCubePinch-20260622-202344-cubepinch_sb_baseline_s1,baseline,1,1,22,1.1,4.276002,4.626707,4.626707,1.976885,2.649822,0,0.281605,3682863
pinch,pinch_sweep_size_rand-20260622-195014,TesolloCubePinch,TesolloCubePinch-20260622-202344-cubepinch_sb_baseline_s1,baseline,1,1,23,1.15,4.276002,4.603124,4.603124,1.955226,2.647898,0,0.282087,3682863
pinch,pinch_sweep_size_rand-20260622-195014,TesolloCubePinch,TesolloCubePinch-20260622-202344-cubepinch_sb_baseline_s1,baseline,1,1,24,1.2,4.276002,4.582034,4.582034,1.935338,2.646695,0,0.282489,3682863
pinch,pinch_sweep_size_rand-20260622-195014,TesolloCubePinch,TesolloCubePinch-20260622-202344-cubepinch_sb_baseline_s1,baseline,1,1,25,1.25,4.276002,3.973473,3.973473,1.327825,2.645648,1,0.782543,3682863
pinch,pinch_sweep_size_rand-20260622-195014,TesolloCubePinch,TesolloCubePinch-20260622-202344-cubepinch_sb_baseline_s1,baseline,1,1,26,1.3,4.276002,4.565658,4.565658,1.919742,2.645916,1,0.782768,3682863
pinch,pinch_sweep_size_rand-20260622-195014,TesolloCubePinch,TesolloCubePinch-20260622-202344-cubepinch_sb_baseline_s1,baseline,1,1,27,1.35,4.276002,4.525838,4.525838,1.880273,2.645565,1,0.783428,3682863
pinch,pinch_sweep_size_rand-20260622-195014,TesolloCubePinch,TesolloCubePinch-20260622-202344-cubepinch_sb_baseline_s1,baseline,1,1,28,1.4,4.276002,4.462331,4.462331,2.073761,2.38857,1,0.784284,3682863
pinch,pinch_sweep_size_rand-20260622-195014,TesolloCubePinch,TesolloCubePinch-20260622-202344-cubepinch_sb_baseline_s1,baseline,1,1,29,1.45,4.276002,4.418601,4.418601,1.771694,2.646907,1,0.784723,3682863
pinch,pinch_sweep_size_rand-20260622-195014,TesolloCubePinch,TesolloCubePinch-20260622-202344-cubepinch_sb_baseline_s1,baseline,1,1,30,1.5,4.276002,4.408371,4.408371,1.762448,2.645923,1,0.784801,3682863
pinch,pinch_sweep_size_rand-20260622-195014,TesolloCubePinch,TesolloCubePinch-20260622-202344-cubepinch_sb_baseline_s1,baseline,1,1,31,1.55,4.276002,4.39951,4.39951,1.752393,2.647117,1,0.784864,3682863
pinch,pinch_sweep_size_rand-20260622-195014,TesolloCubePinch,TesolloCubePinch-20260622-202344-cubepinch_sb_baseline_s1,baseline,1,1,32,1.6,4.276002,4.392738,4.392738,1.744522,2.648216,1,0.784907,3682863
pinch,pinch_sweep_size_rand-20260622-195014,TesolloCubePinch,TesolloCubePinch-20260622-202344-cubepinch_sb_baseline_s1,baseline,1,1,33,1.65,4.276002,4.387086,4.387086,1.737541,2.649544,1,0.784939,3682863
pinch,pinch_sweep_size_rand-20260622-195014,TesolloCubePinch,TesolloCubePinch-20260622-202344-cubepinch_sb_baseline_s1,baseline,1,1,34,1.7,4.276002,4.381702,4.381702,1.731289,2.650414,1,0.784968,3682863
pinch,pinch_sweep_size_rand-20260622-195014,TesolloCubePinch,TesolloCubePinch-20260622-202344-cubepinch_sb_baseline_s1,baseline,1,1,35,1.75,4.276002,4.453103,4.453103,2.001115,2.451988,1,0.784327,3682863
pinch,pinch_sweep_size_rand-20260622-195014,TesolloCubePinch,TesolloCubePinch-20260622-202344-cubepinch_sb_baseline_s1,baseline,1,1,36,1.8,4.276002,4.891881,4.891881,1.721018,3.170863,1,0.773644,3682863
pinch,pinch_sweep_size_rand-20260622-195014,TesolloCubePinch,TesolloCubePinch-20260622-202344-cubepinch_sb_baseline_s1,baseline,1,1,37,1.85,4.276002,5.062134,5.062134,2.40755,2.654584,0,0.266579,3682863
pinch,pinch_sweep_size_rand-20260622-195014,TesolloCubePinch,TesolloCubePinch-20260622-202344-cubepinch_sb_baseline_s1,baseline,1,1,38,1.9,4.276002,4.415241,4.415241,2.017765,2.397476,0,0.284681,3682863
pinch,pinch_sweep_size_rand-20260622-195014,TesolloCubePinch,TesolloCubePinch-20260622-202344-cubepinch_sb_baseline_s1,baseline,1,1,39,1.95,4.276002,4.364656,4.364656,1.707063,2.657593,0,0.285036,3682863
pinch,pinch_sweep_size_rand-20260622-195014,TesolloCubePinch,TesolloCubePinch-20260622-202344-cubepinch_sb_baseline_s1,baseline,1,1,40,2.0,4.276002,4.362448,4.362448,1.703069,2.659379,0,0.285042,3682863
pinch,pinch_sweep_size_rand-20260622-195014,TesolloCubePinch,TesolloCubePinch-20260622-202344-cubepinch_sb_baseline_s1,baseline,1,1,41,2.05,4.276002,4.604946,4.604946,1.700575,2.904371,0,0.281886,3682863
pinch,pinch_sweep_size_rand-20260622-195014,TesolloCubePinch,TesolloCubePinch-20260622-202344-cubepinch_sb_baseline_s1,baseline,1,1,42,2.1,4.276002,4.42579,4.42579,1.983048,2.442742,0,0.284557,3682863
pinch,pinch_sweep_size_rand-20260622-195014,TesolloCubePinch,TesolloCubePinch-20260622-202344-cubepinch_sb_baseline_s1,baseline,1,1,43,2.15,4.276002,4.362669,4.362669,1.698095,2.664574,0,0.285019,3682863
pinch,pinch_sweep_size_rand-20260622-195014,TesolloCubePinch,TesolloCubePinch-20260622-202344-cubepinch_sb_baseline_s1,baseline,1,1,44,2.2,4.276002,4.863179,4.863179,2.197048,2.66613,0,0.274626,3682863
pinch,pinch_sweep_size_rand-20260622-195014,TesolloCubePinch,TesolloCubePinch-20260622-202344-cubepinch_sb_baseline_s1,baseline,1,1,45,2.25,4.276002,4.365225,4.365225,1.697051,2.668174,0,0.284991,3682863
pinch,pinch_sweep_size_rand-20260622-195014,TesolloCubePinch,TesolloCubePinch-20260622-202344-cubepinch_sb_baseline_s1,baseline,1,1,46,2.3,4.276002,4.36701,4.36701,1.697136,2.669874,0,0.284973,3682863
pinch,pinch_sweep_size_rand-20260622-195014,TesolloCubePinch,TesolloCubePinch-20260622-202344-cubepinch_sb_baseline_s1,baseline,1,1,47,2.35,4.276002,4.369606,4.369606,1.697825,2.671782,1,0.78495,3682863
pinch,pinch_sweep_size_rand-20260622-195014,TesolloCubePinch,TesolloCubePinch-20260622-202344-cubepinch_sb_baseline_s1,baseline,1,1,48,2.4,4.276002,3.732702,3.732702,1.69825,2.034453,1,0.776096,3682863
pinch,pinch_sweep_size_rand-20260622-195014,TesolloCubePinch,TesolloCubePinch-20260622-202344-cubepinch_sb_baseline_s1,baseline,1,1,49,2.45,4.276002,4.681557,4.681557,1.699633,2.981924,1,0.780085,3682863
pinch,pinch_sweep_size_rand-20260622-195014,TesolloCubePinch,TesolloCubePinch-20260622-202344-cubepinch_sb_baseline_s1,baseline,1,1,50,2.5,4.276002,4.378006,4.378006,1.700871,2.677135,1,0.784874,3682863
pinch,pinch_sweep_size_rand-20260622-195014,TesolloCubePinch,TesolloCubePinch-20260622-202344-cubepinch_sb_baseline_s1,baseline,1,1,51,2.55,4.276002,4.381227,4.381227,1.702821,2.678406,1,0.784845,3682863
pinch,pinch_sweep_size_rand-20260622-195014,TesolloCubePinch,TesolloCubePinch-20260622-202344-cubepinch_sb_baseline_s1,baseline,1,1,52,2.6,4.276002,4.385225,4.385225,1.705125,2.6801,1,0.784809,3682863
pinch,pinch_sweep_size_rand-20260622-195014,TesolloCubePinch,TesolloCubePinch-20260622-202344-cubepinch_sb_baseline_s1,baseline,1,1,53,2.65,4.276002,4.389556,4.389556,1.707945,2.681612,1,0.784769,3682863
pinch,pinch_sweep_size_rand-20260622-195014,TesolloCubePinch,TesolloCubePinch-20260622-202344-cubepinch_sb_baseline_s1,baseline,1,1,54,2.7,4.276002,4.393709,4.393709,1.710574,2.683136,1,0.784729,3682863
pinch,pinch_sweep_size_rand-20260622-195014,TesolloCubePinch,TesolloCubePinch-20260622-202344-cubepinch_sb_baseline_s1,baseline,1,1,55,2.75,4.276002,5.216502,5.216502,2.532026,2.684476,0,0.258802,3682863
pinch,pinch_sweep_size_rand-20260622-195014,TesolloCubePinch,TesolloCubePinch-20260622-202344-cubepinch_sb_baseline_s1,baseline,1,1,56,2.8,4.276002,4.4023,4.4023,1.71664,2.68566,0,0.284643,3682863
pinch,pinch_sweep_size_rand-20260622-195014,TesolloCubePinch,TesolloCubePinch-20260622-202344-cubepinch_sb_baseline_s1,baseline,1,1,57,2.85,4.276002,4.406976,4.406976,1.720204,2.686773,0,0.284594,3682863
pinch,pinch_sweep_size_rand-20260622-195014,TesolloCubePinch,TesolloCubePinch-20260622-202344-cubepinch_sb_baseline_s1,baseline,1,1,58,2.9,4.276002,4.411853,4.411853,1.723905,2.687948,0,0.284543,3682863
pinch,pinch_sweep_size_rand-20260622-195014,TesolloCubePinch,TesolloCubePinch-20260622-202344-cubepinch_sb_baseline_s1,baseline,1,1,59,2.95,4.276002,4.4169,4.4169,1.727976,2.688925,0,0.284487,3682863
pinch,pinch_sweep_size_rand-20260622-195014,TesolloCubePinch,TesolloCubePinch-20260622-202344-cubepinch_sb_baseline_s1,baseline,1,1,60,3.0,4.276002,4.930145,4.930145,1.732453,3.197692,0,0.271985,3682863
pinch,pinch_sweep_size_rand-20260622-195014,TesolloCubePinch,TesolloCubePinch-20260622-202344-cubepinch_sb_baseline_s1,baseline,1,1,61,3.05,4.276002,4.937075,4.937075,1.736784,3.200291,0,0.271701,3682863
pinch,pinch_sweep_size_rand-20260622-195014,TesolloCubePinch,TesolloCubePinch-20260622-202344-cubepinch_sb_baseline_s1,baseline,1,1,62,3.1,4.276002,4.432229,4.432229,1.74098,2.691249,0,0.284309,3682863
pinch,pinch_sweep_size_rand-20260622-195014,TesolloCubePinch,TesolloCubePinch-20260622-202344-cubepinch_sb_baseline_s1,baseline,1,1,63,3.15,4.276002,4.438285,4.438285,1.746044,2.692241,0,0.284236,3682863
pinch,pinch_sweep_size_rand-20260622-195014,TesolloCubePinch,TesolloCubePinch-20260622-202344-cubepinch_sb_baseline_s1,baseline,1,1,64,3.2,4.276002,4.44165,4.44165,1.749413,2.692237,0,0.284189,3682863
pinch,pinch_sweep_size_rand-20260622-195014,TesolloCubePinch,TesolloCubePinch-20260622-202344-cubepinch_sb_baseline_s1,baseline,1,1,65,3.25,4.276002,4.446986,4.446986,1.753572,2.693413,1,0.784119,3682863
pinch,pinch_sweep_size_rand-20260622-195014,TesolloCubePinch,TesolloCubePinch-20260622-202344-cubepinch_sb_baseline_s1,baseline,1,1,66,3.3,4.276002,4.956447,4.956447,1.757136,3.199311,1,0.770865,3682863
pinch,pinch_sweep_size_rand-20260622-195014,TesolloCubePinch,TesolloCubePinch-20260622-202344-cubepinch_sb_baseline_s1,baseline,1,1,67,3.35,4.276002,4.15943,4.15943,1.760535,2.398895,1,0.784584,3682863
pinch,pinch_sweep_size_rand-20260622-195014,TesolloCubePinch,TesolloCubePinch-20260622-202344-cubepinch_sb_baseline_s1,baseline,1,1,68,3.4,4.276002,4.458073,4.458073,1.764106,2.693967,1,0.783956,3682863
pinch,pinch_sweep_size_rand-20260622-195014,TesolloCubePinch,TesolloCubePinch-20260622-202344-cubepinch_sb_baseline_s1,baseline,1,1,69,3.45,4.276002,4.721217,4.721217,1.77059,2.950627,1,0.778821,3682863
pinch,pinch_sweep_size_rand-20260622-195014,TesolloCubePinch,TesolloCubePinch-20260622-202344-cubepinch_sb_baseline_s1,baseline,1,1,70,3.5,4.276002,4.475354,4.475354,1.782204,2.69315,1,0.783722,3682863
pinch,pinch_sweep_size_rand-20260622-195014,TesolloCubePinch,TesolloCubePinch-20260622-202344-cubepinch_sb_baseline_s1,baseline,1,1,71,3.55,4.276002,4.486863,4.486863,1.793326,2.693536,1,0.78356,3682863
pinch,pinch_sweep_size_rand-20260622-195014,TesolloCubePinch,TesolloCubePinch-20260622-202344-cubepinch_sb_baseline_s1,baseline,1,1,72,3.6,4.276002,4.501837,4.501837,1.809146,2.692691,1,0.783341,3682863
pinch,pinch_sweep_size_rand-20260622-195014,TesolloCubePinch,TesolloCubePinch-20260622-202344-cubepinch_sb_baseline_s1,baseline,1,1,73,3.65,4.276002,5.01073,5.01073,1.825648,3.185082,1,0.768496,3682863
pinch,pinch_sweep_size_rand-20260622-195014,TesolloCubePinch,TesolloCubePinch-20260622-202344-cubepinch_sb_baseline_s1,baseline,1,1,74,3.7,4.276002,4.535039,4.535039,1.843299,2.691741,1,0.782808,3682863
pinch,pinch_sweep_size_rand-20260622-195014,TesolloCubePinch,TesolloCubePinch-20260622-202344-cubepinch_sb_baseline_s1,baseline,1,1,75,3.75,4.276002,4.8132,4.8132,2.122018,2.691182,1,0.775975,3682863
pinch,pinch_sweep_size_rand-20260622-195014,TesolloCubePinch,TesolloCubePinch-20260622-202344-cubepinch_sb_baseline_s1,baseline,1,1,76,3.8,4.276002,4.569553,4.569553,1.87928,2.690273,1,0.782184,3682863
pinch,pinch_sweep_size_rand-20260622-195014,TesolloCubePinch,TesolloCubePinch-20260622-202344-cubepinch_sb_baseline_s1,baseline,1,1,77,3.85,4.276002,4.590389,4.590389,1.901015,2.689374,1,0.781774,3682863
pinch,pinch_sweep_size_rand-20260622-195014,TesolloCubePinch,TesolloCubePinch-20260622-202344-cubepinch_sb_baseline_s1,baseline,1,1,78,3.9,4.276002,4.562597,4.562597,1.875046,2.687552,1,0.782278,3682863
pinch,pinch_sweep_size_rand-20260622-195014,TesolloCubePinch,TesolloCubePinch-20260622-202344-cubepinch_sb_baseline_s1,baseline,1,1,79,3.95,4.276002,4.46518,4.46518,1.781635,2.683545,1,0.783709,3682863
pinch,pinch_sweep_size_rand-20260622-195014,TesolloCubePinch,TesolloCubePinch-20260622-202344-cubepinch_sb_baseline_s1,baseline,1,2,0,0.0,4.535643,0.0,0.0,0.0,0.0,0,0.055307,3682863
pinch,pinch_sweep_size_rand-20260622-195014,TesolloCubePinch,TesolloCubePinch-20260622-202344-cubepinch_sb_baseline_s1,baseline,1,2,1,0.05,4.535643,0.0,0.0,0.0,0.0,0,0.058155,3682863
pinch,pinch_sweep_size_rand-20260622-195014,TesolloCubePinch,TesolloCubePinch-20260622-202344-cubepinch_sb_baseline_s1,baseline,1,2,2,0.1,4.535643,2.755913,0.0,2.755913,0.0,0,0.061442,3682863
pinch,pinch_sweep_size_rand-20260622-195014,TesolloCubePinch,TesolloCubePinch-20260622-202344-cubepinch_sb_baseline_s1,baseline,1,2,3,0.15,4.535643,2.031369,0.0,0.0,2.031369,0,0.061252,3682863
pinch,pinch_sweep_size_rand-20260622-195014,TesolloCubePinch,TesolloCubePinch-20260622-202344-cubepinch_sb_baseline_s1,baseline,1,2,4,0.2,4.535643,6.108025,6.108025,3.950884,2.157141,0,0.226299,3682863
pinch,pinch_sweep_size_rand-20260622-195014,TesolloCubePinch,TesolloCubePinch-20260622-202344-cubepinch_sb_baseline_s1,baseline,1,2,5,0.25,4.535643,3.025801,3.025801,0.927421,2.098381,0,0.229779,3682863
pinch,pinch_sweep_size_rand-20260622-195014,TesolloCubePinch,TesolloCubePinch-20260622-202344-cubepinch_sb_baseline_s1,baseline,1,2,6,0.3,4.535643,5.124187,5.124187,2.615398,2.508788,0,0.277225,3682863
pinch,pinch_sweep_size_rand-20260622-195014,TesolloCubePinch,TesolloCubePinch-20260622-202344-cubepinch_sb_baseline_s1,baseline,1,2,7,0.35,4.535643,4.612817,4.612817,2.580592,2.032225,0,0.286301,3682863
pinch,pinch_sweep_size_rand-20260622-195014,TesolloCubePinch,TesolloCubePinch-20260622-202344-cubepinch_sb_baseline_s1,baseline,1,2,8,0.4,4.535643,4.173104,4.173104,2.579839,1.593265,0,0.283151,3682863
pinch,pinch_sweep_size_rand-20260622-195014,TesolloCubePinch,TesolloCubePinch-20260622-202344-cubepinch_sb_baseline_s1,baseline,1,2,9,0.45,4.535643,4.199367,4.199367,2.525132,1.674235,0,0.283207,3682863
pinch,pinch_sweep_size_rand-20260622-195014,TesolloCubePinch,TesolloCubePinch-20260622-202344-cubepinch_sb_baseline_s1,baseline,1,2,10,0.5,4.535643,3.075934,3.075934,1.537352,1.538582,0,0.232842,3682863
pinch,pinch_sweep_size_rand-20260622-195014,TesolloCubePinch,TesolloCubePinch-20260622-202344-cubepinch_sb_baseline_s1,baseline,1,2,11,0.55,4.535643,3.883516,3.883516,1.935571,1.947945,0,0.274344,3682863
pinch,pinch_sweep_size_rand-20260622-195014,TesolloCubePinch,TesolloCubePinch-20260622-202344-cubepinch_sb_baseline_s1,baseline,1,2,12,0.6,4.535643,4.817687,4.817687,3.01772,1.799967,0,0.283266,3682863
pinch,pinch_sweep_size_rand-20260622-195014,TesolloCubePinch,TesolloCubePinch-20260622-202344-cubepinch_sb_baseline_s1,baseline,1,2,13,0.65,4.535643,11.741537,11.741537,9.997289,1.744249,0,0.036093,3682863
pinch,pinch_sweep_size_rand-20260622-195014,TesolloCubePinch,TesolloCubePinch-20260622-202344-cubepinch_sb_baseline_s1,baseline,1,2,14,0.7,4.535643,7.21875,7.21875,4.83637,2.38238,0,0.147099,3682863
pinch,pinch_sweep_size_rand-20260622-195014,TesolloCubePinch,TesolloCubePinch-20260622-202344-cubepinch_sb_baseline_s1,baseline,1,2,15,0.75,4.535643,6.446474,6.446474,4.465657,1.980817,0,0.201625,3682863
pinch,pinch_sweep_size_rand-20260622-195014,TesolloCubePinch,TesolloCubePinch-20260622-202344-cubepinch_sb_baseline_s1,baseline,1,2,16,0.8,4.535643,5.630007,5.630007,3.441335,2.188672,0,0.254203,3682863
pinch,pinch_sweep_size_rand-20260622-195014,TesolloCubePinch,TesolloCubePinch-20260622-202344-cubepinch_sb_baseline_s1,baseline,1,2,17,0.85,4.535643,5.486066,5.486066,2.817776,2.668291,0,0.261561,3682863
pinch,pinch_sweep_size_rand-20260622-195014,TesolloCubePinch,TesolloCubePinch-20260622-202344-cubepinch_sb_baseline_s1,baseline,1,2,18,0.9,4.535643,5.048711,5.048711,2.402289,2.646422,0,0.278347,3682863
pinch,pinch_sweep_size_rand-20260622-195014,TesolloCubePinch,TesolloCubePinch-20260622-202344-cubepinch_sb_baseline_s1,baseline,1,2,19,0.95,4.535643,4.636912,4.636912,2.229434,2.407479,0,0.28531,3682863
pinch,pinch_sweep_size_rand-20260622-195014,TesolloCubePinch,TesolloCubePinch-20260622-202344-cubepinch_sb_baseline_s1,baseline,1,2,20,1.0,4.535643,4.749065,4.749065,2.084026,2.665039,0,0.284313,3682863
pinch,pinch_sweep_size_rand-20260622-195014,TesolloCubePinch,TesolloCubePinch-20260622-202344-cubepinch_sb_baseline_s1,baseline,1,2,21,1.05,4.535643,4.772794,4.772794,2.101862,2.670931,0,0.283997,3682863
pinch,pinch_sweep_size_rand-20260622-195014,TesolloCubePinch,TesolloCubePinch-20260622-202344-cubepinch_sb_baseline_s1,baseline,1,2,22,1.1,4.535643,4.740067,4.740067,2.066513,2.673554,0,0.284379,3682863
pinch,pinch_sweep_size_rand-20260622-195014,TesolloCubePinch,TesolloCubePinch-20260622-202344-cubepinch_sb_baseline_s1,baseline,1,2,23,1.15,4.535643,4.711792,4.711792,2.03829,2.673502,0,0.284657,3682863
pinch,pinch_sweep_size_rand-20260622-195014,TesolloCubePinch,TesolloCubePinch-20260622-202344-cubepinch_sb_baseline_s1,baseline,1,2,24,1.2,4.535643,4.686038,4.686038,2.014104,2.671934,0,0.28487,3682863
pinch,pinch_sweep_size_rand-20260622-195014,TesolloCubePinch,TesolloCubePinch-20260622-202344-cubepinch_sb_baseline_s1,baseline,1,2,25,1.25,4.535643,4.303845,4.303845,2.066339,2.237507,0,0.283983,3682863
pinch,pinch_sweep_size_rand-20260622-195014,TesolloCubePinch,TesolloCubePinch-20260622-202344-cubepinch_sb_baseline_s1,baseline,1,2,26,1.3,4.535643,4.640827,4.640827,1.97348,2.667347,0,0.285152,3682863
pinch,pinch_sweep_size_rand-20260622-195014,TesolloCubePinch,TesolloCubePinch-20260622-202344-cubepinch_sb_baseline_s1,baseline,1,2,27,1.35,4.535643,4.625618,4.625618,1.960307,2.665311,1,0.785216,3682863
pinch,pinch_sweep_size_rand-20260622-195014,TesolloCubePinch,TesolloCubePinch-20260622-202344-cubepinch_sb_baseline_s1,baseline,1,2,28,1.4,4.535643,4.523742,4.523742,1.860268,2.663474,1,0.785419,3682863
pinch,pinch_sweep_size_rand-20260622-195014,TesolloCubePinch,TesolloCubePinch-20260622-202344-cubepinch_sb_baseline_s1,baseline,1,2,29,1.45,4.535643,4.525715,4.525715,1.863907,2.661808,1,0.7854,3682863
pinch,pinch_sweep_size_rand-20260622-195014,TesolloCubePinch,TesolloCubePinch-20260622-202344-cubepinch_sb_baseline_s1,baseline,1,2,30,1.5,4.535643,4.686352,4.686352,1.86856,2.817792,1,0.784751,3682863
pinch,pinch_sweep_size_rand-20260622-195014,TesolloCubePinch,TesolloCubePinch-20260622-202344-cubepinch_sb_baseline_s1,baseline,1,2,31,1.55,4.535643,4.534575,4.534575,1.874902,2.659674,1,0.785369,3682863
pinch,pinch_sweep_size_rand-20260622-195014,TesolloCubePinch,TesolloCubePinch-20260622-202344-cubepinch_sb_baseline_s1,baseline,1,2,32,1.6,4.535643,4.900147,4.900147,2.499451,2.400697,1,0.781664,3682863
pinch,pinch_sweep_size_rand-20260622-195014,TesolloCubePinch,TesolloCubePinch-20260622-202344-cubepinch_sb_baseline_s1,baseline,1,2,33,1.65,4.535643,4.533049,4.533049,1.878247,2.654802,1,0.785341,3682863
pinch,pinch_sweep_size_rand-20260622-195014,TesolloCubePinch,TesolloCubePinch-20260622-202344-cubepinch_sb_baseline_s1,baseline,1,2,34,1.7,4.535643,4.536136,4.536136,1.880677,2.655459,1,0.785328,3682863
pinch,pinch_sweep_size_rand-20260622-195014,TesolloCubePinch,TesolloCubePinch-20260622-202344-cubepinch_sb_baseline_s1,baseline,1,2,35,1.75,4.535643,5.086708,5.086708,2.431588,2.65512,1,0.776962,3682863
pinch,pinch_sweep_size_rand-20260622-195014,TesolloCubePinch,TesolloCubePinch-20260622-202344-cubepinch_sb_baseline_s1,baseline,1,2,36,1.8,4.535643,4.541296,4.541296,1.885661,2.655635,1,0.785304,3682863
pinch,pinch_sweep_size_rand-20260622-195014,TesolloCubePinch,TesolloCubePinch-20260622-202344-cubepinch_sb_baseline_s1,baseline,1,2,37,1.85,4.535643,4.543274,4.543274,1.887551,2.655723,1,0.785292,3682863
pinch,pinch_sweep_size_rand-20260622-195014,TesolloCubePinch,TesolloCubePinch-20260622-202344-cubepinch_sb_baseline_s1,baseline,1,2,38,1.9,4.535643,4.588005,4.588005,2.137523,2.450482,1,0.785207,3682863
pinch,pinch_sweep_size_rand-20260622-195014,TesolloCubePinch,TesolloCubePinch-20260622-202344-cubepinch_sb_baseline_s1,baseline,1,2,39,1.95,4.535643,4.548252,4.548252,1.891616,2.656636,1,0.785269,3682863
pinch,pinch_sweep_size_rand-20260622-195014,TesolloCubePinch,TesolloCubePinch-20260622-202344-cubepinch_sb_baseline_s1,baseline,1,2,40,2.0,4.535643,4.744981,4.744981,1.893143,2.851838,1,0.78404,3682863
pinch,pinch_sweep_size_rand-20260622-195014,TesolloCubePinch,TesolloCubePinch-20260622-202344-cubepinch_sb_baseline_s1,baseline,1,2,41,2.05,4.535643,4.553122,4.553122,1.894961,2.65816,1,0.785245,3682863
pinch,pinch_sweep_size_rand-20260622-195014,TesolloCubePinch,TesolloCubePinch-20260622-202344-cubepinch_sb_baseline_s1,baseline,1,2,42,2.1,4.535643,4.554945,4.554945,1.896031,2.658914,1,0.785234,3682863
pinch,pinch_sweep_size_rand-20260622-195014,TesolloCubePinch,TesolloCubePinch-20260622-202344-cubepinch_sb_baseline_s1,baseline,1,2,43,2.15,4.535643,4.556839,4.556839,1.897215,2.659624,1,0.785223,3682863
pinch,pinch_sweep_size_rand-20260622-195014,TesolloCubePinch,TesolloCubePinch-20260622-202344-cubepinch_sb_baseline_s1,baseline,1,2,44,2.2,4.535643,4.559195,4.559195,1.898539,2.660655,1,0.785212,3682863
pinch,pinch_sweep_size_rand-20260622-195014,TesolloCubePinch,TesolloCubePinch-20260622-202344-cubepinch_sb_baseline_s1,baseline,1,2,45,2.25,4.535643,4.561818,4.561818,1.899992,2.661826,1,0.785199,3682863
pinch,pinch_sweep_size_rand-20260622-195014,TesolloCubePinch,TesolloCubePinch-20260622-202344-cubepinch_sb_baseline_s1,baseline,1,2,46,2.3,4.535643,4.563696,4.563696,1.901,2.662696,1,0.785188,3682863
pinch,pinch_sweep_size_rand-20260622-195014,TesolloCubePinch,TesolloCubePinch-20260622-202344-cubepinch_sb_baseline_s1,baseline,1,2,47,2.35,4.535643,4.566038,4.566038,1.901944,2.664094,1,0.785176,3682863
pinch,pinch_sweep_size_rand-20260622-195014,TesolloCubePinch,TesolloCubePinch-20260622-202344-cubepinch_sb_baseline_s1,baseline,1,2,48,2.4,4.535643,5.03529,5.03529,1.903667,3.131623,1,0.778305,3682863
pinch,pinch_sweep_size_rand-20260622-195014,TesolloCubePinch,TesolloCubePinch-20260622-202344-cubepinch_sb_baseline_s1,baseline,1,2,49,2.45,4.535643,4.572113,4.572113,1.905484,2.666628,1,0.785149,3682863
pinch,pinch_sweep_size_rand-20260622-195014,TesolloCubePinch,TesolloCubePinch-20260622-202344-cubepinch_sb_baseline_s1,baseline,1,2,50,2.5,4.535643,4.574856,4.574856,1.906995,2.667861,1,0.785135,3682863
pinch,pinch_sweep_size_rand-20260622-195014,TesolloCubePinch,TesolloCubePinch-20260622-202344-cubepinch_sb_baseline_s1,baseline,1,2,51,2.55,4.535643,4.082731,4.082731,1.908623,2.174108,1,0.779496,3682863
pinch,pinch_sweep_size_rand-20260622-195014,TesolloCubePinch,TesolloCubePinch-20260622-202344-cubepinch_sb_baseline_s1,baseline,1,2,52,2.6,4.535643,4.581397,4.581397,1.910747,2.67065,1,0.785104,3682863
pinch,pinch_sweep_size_rand-20260622-195014,TesolloCubePinch,TesolloCubePinch-20260622-202344-cubepinch_sb_baseline_s1,baseline,1,2,53,2.65,4.535643,5.050611,5.050611,2.378863,2.671749,1,0.777843,3682863
pinch,pinch_sweep_size_rand-20260622-195014,TesolloCubePinch,TesolloCubePinch-20260622-202344-cubepinch_sb_baseline_s1,baseline,1,2,54,2.7,4.535643,4.589465,4.589465,1.916035,2.67343,1,0.785066,3682863
pinch,pinch_sweep_size_rand-20260622-195014,TesolloCubePinch,TesolloCubePinch-20260622-202344-cubepinch_sb_baseline_s1,baseline,1,2,55,2.75,4.535643,4.868431,4.868431,2.193726,2.674706,1,0.782059,3682863
pinch,pinch_sweep_size_rand-20260622-195014,TesolloCubePinch,TesolloCubePinch-20260622-202344-cubepinch_sb_baseline_s1,baseline,1,2,56,2.8,4.535643,4.598993,4.598993,1.922697,2.676296,1,0.785019,3682863
pinch,pinch_sweep_size_rand-20260622-195014,TesolloCubePinch,TesolloCubePinch-20260622-202344-cubepinch_sb_baseline_s1,baseline,1,2,57,2.85,4.535643,4.603692,4.603692,1.926091,2.677601,1,0.784994,3682863
pinch,pinch_sweep_size_rand-20260622-195014,TesolloCubePinch,TesolloCubePinch-20260622-202344-cubepinch_sb_baseline_s1,baseline,1,2,58,2.9,4.535643,4.609832,4.609832,1.930786,2.679046,1,0.784961,3682863
pinch,pinch_sweep_size_rand-20260622-195014,TesolloCubePinch,TesolloCubePinch-20260622-202344-cubepinch_sb_baseline_s1,baseline,1,2,59,2.95,4.535643,4.615107,4.615107,1.935083,2.680024,1,0.784931,3682863
pinch,pinch_sweep_size_rand-20260622-195014,TesolloCubePinch,TesolloCubePinch-20260622-202344-cubepinch_sb_baseline_s1,baseline,1,2,60,3.0,4.535643,4.621754,4.621754,1.93992,2.681834,1,0.784891,3682863
pinch,pinch_sweep_size_rand-20260622-195014,TesolloCubePinch,TesolloCubePinch-20260622-202344-cubepinch_sb_baseline_s1,baseline,1,2,61,3.05,4.535643,4.627588,4.627588,1.94477,2.682819,1,0.784854,3682863
pinch,pinch_sweep_size_rand-20260622-195014,TesolloCubePinch,TesolloCubePinch-20260622-202344-cubepinch_sb_baseline_s1,baseline,1,2,62,3.1,4.535643,4.210928,4.210928,1.951733,2.259195,1,0.782149,3682863
pinch,pinch_sweep_size_rand-20260622-195014,TesolloCubePinch,TesolloCubePinch-20260622-202344-cubepinch_sb_baseline_s1,baseline,1,2,63,3.15,4.535643,5.27676,5.27676,2.591735,2.685025,1,0.770166,3682863
pinch,pinch_sweep_size_rand-20260622-195014,TesolloCubePinch,TesolloCubePinch-20260622-202344-cubepinch_sb_baseline_s1,baseline,1,2,64,3.2,4.535643,4.654094,4.654094,1.967827,2.686267,1,0.784671,3682863
pinch,pinch_sweep_size_rand-20260622-195014,TesolloCubePinch,TesolloCubePinch-20260622-202344-cubepinch_sb_baseline_s1,baseline,1,2,65,3.25,4.535643,4.663693,4.663693,1.97657,2.687123,1,0.784596,3682863
pinch,pinch_sweep_size_rand-20260622-195014,TesolloCubePinch,TesolloCubePinch-20260622-202344-cubepinch_sb_baseline_s1,baseline,1,2,66,3.3,4.535643,4.673663,4.673663,1.986014,2.687649,1,0.784513,3682863
pinch,pinch_sweep_size_rand-20260622-195014,TesolloCubePinch,TesolloCubePinch-20260622-202344-cubepinch_sb_baseline_s1,baseline,1,2,67,3.35,4.535643,4.98902,4.98902,1.996607,2.992413,1,0.779349,3682863
pinch,pinch_sweep_size_rand-20260622-195014,TesolloCubePinch,TesolloCubePinch-20260622-202344-cubepinch_sb_baseline_s1,baseline,1,2,68,3.4,4.535643,4.695989,4.695989,2.006697,2.689291,1,0.784307,3682863
pinch,pinch_sweep_size_rand-20260622-195014,TesolloCubePinch,TesolloCubePinch-20260622-202344-cubepinch_sb_baseline_s1,baseline,1,2,69,3.45,4.535643,4.716379,4.716379,2.017132,2.699246,1,0.784103,3682863
pinch,pinch_sweep_size_rand-20260622-195014,TesolloCubePinch,TesolloCubePinch-20260622-202344-cubepinch_sb_baseline_s1,baseline,1,2,70,3.5,4.535643,4.718625,4.718625,2.028142,2.690482,1,0.78407,3682863
pinch,pinch_sweep_size_rand-20260622-195014,TesolloCubePinch,TesolloCubePinch-20260622-202344-cubepinch_sb_baseline_s1,baseline,1,2,71,3.55,4.535643,4.730254,4.730254,2.039444,2.690809,1,0.783938,3682863
pinch,pinch_sweep_size_rand-20260622-195014,TesolloCubePinch,TesolloCubePinch-20260622-202344-cubepinch_sb_baseline_s1,baseline,1,2,72,3.6,4.535643,5.271775,5.271775,2.58045,2.691325,1,0.770272,3682863
pinch,pinch_sweep_size_rand-20260622-195014,TesolloCubePinch,TesolloCubePinch-20260622-202344-cubepinch_sb_baseline_s1,baseline,1,2,73,3.65,4.535643,5.01308,5.01308,2.065782,2.947298,1,0.778676,3682863
pinch,pinch_sweep_size_rand-20260622-195014,TesolloCubePinch,TesolloCubePinch-20260622-202344-cubepinch_sb_baseline_s1,baseline,1,2,74,3.7,4.535643,5.021697,5.021697,2.081981,2.939716,1,0.778439,3682863
pinch,pinch_sweep_size_rand-20260622-195014,TesolloCubePinch,TesolloCubePinch-20260622-202344-cubepinch_sb_baseline_s1,baseline,1,2,75,3.75,4.535643,4.790537,4.790537,2.099195,2.691342,1,0.78314,3682863
pinch,pinch_sweep_size_rand-20260622-195014,TesolloCubePinch,TesolloCubePinch-20260622-202344-cubepinch_sb_baseline_s1,baseline,1,2,76,3.8,4.535643,4.808975,4.808975,2.118068,2.690908,1,0.782858,3682863
pinch,pinch_sweep_size_rand-20260622-195014,TesolloCubePinch,TesolloCubePinch-20260622-202344-cubepinch_sb_baseline_s1,baseline,1,2,77,3.85,4.535643,4.828328,4.828328,2.137746,2.690582,1,0.782543,3682863
pinch,pinch_sweep_size_rand-20260622-195014,TesolloCubePinch,TesolloCubePinch-20260622-202344-cubepinch_sb_baseline_s1,baseline,1,2,78,3.9,4.535643,4.923973,4.923973,2.40377,2.520202,1,0.780733,3682863
pinch,pinch_sweep_size_rand-20260622-195014,TesolloCubePinch,TesolloCubePinch-20260622-202344-cubepinch_sb_baseline_s1,baseline,1,2,79,3.95,4.535643,5.45889,5.45889,2.769743,2.689147,0,0.262156,3682863
pinch,pinch_sweep_size_rand-20260622-195014,TesolloCubePinch,TesolloCubePinch-20260622-203506-cubepinch_sb_baseline_s2,baseline,2,0,0,0.0,3.602274,0.0,0.0,0.0,0.0,0,0.054425,3682863
pinch,pinch_sweep_size_rand-20260622-195014,TesolloCubePinch,TesolloCubePinch-20260622-203506-cubepinch_sb_baseline_s2,baseline,2,0,1,0.05,3.602274,0.0,0.0,0.0,0.0,0,0.057141,3682863
pinch,pinch_sweep_size_rand-20260622-195014,TesolloCubePinch,TesolloCubePinch-20260622-203506-cubepinch_sb_baseline_s2,baseline,2,0,2,0.1,3.602274,0.0,0.0,0.0,0.0,0,0.060584,3682863
pinch,pinch_sweep_size_rand-20260622-195014,TesolloCubePinch,TesolloCubePinch-20260622-203506-cubepinch_sb_baseline_s2,baseline,2,0,3,0.15,3.602274,4.577692,4.577692,2.884627,1.693064,0,0.247679,3682863
pinch,pinch_sweep_size_rand-20260622-195014,TesolloCubePinch,TesolloCubePinch-20260622-203506-cubepinch_sb_baseline_s2,baseline,2,0,4,0.2,3.602274,1.570369,0.0,0.0,1.570369,0,0.061206,3682863
pinch,pinch_sweep_size_rand-20260622-195014,TesolloCubePinch,TesolloCubePinch-20260622-203506-cubepinch_sb_baseline_s2,baseline,2,0,5,0.25,3.602274,4.329638,4.329638,2.704098,1.62554,0,0.264016,3682863
pinch,pinch_sweep_size_rand-20260622-195014,TesolloCubePinch,TesolloCubePinch-20260622-203506-cubepinch_sb_baseline_s2,baseline,2,0,6,0.3,3.602274,4.248811,4.248811,2.710624,1.538188,0,0.268384,3682863
pinch,pinch_sweep_size_rand-20260622-195014,TesolloCubePinch,TesolloCubePinch-20260622-203506-cubepinch_sb_baseline_s2,baseline,2,0,7,0.35,3.602274,3.606951,3.606951,2.448479,1.158471,0,0.286067,3682863
pinch,pinch_sweep_size_rand-20260622-195014,TesolloCubePinch,TesolloCubePinch-20260622-203506-cubepinch_sb_baseline_s2,baseline,2,0,8,0.4,3.602274,3.762545,3.762545,2.485919,1.276626,0,0.284688,3682863
pinch,pinch_sweep_size_rand-20260622-195014,TesolloCubePinch,TesolloCubePinch-20260622-203506-cubepinch_sb_baseline_s2,baseline,2,0,9,0.45,3.602274,4.26024,4.26024,2.58842,1.67182,0,0.267101,3682863
pinch,pinch_sweep_size_rand-20260622-195014,TesolloCubePinch,TesolloCubePinch-20260622-203506-cubepinch_sb_baseline_s2,baseline,2,0,10,0.5,3.602274,4.346435,4.346435,2.891162,1.455273,0,0.261993,3682863
pinch,pinch_sweep_size_rand-20260622-195014,TesolloCubePinch,TesolloCubePinch-20260622-203506-cubepinch_sb_baseline_s2,baseline,2,0,11,0.55,3.602274,4.342547,4.342547,2.659495,1.683053,0,0.2625,3682863
pinch,pinch_sweep_size_rand-20260622-195014,TesolloCubePinch,TesolloCubePinch-20260622-203506-cubepinch_sb_baseline_s2,baseline,2,0,12,0.6,3.602274,4.782357,4.782357,3.234776,1.547581,0,0.230664,3682863
pinch,pinch_sweep_size_rand-20260622-195014,TesolloCubePinch,TesolloCubePinch-20260622-203506-cubepinch_sb_baseline_s2,baseline,2,0,13,0.65,3.602274,4.469023,4.469023,2.933381,1.535642,0,0.254014,3682863
pinch,pinch_sweep_size_rand-20260622-195014,TesolloCubePinch,TesolloCubePinch-20260622-203506-cubepinch_sb_baseline_s2,baseline,2,0,14,0.7,3.602274,7.08214,7.08214,5.226351,1.85579,0,0.064225,3682863
pinch,pinch_sweep_size_rand-20260622-195014,TesolloCubePinch,TesolloCubePinch-20260622-203506-cubepinch_sb_baseline_s2,baseline,2,0,15,0.75,3.602274,5.784296,5.784296,4.168232,1.616064,0,0.142203,3682863
pinch,pinch_sweep_size_rand-20260622-195014,TesolloCubePinch,TesolloCubePinch-20260622-203506-cubepinch_sb_baseline_s2,baseline,2,0,16,0.8,3.602274,5.145666,5.145666,3.441221,1.704444,0,0.198685,3682863
pinch,pinch_sweep_size_rand-20260622-195014,TesolloCubePinch,TesolloCubePinch-20260622-203506-cubepinch_sb_baseline_s2,baseline,2,0,17,0.85,3.602274,4.34593,4.34593,2.610048,1.735883,0,0.261695,3682863
pinch,pinch_sweep_size_rand-20260622-195014,TesolloCubePinch,TesolloCubePinch-20260622-203506-cubepinch_sb_baseline_s2,baseline,2,0,18,0.9,3.602274,3.982586,3.982586,2.25042,1.732166,0,0.278626,3682863
pinch,pinch_sweep_size_rand-20260622-195014,TesolloCubePinch,TesolloCubePinch-20260622-203506-cubepinch_sb_baseline_s2,baseline,2,0,19,0.95,3.602274,3.933666,3.933666,2.110296,1.823369,0,0.280081,3682863
pinch,pinch_sweep_size_rand-20260622-195014,TesolloCubePinch,TesolloCubePinch-20260622-203506-cubepinch_sb_baseline_s2,baseline,2,0,20,1.0,3.602274,3.900399,3.900399,2.038947,1.861452,0,0.281235,3682863
pinch,pinch_sweep_size_rand-20260622-195014,TesolloCubePinch,TesolloCubePinch-20260622-203506-cubepinch_sb_baseline_s2,baseline,2,0,21,1.05,3.602274,4.705693,4.705693,2.814647,1.891046,0,0.236595,3682863
pinch,pinch_sweep_size_rand-20260622-195014,TesolloCubePinch,TesolloCubePinch-20260622-203506-cubepinch_sb_baseline_s2,baseline,2,0,22,1.1,3.602274,3.895352,3.895352,1.980793,1.914559,0,0.281398,3682863
pinch,pinch_sweep_size_rand-20260622-195014,TesolloCubePinch,TesolloCubePinch-20260622-203506-cubepinch_sb_baseline_s2,baseline,2,0,23,1.15,3.602274,4.79001,4.79001,1.971069,2.818942,0,0.229826,3682863
pinch,pinch_sweep_size_rand-20260622-195014,TesolloCubePinch,TesolloCubePinch-20260622-203506-cubepinch_sb_baseline_s2,baseline,2,0,24,1.2,3.602274,3.909101,3.909101,1.965058,1.944043,0,0.281056,3682863
pinch,pinch_sweep_size_rand-20260622-195014,TesolloCubePinch,TesolloCubePinch-20260622-203506-cubepinch_sb_baseline_s2,baseline,2,0,25,1.25,3.602274,3.918208,3.918208,1.960141,1.958067,0,0.280816,3682863
pinch,pinch_sweep_size_rand-20260622-195014,TesolloCubePinch,TesolloCubePinch-20260622-203506-cubepinch_sb_baseline_s2,baseline,2,0,26,1.3,3.602274,3.928352,3.928352,1.957756,1.970597,0,0.280538,3682863
pinch,pinch_sweep_size_rand-20260622-195014,TesolloCubePinch,TesolloCubePinch-20260622-203506-cubepinch_sb_baseline_s2,baseline,2,0,27,1.35,3.602274,3.936677,3.936677,1.955984,1.980693,0,0.280304,3682863
pinch,pinch_sweep_size_rand-20260622-195014,TesolloCubePinch,TesolloCubePinch-20260622-203506-cubepinch_sb_baseline_s2,baseline,2,0,28,1.4,3.602274,3.845711,3.845711,1.857045,1.988666,0,0.282606,3682863
pinch,pinch_sweep_size_rand-20260622-195014,TesolloCubePinch,TesolloCubePinch-20260622-203506-cubepinch_sb_baseline_s2,baseline,2,0,29,1.45,3.602274,4.048346,4.048346,2.045846,2.0025,0,0.276557,3682863
pinch,pinch_sweep_size_rand-20260622-195014,TesolloCubePinch,TesolloCubePinch-20260622-203506-cubepinch_sb_baseline_s2,baseline,2,0,30,1.5,3.602274,4.50712,4.50712,1.959905,2.547215,0,0.251434,3682863
pinch,pinch_sweep_size_rand-20260622-195014,TesolloCubePinch,TesolloCubePinch-20260622-203506-cubepinch_sb_baseline_s2,baseline,2,0,31,1.55,3.602274,3.967091,3.967091,1.959285,2.007806,0,0.279415,3682863
pinch,pinch_sweep_size_rand-20260622-195014,TesolloCubePinch,TesolloCubePinch-20260622-203506-cubepinch_sb_baseline_s2,baseline,2,0,32,1.6,3.602274,3.968063,3.968063,1.957222,2.010841,0,0.279394,3682863
pinch,pinch_sweep_size_rand-20260622-195014,TesolloCubePinch,TesolloCubePinch-20260622-203506-cubepinch_sb_baseline_s2,baseline,2,0,33,1.65,3.602274,3.968022,3.968022,1.954373,2.013649,0,0.279405,3682863
pinch,pinch_sweep_size_rand-20260622-195014,TesolloCubePinch,TesolloCubePinch-20260622-203506-cubepinch_sb_baseline_s2,baseline,2,0,34,1.7,3.602274,3.582262,3.582262,1.952053,1.630208,0,0.285262,3682863
pinch,pinch_sweep_size_rand-20260622-195014,TesolloCubePinch,TesolloCubePinch-20260622-203506-cubepinch_sb_baseline_s2,baseline,2,0,35,1.75,3.602274,3.963366,3.963366,1.945597,2.017769,0,0.279571,3682863
pinch,pinch_sweep_size_rand-20260622-195014,TesolloCubePinch,TesolloCubePinch-20260622-203506-cubepinch_sb_baseline_s2,baseline,2,0,36,1.8,3.602274,3.960229,3.960229,1.941277,2.018952,0,0.279678,3682863
pinch,pinch_sweep_size_rand-20260622-195014,TesolloCubePinch,TesolloCubePinch-20260622-203506-cubepinch_sb_baseline_s2,baseline,2,0,37,1.85,3.602274,3.956256,3.956256,1.93624,2.020016,0,0.279809,3682863
pinch,pinch_sweep_size_rand-20260622-195014,TesolloCubePinch,TesolloCubePinch-20260622-203506-cubepinch_sb_baseline_s2,baseline,2,0,38,1.9,3.602274,3.952626,3.952626,1.931914,2.020712,0,0.279928,3682863
pinch,pinch_sweep_size_rand-20260622-195014,TesolloCubePinch,TesolloCubePinch-20260622-203506-cubepinch_sb_baseline_s2,baseline,2,0,39,1.95,3.602274,3.948534,3.948534,1.927658,2.020876,0,0.28006,3682863
pinch,pinch_sweep_size_rand-20260622-195014,TesolloCubePinch,TesolloCubePinch-20260622-203506-cubepinch_sb_baseline_s2,baseline,2,0,40,2.0,3.602274,3.943755,3.943755,1.922627,2.021128,1,0.78021,3682863
pinch,pinch_sweep_size_rand-20260622-195014,TesolloCubePinch,TesolloCubePinch-20260622-203506-cubepinch_sb_baseline_s2,baseline,2,0,41,2.05,3.602274,3.948018,3.948018,1.919134,2.028884,1,0.78009,3682863
pinch,pinch_sweep_size_rand-20260622-195014,TesolloCubePinch,TesolloCubePinch-20260622-203506-cubepinch_sb_baseline_s2,baseline,2,0,42,2.1,3.602274,3.937307,3.937307,1.907043,2.030264,1,0.780414,3682863
pinch,pinch_sweep_size_rand-20260622-195014,TesolloCubePinch,TesolloCubePinch-20260622-203506-cubepinch_sb_baseline_s2,baseline,2,0,43,2.15,3.602274,3.928383,3.928383,1.898897,2.029486,1,0.780678,3682863
pinch,pinch_sweep_size_rand-20260622-195014,TesolloCubePinch,TesolloCubePinch-20260622-203506-cubepinch_sb_baseline_s2,baseline,2,0,44,2.2,3.602274,3.926061,3.926061,1.897131,2.02893,1,0.78075,3682863
pinch,pinch_sweep_size_rand-20260622-195014,TesolloCubePinch,TesolloCubePinch-20260622-203506-cubepinch_sb_baseline_s2,baseline,2,0,45,2.25,3.602274,5.026081,5.026081,3.089727,1.936354,0,0.209831,3682863
pinch,pinch_sweep_size_rand-20260622-195014,TesolloCubePinch,TesolloCubePinch-20260622-203506-cubepinch_sb_baseline_s2,baseline,2,0,46,2.3,3.602274,3.910856,3.910856,1.884767,2.026089,0,0.28118,3682863
pinch,pinch_sweep_size_rand-20260622-195014,TesolloCubePinch,TesolloCubePinch-20260622-203506-cubepinch_sb_baseline_s2,baseline,2,0,47,2.35,3.602274,4.942042,4.942042,1.534466,3.407576,0,0.217181,3682863
pinch,pinch_sweep_size_rand-20260622-195014,TesolloCubePinch,TesolloCubePinch-20260622-203506-cubepinch_sb_baseline_s2,baseline,2,0,48,2.4,3.602274,3.899248,3.899248,1.875412,2.023836,0,0.281496,3682863
pinch,pinch_sweep_size_rand-20260622-195014,TesolloCubePinch,TesolloCubePinch-20260622-203506-cubepinch_sb_baseline_s2,baseline,2,0,49,2.45,3.602274,3.893742,3.893742,1.870929,2.022813,0,0.281641,3682863
pinch,pinch_sweep_size_rand-20260622-195014,TesolloCubePinch,TesolloCubePinch-20260622-203506-cubepinch_sb_baseline_s2,baseline,2,0,50,2.5,3.602274,3.815042,3.815042,1.866126,1.948917,0,0.283385,3682863
pinch,pinch_sweep_size_rand-20260622-195014,TesolloCubePinch,TesolloCubePinch-20260622-203506-cubepinch_sb_baseline_s2,baseline,2,0,51,2.55,3.602274,3.886476,3.886476,1.864515,2.02196,0,0.281831,3682863
pinch,pinch_sweep_size_rand-20260622-195014,TesolloCubePinch,TesolloCubePinch-20260622-203506-cubepinch_sb_baseline_s2,baseline,2,0,52,2.6,3.602274,3.875716,3.875716,1.855718,2.019998,0,0.282096,3682863
pinch,pinch_sweep_size_rand-20260622-195014,TesolloCubePinch,TesolloCubePinch-20260622-203506-cubepinch_sb_baseline_s2,baseline,2,0,53,2.65,3.602274,3.869575,3.869575,1.850426,2.019149,0,0.282244,3682863
pinch,pinch_sweep_size_rand-20260622-195014,TesolloCubePinch,TesolloCubePinch-20260622-203506-cubepinch_sb_baseline_s2,baseline,2,0,54,2.7,3.602274,3.86575,3.86575,1.846614,2.019135,0,0.282335,3682863
pinch,pinch_sweep_size_rand-20260622-195014,TesolloCubePinch,TesolloCubePinch-20260622-203506-cubepinch_sb_baseline_s2,baseline,2,0,55,2.75,3.602274,4.130044,4.130044,1.840817,2.289227,0,0.273342,3682863
pinch,pinch_sweep_size_rand-20260622-195014,TesolloCubePinch,TesolloCubePinch-20260622-203506-cubepinch_sb_baseline_s2,baseline,2,0,56,2.8,3.602274,3.847937,3.847937,1.831714,2.016223,0,0.282736,3682863
pinch,pinch_sweep_size_rand-20260622-195014,TesolloCubePinch,TesolloCubePinch-20260622-203506-cubepinch_sb_baseline_s2,baseline,2,0,57,2.85,3.602274,4.759393,4.759393,2.740605,2.018788,0,0.232533,3682863
pinch,pinch_sweep_size_rand-20260622-195014,TesolloCubePinch,TesolloCubePinch-20260622-203506-cubepinch_sb_baseline_s2,baseline,2,0,58,2.9,3.602274,3.840286,3.840286,1.81967,2.020616,0,0.282901,3682863
pinch,pinch_sweep_size_rand-20260622-195014,TesolloCubePinch,TesolloCubePinch-20260622-203506-cubepinch_sb_baseline_s2,baseline,2,0,59,2.95,3.602274,3.837236,3.837236,1.813542,2.023694,0,0.282964,3682863
pinch,pinch_sweep_size_rand-20260622-195014,TesolloCubePinch,TesolloCubePinch-20260622-203506-cubepinch_sb_baseline_s2,baseline,2,0,60,3.0,3.602274,3.766996,3.766996,1.975785,1.791211,0,0.284201,3682863
pinch,pinch_sweep_size_rand-20260622-195014,TesolloCubePinch,TesolloCubePinch-20260622-203506-cubepinch_sb_baseline_s2,baseline,2,0,61,3.05,3.602274,3.8351,3.8351,1.803791,2.031309,0,0.283008,3682863
pinch,pinch_sweep_size_rand-20260622-195014,TesolloCubePinch,TesolloCubePinch-20260622-203506-cubepinch_sb_baseline_s2,baseline,2,0,62,3.1,3.602274,3.939997,3.939997,2.02853,1.911467,0,0.280392,3682863
pinch,pinch_sweep_size_rand-20260622-195014,TesolloCubePinch,TesolloCubePinch-20260622-203506-cubepinch_sb_baseline_s2,baseline,2,0,63,3.15,3.602274,3.820715,3.820715,1.785808,2.034907,0,0.283292,3682863
pinch,pinch_sweep_size_rand-20260622-195014,TesolloCubePinch,TesolloCubePinch-20260622-203506-cubepinch_sb_baseline_s2,baseline,2,0,64,3.2,3.602274,3.819896,3.819896,1.781214,2.038681,0,0.283307,3682863
pinch,pinch_sweep_size_rand-20260622-195014,TesolloCubePinch,TesolloCubePinch-20260622-203506-cubepinch_sb_baseline_s2,baseline,2,0,65,3.25,3.602274,3.664542,3.664542,1.772225,1.892317,0,0.285226,3682863
pinch,pinch_sweep_size_rand-20260622-195014,TesolloCubePinch,TesolloCubePinch-20260622-203506-cubepinch_sb_baseline_s2,baseline,2,0,66,3.3,3.602274,3.809005,3.809005,1.765443,2.043562,0,0.283508,3682863
pinch,pinch_sweep_size_rand-20260622-195014,TesolloCubePinch,TesolloCubePinch-20260622-203506-cubepinch_sb_baseline_s2,baseline,2,0,67,3.35,3.602274,3.805209,3.805209,1.758065,2.047144,1,0.783574,3682863
pinch,pinch_sweep_size_rand-20260622-195014,TesolloCubePinch,TesolloCubePinch-20260622-203506-cubepinch_sb_baseline_s2,baseline,2,0,68,3.4,3.602274,3.804155,3.804155,1.753319,2.050836,1,0.783591,3682863
pinch,pinch_sweep_size_rand-20260622-195014,TesolloCubePinch,TesolloCubePinch-20260622-203506-cubepinch_sb_baseline_s2,baseline,2,0,69,3.45,3.602274,3.797467,3.797467,1.743445,2.054022,1,0.783706,3682863
pinch,pinch_sweep_size_rand-20260622-195014,TesolloCubePinch,TesolloCubePinch-20260622-203506-cubepinch_sb_baseline_s2,baseline,2,0,70,3.5,3.602274,3.79226,3.79226,1.735833,2.056427,1,0.783792,3682863
pinch,pinch_sweep_size_rand-20260622-195014,TesolloCubePinch,TesolloCubePinch-20260622-203506-cubepinch_sb_baseline_s2,baseline,2,0,71,3.55,3.602274,3.791822,3.791822,1.730751,2.06107,1,0.783796,3682863
pinch,pinch_sweep_size_rand-20260622-195014,TesolloCubePinch,TesolloCubePinch-20260622-203506-cubepinch_sb_baseline_s2,baseline,2,0,72,3.6,3.602274,3.533612,3.533612,1.720432,1.81318,1,0.785173,3682863
pinch,pinch_sweep_size_rand-20260622-195014,TesolloCubePinch,TesolloCubePinch-20260622-203506-cubepinch_sb_baseline_s2,baseline,2,0,73,3.65,3.602274,3.551052,3.551052,1.485932,2.06512,1,0.785263,3682863
pinch,pinch_sweep_size_rand-20260622-195014,TesolloCubePinch,TesolloCubePinch-20260622-203506-cubepinch_sb_baseline_s2,baseline,2,0,74,3.7,3.602274,3.773055,3.773055,1.705074,2.067981,1,0.784085,3682863
pinch,pinch_sweep_size_rand-20260622-195014,TesolloCubePinch,TesolloCubePinch-20260622-203506-cubepinch_sb_baseline_s2,baseline,2,0,75,3.75,3.602274,3.594378,3.594378,1.697601,1.896776,1,0.78537,3682863
pinch,pinch_sweep_size_rand-20260622-195014,TesolloCubePinch,TesolloCubePinch-20260622-203506-cubepinch_sb_baseline_s2,baseline,2,0,76,3.8,3.602274,3.765654,3.765654,1.689898,2.075755,1,0.784187,3682863
pinch,pinch_sweep_size_rand-20260622-195014,TesolloCubePinch,TesolloCubePinch-20260622-203506-cubepinch_sb_baseline_s2,baseline,2,0,77,3.85,3.602274,3.760996,3.760996,1.682086,2.07891,1,0.784249,3682863
pinch,pinch_sweep_size_rand-20260622-195014,TesolloCubePinch,TesolloCubePinch-20260622-203506-cubepinch_sb_baseline_s2,baseline,2,0,78,3.9,3.602274,3.756181,3.756181,1.674602,2.081579,1,0.784312,3682863
pinch,pinch_sweep_size_rand-20260622-195014,TesolloCubePinch,TesolloCubePinch-20260622-203506-cubepinch_sb_baseline_s2,baseline,2,0,79,3.95,3.602274,3.755296,3.755296,1.668927,2.086369,1,0.784319,3682863
pinch,pinch_sweep_size_rand-20260622-195014,TesolloCubePinch,TesolloCubePinch-20260622-203506-cubepinch_sb_baseline_s2,baseline,2,1,0,0.0,4.276002,0.0,0.0,0.0,0.0,0,0.054405,3682863
pinch,pinch_sweep_size_rand-20260622-195014,TesolloCubePinch,TesolloCubePinch-20260622-203506-cubepinch_sb_baseline_s2,baseline,2,1,1,0.05,4.276002,0.0,0.0,0.0,0.0,0,0.057127,3682863
pinch,pinch_sweep_size_rand-20260622-195014,TesolloCubePinch,TesolloCubePinch-20260622-203506-cubepinch_sb_baseline_s2,baseline,2,1,2,0.1,4.276002,0.0,0.0,0.0,0.0,0,0.060459,3682863
pinch,pinch_sweep_size_rand-20260622-195014,TesolloCubePinch,TesolloCubePinch-20260622-203506-cubepinch_sb_baseline_s2,baseline,2,1,3,0.15,4.276002,4.449373,4.449373,2.784117,1.665256,0,0.285612,3682863
pinch,pinch_sweep_size_rand-20260622-195014,TesolloCubePinch,TesolloCubePinch-20260622-203506-cubepinch_sb_baseline_s2,baseline,2,1,4,0.2,4.276002,4.08801,4.08801,2.394959,1.693051,0,0.285333,3682863
pinch,pinch_sweep_size_rand-20260622-195014,TesolloCubePinch,TesolloCubePinch-20260622-203506-cubepinch_sb_baseline_s2,baseline,2,1,5,0.25,4.276002,4.15753,4.15753,2.445312,1.712217,0,0.286031,3682863
pinch,pinch_sweep_size_rand-20260622-195014,TesolloCubePinch,TesolloCubePinch-20260622-203506-cubepinch_sb_baseline_s2,baseline,2,1,6,0.3,4.276002,4.054976,4.054976,2.70353,1.351446,0,0.284392,3682863
pinch,pinch_sweep_size_rand-20260622-195014,TesolloCubePinch,TesolloCubePinch-20260622-203506-cubepinch_sb_baseline_s2,baseline,2,1,7,0.35,4.276002,3.816276,3.816276,2.508968,1.307307,0,0.278908,3682863
pinch,pinch_sweep_size_rand-20260622-195014,TesolloCubePinch,TesolloCubePinch-20260622-203506-cubepinch_sb_baseline_s2,baseline,2,1,8,0.4,4.276002,3.977146,3.977146,2.543516,1.43363,0,0.282678,3682863
pinch,pinch_sweep_size_rand-20260622-195014,TesolloCubePinch,TesolloCubePinch-20260622-203506-cubepinch_sb_baseline_s2,baseline,2,1,9,0.45,4.276002,4.055059,4.055059,2.575215,1.479844,0,0.283671,3682863
pinch,pinch_sweep_size_rand-20260622-195014,TesolloCubePinch,TesolloCubePinch-20260622-203506-cubepinch_sb_baseline_s2,baseline,2,1,10,0.5,4.276002,4.408061,4.408061,2.866463,1.541598,0,0.284432,3682863
pinch,pinch_sweep_size_rand-20260622-195014,TesolloCubePinch,TesolloCubePinch-20260622-203506-cubepinch_sb_baseline_s2,baseline,2,1,11,0.55,4.276002,4.768807,4.768807,3.21218,1.556627,0,0.277392,3682863
pinch,pinch_sweep_size_rand-20260622-195014,TesolloCubePinch,TesolloCubePinch-20260622-203506-cubepinch_sb_baseline_s2,baseline,2,1,12,0.6,4.276002,14.523037,14.523037,12.935307,1.58773,0,0.034987,3682863
pinch,pinch_sweep_size_rand-20260622-195014,TesolloCubePinch,TesolloCubePinch-20260622-203506-cubepinch_sb_baseline_s2,baseline,2,1,13,0.65,4.276002,11.695997,11.695997,10.001368,1.69463,0,0.0349,3682863
pinch,pinch_sweep_size_rand-20260622-195014,TesolloCubePinch,TesolloCubePinch-20260622-203506-cubepinch_sb_baseline_s2,baseline,2,1,14,0.7,4.276002,6.686962,6.686962,5.029027,1.657936,0,0.154938,3682863
pinch,pinch_sweep_size_rand-20260622-195014,TesolloCubePinch,TesolloCubePinch-20260622-203506-cubepinch_sb_baseline_s2,baseline,2,1,15,0.75,4.276002,4.915897,4.915897,3.255755,1.660142,0,0.272334,3682863
pinch,pinch_sweep_size_rand-20260622-195014,TesolloCubePinch,TesolloCubePinch-20260622-203506-cubepinch_sb_baseline_s2,baseline,2,1,16,0.8,4.276002,4.693692,4.693692,3.06656,1.627133,0,0.279361,3682863
pinch,pinch_sweep_size_rand-20260622-195014,TesolloCubePinch,TesolloCubePinch-20260622-203506-cubepinch_sb_baseline_s2,baseline,2,1,17,0.85,4.276002,4.204424,4.204424,2.429594,1.77483,0,0.28489,3682863
pinch,pinch_sweep_size_rand-20260622-195014,TesolloCubePinch,TesolloCubePinch-20260622-203506-cubepinch_sb_baseline_s2,baseline,2,1,18,0.9,4.276002,4.156013,4.156013,2.343048,1.812964,0,0.284627,3682863
pinch,pinch_sweep_size_rand-20260622-195014,TesolloCubePinch,TesolloCubePinch-20260622-203506-cubepinch_sb_baseline_s2,baseline,2,1,19,0.95,4.276002,4.147053,4.147053,2.301685,1.845368,0,0.284577,3682863
pinch,pinch_sweep_size_rand-20260622-195014,TesolloCubePinch,TesolloCubePinch-20260622-203506-cubepinch_sb_baseline_s2,baseline,2,1,20,1.0,4.276002,4.154148,4.154148,2.281296,1.872852,0,0.284648,3682863
pinch,pinch_sweep_size_rand-20260622-195014,TesolloCubePinch,TesolloCubePinch-20260622-203506-cubepinch_sb_baseline_s2,baseline,2,1,21,1.05,4.276002,4.167441,4.167441,2.270614,1.896827,0,0.284759,3682863
pinch,pinch_sweep_size_rand-20260622-195014,TesolloCubePinch,TesolloCubePinch-20260622-203506-cubepinch_sb_baseline_s2,baseline,2,1,22,1.1,4.276002,4.175807,4.175807,2.264613,1.911194,0,0.284826,3682863
pinch,pinch_sweep_size_rand-20260622-195014,TesolloCubePinch,TesolloCubePinch-20260622-203506-cubepinch_sb_baseline_s2,baseline,2,1,23,1.15,4.276002,4.183206,4.183206,2.260758,1.922448,0,0.284883,3682863
pinch,pinch_sweep_size_rand-20260622-195014,TesolloCubePinch,TesolloCubePinch-20260622-203506-cubepinch_sb_baseline_s2,baseline,2,1,24,1.2,4.276002,4.19207,4.19207,2.257772,1.934298,1,0.784941,3682863
pinch,pinch_sweep_size_rand-20260622-195014,TesolloCubePinch,TesolloCubePinch-20260622-203506-cubepinch_sb_baseline_s2,baseline,2,1,25,1.25,4.276002,4.200643,4.200643,2.25522,1.945423,1,0.784992,3682863
pinch,pinch_sweep_size_rand-20260622-195014,TesolloCubePinch,TesolloCubePinch-20260622-203506-cubepinch_sb_baseline_s2,baseline,2,1,26,1.3,4.276002,4.207903,4.207903,2.252649,1.955254,1,0.785031,3682863
pinch,pinch_sweep_size_rand-20260622-195014,TesolloCubePinch,TesolloCubePinch-20260622-203506-cubepinch_sb_baseline_s2,baseline,2,1,27,1.35,4.276002,4.214079,4.214079,2.250084,1.963995,1,0.785062,3682863
pinch,pinch_sweep_size_rand-20260622-195014,TesolloCubePinch,TesolloCubePinch-20260622-203506-cubepinch_sb_baseline_s2,baseline,2,1,28,1.4,4.276002,4.198519,4.198519,2.121197,2.077322,1,0.785001,3682863
pinch,pinch_sweep_size_rand-20260622-195014,TesolloCubePinch,TesolloCubePinch-20260622-203506-cubepinch_sb_baseline_s2,baseline,2,1,29,1.45,4.276002,4.229702,4.229702,2.24513,1.984572,1,0.785131,3682863
pinch,pinch_sweep_size_rand-20260622-195014,TesolloCubePinch,TesolloCubePinch-20260622-203506-cubepinch_sb_baseline_s2,baseline,2,1,30,1.5,4.276002,4.099097,4.099097,2.242945,1.856152,1,0.784224,3682863
pinch,pinch_sweep_size_rand-20260622-195014,TesolloCubePinch,TesolloCubePinch-20260622-203506-cubepinch_sb_baseline_s2,baseline,2,1,31,1.55,4.276002,4.23417,4.23417,2.240952,1.993218,1,0.785161,3682863
pinch,pinch_sweep_size_rand-20260622-195014,TesolloCubePinch,TesolloCubePinch-20260622-203506-cubepinch_sb_baseline_s2,baseline,2,1,32,1.6,4.276002,4.236027,4.236027,2.239085,1.996942,1,0.785175,3682863
pinch,pinch_sweep_size_rand-20260622-195014,TesolloCubePinch,TesolloCubePinch-20260622-203506-cubepinch_sb_baseline_s2,baseline,2,1,33,1.65,4.276002,4.691087,4.691087,2.690046,2.00104,1,0.779868,3682863
pinch,pinch_sweep_size_rand-20260622-195014,TesolloCubePinch,TesolloCubePinch-20260622-203506-cubepinch_sb_baseline_s2,baseline,2,1,34,1.7,4.276002,4.238544,4.238544,2.235822,2.002723,1,0.785198,3682863
pinch,pinch_sweep_size_rand-20260622-195014,TesolloCubePinch,TesolloCubePinch-20260622-203506-cubepinch_sb_baseline_s2,baseline,2,1,35,1.75,4.276002,4.646451,4.646451,2.11279,2.53366,1,0.780968,3682863
pinch,pinch_sweep_size_rand-20260622-195014,TesolloCubePinch,TesolloCubePinch-20260622-203506-cubepinch_sb_baseline_s2,baseline,2,1,36,1.8,4.276002,4.239215,4.239215,2.233294,2.00592,1,0.785217,3682863
pinch,pinch_sweep_size_rand-20260622-195014,TesolloCubePinch,TesolloCubePinch-20260622-203506-cubepinch_sb_baseline_s2,baseline,2,1,37,1.85,4.276002,4.239114,4.239114,2.232193,2.006921,1,0.785226,3682863
pinch,pinch_sweep_size_rand-20260622-195014,TesolloCubePinch,TesolloCubePinch-20260622-203506-cubepinch_sb_baseline_s2,baseline,2,1,38,1.9,4.276002,4.238729,4.238729,2.231316,2.007413,1,0.785233,3682863
pinch,pinch_sweep_size_rand-20260622-195014,TesolloCubePinch,TesolloCubePinch-20260622-203506-cubepinch_sb_baseline_s2,baseline,2,1,39,1.95,4.276002,4.238482,4.238482,2.230455,2.008027,1,0.785241,3682863
pinch,pinch_sweep_size_rand-20260622-195014,TesolloCubePinch,TesolloCubePinch-20260622-203506-cubepinch_sb_baseline_s2,baseline,2,1,40,2.0,4.276002,4.238504,4.238504,2.229787,2.008718,1,0.78525,3682863
pinch,pinch_sweep_size_rand-20260622-195014,TesolloCubePinch,TesolloCubePinch-20260622-203506-cubepinch_sb_baseline_s2,baseline,2,1,41,2.05,4.276002,4.235807,4.235807,2.228055,2.007752,1,0.785253,3682863
pinch,pinch_sweep_size_rand-20260622-195014,TesolloCubePinch,TesolloCubePinch-20260622-203506-cubepinch_sb_baseline_s2,baseline,2,1,42,2.1,4.276002,4.23404,4.23404,2.227368,2.006672,1,0.785258,3682863
pinch,pinch_sweep_size_rand-20260622-195014,TesolloCubePinch,TesolloCubePinch-20260622-203506-cubepinch_sb_baseline_s2,baseline,2,1,43,2.15,4.276002,4.232547,4.232547,2.2269,2.005647,1,0.785263,3682863
pinch,pinch_sweep_size_rand-20260622-195014,TesolloCubePinch,TesolloCubePinch-20260622-203506-cubepinch_sb_baseline_s2,baseline,2,1,44,2.2,4.276002,4.23158,4.23158,2.226901,2.004678,1,0.78527,3682863
pinch,pinch_sweep_size_rand-20260622-195014,TesolloCubePinch,TesolloCubePinch-20260622-203506-cubepinch_sb_baseline_s2,baseline,2,1,45,2.25,4.276002,4.070185,4.070185,2.06642,2.003765,1,0.784011,3682863
pinch,pinch_sweep_size_rand-20260622-195014,TesolloCubePinch,TesolloCubePinch-20260622-203506-cubepinch_sb_baseline_s2,baseline,2,1,46,2.3,4.276002,3.737952,3.737952,1.735177,2.002775,1,0.776401,3682863
pinch,pinch_sweep_size_rand-20260622-195014,TesolloCubePinch,TesolloCubePinch-20260622-203506-cubepinch_sb_baseline_s2,baseline,2,1,47,2.35,4.276002,4.027748,4.027748,2.025807,2.00194,1,0.783428,3682863
pinch,pinch_sweep_size_rand-20260622-195014,TesolloCubePinch,TesolloCubePinch-20260622-203506-cubepinch_sb_baseline_s2,baseline,2,1,48,2.4,4.276002,4.228154,4.228154,2.227408,2.000746,1,0.785299,3682863
pinch,pinch_sweep_size_rand-20260622-195014,TesolloCubePinch,TesolloCubePinch-20260622-203506-cubepinch_sb_baseline_s2,baseline,2,1,49,2.45,4.276002,4.22752,4.22752,2.227752,1.999767,1,0.785307,3682863
pinch,pinch_sweep_size_rand-20260622-195014,TesolloCubePinch,TesolloCubePinch-20260622-203506-cubepinch_sb_baseline_s2,baseline,2,1,50,2.5,4.276002,3.962431,3.962431,1.862729,2.099702,1,0.782315,3682863
pinch,pinch_sweep_size_rand-20260622-195014,TesolloCubePinch,TesolloCubePinch-20260622-203506-cubepinch_sb_baseline_s2,baseline,2,1,51,2.55,4.276002,4.226454,4.226454,2.228962,1.997492,1,0.785324,3682863
pinch,pinch_sweep_size_rand-20260622-195014,TesolloCubePinch,TesolloCubePinch-20260622-203506-cubepinch_sb_baseline_s2,baseline,2,1,52,2.6,4.276002,4.225774,4.225774,2.229504,1.99627,1,0.785333,3682863
pinch,pinch_sweep_size_rand-20260622-195014,TesolloCubePinch,TesolloCubePinch-20260622-203506-cubepinch_sb_baseline_s2,baseline,2,1,53,2.65,4.276002,4.225453,4.225453,2.23056,1.994893,1,0.785343,3682863
pinch,pinch_sweep_size_rand-20260622-195014,TesolloCubePinch,TesolloCubePinch-20260622-203506-cubepinch_sb_baseline_s2,baseline,2,1,54,2.7,4.276002,4.225,4.225,2.231359,1.993641,1,0.785352,3682863
pinch,pinch_sweep_size_rand-20260622-195014,TesolloCubePinch,TesolloCubePinch-20260622-203506-cubepinch_sb_baseline_s2,baseline,2,1,55,2.75,4.276002,4.224922,4.224922,2.232726,1.992196,1,0.785363,3682863
pinch,pinch_sweep_size_rand-20260622-195014,TesolloCubePinch,TesolloCubePinch-20260622-203506-cubepinch_sb_baseline_s2,baseline,2,1,56,2.8,4.276002,4.224795,4.224795,2.233954,1.99084,1,0.785374,3682863
pinch,pinch_sweep_size_rand-20260622-195014,TesolloCubePinch,TesolloCubePinch-20260622-203506-cubepinch_sb_baseline_s2,baseline,2,1,57,2.85,4.276002,4.224733,4.224733,2.235372,1.989361,1,0.785385,3682863
pinch,pinch_sweep_size_rand-20260622-195014,TesolloCubePinch,TesolloCubePinch-20260622-203506-cubepinch_sb_baseline_s2,baseline,2,1,58,2.9,4.276002,4.736736,4.736736,2.237025,2.499712,1,0.778885,3682863
pinch,pinch_sweep_size_rand-20260622-195014,TesolloCubePinch,TesolloCubePinch-20260622-203506-cubepinch_sb_baseline_s2,baseline,2,1,59,2.95,4.276002,4.110757,4.110757,2.238619,1.872138,1,0.784633,3682863
pinch,pinch_sweep_size_rand-20260622-195014,TesolloCubePinch,TesolloCubePinch-20260622-203506-cubepinch_sb_baseline_s2,baseline,2,1,60,3.0,4.276002,4.22507,4.22507,2.240563,1.984506,1,0.785421,3682863
pinch,pinch_sweep_size_rand-20260622-195014,TesolloCubePinch,TesolloCubePinch-20260622-203506-cubepinch_sb_baseline_s2,baseline,2,1,61,3.05,4.276002,4.225121,4.225121,2.242439,1.982682,1,0.785433,3682863
pinch,pinch_sweep_size_rand-20260622-195014,TesolloCubePinch,TesolloCubePinch-20260622-203506-cubepinch_sb_baseline_s2,baseline,2,1,62,3.1,4.276002,4.225508,4.225508,2.244511,1.980997,1,0.785446,3682863
pinch,pinch_sweep_size_rand-20260622-195014,TesolloCubePinch,TesolloCubePinch-20260622-203506-cubepinch_sb_baseline_s2,baseline,2,1,63,3.15,4.276002,4.038857,4.038857,2.059791,1.979066,1,0.783774,3682863
pinch,pinch_sweep_size_rand-20260622-195014,TesolloCubePinch,TesolloCubePinch-20260622-203506-cubepinch_sb_baseline_s2,baseline,2,1,64,3.2,4.276002,3.545435,3.545435,1.568245,1.97719,1,0.7693,3682863
pinch,pinch_sweep_size_rand-20260622-195014,TesolloCubePinch,TesolloCubePinch-20260622-203506-cubepinch_sb_baseline_s2,baseline,2,1,65,3.25,4.276002,4.227219,4.227219,2.251892,1.975326,1,0.785488,3682863
pinch,pinch_sweep_size_rand-20260622-195014,TesolloCubePinch,TesolloCubePinch-20260622-203506-cubepinch_sb_baseline_s2,baseline,2,1,66,3.3,4.276002,4.034364,4.034364,2.254596,1.779768,1,0.783744,3682863
pinch,pinch_sweep_size_rand-20260622-195014,TesolloCubePinch,TesolloCubePinch-20260622-203506-cubepinch_sb_baseline_s2,baseline,2,1,67,3.35,4.276002,4.691408,4.691408,2.257546,2.433862,1,0.780213,3682863
pinch,pinch_sweep_size_rand-20260622-195014,TesolloCubePinch,TesolloCubePinch-20260622-203506-cubepinch_sb_baseline_s2,baseline,2,1,68,3.4,4.276002,4.230107,4.230107,2.260869,1.969238,1,0.785533,3682863
pinch,pinch_sweep_size_rand-20260622-195014,TesolloCubePinch,TesolloCubePinch-20260622-203506-cubepinch_sb_baseline_s2,baseline,2,1,69,3.45,4.276002,4.231409,4.231409,2.264294,1.967114,1,0.785549,3682863
pinch,pinch_sweep_size_rand-20260622-195014,TesolloCubePinch,TesolloCubePinch-20260622-203506-cubepinch_sb_baseline_s2,baseline,2,1,70,3.5,4.276002,4.23274,4.23274,2.267795,1.964945,1,0.785564,3682863
pinch,pinch_sweep_size_rand-20260622-195014,TesolloCubePinch,TesolloCubePinch-20260622-203506-cubepinch_sb_baseline_s2,baseline,2,1,71,3.55,4.276002,4.234386,4.234386,2.27156,1.962826,1,0.785581,3682863
pinch,pinch_sweep_size_rand-20260622-195014,TesolloCubePinch,TesolloCubePinch-20260622-203506-cubepinch_sb_baseline_s2,baseline,2,1,72,3.6,4.276002,4.043013,4.043013,2.08238,1.960633,1,0.783943,3682863
pinch,pinch_sweep_size_rand-20260622-195014,TesolloCubePinch,TesolloCubePinch-20260622-203506-cubepinch_sb_baseline_s2,baseline,2,1,73,3.65,4.276002,4.237442,4.237442,2.279028,1.958414,1,0.785611,3682863
pinch,pinch_sweep_size_rand-20260622-195014,TesolloCubePinch,TesolloCubePinch-20260622-203506-cubepinch_sb_baseline_s2,baseline,2,1,74,3.7,4.276002,4.238729,4.238729,2.282493,1.956236,1,0.785626,3682863
pinch,pinch_sweep_size_rand-20260622-195014,TesolloCubePinch,TesolloCubePinch-20260622-203506-cubepinch_sb_baseline_s2,baseline,2,1,75,3.75,4.276002,4.239824,4.239824,2.285804,1.95402,1,0.785639,3682863
pinch,pinch_sweep_size_rand-20260622-195014,TesolloCubePinch,TesolloCubePinch-20260622-203506-cubepinch_sb_baseline_s2,baseline,2,1,76,3.8,4.276002,4.193681,4.193681,2.208414,1.985267,1,0.785478,3682863
pinch,pinch_sweep_size_rand-20260622-195014,TesolloCubePinch,TesolloCubePinch-20260622-203506-cubepinch_sb_baseline_s2,baseline,2,1,77,3.85,4.276002,4.24196,4.24196,2.292357,1.949602,1,0.785665,3682863
pinch,pinch_sweep_size_rand-20260622-195014,TesolloCubePinch,TesolloCubePinch-20260622-203506-cubepinch_sb_baseline_s2,baseline,2,1,78,3.9,4.276002,4.242819,4.242819,2.295507,1.947312,1,0.785677,3682863
pinch,pinch_sweep_size_rand-20260622-195014,TesolloCubePinch,TesolloCubePinch-20260622-203506-cubepinch_sb_baseline_s2,baseline,2,1,79,3.95,4.276002,4.418547,4.418547,2.29868,2.119866,1,0.785082,3682863
pinch,pinch_sweep_size_rand-20260622-195014,TesolloCubePinch,TesolloCubePinch-20260622-203506-cubepinch_sb_baseline_s2,baseline,2,2,0,0.0,4.535643,0.0,0.0,0.0,0.0,0,0.054409,3682863
pinch,pinch_sweep_size_rand-20260622-195014,TesolloCubePinch,TesolloCubePinch-20260622-203506-cubepinch_sb_baseline_s2,baseline,2,2,1,0.05,4.535643,0.0,0.0,0.0,0.0,0,0.057132,3682863
pinch,pinch_sweep_size_rand-20260622-195014,TesolloCubePinch,TesolloCubePinch-20260622-203506-cubepinch_sb_baseline_s2,baseline,2,2,2,0.1,4.535643,0.0,0.0,0.0,0.0,0,0.060402,3682863
pinch,pinch_sweep_size_rand-20260622-195014,TesolloCubePinch,TesolloCubePinch-20260622-203506-cubepinch_sb_baseline_s2,baseline,2,2,3,0.15,4.535643,4.48801,4.48801,2.802448,1.685562,0,0.286373,3682863
pinch,pinch_sweep_size_rand-20260622-195014,TesolloCubePinch,TesolloCubePinch-20260622-203506-cubepinch_sb_baseline_s2,baseline,2,2,4,0.2,4.535643,1.496979,0.0,0.0,1.496979,0,0.061121,3682863
pinch,pinch_sweep_size_rand-20260622-195014,TesolloCubePinch,TesolloCubePinch-20260622-203506-cubepinch_sb_baseline_s2,baseline,2,2,5,0.25,4.535643,1.623111,0.0,0.0,1.623111,0,0.06088,3682863
pinch,pinch_sweep_size_rand-20260622-195014,TesolloCubePinch,TesolloCubePinch-20260622-203506-cubepinch_sb_baseline_s2,baseline,2,2,6,0.3,4.535643,3.382376,0.0,3.382376,0.0,0,0.060486,3682863
pinch,pinch_sweep_size_rand-20260622-195014,TesolloCubePinch,TesolloCubePinch-20260622-203506-cubepinch_sb_baseline_s2,baseline,2,2,7,0.35,4.535643,8.612464,8.612464,7.096672,1.515792,0,0.073933,3682863
pinch,pinch_sweep_size_rand-20260622-195014,TesolloCubePinch,TesolloCubePinch-20260622-203506-cubepinch_sb_baseline_s2,baseline,2,2,8,0.4,4.535643,5.095852,5.095852,3.644625,1.451227,0,0.275982,3682863
pinch,pinch_sweep_size_rand-20260622-195014,TesolloCubePinch,TesolloCubePinch-20260622-203506-cubepinch_sb_baseline_s2,baseline,2,2,9,0.45,4.535643,2.76539,0.0,2.76539,0.0,0,0.059973,3682863
pinch,pinch_sweep_size_rand-20260622-195014,TesolloCubePinch,TesolloCubePinch-20260622-203506-cubepinch_sb_baseline_s2,baseline,2,2,10,0.5,4.535643,4.420362,4.420362,2.837857,1.582505,0,0.284922,3682863
pinch,pinch_sweep_size_rand-20260622-195014,TesolloCubePinch,TesolloCubePinch-20260622-203506-cubepinch_sb_baseline_s2,baseline,2,2,11,0.55,4.535643,3.946798,3.946798,2.481576,1.465222,0,0.275664,3682863
pinch,pinch_sweep_size_rand-20260622-195014,TesolloCubePinch,TesolloCubePinch-20260622-203506-cubepinch_sb_baseline_s2,baseline,2,2,12,0.6,4.535643,4.029038,4.029038,2.531717,1.497321,0,0.278208,3682863
pinch,pinch_sweep_size_rand-20260622-195014,TesolloCubePinch,TesolloCubePinch-20260622-203506-cubepinch_sb_baseline_s2,baseline,2,2,13,0.65,4.535643,4.018995,4.018995,2.474863,1.544132,0,0.278009,3682863
pinch,pinch_sweep_size_rand-20260622-195014,TesolloCubePinch,TesolloCubePinch-20260622-203506-cubepinch_sb_baseline_s2,baseline,2,2,14,0.7,4.535643,4.039899,4.039899,2.443109,1.596791,0,0.278619,3682863
pinch,pinch_sweep_size_rand-20260622-195014,TesolloCubePinch,TesolloCubePinch-20260622-203506-cubepinch_sb_baseline_s2,baseline,2,2,15,0.75,4.535643,4.069546,4.069546,2.422624,1.646922,0,0.279431,3682863
pinch,pinch_sweep_size_rand-20260622-195014,TesolloCubePinch,TesolloCubePinch-20260622-203506-cubepinch_sb_baseline_s2,baseline,2,2,16,0.8,4.535643,4.102482,4.102482,2.41073,1.691752,0,0.280274,3682863
pinch,pinch_sweep_size_rand-20260622-195014,TesolloCubePinch,TesolloCubePinch-20260622-203506-cubepinch_sb_baseline_s2,baseline,2,2,17,0.85,4.535643,2.728558,2.728558,0.959078,1.76948,0,0.208961,3682863
pinch,pinch_sweep_size_rand-20260622-195014,TesolloCubePinch,TesolloCubePinch-20260622-203506-cubepinch_sb_baseline_s2,baseline,2,2,18,0.9,4.535643,3.850135,3.850135,2.395274,1.454861,0,0.27272,3682863
pinch,pinch_sweep_size_rand-20260622-195014,TesolloCubePinch,TesolloCubePinch-20260622-203506-cubepinch_sb_baseline_s2,baseline,2,2,19,0.95,4.535643,4.175793,4.175793,2.390442,1.785352,0,0.28196,3682863
pinch,pinch_sweep_size_rand-20260622-195014,TesolloCubePinch,TesolloCubePinch-20260622-203506-cubepinch_sb_baseline_s2,baseline,2,2,20,1.0,4.535643,4.193322,4.193322,2.386994,1.806327,0,0.282326,3682863
pinch,pinch_sweep_size_rand-20260622-195014,TesolloCubePinch,TesolloCubePinch-20260622-203506-cubepinch_sb_baseline_s2,baseline,2,2,21,1.05,4.535643,4.211349,4.211349,2.383635,1.827714,0,0.282679,3682863
pinch,pinch_sweep_size_rand-20260622-195014,TesolloCubePinch,TesolloCubePinch-20260622-203506-cubepinch_sb_baseline_s2,baseline,2,2,22,1.1,4.535643,4.222383,4.222383,2.381067,1.841316,0,0.282893,3682863
pinch,pinch_sweep_size_rand-20260622-195014,TesolloCubePinch,TesolloCubePinch-20260622-203506-cubepinch_sb_baseline_s2,baseline,2,2,23,1.15,4.535643,4.242686,4.242686,2.379786,1.8629,0,0.283252,3682863
pinch,pinch_sweep_size_rand-20260622-195014,TesolloCubePinch,TesolloCubePinch-20260622-203506-cubepinch_sb_baseline_s2,baseline,2,2,24,1.2,4.535643,4.255106,4.255106,2.379884,1.875222,0,0.283469,3682863
pinch,pinch_sweep_size_rand-20260622-195014,TesolloCubePinch,TesolloCubePinch-20260622-203506-cubepinch_sb_baseline_s2,baseline,2,2,25,1.25,4.535643,4.264999,4.264999,2.380889,1.88411,0,0.28364,3682863
pinch,pinch_sweep_size_rand-20260622-195014,TesolloCubePinch,TesolloCubePinch-20260622-203506-cubepinch_sb_baseline_s2,baseline,2,2,26,1.3,4.535643,3.569278,3.569278,1.677166,1.892112,0,0.260889,3682863
pinch,pinch_sweep_size_rand-20260622-195014,TesolloCubePinch,TesolloCubePinch-20260622-203506-cubepinch_sb_baseline_s2,baseline,2,2,27,1.35,4.535643,4.283111,4.283111,2.384869,1.898242,0,0.283941,3682863
pinch,pinch_sweep_size_rand-20260622-195014,TesolloCubePinch,TesolloCubePinch-20260622-203506-cubepinch_sb_baseline_s2,baseline,2,2,28,1.4,4.535643,4.289089,4.289089,2.387027,1.902062,0,0.284042,3682863
pinch,pinch_sweep_size_rand-20260622-195014,TesolloCubePinch,TesolloCubePinch-20260622-203506-cubepinch_sb_baseline_s2,baseline,2,2,29,1.45,4.535643,4.294152,4.294152,2.389592,1.90456,0,0.284128,3682863
pinch,pinch_sweep_size_rand-20260622-195014,TesolloCubePinch,TesolloCubePinch-20260622-203506-cubepinch_sb_baseline_s2,baseline,2,2,30,1.5,4.535643,4.297981,4.297981,2.391505,1.906476,0,0.284195,3682863
pinch,pinch_sweep_size_rand-20260622-195014,TesolloCubePinch,TesolloCubePinch-20260622-203506-cubepinch_sb_baseline_s2,baseline,2,2,31,1.55,4.535643,4.947562,4.947562,2.39357,2.553992,0,0.281083,3682863
pinch,pinch_sweep_size_rand-20260622-195014,TesolloCubePinch,TesolloCubePinch-20260622-203506-cubepinch_sb_baseline_s2,baseline,2,2,32,1.6,4.535643,4.304302,4.304302,2.395412,1.90889,0,0.284307,3682863
pinch,pinch_sweep_size_rand-20260622-195014,TesolloCubePinch,TesolloCubePinch-20260622-203506-cubepinch_sb_baseline_s2,baseline,2,2,33,1.65,4.535643,4.306934,4.306934,2.397287,1.909647,0,0.284354,3682863
pinch,pinch_sweep_size_rand-20260622-195014,TesolloCubePinch,TesolloCubePinch-20260622-203506-cubepinch_sb_baseline_s2,baseline,2,2,34,1.7,4.535643,4.309012,4.309012,2.398898,1.910115,0,0.284392,3682863
pinch,pinch_sweep_size_rand-20260622-195014,TesolloCubePinch,TesolloCubePinch-20260622-203506-cubepinch_sb_baseline_s2,baseline,2,2,35,1.75,4.535643,4.310851,4.310851,2.400416,1.910434,0,0.284425,3682863
pinch,pinch_sweep_size_rand-20260622-195014,TesolloCubePinch,TesolloCubePinch-20260622-203506-cubepinch_sb_baseline_s2,baseline,2,2,36,1.8,4.535643,4.272812,4.272812,2.362363,1.91045,1,0.78392,3682863
pinch,pinch_sweep_size_rand-20260622-195014,TesolloCubePinch,TesolloCubePinch-20260622-203506-cubepinch_sb_baseline_s2,baseline,2,2,37,1.85,4.535643,4.228214,4.228214,2.317367,1.910847,1,0.783226,3682863
pinch,pinch_sweep_size_rand-20260622-195014,TesolloCubePinch,TesolloCubePinch-20260622-203506-cubepinch_sb_baseline_s2,baseline,2,2,38,1.9,4.535643,4.271805,4.271805,2.360136,1.911669,1,0.783931,3682863
pinch,pinch_sweep_size_rand-20260622-195014,TesolloCubePinch,TesolloCubePinch-20260622-203506-cubepinch_sb_baseline_s2,baseline,2,2,39,1.95,4.535643,4.323644,4.323644,2.942401,1.381243,1,0.784615,3682863
pinch,pinch_sweep_size_rand-20260622-195014,TesolloCubePinch,TesolloCubePinch-20260622-203506-cubepinch_sb_baseline_s2,baseline,2,2,40,2.0,4.535643,4.793439,4.793439,2.870429,1.92301,1,0.783925,3682863
pinch,pinch_sweep_size_rand-20260622-195014,TesolloCubePinch,TesolloCubePinch-20260622-203506-cubepinch_sb_baseline_s2,baseline,2,2,41,2.05,4.535643,4.671453,4.671453,2.796513,1.874939,1,0.785383,3682863
pinch,pinch_sweep_size_rand-20260622-195014,TesolloCubePinch,TesolloCubePinch-20260622-203506-cubepinch_sb_baseline_s2,baseline,2,2,42,2.1,4.535643,4.725166,4.725166,2.864829,1.860337,1,0.784951,3682863
pinch,pinch_sweep_size_rand-20260622-195014,TesolloCubePinch,TesolloCubePinch-20260622-203506-cubepinch_sb_baseline_s2,baseline,2,2,43,2.15,4.535643,4.72662,4.72662,2.868694,1.857926,1,0.78501,3682863
pinch,pinch_sweep_size_rand-20260622-195014,TesolloCubePinch,TesolloCubePinch-20260622-203506-cubepinch_sb_baseline_s2,baseline,2,2,44,2.2,4.535643,4.730077,4.730077,2.875331,1.854745,1,0.785043,3682863
pinch,pinch_sweep_size_rand-20260622-195014,TesolloCubePinch,TesolloCubePinch-20260622-203506-cubepinch_sb_baseline_s2,baseline,2,2,45,2.25,4.535643,4.717255,4.717255,2.866466,1.850788,1,0.78522,3682863
pinch,pinch_sweep_size_rand-20260622-195014,TesolloCubePinch,TesolloCubePinch-20260622-203506-cubepinch_sb_baseline_s2,baseline,2,2,46,2.3,4.535643,4.604609,4.604609,2.854361,1.750248,1,0.786049,3682863
pinch,pinch_sweep_size_rand-20260622-195014,TesolloCubePinch,TesolloCubePinch-20260622-203506-cubepinch_sb_baseline_s2,baseline,2,2,47,2.35,4.535643,4.758906,4.758906,2.900704,1.858202,1,0.784828,3682863
pinch,pinch_sweep_size_rand-20260622-195014,TesolloCubePinch,TesolloCubePinch-20260622-203506-cubepinch_sb_baseline_s2,baseline,2,2,48,2.4,4.535643,4.681859,4.681859,2.83068,1.851179,1,0.785659,3682863
pinch,pinch_sweep_size_rand-20260622-195014,TesolloCubePinch,TesolloCubePinch-20260622-203506-cubepinch_sb_baseline_s2,baseline,2,2,49,2.45,4.535643,4.561525,4.561525,2.449644,2.111881,1,0.786279,3682863
pinch,pinch_sweep_size_rand-20260622-195014,TesolloCubePinch,TesolloCubePinch-20260622-203506-cubepinch_sb_baseline_s2,baseline,2,2,50,2.5,4.535643,4.637181,4.637181,2.788821,1.84836,1,0.78605,3682863
pinch,pinch_sweep_size_rand-20260622-195014,TesolloCubePinch,TesolloCubePinch-20260622-203506-cubepinch_sb_baseline_s2,baseline,2,2,51,2.55,4.535643,4.621428,4.621428,2.77093,1.850497,1,0.786172,3682863
pinch,pinch_sweep_size_rand-20260622-195014,TesolloCubePinch,TesolloCubePinch-20260622-203506-cubepinch_sb_baseline_s2,baseline,2,2,52,2.6,4.535643,4.88504,4.88504,2.763634,2.121406,1,0.783024,3682863
pinch,pinch_sweep_size_rand-20260622-195014,TesolloCubePinch,TesolloCubePinch-20260622-203506-cubepinch_sb_baseline_s2,baseline,2,2,53,2.65,4.535643,4.603659,4.603659,2.756692,1.846966,1,0.786327,3682863
pinch,pinch_sweep_size_rand-20260622-195014,TesolloCubePinch,TesolloCubePinch-20260622-203506-cubepinch_sb_baseline_s2,baseline,2,2,54,2.7,4.535643,4.586968,4.586968,2.745413,1.841555,1,0.786421,3682863
pinch,pinch_sweep_size_rand-20260622-195014,TesolloCubePinch,TesolloCubePinch-20260622-203506-cubepinch_sb_baseline_s2,baseline,2,2,55,2.75,4.535643,4.622071,4.622071,2.121115,2.500956,1,0.786326,3682863
pinch,pinch_sweep_size_rand-20260622-195014,TesolloCubePinch,TesolloCubePinch-20260622-203506-cubepinch_sb_baseline_s2,baseline,2,2,56,2.8,4.535643,4.570417,4.570417,2.727299,1.843119,1,0.78654,3682863
pinch,pinch_sweep_size_rand-20260622-195014,TesolloCubePinch,TesolloCubePinch-20260622-203506-cubepinch_sb_baseline_s2,baseline,2,2,57,2.85,4.535643,4.557522,4.557522,2.716255,1.841267,1,0.7866,3682863
pinch,pinch_sweep_size_rand-20260622-195014,TesolloCubePinch,TesolloCubePinch-20260622-203506-cubepinch_sb_baseline_s2,baseline,2,2,58,2.9,4.535643,4.573487,4.573487,2.72884,1.844647,1,0.786612,3682863
pinch,pinch_sweep_size_rand-20260622-195014,TesolloCubePinch,TesolloCubePinch-20260622-203506-cubepinch_sb_baseline_s2,baseline,2,2,59,2.95,4.535643,4.543358,4.543358,2.703139,1.840219,1,0.786689,3682863
pinch,pinch_sweep_size_rand-20260622-195014,TesolloCubePinch,TesolloCubePinch-20260622-203506-cubepinch_sb_baseline_s2,baseline,2,2,60,3.0,4.535643,4.537889,4.537889,2.695413,1.842476,1,0.78673,3682863
pinch,pinch_sweep_size_rand-20260622-195014,TesolloCubePinch,TesolloCubePinch-20260622-203506-cubepinch_sb_baseline_s2,baseline,2,2,61,3.05,4.535643,4.683335,4.683335,2.689855,1.993481,1,0.78616,3682863
pinch,pinch_sweep_size_rand-20260622-195014,TesolloCubePinch,TesolloCubePinch-20260622-203506-cubepinch_sb_baseline_s2,baseline,2,2,62,3.1,4.535643,4.563144,4.563144,2.711677,1.851467,1,0.786784,3682863
pinch,pinch_sweep_size_rand-20260622-195014,TesolloCubePinch,TesolloCubePinch-20260622-203506-cubepinch_sb_baseline_s2,baseline,2,2,63,3.15,4.535643,4.238817,4.238817,2.693742,1.545075,1,0.78439,3682863
pinch,pinch_sweep_size_rand-20260622-195014,TesolloCubePinch,TesolloCubePinch-20260622-203506-cubepinch_sb_baseline_s2,baseline,2,2,64,3.2,4.535643,4.532586,4.532586,2.684656,1.84793,1,0.786883,3682863
pinch,pinch_sweep_size_rand-20260622-195014,TesolloCubePinch,TesolloCubePinch-20260622-203506-cubepinch_sb_baseline_s2,baseline,2,2,65,3.25,4.535643,4.517981,4.517981,2.672399,1.845582,1,0.786914,3682863
pinch,pinch_sweep_size_rand-20260622-195014,TesolloCubePinch,TesolloCubePinch-20260622-203506-cubepinch_sb_baseline_s2,baseline,2,2,66,3.3,4.535643,4.513957,4.513957,2.665608,1.848349,1,0.786949,3682863
pinch,pinch_sweep_size_rand-20260622-195014,TesolloCubePinch,TesolloCubePinch-20260622-203506-cubepinch_sb_baseline_s2,baseline,2,2,67,3.35,4.535643,4.503426,4.503426,2.659261,1.844165,1,0.786972,3682863
pinch,pinch_sweep_size_rand-20260622-195014,TesolloCubePinch,TesolloCubePinch-20260622-203506-cubepinch_sb_baseline_s2,baseline,2,2,68,3.4,4.535643,4.499286,4.499286,2.652435,1.846852,1,0.787003,3682863
pinch,pinch_sweep_size_rand-20260622-195014,TesolloCubePinch,TesolloCubePinch-20260622-203506-cubepinch_sb_baseline_s2,baseline,2,2,69,3.45,4.535643,4.495942,4.495942,2.647455,1.848487,1,0.787035,3682863
pinch,pinch_sweep_size_rand-20260622-195014,TesolloCubePinch,TesolloCubePinch-20260622-203506-cubepinch_sb_baseline_s2,baseline,2,2,70,3.5,4.535643,4.488035,4.488035,2.643428,1.844607,1,0.787054,3682863
pinch,pinch_sweep_size_rand-20260622-195014,TesolloCubePinch,TesolloCubePinch-20260622-203506-cubepinch_sb_baseline_s2,baseline,2,2,71,3.55,4.535643,4.15202,4.15202,2.637663,1.514356,1,0.783072,3682863
pinch,pinch_sweep_size_rand-20260622-195014,TesolloCubePinch,TesolloCubePinch-20260622-203506-cubepinch_sb_baseline_s2,baseline,2,2,72,3.6,4.535643,4.193293,4.193293,2.633968,1.559325,1,0.783938,3682863
pinch,pinch_sweep_size_rand-20260622-195014,TesolloCubePinch,TesolloCubePinch-20260622-203506-cubepinch_sb_baseline_s2,baseline,2,2,73,3.65,4.535643,4.926062,4.926062,2.630725,2.295337,1,0.783005,3682863
pinch,pinch_sweep_size_rand-20260622-195014,TesolloCubePinch,TesolloCubePinch-20260622-203506-cubepinch_sb_baseline_s2,baseline,2,2,74,3.7,4.535643,4.479271,4.479271,2.625477,1.853794,1,0.787184,3682863
pinch,pinch_sweep_size_rand-20260622-195014,TesolloCubePinch,TesolloCubePinch-20260622-203506-cubepinch_sb_baseline_s2,baseline,2,2,75,3.75,4.535643,4.482909,4.482909,2.622803,1.860105,1,0.787235,3682863
pinch,pinch_sweep_size_rand-20260622-195014,TesolloCubePinch,TesolloCubePinch-20260622-203506-cubepinch_sb_baseline_s2,baseline,2,2,76,3.8,4.535643,4.486284,4.486284,2.619971,1.866313,1,0.787283,3682863
pinch,pinch_sweep_size_rand-20260622-195014,TesolloCubePinch,TesolloCubePinch-20260622-203506-cubepinch_sb_baseline_s2,baseline,2,2,77,3.85,4.535643,4.484004,4.484004,2.618192,1.865812,1,0.787315,3682863
pinch,pinch_sweep_size_rand-20260622-195014,TesolloCubePinch,TesolloCubePinch-20260622-203506-cubepinch_sb_baseline_s2,baseline,2,2,78,3.9,4.535643,4.00501,4.00501,2.135471,1.869538,1,0.779673,3682863
pinch,pinch_sweep_size_rand-20260622-195014,TesolloCubePinch,TesolloCubePinch-20260622-203506-cubepinch_sb_baseline_s2,baseline,2,2,79,3.95,4.535643,4.485663,4.485663,2.61174,1.873923,1,0.787398,3682863
pinch,pinch_sweep_size_rand-20260622-195014,TesolloCubePinch,TesolloCubePinch-20260622-204625-cubepinch_sb_baseline_s3,baseline,3,0,0,0.0,3.602274,0.0,0.0,0.0,0.0,0,0.055318,3682863
pinch,pinch_sweep_size_rand-20260622-195014,TesolloCubePinch,TesolloCubePinch-20260622-204625-cubepinch_sb_baseline_s3,baseline,3,0,1,0.05,3.602274,0.0,0.0,0.0,0.0,0,0.057898,3682863
pinch,pinch_sweep_size_rand-20260622-195014,TesolloCubePinch,TesolloCubePinch-20260622-204625-cubepinch_sb_baseline_s3,baseline,3,0,2,0.1,3.602274,2.999449,0.0,2.999449,0.0,0,0.060741,3682863
pinch,pinch_sweep_size_rand-20260622-195014,TesolloCubePinch,TesolloCubePinch-20260622-204625-cubepinch_sb_baseline_s3,baseline,3,0,3,0.15,3.602274,5.395079,5.395079,2.676263,2.718815,0,0.178987,3682863
pinch,pinch_sweep_size_rand-20260622-195014,TesolloCubePinch,TesolloCubePinch-20260622-204625-cubepinch_sb_baseline_s3,baseline,3,0,4,0.2,3.602274,5.655694,5.655694,2.894161,2.761533,0,0.155402,3682863
pinch,pinch_sweep_size_rand-20260622-195014,TesolloCubePinch,TesolloCubePinch-20260622-204625-cubepinch_sb_baseline_s3,baseline,3,0,5,0.25,3.602274,2.838509,0.0,0.0,2.838509,0,0.062033,3682863
pinch,pinch_sweep_size_rand-20260622-195014,TesolloCubePinch,TesolloCubePinch-20260622-204625-cubepinch_sb_baseline_s3,baseline,3,0,6,0.3,3.602274,6.213131,6.213131,3.362557,2.850574,0,0.112104,3682863
pinch,pinch_sweep_size_rand-20260622-195014,TesolloCubePinch,TesolloCubePinch-20260622-204625-cubepinch_sb_baseline_s3,baseline,3,0,7,0.35,3.602274,6.753428,6.753428,3.890156,2.863273,0,0.080277,3682863
pinch,pinch_sweep_size_rand-20260622-195014,TesolloCubePinch,TesolloCubePinch-20260622-204625-cubepinch_sb_baseline_s3,baseline,3,0,8,0.4,3.602274,5.856122,5.856122,2.9776,2.878522,0,0.138889,3682863
pinch,pinch_sweep_size_rand-20260622-195014,TesolloCubePinch,TesolloCubePinch-20260622-204625-cubepinch_sb_baseline_s3,baseline,3,0,9,0.45,3.602274,5.745226,5.745226,3.024365,2.720861,0,0.148037,3682863
pinch,pinch_sweep_size_rand-20260622-195014,TesolloCubePinch,TesolloCubePinch-20260622-204625-cubepinch_sb_baseline_s3,baseline,3,0,10,0.5,3.602274,5.943008,5.943008,3.288933,2.654076,0,0.132,3682863
pinch,pinch_sweep_size_rand-20260622-195014,TesolloCubePinch,TesolloCubePinch-20260622-204625-cubepinch_sb_baseline_s3,baseline,3,0,11,0.55,3.602274,5.29161,5.29161,2.821209,2.470401,0,0.187814,3682863
pinch,pinch_sweep_size_rand-20260622-195014,TesolloCubePinch,TesolloCubePinch-20260622-204625-cubepinch_sb_baseline_s3,baseline,3,0,12,0.6,3.602274,3.885361,3.885361,1.591842,2.293519,0,0.28322,3682863
pinch,pinch_sweep_size_rand-20260622-195014,TesolloCubePinch,TesolloCubePinch-20260622-204625-cubepinch_sb_baseline_s3,baseline,3,0,13,0.65,3.602274,5.398686,5.398686,3.224373,2.174313,0,0.177576,3682863
pinch,pinch_sweep_size_rand-20260622-195014,TesolloCubePinch,TesolloCubePinch-20260622-204625-cubepinch_sb_baseline_s3,baseline,3,0,14,0.7,3.602274,5.567964,5.567964,3.923995,1.643968,0,0.161704,3682863
pinch,pinch_sweep_size_rand-20260622-195014,TesolloCubePinch,TesolloCubePinch-20260622-204625-cubepinch_sb_baseline_s3,baseline,3,0,15,0.75,3.602274,3.843089,3.843089,2.04176,1.801329,0,0.282812,3682863
pinch,pinch_sweep_size_rand-20260622-195014,TesolloCubePinch,TesolloCubePinch-20260622-204625-cubepinch_sb_baseline_s3,baseline,3,0,16,0.8,3.602274,3.676935,3.676935,1.693256,1.983679,0,0.285168,3682863
pinch,pinch_sweep_size_rand-20260622-195014,TesolloCubePinch,TesolloCubePinch-20260622-204625-cubepinch_sb_baseline_s3,baseline,3,0,17,0.85,3.602274,3.295447,3.295447,1.506294,1.789153,0,0.28128,3682863
pinch,pinch_sweep_size_rand-20260622-195014,TesolloCubePinch,TesolloCubePinch-20260622-204625-cubepinch_sb_baseline_s3,baseline,3,0,18,0.9,3.602274,3.310638,3.310638,1.415518,1.895121,0,0.281759,3682863
pinch,pinch_sweep_size_rand-20260622-195014,TesolloCubePinch,TesolloCubePinch-20260622-204625-cubepinch_sb_baseline_s3,baseline,3,0,19,0.95,3.602274,3.600563,3.600563,1.558272,2.042292,0,0.285588,3682863
pinch,pinch_sweep_size_rand-20260622-195014,TesolloCubePinch,TesolloCubePinch-20260622-204625-cubepinch_sb_baseline_s3,baseline,3,0,20,1.0,3.602274,3.711699,3.711699,1.781728,1.929971,0,0.285084,3682863
pinch,pinch_sweep_size_rand-20260622-195014,TesolloCubePinch,TesolloCubePinch-20260622-204625-cubepinch_sb_baseline_s3,baseline,3,0,21,1.05,3.602274,3.888932,3.888932,1.972168,1.916764,0,0.281984,3682863
pinch,pinch_sweep_size_rand-20260622-195014,TesolloCubePinch,TesolloCubePinch-20260622-204625-cubepinch_sb_baseline_s3,baseline,3,0,22,1.1,3.602274,3.949569,3.949569,2.037681,1.911888,0,0.280392,3682863
pinch,pinch_sweep_size_rand-20260622-195014,TesolloCubePinch,TesolloCubePinch-20260622-204625-cubepinch_sb_baseline_s3,baseline,3,0,23,1.15,3.602274,3.980356,3.980356,2.069966,1.91039,0,0.279508,3682863
pinch,pinch_sweep_size_rand-20260622-195014,TesolloCubePinch,TesolloCubePinch-20260622-204625-cubepinch_sb_baseline_s3,baseline,3,0,24,1.2,3.602274,4.054265,4.054265,1.926668,2.127597,1,0.776912,3682863
pinch,pinch_sweep_size_rand-20260622-195014,TesolloCubePinch,TesolloCubePinch-20260622-204625-cubepinch_sb_baseline_s3,baseline,3,0,25,1.25,3.602274,4.168084,4.168084,2.089269,2.078815,1,0.772045,3682863
pinch,pinch_sweep_size_rand-20260622-195014,TesolloCubePinch,TesolloCubePinch-20260622-204625-cubepinch_sb_baseline_s3,baseline,3,0,26,1.3,3.602274,4.003718,4.003718,2.08857,1.915148,1,0.778842,3682863
pinch,pinch_sweep_size_rand-20260622-195014,TesolloCubePinch,TesolloCubePinch-20260622-204625-cubepinch_sb_baseline_s3,baseline,3,0,27,1.35,3.602274,4.000944,4.000944,2.085001,1.915943,1,0.778978,3682863
pinch,pinch_sweep_size_rand-20260622-195014,TesolloCubePinch,TesolloCubePinch-20260622-204625-cubepinch_sb_baseline_s3,baseline,3,0,28,1.4,3.602274,3.997146,3.997146,2.08048,1.916666,1,0.779148,3682863
pinch,pinch_sweep_size_rand-20260622-195014,TesolloCubePinch,TesolloCubePinch-20260622-204625-cubepinch_sb_baseline_s3,baseline,3,0,29,1.45,3.602274,3.990722,3.990722,2.074832,1.91589,1,0.779405,3682863
pinch,pinch_sweep_size_rand-20260622-195014,TesolloCubePinch,TesolloCubePinch-20260622-204625-cubepinch_sb_baseline_s3,baseline,3,0,30,1.5,3.602274,3.984445,3.984445,2.069562,1.914883,1,0.779654,3682863
pinch,pinch_sweep_size_rand-20260622-195014,TesolloCubePinch,TesolloCubePinch-20260622-204625-cubepinch_sb_baseline_s3,baseline,3,0,31,1.55,3.602274,3.978414,3.978414,2.06413,1.914284,1,0.779892,3682863
pinch,pinch_sweep_size_rand-20260622-195014,TesolloCubePinch,TesolloCubePinch-20260622-204625-cubepinch_sb_baseline_s3,baseline,3,0,32,1.6,3.602274,3.966766,3.966766,1.946859,2.019907,1,0.780306,3682863
pinch,pinch_sweep_size_rand-20260622-195014,TesolloCubePinch,TesolloCubePinch-20260622-204625-cubepinch_sb_baseline_s3,baseline,3,0,33,1.65,3.602274,4.862797,4.862797,2.948869,1.913928,0,0.224748,3682863
pinch,pinch_sweep_size_rand-20260622-195014,TesolloCubePinch,TesolloCubePinch-20260622-204625-cubepinch_sb_baseline_s3,baseline,3,0,34,1.7,3.602274,4.178259,4.178259,2.047621,2.130638,0,0.271914,3682863
pinch,pinch_sweep_size_rand-20260622-195014,TesolloCubePinch,TesolloCubePinch-20260622-204625-cubepinch_sb_baseline_s3,baseline,3,0,35,1.75,3.602274,3.956573,3.956573,2.042097,1.914476,0,0.280736,3682863
pinch,pinch_sweep_size_rand-20260622-195014,TesolloCubePinch,TesolloCubePinch-20260622-204625-cubepinch_sb_baseline_s3,baseline,3,0,36,1.8,3.602274,3.951941,3.951941,2.036904,1.915037,0,0.280913,3682863
pinch,pinch_sweep_size_rand-20260622-195014,TesolloCubePinch,TesolloCubePinch-20260622-204625-cubepinch_sb_baseline_s3,baseline,3,0,37,1.85,3.602274,3.946827,3.946827,2.031619,1.915208,0,0.281101,3682863
pinch,pinch_sweep_size_rand-20260622-195014,TesolloCubePinch,TesolloCubePinch-20260622-204625-cubepinch_sb_baseline_s3,baseline,3,0,38,1.9,3.602274,3.942159,3.942159,2.026371,1.915789,0,0.281273,3682863
pinch,pinch_sweep_size_rand-20260622-195014,TesolloCubePinch,TesolloCubePinch-20260622-204625-cubepinch_sb_baseline_s3,baseline,3,0,39,1.95,3.602274,3.938219,3.938219,2.021777,1.916442,0,0.281422,3682863
pinch,pinch_sweep_size_rand-20260622-195014,TesolloCubePinch,TesolloCubePinch-20260622-204625-cubepinch_sb_baseline_s3,baseline,3,0,40,2.0,3.602274,3.933911,3.933911,2.016895,1.917015,0,0.281578,3682863
pinch,pinch_sweep_size_rand-20260622-195014,TesolloCubePinch,TesolloCubePinch-20260622-204625-cubepinch_sb_baseline_s3,baseline,3,0,41,2.05,3.602274,4.722729,4.722729,2.700478,2.022251,0,0.236515,3682863
pinch,pinch_sweep_size_rand-20260622-195014,TesolloCubePinch,TesolloCubePinch-20260622-204625-cubepinch_sb_baseline_s3,baseline,3,0,42,2.1,3.602274,3.927133,3.927133,2.008014,1.919119,0,0.281831,3682863
pinch,pinch_sweep_size_rand-20260622-195014,TesolloCubePinch,TesolloCubePinch-20260622-204625-cubepinch_sb_baseline_s3,baseline,3,0,43,2.15,3.602274,3.920666,3.920666,2.003545,1.917121,0,0.282041,3682863
pinch,pinch_sweep_size_rand-20260622-195014,TesolloCubePinch,TesolloCubePinch-20260622-204625-cubepinch_sb_baseline_s3,baseline,3,0,44,2.2,3.602274,3.918851,3.918851,1.999518,1.919333,0,0.282119,3682863
pinch,pinch_sweep_size_rand-20260622-195014,TesolloCubePinch,TesolloCubePinch-20260622-204625-cubepinch_sb_baseline_s3,baseline,3,0,45,2.25,3.602274,3.63406,3.63406,1.715557,1.918503,0,0.286508,3682863
pinch,pinch_sweep_size_rand-20260622-195014,TesolloCubePinch,TesolloCubePinch-20260622-204625-cubepinch_sb_baseline_s3,baseline,3,0,46,2.3,3.602274,3.833539,3.833539,1.991325,1.842214,0,0.284218,3682863
pinch,pinch_sweep_size_rand-20260622-195014,TesolloCubePinch,TesolloCubePinch-20260622-204625-cubepinch_sb_baseline_s3,baseline,3,0,47,2.35,3.602274,3.903999,3.903999,1.987717,1.916283,0,0.282599,3682863
pinch,pinch_sweep_size_rand-20260622-195014,TesolloCubePinch,TesolloCubePinch-20260622-204625-cubepinch_sb_baseline_s3,baseline,3,0,48,2.4,3.602274,3.899165,3.899165,1.984258,1.914907,0,0.28275,3682863
pinch,pinch_sweep_size_rand-20260622-195014,TesolloCubePinch,TesolloCubePinch-20260622-204625-cubepinch_sb_baseline_s3,baseline,3,0,49,2.45,3.602274,3.894556,3.894556,1.980955,1.913601,0,0.282893,3682863
pinch,pinch_sweep_size_rand-20260622-195014,TesolloCubePinch,TesolloCubePinch-20260622-204625-cubepinch_sb_baseline_s3,baseline,3,0,50,2.5,3.602274,5.169242,5.169242,2.09374,3.075502,0,0.198382,3682863
pinch,pinch_sweep_size_rand-20260622-195014,TesolloCubePinch,TesolloCubePinch-20260622-204625-cubepinch_sb_baseline_s3,baseline,3,0,51,2.55,3.602274,3.886175,3.886175,1.975145,1.911029,0,0.283151,3682863
pinch,pinch_sweep_size_rand-20260622-195014,TesolloCubePinch,TesolloCubePinch-20260622-204625-cubepinch_sb_baseline_s3,baseline,3,0,52,2.6,3.602274,3.882053,3.882053,1.972616,1.909436,0,0.283275,3682863
pinch,pinch_sweep_size_rand-20260622-195014,TesolloCubePinch,TesolloCubePinch-20260622-204625-cubepinch_sb_baseline_s3,baseline,3,0,53,2.65,3.602274,5.114253,5.114253,1.970039,3.144214,0,0.203381,3682863
pinch,pinch_sweep_size_rand-20260622-195014,TesolloCubePinch,TesolloCubePinch-20260622-204625-cubepinch_sb_baseline_s3,baseline,3,0,54,2.7,3.602274,3.874558,3.874558,1.967903,1.906655,0,0.283499,3682863
pinch,pinch_sweep_size_rand-20260622-195014,TesolloCubePinch,TesolloCubePinch-20260622-204625-cubepinch_sb_baseline_s3,baseline,3,0,55,2.75,3.602274,3.871308,3.871308,1.966094,1.905213,0,0.283597,3682863
pinch,pinch_sweep_size_rand-20260622-195014,TesolloCubePinch,TesolloCubePinch-20260622-204625-cubepinch_sb_baseline_s3,baseline,3,0,56,2.8,3.602274,4.250874,4.250874,1.964383,2.286491,0,0.268825,3682863
pinch,pinch_sweep_size_rand-20260622-195014,TesolloCubePinch,TesolloCubePinch-20260622-204625-cubepinch_sb_baseline_s3,baseline,3,0,57,2.85,3.602274,3.864829,3.864829,1.962736,1.902092,0,0.283788,3682863
pinch,pinch_sweep_size_rand-20260622-195014,TesolloCubePinch,TesolloCubePinch-20260622-204625-cubepinch_sb_baseline_s3,baseline,3,0,58,2.9,3.602274,3.833652,3.833652,1.93312,1.900532,0,0.284483,3682863
pinch,pinch_sweep_size_rand-20260622-195014,TesolloCubePinch,TesolloCubePinch-20260622-204625-cubepinch_sb_baseline_s3,baseline,3,0,59,2.95,3.602274,3.859504,3.859504,1.960603,1.898901,0,0.283948,3682863
pinch,pinch_sweep_size_rand-20260622-195014,TesolloCubePinch,TesolloCubePinch-20260622-204625-cubepinch_sb_baseline_s3,baseline,3,0,60,3.0,3.602274,3.856786,3.856786,1.959616,1.89717,0,0.284028,3682863
pinch,pinch_sweep_size_rand-20260622-195014,TesolloCubePinch,TesolloCubePinch-20260622-204625-cubepinch_sb_baseline_s3,baseline,3,0,61,3.05,3.602274,4.54407,4.54407,1.959046,2.585024,0,0.250496,3682863
pinch,pinch_sweep_size_rand-20260622-195014,TesolloCubePinch,TesolloCubePinch-20260622-204625-cubepinch_sb_baseline_s3,baseline,3,0,62,3.1,3.602274,3.852487,3.852487,1.958769,1.893718,0,0.28416,3682863
pinch,pinch_sweep_size_rand-20260622-195014,TesolloCubePinch,TesolloCubePinch-20260622-204625-cubepinch_sb_baseline_s3,baseline,3,0,63,3.15,3.602274,3.850467,3.850467,1.95852,1.891947,0,0.284222,3682863
pinch,pinch_sweep_size_rand-20260622-195014,TesolloCubePinch,TesolloCubePinch-20260622-204625-cubepinch_sb_baseline_s3,baseline,3,0,64,3.2,3.602274,3.848671,3.848671,1.958625,1.890046,0,0.284279,3682863
pinch,pinch_sweep_size_rand-20260622-195014,TesolloCubePinch,TesolloCubePinch-20260622-204625-cubepinch_sb_baseline_s3,baseline,3,0,65,3.25,3.602274,3.847115,3.847115,1.958983,1.888132,0,0.28433,3682863
pinch,pinch_sweep_size_rand-20260622-195014,TesolloCubePinch,TesolloCubePinch-20260622-204625-cubepinch_sb_baseline_s3,baseline,3,0,66,3.3,3.602274,3.845929,3.845929,1.95971,1.886219,0,0.284373,3682863
pinch,pinch_sweep_size_rand-20260622-195014,TesolloCubePinch,TesolloCubePinch-20260622-204625-cubepinch_sb_baseline_s3,baseline,3,0,67,3.35,3.602274,3.978516,3.978516,1.96074,2.017776,0,0.280808,3682863
pinch,pinch_sweep_size_rand-20260622-195014,TesolloCubePinch,TesolloCubePinch-20260622-204625-cubepinch_sb_baseline_s3,baseline,3,0,68,3.4,3.602274,3.842854,3.842854,1.932044,1.91081,0,0.284473,3682863
pinch,pinch_sweep_size_rand-20260622-195014,TesolloCubePinch,TesolloCubePinch-20260622-204625-cubepinch_sb_baseline_s3,baseline,3,0,69,3.45,3.602274,3.843157,3.843157,1.963165,1.879992,0,0.284483,3682863
pinch,pinch_sweep_size_rand-20260622-195014,TesolloCubePinch,TesolloCubePinch-20260622-204625-cubepinch_sb_baseline_s3,baseline,3,0,70,3.5,3.602274,4.017828,4.017828,2.103082,1.914745,0,0.279517,3682863
pinch,pinch_sweep_size_rand-20260622-195014,TesolloCubePinch,TesolloCubePinch-20260622-204625-cubepinch_sb_baseline_s3,baseline,3,0,71,3.55,3.602274,3.87367,3.87367,1.966674,1.906995,1,0.783832,3682863
pinch,pinch_sweep_size_rand-20260622-195014,TesolloCubePinch,TesolloCubePinch-20260622-204625-cubepinch_sb_baseline_s3,baseline,3,0,72,3.6,3.602274,3.841032,3.841032,1.96762,1.873411,1,0.784579,3682863
pinch,pinch_sweep_size_rand-20260622-195014,TesolloCubePinch,TesolloCubePinch-20260622-204625-cubepinch_sb_baseline_s3,baseline,3,0,73,3.65,3.602274,3.840154,3.840154,1.968898,1.871256,1,0.784614,3682863
pinch,pinch_sweep_size_rand-20260622-195014,TesolloCubePinch,TesolloCubePinch-20260622-204625-cubepinch_sb_baseline_s3,baseline,3,0,74,3.7,3.602274,3.839708,3.839708,1.970654,1.869054,1,0.78464,3682863
pinch,pinch_sweep_size_rand-20260622-195014,TesolloCubePinch,TesolloCubePinch-20260622-204625-cubepinch_sb_baseline_s3,baseline,3,0,75,3.75,3.602274,3.839299,3.839299,1.972551,1.866748,1,0.784666,3682863
pinch,pinch_sweep_size_rand-20260622-195014,TesolloCubePinch,TesolloCubePinch-20260622-204625-cubepinch_sb_baseline_s3,baseline,3,0,76,3.8,3.602274,4.003041,4.003041,1.879465,2.123576,1,0.780139,3682863
pinch,pinch_sweep_size_rand-20260622-195014,TesolloCubePinch,TesolloCubePinch-20260622-204625-cubepinch_sb_baseline_s3,baseline,3,0,77,3.85,3.602274,3.839522,3.839522,1.977532,1.86199,1,0.784696,3682863
pinch,pinch_sweep_size_rand-20260622-195014,TesolloCubePinch,TesolloCubePinch-20260622-204625-cubepinch_sb_baseline_s3,baseline,3,0,78,3.9,3.602274,3.840085,3.840085,1.980502,1.859582,1,0.784702,3682863
pinch,pinch_sweep_size_rand-20260622-195014,TesolloCubePinch,TesolloCubePinch-20260622-204625-cubepinch_sb_baseline_s3,baseline,3,0,79,3.95,3.602274,3.841091,3.841091,1.983884,1.857207,1,0.784699,3682863
pinch,pinch_sweep_size_rand-20260622-195014,TesolloCubePinch,TesolloCubePinch-20260622-204625-cubepinch_sb_baseline_s3,baseline,3,1,0,0.0,4.276002,0.0,0.0,0.0,0.0,0,0.055441,3682863
pinch,pinch_sweep_size_rand-20260622-195014,TesolloCubePinch,TesolloCubePinch-20260622-204625-cubepinch_sb_baseline_s3,baseline,3,1,1,0.05,4.276002,0.0,0.0,0.0,0.0,0,0.058157,3682863
pinch,pinch_sweep_size_rand-20260622-195014,TesolloCubePinch,TesolloCubePinch-20260622-204625-cubepinch_sb_baseline_s3,baseline,3,1,2,0.1,4.276002,2.915657,0.0,2.915657,0.0,0,0.060958,3682863
pinch,pinch_sweep_size_rand-20260622-195014,TesolloCubePinch,TesolloCubePinch-20260622-204625-cubepinch_sb_baseline_s3,baseline,3,1,3,0.15,4.276002,5.086625,5.086625,2.816244,2.270381,0,0.267146,3682863
pinch,pinch_sweep_size_rand-20260622-195014,TesolloCubePinch,TesolloCubePinch-20260622-204625-cubepinch_sb_baseline_s3,baseline,3,1,4,0.2,4.276002,2.225382,0.0,0.0,2.225382,0,0.061682,3682863
pinch,pinch_sweep_size_rand-20260622-195014,TesolloCubePinch,TesolloCubePinch-20260622-204625-cubepinch_sb_baseline_s3,baseline,3,1,5,0.25,4.276002,4.713255,4.713255,1.416203,3.297051,0,0.281373,3682863
pinch,pinch_sweep_size_rand-20260622-195014,TesolloCubePinch,TesolloCubePinch-20260622-204625-cubepinch_sb_baseline_s3,baseline,3,1,6,0.3,4.276002,4.976243,4.976243,2.292016,2.684227,0,0.271656,3682863
pinch,pinch_sweep_size_rand-20260622-195014,TesolloCubePinch,TesolloCubePinch-20260622-204625-cubepinch_sb_baseline_s3,baseline,3,1,7,0.35,4.276002,2.235893,0.0,0.0,2.235893,0,0.061439,3682863
pinch,pinch_sweep_size_rand-20260622-195014,TesolloCubePinch,TesolloCubePinch-20260622-204625-cubepinch_sb_baseline_s3,baseline,3,1,8,0.4,4.276002,5.053927,5.053927,2.686118,2.367809,0,0.268049,3682863
pinch,pinch_sweep_size_rand-20260622-195014,TesolloCubePinch,TesolloCubePinch-20260622-204625-cubepinch_sb_baseline_s3,baseline,3,1,9,0.45,4.276002,5.235134,5.235134,2.546293,2.688841,0,0.25893,3682863
pinch,pinch_sweep_size_rand-20260622-195014,TesolloCubePinch,TesolloCubePinch-20260622-204625-cubepinch_sb_baseline_s3,baseline,3,1,10,0.5,4.276002,3.988782,3.988782,2.149245,1.839537,0,0.283675,3682863
pinch,pinch_sweep_size_rand-20260622-195014,TesolloCubePinch,TesolloCubePinch-20260622-204625-cubepinch_sb_baseline_s3,baseline,3,1,11,0.55,4.276002,5.199183,5.199183,3.460578,1.738604,0,0.260158,3682863
pinch,pinch_sweep_size_rand-20260622-195014,TesolloCubePinch,TesolloCubePinch-20260622-204625-cubepinch_sb_baseline_s3,baseline,3,1,12,0.6,4.276002,14.089121,14.089121,9.743579,4.345542,0,0.035254,3682863
pinch,pinch_sweep_size_rand-20260622-195014,TesolloCubePinch,TesolloCubePinch-20260622-204625-cubepinch_sb_baseline_s3,baseline,3,1,13,0.65,4.276002,7.23721,7.23721,5.543564,1.693646,0,0.118165,3682863
pinch,pinch_sweep_size_rand-20260622-195014,TesolloCubePinch,TesolloCubePinch-20260622-204625-cubepinch_sb_baseline_s3,baseline,3,1,14,0.7,4.276002,4.676682,4.676682,2.825315,1.851367,0,0.280329,3682863
pinch,pinch_sweep_size_rand-20260622-195014,TesolloCubePinch,TesolloCubePinch-20260622-204625-cubepinch_sb_baseline_s3,baseline,3,1,15,0.75,4.276002,3.94953,3.94953,2.023045,1.926485,0,0.281901,3682863
pinch,pinch_sweep_size_rand-20260622-195014,TesolloCubePinch,TesolloCubePinch-20260622-204625-cubepinch_sb_baseline_s3,baseline,3,1,16,0.8,4.276002,4.201632,4.201632,2.325739,1.875894,0,0.285166,3682863
pinch,pinch_sweep_size_rand-20260622-195014,TesolloCubePinch,TesolloCubePinch-20260622-204625-cubepinch_sb_baseline_s3,baseline,3,1,17,0.85,4.276002,4.167612,4.167612,2.273874,1.893738,0,0.285062,3682863
pinch,pinch_sweep_size_rand-20260622-195014,TesolloCubePinch,TesolloCubePinch-20260622-204625-cubepinch_sb_baseline_s3,baseline,3,1,18,0.9,4.276002,4.509346,4.509346,2.598764,1.910583,0,0.283732,3682863
pinch,pinch_sweep_size_rand-20260622-195014,TesolloCubePinch,TesolloCubePinch-20260622-204625-cubepinch_sb_baseline_s3,baseline,3,1,19,0.95,4.276002,4.180341,4.180341,2.257628,1.922713,0,0.285155,3682863
pinch,pinch_sweep_size_rand-20260622-195014,TesolloCubePinch,TesolloCubePinch-20260622-204625-cubepinch_sb_baseline_s3,baseline,3,1,20,1.0,4.276002,4.195343,4.195343,2.24786,1.947482,0,0.285241,3682863
pinch,pinch_sweep_size_rand-20260622-195014,TesolloCubePinch,TesolloCubePinch-20260622-204625-cubepinch_sb_baseline_s3,baseline,3,1,21,1.05,4.276002,4.031685,4.031685,2.082027,1.949658,0,0.283577,3682863
pinch,pinch_sweep_size_rand-20260622-195014,TesolloCubePinch,TesolloCubePinch-20260622-204625-cubepinch_sb_baseline_s3,baseline,3,1,22,1.1,4.276002,4.166294,4.166294,2.231846,1.934448,0,0.285072,3682863
pinch,pinch_sweep_size_rand-20260622-195014,TesolloCubePinch,TesolloCubePinch-20260622-204625-cubepinch_sb_baseline_s3,baseline,3,1,23,1.15,4.276002,4.291275,4.291275,2.228698,2.062576,1,0.785446,3682863
pinch,pinch_sweep_size_rand-20260622-195014,TesolloCubePinch,TesolloCubePinch-20260622-204625-cubepinch_sb_baseline_s3,baseline,3,1,24,1.2,4.276002,4.279243,4.279243,2.225935,2.053308,1,0.785455,3682863
pinch,pinch_sweep_size_rand-20260622-195014,TesolloCubePinch,TesolloCubePinch-20260622-204625-cubepinch_sb_baseline_s3,baseline,3,1,25,1.25,4.276002,4.203298,4.203298,2.223127,1.980171,1,0.785291,3682863
pinch,pinch_sweep_size_rand-20260622-195014,TesolloCubePinch,TesolloCubePinch-20260622-204625-cubepinch_sb_baseline_s3,baseline,3,1,26,1.3,4.276002,4.205217,4.205217,2.220599,1.984618,1,0.785302,3682863
pinch,pinch_sweep_size_rand-20260622-195014,TesolloCubePinch,TesolloCubePinch-20260622-204625-cubepinch_sb_baseline_s3,baseline,3,1,27,1.35,4.276002,4.205872,4.205872,2.21799,1.987882,1,0.785308,3682863
pinch,pinch_sweep_size_rand-20260622-195014,TesolloCubePinch,TesolloCubePinch-20260622-204625-cubepinch_sb_baseline_s3,baseline,3,1,28,1.4,4.276002,4.067284,4.067284,1.944121,2.123162,1,0.784097,3682863
pinch,pinch_sweep_size_rand-20260622-195014,TesolloCubePinch,TesolloCubePinch-20260622-204625-cubepinch_sb_baseline_s3,baseline,3,1,29,1.45,4.276002,4.205167,4.205167,2.213608,1.99156,1,0.785309,3682863
pinch,pinch_sweep_size_rand-20260622-195014,TesolloCubePinch,TesolloCubePinch-20260622-204625-cubepinch_sb_baseline_s3,baseline,3,1,30,1.5,4.276002,3.775713,3.775713,1.782205,1.993508,1,0.777712,3682863
pinch,pinch_sweep_size_rand-20260622-195014,TesolloCubePinch,TesolloCubePinch-20260622-204625-cubepinch_sb_baseline_s3,baseline,3,1,31,1.55,4.276002,4.205445,4.205445,2.209928,1.995517,1,0.785314,3682863
pinch,pinch_sweep_size_rand-20260622-195014,TesolloCubePinch,TesolloCubePinch-20260622-204625-cubepinch_sb_baseline_s3,baseline,3,1,32,1.6,4.276002,4.205642,4.205642,2.208289,1.997353,1,0.785317,3682863
pinch,pinch_sweep_size_rand-20260622-195014,TesolloCubePinch,TesolloCubePinch-20260622-204625-cubepinch_sb_baseline_s3,baseline,3,1,33,1.65,4.276002,4.20576,4.20576,2.206852,1.998907,1,0.785318,3682863
pinch,pinch_sweep_size_rand-20260622-195014,TesolloCubePinch,TesolloCubePinch-20260622-204625-cubepinch_sb_baseline_s3,baseline,3,1,34,1.7,4.276002,4.091582,4.091582,2.091151,2.000431,1,0.784406,3682863
pinch,pinch_sweep_size_rand-20260622-195014,TesolloCubePinch,TesolloCubePinch-20260622-204625-cubepinch_sb_baseline_s3,baseline,3,1,35,1.75,4.276002,4.205882,4.205882,2.204199,2.001683,1,0.78532,3682863
pinch,pinch_sweep_size_rand-20260622-195014,TesolloCubePinch,TesolloCubePinch-20260622-204625-cubepinch_sb_baseline_s3,baseline,3,1,36,1.8,4.276002,4.086292,4.086292,2.202989,1.883303,1,0.784345,3682863
pinch,pinch_sweep_size_rand-20260622-195014,TesolloCubePinch,TesolloCubePinch-20260622-204625-cubepinch_sb_baseline_s3,baseline,3,1,37,1.85,4.276002,4.205603,4.205603,2.202018,2.003584,1,0.78532,3682863
pinch,pinch_sweep_size_rand-20260622-195014,TesolloCubePinch,TesolloCubePinch-20260622-204625-cubepinch_sb_baseline_s3,baseline,3,1,38,1.9,4.276002,4.20574,4.20574,2.201294,2.004446,1,0.785321,3682863
pinch,pinch_sweep_size_rand-20260622-195014,TesolloCubePinch,TesolloCubePinch-20260622-204625-cubepinch_sb_baseline_s3,baseline,3,1,39,1.95,4.276002,4.205353,4.205353,2.200511,2.004841,1,0.78532,3682863
pinch,pinch_sweep_size_rand-20260622-195014,TesolloCubePinch,TesolloCubePinch-20260622-204625-cubepinch_sb_baseline_s3,baseline,3,1,40,2.0,4.276002,4.205658,4.205658,2.200059,2.0056,1,0.785322,3682863
pinch,pinch_sweep_size_rand-20260622-195014,TesolloCubePinch,TesolloCubePinch-20260622-204625-cubepinch_sb_baseline_s3,baseline,3,1,41,2.05,4.276002,4.205276,4.205276,2.199574,2.005702,1,0.785322,3682863
pinch,pinch_sweep_size_rand-20260622-195014,TesolloCubePinch,TesolloCubePinch-20260622-204625-cubepinch_sb_baseline_s3,baseline,3,1,42,2.1,4.276002,4.204607,4.204607,2.199311,2.005295,1,0.785321,3682863
pinch,pinch_sweep_size_rand-20260622-195014,TesolloCubePinch,TesolloCubePinch-20260622-204625-cubepinch_sb_baseline_s3,baseline,3,1,43,2.15,4.276002,4.257488,4.257488,2.199089,2.058399,1,0.785472,3682863
pinch,pinch_sweep_size_rand-20260622-195014,TesolloCubePinch,TesolloCubePinch-20260622-204625-cubepinch_sb_baseline_s3,baseline,3,1,44,2.2,4.276002,4.204115,4.204115,2.199373,2.004742,1,0.785323,3682863
pinch,pinch_sweep_size_rand-20260622-195014,TesolloCubePinch,TesolloCubePinch-20260622-204625-cubepinch_sb_baseline_s3,baseline,3,1,45,2.25,4.276002,4.148293,4.148293,2.200133,1.94816,1,0.784975,3682863
pinch,pinch_sweep_size_rand-20260622-195014,TesolloCubePinch,TesolloCubePinch-20260622-204625-cubepinch_sb_baseline_s3,baseline,3,1,46,2.3,4.276002,4.20517,4.20517,2.200462,2.004707,1,0.785332,3682863
pinch,pinch_sweep_size_rand-20260622-195014,TesolloCubePinch,TesolloCubePinch-20260622-204625-cubepinch_sb_baseline_s3,baseline,3,1,47,2.35,4.276002,4.204278,4.204278,2.201208,2.00307,1,0.785331,3682863
pinch,pinch_sweep_size_rand-20260622-195014,TesolloCubePinch,TesolloCubePinch-20260622-204625-cubepinch_sb_baseline_s3,baseline,3,1,48,2.4,4.276002,4.15164,4.15164,2.149531,2.002109,1,0.785009,3682863
pinch,pinch_sweep_size_rand-20260622-195014,TesolloCubePinch,TesolloCubePinch-20260622-204625-cubepinch_sb_baseline_s3,baseline,3,1,49,2.45,4.276002,4.079875,4.079875,2.080092,1.999782,1,0.78429,3682863
pinch,pinch_sweep_size_rand-20260622-195014,TesolloCubePinch,TesolloCubePinch-20260622-204625-cubepinch_sb_baseline_s3,baseline,3,1,50,2.5,4.276002,4.203285,4.203285,2.204348,1.998937,1,0.785335,3682863
pinch,pinch_sweep_size_rand-20260622-195014,TesolloCubePinch,TesolloCubePinch-20260622-204625-cubepinch_sb_baseline_s3,baseline,3,1,51,2.55,4.276002,4.880149,4.880149,2.205805,2.674344,1,0.774274,3682863
pinch,pinch_sweep_size_rand-20260622-195014,TesolloCubePinch,TesolloCubePinch-20260622-204625-cubepinch_sb_baseline_s3,baseline,3,1,52,2.6,4.276002,4.202644,4.202644,2.207323,1.995321,1,0.78534,3682863
pinch,pinch_sweep_size_rand-20260622-195014,TesolloCubePinch,TesolloCubePinch-20260622-204625-cubepinch_sb_baseline_s3,baseline,3,1,53,2.65,4.276002,3.901885,3.901885,1.908137,1.993748,1,0.781145,3682863
pinch,pinch_sweep_size_rand-20260622-195014,TesolloCubePinch,TesolloCubePinch-20260622-204625-cubepinch_sb_baseline_s3,baseline,3,1,54,2.7,4.276002,4.360545,4.360545,2.368926,1.991619,1,0.785293,3682863
pinch,pinch_sweep_size_rand-20260622-195014,TesolloCubePinch,TesolloCubePinch-20260622-204625-cubepinch_sb_baseline_s3,baseline,3,1,55,2.75,4.276002,4.690321,4.690321,2.213127,2.477194,1,0.780176,3682863
pinch,pinch_sweep_size_rand-20260622-195014,TesolloCubePinch,TesolloCubePinch-20260622-204625-cubepinch_sb_baseline_s3,baseline,3,1,56,2.8,4.276002,4.203794,4.203794,2.215556,1.988238,1,0.785363,3682863
pinch,pinch_sweep_size_rand-20260622-195014,TesolloCubePinch,TesolloCubePinch-20260622-204625-cubepinch_sb_baseline_s3,baseline,3,1,57,2.85,4.276002,4.203071,4.203071,2.21787,1.985201,1,0.785365,3682863
pinch,pinch_sweep_size_rand-20260622-195014,TesolloCubePinch,TesolloCubePinch-20260622-204625-cubepinch_sb_baseline_s3,baseline,3,1,58,2.9,4.276002,4.203174,4.203174,2.220537,1.982637,1,0.785372,3682863
pinch,pinch_sweep_size_rand-20260622-195014,TesolloCubePinch,TesolloCubePinch-20260622-204625-cubepinch_sb_baseline_s3,baseline,3,1,59,2.95,4.276002,4.203836,4.203836,2.223453,1.980384,1,0.785381,3682863
pinch,pinch_sweep_size_rand-20260622-195014,TesolloCubePinch,TesolloCubePinch-20260622-204625-cubepinch_sb_baseline_s3,baseline,3,1,60,3.0,4.276002,4.205499,4.205499,2.226838,1.978661,1,0.785395,3682863
pinch,pinch_sweep_size_rand-20260622-195014,TesolloCubePinch,TesolloCubePinch-20260622-204625-cubepinch_sb_baseline_s3,baseline,3,1,61,3.05,4.276002,4.204949,4.204949,2.229651,1.975298,1,0.7854,3682863
pinch,pinch_sweep_size_rand-20260622-195014,TesolloCubePinch,TesolloCubePinch-20260622-204625-cubepinch_sb_baseline_s3,baseline,3,1,62,3.1,4.276002,4.904605,4.904605,2.233105,2.6715,1,0.773431,3682863
pinch,pinch_sweep_size_rand-20260622-195014,TesolloCubePinch,TesolloCubePinch-20260622-204625-cubepinch_sb_baseline_s3,baseline,3,1,63,3.15,4.276002,4.206523,4.206523,2.236636,1.969887,1,0.785423,3682863
pinch,pinch_sweep_size_rand-20260622-195014,TesolloCubePinch,TesolloCubePinch-20260622-204625-cubepinch_sb_baseline_s3,baseline,3,1,64,3.2,4.276002,4.20745,4.20745,2.240362,1.967088,1,0.785436,3682863
pinch,pinch_sweep_size_rand-20260622-195014,TesolloCubePinch,TesolloCubePinch-20260622-204625-cubepinch_sb_baseline_s3,baseline,3,1,65,3.25,4.276002,4.208777,4.208777,2.244329,1.964448,1,0.785451,3682863
pinch,pinch_sweep_size_rand-20260622-195014,TesolloCubePinch,TesolloCubePinch-20260622-204625-cubepinch_sb_baseline_s3,baseline,3,1,66,3.3,4.276002,4.920088,4.920088,2.248536,2.671553,1,0.772878,3682863
pinch,pinch_sweep_size_rand-20260622-195014,TesolloCubePinch,TesolloCubePinch-20260622-204625-cubepinch_sb_baseline_s3,baseline,3,1,67,3.35,4.276002,4.468554,4.468554,2.252874,2.215681,1,0.78445,3682863
pinch,pinch_sweep_size_rand-20260622-195014,TesolloCubePinch,TesolloCubePinch-20260622-204625-cubepinch_sb_baseline_s3,baseline,3,1,68,3.4,4.276002,4.213344,4.213344,2.257525,1.955819,1,0.785504,3682863
pinch,pinch_sweep_size_rand-20260622-195014,TesolloCubePinch,TesolloCubePinch-20260622-204625-cubepinch_sb_baseline_s3,baseline,3,1,69,3.45,4.276002,4.08955,4.08955,2.136523,1.953027,1,0.784548,3682863
pinch,pinch_sweep_size_rand-20260622-195014,TesolloCubePinch,TesolloCubePinch-20260622-204625-cubepinch_sb_baseline_s3,baseline,3,1,70,3.5,4.276002,4.217422,4.217422,2.267082,1.95034,1,0.785546,3682863
pinch,pinch_sweep_size_rand-20260622-195014,TesolloCubePinch,TesolloCubePinch-20260622-204625-cubepinch_sb_baseline_s3,baseline,3,1,71,3.55,4.276002,4.056024,4.056024,1.974934,2.08109,1,0.78415,3682863
pinch,pinch_sweep_size_rand-20260622-195014,TesolloCubePinch,TesolloCubePinch-20260622-204625-cubepinch_sb_baseline_s3,baseline,3,1,72,3.6,4.276002,4.222141,4.222141,2.277393,1.944747,1,0.785594,3682863
pinch,pinch_sweep_size_rand-20260622-195014,TesolloCubePinch,TesolloCubePinch-20260622-204625-cubepinch_sb_baseline_s3,baseline,3,1,73,3.65,4.276002,3.707116,3.707116,1.765103,1.942013,1,0.775718,3682863
pinch,pinch_sweep_size_rand-20260622-195014,TesolloCubePinch,TesolloCubePinch-20260622-204625-cubepinch_sb_baseline_s3,baseline,3,1,74,3.7,4.276002,4.096717,4.096717,2.289121,1.807596,1,0.784711,3682863
pinch,pinch_sweep_size_rand-20260622-195014,TesolloCubePinch,TesolloCubePinch-20260622-204625-cubepinch_sb_baseline_s3,baseline,3,1,75,3.75,4.276002,4.962554,4.962554,2.29568,2.666874,1,0.771333,3682863
pinch,pinch_sweep_size_rand-20260622-195014,TesolloCubePinch,TesolloCubePinch-20260622-204625-cubepinch_sb_baseline_s3,baseline,3,1,76,3.8,4.276002,4.235647,4.235647,2.302445,1.933202,1,0.785712,3682863
pinch,pinch_sweep_size_rand-20260622-195014,TesolloCubePinch,TesolloCubePinch-20260622-204625-cubepinch_sb_baseline_s3,baseline,3,1,77,3.85,4.276002,4.237065,4.237065,2.309305,1.92776,1,0.785739,3682863
pinch,pinch_sweep_size_rand-20260622-195014,TesolloCubePinch,TesolloCubePinch-20260622-204625-cubepinch_sb_baseline_s3,baseline,3,1,78,3.9,4.276002,4.238586,4.238586,2.316626,1.92196,1,0.785767,3682863
pinch,pinch_sweep_size_rand-20260622-195014,TesolloCubePinch,TesolloCubePinch-20260622-204625-cubepinch_sb_baseline_s3,baseline,3,1,79,3.95,4.276002,3.769047,3.769047,1.852908,1.916139,1,0.777876,3682863
pinch,pinch_sweep_size_rand-20260622-195014,TesolloCubePinch,TesolloCubePinch-20260622-204625-cubepinch_sb_baseline_s3,baseline,3,2,0,0.0,4.535643,0.0,0.0,0.0,0.0,0,0.05549,3682863
pinch,pinch_sweep_size_rand-20260622-195014,TesolloCubePinch,TesolloCubePinch-20260622-204625-cubepinch_sb_baseline_s3,baseline,3,2,1,0.05,4.535643,0.0,0.0,0.0,0.0,0,0.058234,3682863
pinch,pinch_sweep_size_rand-20260622-195014,TesolloCubePinch,TesolloCubePinch-20260622-204625-cubepinch_sb_baseline_s3,baseline,3,2,2,0.1,4.535643,2.911639,0.0,2.911639,0.0,0,0.061173,3682863
pinch,pinch_sweep_size_rand-20260622-195014,TesolloCubePinch,TesolloCubePinch-20260622-204625-cubepinch_sb_baseline_s3,baseline,3,2,3,0.15,4.535643,2.333908,0.0,0.0,2.333908,0,0.061683,3682863
pinch,pinch_sweep_size_rand-20260622-195014,TesolloCubePinch,TesolloCubePinch-20260622-204625-cubepinch_sb_baseline_s3,baseline,3,2,4,0.2,4.535643,4.91322,4.91322,2.524915,2.388305,0,0.282677,3682863
pinch,pinch_sweep_size_rand-20260622-195014,TesolloCubePinch,TesolloCubePinch-20260622-204625-cubepinch_sb_baseline_s3,baseline,3,2,5,0.25,4.535643,5.202628,5.202628,2.909214,2.293414,0,0.274603,3682863
pinch,pinch_sweep_size_rand-20260622-195014,TesolloCubePinch,TesolloCubePinch-20260622-204625-cubepinch_sb_baseline_s3,baseline,3,2,6,0.3,4.535643,2.165447,0.0,0.0,2.165447,0,0.06167,3682863
pinch,pinch_sweep_size_rand-20260622-195014,TesolloCubePinch,TesolloCubePinch-20260622-204625-cubepinch_sb_baseline_s3,baseline,3,2,7,0.35,4.535643,0.0,0.0,0.0,0.0,0,0.06083,3682863
pinch,pinch_sweep_size_rand-20260622-195014,TesolloCubePinch,TesolloCubePinch-20260622-204625-cubepinch_sb_baseline_s3,baseline,3,2,8,0.4,4.535643,4.698469,4.698469,2.90515,1.79332,0,0.284666,3682863
pinch,pinch_sweep_size_rand-20260622-195014,TesolloCubePinch,TesolloCubePinch-20260622-204625-cubepinch_sb_baseline_s3,baseline,3,2,9,0.45,4.535643,13.641616,13.641616,12.058192,1.583424,0,0.035094,3682863
pinch,pinch_sweep_size_rand-20260622-195014,TesolloCubePinch,TesolloCubePinch-20260622-204625-cubepinch_sb_baseline_s3,baseline,3,2,10,0.5,4.535643,5.665146,5.665146,4.03671,1.628436,0,0.251037,3682863
pinch,pinch_sweep_size_rand-20260622-195014,TesolloCubePinch,TesolloCubePinch-20260622-204625-cubepinch_sb_baseline_s3,baseline,3,2,11,0.55,4.535643,5.721964,5.721964,4.107702,1.614262,0,0.248457,3682863
pinch,pinch_sweep_size_rand-20260622-195014,TesolloCubePinch,TesolloCubePinch-20260622-204625-cubepinch_sb_baseline_s3,baseline,3,2,12,0.6,4.535643,4.177759,4.177759,2.364474,1.813286,0,0.281669,3682863
pinch,pinch_sweep_size_rand-20260622-195014,TesolloCubePinch,TesolloCubePinch-20260622-204625-cubepinch_sb_baseline_s3,baseline,3,2,13,0.65,4.535643,4.369085,4.369085,2.609017,1.760068,0,0.284541,3682863
pinch,pinch_sweep_size_rand-20260622-195014,TesolloCubePinch,TesolloCubePinch-20260622-204625-cubepinch_sb_baseline_s3,baseline,3,2,14,0.7,4.535643,4.311719,4.311719,2.50673,1.804989,0,0.283933,3682863
pinch,pinch_sweep_size_rand-20260622-195014,TesolloCubePinch,TesolloCubePinch-20260622-204625-cubepinch_sb_baseline_s3,baseline,3,2,15,0.75,4.535643,4.280973,4.280973,2.436792,1.844181,0,0.283535,3682863
pinch,pinch_sweep_size_rand-20260622-195014,TesolloCubePinch,TesolloCubePinch-20260622-204625-cubepinch_sb_baseline_s3,baseline,3,2,16,0.8,4.535643,4.642002,4.642002,2.755984,1.886018,0,0.285033,3682863
pinch,pinch_sweep_size_rand-20260622-195014,TesolloCubePinch,TesolloCubePinch-20260622-204625-cubepinch_sb_baseline_s3,baseline,3,2,17,0.85,4.535643,4.121161,4.121161,2.204221,1.91694,0,0.280591,3682863
pinch,pinch_sweep_size_rand-20260622-195014,TesolloCubePinch,TesolloCubePinch-20260622-204625-cubepinch_sb_baseline_s3,baseline,3,2,18,0.9,4.535643,4.278339,4.278339,2.340983,1.937356,0,0.283507,3682863
pinch,pinch_sweep_size_rand-20260622-195014,TesolloCubePinch,TesolloCubePinch-20260622-204625-cubepinch_sb_baseline_s3,baseline,3,2,19,0.95,4.535643,4.282044,4.282044,2.333528,1.948516,0,0.28356,3682863
pinch,pinch_sweep_size_rand-20260622-195014,TesolloCubePinch,TesolloCubePinch-20260622-204625-cubepinch_sb_baseline_s3,baseline,3,2,20,1.0,4.535643,4.31672,4.31672,2.330914,1.985806,0,0.284016,3682863
pinch,pinch_sweep_size_rand-20260622-195014,TesolloCubePinch,TesolloCubePinch-20260622-204625-cubepinch_sb_baseline_s3,baseline,3,2,21,1.05,4.535643,4.287136,4.287136,2.329973,1.957162,1,0.783631,3682863
pinch,pinch_sweep_size_rand-20260622-195014,TesolloCubePinch,TesolloCubePinch-20260622-204625-cubepinch_sb_baseline_s3,baseline,3,2,22,1.1,4.535643,4.290723,4.290723,2.330081,1.960642,1,0.783679,3682863
pinch,pinch_sweep_size_rand-20260622-195014,TesolloCubePinch,TesolloCubePinch-20260622-204625-cubepinch_sb_baseline_s3,baseline,3,2,23,1.15,4.535643,4.293947,4.293947,2.330405,1.963541,1,0.783721,3682863
pinch,pinch_sweep_size_rand-20260622-195014,TesolloCubePinch,TesolloCubePinch-20260622-204625-cubepinch_sb_baseline_s3,baseline,3,2,24,1.2,4.535643,4.353456,4.353456,2.387771,1.965685,1,0.784422,3682863
pinch,pinch_sweep_size_rand-20260622-195014,TesolloCubePinch,TesolloCubePinch-20260622-204625-cubepinch_sb_baseline_s3,baseline,3,2,25,1.25,4.535643,4.299824,4.299824,2.332377,1.967446,1,0.783796,3682863
pinch,pinch_sweep_size_rand-20260622-195014,TesolloCubePinch,TesolloCubePinch-20260622-204625-cubepinch_sb_baseline_s3,baseline,3,2,26,1.3,4.535643,4.302121,4.302121,2.333669,1.968452,1,0.783826,3682863
pinch,pinch_sweep_size_rand-20260622-195014,TesolloCubePinch,TesolloCubePinch-20260622-204625-cubepinch_sb_baseline_s3,baseline,3,2,27,1.35,4.535643,4.307405,4.307405,2.335433,1.971972,1,0.783895,3682863
pinch,pinch_sweep_size_rand-20260622-195014,TesolloCubePinch,TesolloCubePinch-20260622-204625-cubepinch_sb_baseline_s3,baseline,3,2,28,1.4,4.535643,4.126869,4.126869,2.155506,1.971364,1,0.780719,3682863
pinch,pinch_sweep_size_rand-20260622-195014,TesolloCubePinch,TesolloCubePinch-20260622-204625-cubepinch_sb_baseline_s3,baseline,3,2,29,1.45,4.535643,4.311804,4.311804,2.340961,1.970842,1,0.783957,3682863
pinch,pinch_sweep_size_rand-20260622-195014,TesolloCubePinch,TesolloCubePinch-20260622-204625-cubepinch_sb_baseline_s3,baseline,3,2,30,1.5,4.535643,4.314167,4.314167,2.344135,1.970031,1,0.783991,3682863
pinch,pinch_sweep_size_rand-20260622-195014,TesolloCubePinch,TesolloCubePinch-20260622-204625-cubepinch_sb_baseline_s3,baseline,3,2,31,1.55,4.535643,4.612771,4.612771,2.806516,1.806255,1,0.785199,3682863
pinch,pinch_sweep_size_rand-20260622-195014,TesolloCubePinch,TesolloCubePinch-20260622-204625-cubepinch_sb_baseline_s3,baseline,3,2,32,1.6,4.535643,4.319262,4.319262,2.351587,1.967675,1,0.784066,3682863
pinch,pinch_sweep_size_rand-20260622-195014,TesolloCubePinch,TesolloCubePinch-20260622-204625-cubepinch_sb_baseline_s3,baseline,3,2,33,1.65,4.535643,4.321738,4.321738,2.35559,1.966148,1,0.784103,3682863
pinch,pinch_sweep_size_rand-20260622-195014,TesolloCubePinch,TesolloCubePinch-20260622-204625-cubepinch_sb_baseline_s3,baseline,3,2,34,1.7,4.535643,4.324539,4.324539,2.359987,1.964552,1,0.784145,3682863
pinch,pinch_sweep_size_rand-20260622-195014,TesolloCubePinch,TesolloCubePinch-20260622-204625-cubepinch_sb_baseline_s3,baseline,3,2,35,1.75,4.535643,4.327583,4.327583,2.36473,1.962854,1,0.784191,3682863
pinch,pinch_sweep_size_rand-20260622-195014,TesolloCubePinch,TesolloCubePinch-20260622-204625-cubepinch_sb_baseline_s3,baseline,3,2,36,1.8,4.535643,4.331412,4.331412,2.370466,1.960946,1,0.784246,3682863
pinch,pinch_sweep_size_rand-20260622-195014,TesolloCubePinch,TesolloCubePinch-20260622-204625-cubepinch_sb_baseline_s3,baseline,3,2,37,1.85,4.535643,4.335737,4.335737,2.376568,1.959169,1,0.784307,3682863
pinch,pinch_sweep_size_rand-20260622-195014,TesolloCubePinch,TesolloCubePinch-20260622-204625-cubepinch_sb_baseline_s3,baseline,3,2,38,1.9,4.535643,4.515812,4.515812,2.382994,2.132818,1,0.785426,3682863
pinch,pinch_sweep_size_rand-20260622-195014,TesolloCubePinch,TesolloCubePinch-20260622-204625-cubepinch_sb_baseline_s3,baseline,3,2,39,1.95,4.535643,4.344419,4.344419,2.389358,1.95506,1,0.784431,3682863
pinch,pinch_sweep_size_rand-20260622-195014,TesolloCubePinch,TesolloCubePinch-20260622-204625-cubepinch_sb_baseline_s3,baseline,3,2,40,2.0,4.535643,4.349064,4.349064,2.395984,1.95308,1,0.784496,3682863
pinch,pinch_sweep_size_rand-20260622-195014,TesolloCubePinch,TesolloCubePinch-20260622-204625-cubepinch_sb_baseline_s3,baseline,3,2,41,2.05,4.535643,4.353278,4.353278,2.402567,1.950711,1,0.784558,3682863
pinch,pinch_sweep_size_rand-20260622-195014,TesolloCubePinch,TesolloCubePinch-20260622-204625-cubepinch_sb_baseline_s3,baseline,3,2,42,2.1,4.535643,4.357422,4.357422,2.409398,1.948024,1,0.78462,3682863
pinch,pinch_sweep_size_rand-20260622-195014,TesolloCubePinch,TesolloCubePinch-20260622-204625-cubepinch_sb_baseline_s3,baseline,3,2,43,2.15,4.535643,4.081964,4.081964,2.138569,1.943395,1,0.779835,3682863
pinch,pinch_sweep_size_rand-20260622-195014,TesolloCubePinch,TesolloCubePinch-20260622-204625-cubepinch_sb_baseline_s3,baseline,3,2,44,2.2,4.535643,4.36105,4.36105,2.423494,1.937556,1,0.784701,3682863
pinch,pinch_sweep_size_rand-20260622-195014,TesolloCubePinch,TesolloCubePinch-20260622-204625-cubepinch_sb_baseline_s3,baseline,3,2,45,2.25,4.535643,4.108871,4.108871,2.430575,1.678296,1,0.780533,3682863
pinch,pinch_sweep_size_rand-20260622-195014,TesolloCubePinch,TesolloCubePinch-20260622-204625-cubepinch_sb_baseline_s3,baseline,3,2,46,2.3,4.535643,4.363791,4.363791,2.437506,1.926284,1,0.784781,3682863
pinch,pinch_sweep_size_rand-20260622-195014,TesolloCubePinch,TesolloCubePinch-20260622-204625-cubepinch_sb_baseline_s3,baseline,3,2,47,2.35,4.535643,4.364501,4.364501,2.444186,1.920314,1,0.784817,3682863
pinch,pinch_sweep_size_rand-20260622-195014,TesolloCubePinch,TesolloCubePinch-20260622-204625-cubepinch_sb_baseline_s3,baseline,3,2,48,2.4,4.535643,3.99042,3.99042,2.076497,1.913923,1,0.777485,3682863
pinch,pinch_sweep_size_rand-20260622-195014,TesolloCubePinch,TesolloCubePinch-20260622-204625-cubepinch_sb_baseline_s3,baseline,3,2,49,2.45,4.535643,4.552142,4.552142,2.250541,2.301601,1,0.785692,3682863
pinch,pinch_sweep_size_rand-20260622-195014,TesolloCubePinch,TesolloCubePinch-20260622-204625-cubepinch_sb_baseline_s3,baseline,3,2,50,2.5,4.535643,4.208247,4.208247,2.187528,2.02072,1,0.782753,3682863
pinch,pinch_sweep_size_rand-20260622-195014,TesolloCubePinch,TesolloCubePinch-20260622-204625-cubepinch_sb_baseline_s3,baseline,3,2,51,2.55,4.535643,4.364279,4.364279,2.469434,1.894845,1,0.784951,3682863
pinch,pinch_sweep_size_rand-20260622-195014,TesolloCubePinch,TesolloCubePinch-20260622-204625-cubepinch_sb_baseline_s3,baseline,3,2,52,2.6,4.535643,4.293019,4.293019,2.596708,1.696311,1,0.784168,3682863
pinch,pinch_sweep_size_rand-20260622-195014,TesolloCubePinch,TesolloCubePinch-20260622-204625-cubepinch_sb_baseline_s3,baseline,3,2,53,2.65,4.535643,3.988291,3.988291,2.106981,1.88131,1,0.777606,3682863
pinch,pinch_sweep_size_rand-20260622-195014,TesolloCubePinch,TesolloCubePinch-20260622-204625-cubepinch_sb_baseline_s3,baseline,3,2,54,2.7,4.535643,4.745308,4.745308,2.438083,2.307225,1,0.784669,3682863
pinch,pinch_sweep_size_rand-20260622-195014,TesolloCubePinch,TesolloCubePinch-20260622-204625-cubepinch_sb_baseline_s3,baseline,3,2,55,2.75,4.535643,4.74809,4.74809,2.967383,1.780707,1,0.784691,3682863
pinch,pinch_sweep_size_rand-20260622-195014,TesolloCubePinch,TesolloCubePinch-20260622-204625-cubepinch_sb_baseline_s3,baseline,3,2,56,2.8,4.535643,3.88607,3.88607,2.024116,1.861954,1,0.774472,3682863
pinch,pinch_sweep_size_rand-20260622-195014,TesolloCubePinch,TesolloCubePinch-20260622-204625-cubepinch_sb_baseline_s3,baseline,3,2,57,2.85,4.535643,2.807242,2.807242,0.966026,1.841216,0,0.215037,3682863
pinch,pinch_sweep_size_rand-20260622-195014,TesolloCubePinch,TesolloCubePinch-20260622-204625-cubepinch_sb_baseline_s3,baseline,3,2,58,2.9,4.535643,3.993083,3.993083,2.083255,1.909828,0,0.278043,3682863
pinch,pinch_sweep_size_rand-20260622-195014,TesolloCubePinch,TesolloCubePinch-20260622-204625-cubepinch_sb_baseline_s3,baseline,3,2,59,2.95,4.535643,4.086405,4.086405,2.1671,1.919306,0,0.280626,3682863
pinch,pinch_sweep_size_rand-20260622-195014,TesolloCubePinch,TesolloCubePinch-20260622-204625-cubepinch_sb_baseline_s3,baseline,3,2,60,3.0,4.535643,3.918457,3.918457,2.02702,1.891436,0,0.275874,3682863
pinch,pinch_sweep_size_rand-20260622-195014,TesolloCubePinch,TesolloCubePinch-20260622-204625-cubepinch_sb_baseline_s3,baseline,3,2,61,3.05,4.535643,4.188947,4.188947,2.303898,1.885049,0,0.28305,3682863
pinch,pinch_sweep_size_rand-20260622-195014,TesolloCubePinch,TesolloCubePinch-20260622-204625-cubepinch_sb_baseline_s3,baseline,3,2,62,3.1,4.535643,4.227411,4.227411,2.349507,1.877904,0,0.283822,3682863
pinch,pinch_sweep_size_rand-20260622-195014,TesolloCubePinch,TesolloCubePinch-20260622-204625-cubepinch_sb_baseline_s3,baseline,3,2,63,3.15,4.535643,4.317871,4.317871,2.37827,1.939601,0,0.285218,3682863
pinch,pinch_sweep_size_rand-20260622-195014,TesolloCubePinch,TesolloCubePinch-20260622-204625-cubepinch_sb_baseline_s3,baseline,3,2,64,3.2,4.535643,4.004899,4.004899,2.043963,1.960936,0,0.278856,3682863
pinch,pinch_sweep_size_rand-20260622-195014,TesolloCubePinch,TesolloCubePinch-20260622-204625-cubepinch_sb_baseline_s3,baseline,3,2,65,3.25,4.535643,4.280221,4.280221,2.413982,1.866238,0,0.284871,3682863
pinch,pinch_sweep_size_rand-20260622-195014,TesolloCubePinch,TesolloCubePinch-20260622-204625-cubepinch_sb_baseline_s3,baseline,3,2,66,3.3,4.535643,4.288785,4.288785,2.425203,1.863582,0,0.285064,3682863
pinch,pinch_sweep_size_rand-20260622-195014,TesolloCubePinch,TesolloCubePinch-20260622-204625-cubepinch_sb_baseline_s3,baseline,3,2,67,3.35,4.535643,4.295765,4.295765,2.434468,1.861297,1,0.785233,3682863
pinch,pinch_sweep_size_rand-20260622-195014,TesolloCubePinch,TesolloCubePinch-20260622-204625-cubepinch_sb_baseline_s3,baseline,3,2,68,3.4,4.535643,4.301943,4.301943,2.442734,1.85921,1,0.785387,3682863
pinch,pinch_sweep_size_rand-20260622-195014,TesolloCubePinch,TesolloCubePinch-20260622-204625-cubepinch_sb_baseline_s3,baseline,3,2,69,3.45,4.535643,4.306675,4.306675,2.449306,1.857369,1,0.785521,3682863
pinch,pinch_sweep_size_rand-20260622-195014,TesolloCubePinch,TesolloCubePinch-20260622-204625-cubepinch_sb_baseline_s3,baseline,3,2,70,3.5,4.535643,4.156219,4.156219,2.300452,1.855768,1,0.783059,3682863
pinch,pinch_sweep_size_rand-20260622-195014,TesolloCubePinch,TesolloCubePinch-20260622-204625-cubepinch_sb_baseline_s3,baseline,3,2,71,3.55,4.535643,4.314966,4.314966,2.460785,1.854181,1,0.785768,3682863
pinch,pinch_sweep_size_rand-20260622-195014,TesolloCubePinch,TesolloCubePinch-20260622-204625-cubepinch_sb_baseline_s3,baseline,3,2,72,3.6,4.535643,4.31849,4.31849,2.465743,1.852747,1,0.785882,3682863
pinch,pinch_sweep_size_rand-20260622-195014,TesolloCubePinch,TesolloCubePinch-20260622-204625-cubepinch_sb_baseline_s3,baseline,3,2,73,3.65,4.535643,4.101908,4.101908,2.250406,1.851502,1,0.782058,3682863
pinch,pinch_sweep_size_rand-20260622-195014,TesolloCubePinch,TesolloCubePinch-20260622-204625-cubepinch_sb_baseline_s3,baseline,3,2,74,3.7,4.535643,4.324533,4.324533,2.474226,1.850308,1,0.786093,3682863
pinch,pinch_sweep_size_rand-20260622-195014,TesolloCubePinch,TesolloCubePinch-20260622-204625-cubepinch_sb_baseline_s3,baseline,3,2,75,3.75,4.535643,4.326936,4.326936,2.477663,1.849273,1,0.78619,3682863
pinch,pinch_sweep_size_rand-20260622-195014,TesolloCubePinch,TesolloCubePinch-20260622-204625-cubepinch_sb_baseline_s3,baseline,3,2,76,3.8,4.535643,4.330305,4.330305,2.482056,1.848248,1,0.786297,3682863
pinch,pinch_sweep_size_rand-20260622-195014,TesolloCubePinch,TesolloCubePinch-20260622-204625-cubepinch_sb_baseline_s3,baseline,3,2,77,3.85,4.535643,4.331654,4.331654,2.484309,1.847345,1,0.78638,3682863
pinch,pinch_sweep_size_rand-20260622-195014,TesolloCubePinch,TesolloCubePinch-20260622-204625-cubepinch_sb_baseline_s3,baseline,3,2,78,3.9,4.535643,4.334757,4.334757,2.488134,1.846622,1,0.786481,3682863
pinch,pinch_sweep_size_rand-20260622-195014,TesolloCubePinch,TesolloCubePinch-20260622-204625-cubepinch_sb_baseline_s3,baseline,3,2,79,3.95,4.535643,4.169351,4.169351,2.275136,1.894214,1,0.783948,3682863
pinch,pinch_sweep_size_rand-20260622-195014,TesolloCubePinch,TesolloCubePinch-20260622-213146-cubepinch_sb_forcemagnitude_s1,force.magnitude,1,0,0,0.0,4.689322,0.0,0.0,0.0,0.0,0,0.054804,0ac79f5
pinch,pinch_sweep_size_rand-20260622-195014,TesolloCubePinch,TesolloCubePinch-20260622-213146-cubepinch_sb_forcemagnitude_s1,force.magnitude,1,0,1,0.05,4.689322,0.0,0.0,0.0,0.0,0,0.056858,0ac79f5
pinch,pinch_sweep_size_rand-20260622-195014,TesolloCubePinch,TesolloCubePinch-20260622-213146-cubepinch_sb_forcemagnitude_s1,force.magnitude,1,0,2,0.1,4.689322,0.0,0.0,0.0,0.0,0,0.059456,0ac79f5
pinch,pinch_sweep_size_rand-20260622-195014,TesolloCubePinch,TesolloCubePinch-20260622-213146-cubepinch_sb_forcemagnitude_s1,force.magnitude,1,0,3,0.15,4.689322,0.0,0.0,0.0,0.0,0,0.060472,0ac79f5
pinch,pinch_sweep_size_rand-20260622-195014,TesolloCubePinch,TesolloCubePinch-20260622-213146-cubepinch_sb_forcemagnitude_s1,force.magnitude,1,0,4,0.2,4.689322,3.323354,0.0,3.323354,0.0,0,0.061288,0ac79f5
pinch,pinch_sweep_size_rand-20260622-195014,TesolloCubePinch,TesolloCubePinch-20260622-213146-cubepinch_sb_forcemagnitude_s1,force.magnitude,1,0,5,0.25,4.689322,1.222777,0.0,0.0,1.222777,0,0.060765,0ac79f5
pinch,pinch_sweep_size_rand-20260622-195014,TesolloCubePinch,TesolloCubePinch-20260622-213146-cubepinch_sb_forcemagnitude_s1,force.magnitude,1,0,6,0.3,4.689322,5.000358,5.000358,3.692561,1.307796,0,0.282552,0ac79f5
pinch,pinch_sweep_size_rand-20260622-195014,TesolloCubePinch,TesolloCubePinch-20260622-213146-cubepinch_sb_forcemagnitude_s1,force.magnitude,1,0,7,0.35,4.689322,7.939947,7.939947,4.076832,3.863115,0,0.117528,0ac79f5
pinch,pinch_sweep_size_rand-20260622-195014,TesolloCubePinch,TesolloCubePinch-20260622-213146-cubepinch_sb_forcemagnitude_s1,force.magnitude,1,0,8,0.4,4.689322,5.372055,5.372055,3.918358,1.453697,0,0.273321,0ac79f5
pinch,pinch_sweep_size_rand-20260622-195014,TesolloCubePinch,TesolloCubePinch-20260622-213146-cubepinch_sb_forcemagnitude_s1,force.magnitude,1,0,9,0.45,4.689322,4.738459,4.738459,3.391304,1.347155,0,0.28468,0ac79f5
pinch,pinch_sweep_size_rand-20260622-195014,TesolloCubePinch,TesolloCubePinch-20260622-213146-cubepinch_sb_forcemagnitude_s1,force.magnitude,1,0,10,0.5,4.689322,4.713243,4.713243,3.248571,1.464672,0,0.284982,0ac79f5
pinch,pinch_sweep_size_rand-20260622-195014,TesolloCubePinch,TesolloCubePinch-20260622-213146-cubepinch_sb_forcemagnitude_s1,force.magnitude,1,0,11,0.55,4.689322,4.470845,4.470845,2.954201,1.516644,0,0.283799,0ac79f5
pinch,pinch_sweep_size_rand-20260622-195014,TesolloCubePinch,TesolloCubePinch-20260622-213146-cubepinch_sb_forcemagnitude_s1,force.magnitude,1,0,12,0.6,4.689322,4.354616,4.354616,2.786083,1.568534,0,0.282142,0ac79f5
pinch,pinch_sweep_size_rand-20260622-195014,TesolloCubePinch,TesolloCubePinch-20260622-213146-cubepinch_sb_forcemagnitude_s1,force.magnitude,1,0,13,0.65,4.689322,4.986009,4.986009,2.668914,2.317095,0,0.282795,0ac79f5
pinch,pinch_sweep_size_rand-20260622-195014,TesolloCubePinch,TesolloCubePinch-20260622-213146-cubepinch_sb_forcemagnitude_s1,force.magnitude,1,0,14,0.7,4.689322,4.698734,4.698734,2.630236,2.068498,0,0.285143,0ac79f5
pinch,pinch_sweep_size_rand-20260622-195014,TesolloCubePinch,TesolloCubePinch-20260622-213146-cubepinch_sb_forcemagnitude_s1,force.magnitude,1,0,15,0.75,4.689322,4.307019,4.307019,2.603068,1.703951,0,0.281386,0ac79f5
pinch,pinch_sweep_size_rand-20260622-195014,TesolloCubePinch,TesolloCubePinch-20260622-213146-cubepinch_sb_forcemagnitude_s1,force.magnitude,1,0,16,0.8,4.689322,4.297356,4.297356,2.560826,1.73653,0,0.281255,0ac79f5
pinch,pinch_sweep_size_rand-20260622-195014,TesolloCubePinch,TesolloCubePinch-20260622-213146-cubepinch_sb_forcemagnitude_s1,force.magnitude,1,0,17,0.85,4.689322,4.294077,4.294077,2.533282,1.760795,1,0.781244,0ac79f5
pinch,pinch_sweep_size_rand-20260622-195014,TesolloCubePinch,TesolloCubePinch-20260622-213146-cubepinch_sb_forcemagnitude_s1,force.magnitude,1,0,18,0.9,4.689322,4.896255,4.896255,2.512817,2.383439,1,0.784225,0ac79f5
pinch,pinch_sweep_size_rand-20260622-195014,TesolloCubePinch,TesolloCubePinch-20260622-213146-cubepinch_sb_forcemagnitude_s1,force.magnitude,1,0,19,0.95,4.689322,4.280549,4.280549,2.470619,1.80993,1,0.781039,0ac79f5
pinch,pinch_sweep_size_rand-20260622-195014,TesolloCubePinch,TesolloCubePinch-20260622-213146-cubepinch_sb_forcemagnitude_s1,force.magnitude,1,0,20,1.0,4.689322,4.559699,4.559699,2.287621,2.272078,1,0.784969,0ac79f5
pinch,pinch_sweep_size_rand-20260622-195014,TesolloCubePinch,TesolloCubePinch-20260622-213146-cubepinch_sb_forcemagnitude_s1,force.magnitude,1,0,21,1.05,4.689322,4.246972,4.246972,2.383891,1.863081,1,0.78041,0ac79f5
pinch,pinch_sweep_size_rand-20260622-195014,TesolloCubePinch,TesolloCubePinch-20260622-213146-cubepinch_sb_forcemagnitude_s1,force.magnitude,1,0,22,1.1,4.689322,4.256558,4.256558,2.394505,1.862053,1,0.780699,0ac79f5
pinch,pinch_sweep_size_rand-20260622-195014,TesolloCubePinch,TesolloCubePinch-20260622-213146-cubepinch_sb_forcemagnitude_s1,force.magnitude,1,0,23,1.15,4.689322,4.400354,4.400354,2.546195,1.854159,1,0.783442,0ac79f5
pinch,pinch_sweep_size_rand-20260622-195014,TesolloCubePinch,TesolloCubePinch-20260622-213146-cubepinch_sb_forcemagnitude_s1,force.magnitude,1,0,24,1.2,4.689322,4.313414,4.313414,2.434649,1.878765,1,0.782022,0ac79f5
pinch,pinch_sweep_size_rand-20260622-195014,TesolloCubePinch,TesolloCubePinch-20260622-213146-cubepinch_sb_forcemagnitude_s1,force.magnitude,1,0,25,1.25,4.689322,4.451827,4.451827,2.54339,1.908437,1,0.784293,0ac79f5
pinch,pinch_sweep_size_rand-20260622-195014,TesolloCubePinch,TesolloCubePinch-20260622-213146-cubepinch_sb_forcemagnitude_s1,force.magnitude,1,0,26,1.3,4.689322,4.472626,4.472626,2.545966,1.926661,1,0.784592,0ac79f5
pinch,pinch_sweep_size_rand-20260622-195014,TesolloCubePinch,TesolloCubePinch-20260622-213146-cubepinch_sb_forcemagnitude_s1,force.magnitude,1,0,27,1.35,4.689322,4.467641,4.467641,2.526368,1.941272,1,0.784587,0ac79f5
pinch,pinch_sweep_size_rand-20260622-195014,TesolloCubePinch,TesolloCubePinch-20260622-213146-cubepinch_sb_forcemagnitude_s1,force.magnitude,1,0,28,1.4,4.689322,4.493874,4.493874,2.542726,1.951149,1,0.784919,0ac79f5
pinch,pinch_sweep_size_rand-20260622-195014,TesolloCubePinch,TesolloCubePinch-20260622-213146-cubepinch_sb_forcemagnitude_s1,force.magnitude,1,0,29,1.45,4.689322,4.504403,4.504403,2.543811,1.960592,1,0.785068,0ac79f5
pinch,pinch_sweep_size_rand-20260622-195014,TesolloCubePinch,TesolloCubePinch-20260622-213146-cubepinch_sb_forcemagnitude_s1,force.magnitude,1,0,30,1.5,4.689322,4.525159,4.525159,2.551748,1.973411,1,0.785301,0ac79f5
pinch,pinch_sweep_size_rand-20260622-195014,TesolloCubePinch,TesolloCubePinch-20260622-213146-cubepinch_sb_forcemagnitude_s1,force.magnitude,1,0,31,1.55,4.689322,4.54238,4.54238,2.557981,1.984399,1,0.785484,0ac79f5
pinch,pinch_sweep_size_rand-20260622-195014,TesolloCubePinch,TesolloCubePinch-20260622-213146-cubepinch_sb_forcemagnitude_s1,force.magnitude,1,0,32,1.6,4.689322,4.559823,4.559823,2.565391,1.994431,1,0.785652,0ac79f5
pinch,pinch_sweep_size_rand-20260622-195014,TesolloCubePinch,TesolloCubePinch-20260622-213146-cubepinch_sb_forcemagnitude_s1,force.magnitude,1,0,33,1.65,4.689322,4.256395,4.256395,2.417116,1.839279,1,0.781274,0ac79f5
pinch,pinch_sweep_size_rand-20260622-195014,TesolloCubePinch,TesolloCubePinch-20260622-213146-cubepinch_sb_forcemagnitude_s1,force.magnitude,1,0,34,1.7,4.689322,4.632027,4.632027,2.591251,2.040776,1,0.786085,0ac79f5
pinch,pinch_sweep_size_rand-20260622-195014,TesolloCubePinch,TesolloCubePinch-20260622-213146-cubepinch_sb_forcemagnitude_s1,force.magnitude,1,0,35,1.75,4.689322,4.631285,4.631285,2.599436,2.031848,1,0.78612,0ac79f5
pinch,pinch_sweep_size_rand-20260622-195014,TesolloCubePinch,TesolloCubePinch-20260622-213146-cubepinch_sb_forcemagnitude_s1,force.magnitude,1,0,36,1.8,4.689322,4.607786,4.607786,2.572513,2.035273,1,0.786076,0ac79f5
pinch,pinch_sweep_size_rand-20260622-195014,TesolloCubePinch,TesolloCubePinch-20260622-213146-cubepinch_sb_forcemagnitude_s1,force.magnitude,1,0,37,1.85,4.689322,4.629047,4.629047,2.586597,2.04245,1,0.786196,0ac79f5
pinch,pinch_sweep_size_rand-20260622-195014,TesolloCubePinch,TesolloCubePinch-20260622-213146-cubepinch_sb_forcemagnitude_s1,force.magnitude,1,0,38,1.9,4.689322,4.632264,4.632264,2.587078,2.045185,1,0.786246,0ac79f5
pinch,pinch_sweep_size_rand-20260622-195014,TesolloCubePinch,TesolloCubePinch-20260622-213146-cubepinch_sb_forcemagnitude_s1,force.magnitude,1,0,39,1.95,4.689322,4.639752,4.639752,2.590631,2.049121,1,0.786306,0ac79f5
pinch,pinch_sweep_size_rand-20260622-195014,TesolloCubePinch,TesolloCubePinch-20260622-213146-cubepinch_sb_forcemagnitude_s1,force.magnitude,1,0,40,2.0,4.689322,4.645919,4.645919,2.592984,2.052935,1,0.78636,0ac79f5
pinch,pinch_sweep_size_rand-20260622-195014,TesolloCubePinch,TesolloCubePinch-20260622-213146-cubepinch_sb_forcemagnitude_s1,force.magnitude,1,0,41,2.05,4.689322,4.649418,4.649418,2.592856,2.056562,1,0.786407,0ac79f5
pinch,pinch_sweep_size_rand-20260622-195014,TesolloCubePinch,TesolloCubePinch-20260622-213146-cubepinch_sb_forcemagnitude_s1,force.magnitude,1,0,42,2.1,4.689322,4.652768,4.652768,2.591941,2.060826,1,0.786452,0ac79f5
pinch,pinch_sweep_size_rand-20260622-195014,TesolloCubePinch,TesolloCubePinch-20260622-213146-cubepinch_sb_forcemagnitude_s1,force.magnitude,1,0,43,2.15,4.689322,4.656624,4.656624,2.591463,2.06516,1,0.786497,0ac79f5
pinch,pinch_sweep_size_rand-20260622-195014,TesolloCubePinch,TesolloCubePinch-20260622-213146-cubepinch_sb_forcemagnitude_s1,force.magnitude,1,0,44,2.2,4.689322,4.660371,4.660371,2.59132,2.069051,1,0.786541,0ac79f5
pinch,pinch_sweep_size_rand-20260622-195014,TesolloCubePinch,TesolloCubePinch-20260622-213146-cubepinch_sb_forcemagnitude_s1,force.magnitude,1,0,45,2.25,4.689322,4.664326,4.664326,2.59138,2.072946,1,0.786585,0ac79f5
pinch,pinch_sweep_size_rand-20260622-195014,TesolloCubePinch,TesolloCubePinch-20260622-213146-cubepinch_sb_forcemagnitude_s1,force.magnitude,1,0,46,2.3,4.689322,4.668113,4.668113,2.591421,2.076692,1,0.786628,0ac79f5
pinch,pinch_sweep_size_rand-20260622-195014,TesolloCubePinch,TesolloCubePinch-20260622-213146-cubepinch_sb_forcemagnitude_s1,force.magnitude,1,0,47,2.35,4.689322,4.671265,4.671265,2.591184,2.080081,1,0.786669,0ac79f5
pinch,pinch_sweep_size_rand-20260622-195014,TesolloCubePinch,TesolloCubePinch-20260622-213146-cubepinch_sb_forcemagnitude_s1,force.magnitude,1,0,48,2.4,4.689322,4.674478,4.674478,2.59104,2.083437,1,0.78671,0ac79f5
pinch,pinch_sweep_size_rand-20260622-195014,TesolloCubePinch,TesolloCubePinch-20260622-213146-cubepinch_sb_forcemagnitude_s1,force.magnitude,1,0,49,2.45,4.689322,4.677025,4.677025,2.590584,2.086441,1,0.78675,0ac79f5
pinch,pinch_sweep_size_rand-20260622-195014,TesolloCubePinch,TesolloCubePinch-20260622-213146-cubepinch_sb_forcemagnitude_s1,force.magnitude,1,0,50,2.5,4.689322,4.679497,4.679497,2.589992,2.089505,1,0.786789,0ac79f5
pinch,pinch_sweep_size_rand-20260622-195014,TesolloCubePinch,TesolloCubePinch-20260622-213146-cubepinch_sb_forcemagnitude_s1,force.magnitude,1,0,51,2.55,4.689322,4.690187,4.690187,2.589303,2.100883,1,0.78683,0ac79f5
pinch,pinch_sweep_size_rand-20260622-195014,TesolloCubePinch,TesolloCubePinch-20260622-213146-cubepinch_sb_forcemagnitude_s1,force.magnitude,1,0,52,2.6,4.689322,4.681745,4.681745,2.588463,2.093282,1,0.786867,0ac79f5
pinch,pinch_sweep_size_rand-20260622-195014,TesolloCubePinch,TesolloCubePinch-20260622-213146-cubepinch_sb_forcemagnitude_s1,force.magnitude,1,0,53,2.65,4.689322,4.683033,4.683033,2.586917,2.096116,1,0.786906,0ac79f5
pinch,pinch_sweep_size_rand-20260622-195014,TesolloCubePinch,TesolloCubePinch-20260622-213146-cubepinch_sb_forcemagnitude_s1,force.magnitude,1,0,54,2.7,4.689322,4.684426,4.684426,2.585908,2.098519,1,0.786946,0ac79f5
pinch,pinch_sweep_size_rand-20260622-195014,TesolloCubePinch,TesolloCubePinch-20260622-213146-cubepinch_sb_forcemagnitude_s1,force.magnitude,1,0,55,2.75,4.689322,4.68508,4.68508,2.584406,2.100674,1,0.786985,0ac79f5
pinch,pinch_sweep_size_rand-20260622-195014,TesolloCubePinch,TesolloCubePinch-20260622-213146-cubepinch_sb_forcemagnitude_s1,force.magnitude,1,0,56,2.8,4.689322,4.685107,4.685107,2.582738,2.102369,1,0.787024,0ac79f5
pinch,pinch_sweep_size_rand-20260622-195014,TesolloCubePinch,TesolloCubePinch-20260622-213146-cubepinch_sb_forcemagnitude_s1,force.magnitude,1,0,57,2.85,4.689322,4.684821,4.684821,2.580982,2.103839,1,0.787063,0ac79f5
pinch,pinch_sweep_size_rand-20260622-195014,TesolloCubePinch,TesolloCubePinch-20260622-213146-cubepinch_sb_forcemagnitude_s1,force.magnitude,1,0,58,2.9,4.689322,4.684018,4.684018,2.578944,2.105074,1,0.787103,0ac79f5
pinch,pinch_sweep_size_rand-20260622-195014,TesolloCubePinch,TesolloCubePinch-20260622-213146-cubepinch_sb_forcemagnitude_s1,force.magnitude,1,0,59,2.95,4.689322,4.683305,4.683305,2.576912,2.106393,1,0.787143,0ac79f5
pinch,pinch_sweep_size_rand-20260622-195014,TesolloCubePinch,TesolloCubePinch-20260622-213146-cubepinch_sb_forcemagnitude_s1,force.magnitude,1,0,60,3.0,4.689322,4.681701,4.681701,2.574507,2.107194,1,0.787183,0ac79f5
pinch,pinch_sweep_size_rand-20260622-195014,TesolloCubePinch,TesolloCubePinch-20260622-213146-cubepinch_sb_forcemagnitude_s1,force.magnitude,1,0,61,3.05,4.689322,4.679759,4.679759,2.571927,2.107831,1,0.787222,0ac79f5
pinch,pinch_sweep_size_rand-20260622-195014,TesolloCubePinch,TesolloCubePinch-20260622-213146-cubepinch_sb_forcemagnitude_s1,force.magnitude,1,0,62,3.1,4.689322,4.677553,4.677553,2.569143,2.108411,1,0.787262,0ac79f5
pinch,pinch_sweep_size_rand-20260622-195014,TesolloCubePinch,TesolloCubePinch-20260622-213146-cubepinch_sb_forcemagnitude_s1,force.magnitude,1,0,63,3.15,4.689322,4.674578,4.674578,2.566002,2.108576,1,0.787301,0ac79f5
pinch,pinch_sweep_size_rand-20260622-195014,TesolloCubePinch,TesolloCubePinch-20260622-213146-cubepinch_sb_forcemagnitude_s1,force.magnitude,1,0,64,3.2,4.689322,4.671355,4.671355,2.562809,2.108546,1,0.78734,0ac79f5
pinch,pinch_sweep_size_rand-20260622-195014,TesolloCubePinch,TesolloCubePinch-20260622-213146-cubepinch_sb_forcemagnitude_s1,force.magnitude,1,0,65,3.25,4.689322,4.668005,4.668005,2.559459,2.108546,1,0.787379,0ac79f5
pinch,pinch_sweep_size_rand-20260622-195014,TesolloCubePinch,TesolloCubePinch-20260622-213146-cubepinch_sb_forcemagnitude_s1,force.magnitude,1,0,66,3.3,4.689322,4.663964,4.663964,2.555749,2.108215,1,0.787416,0ac79f5
pinch,pinch_sweep_size_rand-20260622-195014,TesolloCubePinch,TesolloCubePinch-20260622-213146-cubepinch_sb_forcemagnitude_s1,force.magnitude,1,0,67,3.35,4.689322,4.659212,4.659212,2.551689,2.107523,1,0.787452,0ac79f5
pinch,pinch_sweep_size_rand-20260622-195014,TesolloCubePinch,TesolloCubePinch-20260622-213146-cubepinch_sb_forcemagnitude_s1,force.magnitude,1,0,68,3.4,4.689322,4.654502,4.654502,2.547555,2.106947,1,0.787488,0ac79f5
pinch,pinch_sweep_size_rand-20260622-195014,TesolloCubePinch,TesolloCubePinch-20260622-213146-cubepinch_sb_forcemagnitude_s1,force.magnitude,1,0,69,3.45,4.689322,4.648881,4.648881,2.543079,2.105803,1,0.78752,0ac79f5
pinch,pinch_sweep_size_rand-20260622-195014,TesolloCubePinch,TesolloCubePinch-20260622-213146-cubepinch_sb_forcemagnitude_s1,force.magnitude,1,0,70,3.5,4.689322,4.642999,4.642999,2.538311,2.104688,1,0.787551,0ac79f5
pinch,pinch_sweep_size_rand-20260622-195014,TesolloCubePinch,TesolloCubePinch-20260622-213146-cubepinch_sb_forcemagnitude_s1,force.magnitude,1,0,71,3.55,4.689322,4.636749,4.636749,2.533453,2.103297,1,0.787579,0ac79f5
pinch,pinch_sweep_size_rand-20260622-195014,TesolloCubePinch,TesolloCubePinch-20260622-213146-cubepinch_sb_forcemagnitude_s1,force.magnitude,1,0,72,3.6,4.689322,4.630023,4.630023,2.528273,2.101749,1,0.787605,0ac79f5
pinch,pinch_sweep_size_rand-20260622-195014,TesolloCubePinch,TesolloCubePinch-20260622-213146-cubepinch_sb_forcemagnitude_s1,force.magnitude,1,0,73,3.65,4.689322,4.622503,4.622503,2.522744,2.09976,1,0.787625,0ac79f5
pinch,pinch_sweep_size_rand-20260622-195014,TesolloCubePinch,TesolloCubePinch-20260622-213146-cubepinch_sb_forcemagnitude_s1,force.magnitude,1,0,74,3.7,4.689322,4.614944,4.614944,2.517076,2.097867,1,0.787643,0ac79f5
pinch,pinch_sweep_size_rand-20260622-195014,TesolloCubePinch,TesolloCubePinch-20260622-213146-cubepinch_sb_forcemagnitude_s1,force.magnitude,1,0,75,3.75,4.689322,4.600039,4.600039,2.504362,2.095676,1,0.787625,0ac79f5
pinch,pinch_sweep_size_rand-20260622-195014,TesolloCubePinch,TesolloCubePinch-20260622-213146-cubepinch_sb_forcemagnitude_s1,force.magnitude,1,0,76,3.8,4.689322,4.59304,4.59304,2.498358,2.094682,1,0.787637,0ac79f5
pinch,pinch_sweep_size_rand-20260622-195014,TesolloCubePinch,TesolloCubePinch-20260622-213146-cubepinch_sb_forcemagnitude_s1,force.magnitude,1,0,77,3.85,4.689322,4.584544,4.584544,2.491745,2.092799,1,0.787638,0ac79f5
pinch,pinch_sweep_size_rand-20260622-195014,TesolloCubePinch,TesolloCubePinch-20260622-213146-cubepinch_sb_forcemagnitude_s1,force.magnitude,1,0,78,3.9,4.689322,4.575359,4.575359,2.484779,2.090581,1,0.787632,0ac79f5
pinch,pinch_sweep_size_rand-20260622-195014,TesolloCubePinch,TesolloCubePinch-20260622-213146-cubepinch_sb_forcemagnitude_s1,force.magnitude,1,0,79,3.95,4.689322,4.566806,4.566806,2.478761,2.088045,1,0.787625,0ac79f5
pinch,pinch_sweep_size_rand-20260622-195014,TesolloCubePinch,TesolloCubePinch-20260622-213146-cubepinch_sb_forcemagnitude_s1,force.magnitude,1,1,0,0.0,4.273629,0.0,0.0,0.0,0.0,0,0.054881,0ac79f5
pinch,pinch_sweep_size_rand-20260622-195014,TesolloCubePinch,TesolloCubePinch-20260622-213146-cubepinch_sb_forcemagnitude_s1,force.magnitude,1,1,1,0.05,4.273629,0.0,0.0,0.0,0.0,0,0.057197,0ac79f5
pinch,pinch_sweep_size_rand-20260622-195014,TesolloCubePinch,TesolloCubePinch-20260622-213146-cubepinch_sb_forcemagnitude_s1,force.magnitude,1,1,2,0.1,4.273629,0.0,0.0,0.0,0.0,0,0.060005,0ac79f5
pinch,pinch_sweep_size_rand-20260622-195014,TesolloCubePinch,TesolloCubePinch-20260622-213146-cubepinch_sb_forcemagnitude_s1,force.magnitude,1,1,3,0.15,4.273629,1.690748,0.0,0.0,1.690748,0,0.061284,0ac79f5
pinch,pinch_sweep_size_rand-20260622-195014,TesolloCubePinch,TesolloCubePinch-20260622-213146-cubepinch_sb_forcemagnitude_s1,force.magnitude,1,1,4,0.2,4.273629,1.580666,0.0,0.0,1.580666,0,0.060798,0ac79f5
pinch,pinch_sweep_size_rand-20260622-195014,TesolloCubePinch,TesolloCubePinch-20260622-213146-cubepinch_sb_forcemagnitude_s1,force.magnitude,1,1,5,0.25,4.273629,4.883999,4.883999,3.120008,1.763991,0,0.274446,0ac79f5
pinch,pinch_sweep_size_rand-20260622-195014,TesolloCubePinch,TesolloCubePinch-20260622-213146-cubepinch_sb_forcemagnitude_s1,force.magnitude,1,1,6,0.3,4.273629,1.407331,0.0,0.0,1.407331,0,0.060203,0ac79f5
pinch,pinch_sweep_size_rand-20260622-195014,TesolloCubePinch,TesolloCubePinch-20260622-213146-cubepinch_sb_forcemagnitude_s1,force.magnitude,1,1,7,0.35,4.273629,2.361454,2.142833,0.45371,1.907744,0,0.176182,0ac79f5
pinch,pinch_sweep_size_rand-20260622-195014,TesolloCubePinch,TesolloCubePinch-20260622-213146-cubepinch_sb_forcemagnitude_s1,force.magnitude,1,1,8,0.4,4.273629,4.726062,4.726062,3.154938,1.571124,0,0.278517,0ac79f5
pinch,pinch_sweep_size_rand-20260622-195014,TesolloCubePinch,TesolloCubePinch-20260622-213146-cubepinch_sb_forcemagnitude_s1,force.magnitude,1,1,9,0.45,4.273629,11.751724,11.751724,10.191677,1.560047,0,0.034856,0ac79f5
pinch,pinch_sweep_size_rand-20260622-195014,TesolloCubePinch,TesolloCubePinch-20260622-213146-cubepinch_sb_forcemagnitude_s1,force.magnitude,1,1,10,0.5,4.273629,8.062043,8.062043,6.557655,1.504388,0,0.075745,0ac79f5
pinch,pinch_sweep_size_rand-20260622-195014,TesolloCubePinch,TesolloCubePinch-20260622-213146-cubepinch_sb_forcemagnitude_s1,force.magnitude,1,1,11,0.55,4.273629,7.809633,7.809633,3.895257,3.914376,0,0.086624,0ac79f5
pinch,pinch_sweep_size_rand-20260622-195014,TesolloCubePinch,TesolloCubePinch-20260622-213146-cubepinch_sb_forcemagnitude_s1,force.magnitude,1,1,12,0.6,4.273629,6.041366,6.041366,4.257288,1.784078,0,0.203919,0ac79f5
pinch,pinch_sweep_size_rand-20260622-195014,TesolloCubePinch,TesolloCubePinch-20260622-213146-cubepinch_sb_forcemagnitude_s1,force.magnitude,1,1,13,0.65,4.273629,5.700965,5.700965,3.975594,1.725371,0,0.228393,0ac79f5
pinch,pinch_sweep_size_rand-20260622-195014,TesolloCubePinch,TesolloCubePinch-20260622-213146-cubepinch_sb_forcemagnitude_s1,force.magnitude,1,1,14,0.7,4.273629,5.279755,5.279755,3.578261,1.701494,0,0.255437,0ac79f5
pinch,pinch_sweep_size_rand-20260622-195014,TesolloCubePinch,TesolloCubePinch-20260622-213146-cubepinch_sb_forcemagnitude_s1,force.magnitude,1,1,15,0.75,4.273629,5.026119,5.026119,3.347529,1.67859,0,0.268254,0ac79f5
pinch,pinch_sweep_size_rand-20260622-195014,TesolloCubePinch,TesolloCubePinch-20260622-213146-cubepinch_sb_forcemagnitude_s1,force.magnitude,1,1,16,0.8,4.273629,4.175234,4.175234,1.948124,2.22711,0,0.285259,0ac79f5
pinch,pinch_sweep_size_rand-20260622-195014,TesolloCubePinch,TesolloCubePinch-20260622-213146-cubepinch_sb_forcemagnitude_s1,force.magnitude,1,1,17,0.85,4.273629,5.016536,5.016536,3.295884,1.720652,0,0.268712,0ac79f5
pinch,pinch_sweep_size_rand-20260622-195014,TesolloCubePinch,TesolloCubePinch-20260622-213146-cubepinch_sb_forcemagnitude_s1,force.magnitude,1,1,18,0.9,4.273629,4.280916,4.280916,2.467067,1.813849,0,0.28539,0ac79f5
pinch,pinch_sweep_size_rand-20260622-195014,TesolloCubePinch,TesolloCubePinch-20260622-213146-cubepinch_sb_forcemagnitude_s1,force.magnitude,1,1,19,0.95,4.273629,4.261174,4.261174,2.319057,1.942117,0,0.285447,0ac79f5
pinch,pinch_sweep_size_rand-20260622-195014,TesolloCubePinch,TesolloCubePinch-20260622-213146-cubepinch_sb_forcemagnitude_s1,force.magnitude,1,1,20,1.0,4.273629,4.090869,4.090869,2.2705,1.820369,0,0.284523,0ac79f5
pinch,pinch_sweep_size_rand-20260622-195014,TesolloCubePinch,TesolloCubePinch-20260622-213146-cubepinch_sb_forcemagnitude_s1,force.magnitude,1,1,21,1.05,4.273629,4.080451,4.080451,2.234435,1.846017,0,0.284516,0ac79f5
pinch,pinch_sweep_size_rand-20260622-195014,TesolloCubePinch,TesolloCubePinch-20260622-213146-cubepinch_sb_forcemagnitude_s1,force.magnitude,1,1,22,1.1,4.273629,4.080163,4.080163,2.209382,1.870781,0,0.284529,0ac79f5
pinch,pinch_sweep_size_rand-20260622-195014,TesolloCubePinch,TesolloCubePinch-20260622-213146-cubepinch_sb_forcemagnitude_s1,force.magnitude,1,1,23,1.15,4.273629,4.074067,4.074067,2.189868,1.8842,0,0.284468,0ac79f5
pinch,pinch_sweep_size_rand-20260622-195014,TesolloCubePinch,TesolloCubePinch-20260622-213146-cubepinch_sb_forcemagnitude_s1,force.magnitude,1,1,24,1.2,4.273629,4.077322,4.077322,2.177553,1.899768,0,0.28452,0ac79f5
pinch,pinch_sweep_size_rand-20260622-195014,TesolloCubePinch,TesolloCubePinch-20260622-213146-cubepinch_sb_forcemagnitude_s1,force.magnitude,1,1,25,1.25,4.273629,4.082553,4.082553,2.167514,1.915039,1,0.784593,0ac79f5
pinch,pinch_sweep_size_rand-20260622-195014,TesolloCubePinch,TesolloCubePinch-20260622-213146-cubepinch_sb_forcemagnitude_s1,force.magnitude,1,1,26,1.3,4.273629,4.255058,4.255058,2.158391,2.096667,1,0.785737,0ac79f5
pinch,pinch_sweep_size_rand-20260622-195014,TesolloCubePinch,TesolloCubePinch-20260622-213146-cubepinch_sb_forcemagnitude_s1,force.magnitude,1,1,27,1.35,4.273629,4.084047,4.084047,2.143917,1.94013,1,0.784626,0ac79f5
pinch,pinch_sweep_size_rand-20260622-195014,TesolloCubePinch,TesolloCubePinch-20260622-213146-cubepinch_sb_forcemagnitude_s1,force.magnitude,1,1,28,1.4,4.273629,4.093697,4.093697,2.141721,1.951976,1,0.784747,0ac79f5
pinch,pinch_sweep_size_rand-20260622-195014,TesolloCubePinch,TesolloCubePinch-20260622-213146-cubepinch_sb_forcemagnitude_s1,force.magnitude,1,1,29,1.45,4.273629,3.195055,3.195055,1.237662,1.957394,0,0.251671,0ac79f5
pinch,pinch_sweep_size_rand-20260622-195014,TesolloCubePinch,TesolloCubePinch-20260622-213146-cubepinch_sb_forcemagnitude_s1,force.magnitude,1,1,30,1.5,4.273629,4.159064,4.159064,2.184857,1.974207,0,0.285333,0ac79f5
pinch,pinch_sweep_size_rand-20260622-195014,TesolloCubePinch,TesolloCubePinch-20260622-213146-cubepinch_sb_forcemagnitude_s1,force.magnitude,1,1,31,1.55,4.273629,4.3344,4.3344,2.142997,2.191404,0,0.285594,0ac79f5
pinch,pinch_sweep_size_rand-20260622-195014,TesolloCubePinch,TesolloCubePinch-20260622-213146-cubepinch_sb_forcemagnitude_s1,force.magnitude,1,1,32,1.6,4.273629,3.963523,3.963523,1.90445,2.059073,0,0.28277,0ac79f5
pinch,pinch_sweep_size_rand-20260622-195014,TesolloCubePinch,TesolloCubePinch-20260622-213146-cubepinch_sb_forcemagnitude_s1,force.magnitude,1,1,33,1.65,4.273629,4.101203,4.101203,2.130821,1.970382,0,0.284867,0ac79f5
pinch,pinch_sweep_size_rand-20260622-195014,TesolloCubePinch,TesolloCubePinch-20260622-213146-cubepinch_sb_forcemagnitude_s1,force.magnitude,1,1,34,1.7,4.273629,4.099904,4.099904,2.127253,1.972651,0,0.284859,0ac79f5
pinch,pinch_sweep_size_rand-20260622-195014,TesolloCubePinch,TesolloCubePinch-20260622-213146-cubepinch_sb_forcemagnitude_s1,force.magnitude,1,1,35,1.75,4.273629,4.09622,4.09622,2.124411,1.971809,0,0.284832,0ac79f5
pinch,pinch_sweep_size_rand-20260622-195014,TesolloCubePinch,TesolloCubePinch-20260622-213146-cubepinch_sb_forcemagnitude_s1,force.magnitude,1,1,36,1.8,4.273629,4.093211,4.093211,2.122289,1.970922,0,0.284808,0ac79f5
pinch,pinch_sweep_size_rand-20260622-195014,TesolloCubePinch,TesolloCubePinch-20260622-213146-cubepinch_sb_forcemagnitude_s1,force.magnitude,1,1,37,1.85,4.273629,4.090841,4.090841,2.120727,1.970115,0,0.284789,0ac79f5
pinch,pinch_sweep_size_rand-20260622-195014,TesolloCubePinch,TesolloCubePinch-20260622-213146-cubepinch_sb_forcemagnitude_s1,force.magnitude,1,1,38,1.9,4.273629,4.089318,4.089318,2.119839,1.969479,0,0.28478,0ac79f5
pinch,pinch_sweep_size_rand-20260622-195014,TesolloCubePinch,TesolloCubePinch-20260622-213146-cubepinch_sb_forcemagnitude_s1,force.magnitude,1,1,39,1.95,4.273629,3.877886,3.877886,1.909023,1.968863,1,0.780969,0ac79f5
pinch,pinch_sweep_size_rand-20260622-195014,TesolloCubePinch,TesolloCubePinch-20260622-213146-cubepinch_sb_forcemagnitude_s1,force.magnitude,1,1,40,2.0,4.273629,4.091169,4.091169,2.122677,1.968492,1,0.784816,0ac79f5
pinch,pinch_sweep_size_rand-20260622-195014,TesolloCubePinch,TesolloCubePinch-20260622-213146-cubepinch_sb_forcemagnitude_s1,force.magnitude,1,1,41,2.05,4.273629,4.090706,4.090706,2.121486,1.969221,1,0.784816,0ac79f5
pinch,pinch_sweep_size_rand-20260622-195014,TesolloCubePinch,TesolloCubePinch-20260622-213146-cubepinch_sb_forcemagnitude_s1,force.magnitude,1,1,42,2.1,4.273629,4.088243,4.088243,2.120408,1.967835,1,0.784803,0ac79f5
pinch,pinch_sweep_size_rand-20260622-195014,TesolloCubePinch,TesolloCubePinch-20260622-213146-cubepinch_sb_forcemagnitude_s1,force.magnitude,1,1,43,2.15,4.273629,4.087158,4.087158,2.119906,1.967251,1,0.784803,0ac79f5
pinch,pinch_sweep_size_rand-20260622-195014,TesolloCubePinch,TesolloCubePinch-20260622-213146-cubepinch_sb_forcemagnitude_s1,force.magnitude,1,1,44,2.2,4.273629,4.086305,4.086305,2.1199,1.966406,1,0.784805,0ac79f5
pinch,pinch_sweep_size_rand-20260622-195014,TesolloCubePinch,TesolloCubePinch-20260622-213146-cubepinch_sb_forcemagnitude_s1,force.magnitude,1,1,45,2.25,4.273629,3.983696,3.983696,2.017939,1.965757,1,0.783285,0ac79f5
pinch,pinch_sweep_size_rand-20260622-195014,TesolloCubePinch,TesolloCubePinch-20260622-213146-cubepinch_sb_forcemagnitude_s1,force.magnitude,1,1,46,2.3,4.273629,4.087719,4.087719,2.122678,1.965041,1,0.784846,0ac79f5
pinch,pinch_sweep_size_rand-20260622-195014,TesolloCubePinch,TesolloCubePinch-20260622-213146-cubepinch_sb_forcemagnitude_s1,force.magnitude,1,1,47,2.35,4.273629,4.033319,4.033319,2.068405,1.964914,1,0.784132,0ac79f5
pinch,pinch_sweep_size_rand-20260622-195014,TesolloCubePinch,TesolloCubePinch-20260622-213146-cubepinch_sb_forcemagnitude_s1,force.magnitude,1,1,48,2.4,4.273629,4.088709,4.088709,2.12474,1.963969,1,0.784885,0ac79f5
pinch,pinch_sweep_size_rand-20260622-195014,TesolloCubePinch,TesolloCubePinch-20260622-213146-cubepinch_sb_forcemagnitude_s1,force.magnitude,1,1,49,2.45,4.273629,3.940965,3.940965,2.220289,1.720675,1,0.782513,0ac79f5
pinch,pinch_sweep_size_rand-20260622-195014,TesolloCubePinch,TesolloCubePinch-20260622-213146-cubepinch_sb_forcemagnitude_s1,force.magnitude,1,1,50,2.5,4.273629,4.084235,4.084235,2.130728,1.953507,1,0.784857,0ac79f5
pinch,pinch_sweep_size_rand-20260622-195014,TesolloCubePinch,TesolloCubePinch-20260622-213146-cubepinch_sb_forcemagnitude_s1,force.magnitude,1,1,51,2.55,4.273629,4.587464,4.587464,2.132103,2.455361,1,0.782912,0ac79f5
pinch,pinch_sweep_size_rand-20260622-195014,TesolloCubePinch,TesolloCubePinch-20260622-213146-cubepinch_sb_forcemagnitude_s1,force.magnitude,1,1,52,2.6,4.273629,4.642506,4.642506,2.12067,2.521836,1,0.781779,0ac79f5
pinch,pinch_sweep_size_rand-20260622-195014,TesolloCubePinch,TesolloCubePinch-20260622-213146-cubepinch_sb_forcemagnitude_s1,force.magnitude,1,1,53,2.65,4.273629,4.069806,4.069806,2.100216,1.96959,1,0.784764,0ac79f5
pinch,pinch_sweep_size_rand-20260622-195014,TesolloCubePinch,TesolloCubePinch-20260622-213146-cubepinch_sb_forcemagnitude_s1,force.magnitude,1,1,54,2.7,4.273629,4.064028,4.064028,2.115408,1.94862,1,0.784711,0ac79f5
pinch,pinch_sweep_size_rand-20260622-195014,TesolloCubePinch,TesolloCubePinch-20260622-213146-cubepinch_sb_forcemagnitude_s1,force.magnitude,1,1,55,2.75,4.273629,4.079439,4.079439,2.12352,1.955919,1,0.784935,0ac79f5
pinch,pinch_sweep_size_rand-20260622-195014,TesolloCubePinch,TesolloCubePinch-20260622-213146-cubepinch_sb_forcemagnitude_s1,force.magnitude,1,1,56,2.8,4.273629,4.086587,4.086587,2.130052,1.956535,1,0.785054,0ac79f5
pinch,pinch_sweep_size_rand-20260622-195014,TesolloCubePinch,TesolloCubePinch-20260622-213146-cubepinch_sb_forcemagnitude_s1,force.magnitude,1,1,57,2.85,4.273629,4.090747,4.090747,2.135792,1.954955,1,0.785132,0ac79f5
pinch,pinch_sweep_size_rand-20260622-195014,TesolloCubePinch,TesolloCubePinch-20260622-213146-cubepinch_sb_forcemagnitude_s1,force.magnitude,1,1,58,2.9,4.273629,4.092342,4.092342,2.140624,1.951718,1,0.785182,0ac79f5
pinch,pinch_sweep_size_rand-20260622-195014,TesolloCubePinch,TesolloCubePinch-20260622-213146-cubepinch_sb_forcemagnitude_s1,force.magnitude,1,1,59,2.95,4.273629,4.093474,4.093474,2.145213,1.948261,1,0.785228,0ac79f5
pinch,pinch_sweep_size_rand-20260622-195014,TesolloCubePinch,TesolloCubePinch-20260622-213146-cubepinch_sb_forcemagnitude_s1,force.magnitude,1,1,60,3.0,4.273629,4.094575,4.094575,2.149834,1.944741,1,0.785276,0ac79f5
pinch,pinch_sweep_size_rand-20260622-195014,TesolloCubePinch,TesolloCubePinch-20260622-213146-cubepinch_sb_forcemagnitude_s1,force.magnitude,1,1,61,3.05,4.273629,4.095292,4.095292,2.154221,1.941071,1,0.785323,0ac79f5
pinch,pinch_sweep_size_rand-20260622-195014,TesolloCubePinch,TesolloCubePinch-20260622-213146-cubepinch_sb_forcemagnitude_s1,force.magnitude,1,1,62,3.1,4.273629,4.096206,4.096206,2.158877,1.93733,1,0.785375,0ac79f5
pinch,pinch_sweep_size_rand-20260622-195014,TesolloCubePinch,TesolloCubePinch-20260622-213146-cubepinch_sb_forcemagnitude_s1,force.magnitude,1,1,63,3.15,4.273629,3.847653,3.847653,1.91421,1.933443,1,0.780755,0ac79f5
pinch,pinch_sweep_size_rand-20260622-195014,TesolloCubePinch,TesolloCubePinch-20260622-213146-cubepinch_sb_forcemagnitude_s1,force.magnitude,1,1,64,3.2,4.273629,4.104124,4.104124,2.173463,1.93066,1,0.78555,0ac79f5
pinch,pinch_sweep_size_rand-20260622-195014,TesolloCubePinch,TesolloCubePinch-20260622-213146-cubepinch_sb_forcemagnitude_s1,force.magnitude,1,1,65,3.25,4.273629,4.480573,4.480573,2.177753,2.30282,1,0.785153,0ac79f5
pinch,pinch_sweep_size_rand-20260622-195014,TesolloCubePinch,TesolloCubePinch-20260622-213146-cubepinch_sb_forcemagnitude_s1,force.magnitude,1,1,66,3.3,4.273629,4.101984,4.101984,2.17136,1.930624,1,0.785639,0ac79f5
pinch,pinch_sweep_size_rand-20260622-195014,TesolloCubePinch,TesolloCubePinch-20260622-213146-cubepinch_sb_forcemagnitude_s1,force.magnitude,1,1,67,3.35,4.273629,4.091384,4.091384,2.177419,1.913965,1,0.785584,0ac79f5
pinch,pinch_sweep_size_rand-20260622-195014,TesolloCubePinch,TesolloCubePinch-20260622-213146-cubepinch_sb_forcemagnitude_s1,force.magnitude,1,1,68,3.4,4.273629,4.095253,4.095253,2.185786,1.909468,1,0.785706,0ac79f5
pinch,pinch_sweep_size_rand-20260622-195014,TesolloCubePinch,TesolloCubePinch-20260622-213146-cubepinch_sb_forcemagnitude_s1,force.magnitude,1,1,69,3.45,4.273629,3.890189,3.890189,2.194887,1.695302,1,0.782191,0ac79f5
pinch,pinch_sweep_size_rand-20260622-195014,TesolloCubePinch,TesolloCubePinch-20260622-213146-cubepinch_sb_forcemagnitude_s1,force.magnitude,1,1,70,3.5,4.273629,4.105055,4.105055,2.211138,1.893918,1,0.785955,0ac79f5
pinch,pinch_sweep_size_rand-20260622-195014,TesolloCubePinch,TesolloCubePinch-20260622-213146-cubepinch_sb_forcemagnitude_s1,force.magnitude,1,1,71,3.55,4.273629,4.277178,4.277178,2.381967,1.895212,1,0.786921,0ac79f5
pinch,pinch_sweep_size_rand-20260622-195014,TesolloCubePinch,TesolloCubePinch-20260622-213146-cubepinch_sb_forcemagnitude_s1,force.magnitude,1,1,72,3.6,4.273629,4.901931,4.901931,2.781467,2.120464,1,0.774865,0ac79f5
pinch,pinch_sweep_size_rand-20260622-195014,TesolloCubePinch,TesolloCubePinch-20260622-213146-cubepinch_sb_forcemagnitude_s1,force.magnitude,1,1,73,3.65,4.273629,4.338403,4.338403,2.458563,1.87984,1,0.786984,0ac79f5
pinch,pinch_sweep_size_rand-20260622-195014,TesolloCubePinch,TesolloCubePinch-20260622-213146-cubepinch_sb_forcemagnitude_s1,force.magnitude,1,1,74,3.7,4.273629,3.900081,3.900081,2.024591,1.87549,1,0.782889,0ac79f5
pinch,pinch_sweep_size_rand-20260622-195014,TesolloCubePinch,TesolloCubePinch-20260622-213146-cubepinch_sb_forcemagnitude_s1,force.magnitude,1,1,75,3.75,4.273629,4.251081,4.251081,2.375601,1.875479,1,0.787371,0ac79f5
pinch,pinch_sweep_size_rand-20260622-195014,TesolloCubePinch,TesolloCubePinch-20260622-213146-cubepinch_sb_forcemagnitude_s1,force.magnitude,1,1,76,3.8,4.273629,4.377243,4.377243,2.497428,1.879816,1,0.787118,0ac79f5
pinch,pinch_sweep_size_rand-20260622-195014,TesolloCubePinch,TesolloCubePinch-20260622-213146-cubepinch_sb_forcemagnitude_s1,force.magnitude,1,1,77,3.85,4.273629,4.34055,4.34055,2.468405,1.872145,1,0.787466,0ac79f5
pinch,pinch_sweep_size_rand-20260622-195014,TesolloCubePinch,TesolloCubePinch-20260622-213146-cubepinch_sb_forcemagnitude_s1,force.magnitude,1,1,78,3.9,4.273629,4.358959,4.358959,2.489722,1.869238,1,0.787501,0ac79f5
pinch,pinch_sweep_size_rand-20260622-195014,TesolloCubePinch,TesolloCubePinch-20260622-213146-cubepinch_sb_forcemagnitude_s1,force.magnitude,1,1,79,3.95,4.273629,4.358358,4.358358,2.492626,1.865732,1,0.787609,0ac79f5
pinch,pinch_sweep_size_rand-20260622-195014,TesolloCubePinch,TesolloCubePinch-20260622-213146-cubepinch_sb_forcemagnitude_s1,force.magnitude,1,2,0,0.0,3.656373,0.0,0.0,0.0,0.0,0,0.05491,0ac79f5
pinch,pinch_sweep_size_rand-20260622-195014,TesolloCubePinch,TesolloCubePinch-20260622-213146-cubepinch_sb_forcemagnitude_s1,force.magnitude,1,2,1,0.05,3.656373,0.0,0.0,0.0,0.0,0,0.057482,0ac79f5
pinch,pinch_sweep_size_rand-20260622-195014,TesolloCubePinch,TesolloCubePinch-20260622-213146-cubepinch_sb_forcemagnitude_s1,force.magnitude,1,2,2,0.1,3.656373,2.29079,0.0,2.29079,0.0,0,0.060644,0ac79f5
pinch,pinch_sweep_size_rand-20260622-195014,TesolloCubePinch,TesolloCubePinch-20260622-213146-cubepinch_sb_forcemagnitude_s1,force.magnitude,1,2,3,0.15,3.656373,2.692438,0.0,2.692438,0.0,0,0.061095,0ac79f5
pinch,pinch_sweep_size_rand-20260622-195014,TesolloCubePinch,TesolloCubePinch-20260622-213146-cubepinch_sb_forcemagnitude_s1,force.magnitude,1,2,4,0.2,3.656373,4.889156,4.889156,3.028236,1.86092,0,0.228686,0ac79f5
pinch,pinch_sweep_size_rand-20260622-195014,TesolloCubePinch,TesolloCubePinch-20260622-213146-cubepinch_sb_forcemagnitude_s1,force.magnitude,1,2,5,0.25,3.656373,1.802205,0.0,0.0,1.802205,0,0.061107,0ac79f5
pinch,pinch_sweep_size_rand-20260622-195014,TesolloCubePinch,TesolloCubePinch-20260622-213146-cubepinch_sb_forcemagnitude_s1,force.magnitude,1,2,6,0.3,3.656373,6.373125,6.373125,4.016548,2.356577,0,0.106653,0ac79f5
pinch,pinch_sweep_size_rand-20260622-195014,TesolloCubePinch,TesolloCubePinch-20260622-213146-cubepinch_sb_forcemagnitude_s1,force.magnitude,1,2,7,0.35,3.656373,3.851114,3.851114,3.091019,0.760095,0,0.284347,0ac79f5
pinch,pinch_sweep_size_rand-20260622-195014,TesolloCubePinch,TesolloCubePinch-20260622-213146-cubepinch_sb_forcemagnitude_s1,force.magnitude,1,2,8,0.4,3.656373,5.2016,5.2016,2.904296,2.297304,0,0.20198,0ac79f5
pinch,pinch_sweep_size_rand-20260622-195014,TesolloCubePinch,TesolloCubePinch-20260622-213146-cubepinch_sb_forcemagnitude_s1,force.magnitude,1,2,9,0.45,3.656373,4.396142,4.396142,3.053244,1.342898,0,0.263522,0ac79f5
pinch,pinch_sweep_size_rand-20260622-195014,TesolloCubePinch,TesolloCubePinch-20260622-213146-cubepinch_sb_forcemagnitude_s1,force.magnitude,1,2,10,0.5,3.656373,4.697535,4.697535,3.076952,1.620583,0,0.243519,0ac79f5
pinch,pinch_sweep_size_rand-20260622-195014,TesolloCubePinch,TesolloCubePinch-20260622-213146-cubepinch_sb_forcemagnitude_s1,force.magnitude,1,2,11,0.55,3.656373,4.296481,4.296481,2.786171,1.51031,0,0.268758,0ac79f5
pinch,pinch_sweep_size_rand-20260622-195014,TesolloCubePinch,TesolloCubePinch-20260622-213146-cubepinch_sb_forcemagnitude_s1,force.magnitude,1,2,12,0.6,3.656373,5.254117,5.254117,2.550173,2.703944,0,0.196582,0ac79f5
pinch,pinch_sweep_size_rand-20260622-195014,TesolloCubePinch,TesolloCubePinch-20260622-213146-cubepinch_sb_forcemagnitude_s1,force.magnitude,1,2,13,0.65,3.656373,8.849139,8.849139,6.888344,1.960796,0,0.037938,0ac79f5
pinch,pinch_sweep_size_rand-20260622-195014,TesolloCubePinch,TesolloCubePinch-20260622-213146-cubepinch_sb_forcemagnitude_s1,force.magnitude,1,2,14,0.7,3.656373,3.830915,3.830915,1.392591,2.438324,0,0.283746,0ac79f5
pinch,pinch_sweep_size_rand-20260622-195014,TesolloCubePinch,TesolloCubePinch-20260622-213146-cubepinch_sb_forcemagnitude_s1,force.magnitude,1,2,15,0.75,3.656373,4.48364,4.48364,2.654586,1.829054,0,0.257413,0ac79f5
pinch,pinch_sweep_size_rand-20260622-195014,TesolloCubePinch,TesolloCubePinch-20260622-213146-cubepinch_sb_forcemagnitude_s1,force.magnitude,1,2,16,0.8,3.656373,3.768242,3.768242,2.124191,1.644051,0,0.284986,0ac79f5
pinch,pinch_sweep_size_rand-20260622-195014,TesolloCubePinch,TesolloCubePinch-20260622-213146-cubepinch_sb_forcemagnitude_s1,force.magnitude,1,2,17,0.85,3.656373,3.754438,3.754438,2.000579,1.753859,0,0.285309,0ac79f5
pinch,pinch_sweep_size_rand-20260622-195014,TesolloCubePinch,TesolloCubePinch-20260622-213146-cubepinch_sb_forcemagnitude_s1,force.magnitude,1,2,18,0.9,3.656373,3.836683,3.836683,2.091656,1.745027,0,0.284408,0ac79f5
pinch,pinch_sweep_size_rand-20260622-195014,TesolloCubePinch,TesolloCubePinch-20260622-213146-cubepinch_sb_forcemagnitude_s1,force.magnitude,1,2,19,0.95,3.656373,3.865169,3.865169,2.066502,1.798667,0,0.283985,0ac79f5
pinch,pinch_sweep_size_rand-20260622-195014,TesolloCubePinch,TesolloCubePinch-20260622-213146-cubepinch_sb_forcemagnitude_s1,force.magnitude,1,2,20,1.0,3.656373,3.77951,3.77951,1.948686,1.830824,0,0.285246,0ac79f5
pinch,pinch_sweep_size_rand-20260622-195014,TesolloCubePinch,TesolloCubePinch-20260622-213146-cubepinch_sb_forcemagnitude_s1,force.magnitude,1,2,21,1.05,3.656373,3.792433,3.792433,1.966147,1.826286,0,0.285129,0ac79f5
pinch,pinch_sweep_size_rand-20260622-195014,TesolloCubePinch,TesolloCubePinch-20260622-213146-cubepinch_sb_forcemagnitude_s1,force.magnitude,1,2,22,1.1,3.656373,3.872357,3.872357,2.035541,1.836816,0,0.283949,0ac79f5
pinch,pinch_sweep_size_rand-20260622-195014,TesolloCubePinch,TesolloCubePinch-20260622-213146-cubepinch_sb_forcemagnitude_s1,force.magnitude,1,2,23,1.15,3.656373,4.001253,4.001253,1.976397,2.024857,0,0.280904,0ac79f5
pinch,pinch_sweep_size_rand-20260622-195014,TesolloCubePinch,TesolloCubePinch-20260622-213146-cubepinch_sb_forcemagnitude_s1,force.magnitude,1,2,24,1.2,3.656373,4.897743,4.897743,2.041335,2.856408,0,0.227725,0ac79f5
pinch,pinch_sweep_size_rand-20260622-195014,TesolloCubePinch,TesolloCubePinch-20260622-213146-cubepinch_sb_forcemagnitude_s1,force.magnitude,1,2,25,1.25,3.656373,3.883787,3.883787,2.001652,1.882135,0,0.28381,0ac79f5
pinch,pinch_sweep_size_rand-20260622-195014,TesolloCubePinch,TesolloCubePinch-20260622-213146-cubepinch_sb_forcemagnitude_s1,force.magnitude,1,2,26,1.3,3.656373,3.914873,3.914873,2.01809,1.896784,0,0.283175,0ac79f5
pinch,pinch_sweep_size_rand-20260622-195014,TesolloCubePinch,TesolloCubePinch-20260622-213146-cubepinch_sb_forcemagnitude_s1,force.magnitude,1,2,27,1.35,3.656373,3.938234,3.938234,2.010025,1.928209,0,0.282674,0ac79f5
pinch,pinch_sweep_size_rand-20260622-195014,TesolloCubePinch,TesolloCubePinch-20260622-213146-cubepinch_sb_forcemagnitude_s1,force.magnitude,1,2,28,1.4,3.656373,3.942982,3.942982,1.998765,1.944217,0,0.282595,0ac79f5
pinch,pinch_sweep_size_rand-20260622-195014,TesolloCubePinch,TesolloCubePinch-20260622-213146-cubepinch_sb_forcemagnitude_s1,force.magnitude,1,2,29,1.45,3.656373,3.941651,3.941651,1.989184,1.952468,0,0.282657,0ac79f5
pinch,pinch_sweep_size_rand-20260622-195014,TesolloCubePinch,TesolloCubePinch-20260622-213146-cubepinch_sb_forcemagnitude_s1,force.magnitude,1,2,30,1.5,3.656373,3.941334,3.941334,1.980841,1.960493,0,0.282693,0ac79f5
pinch,pinch_sweep_size_rand-20260622-195014,TesolloCubePinch,TesolloCubePinch-20260622-213146-cubepinch_sb_forcemagnitude_s1,force.magnitude,1,2,31,1.55,3.656373,3.703026,3.703026,1.736946,1.966079,0,0.286101,0ac79f5
pinch,pinch_sweep_size_rand-20260622-195014,TesolloCubePinch,TesolloCubePinch-20260622-213146-cubepinch_sb_forcemagnitude_s1,force.magnitude,1,2,32,1.6,3.656373,3.958001,3.958001,1.989136,1.968865,0,0.282334,0ac79f5
pinch,pinch_sweep_size_rand-20260622-195014,TesolloCubePinch,TesolloCubePinch-20260622-213146-cubepinch_sb_forcemagnitude_s1,force.magnitude,1,2,33,1.65,3.656373,5.159401,5.159401,1.960366,3.199034,0,0.205666,0ac79f5
pinch,pinch_sweep_size_rand-20260622-195014,TesolloCubePinch,TesolloCubePinch-20260622-213146-cubepinch_sb_forcemagnitude_s1,force.magnitude,1,2,34,1.7,3.656373,5.089588,5.089588,3.104473,1.985115,0,0.211786,0ac79f5
pinch,pinch_sweep_size_rand-20260622-195014,TesolloCubePinch,TesolloCubePinch-20260622-213146-cubepinch_sb_forcemagnitude_s1,force.magnitude,1,2,35,1.75,3.656373,3.64491,3.64491,1.685935,1.958975,0,0.286242,0ac79f5
pinch,pinch_sweep_size_rand-20260622-195014,TesolloCubePinch,TesolloCubePinch-20260622-213146-cubepinch_sb_forcemagnitude_s1,force.magnitude,1,2,36,1.8,3.656373,3.878435,3.878435,1.910195,1.968241,0,0.284093,0ac79f5
pinch,pinch_sweep_size_rand-20260622-195014,TesolloCubePinch,TesolloCubePinch-20260622-213146-cubepinch_sb_forcemagnitude_s1,force.magnitude,1,2,37,1.85,3.656373,3.900277,3.900277,1.918255,1.982023,0,0.283783,0ac79f5
pinch,pinch_sweep_size_rand-20260622-195014,TesolloCubePinch,TesolloCubePinch-20260622-213146-cubepinch_sb_forcemagnitude_s1,force.magnitude,1,2,38,1.9,3.656373,3.895577,3.895577,1.9184,1.977177,0,0.283943,0ac79f5
pinch,pinch_sweep_size_rand-20260622-195014,TesolloCubePinch,TesolloCubePinch-20260622-213146-cubepinch_sb_forcemagnitude_s1,force.magnitude,1,2,39,1.95,3.656373,3.89318,3.89318,1.918072,1.975107,0,0.284024,0ac79f5
pinch,pinch_sweep_size_rand-20260622-195014,TesolloCubePinch,TesolloCubePinch-20260622-213146-cubepinch_sb_forcemagnitude_s1,force.magnitude,1,2,40,2.0,3.656373,3.888262,3.888262,1.915566,1.972696,0,0.284148,0ac79f5
pinch,pinch_sweep_size_rand-20260622-195014,TesolloCubePinch,TesolloCubePinch-20260622-213146-cubepinch_sb_forcemagnitude_s1,force.magnitude,1,2,41,2.05,3.656373,3.882437,3.882437,1.911839,1.970599,0,0.284287,0ac79f5
pinch,pinch_sweep_size_rand-20260622-195014,TesolloCubePinch,TesolloCubePinch-20260622-213146-cubepinch_sb_forcemagnitude_s1,force.magnitude,1,2,42,2.1,3.656373,3.876324,3.876324,1.90768,1.968644,0,0.284428,0ac79f5
pinch,pinch_sweep_size_rand-20260622-195014,TesolloCubePinch,TesolloCubePinch-20260622-213146-cubepinch_sb_forcemagnitude_s1,force.magnitude,1,2,43,2.15,3.656373,3.81853,3.81853,1.923298,1.895232,0,0.285398,0ac79f5
pinch,pinch_sweep_size_rand-20260622-195014,TesolloCubePinch,TesolloCubePinch-20260622-213146-cubepinch_sb_forcemagnitude_s1,force.magnitude,1,2,44,2.2,3.656373,3.865969,3.865969,1.902248,1.963722,1,0.784666,0ac79f5
pinch,pinch_sweep_size_rand-20260622-195014,TesolloCubePinch,TesolloCubePinch-20260622-213146-cubepinch_sb_forcemagnitude_s1,force.magnitude,1,2,45,2.25,3.656373,4.856974,4.856974,1.933639,2.923334,0,0.231612,0ac79f5
pinch,pinch_sweep_size_rand-20260622-195014,TesolloCubePinch,TesolloCubePinch-20260622-213146-cubepinch_sb_forcemagnitude_s1,force.magnitude,1,2,46,2.3,3.656373,3.83014,3.83014,1.850466,1.979673,0,0.285305,0ac79f5
pinch,pinch_sweep_size_rand-20260622-195014,TesolloCubePinch,TesolloCubePinch-20260622-213146-cubepinch_sb_forcemagnitude_s1,force.magnitude,1,2,47,2.35,3.656373,3.832203,3.832203,1.880145,1.952057,0,0.285288,0ac79f5
pinch,pinch_sweep_size_rand-20260622-195014,TesolloCubePinch,TesolloCubePinch-20260622-213146-cubepinch_sb_forcemagnitude_s1,force.magnitude,1,2,48,2.4,3.656373,3.837563,3.837563,1.880373,1.957189,0,0.285228,0ac79f5
pinch,pinch_sweep_size_rand-20260622-195014,TesolloCubePinch,TesolloCubePinch-20260622-213146-cubepinch_sb_forcemagnitude_s1,force.magnitude,1,2,49,2.45,3.656373,3.831336,3.831336,1.876811,1.954526,0,0.285355,0ac79f5
pinch,pinch_sweep_size_rand-20260622-195014,TesolloCubePinch,TesolloCubePinch-20260622-213146-cubepinch_sb_forcemagnitude_s1,force.magnitude,1,2,50,2.5,3.656373,3.778478,3.778478,1.850368,1.92811,0,0.286051,0ac79f5
pinch,pinch_sweep_size_rand-20260622-195014,TesolloCubePinch,TesolloCubePinch-20260622-213146-cubepinch_sb_forcemagnitude_s1,force.magnitude,1,2,51,2.55,3.656373,3.82421,3.82421,1.872212,1.951998,0,0.285503,0ac79f5
pinch,pinch_sweep_size_rand-20260622-195014,TesolloCubePinch,TesolloCubePinch-20260622-213146-cubepinch_sb_forcemagnitude_s1,force.magnitude,1,2,52,2.6,3.656373,3.818573,3.818573,1.867054,1.951518,0,0.285602,0ac79f5
pinch,pinch_sweep_size_rand-20260622-195014,TesolloCubePinch,TesolloCubePinch-20260622-213146-cubepinch_sb_forcemagnitude_s1,force.magnitude,1,2,53,2.65,3.656373,3.81263,3.81263,1.86277,1.949861,0,0.285703,0ac79f5
pinch,pinch_sweep_size_rand-20260622-195014,TesolloCubePinch,TesolloCubePinch-20260622-213146-cubepinch_sb_forcemagnitude_s1,force.magnitude,1,2,54,2.7,3.656373,3.781648,3.781648,1.859226,1.922422,0,0.286096,0ac79f5
pinch,pinch_sweep_size_rand-20260622-195014,TesolloCubePinch,TesolloCubePinch-20260622-213146-cubepinch_sb_forcemagnitude_s1,force.magnitude,1,2,55,2.75,3.656373,3.869789,3.869789,1.922868,1.946921,1,0.784835,0ac79f5
pinch,pinch_sweep_size_rand-20260622-195014,TesolloCubePinch,TesolloCubePinch-20260622-213146-cubepinch_sb_forcemagnitude_s1,force.magnitude,1,2,56,2.8,3.656373,3.796253,3.796253,1.850113,1.946139,1,0.785966,0ac79f5
pinch,pinch_sweep_size_rand-20260622-195014,TesolloCubePinch,TesolloCubePinch-20260622-213146-cubepinch_sb_forcemagnitude_s1,force.magnitude,1,2,57,2.85,3.656373,3.792921,3.792921,1.848596,1.944325,1,0.786022,0ac79f5
pinch,pinch_sweep_size_rand-20260622-195014,TesolloCubePinch,TesolloCubePinch-20260622-213146-cubepinch_sb_forcemagnitude_s1,force.magnitude,1,2,58,2.9,3.656373,3.789291,3.789291,1.846184,1.943107,1,0.786082,0ac79f5
pinch,pinch_sweep_size_rand-20260622-195014,TesolloCubePinch,TesolloCubePinch-20260622-213146-cubepinch_sb_forcemagnitude_s1,force.magnitude,1,2,59,2.95,3.656373,3.78529,3.78529,1.843562,1.941728,1,0.786143,0ac79f5
pinch,pinch_sweep_size_rand-20260622-195014,TesolloCubePinch,TesolloCubePinch-20260622-213146-cubepinch_sb_forcemagnitude_s1,force.magnitude,1,2,60,3.0,3.656373,3.84914,3.84914,1.946649,1.902491,1,0.785279,0ac79f5
pinch,pinch_sweep_size_rand-20260622-195014,TesolloCubePinch,TesolloCubePinch-20260622-213146-cubepinch_sb_forcemagnitude_s1,force.magnitude,1,2,61,3.05,3.656373,3.794067,3.794067,1.855106,1.938962,1,0.786074,0ac79f5
pinch,pinch_sweep_size_rand-20260622-195014,TesolloCubePinch,TesolloCubePinch-20260622-213146-cubepinch_sb_forcemagnitude_s1,force.magnitude,1,2,62,3.1,3.656373,3.772595,3.772595,1.834761,1.937835,1,0.786323,0ac79f5
pinch,pinch_sweep_size_rand-20260622-195014,TesolloCubePinch,TesolloCubePinch-20260622-213146-cubepinch_sb_forcemagnitude_s1,force.magnitude,1,2,63,3.15,3.656373,4.009907,4.009907,2.073453,1.936454,1,0.781596,0ac79f5
pinch,pinch_sweep_size_rand-20260622-195014,TesolloCubePinch,TesolloCubePinch-20260622-213146-cubepinch_sb_forcemagnitude_s1,force.magnitude,1,2,64,3.2,3.656373,3.757246,3.757246,1.822132,1.935113,1,0.786495,0ac79f5
pinch,pinch_sweep_size_rand-20260622-195014,TesolloCubePinch,TesolloCubePinch-20260622-213146-cubepinch_sb_forcemagnitude_s1,force.magnitude,1,2,65,3.25,3.656373,3.760025,3.760025,1.826515,1.93351,1,0.786482,0ac79f5
pinch,pinch_sweep_size_rand-20260622-195014,TesolloCubePinch,TesolloCubePinch-20260622-213146-cubepinch_sb_forcemagnitude_s1,force.magnitude,1,2,66,3.3,3.656373,3.759481,3.759481,1.827043,1.932438,1,0.786506,0ac79f5
pinch,pinch_sweep_size_rand-20260622-195014,TesolloCubePinch,TesolloCubePinch-20260622-213146-cubepinch_sb_forcemagnitude_s1,force.magnitude,1,2,67,3.35,3.656373,3.757241,3.757241,1.82605,1.931191,1,0.78654,0ac79f5
pinch,pinch_sweep_size_rand-20260622-195014,TesolloCubePinch,TesolloCubePinch-20260622-213146-cubepinch_sb_forcemagnitude_s1,force.magnitude,1,2,68,3.4,3.656373,3.755127,3.755127,1.825159,1.929968,1,0.786571,0ac79f5
pinch,pinch_sweep_size_rand-20260622-195014,TesolloCubePinch,TesolloCubePinch-20260622-213146-cubepinch_sb_forcemagnitude_s1,force.magnitude,1,2,69,3.45,3.656373,3.752743,3.752743,1.824005,1.928738,1,0.786604,0ac79f5
pinch,pinch_sweep_size_rand-20260622-195014,TesolloCubePinch,TesolloCubePinch-20260622-213146-cubepinch_sb_forcemagnitude_s1,force.magnitude,1,2,70,3.5,3.656373,3.750414,3.750414,1.822892,1.927522,1,0.786636,0ac79f5
pinch,pinch_sweep_size_rand-20260622-195014,TesolloCubePinch,TesolloCubePinch-20260622-213146-cubepinch_sb_forcemagnitude_s1,force.magnitude,1,2,71,3.55,3.656373,3.742646,3.742646,1.856636,1.88601,1,0.786708,0ac79f5
pinch,pinch_sweep_size_rand-20260622-195014,TesolloCubePinch,TesolloCubePinch-20260622-213146-cubepinch_sb_forcemagnitude_s1,force.magnitude,1,2,72,3.6,3.656373,3.747177,3.747177,1.821876,1.925301,1,0.786685,0ac79f5
pinch,pinch_sweep_size_rand-20260622-195014,TesolloCubePinch,TesolloCubePinch-20260622-213146-cubepinch_sb_forcemagnitude_s1,force.magnitude,1,2,73,3.65,3.656373,3.744809,3.744809,1.820788,1.924021,1,0.786714,0ac79f5
pinch,pinch_sweep_size_rand-20260622-195014,TesolloCubePinch,TesolloCubePinch-20260622-213146-cubepinch_sb_forcemagnitude_s1,force.magnitude,1,2,74,3.7,3.656373,3.742634,3.742634,1.819878,1.922756,1,0.786742,0ac79f5
pinch,pinch_sweep_size_rand-20260622-195014,TesolloCubePinch,TesolloCubePinch-20260622-213146-cubepinch_sb_forcemagnitude_s1,force.magnitude,1,2,75,3.75,3.656373,3.705166,3.705166,1.819461,1.885705,1,0.786971,0ac79f5
pinch,pinch_sweep_size_rand-20260622-195014,TesolloCubePinch,TesolloCubePinch-20260622-213146-cubepinch_sb_forcemagnitude_s1,force.magnitude,1,2,76,3.8,3.656373,3.584544,3.584544,1.737505,1.847039,1,0.786862,0ac79f5
pinch,pinch_sweep_size_rand-20260622-195014,TesolloCubePinch,TesolloCubePinch-20260622-213146-cubepinch_sb_forcemagnitude_s1,force.magnitude,1,2,77,3.85,3.656373,3.747674,3.747674,1.827353,1.920322,1,0.786734,0ac79f5
pinch,pinch_sweep_size_rand-20260622-195014,TesolloCubePinch,TesolloCubePinch-20260622-213146-cubepinch_sb_forcemagnitude_s1,force.magnitude,1,2,78,3.9,3.656373,3.741135,3.741135,1.822758,1.918377,1,0.786793,0ac79f5
pinch,pinch_sweep_size_rand-20260622-195014,TesolloCubePinch,TesolloCubePinch-20260622-213146-cubepinch_sb_forcemagnitude_s1,force.magnitude,1,2,79,3.95,3.656373,3.702809,3.702809,1.82069,1.882119,1,0.787021,0ac79f5
pinch,pinch_sweep_size_rand-20260622-195014,TesolloCubePinch,TesolloCubePinch-20260622-214305-cubepinch_sb_forcemagnitude_s2,force.magnitude,2,0,0,0.0,4.689322,0.0,0.0,0.0,0.0,0,0.055631,0ac79f5
pinch,pinch_sweep_size_rand-20260622-195014,TesolloCubePinch,TesolloCubePinch-20260622-214305-cubepinch_sb_forcemagnitude_s2,force.magnitude,2,0,1,0.05,4.689322,0.0,0.0,0.0,0.0,0,0.058688,0ac79f5
pinch,pinch_sweep_size_rand-20260622-195014,TesolloCubePinch,TesolloCubePinch-20260622-214305-cubepinch_sb_forcemagnitude_s2,force.magnitude,2,0,2,0.1,4.689322,4.244204,4.244204,2.640343,1.603861,0,0.281059,0ac79f5
pinch,pinch_sweep_size_rand-20260622-195014,TesolloCubePinch,TesolloCubePinch-20260622-214305-cubepinch_sb_forcemagnitude_s2,force.magnitude,2,0,3,0.15,4.689322,1.585656,0.0,0.0,1.585656,0,0.06095,0ac79f5
pinch,pinch_sweep_size_rand-20260622-195014,TesolloCubePinch,TesolloCubePinch-20260622-214305-cubepinch_sb_forcemagnitude_s2,force.magnitude,2,0,4,0.2,4.689322,4.406997,4.406997,2.557255,1.849742,0,0.283956,0ac79f5
pinch,pinch_sweep_size_rand-20260622-195014,TesolloCubePinch,TesolloCubePinch-20260622-214305-cubepinch_sb_forcemagnitude_s2,force.magnitude,2,0,5,0.25,4.689322,4.803146,4.803146,2.697501,2.105644,0,0.285799,0ac79f5
pinch,pinch_sweep_size_rand-20260622-195014,TesolloCubePinch,TesolloCubePinch-20260622-214305-cubepinch_sb_forcemagnitude_s2,force.magnitude,2,0,6,0.3,4.689322,4.402171,4.402171,2.382153,2.020018,0,0.283428,0ac79f5
pinch,pinch_sweep_size_rand-20260622-195014,TesolloCubePinch,TesolloCubePinch-20260622-214305-cubepinch_sb_forcemagnitude_s2,force.magnitude,2,0,7,0.35,4.689322,2.429112,0.0,0.0,2.429112,0,0.060845,0ac79f5
pinch,pinch_sweep_size_rand-20260622-195014,TesolloCubePinch,TesolloCubePinch-20260622-214305-cubepinch_sb_forcemagnitude_s2,force.magnitude,2,0,8,0.4,4.689322,5.642446,5.642446,3.339231,2.303215,0,0.262533,0ac79f5
pinch,pinch_sweep_size_rand-20260622-195014,TesolloCubePinch,TesolloCubePinch-20260622-214305-cubepinch_sb_forcemagnitude_s2,force.magnitude,2,0,9,0.45,4.689322,5.98188,5.98188,3.801193,2.180687,0,0.244725,0ac79f5
pinch,pinch_sweep_size_rand-20260622-195014,TesolloCubePinch,TesolloCubePinch-20260622-214305-cubepinch_sb_forcemagnitude_s2,force.magnitude,2,0,10,0.5,4.689322,5.848827,5.848827,3.674399,2.174428,0,0.251942,0ac79f5
pinch,pinch_sweep_size_rand-20260622-195014,TesolloCubePinch,TesolloCubePinch-20260622-214305-cubepinch_sb_forcemagnitude_s2,force.magnitude,2,0,11,0.55,4.689322,7.043056,7.043056,4.875196,2.16786,0,0.174947,0ac79f5
pinch,pinch_sweep_size_rand-20260622-195014,TesolloCubePinch,TesolloCubePinch-20260622-214305-cubepinch_sb_forcemagnitude_s2,force.magnitude,2,0,12,0.6,4.689322,6.202493,6.202493,4.197009,2.005483,0,0.231523,0ac79f5
pinch,pinch_sweep_size_rand-20260622-195014,TesolloCubePinch,TesolloCubePinch-20260622-214305-cubepinch_sb_forcemagnitude_s2,force.magnitude,2,0,13,0.65,4.689322,5.870754,5.870754,4.061242,1.809512,0,0.250801,0ac79f5
pinch,pinch_sweep_size_rand-20260622-195014,TesolloCubePinch,TesolloCubePinch-20260622-214305-cubepinch_sb_forcemagnitude_s2,force.magnitude,2,0,14,0.7,4.689322,5.452653,5.452653,3.71817,1.734483,0,0.270032,0ac79f5
pinch,pinch_sweep_size_rand-20260622-195014,TesolloCubePinch,TesolloCubePinch-20260622-214305-cubepinch_sb_forcemagnitude_s2,force.magnitude,2,0,15,0.75,4.689322,5.161864,5.161864,3.391889,1.769976,0,0.279087,0ac79f5
pinch,pinch_sweep_size_rand-20260622-195014,TesolloCubePinch,TesolloCubePinch-20260622-214305-cubepinch_sb_forcemagnitude_s2,force.magnitude,2,0,16,0.8,4.689322,4.973012,4.973012,3.198505,1.774507,0,0.282791,0ac79f5
pinch,pinch_sweep_size_rand-20260622-195014,TesolloCubePinch,TesolloCubePinch-20260622-214305-cubepinch_sb_forcemagnitude_s2,force.magnitude,2,0,17,0.85,4.689322,4.922267,4.922267,3.112264,1.810003,0,0.283503,0ac79f5
pinch,pinch_sweep_size_rand-20260622-195014,TesolloCubePinch,TesolloCubePinch-20260622-214305-cubepinch_sb_forcemagnitude_s2,force.magnitude,2,0,18,0.9,4.689322,4.873923,4.873923,3.026933,1.846991,0,0.284053,0ac79f5
pinch,pinch_sweep_size_rand-20260622-195014,TesolloCubePinch,TesolloCubePinch-20260622-214305-cubepinch_sb_forcemagnitude_s2,force.magnitude,2,0,19,0.95,4.689322,4.952425,4.952425,3.341823,1.610602,0,0.283154,0ac79f5
pinch,pinch_sweep_size_rand-20260622-195014,TesolloCubePinch,TesolloCubePinch-20260622-214305-cubepinch_sb_forcemagnitude_s2,force.magnitude,2,0,20,1.0,4.689322,5.058248,5.058248,3.144689,1.913559,0,0.281421,0ac79f5
pinch,pinch_sweep_size_rand-20260622-195014,TesolloCubePinch,TesolloCubePinch-20260622-214305-cubepinch_sb_forcemagnitude_s2,force.magnitude,2,0,21,1.05,4.689322,4.465443,4.465443,2.865466,1.599978,0,0.283648,0ac79f5
pinch,pinch_sweep_size_rand-20260622-195014,TesolloCubePinch,TesolloCubePinch-20260622-214305-cubepinch_sb_forcemagnitude_s2,force.magnitude,2,0,22,1.1,4.689322,6.033782,6.033782,4.088057,1.945726,0,0.241845,0ac79f5
pinch,pinch_sweep_size_rand-20260622-195014,TesolloCubePinch,TesolloCubePinch-20260622-214305-cubepinch_sb_forcemagnitude_s2,force.magnitude,2,0,23,1.15,4.689322,5.067677,5.067677,3.105301,1.962377,0,0.281215,0ac79f5
pinch,pinch_sweep_size_rand-20260622-195014,TesolloCubePinch,TesolloCubePinch-20260622-214305-cubepinch_sb_forcemagnitude_s2,force.magnitude,2,0,24,1.2,4.689322,5.026249,5.026249,3.042306,1.983943,0,0.281957,0ac79f5
pinch,pinch_sweep_size_rand-20260622-195014,TesolloCubePinch,TesolloCubePinch-20260622-214305-cubepinch_sb_forcemagnitude_s2,force.magnitude,2,0,25,1.25,4.689322,5.048147,5.048147,3.053464,1.994683,0,0.281588,0ac79f5
pinch,pinch_sweep_size_rand-20260622-195014,TesolloCubePinch,TesolloCubePinch-20260622-214305-cubepinch_sb_forcemagnitude_s2,force.magnitude,2,0,26,1.3,4.689322,5.072124,5.072124,3.061011,2.011114,0,0.281147,0ac79f5
pinch,pinch_sweep_size_rand-20260622-195014,TesolloCubePinch,TesolloCubePinch-20260622-214305-cubepinch_sb_forcemagnitude_s2,force.magnitude,2,0,27,1.35,4.689322,5.087786,5.087786,3.063969,2.023816,0,0.280825,0ac79f5
pinch,pinch_sweep_size_rand-20260622-195014,TesolloCubePinch,TesolloCubePinch-20260622-214305-cubepinch_sb_forcemagnitude_s2,force.magnitude,2,0,28,1.4,4.689322,5.098727,5.098727,3.065547,2.03318,0,0.280586,0ac79f5
pinch,pinch_sweep_size_rand-20260622-195014,TesolloCubePinch,TesolloCubePinch-20260622-214305-cubepinch_sb_forcemagnitude_s2,force.magnitude,2,0,29,1.45,4.689322,5.106354,5.106354,3.066439,2.039914,0,0.280412,0ac79f5
pinch,pinch_sweep_size_rand-20260622-195014,TesolloCubePinch,TesolloCubePinch-20260622-214305-cubepinch_sb_forcemagnitude_s2,force.magnitude,2,0,30,1.5,4.689322,5.114639,5.114639,3.067366,2.047273,0,0.280219,0ac79f5
pinch,pinch_sweep_size_rand-20260622-195014,TesolloCubePinch,TesolloCubePinch-20260622-214305-cubepinch_sb_forcemagnitude_s2,force.magnitude,2,0,31,1.55,4.689322,4.8936,4.8936,2.494219,2.399381,0,0.283805,0ac79f5
pinch,pinch_sweep_size_rand-20260622-195014,TesolloCubePinch,TesolloCubePinch-20260622-214305-cubepinch_sb_forcemagnitude_s2,force.magnitude,2,0,32,1.6,4.689322,5.181389,5.181389,3.115735,2.065655,1,0.77862,0ac79f5
pinch,pinch_sweep_size_rand-20260622-195014,TesolloCubePinch,TesolloCubePinch-20260622-214305-cubepinch_sb_forcemagnitude_s2,force.magnitude,2,0,33,1.65,4.689322,5.145824,5.145824,3.077916,2.067908,1,0.779448,0ac79f5
pinch,pinch_sweep_size_rand-20260622-195014,TesolloCubePinch,TesolloCubePinch-20260622-214305-cubepinch_sb_forcemagnitude_s2,force.magnitude,2,0,34,1.7,4.689322,4.876006,4.876006,2.800327,2.07568,1,0.783924,0ac79f5
pinch,pinch_sweep_size_rand-20260622-195014,TesolloCubePinch,TesolloCubePinch-20260622-214305-cubepinch_sb_forcemagnitude_s2,force.magnitude,2,0,35,1.75,4.689322,5.149853,5.149853,3.066219,2.083633,1,0.77934,0ac79f5
pinch,pinch_sweep_size_rand-20260622-195014,TesolloCubePinch,TesolloCubePinch-20260622-214305-cubepinch_sb_forcemagnitude_s2,force.magnitude,2,0,36,1.8,4.689322,5.154964,5.154964,3.068577,2.086387,1,0.779197,0ac79f5
pinch,pinch_sweep_size_rand-20260622-195014,TesolloCubePinch,TesolloCubePinch-20260622-214305-cubepinch_sb_forcemagnitude_s2,force.magnitude,2,0,37,1.85,4.689322,5.150991,5.150991,3.059622,2.091369,1,0.779271,0ac79f5
pinch,pinch_sweep_size_rand-20260622-195014,TesolloCubePinch,TesolloCubePinch-20260622-214305-cubepinch_sb_forcemagnitude_s2,force.magnitude,2,0,38,1.9,4.689322,4.916607,4.916607,2.821563,2.095044,1,0.783425,0ac79f5
pinch,pinch_sweep_size_rand-20260622-195014,TesolloCubePinch,TesolloCubePinch-20260622-214305-cubepinch_sb_forcemagnitude_s2,force.magnitude,2,0,39,1.95,4.689322,4.472775,4.472775,2.374194,2.098581,1,0.783548,0ac79f5
pinch,pinch_sweep_size_rand-20260622-195014,TesolloCubePinch,TesolloCubePinch-20260622-214305-cubepinch_sb_forcemagnitude_s2,force.magnitude,2,0,40,2.0,4.689322,4.988234,4.988234,2.881647,2.106587,1,0.782443,0ac79f5
pinch,pinch_sweep_size_rand-20260622-195014,TesolloCubePinch,TesolloCubePinch-20260622-214305-cubepinch_sb_forcemagnitude_s2,force.magnitude,2,0,41,2.05,4.689322,4.889992,4.889992,2.78428,2.105712,1,0.783718,0ac79f5
pinch,pinch_sweep_size_rand-20260622-195014,TesolloCubePinch,TesolloCubePinch-20260622-214305-cubepinch_sb_forcemagnitude_s2,force.magnitude,2,0,42,2.1,4.689322,4.858254,4.858254,2.750455,2.107799,1,0.78403,0ac79f5
pinch,pinch_sweep_size_rand-20260622-195014,TesolloCubePinch,TesolloCubePinch-20260622-214305-cubepinch_sb_forcemagnitude_s2,force.magnitude,2,0,43,2.15,4.689322,4.843877,4.843877,2.733742,2.110136,1,0.784158,0ac79f5
pinch,pinch_sweep_size_rand-20260622-195014,TesolloCubePinch,TesolloCubePinch-20260622-214305-cubepinch_sb_forcemagnitude_s2,force.magnitude,2,0,44,2.2,4.689322,4.830989,4.830989,2.720799,2.110189,1,0.784264,0ac79f5
pinch,pinch_sweep_size_rand-20260622-195014,TesolloCubePinch,TesolloCubePinch-20260622-214305-cubepinch_sb_forcemagnitude_s2,force.magnitude,2,0,45,2.25,4.689322,4.783655,4.783655,2.515203,2.268452,1,0.784562,0ac79f5
pinch,pinch_sweep_size_rand-20260622-195014,TesolloCubePinch,TesolloCubePinch-20260622-214305-cubepinch_sb_forcemagnitude_s2,force.magnitude,2,0,46,2.3,4.689322,4.87308,4.87308,2.764338,2.108742,1,0.78392,0ac79f5
pinch,pinch_sweep_size_rand-20260622-195014,TesolloCubePinch,TesolloCubePinch-20260622-214305-cubepinch_sb_forcemagnitude_s2,force.magnitude,2,0,47,2.35,4.689322,4.849658,4.849658,2.740259,2.1094,1,0.784136,0ac79f5
pinch,pinch_sweep_size_rand-20260622-195014,TesolloCubePinch,TesolloCubePinch-20260622-214305-cubepinch_sb_forcemagnitude_s2,force.magnitude,2,0,48,2.4,4.689322,4.842166,4.842166,2.732808,2.109359,1,0.784206,0ac79f5
pinch,pinch_sweep_size_rand-20260622-195014,TesolloCubePinch,TesolloCubePinch-20260622-214305-cubepinch_sb_forcemagnitude_s2,force.magnitude,2,0,49,2.45,4.689322,5.252937,5.252937,2.727549,2.525388,1,0.776646,0ac79f5
pinch,pinch_sweep_size_rand-20260622-195014,TesolloCubePinch,TesolloCubePinch-20260622-214305-cubepinch_sb_forcemagnitude_s2,force.magnitude,2,0,50,2.5,4.689322,4.637569,4.637569,2.530343,2.107226,1,0.784763,0ac79f5
pinch,pinch_sweep_size_rand-20260622-195014,TesolloCubePinch,TesolloCubePinch-20260622-214305-cubepinch_sb_forcemagnitude_s2,force.magnitude,2,0,51,2.55,4.689322,4.883191,4.883191,2.785858,2.097333,1,0.783849,0ac79f5
pinch,pinch_sweep_size_rand-20260622-195014,TesolloCubePinch,TesolloCubePinch-20260622-214305-cubepinch_sb_forcemagnitude_s2,force.magnitude,2,0,52,2.6,4.689322,4.855965,4.855965,2.74967,2.106295,1,0.784119,0ac79f5
pinch,pinch_sweep_size_rand-20260622-195014,TesolloCubePinch,TesolloCubePinch-20260622-214305-cubepinch_sb_forcemagnitude_s2,force.magnitude,2,0,53,2.65,4.689322,4.842071,4.842071,2.74241,2.09966,1,0.784249,0ac79f5
pinch,pinch_sweep_size_rand-20260622-195014,TesolloCubePinch,TesolloCubePinch-20260622-214305-cubepinch_sb_forcemagnitude_s2,force.magnitude,2,0,54,2.7,4.689322,4.847788,4.847788,2.741672,2.106116,1,0.784212,0ac79f5
pinch,pinch_sweep_size_rand-20260622-195014,TesolloCubePinch,TesolloCubePinch-20260622-214305-cubepinch_sb_forcemagnitude_s2,force.magnitude,2,0,55,2.75,4.689322,4.846859,4.846859,2.741849,2.10501,1,0.784228,0ac79f5
pinch,pinch_sweep_size_rand-20260622-195014,TesolloCubePinch,TesolloCubePinch-20260622-214305-cubepinch_sb_forcemagnitude_s2,force.magnitude,2,0,56,2.8,4.689322,4.848122,4.848122,2.742882,2.10524,1,0.784225,0ac79f5
pinch,pinch_sweep_size_rand-20260622-195014,TesolloCubePinch,TesolloCubePinch-20260622-214305-cubepinch_sb_forcemagnitude_s2,force.magnitude,2,0,57,2.85,4.689322,5.056602,5.056602,2.745066,2.311535,1,0.781386,0ac79f5
pinch,pinch_sweep_size_rand-20260622-195014,TesolloCubePinch,TesolloCubePinch-20260622-214305-cubepinch_sb_forcemagnitude_s2,force.magnitude,2,0,58,2.9,4.689322,4.663575,4.663575,2.561058,2.102518,1,0.784885,0ac79f5
pinch,pinch_sweep_size_rand-20260622-195014,TesolloCubePinch,TesolloCubePinch-20260622-214305-cubepinch_sb_forcemagnitude_s2,force.magnitude,2,0,59,2.95,4.689322,4.647081,4.647081,2.511316,2.135765,1,0.784862,0ac79f5
pinch,pinch_sweep_size_rand-20260622-195014,TesolloCubePinch,TesolloCubePinch-20260622-214305-cubepinch_sb_forcemagnitude_s2,force.magnitude,2,0,60,3.0,4.689322,4.72673,4.72673,2.631621,2.09511,1,0.784883,0ac79f5
pinch,pinch_sweep_size_rand-20260622-195014,TesolloCubePinch,TesolloCubePinch-20260622-214305-cubepinch_sb_forcemagnitude_s2,force.magnitude,2,0,61,3.05,4.689322,4.956157,4.956157,2.849363,2.106794,1,0.783074,0ac79f5
pinch,pinch_sweep_size_rand-20260622-195014,TesolloCubePinch,TesolloCubePinch-20260622-214305-cubepinch_sb_forcemagnitude_s2,force.magnitude,2,0,62,3.1,4.689322,4.657932,4.657932,2.325797,2.332135,1,0.784913,0ac79f5
pinch,pinch_sweep_size_rand-20260622-195014,TesolloCubePinch,TesolloCubePinch-20260622-214305-cubepinch_sb_forcemagnitude_s2,force.magnitude,2,0,63,3.15,4.689322,4.952996,4.952996,2.867134,2.085862,1,0.783133,0ac79f5
pinch,pinch_sweep_size_rand-20260622-195014,TesolloCubePinch,TesolloCubePinch-20260622-214305-cubepinch_sb_forcemagnitude_s2,force.magnitude,2,0,64,3.2,4.689322,4.897724,4.897724,2.798207,2.099517,1,0.783815,0ac79f5
pinch,pinch_sweep_size_rand-20260622-195014,TesolloCubePinch,TesolloCubePinch-20260622-214305-cubepinch_sb_forcemagnitude_s2,force.magnitude,2,0,65,3.25,4.689322,4.873858,4.873858,2.770013,2.103846,1,0.784074,0ac79f5
pinch,pinch_sweep_size_rand-20260622-195014,TesolloCubePinch,TesolloCubePinch-20260622-214305-cubepinch_sb_forcemagnitude_s2,force.magnitude,2,0,66,3.3,4.689322,4.867357,4.867357,2.763705,2.103652,1,0.784146,0ac79f5
pinch,pinch_sweep_size_rand-20260622-195014,TesolloCubePinch,TesolloCubePinch-20260622-214305-cubepinch_sb_forcemagnitude_s2,force.magnitude,2,0,67,3.35,4.689322,4.860726,4.860726,2.761828,2.098898,1,0.784215,0ac79f5
pinch,pinch_sweep_size_rand-20260622-195014,TesolloCubePinch,TesolloCubePinch-20260622-214305-cubepinch_sb_forcemagnitude_s2,force.magnitude,2,0,68,3.4,4.689322,4.867787,4.867787,2.762036,2.105752,1,0.784159,0ac79f5
pinch,pinch_sweep_size_rand-20260622-195014,TesolloCubePinch,TesolloCubePinch-20260622-214305-cubepinch_sb_forcemagnitude_s2,force.magnitude,2,0,69,3.45,4.689322,4.862618,4.862618,2.763458,2.09916,1,0.784216,0ac79f5
pinch,pinch_sweep_size_rand-20260622-195014,TesolloCubePinch,TesolloCubePinch-20260622-214305-cubepinch_sb_forcemagnitude_s2,force.magnitude,2,0,70,3.5,4.689322,4.870982,4.870982,2.765055,2.105927,1,0.784147,0ac79f5
pinch,pinch_sweep_size_rand-20260622-195014,TesolloCubePinch,TesolloCubePinch-20260622-214305-cubepinch_sb_forcemagnitude_s2,force.magnitude,2,0,71,3.55,4.689322,3.213226,3.213226,1.061297,2.151929,0,0.234019,0ac79f5
pinch,pinch_sweep_size_rand-20260622-195014,TesolloCubePinch,TesolloCubePinch-20260622-214305-cubepinch_sb_forcemagnitude_s2,force.magnitude,2,0,72,3.6,4.689322,5.16663,5.16663,2.960398,2.206231,0,0.279122,0ac79f5
pinch,pinch_sweep_size_rand-20260622-195014,TesolloCubePinch,TesolloCubePinch-20260622-214305-cubepinch_sb_forcemagnitude_s2,force.magnitude,2,0,73,3.65,4.689322,4.984951,4.984951,2.854175,2.130775,0,0.282717,0ac79f5
pinch,pinch_sweep_size_rand-20260622-195014,TesolloCubePinch,TesolloCubePinch-20260622-214305-cubepinch_sb_forcemagnitude_s2,force.magnitude,2,0,74,3.7,4.689322,4.909373,4.909373,2.792941,2.116433,0,0.283764,0ac79f5
pinch,pinch_sweep_size_rand-20260622-195014,TesolloCubePinch,TesolloCubePinch-20260622-214305-cubepinch_sb_forcemagnitude_s2,force.magnitude,2,0,75,3.75,4.689322,4.888258,4.888258,2.777179,2.111079,0,0.284016,0ac79f5
pinch,pinch_sweep_size_rand-20260622-195014,TesolloCubePinch,TesolloCubePinch-20260622-214305-cubepinch_sb_forcemagnitude_s2,force.magnitude,2,0,76,3.8,4.689322,4.888278,4.888278,2.772712,2.115566,0,0.284025,0ac79f5
pinch,pinch_sweep_size_rand-20260622-195014,TesolloCubePinch,TesolloCubePinch-20260622-214305-cubepinch_sb_forcemagnitude_s2,force.magnitude,2,0,77,3.85,4.689322,4.875348,4.875348,2.774047,2.101301,0,0.284164,0ac79f5
pinch,pinch_sweep_size_rand-20260622-195014,TesolloCubePinch,TesolloCubePinch-20260622-214305-cubepinch_sb_forcemagnitude_s2,force.magnitude,2,0,78,3.9,4.689322,4.875113,4.875113,2.775411,2.099703,0,0.284175,0ac79f5
pinch,pinch_sweep_size_rand-20260622-195014,TesolloCubePinch,TesolloCubePinch-20260622-214305-cubepinch_sb_forcemagnitude_s2,force.magnitude,2,0,79,3.95,4.689322,4.883292,4.883292,2.777223,2.106069,0,0.284103,0ac79f5
pinch,pinch_sweep_size_rand-20260622-195014,TesolloCubePinch,TesolloCubePinch-20260622-214305-cubepinch_sb_forcemagnitude_s2,force.magnitude,2,1,0,0.0,4.273629,0.0,0.0,0.0,0.0,0,0.055648,0ac79f5
pinch,pinch_sweep_size_rand-20260622-195014,TesolloCubePinch,TesolloCubePinch-20260622-214305-cubepinch_sb_forcemagnitude_s2,force.magnitude,2,1,1,0.05,4.273629,0.0,0.0,0.0,0.0,0,0.058492,0ac79f5
pinch,pinch_sweep_size_rand-20260622-195014,TesolloCubePinch,TesolloCubePinch-20260622-214305-cubepinch_sb_forcemagnitude_s2,force.magnitude,2,1,2,0.1,4.273629,0.0,0.0,0.0,0.0,0,0.061057,0ac79f5
pinch,pinch_sweep_size_rand-20260622-195014,TesolloCubePinch,TesolloCubePinch-20260622-214305-cubepinch_sb_forcemagnitude_s2,force.magnitude,2,1,3,0.15,4.273629,2.659089,0.0,2.659089,0.0,0,0.061334,0ac79f5
pinch,pinch_sweep_size_rand-20260622-195014,TesolloCubePinch,TesolloCubePinch-20260622-214305-cubepinch_sb_forcemagnitude_s2,force.magnitude,2,1,4,0.2,4.273629,4.459997,4.459997,2.817553,1.642444,0,0.285358,0ac79f5
pinch,pinch_sweep_size_rand-20260622-195014,TesolloCubePinch,TesolloCubePinch-20260622-214305-cubepinch_sb_forcemagnitude_s2,force.magnitude,2,1,5,0.25,4.273629,1.755432,0.0,0.0,1.755432,0,0.061027,0ac79f5
pinch,pinch_sweep_size_rand-20260622-195014,TesolloCubePinch,TesolloCubePinch-20260622-214305-cubepinch_sb_forcemagnitude_s2,force.magnitude,2,1,6,0.3,4.273629,4.349806,4.349806,2.303385,2.04642,0,0.285909,0ac79f5
pinch,pinch_sweep_size_rand-20260622-195014,TesolloCubePinch,TesolloCubePinch-20260622-214305-cubepinch_sb_forcemagnitude_s2,force.magnitude,2,1,7,0.35,4.273629,4.379644,4.379644,2.361144,2.0185,0,0.285035,0ac79f5
pinch,pinch_sweep_size_rand-20260622-195014,TesolloCubePinch,TesolloCubePinch-20260622-214305-cubepinch_sb_forcemagnitude_s2,force.magnitude,2,1,8,0.4,4.273629,3.92805,3.92805,2.180293,1.747757,0,0.281834,0ac79f5
pinch,pinch_sweep_size_rand-20260622-195014,TesolloCubePinch,TesolloCubePinch-20260622-214305-cubepinch_sb_forcemagnitude_s2,force.magnitude,2,1,9,0.45,4.273629,4.278417,4.278417,2.541548,1.736869,0,0.28533,0ac79f5
pinch,pinch_sweep_size_rand-20260622-195014,TesolloCubePinch,TesolloCubePinch-20260622-214305-cubepinch_sb_forcemagnitude_s2,force.magnitude,2,1,10,0.5,4.273629,4.882963,4.882963,3.177215,1.705748,0,0.273735,0ac79f5
pinch,pinch_sweep_size_rand-20260622-195014,TesolloCubePinch,TesolloCubePinch-20260622-214305-cubepinch_sb_forcemagnitude_s2,force.magnitude,2,1,11,0.55,4.273629,7.884857,7.884857,6.606863,1.277994,0,0.083576,0ac79f5
pinch,pinch_sweep_size_rand-20260622-195014,TesolloCubePinch,TesolloCubePinch-20260622-214305-cubepinch_sb_forcemagnitude_s2,force.magnitude,2,1,12,0.6,4.273629,5.440874,5.440874,4.237458,1.203416,0,0.245515,0ac79f5
pinch,pinch_sweep_size_rand-20260622-195014,TesolloCubePinch,TesolloCubePinch-20260622-214305-cubepinch_sb_forcemagnitude_s2,force.magnitude,2,1,13,0.65,4.273629,5.90427,5.90427,4.082565,1.821705,0,0.213718,0ac79f5
pinch,pinch_sweep_size_rand-20260622-195014,TesolloCubePinch,TesolloCubePinch-20260622-214305-cubepinch_sb_forcemagnitude_s2,force.magnitude,2,1,14,0.7,4.273629,5.831765,5.831765,4.086991,1.744774,0,0.219104,0ac79f5
pinch,pinch_sweep_size_rand-20260622-195014,TesolloCubePinch,TesolloCubePinch-20260622-214305-cubepinch_sb_forcemagnitude_s2,force.magnitude,2,1,15,0.75,4.273629,5.94152,5.94152,4.243427,1.698092,0,0.211108,0ac79f5
pinch,pinch_sweep_size_rand-20260622-195014,TesolloCubePinch,TesolloCubePinch-20260622-214305-cubepinch_sb_forcemagnitude_s2,force.magnitude,2,1,16,0.8,4.273629,4.823457,4.823457,3.080823,1.742634,0,0.275723,0ac79f5
pinch,pinch_sweep_size_rand-20260622-195014,TesolloCubePinch,TesolloCubePinch-20260622-214305-cubepinch_sb_forcemagnitude_s2,force.magnitude,2,1,17,0.85,4.273629,4.045053,4.045053,2.263234,1.781819,0,0.283457,0ac79f5
pinch,pinch_sweep_size_rand-20260622-195014,TesolloCubePinch,TesolloCubePinch-20260622-214305-cubepinch_sb_forcemagnitude_s2,force.magnitude,2,1,18,0.9,4.273629,5.155087,5.155087,3.32686,1.828226,0,0.261769,0ac79f5
pinch,pinch_sweep_size_rand-20260622-195014,TesolloCubePinch,TesolloCubePinch-20260622-214305-cubepinch_sb_forcemagnitude_s2,force.magnitude,2,1,19,0.95,4.273629,4.907763,4.907763,3.040146,1.867616,0,0.272716,0ac79f5
pinch,pinch_sweep_size_rand-20260622-195014,TesolloCubePinch,TesolloCubePinch-20260622-214305-cubepinch_sb_forcemagnitude_s2,force.magnitude,2,1,20,1.0,4.273629,4.999398,4.999398,3.091189,1.908209,0,0.269001,0ac79f5
pinch,pinch_sweep_size_rand-20260622-195014,TesolloCubePinch,TesolloCubePinch-20260622-214305-cubepinch_sb_forcemagnitude_s2,force.magnitude,2,1,21,1.05,4.273629,5.810416,5.810416,3.106448,2.703968,0,0.220676,0ac79f5
pinch,pinch_sweep_size_rand-20260622-195014,TesolloCubePinch,TesolloCubePinch-20260622-214305-cubepinch_sb_forcemagnitude_s2,force.magnitude,2,1,22,1.1,4.273629,5.055886,5.055886,3.091942,1.963944,0,0.266484,0ac79f5
pinch,pinch_sweep_size_rand-20260622-195014,TesolloCubePinch,TesolloCubePinch-20260622-214305-cubepinch_sb_forcemagnitude_s2,force.magnitude,2,1,23,1.15,4.273629,5.057984,5.057984,3.104494,1.95349,0,0.266333,0ac79f5
pinch,pinch_sweep_size_rand-20260622-195014,TesolloCubePinch,TesolloCubePinch-20260622-214305-cubepinch_sb_forcemagnitude_s2,force.magnitude,2,1,24,1.2,4.273629,5.077499,5.077499,3.101974,1.975525,0,0.265457,0ac79f5
pinch,pinch_sweep_size_rand-20260622-195014,TesolloCubePinch,TesolloCubePinch-20260622-214305-cubepinch_sb_forcemagnitude_s2,force.magnitude,2,1,25,1.25,4.273629,5.086374,5.086374,3.09704,1.989333,0,0.265039,0ac79f5
pinch,pinch_sweep_size_rand-20260622-195014,TesolloCubePinch,TesolloCubePinch-20260622-214305-cubepinch_sb_forcemagnitude_s2,force.magnitude,2,1,26,1.3,4.273629,5.090937,5.090937,3.092973,1.997964,0,0.264806,0ac79f5
pinch,pinch_sweep_size_rand-20260622-195014,TesolloCubePinch,TesolloCubePinch-20260622-214305-cubepinch_sb_forcemagnitude_s2,force.magnitude,2,1,27,1.35,4.273629,5.093786,5.093786,3.086031,2.007755,0,0.264653,0ac79f5
pinch,pinch_sweep_size_rand-20260622-195014,TesolloCubePinch,TesolloCubePinch-20260622-214305-cubepinch_sb_forcemagnitude_s2,force.magnitude,2,1,28,1.4,4.273629,4.867552,4.867552,2.849532,2.01802,0,0.274086,0ac79f5
pinch,pinch_sweep_size_rand-20260622-195014,TesolloCubePinch,TesolloCubePinch-20260622-214305-cubepinch_sb_forcemagnitude_s2,force.magnitude,2,1,29,1.45,4.273629,4.891583,4.891583,2.862985,2.028598,0,0.273192,0ac79f5
pinch,pinch_sweep_size_rand-20260622-195014,TesolloCubePinch,TesolloCubePinch-20260622-214305-cubepinch_sb_forcemagnitude_s2,force.magnitude,2,1,30,1.5,4.273629,4.735285,4.735285,2.701184,2.0341,0,0.278313,0ac79f5
pinch,pinch_sweep_size_rand-20260622-195014,TesolloCubePinch,TesolloCubePinch-20260622-214305-cubepinch_sb_forcemagnitude_s2,force.magnitude,2,1,31,1.55,4.273629,4.842088,4.842088,2.799525,2.042563,0,0.274967,0ac79f5
pinch,pinch_sweep_size_rand-20260622-195014,TesolloCubePinch,TesolloCubePinch-20260622-214305-cubepinch_sb_forcemagnitude_s2,force.magnitude,2,1,32,1.6,4.273629,4.30686,4.30686,2.338967,1.967893,0,0.284927,0ac79f5
pinch,pinch_sweep_size_rand-20260622-195014,TesolloCubePinch,TesolloCubePinch-20260622-214305-cubepinch_sb_forcemagnitude_s2,force.magnitude,2,1,33,1.65,4.273629,4.569153,4.569153,2.509881,2.059273,0,0.282233,0ac79f5
pinch,pinch_sweep_size_rand-20260622-195014,TesolloCubePinch,TesolloCubePinch-20260622-214305-cubepinch_sb_forcemagnitude_s2,force.magnitude,2,1,34,1.7,4.273629,4.577315,4.577315,2.342083,2.235232,0,0.282093,0ac79f5
pinch,pinch_sweep_size_rand-20260622-195014,TesolloCubePinch,TesolloCubePinch-20260622-214305-cubepinch_sb_forcemagnitude_s2,force.magnitude,2,1,35,1.75,4.273629,4.548429,4.548429,2.478619,2.06981,0,0.282634,0ac79f5
pinch,pinch_sweep_size_rand-20260622-195014,TesolloCubePinch,TesolloCubePinch-20260622-214305-cubepinch_sb_forcemagnitude_s2,force.magnitude,2,1,36,1.8,4.273629,4.521379,4.521379,2.456062,2.065318,0,0.283089,0ac79f5
pinch,pinch_sweep_size_rand-20260622-195014,TesolloCubePinch,TesolloCubePinch-20260622-214305-cubepinch_sb_forcemagnitude_s2,force.magnitude,2,1,37,1.85,4.273629,4.51251,4.51251,2.44327,2.06924,1,0.783242,0ac79f5
pinch,pinch_sweep_size_rand-20260622-195014,TesolloCubePinch,TesolloCubePinch-20260622-214305-cubepinch_sb_forcemagnitude_s2,force.magnitude,2,1,38,1.9,4.273629,4.504408,4.504408,2.433045,2.071362,1,0.783378,0ac79f5
pinch,pinch_sweep_size_rand-20260622-195014,TesolloCubePinch,TesolloCubePinch-20260622-214305-cubepinch_sb_forcemagnitude_s2,force.magnitude,2,1,39,1.95,4.273629,4.497374,4.497374,2.425515,2.071858,1,0.783495,0ac79f5
pinch,pinch_sweep_size_rand-20260622-195014,TesolloCubePinch,TesolloCubePinch-20260622-214305-cubepinch_sb_forcemagnitude_s2,force.magnitude,2,1,40,2.0,4.273629,4.493246,4.493246,2.420624,2.072622,1,0.783569,0ac79f5
pinch,pinch_sweep_size_rand-20260622-195014,TesolloCubePinch,TesolloCubePinch-20260622-214305-cubepinch_sb_forcemagnitude_s2,force.magnitude,2,1,41,2.05,4.273629,4.488934,4.488934,2.415727,2.073206,1,0.783645,0ac79f5
pinch,pinch_sweep_size_rand-20260622-195014,TesolloCubePinch,TesolloCubePinch-20260622-214305-cubepinch_sb_forcemagnitude_s2,force.magnitude,2,1,42,2.1,4.273629,4.486076,4.486076,2.412742,2.073334,1,0.7837,0ac79f5
pinch,pinch_sweep_size_rand-20260622-195014,TesolloCubePinch,TesolloCubePinch-20260622-214305-cubepinch_sb_forcemagnitude_s2,force.magnitude,2,1,43,2.15,4.273629,4.484171,4.484171,2.41056,2.07361,1,0.783743,0ac79f5
pinch,pinch_sweep_size_rand-20260622-195014,TesolloCubePinch,TesolloCubePinch-20260622-214305-cubepinch_sb_forcemagnitude_s2,force.magnitude,2,1,44,2.2,4.273629,4.574665,4.574665,2.407954,2.166711,1,0.782314,0ac79f5
pinch,pinch_sweep_size_rand-20260622-195014,TesolloCubePinch,TesolloCubePinch-20260622-214305-cubepinch_sb_forcemagnitude_s2,force.magnitude,2,1,45,2.25,4.273629,4.587936,4.587936,2.403689,2.184247,1,0.782078,0ac79f5
pinch,pinch_sweep_size_rand-20260622-195014,TesolloCubePinch,TesolloCubePinch-20260622-214305-cubepinch_sb_forcemagnitude_s2,force.magnitude,2,1,46,2.3,4.273629,4.482715,4.482715,2.409328,2.073387,1,0.783818,0ac79f5
pinch,pinch_sweep_size_rand-20260622-195014,TesolloCubePinch,TesolloCubePinch-20260622-214305-cubepinch_sb_forcemagnitude_s2,force.magnitude,2,1,47,2.35,4.273629,4.588718,4.588718,2.519245,2.069473,1,0.7821,0ac79f5
pinch,pinch_sweep_size_rand-20260622-195014,TesolloCubePinch,TesolloCubePinch-20260622-214305-cubepinch_sb_forcemagnitude_s2,force.magnitude,2,1,48,2.4,4.273629,4.953193,4.953193,2.382093,2.5711,1,0.771087,0ac79f5
pinch,pinch_sweep_size_rand-20260622-195014,TesolloCubePinch,TesolloCubePinch-20260622-214305-cubepinch_sb_forcemagnitude_s2,force.magnitude,2,1,49,2.45,4.273629,4.4195,4.4195,2.366173,2.053327,1,0.784574,0ac79f5
pinch,pinch_sweep_size_rand-20260622-195014,TesolloCubePinch,TesolloCubePinch-20260622-214305-cubepinch_sb_forcemagnitude_s2,force.magnitude,2,1,50,2.5,4.273629,4.453944,4.453944,2.411589,2.042355,1,0.784229,0ac79f5
pinch,pinch_sweep_size_rand-20260622-195014,TesolloCubePinch,TesolloCubePinch-20260622-214305-cubepinch_sb_forcemagnitude_s2,force.magnitude,2,1,51,2.55,4.273629,4.347187,4.347187,2.303055,2.044132,1,0.785112,0ac79f5
pinch,pinch_sweep_size_rand-20260622-195014,TesolloCubePinch,TesolloCubePinch-20260622-214305-cubepinch_sb_forcemagnitude_s2,force.magnitude,2,1,52,2.6,4.273629,4.523173,4.523173,2.457428,2.065746,1,0.783352,0ac79f5
pinch,pinch_sweep_size_rand-20260622-195014,TesolloCubePinch,TesolloCubePinch-20260622-214305-cubepinch_sb_forcemagnitude_s2,force.magnitude,2,1,53,2.65,4.273629,4.491361,4.491361,2.440038,2.051322,1,0.783836,0ac79f5
pinch,pinch_sweep_size_rand-20260622-195014,TesolloCubePinch,TesolloCubePinch-20260622-214305-cubepinch_sb_forcemagnitude_s2,force.magnitude,2,1,54,2.7,4.273629,4.497203,4.497203,2.435087,2.062116,1,0.783774,0ac79f5
pinch,pinch_sweep_size_rand-20260622-195014,TesolloCubePinch,TesolloCubePinch-20260622-214305-cubepinch_sb_forcemagnitude_s2,force.magnitude,2,1,55,2.75,4.273629,4.497287,4.497287,2.436655,2.060631,1,0.783792,0ac79f5
pinch,pinch_sweep_size_rand-20260622-195014,TesolloCubePinch,TesolloCubePinch-20260622-214305-cubepinch_sb_forcemagnitude_s2,force.magnitude,2,1,56,2.8,4.273629,4.498425,4.498425,2.439011,2.059414,1,0.783795,0ac79f5
pinch,pinch_sweep_size_rand-20260622-195014,TesolloCubePinch,TesolloCubePinch-20260622-214305-cubepinch_sb_forcemagnitude_s2,force.magnitude,2,1,57,2.85,4.273629,4.841236,4.841236,2.782974,2.058262,1,0.775451,0ac79f5
pinch,pinch_sweep_size_rand-20260622-195014,TesolloCubePinch,TesolloCubePinch-20260622-214305-cubepinch_sb_forcemagnitude_s2,force.magnitude,2,1,58,2.9,4.273629,4.214226,4.214226,2.159174,2.055053,1,0.785306,0ac79f5
pinch,pinch_sweep_size_rand-20260622-195014,TesolloCubePinch,TesolloCubePinch-20260622-214305-cubepinch_sb_forcemagnitude_s2,force.magnitude,2,1,59,2.95,4.273629,4.516634,4.516634,2.458074,2.058561,1,0.783577,0ac79f5
pinch,pinch_sweep_size_rand-20260622-195014,TesolloCubePinch,TesolloCubePinch-20260622-214305-cubepinch_sb_forcemagnitude_s2,force.magnitude,2,1,60,3.0,4.273629,4.479053,4.479053,2.282142,2.196912,1,0.784125,0ac79f5
pinch,pinch_sweep_size_rand-20260622-195014,TesolloCubePinch,TesolloCubePinch-20260622-214305-cubepinch_sb_forcemagnitude_s2,force.magnitude,2,1,61,3.05,4.273629,4.546319,4.546319,2.487141,2.059178,1,0.783146,0ac79f5
pinch,pinch_sweep_size_rand-20260622-195014,TesolloCubePinch,TesolloCubePinch-20260622-214305-cubepinch_sb_forcemagnitude_s2,force.magnitude,2,1,62,3.1,4.273629,4.521959,4.521959,2.468382,2.053577,1,0.783561,0ac79f5
pinch,pinch_sweep_size_rand-20260622-195014,TesolloCubePinch,TesolloCubePinch-20260622-214305-cubepinch_sb_forcemagnitude_s2,force.magnitude,2,1,63,3.15,4.273629,4.508088,4.508088,2.456959,2.051129,1,0.783792,0ac79f5
pinch,pinch_sweep_size_rand-20260622-195014,TesolloCubePinch,TesolloCubePinch-20260622-214305-cubepinch_sb_forcemagnitude_s2,force.magnitude,2,1,64,3.2,4.273629,4.506338,4.506338,2.456887,2.049451,1,0.783838,0ac79f5
pinch,pinch_sweep_size_rand-20260622-195014,TesolloCubePinch,TesolloCubePinch-20260622-214305-cubepinch_sb_forcemagnitude_s2,force.magnitude,2,1,65,3.25,4.273629,4.81402,4.81402,2.457551,2.35647,1,0.776522,0ac79f5
pinch,pinch_sweep_size_rand-20260622-195014,TesolloCubePinch,TesolloCubePinch-20260622-214305-cubepinch_sb_forcemagnitude_s2,force.magnitude,2,1,66,3.3,4.273629,3.535771,3.535771,1.500169,2.035602,1,0.768995,0ac79f5
pinch,pinch_sweep_size_rand-20260622-195014,TesolloCubePinch,TesolloCubePinch-20260622-214305-cubepinch_sb_forcemagnitude_s2,force.magnitude,2,1,67,3.35,4.273629,4.868111,4.868111,2.839717,2.028394,1,0.774698,0ac79f5
pinch,pinch_sweep_size_rand-20260622-195014,TesolloCubePinch,TesolloCubePinch-20260622-214305-cubepinch_sb_forcemagnitude_s2,force.magnitude,2,1,68,3.4,4.273629,4.478667,4.478667,2.45261,2.026057,1,0.78427,0ac79f5
pinch,pinch_sweep_size_rand-20260622-195014,TesolloCubePinch,TesolloCubePinch-20260622-214305-cubepinch_sb_forcemagnitude_s2,force.magnitude,2,1,69,3.45,4.273629,4.502615,4.502615,2.456832,2.045783,1,0.783975,0ac79f5
pinch,pinch_sweep_size_rand-20260622-195014,TesolloCubePinch,TesolloCubePinch-20260622-214305-cubepinch_sb_forcemagnitude_s2,force.magnitude,2,1,70,3.5,4.273629,4.505623,4.505623,2.463437,2.042186,1,0.783967,0ac79f5
pinch,pinch_sweep_size_rand-20260622-195014,TesolloCubePinch,TesolloCubePinch-20260622-214305-cubepinch_sb_forcemagnitude_s2,force.magnitude,2,1,71,3.55,4.273629,4.5051,4.5051,2.464651,2.040449,1,0.783996,0ac79f5
pinch,pinch_sweep_size_rand-20260622-195014,TesolloCubePinch,TesolloCubePinch-20260622-214305-cubepinch_sb_forcemagnitude_s2,force.magnitude,2,1,72,3.6,4.273629,4.504713,4.504713,2.466122,2.038591,1,0.784022,0ac79f5
pinch,pinch_sweep_size_rand-20260622-195014,TesolloCubePinch,TesolloCubePinch-20260622-214305-cubepinch_sb_forcemagnitude_s2,force.magnitude,2,1,73,3.65,4.273629,4.504726,4.504726,2.467727,2.037,1,0.784042,0ac79f5
pinch,pinch_sweep_size_rand-20260622-195014,TesolloCubePinch,TesolloCubePinch-20260622-214305-cubepinch_sb_forcemagnitude_s2,force.magnitude,2,1,74,3.7,4.273629,4.555173,4.555173,2.519635,2.035538,1,0.783253,0ac79f5
pinch,pinch_sweep_size_rand-20260622-195014,TesolloCubePinch,TesolloCubePinch-20260622-214305-cubepinch_sb_forcemagnitude_s2,force.magnitude,2,1,75,3.75,4.273629,4.489794,4.489794,2.456208,2.033586,1,0.78429,0ac79f5
pinch,pinch_sweep_size_rand-20260622-195014,TesolloCubePinch,TesolloCubePinch-20260622-214305-cubepinch_sb_forcemagnitude_s2,force.magnitude,2,1,76,3.8,4.273629,4.501089,4.501089,2.468294,2.032795,1,0.784153,0ac79f5
pinch,pinch_sweep_size_rand-20260622-195014,TesolloCubePinch,TesolloCubePinch-20260622-214305-cubepinch_sb_forcemagnitude_s2,force.magnitude,2,1,77,3.85,4.273629,4.505207,4.505207,2.473139,2.032068,1,0.784114,0ac79f5
pinch,pinch_sweep_size_rand-20260622-195014,TesolloCubePinch,TesolloCubePinch-20260622-214305-cubepinch_sb_forcemagnitude_s2,force.magnitude,2,1,78,3.9,4.273629,4.534189,4.534189,2.503028,2.031162,1,0.783689,0ac79f5
pinch,pinch_sweep_size_rand-20260622-195014,TesolloCubePinch,TesolloCubePinch-20260622-214305-cubepinch_sb_forcemagnitude_s2,force.magnitude,2,1,79,3.95,4.273629,4.495111,4.495111,2.465501,2.02961,1,0.784298,0ac79f5
pinch,pinch_sweep_size_rand-20260622-195014,TesolloCubePinch,TesolloCubePinch-20260622-214305-cubepinch_sb_forcemagnitude_s2,force.magnitude,2,2,0,0.0,3.656373,0.0,0.0,0.0,0.0,0,0.055614,0ac79f5
pinch,pinch_sweep_size_rand-20260622-195014,TesolloCubePinch,TesolloCubePinch-20260622-214305-cubepinch_sb_forcemagnitude_s2,force.magnitude,2,2,1,0.05,3.656373,0.0,0.0,0.0,0.0,0,0.058333,0ac79f5
pinch,pinch_sweep_size_rand-20260622-195014,TesolloCubePinch,TesolloCubePinch-20260622-214305-cubepinch_sb_forcemagnitude_s2,force.magnitude,2,2,2,0.1,3.656373,2.703163,0.0,2.703163,0.0,0,0.06092,0ac79f5
pinch,pinch_sweep_size_rand-20260622-195014,TesolloCubePinch,TesolloCubePinch-20260622-214305-cubepinch_sb_forcemagnitude_s2,force.magnitude,2,2,3,0.15,3.656373,4.179064,4.179064,2.587738,1.591326,0,0.275426,0ac79f5
pinch,pinch_sweep_size_rand-20260622-195014,TesolloCubePinch,TesolloCubePinch-20260622-214305-cubepinch_sb_forcemagnitude_s2,force.magnitude,2,2,4,0.2,3.656373,1.3111,0.0,0.0,1.3111,0,0.061526,0ac79f5
pinch,pinch_sweep_size_rand-20260622-195014,TesolloCubePinch,TesolloCubePinch-20260622-214305-cubepinch_sb_forcemagnitude_s2,force.magnitude,2,2,5,0.25,3.656373,4.144831,4.144831,2.573944,1.570887,0,0.276492,0ac79f5
pinch,pinch_sweep_size_rand-20260622-195014,TesolloCubePinch,TesolloCubePinch-20260622-214305-cubepinch_sb_forcemagnitude_s2,force.magnitude,2,2,6,0.3,3.656373,1.765051,0.0,0.0,1.765051,0,0.061106,0ac79f5
pinch,pinch_sweep_size_rand-20260622-195014,TesolloCubePinch,TesolloCubePinch-20260622-214305-cubepinch_sb_forcemagnitude_s2,force.magnitude,2,2,7,0.35,3.656373,4.049647,4.049647,2.575807,1.47384,0,0.279592,0ac79f5
pinch,pinch_sweep_size_rand-20260622-195014,TesolloCubePinch,TesolloCubePinch-20260622-214305-cubepinch_sb_forcemagnitude_s2,force.magnitude,2,2,8,0.4,3.656373,3.694595,3.694595,2.207971,1.486624,0,0.285496,0ac79f5
pinch,pinch_sweep_size_rand-20260622-195014,TesolloCubePinch,TesolloCubePinch-20260622-214305-cubepinch_sb_forcemagnitude_s2,force.magnitude,2,2,9,0.45,3.656373,3.813885,3.813885,2.352189,1.461696,0,0.28453,0ac79f5
pinch,pinch_sweep_size_rand-20260622-195014,TesolloCubePinch,TesolloCubePinch-20260622-214305-cubepinch_sb_forcemagnitude_s2,force.magnitude,2,2,10,0.5,3.656373,4.2493,4.2493,2.892322,1.356978,0,0.270929,0ac79f5
pinch,pinch_sweep_size_rand-20260622-195014,TesolloCubePinch,TesolloCubePinch-20260622-214305-cubepinch_sb_forcemagnitude_s2,force.magnitude,2,2,11,0.55,3.656373,5.710098,5.710098,4.323396,1.386702,0,0.156572,0ac79f5
pinch,pinch_sweep_size_rand-20260622-195014,TesolloCubePinch,TesolloCubePinch-20260622-214305-cubepinch_sb_forcemagnitude_s2,force.magnitude,2,2,12,0.6,3.656373,5.483838,5.483838,4.049731,1.434107,0,0.176191,0ac79f5
pinch,pinch_sweep_size_rand-20260622-195014,TesolloCubePinch,TesolloCubePinch-20260622-214305-cubepinch_sb_forcemagnitude_s2,force.magnitude,2,2,13,0.65,3.656373,5.420784,5.420784,3.930633,1.490151,0,0.181837,0ac79f5
pinch,pinch_sweep_size_rand-20260622-195014,TesolloCubePinch,TesolloCubePinch-20260622-214305-cubepinch_sb_forcemagnitude_s2,force.magnitude,2,2,14,0.7,3.656373,5.738352,5.738352,4.057756,1.680596,0,0.154174,0ac79f5
pinch,pinch_sweep_size_rand-20260622-195014,TesolloCubePinch,TesolloCubePinch-20260622-214305-cubepinch_sb_forcemagnitude_s2,force.magnitude,2,2,15,0.75,3.656373,5.934247,5.934247,4.224438,1.709809,0,0.13805,0ac79f5
pinch,pinch_sweep_size_rand-20260622-195014,TesolloCubePinch,TesolloCubePinch-20260622-214305-cubepinch_sb_forcemagnitude_s2,force.magnitude,2,2,16,0.8,3.656373,4.857614,4.857614,3.1073,1.750314,0,0.230781,0ac79f5
pinch,pinch_sweep_size_rand-20260622-195014,TesolloCubePinch,TesolloCubePinch-20260622-214305-cubepinch_sb_forcemagnitude_s2,force.magnitude,2,2,17,0.85,3.656373,4.883997,4.883997,3.097899,1.786098,0,0.228691,0ac79f5
pinch,pinch_sweep_size_rand-20260622-195014,TesolloCubePinch,TesolloCubePinch-20260622-214305-cubepinch_sb_forcemagnitude_s2,force.magnitude,2,2,18,0.9,3.656373,4.731462,4.731462,2.980533,1.750929,0,0.240652,0ac79f5
pinch,pinch_sweep_size_rand-20260622-195014,TesolloCubePinch,TesolloCubePinch-20260622-214305-cubepinch_sb_forcemagnitude_s2,force.magnitude,2,2,19,0.95,3.656373,5.846816,5.846816,3.964667,1.882149,0,0.145157,0ac79f5
pinch,pinch_sweep_size_rand-20260622-195014,TesolloCubePinch,TesolloCubePinch-20260622-214305-cubepinch_sb_forcemagnitude_s2,force.magnitude,2,2,20,1.0,3.656373,5.069991,5.069991,3.271976,1.798016,0,0.212726,0ac79f5
pinch,pinch_sweep_size_rand-20260622-195014,TesolloCubePinch,TesolloCubePinch-20260622-214305-cubepinch_sb_forcemagnitude_s2,force.magnitude,2,2,21,1.05,3.656373,4.132548,4.132548,2.279414,1.853134,0,0.275793,0ac79f5
pinch,pinch_sweep_size_rand-20260622-195014,TesolloCubePinch,TesolloCubePinch-20260622-214305-cubepinch_sb_forcemagnitude_s2,force.magnitude,2,2,22,1.1,3.656373,4.502831,4.502831,2.578557,1.924273,0,0.256391,0ac79f5
pinch,pinch_sweep_size_rand-20260622-195014,TesolloCubePinch,TesolloCubePinch-20260622-214305-cubepinch_sb_forcemagnitude_s2,force.magnitude,2,2,23,1.15,3.656373,4.041306,4.041306,2.11637,1.924936,0,0.279073,0ac79f5
pinch,pinch_sweep_size_rand-20260622-195014,TesolloCubePinch,TesolloCubePinch-20260622-214305-cubepinch_sb_forcemagnitude_s2,force.magnitude,2,2,24,1.2,3.656373,4.237918,4.237918,2.300485,1.937433,0,0.271268,0ac79f5
pinch,pinch_sweep_size_rand-20260622-195014,TesolloCubePinch,TesolloCubePinch-20260622-214305-cubepinch_sb_forcemagnitude_s2,force.magnitude,2,2,25,1.25,3.656373,4.135685,4.135685,2.186193,1.949493,0,0.275793,0ac79f5
pinch,pinch_sweep_size_rand-20260622-195014,TesolloCubePinch,TesolloCubePinch-20260622-214305-cubepinch_sb_forcemagnitude_s2,force.magnitude,2,2,26,1.3,3.656373,4.100644,4.100644,2.139277,1.961367,0,0.277161,0ac79f5
pinch,pinch_sweep_size_rand-20260622-195014,TesolloCubePinch,TesolloCubePinch-20260622-214305-cubepinch_sb_forcemagnitude_s2,force.magnitude,2,2,27,1.35,3.656373,4.100137,4.100137,2.121652,1.978485,0,0.277198,0ac79f5
pinch,pinch_sweep_size_rand-20260622-195014,TesolloCubePinch,TesolloCubePinch-20260622-214305-cubepinch_sb_forcemagnitude_s2,force.magnitude,2,2,28,1.4,3.656373,4.103419,4.103419,2.104951,1.998469,0,0.2771,0ac79f5
pinch,pinch_sweep_size_rand-20260622-195014,TesolloCubePinch,TesolloCubePinch-20260622-214305-cubepinch_sb_forcemagnitude_s2,force.magnitude,2,2,29,1.45,3.656373,3.971502,3.971502,2.0917,1.879802,0,0.281343,0ac79f5
pinch,pinch_sweep_size_rand-20260622-195014,TesolloCubePinch,TesolloCubePinch-20260622-214305-cubepinch_sb_forcemagnitude_s2,force.magnitude,2,2,30,1.5,3.656373,4.088067,4.088067,2.080186,2.007881,0,0.277709,0ac79f5
pinch,pinch_sweep_size_rand-20260622-195014,TesolloCubePinch,TesolloCubePinch-20260622-214305-cubepinch_sb_forcemagnitude_s2,force.magnitude,2,2,31,1.55,3.656373,4.447494,4.447494,2.793137,1.654357,0,0.260083,0ac79f5
pinch,pinch_sweep_size_rand-20260622-195014,TesolloCubePinch,TesolloCubePinch-20260622-214305-cubepinch_sb_forcemagnitude_s2,force.magnitude,2,2,32,1.6,3.656373,3.909927,3.909927,1.913581,1.996346,0,0.282883,0ac79f5
pinch,pinch_sweep_size_rand-20260622-195014,TesolloCubePinch,TesolloCubePinch-20260622-214305-cubepinch_sb_forcemagnitude_s2,force.magnitude,2,2,33,1.65,3.656373,4.103191,4.103191,2.051725,2.051466,0,0.277176,0ac79f5
pinch,pinch_sweep_size_rand-20260622-195014,TesolloCubePinch,TesolloCubePinch-20260622-214305-cubepinch_sb_forcemagnitude_s2,force.magnitude,2,2,34,1.7,3.656373,4.06422,4.06422,2.031746,2.032475,0,0.27861,0ac79f5
pinch,pinch_sweep_size_rand-20260622-195014,TesolloCubePinch,TesolloCubePinch-20260622-214305-cubepinch_sb_forcemagnitude_s2,force.magnitude,2,2,35,1.75,3.656373,4.065662,4.065662,2.032074,2.033589,0,0.27862,0ac79f5
pinch,pinch_sweep_size_rand-20260622-195014,TesolloCubePinch,TesolloCubePinch-20260622-214305-cubepinch_sb_forcemagnitude_s2,force.magnitude,2,2,36,1.8,3.656373,4.060846,4.060846,2.026694,2.034152,0,0.278819,0ac79f5
pinch,pinch_sweep_size_rand-20260622-195014,TesolloCubePinch,TesolloCubePinch-20260622-214305-cubepinch_sb_forcemagnitude_s2,force.magnitude,2,2,37,1.85,3.656373,3.692954,3.692954,2.022539,1.670415,0,0.285738,0ac79f5
pinch,pinch_sweep_size_rand-20260622-195014,TesolloCubePinch,TesolloCubePinch-20260622-214305-cubepinch_sb_forcemagnitude_s2,force.magnitude,2,2,38,1.9,3.656373,4.038533,4.038533,2.015714,2.022818,0,0.27961,0ac79f5
pinch,pinch_sweep_size_rand-20260622-195014,TesolloCubePinch,TesolloCubePinch-20260622-214305-cubepinch_sb_forcemagnitude_s2,force.magnitude,2,2,39,1.95,3.656373,3.913326,3.913326,1.874613,2.038713,0,0.283014,0ac79f5
pinch,pinch_sweep_size_rand-20260622-195014,TesolloCubePinch,TesolloCubePinch-20260622-214305-cubepinch_sb_forcemagnitude_s2,force.magnitude,2,2,40,2.0,3.656373,4.096589,4.096589,2.059205,2.037384,0,0.277678,0ac79f5
pinch,pinch_sweep_size_rand-20260622-195014,TesolloCubePinch,TesolloCubePinch-20260622-214305-cubepinch_sb_forcemagnitude_s2,force.magnitude,2,2,41,2.05,3.656373,4.029338,4.029338,1.9975,2.031838,1,0.780002,0ac79f5
pinch,pinch_sweep_size_rand-20260622-195014,TesolloCubePinch,TesolloCubePinch-20260622-214305-cubepinch_sb_forcemagnitude_s2,force.magnitude,2,2,42,2.1,3.656373,4.059587,4.059587,1.999658,2.05993,1,0.77905,0ac79f5
pinch,pinch_sweep_size_rand-20260622-195014,TesolloCubePinch,TesolloCubePinch-20260622-214305-cubepinch_sb_forcemagnitude_s2,force.magnitude,2,2,43,2.15,3.656373,4.02633,4.02633,1.994411,2.031919,1,0.780163,0ac79f5
pinch,pinch_sweep_size_rand-20260622-195014,TesolloCubePinch,TesolloCubePinch-20260622-214305-cubepinch_sb_forcemagnitude_s2,force.magnitude,2,2,44,2.2,3.656373,4.020221,4.020221,1.991413,2.028809,1,0.780386,0ac79f5
pinch,pinch_sweep_size_rand-20260622-195014,TesolloCubePinch,TesolloCubePinch-20260622-214305-cubepinch_sb_forcemagnitude_s2,force.magnitude,2,2,45,2.25,3.656373,4.014854,4.014854,1.988397,2.026457,1,0.780584,0ac79f5
pinch,pinch_sweep_size_rand-20260622-195014,TesolloCubePinch,TesolloCubePinch-20260622-214305-cubepinch_sb_forcemagnitude_s2,force.magnitude,2,2,46,2.3,3.656373,4.009336,4.009336,1.985128,2.024209,1,0.780784,0ac79f5
pinch,pinch_sweep_size_rand-20260622-195014,TesolloCubePinch,TesolloCubePinch-20260622-214305-cubepinch_sb_forcemagnitude_s2,force.magnitude,2,2,47,2.35,3.656373,4.003772,4.003772,1.981885,2.021887,1,0.780983,0ac79f5
pinch,pinch_sweep_size_rand-20260622-195014,TesolloCubePinch,TesolloCubePinch-20260622-214305-cubepinch_sb_forcemagnitude_s2,force.magnitude,2,2,48,2.4,3.656373,4.172791,4.172791,1.979087,2.193705,1,0.774938,0ac79f5
pinch,pinch_sweep_size_rand-20260622-195014,TesolloCubePinch,TesolloCubePinch-20260622-214305-cubepinch_sb_forcemagnitude_s2,force.magnitude,2,2,49,2.45,3.656373,4.00019,4.00019,1.974168,2.026022,1,0.781158,0ac79f5
pinch,pinch_sweep_size_rand-20260622-195014,TesolloCubePinch,TesolloCubePinch-20260622-214305-cubepinch_sb_forcemagnitude_s2,force.magnitude,2,2,50,2.5,3.656373,3.994039,3.994039,1.973775,2.020264,1,0.781369,0ac79f5
pinch,pinch_sweep_size_rand-20260622-195014,TesolloCubePinch,TesolloCubePinch-20260622-214305-cubepinch_sb_forcemagnitude_s2,force.magnitude,2,2,51,2.55,3.656373,3.989316,3.989316,1.970541,2.018776,1,0.781541,0ac79f5
pinch,pinch_sweep_size_rand-20260622-195014,TesolloCubePinch,TesolloCubePinch-20260622-214305-cubepinch_sb_forcemagnitude_s2,force.magnitude,2,2,52,2.6,3.656373,3.984305,3.984305,1.968273,2.016032,1,0.781718,0ac79f5
pinch,pinch_sweep_size_rand-20260622-195014,TesolloCubePinch,TesolloCubePinch-20260622-214305-cubepinch_sb_forcemagnitude_s2,force.magnitude,2,2,53,2.65,3.656373,4.187176,4.187176,2.179132,2.008044,1,0.7745,0ac79f5
pinch,pinch_sweep_size_rand-20260622-195014,TesolloCubePinch,TesolloCubePinch-20260622-214305-cubepinch_sb_forcemagnitude_s2,force.magnitude,2,2,54,2.7,3.656373,3.937964,3.937964,1.932262,2.005702,1,0.782984,0ac79f5
pinch,pinch_sweep_size_rand-20260622-195014,TesolloCubePinch,TesolloCubePinch-20260622-214305-cubepinch_sb_forcemagnitude_s2,force.magnitude,2,2,55,2.75,3.656373,3.970744,3.970744,1.961581,2.009164,1,0.78219,0ac79f5
pinch,pinch_sweep_size_rand-20260622-195014,TesolloCubePinch,TesolloCubePinch-20260622-214305-cubepinch_sb_forcemagnitude_s2,force.magnitude,2,2,56,2.8,3.656373,3.885669,3.885669,2.237206,1.648463,1,0.784193,0ac79f5
pinch,pinch_sweep_size_rand-20260622-195014,TesolloCubePinch,TesolloCubePinch-20260622-214305-cubepinch_sb_forcemagnitude_s2,force.magnitude,2,2,57,2.85,3.656373,3.847229,3.847229,1.919743,1.927486,1,0.784909,0ac79f5
pinch,pinch_sweep_size_rand-20260622-195014,TesolloCubePinch,TesolloCubePinch-20260622-214305-cubepinch_sb_forcemagnitude_s2,force.magnitude,2,2,58,2.9,3.656373,3.952787,3.952787,1.951265,2.001522,1,0.782739,0ac79f5
pinch,pinch_sweep_size_rand-20260622-195014,TesolloCubePinch,TesolloCubePinch-20260622-214305-cubepinch_sb_forcemagnitude_s2,force.magnitude,2,2,59,2.95,3.656373,3.950182,3.950182,1.952373,1.997809,1,0.782852,0ac79f5
pinch,pinch_sweep_size_rand-20260622-195014,TesolloCubePinch,TesolloCubePinch-20260622-214305-cubepinch_sb_forcemagnitude_s2,force.magnitude,2,2,60,3.0,3.656373,3.949316,3.949316,1.954141,1.995175,1,0.782915,0ac79f5
pinch,pinch_sweep_size_rand-20260622-195014,TesolloCubePinch,TesolloCubePinch-20260622-214305-cubepinch_sb_forcemagnitude_s2,force.magnitude,2,2,61,3.05,3.656373,3.947765,3.947765,1.955378,1.992387,1,0.78299,0ac79f5
pinch,pinch_sweep_size_rand-20260622-195014,TesolloCubePinch,TesolloCubePinch-20260622-214305-cubepinch_sb_forcemagnitude_s2,force.magnitude,2,2,62,3.1,3.656373,4.421036,4.421036,1.956046,2.46499,0,0.262705,0ac79f5
pinch,pinch_sweep_size_rand-20260622-195014,TesolloCubePinch,TesolloCubePinch-20260622-214305-cubepinch_sb_forcemagnitude_s2,force.magnitude,2,2,63,3.15,3.656373,3.943465,3.943465,1.948966,1.994499,0,0.283161,0ac79f5
pinch,pinch_sweep_size_rand-20260622-195014,TesolloCubePinch,TesolloCubePinch-20260622-214305-cubepinch_sb_forcemagnitude_s2,force.magnitude,2,2,64,3.2,3.656373,3.944418,3.944418,1.962287,1.982131,0,0.283161,0ac79f5
pinch,pinch_sweep_size_rand-20260622-195014,TesolloCubePinch,TesolloCubePinch-20260622-214305-cubepinch_sb_forcemagnitude_s2,force.magnitude,2,2,65,3.25,3.656373,3.939836,3.939836,1.960297,1.979539,0,0.283324,0ac79f5
pinch,pinch_sweep_size_rand-20260622-195014,TesolloCubePinch,TesolloCubePinch-20260622-214305-cubepinch_sb_forcemagnitude_s2,force.magnitude,2,2,66,3.3,3.656373,3.935683,3.935683,1.959609,1.976074,0,0.283464,0ac79f5
pinch,pinch_sweep_size_rand-20260622-195014,TesolloCubePinch,TesolloCubePinch-20260622-214305-cubepinch_sb_forcemagnitude_s2,force.magnitude,2,2,67,3.35,3.656373,3.932973,3.932973,1.959802,1.973171,0,0.283564,0ac79f5
pinch,pinch_sweep_size_rand-20260622-195014,TesolloCubePinch,TesolloCubePinch-20260622-214305-cubepinch_sb_forcemagnitude_s2,force.magnitude,2,2,68,3.4,3.656373,4.353617,4.353617,1.959955,2.393662,0,0.266792,0ac79f5
pinch,pinch_sweep_size_rand-20260622-195014,TesolloCubePinch,TesolloCubePinch-20260622-214305-cubepinch_sb_forcemagnitude_s2,force.magnitude,2,2,69,3.45,3.656373,3.931597,3.931597,1.955199,1.976398,0,0.283662,0ac79f5
pinch,pinch_sweep_size_rand-20260622-195014,TesolloCubePinch,TesolloCubePinch-20260622-214305-cubepinch_sb_forcemagnitude_s2,force.magnitude,2,2,70,3.5,3.656373,3.92928,3.92928,1.964674,1.964606,0,0.28374,0ac79f5
pinch,pinch_sweep_size_rand-20260622-195014,TesolloCubePinch,TesolloCubePinch-20260622-214305-cubepinch_sb_forcemagnitude_s2,force.magnitude,2,2,71,3.55,3.656373,4.457996,4.457996,1.96316,2.494836,0,0.260783,0ac79f5
pinch,pinch_sweep_size_rand-20260622-195014,TesolloCubePinch,TesolloCubePinch-20260622-214305-cubepinch_sb_forcemagnitude_s2,force.magnitude,2,2,72,3.6,3.656373,3.897287,3.897287,1.954593,1.942695,0,0.28452,0ac79f5
pinch,pinch_sweep_size_rand-20260622-195014,TesolloCubePinch,TesolloCubePinch-20260622-214305-cubepinch_sb_forcemagnitude_s2,force.magnitude,2,2,73,3.65,3.656373,3.929069,3.929069,1.97081,1.958259,0,0.283845,0ac79f5
pinch,pinch_sweep_size_rand-20260622-195014,TesolloCubePinch,TesolloCubePinch-20260622-214305-cubepinch_sb_forcemagnitude_s2,force.magnitude,2,2,74,3.7,3.656373,3.927879,3.927879,1.974056,1.953823,0,0.283928,0ac79f5
pinch,pinch_sweep_size_rand-20260622-195014,TesolloCubePinch,TesolloCubePinch-20260622-214305-cubepinch_sb_forcemagnitude_s2,force.magnitude,2,2,75,3.75,3.656373,3.928766,3.928766,1.978005,1.950761,0,0.283946,0ac79f5
pinch,pinch_sweep_size_rand-20260622-195014,TesolloCubePinch,TesolloCubePinch-20260622-214305-cubepinch_sb_forcemagnitude_s2,force.magnitude,2,2,76,3.8,3.656373,3.929793,3.929793,1.981765,1.948028,0,0.283956,0ac79f5
pinch,pinch_sweep_size_rand-20260622-195014,TesolloCubePinch,TesolloCubePinch-20260622-214305-cubepinch_sb_forcemagnitude_s2,force.magnitude,2,2,77,3.85,3.656373,3.932284,3.932284,1.986807,1.945477,0,0.283931,0ac79f5
pinch,pinch_sweep_size_rand-20260622-195014,TesolloCubePinch,TesolloCubePinch-20260622-214305-cubepinch_sb_forcemagnitude_s2,force.magnitude,2,2,78,3.9,3.656373,4.011765,4.011765,2.001364,2.010401,0,0.281841,0ac79f5
pinch,pinch_sweep_size_rand-20260622-195014,TesolloCubePinch,TesolloCubePinch-20260622-214305-cubepinch_sb_forcemagnitude_s2,force.magnitude,2,2,79,3.95,3.656373,3.063036,3.063036,1.995852,1.067184,0,0.272545,0ac79f5
pinch,pinch_sweep_size_rand-20260622-195014,TesolloCubePinch,TesolloCubePinch-20260622-215428-cubepinch_sb_forcemagnitude_s3,force.magnitude,3,0,0,0.0,4.689322,0.0,0.0,0.0,0.0,0,0.054687,0ac79f5
pinch,pinch_sweep_size_rand-20260622-195014,TesolloCubePinch,TesolloCubePinch-20260622-215428-cubepinch_sb_forcemagnitude_s3,force.magnitude,3,0,1,0.05,4.689322,0.0,0.0,0.0,0.0,0,0.05703,0ac79f5
pinch,pinch_sweep_size_rand-20260622-195014,TesolloCubePinch,TesolloCubePinch-20260622-215428-cubepinch_sb_forcemagnitude_s3,force.magnitude,3,0,2,0.1,4.689322,2.868882,0.0,2.868882,0.0,0,0.060046,0ac79f5
pinch,pinch_sweep_size_rand-20260622-195014,TesolloCubePinch,TesolloCubePinch-20260622-215428-cubepinch_sb_forcemagnitude_s3,force.magnitude,3,0,3,0.15,4.689322,4.838951,4.838951,2.861524,1.977427,0,0.286028,0ac79f5
pinch,pinch_sweep_size_rand-20260622-195014,TesolloCubePinch,TesolloCubePinch-20260622-215428-cubepinch_sb_forcemagnitude_s3,force.magnitude,3,0,4,0.2,4.689322,1.821669,0.0,0.0,1.821669,0,0.060663,0ac79f5
pinch,pinch_sweep_size_rand-20260622-195014,TesolloCubePinch,TesolloCubePinch-20260622-215428-cubepinch_sb_forcemagnitude_s3,force.magnitude,3,0,5,0.25,4.689322,4.887552,4.887552,3.140521,1.74703,0,0.284022,0ac79f5
pinch,pinch_sweep_size_rand-20260622-195014,TesolloCubePinch,TesolloCubePinch-20260622-215428-cubepinch_sb_forcemagnitude_s3,force.magnitude,3,0,6,0.3,4.689322,4.73485,4.73485,3.116148,1.618703,0,0.284336,0ac79f5
pinch,pinch_sweep_size_rand-20260622-195014,TesolloCubePinch,TesolloCubePinch-20260622-215428-cubepinch_sb_forcemagnitude_s3,force.magnitude,3,0,7,0.35,4.689322,7.463651,7.463651,5.8861,1.577551,0,0.145767,0ac79f5
pinch,pinch_sweep_size_rand-20260622-195014,TesolloCubePinch,TesolloCubePinch-20260622-215428-cubepinch_sb_forcemagnitude_s3,force.magnitude,3,0,8,0.4,4.689322,3.979623,3.979623,2.096446,1.883177,0,0.270911,0ac79f5
pinch,pinch_sweep_size_rand-20260622-195014,TesolloCubePinch,TesolloCubePinch-20260622-215428-cubepinch_sb_forcemagnitude_s3,force.magnitude,3,0,9,0.45,4.689322,4.222125,4.222125,2.513521,1.708604,0,0.277969,0ac79f5
pinch,pinch_sweep_size_rand-20260622-195014,TesolloCubePinch,TesolloCubePinch-20260622-215428-cubepinch_sb_forcemagnitude_s3,force.magnitude,3,0,10,0.5,4.689322,4.224153,4.224153,2.466216,1.757937,0,0.278434,0ac79f5
pinch,pinch_sweep_size_rand-20260622-195014,TesolloCubePinch,TesolloCubePinch-20260622-215428-cubepinch_sb_forcemagnitude_s3,force.magnitude,3,0,11,0.55,4.689322,4.106339,4.106339,2.433607,1.672733,0,0.275549,0ac79f5
pinch,pinch_sweep_size_rand-20260622-195014,TesolloCubePinch,TesolloCubePinch-20260622-215428-cubepinch_sb_forcemagnitude_s3,force.magnitude,3,0,12,0.6,4.689322,4.30628,4.30628,2.430611,1.875668,0,0.280576,0ac79f5
pinch,pinch_sweep_size_rand-20260622-195014,TesolloCubePinch,TesolloCubePinch-20260622-215428-cubepinch_sb_forcemagnitude_s3,force.magnitude,3,0,13,0.65,4.689322,4.679751,4.679751,2.066972,2.61278,0,0.28447,0ac79f5
pinch,pinch_sweep_size_rand-20260622-195014,TesolloCubePinch,TesolloCubePinch-20260622-215428-cubepinch_sb_forcemagnitude_s3,force.magnitude,3,0,14,0.7,4.689322,4.270381,4.270381,2.481741,1.788641,0,0.279983,0ac79f5
pinch,pinch_sweep_size_rand-20260622-195014,TesolloCubePinch,TesolloCubePinch-20260622-215428-cubepinch_sb_forcemagnitude_s3,force.magnitude,3,0,15,0.75,4.689322,4.345256,4.345256,2.462252,1.883004,0,0.281502,0ac79f5
pinch,pinch_sweep_size_rand-20260622-195014,TesolloCubePinch,TesolloCubePinch-20260622-215428-cubepinch_sb_forcemagnitude_s3,force.magnitude,3,0,16,0.8,4.689322,4.354865,4.354865,2.461775,1.89309,0,0.281769,0ac79f5
pinch,pinch_sweep_size_rand-20260622-195014,TesolloCubePinch,TesolloCubePinch-20260622-215428-cubepinch_sb_forcemagnitude_s3,force.magnitude,3,0,17,0.85,4.689322,4.370313,4.370313,2.467669,1.902643,1,0.782122,0ac79f5
pinch,pinch_sweep_size_rand-20260622-195014,TesolloCubePinch,TesolloCubePinch-20260622-215428-cubepinch_sb_forcemagnitude_s3,force.magnitude,3,0,18,0.9,4.689322,4.381661,4.381661,2.474362,1.907299,1,0.78238,0ac79f5
pinch,pinch_sweep_size_rand-20260622-195014,TesolloCubePinch,TesolloCubePinch-20260622-215428-cubepinch_sb_forcemagnitude_s3,force.magnitude,3,0,19,0.95,4.689322,4.391526,4.391526,2.482111,1.909415,1,0.782605,0ac79f5
pinch,pinch_sweep_size_rand-20260622-195014,TesolloCubePinch,TesolloCubePinch-20260622-215428-cubepinch_sb_forcemagnitude_s3,force.magnitude,3,0,20,1.0,4.689322,4.402067,4.402067,2.490237,1.91183,1,0.782833,0ac79f5
pinch,pinch_sweep_size_rand-20260622-195014,TesolloCubePinch,TesolloCubePinch-20260622-215428-cubepinch_sb_forcemagnitude_s3,force.magnitude,3,0,21,1.05,4.689322,4.412076,4.412076,2.49817,1.913906,1,0.783046,0ac79f5
pinch,pinch_sweep_size_rand-20260622-195014,TesolloCubePinch,TesolloCubePinch-20260622-215428-cubepinch_sb_forcemagnitude_s3,force.magnitude,3,0,22,1.1,4.689322,4.421205,4.421205,2.505153,1.916052,1,0.783241,0ac79f5
pinch,pinch_sweep_size_rand-20260622-195014,TesolloCubePinch,TesolloCubePinch-20260622-215428-cubepinch_sb_forcemagnitude_s3,force.magnitude,3,0,23,1.15,4.689322,4.430018,4.430018,2.51189,1.918128,1,0.783425,0ac79f5
pinch,pinch_sweep_size_rand-20260622-195014,TesolloCubePinch,TesolloCubePinch-20260622-215428-cubepinch_sb_forcemagnitude_s3,force.magnitude,3,0,24,1.2,4.689322,4.439296,4.439296,2.51859,1.920706,1,0.783611,0ac79f5
pinch,pinch_sweep_size_rand-20260622-195014,TesolloCubePinch,TesolloCubePinch-20260622-215428-cubepinch_sb_forcemagnitude_s3,force.magnitude,3,0,25,1.25,4.689322,4.448931,4.448931,2.525411,1.92352,1,0.783795,0ac79f5
pinch,pinch_sweep_size_rand-20260622-195014,TesolloCubePinch,TesolloCubePinch-20260622-215428-cubepinch_sb_forcemagnitude_s3,force.magnitude,3,0,26,1.3,4.689322,3.952739,3.952739,2.331253,1.621486,1,0.771556,0ac79f5
pinch,pinch_sweep_size_rand-20260622-195014,TesolloCubePinch,TesolloCubePinch-20260622-215428-cubepinch_sb_forcemagnitude_s3,force.magnitude,3,0,27,1.35,4.689322,4.484828,4.484828,2.302027,2.182801,1,0.784326,0ac79f5
pinch,pinch_sweep_size_rand-20260622-195014,TesolloCubePinch,TesolloCubePinch-20260622-215428-cubepinch_sb_forcemagnitude_s3,force.magnitude,3,0,28,1.4,4.689322,4.481733,4.481733,2.556621,1.925112,1,0.784338,0ac79f5
pinch,pinch_sweep_size_rand-20260622-195014,TesolloCubePinch,TesolloCubePinch-20260622-215428-cubepinch_sb_forcemagnitude_s3,force.magnitude,3,0,29,1.45,4.689322,4.483209,4.483209,2.552566,1.930643,1,0.784415,0ac79f5
pinch,pinch_sweep_size_rand-20260622-195014,TesolloCubePinch,TesolloCubePinch-20260622-215428-cubepinch_sb_forcemagnitude_s3,force.magnitude,3,0,30,1.5,4.689322,4.488583,4.488583,2.555501,1.933081,1,0.784536,0ac79f5
pinch,pinch_sweep_size_rand-20260622-195014,TesolloCubePinch,TesolloCubePinch-20260622-215428-cubepinch_sb_forcemagnitude_s3,force.magnitude,3,0,31,1.55,4.689322,4.493725,4.493725,2.561272,1.932453,1,0.784647,0ac79f5
pinch,pinch_sweep_size_rand-20260622-195014,TesolloCubePinch,TesolloCubePinch-20260622-215428-cubepinch_sb_forcemagnitude_s3,force.magnitude,3,0,32,1.6,4.689322,4.287176,4.287176,2.354583,1.932593,1,0.781504,0ac79f5
pinch,pinch_sweep_size_rand-20260622-195014,TesolloCubePinch,TesolloCubePinch-20260622-215428-cubepinch_sb_forcemagnitude_s3,force.magnitude,3,0,33,1.65,4.689322,4.524665,4.524665,2.587847,1.936818,1,0.785047,0ac79f5
pinch,pinch_sweep_size_rand-20260622-195014,TesolloCubePinch,TesolloCubePinch-20260622-215428-cubepinch_sb_forcemagnitude_s3,force.magnitude,3,0,34,1.7,4.689322,4.520561,4.520561,2.584032,1.936529,1,0.785063,0ac79f5
pinch,pinch_sweep_size_rand-20260622-195014,TesolloCubePinch,TesolloCubePinch-20260622-215428-cubepinch_sb_forcemagnitude_s3,force.magnitude,3,0,35,1.75,4.689322,4.525017,4.525017,2.587479,1.937538,1,0.785155,0ac79f5
pinch,pinch_sweep_size_rand-20260622-195014,TesolloCubePinch,TesolloCubePinch-20260622-215428-cubepinch_sb_forcemagnitude_s3,force.magnitude,3,0,36,1.8,4.689322,3.714696,3.714696,1.775859,1.938837,0,0.262243,0ac79f5
pinch,pinch_sweep_size_rand-20260622-195014,TesolloCubePinch,TesolloCubePinch-20260622-215428-cubepinch_sb_forcemagnitude_s3,force.magnitude,3,0,37,1.85,4.689322,4.609401,4.609401,2.655836,1.953565,0,0.285783,0ac79f5
pinch,pinch_sweep_size_rand-20260622-195014,TesolloCubePinch,TesolloCubePinch-20260622-215428-cubepinch_sb_forcemagnitude_s3,force.magnitude,3,0,38,1.9,4.689322,4.563981,4.563981,2.616946,1.947034,0,0.285569,0ac79f5
pinch,pinch_sweep_size_rand-20260622-195014,TesolloCubePinch,TesolloCubePinch-20260622-215428-cubepinch_sb_forcemagnitude_s3,force.magnitude,3,0,39,1.95,4.689322,4.555871,4.555871,2.609922,1.945949,0,0.285582,0ac79f5
pinch,pinch_sweep_size_rand-20260622-195014,TesolloCubePinch,TesolloCubePinch-20260622-215428-cubepinch_sb_forcemagnitude_s3,force.magnitude,3,0,40,2.0,4.689322,4.558321,4.558321,2.612154,1.946166,0,0.285656,0ac79f5
pinch,pinch_sweep_size_rand-20260622-195014,TesolloCubePinch,TesolloCubePinch-20260622-215428-cubepinch_sb_forcemagnitude_s3,force.magnitude,3,0,41,2.05,4.689322,4.564195,4.564195,2.617236,1.946959,0,0.285743,0ac79f5
pinch,pinch_sweep_size_rand-20260622-195014,TesolloCubePinch,TesolloCubePinch-20260622-215428-cubepinch_sb_forcemagnitude_s3,force.magnitude,3,0,42,2.1,4.689322,4.5708,4.5708,2.622937,1.947864,0,0.285833,0ac79f5
pinch,pinch_sweep_size_rand-20260622-195014,TesolloCubePinch,TesolloCubePinch-20260622-215428-cubepinch_sb_forcemagnitude_s3,force.magnitude,3,0,43,2.15,4.689322,4.138379,4.138379,1.983233,2.155146,0,0.278426,0ac79f5
pinch,pinch_sweep_size_rand-20260622-195014,TesolloCubePinch,TesolloCubePinch-20260622-215428-cubepinch_sb_forcemagnitude_s3,force.magnitude,3,0,44,2.2,4.689322,4.622188,4.622188,2.676219,1.945969,0,0.28617,0ac79f5
pinch,pinch_sweep_size_rand-20260622-195014,TesolloCubePinch,TesolloCubePinch-20260622-215428-cubepinch_sb_forcemagnitude_s3,force.magnitude,3,0,45,2.25,4.689322,4.604969,4.604969,2.651093,1.953875,0,0.286141,0ac79f5
pinch,pinch_sweep_size_rand-20260622-195014,TesolloCubePinch,TesolloCubePinch-20260622-215428-cubepinch_sb_forcemagnitude_s3,force.magnitude,3,0,46,2.3,4.689322,4.597767,4.597767,2.646079,1.951688,1,0.786162,0ac79f5
pinch,pinch_sweep_size_rand-20260622-195014,TesolloCubePinch,TesolloCubePinch-20260622-215428-cubepinch_sb_forcemagnitude_s3,force.magnitude,3,0,47,2.35,4.689322,4.601386,4.601386,2.647927,1.953459,1,0.786227,0ac79f5
pinch,pinch_sweep_size_rand-20260622-195014,TesolloCubePinch,TesolloCubePinch-20260622-215428-cubepinch_sb_forcemagnitude_s3,force.magnitude,3,0,48,2.4,4.689322,4.60695,4.60695,2.651996,1.954953,1,0.786296,0ac79f5
pinch,pinch_sweep_size_rand-20260622-195014,TesolloCubePinch,TesolloCubePinch-20260622-215428-cubepinch_sb_forcemagnitude_s3,force.magnitude,3,0,49,2.45,4.689322,4.612495,4.612495,2.65673,1.955766,1,0.786363,0ac79f5
pinch,pinch_sweep_size_rand-20260622-195014,TesolloCubePinch,TesolloCubePinch-20260622-215428-cubepinch_sb_forcemagnitude_s3,force.magnitude,3,0,50,2.5,4.689322,4.617968,4.617968,2.661746,1.956222,1,0.786428,0ac79f5
pinch,pinch_sweep_size_rand-20260622-195014,TesolloCubePinch,TesolloCubePinch-20260622-215428-cubepinch_sb_forcemagnitude_s3,force.magnitude,3,0,51,2.55,4.689322,4.62321,4.62321,2.666823,1.956387,1,0.78649,0ac79f5
pinch,pinch_sweep_size_rand-20260622-195014,TesolloCubePinch,TesolloCubePinch-20260622-215428-cubepinch_sb_forcemagnitude_s3,force.magnitude,3,0,52,2.6,4.689322,4.157989,4.157989,2.201534,1.956455,1,0.779364,0ac79f5
pinch,pinch_sweep_size_rand-20260622-195014,TesolloCubePinch,TesolloCubePinch-20260622-215428-cubepinch_sb_forcemagnitude_s3,force.magnitude,3,0,53,2.65,4.689322,4.668574,4.668574,2.707569,1.961005,1,0.786673,0ac79f5
pinch,pinch_sweep_size_rand-20260622-195014,TesolloCubePinch,TesolloCubePinch-20260622-215428-cubepinch_sb_forcemagnitude_s3,force.magnitude,3,0,54,2.7,4.689322,4.650402,4.650402,2.689149,1.961253,1,0.786683,0ac79f5
pinch,pinch_sweep_size_rand-20260622-195014,TesolloCubePinch,TesolloCubePinch-20260622-215428-cubepinch_sb_forcemagnitude_s3,force.magnitude,3,0,55,2.75,4.689322,4.641655,4.641655,2.685861,1.955795,1,0.786708,0ac79f5
pinch,pinch_sweep_size_rand-20260622-195014,TesolloCubePinch,TesolloCubePinch-20260622-215428-cubepinch_sb_forcemagnitude_s3,force.magnitude,3,0,56,2.8,4.689322,4.643569,4.643569,2.687805,1.955763,1,0.786755,0ac79f5
pinch,pinch_sweep_size_rand-20260622-195014,TesolloCubePinch,TesolloCubePinch-20260622-215428-cubepinch_sb_forcemagnitude_s3,force.magnitude,3,0,57,2.85,4.689322,4.647334,4.647334,2.691134,1.9562,1,0.786804,0ac79f5
pinch,pinch_sweep_size_rand-20260622-195014,TesolloCubePinch,TesolloCubePinch-20260622-215428-cubepinch_sb_forcemagnitude_s3,force.magnitude,3,0,58,2.9,4.689322,4.651512,4.651512,2.695073,1.956439,1,0.786852,0ac79f5
pinch,pinch_sweep_size_rand-20260622-195014,TesolloCubePinch,TesolloCubePinch-20260622-215428-cubepinch_sb_forcemagnitude_s3,force.magnitude,3,0,59,2.95,4.689322,4.1544,4.1544,2.473394,1.681006,1,0.779548,0ac79f5
pinch,pinch_sweep_size_rand-20260622-195014,TesolloCubePinch,TesolloCubePinch-20260622-215428-cubepinch_sb_forcemagnitude_s3,force.magnitude,3,0,60,3.0,4.689322,4.699411,4.699411,2.72239,1.977021,1,0.786959,0ac79f5
pinch,pinch_sweep_size_rand-20260622-195014,TesolloCubePinch,TesolloCubePinch-20260622-215428-cubepinch_sb_forcemagnitude_s3,force.magnitude,3,0,61,3.05,4.689322,4.678422,4.678422,2.710729,1.967694,1,0.786992,0ac79f5
pinch,pinch_sweep_size_rand-20260622-195014,TesolloCubePinch,TesolloCubePinch-20260622-215428-cubepinch_sb_forcemagnitude_s3,force.magnitude,3,0,62,3.1,4.689322,4.668702,4.668702,2.710371,1.958331,1,0.787025,0ac79f5
pinch,pinch_sweep_size_rand-20260622-195014,TesolloCubePinch,TesolloCubePinch-20260622-215428-cubepinch_sb_forcemagnitude_s3,force.magnitude,3,0,63,3.15,4.689322,4.669211,4.669211,2.713122,1.956089,1,0.787064,0ac79f5
pinch,pinch_sweep_size_rand-20260622-195014,TesolloCubePinch,TesolloCubePinch-20260622-215428-cubepinch_sb_forcemagnitude_s3,force.magnitude,3,0,64,3.2,4.689322,4.672041,4.672041,2.716584,1.955457,1,0.787103,0ac79f5
pinch,pinch_sweep_size_rand-20260622-195014,TesolloCubePinch,TesolloCubePinch-20260622-215428-cubepinch_sb_forcemagnitude_s3,force.magnitude,3,0,65,3.25,4.689322,4.675445,4.675445,2.720161,1.955284,1,0.787141,0ac79f5
pinch,pinch_sweep_size_rand-20260622-195014,TesolloCubePinch,TesolloCubePinch-20260622-215428-cubepinch_sb_forcemagnitude_s3,force.magnitude,3,0,66,3.3,4.689322,4.678678,4.678678,2.723273,1.955405,1,0.787178,0ac79f5
pinch,pinch_sweep_size_rand-20260622-195014,TesolloCubePinch,TesolloCubePinch-20260622-215428-cubepinch_sb_forcemagnitude_s3,force.magnitude,3,0,67,3.35,4.689322,4.684398,4.684398,2.728828,1.95557,1,0.787216,0ac79f5
pinch,pinch_sweep_size_rand-20260622-195014,TesolloCubePinch,TesolloCubePinch-20260622-215428-cubepinch_sb_forcemagnitude_s3,force.magnitude,3,0,68,3.4,4.689322,4.690631,4.690631,2.734859,1.955772,1,0.787251,0ac79f5
pinch,pinch_sweep_size_rand-20260622-195014,TesolloCubePinch,TesolloCubePinch-20260622-215428-cubepinch_sb_forcemagnitude_s3,force.magnitude,3,0,69,3.45,4.689322,4.697239,4.697239,2.741177,1.956062,1,0.787283,0ac79f5
pinch,pinch_sweep_size_rand-20260622-195014,TesolloCubePinch,TesolloCubePinch-20260622-215428-cubepinch_sb_forcemagnitude_s3,force.magnitude,3,0,70,3.5,4.689322,4.703716,4.703716,2.747391,1.956326,1,0.787313,0ac79f5
pinch,pinch_sweep_size_rand-20260622-195014,TesolloCubePinch,TesolloCubePinch-20260622-215428-cubepinch_sb_forcemagnitude_s3,force.magnitude,3,0,71,3.55,4.689322,4.710364,4.710364,2.75376,1.956604,1,0.78734,0ac79f5
pinch,pinch_sweep_size_rand-20260622-195014,TesolloCubePinch,TesolloCubePinch-20260622-215428-cubepinch_sb_forcemagnitude_s3,force.magnitude,3,0,72,3.6,4.689322,4.716827,4.716827,2.760094,1.956734,1,0.787365,0ac79f5
pinch,pinch_sweep_size_rand-20260622-195014,TesolloCubePinch,TesolloCubePinch-20260622-215428-cubepinch_sb_forcemagnitude_s3,force.magnitude,3,0,73,3.65,4.689322,4.723749,4.723749,2.766774,1.956975,1,0.787386,0ac79f5
pinch,pinch_sweep_size_rand-20260622-195014,TesolloCubePinch,TesolloCubePinch-20260622-215428-cubepinch_sb_forcemagnitude_s3,force.magnitude,3,0,74,3.7,4.689322,4.730551,4.730551,2.773376,1.957175,1,0.787405,0ac79f5
pinch,pinch_sweep_size_rand-20260622-195014,TesolloCubePinch,TesolloCubePinch-20260622-215428-cubepinch_sb_forcemagnitude_s3,force.magnitude,3,0,75,3.75,4.689322,5.278841,5.278841,2.78037,2.498471,1,0.778547,0ac79f5
pinch,pinch_sweep_size_rand-20260622-195014,TesolloCubePinch,TesolloCubePinch-20260622-215428-cubepinch_sb_forcemagnitude_s3,force.magnitude,3,0,76,3.8,4.689322,4.723204,4.723204,2.784433,1.938771,1,0.787486,0ac79f5
pinch,pinch_sweep_size_rand-20260622-195014,TesolloCubePinch,TesolloCubePinch-20260622-215428-cubepinch_sb_forcemagnitude_s3,force.magnitude,3,0,77,3.85,4.689322,4.738848,4.738848,2.795483,1.943365,1,0.787477,0ac79f5
pinch,pinch_sweep_size_rand-20260622-195014,TesolloCubePinch,TesolloCubePinch-20260622-215428-cubepinch_sb_forcemagnitude_s3,force.magnitude,3,0,78,3.9,4.689322,4.756583,4.756583,2.802986,1.953597,1,0.787457,0ac79f5
pinch,pinch_sweep_size_rand-20260622-195014,TesolloCubePinch,TesolloCubePinch-20260622-215428-cubepinch_sb_forcemagnitude_s3,force.magnitude,3,0,79,3.95,4.689322,4.811829,4.811829,2.544501,2.267327,1,0.787218,0ac79f5
pinch,pinch_sweep_size_rand-20260622-195014,TesolloCubePinch,TesolloCubePinch-20260622-215428-cubepinch_sb_forcemagnitude_s3,force.magnitude,3,1,0,0.0,4.273629,0.0,0.0,0.0,0.0,0,0.054648,0ac79f5
pinch,pinch_sweep_size_rand-20260622-195014,TesolloCubePinch,TesolloCubePinch-20260622-215428-cubepinch_sb_forcemagnitude_s3,force.magnitude,3,1,1,0.05,4.273629,0.0,0.0,0.0,0.0,0,0.056965,0ac79f5
pinch,pinch_sweep_size_rand-20260622-195014,TesolloCubePinch,TesolloCubePinch-20260622-215428-cubepinch_sb_forcemagnitude_s3,force.magnitude,3,1,2,0.1,4.273629,3.027816,0.0,3.027816,0.0,0,0.059871,0ac79f5
pinch,pinch_sweep_size_rand-20260622-195014,TesolloCubePinch,TesolloCubePinch-20260622-215428-cubepinch_sb_forcemagnitude_s3,force.magnitude,3,1,3,0.15,4.273629,5.225533,5.225533,3.131851,2.093682,0,0.260024,0ac79f5
pinch,pinch_sweep_size_rand-20260622-195014,TesolloCubePinch,TesolloCubePinch-20260622-215428-cubepinch_sb_forcemagnitude_s3,force.magnitude,3,1,4,0.2,4.273629,4.772492,4.772492,3.142988,1.629504,0,0.278617,0ac79f5
pinch,pinch_sweep_size_rand-20260622-195014,TesolloCubePinch,TesolloCubePinch-20260622-215428-cubepinch_sb_forcemagnitude_s3,force.magnitude,3,1,5,0.25,4.273629,4.682479,4.682479,3.104035,1.578444,0,0.280542,0ac79f5
pinch,pinch_sweep_size_rand-20260622-195014,TesolloCubePinch,TesolloCubePinch-20260622-215428-cubepinch_sb_forcemagnitude_s3,force.magnitude,3,1,6,0.3,4.273629,4.689972,4.689972,2.93377,1.756202,0,0.280058,0ac79f5
pinch,pinch_sweep_size_rand-20260622-195014,TesolloCubePinch,TesolloCubePinch-20260622-215428-cubepinch_sb_forcemagnitude_s3,force.magnitude,3,1,7,0.35,4.273629,4.828137,4.828137,3.271639,1.556497,0,0.275296,0ac79f5
pinch,pinch_sweep_size_rand-20260622-195014,TesolloCubePinch,TesolloCubePinch-20260622-215428-cubepinch_sb_forcemagnitude_s3,force.magnitude,3,1,8,0.4,4.273629,4.705077,4.705077,3.177869,1.527208,0,0.278718,0ac79f5
pinch,pinch_sweep_size_rand-20260622-195014,TesolloCubePinch,TesolloCubePinch-20260622-215428-cubepinch_sb_forcemagnitude_s3,force.magnitude,3,1,9,0.45,4.273629,3.057104,3.057104,1.357594,1.69951,0,0.241794,0ac79f5
pinch,pinch_sweep_size_rand-20260622-195014,TesolloCubePinch,TesolloCubePinch-20260622-215428-cubepinch_sb_forcemagnitude_s3,force.magnitude,3,1,10,0.5,4.273629,4.023121,4.023121,2.302202,1.720919,0,0.282374,0ac79f5
pinch,pinch_sweep_size_rand-20260622-195014,TesolloCubePinch,TesolloCubePinch-20260622-215428-cubepinch_sb_forcemagnitude_s3,force.magnitude,3,1,11,0.55,4.273629,4.129915,4.129915,2.368451,1.761465,0,0.283921,0ac79f5
pinch,pinch_sweep_size_rand-20260622-195014,TesolloCubePinch,TesolloCubePinch-20260622-215428-cubepinch_sb_forcemagnitude_s3,force.magnitude,3,1,12,0.6,4.273629,4.137558,4.137558,2.349333,1.788225,0,0.284305,0ac79f5
pinch,pinch_sweep_size_rand-20260622-195014,TesolloCubePinch,TesolloCubePinch-20260622-215428-cubepinch_sb_forcemagnitude_s3,force.magnitude,3,1,13,0.65,4.273629,4.162707,4.162707,2.355379,1.807328,0,0.284653,0ac79f5
pinch,pinch_sweep_size_rand-20260622-195014,TesolloCubePinch,TesolloCubePinch-20260622-215428-cubepinch_sb_forcemagnitude_s3,force.magnitude,3,1,14,0.7,4.273629,3.988772,3.988772,2.053092,1.93568,0,0.282588,0ac79f5
pinch,pinch_sweep_size_rand-20260622-195014,TesolloCubePinch,TesolloCubePinch-20260622-215428-cubepinch_sb_forcemagnitude_s3,force.magnitude,3,1,15,0.75,4.273629,4.215938,4.215938,2.391732,1.824206,0,0.285113,0ac79f5
pinch,pinch_sweep_size_rand-20260622-195014,TesolloCubePinch,TesolloCubePinch-20260622-215428-cubepinch_sb_forcemagnitude_s3,force.magnitude,3,1,16,0.8,4.273629,4.213801,4.213801,2.379094,1.834708,0,0.285187,0ac79f5
pinch,pinch_sweep_size_rand-20260622-195014,TesolloCubePinch,TesolloCubePinch-20260622-215428-cubepinch_sb_forcemagnitude_s3,force.magnitude,3,1,17,0.85,4.273629,4.225026,4.225026,2.379802,1.845225,0,0.285311,0ac79f5
pinch,pinch_sweep_size_rand-20260622-195014,TesolloCubePinch,TesolloCubePinch-20260622-215428-cubepinch_sb_forcemagnitude_s3,force.magnitude,3,1,18,0.9,4.273629,3.3748,3.3748,1.810428,1.564372,0,0.261259,0ac79f5
pinch,pinch_sweep_size_rand-20260622-195014,TesolloCubePinch,TesolloCubePinch-20260622-215428-cubepinch_sb_forcemagnitude_s3,force.magnitude,3,1,19,0.95,4.273629,4.317455,4.317455,2.427308,1.890147,0,0.285477,0ac79f5
pinch,pinch_sweep_size_rand-20260622-195014,TesolloCubePinch,TesolloCubePinch-20260622-215428-cubepinch_sb_forcemagnitude_s3,force.magnitude,3,1,20,1.0,4.273629,4.271566,4.271566,2.407978,1.863588,0,0.285585,0ac79f5
pinch,pinch_sweep_size_rand-20260622-195014,TesolloCubePinch,TesolloCubePinch-20260622-215428-cubepinch_sb_forcemagnitude_s3,force.magnitude,3,1,21,1.05,4.273629,4.277884,4.277884,2.408506,1.869377,0,0.285683,0ac79f5
pinch,pinch_sweep_size_rand-20260622-195014,TesolloCubePinch,TesolloCubePinch-20260622-215428-cubepinch_sb_forcemagnitude_s3,force.magnitude,3,1,22,1.1,4.273629,4.285962,4.285962,2.41427,1.871693,0,0.285767,0ac79f5
pinch,pinch_sweep_size_rand-20260622-195014,TesolloCubePinch,TesolloCubePinch-20260622-215428-cubepinch_sb_forcemagnitude_s3,force.magnitude,3,1,23,1.15,4.273629,4.297743,4.297743,2.421594,1.876149,0,0.285828,0ac79f5
pinch,pinch_sweep_size_rand-20260622-195014,TesolloCubePinch,TesolloCubePinch-20260622-215428-cubepinch_sb_forcemagnitude_s3,force.magnitude,3,1,24,1.2,4.273629,4.3104,4.3104,2.429524,1.880877,0,0.285876,0ac79f5
pinch,pinch_sweep_size_rand-20260622-195014,TesolloCubePinch,TesolloCubePinch-20260622-215428-cubepinch_sb_forcemagnitude_s3,force.magnitude,3,1,25,1.25,4.273629,4.323086,4.323086,2.437358,1.885728,0,0.285914,0ac79f5
pinch,pinch_sweep_size_rand-20260622-195014,TesolloCubePinch,TesolloCubePinch-20260622-215428-cubepinch_sb_forcemagnitude_s3,force.magnitude,3,1,26,1.3,4.273629,4.335286,4.335286,2.445061,1.890225,0,0.285942,0ac79f5
pinch,pinch_sweep_size_rand-20260622-195014,TesolloCubePinch,TesolloCubePinch-20260622-215428-cubepinch_sb_forcemagnitude_s3,force.magnitude,3,1,27,1.35,4.273629,4.341595,4.341595,2.452555,1.88904,0,0.285986,0ac79f5
pinch,pinch_sweep_size_rand-20260622-195014,TesolloCubePinch,TesolloCubePinch-20260622-215428-cubepinch_sb_forcemagnitude_s3,force.magnitude,3,1,28,1.4,4.273629,4.349653,4.349653,2.460627,1.889026,1,0.786019,0ac79f5
pinch,pinch_sweep_size_rand-20260622-195014,TesolloCubePinch,TesolloCubePinch-20260622-215428-cubepinch_sb_forcemagnitude_s3,force.magnitude,3,1,29,1.45,4.273629,4.35904,4.35904,2.468362,1.890679,1,0.786039,0ac79f5
pinch,pinch_sweep_size_rand-20260622-195014,TesolloCubePinch,TesolloCubePinch-20260622-215428-cubepinch_sb_forcemagnitude_s3,force.magnitude,3,1,30,1.5,4.273629,4.370025,4.370025,2.47615,1.893875,1,0.786043,0ac79f5
pinch,pinch_sweep_size_rand-20260622-195014,TesolloCubePinch,TesolloCubePinch-20260622-215428-cubepinch_sb_forcemagnitude_s3,force.magnitude,3,1,31,1.55,4.273629,4.381545,4.381545,2.484087,1.897458,1,0.786034,0ac79f5
pinch,pinch_sweep_size_rand-20260622-195014,TesolloCubePinch,TesolloCubePinch-20260622-215428-cubepinch_sb_forcemagnitude_s3,force.magnitude,3,1,32,1.6,4.273629,4.394333,4.394333,2.493285,1.901047,1,0.786005,0ac79f5
pinch,pinch_sweep_size_rand-20260622-195014,TesolloCubePinch,TesolloCubePinch-20260622-215428-cubepinch_sb_forcemagnitude_s3,force.magnitude,3,1,33,1.65,4.273629,4.404345,4.404345,2.499819,1.904525,1,0.785988,0ac79f5
pinch,pinch_sweep_size_rand-20260622-195014,TesolloCubePinch,TesolloCubePinch-20260622-215428-cubepinch_sb_forcemagnitude_s3,force.magnitude,3,1,34,1.7,4.273629,4.416178,4.416178,2.508304,1.907874,1,0.785947,0ac79f5
pinch,pinch_sweep_size_rand-20260622-195014,TesolloCubePinch,TesolloCubePinch-20260622-215428-cubepinch_sb_forcemagnitude_s3,force.magnitude,3,1,35,1.75,4.273629,4.432163,4.432163,2.516576,1.915588,1,0.785855,0ac79f5
pinch,pinch_sweep_size_rand-20260622-195014,TesolloCubePinch,TesolloCubePinch-20260622-215428-cubepinch_sb_forcemagnitude_s3,force.magnitude,3,1,36,1.8,4.273629,4.447171,4.447171,2.524732,1.922439,1,0.785759,0ac79f5
pinch,pinch_sweep_size_rand-20260622-195014,TesolloCubePinch,TesolloCubePinch-20260622-215428-cubepinch_sb_forcemagnitude_s3,force.magnitude,3,1,37,1.85,4.273629,4.532624,4.532624,2.355094,2.17753,1,0.78466,0ac79f5
pinch,pinch_sweep_size_rand-20260622-195014,TesolloCubePinch,TesolloCubePinch-20260622-215428-cubepinch_sb_forcemagnitude_s3,force.magnitude,3,1,38,1.9,4.273629,4.471419,4.471419,2.549628,1.921791,1,0.785596,0ac79f5
pinch,pinch_sweep_size_rand-20260622-195014,TesolloCubePinch,TesolloCubePinch-20260622-215428-cubepinch_sb_forcemagnitude_s3,force.magnitude,3,1,39,1.95,4.273629,4.464859,4.464859,2.55047,1.914389,1,0.785734,0ac79f5
pinch,pinch_sweep_size_rand-20260622-195014,TesolloCubePinch,TesolloCubePinch-20260622-215428-cubepinch_sb_forcemagnitude_s3,force.magnitude,3,1,40,2.0,4.273629,4.479585,4.479585,2.556052,1.923532,1,0.78561,0ac79f5
pinch,pinch_sweep_size_rand-20260622-195014,TesolloCubePinch,TesolloCubePinch-20260622-215428-cubepinch_sb_forcemagnitude_s3,force.magnitude,3,1,41,2.05,4.273629,4.226496,4.226496,2.299987,1.926509,1,0.786932,0ac79f5
pinch,pinch_sweep_size_rand-20260622-195014,TesolloCubePinch,TesolloCubePinch-20260622-215428-cubepinch_sb_forcemagnitude_s3,force.magnitude,3,1,42,2.1,4.273629,4.519983,4.519983,2.59052,1.929463,1,0.785152,0ac79f5
pinch,pinch_sweep_size_rand-20260622-195014,TesolloCubePinch,TesolloCubePinch-20260622-215428-cubepinch_sb_forcemagnitude_s3,force.magnitude,3,1,43,2.15,4.273629,4.510807,4.510807,2.580023,1.930784,1,0.785346,0ac79f5
pinch,pinch_sweep_size_rand-20260622-195014,TesolloCubePinch,TesolloCubePinch-20260622-215428-cubepinch_sb_forcemagnitude_s3,force.magnitude,3,1,44,2.2,4.273629,4.511695,4.511695,2.582886,1.928809,1,0.785389,0ac79f5
pinch,pinch_sweep_size_rand-20260622-195014,TesolloCubePinch,TesolloCubePinch-20260622-215428-cubepinch_sb_forcemagnitude_s3,force.magnitude,3,1,45,2.25,4.273629,4.518327,4.518327,2.589009,1.929318,1,0.785343,0ac79f5
pinch,pinch_sweep_size_rand-20260622-195014,TesolloCubePinch,TesolloCubePinch-20260622-215428-cubepinch_sb_forcemagnitude_s3,force.magnitude,3,1,46,2.3,4.273629,4.298986,4.298986,2.369522,1.929464,1,0.787257,0ac79f5
pinch,pinch_sweep_size_rand-20260622-195014,TesolloCubePinch,TesolloCubePinch-20260622-215428-cubepinch_sb_forcemagnitude_s3,force.magnitude,3,1,47,2.35,4.273629,4.270222,4.270222,2.339504,1.930718,1,0.787328,0ac79f5
pinch,pinch_sweep_size_rand-20260622-195014,TesolloCubePinch,TesolloCubePinch-20260622-215428-cubepinch_sb_forcemagnitude_s3,force.magnitude,3,1,48,2.4,4.273629,4.564603,4.564603,2.632746,1.931857,1,0.784727,0ac79f5
pinch,pinch_sweep_size_rand-20260622-195014,TesolloCubePinch,TesolloCubePinch-20260622-215428-cubepinch_sb_forcemagnitude_s3,force.magnitude,3,1,49,2.45,4.273629,4.777106,4.777106,2.618406,2.1587,1,0.779569,0ac79f5
pinch,pinch_sweep_size_rand-20260622-195014,TesolloCubePinch,TesolloCubePinch-20260622-215428-cubepinch_sb_forcemagnitude_s3,force.magnitude,3,1,50,2.5,4.273629,4.540197,4.540197,2.614832,1.925365,1,0.785256,0ac79f5
pinch,pinch_sweep_size_rand-20260622-195014,TesolloCubePinch,TesolloCubePinch-20260622-215428-cubepinch_sb_forcemagnitude_s3,force.magnitude,3,1,51,2.55,4.273629,4.325629,4.325629,2.624182,1.701447,1,0.787449,0ac79f5
pinch,pinch_sweep_size_rand-20260622-195014,TesolloCubePinch,TesolloCubePinch-20260622-215428-cubepinch_sb_forcemagnitude_s3,force.magnitude,3,1,52,2.6,4.273629,4.572394,4.572394,2.63673,1.935664,1,0.784784,0ac79f5
pinch,pinch_sweep_size_rand-20260622-195014,TesolloCubePinch,TesolloCubePinch-20260622-215428-cubepinch_sb_forcemagnitude_s3,force.magnitude,3,1,53,2.65,4.273629,4.575751,4.575751,2.637072,1.938679,1,0.784768,0ac79f5
pinch,pinch_sweep_size_rand-20260622-195014,TesolloCubePinch,TesolloCubePinch-20260622-215428-cubepinch_sb_forcemagnitude_s3,force.magnitude,3,1,54,2.7,4.273629,4.571682,4.571682,2.641464,1.930218,1,0.784891,0ac79f5
pinch,pinch_sweep_size_rand-20260622-195014,TesolloCubePinch,TesolloCubePinch-20260622-215428-cubepinch_sb_forcemagnitude_s3,force.magnitude,3,1,55,2.75,4.273629,4.575605,4.575605,2.647237,1.928369,1,0.784865,0ac79f5
pinch,pinch_sweep_size_rand-20260622-195014,TesolloCubePinch,TesolloCubePinch-20260622-215428-cubepinch_sb_forcemagnitude_s3,force.magnitude,3,1,56,2.8,4.273629,4.580114,4.580114,2.653075,1.92704,1,0.784824,0ac79f5
pinch,pinch_sweep_size_rand-20260622-195014,TesolloCubePinch,TesolloCubePinch-20260622-215428-cubepinch_sb_forcemagnitude_s3,force.magnitude,3,1,57,2.85,4.273629,4.584931,4.584931,2.658559,1.926372,1,0.784776,0ac79f5
pinch,pinch_sweep_size_rand-20260622-195014,TesolloCubePinch,TesolloCubePinch-20260622-215428-cubepinch_sb_forcemagnitude_s3,force.magnitude,3,1,58,2.9,4.273629,4.515234,4.515234,2.663946,1.851288,1,0.786019,0ac79f5
pinch,pinch_sweep_size_rand-20260622-195014,TesolloCubePinch,TesolloCubePinch-20260622-215428-cubepinch_sb_forcemagnitude_s3,force.magnitude,3,1,59,2.95,4.273629,4.332663,4.332663,2.670957,1.661706,1,0.787773,0ac79f5
pinch,pinch_sweep_size_rand-20260622-195014,TesolloCubePinch,TesolloCubePinch-20260622-215428-cubepinch_sb_forcemagnitude_s3,force.magnitude,3,1,60,3.0,4.273629,4.259657,4.259657,2.681545,1.578112,1,0.787904,0ac79f5
pinch,pinch_sweep_size_rand-20260622-195014,TesolloCubePinch,TesolloCubePinch-20260622-215428-cubepinch_sb_forcemagnitude_s3,force.magnitude,3,1,61,3.05,4.273629,4.234503,4.234503,2.692057,1.542446,1,0.78789,0ac79f5
pinch,pinch_sweep_size_rand-20260622-195014,TesolloCubePinch,TesolloCubePinch-20260622-215428-cubepinch_sb_forcemagnitude_s3,force.magnitude,3,1,62,3.1,4.273629,4.220376,4.220376,2.703431,1.516945,1,0.787877,0ac79f5
pinch,pinch_sweep_size_rand-20260622-195014,TesolloCubePinch,TesolloCubePinch-20260622-215428-cubepinch_sb_forcemagnitude_s3,force.magnitude,3,1,63,3.15,4.273629,4.224453,4.224453,2.713553,1.5109,1,0.787919,0ac79f5
pinch,pinch_sweep_size_rand-20260622-195014,TesolloCubePinch,TesolloCubePinch-20260622-215428-cubepinch_sb_forcemagnitude_s3,force.magnitude,3,1,64,3.2,4.273629,4.651833,4.651833,2.35378,2.298052,1,0.783556,0ac79f5
pinch,pinch_sweep_size_rand-20260622-195014,TesolloCubePinch,TesolloCubePinch-20260622-215428-cubepinch_sb_forcemagnitude_s3,force.magnitude,3,1,65,3.25,4.273629,3.979917,3.979917,2.742167,1.23775,1,0.785338,0ac79f5
pinch,pinch_sweep_size_rand-20260622-195014,TesolloCubePinch,TesolloCubePinch-20260622-215428-cubepinch_sb_forcemagnitude_s3,force.magnitude,3,1,66,3.3,4.273629,4.212822,4.212822,2.765623,1.447199,1,0.787921,0ac79f5
pinch,pinch_sweep_size_rand-20260622-195014,TesolloCubePinch,TesolloCubePinch-20260622-215428-cubepinch_sb_forcemagnitude_s3,force.magnitude,3,1,67,3.35,4.273629,4.200461,4.200461,2.758665,1.441797,1,0.787908,0ac79f5
pinch,pinch_sweep_size_rand-20260622-195014,TesolloCubePinch,TesolloCubePinch-20260622-215428-cubepinch_sb_forcemagnitude_s3,force.magnitude,3,1,68,3.4,4.273629,4.280589,4.280589,2.760928,1.519661,1,0.788113,0ac79f5
pinch,pinch_sweep_size_rand-20260622-195014,TesolloCubePinch,TesolloCubePinch-20260622-215428-cubepinch_sb_forcemagnitude_s3,force.magnitude,3,1,69,3.45,4.273629,4.141859,4.141859,2.759774,1.382085,1,0.787586,0ac79f5
pinch,pinch_sweep_size_rand-20260622-195014,TesolloCubePinch,TesolloCubePinch-20260622-215428-cubepinch_sb_forcemagnitude_s3,force.magnitude,3,1,70,3.5,4.273629,4.177498,4.177498,2.772375,1.405123,1,0.787857,0ac79f5
pinch,pinch_sweep_size_rand-20260622-195014,TesolloCubePinch,TesolloCubePinch-20260622-215428-cubepinch_sb_forcemagnitude_s3,force.magnitude,3,1,71,3.55,4.273629,3.850313,3.850313,2.441956,1.408357,1,0.782579,0ac79f5
pinch,pinch_sweep_size_rand-20260622-195014,TesolloCubePinch,TesolloCubePinch-20260622-215428-cubepinch_sb_forcemagnitude_s3,force.magnitude,3,1,72,3.6,4.273629,3.86834,3.86834,2.401628,1.466712,1,0.783059,0ac79f5
pinch,pinch_sweep_size_rand-20260622-195014,TesolloCubePinch,TesolloCubePinch-20260622-215428-cubepinch_sb_forcemagnitude_s3,force.magnitude,3,1,73,3.65,4.273629,4.323224,4.323224,2.86549,1.457734,1,0.788127,0ac79f5
pinch,pinch_sweep_size_rand-20260622-195014,TesolloCubePinch,TesolloCubePinch-20260622-215428-cubepinch_sb_forcemagnitude_s3,force.magnitude,3,1,74,3.7,4.273629,4.238767,4.238767,2.823619,1.415147,1,0.78818,0ac79f5
pinch,pinch_sweep_size_rand-20260622-195014,TesolloCubePinch,TesolloCubePinch-20260622-215428-cubepinch_sb_forcemagnitude_s3,force.magnitude,3,1,75,3.75,4.273629,4.196926,4.196926,2.807778,1.389148,1,0.788047,0ac79f5
pinch,pinch_sweep_size_rand-20260622-195014,TesolloCubePinch,TesolloCubePinch-20260622-215428-cubepinch_sb_forcemagnitude_s3,force.magnitude,3,1,76,3.8,4.273629,4.192549,4.192549,2.806899,1.38565,1,0.78804,0ac79f5
pinch,pinch_sweep_size_rand-20260622-195014,TesolloCubePinch,TesolloCubePinch-20260622-215428-cubepinch_sb_forcemagnitude_s3,force.magnitude,3,1,77,3.85,4.273629,4.194232,4.194232,2.809726,1.384507,1,0.788061,0ac79f5
pinch,pinch_sweep_size_rand-20260622-195014,TesolloCubePinch,TesolloCubePinch-20260622-215428-cubepinch_sb_forcemagnitude_s3,force.magnitude,3,1,78,3.9,4.273629,4.309056,4.309056,2.813955,1.495101,1,0.788234,0ac79f5
pinch,pinch_sweep_size_rand-20260622-195014,TesolloCubePinch,TesolloCubePinch-20260622-215428-cubepinch_sb_forcemagnitude_s3,force.magnitude,3,1,79,3.95,4.273629,4.136327,4.136327,2.813405,1.322922,1,0.787693,0ac79f5
pinch,pinch_sweep_size_rand-20260622-195014,TesolloCubePinch,TesolloCubePinch-20260622-215428-cubepinch_sb_forcemagnitude_s3,force.magnitude,3,2,0,0.0,3.656373,0.0,0.0,0.0,0.0,0,0.05458,0ac79f5
pinch,pinch_sweep_size_rand-20260622-195014,TesolloCubePinch,TesolloCubePinch-20260622-215428-cubepinch_sb_forcemagnitude_s3,force.magnitude,3,2,1,0.05,3.656373,0.0,0.0,0.0,0.0,0,0.05685,0ac79f5
pinch,pinch_sweep_size_rand-20260622-195014,TesolloCubePinch,TesolloCubePinch-20260622-215428-cubepinch_sb_forcemagnitude_s3,force.magnitude,3,2,2,0.1,3.656373,0.0,0.0,0.0,0.0,0,0.059162,0ac79f5
pinch,pinch_sweep_size_rand-20260622-195014,TesolloCubePinch,TesolloCubePinch-20260622-215428-cubepinch_sb_forcemagnitude_s3,force.magnitude,3,2,3,0.15,3.656373,2.591561,0.0,2.591561,0.0,0,0.060832,0ac79f5
pinch,pinch_sweep_size_rand-20260622-195014,TesolloCubePinch,TesolloCubePinch-20260622-215428-cubepinch_sb_forcemagnitude_s3,force.magnitude,3,2,4,0.2,3.656373,4.435071,4.435071,2.788644,1.646428,0,0.262208,0ac79f5
pinch,pinch_sweep_size_rand-20260622-195014,TesolloCubePinch,TesolloCubePinch-20260622-215428-cubepinch_sb_forcemagnitude_s3,force.magnitude,3,2,5,0.25,3.656373,1.603127,0.0,0.0,1.603127,0,0.061705,0ac79f5
pinch,pinch_sweep_size_rand-20260622-195014,TesolloCubePinch,TesolloCubePinch-20260622-215428-cubepinch_sb_forcemagnitude_s3,force.magnitude,3,2,6,0.3,3.656373,4.65591,4.65591,2.635583,2.020327,0,0.247167,0ac79f5
pinch,pinch_sweep_size_rand-20260622-195014,TesolloCubePinch,TesolloCubePinch-20260622-215428-cubepinch_sb_forcemagnitude_s3,force.magnitude,3,2,7,0.35,3.656373,2.654998,0.0,2.654998,0.0,0,0.060869,0ac79f5
pinch,pinch_sweep_size_rand-20260622-195014,TesolloCubePinch,TesolloCubePinch-20260622-215428-cubepinch_sb_forcemagnitude_s3,force.magnitude,3,2,8,0.4,3.656373,4.670087,4.670087,3.03563,1.634457,0,0.24511,0ac79f5
pinch,pinch_sweep_size_rand-20260622-195014,TesolloCubePinch,TesolloCubePinch-20260622-215428-cubepinch_sb_forcemagnitude_s3,force.magnitude,3,2,9,0.45,3.656373,4.981438,4.981438,3.376344,1.605094,0,0.220235,0ac79f5
pinch,pinch_sweep_size_rand-20260622-195014,TesolloCubePinch,TesolloCubePinch-20260622-215428-cubepinch_sb_forcemagnitude_s3,force.magnitude,3,2,10,0.5,3.656373,3.594684,3.594684,2.02485,1.569834,0,0.285374,0ac79f5
pinch,pinch_sweep_size_rand-20260622-195014,TesolloCubePinch,TesolloCubePinch-20260622-215428-cubepinch_sb_forcemagnitude_s3,force.magnitude,3,2,11,0.55,3.656373,3.605418,3.605418,1.990247,1.615171,0,0.28561,0ac79f5
pinch,pinch_sweep_size_rand-20260622-195014,TesolloCubePinch,TesolloCubePinch-20260622-215428-cubepinch_sb_forcemagnitude_s3,force.magnitude,3,2,12,0.6,3.656373,3.802389,3.802389,2.170156,1.632232,0,0.285005,0ac79f5
pinch,pinch_sweep_size_rand-20260622-195014,TesolloCubePinch,TesolloCubePinch-20260622-215428-cubepinch_sb_forcemagnitude_s3,force.magnitude,3,2,13,0.65,3.656373,3.894956,3.894956,2.225357,1.669599,0,0.283653,0ac79f5
pinch,pinch_sweep_size_rand-20260622-195014,TesolloCubePinch,TesolloCubePinch-20260622-215428-cubepinch_sb_forcemagnitude_s3,force.magnitude,3,2,14,0.7,3.656373,3.961008,3.961008,2.258353,1.702656,0,0.282257,0ac79f5
pinch,pinch_sweep_size_rand-20260622-195014,TesolloCubePinch,TesolloCubePinch-20260622-215428-cubepinch_sb_forcemagnitude_s3,force.magnitude,3,2,15,0.75,3.656373,3.887202,3.887202,2.287364,1.599838,0,0.284055,0ac79f5
pinch,pinch_sweep_size_rand-20260622-195014,TesolloCubePinch,TesolloCubePinch-20260622-215428-cubepinch_sb_forcemagnitude_s3,force.magnitude,3,2,16,0.8,3.656373,3.725675,3.725675,2.323407,1.402268,0,0.286228,0ac79f5
pinch,pinch_sweep_size_rand-20260622-195014,TesolloCubePinch,TesolloCubePinch-20260622-215428-cubepinch_sb_forcemagnitude_s3,force.magnitude,3,2,17,0.85,3.656373,3.746905,3.746905,2.357938,1.388967,0,0.28617,0ac79f5
pinch,pinch_sweep_size_rand-20260622-195014,TesolloCubePinch,TesolloCubePinch-20260622-215428-cubepinch_sb_forcemagnitude_s3,force.magnitude,3,2,18,0.9,3.656373,3.715941,3.715941,2.373931,1.34201,0,0.286448,0ac79f5
pinch,pinch_sweep_size_rand-20260622-195014,TesolloCubePinch,TesolloCubePinch-20260622-215428-cubepinch_sb_forcemagnitude_s3,force.magnitude,3,2,19,0.95,3.656373,3.150351,3.150351,1.820322,1.330029,1,0.775884,0ac79f5
pinch,pinch_sweep_size_rand-20260622-195014,TesolloCubePinch,TesolloCubePinch-20260622-215428-cubepinch_sb_forcemagnitude_s3,force.magnitude,3,2,20,1.0,3.656373,3.833989,3.833989,2.45499,1.378999,1,0.785376,0ac79f5
pinch,pinch_sweep_size_rand-20260622-195014,TesolloCubePinch,TesolloCubePinch-20260622-215428-cubepinch_sb_forcemagnitude_s3,force.magnitude,3,2,21,1.05,3.656373,3.670628,3.670628,2.396964,1.273664,1,0.786764,0ac79f5
pinch,pinch_sweep_size_rand-20260622-195014,TesolloCubePinch,TesolloCubePinch-20260622-215428-cubepinch_sb_forcemagnitude_s3,force.magnitude,3,2,22,1.1,3.656373,4.480485,4.480485,2.424959,2.055526,0,0.259235,0ac79f5
pinch,pinch_sweep_size_rand-20260622-195014,TesolloCubePinch,TesolloCubePinch-20260622-215428-cubepinch_sb_forcemagnitude_s3,force.magnitude,3,2,23,1.15,3.656373,3.234638,3.234638,2.408785,0.825854,0,0.279314,0ac79f5
pinch,pinch_sweep_size_rand-20260622-195014,TesolloCubePinch,TesolloCubePinch-20260622-215428-cubepinch_sb_forcemagnitude_s3,force.magnitude,3,2,24,1.2,3.656373,3.612807,3.612807,2.453983,1.158824,0,0.286777,0ac79f5
pinch,pinch_sweep_size_rand-20260622-195014,TesolloCubePinch,TesolloCubePinch-20260622-215428-cubepinch_sb_forcemagnitude_s3,force.magnitude,3,2,25,1.25,3.656373,3.660547,3.660547,2.438215,1.222332,0,0.286947,0ac79f5
pinch,pinch_sweep_size_rand-20260622-195014,TesolloCubePinch,TesolloCubePinch-20260622-215428-cubepinch_sb_forcemagnitude_s3,force.magnitude,3,2,26,1.3,3.656373,3.751992,3.751992,1.860703,1.891289,0,0.286636,0ac79f5
pinch,pinch_sweep_size_rand-20260622-195014,TesolloCubePinch,TesolloCubePinch-20260622-215428-cubepinch_sb_forcemagnitude_s3,force.magnitude,3,2,27,1.35,3.656373,3.373457,3.373457,2.466652,0.906805,0,0.283634,0ac79f5
pinch,pinch_sweep_size_rand-20260622-195014,TesolloCubePinch,TesolloCubePinch-20260622-215428-cubepinch_sb_forcemagnitude_s3,force.magnitude,3,2,28,1.4,3.656373,3.619575,3.619575,2.461155,1.15842,0,0.287004,0ac79f5
pinch,pinch_sweep_size_rand-20260622-195014,TesolloCubePinch,TesolloCubePinch-20260622-215428-cubepinch_sb_forcemagnitude_s3,force.magnitude,3,2,29,1.45,3.656373,3.662391,3.662391,2.459249,1.203143,0,0.287142,0ac79f5
pinch,pinch_sweep_size_rand-20260622-195014,TesolloCubePinch,TesolloCubePinch-20260622-215428-cubepinch_sb_forcemagnitude_s3,force.magnitude,3,2,30,1.5,3.656373,3.673202,3.673202,2.459619,1.213583,0,0.287196,0ac79f5
pinch,pinch_sweep_size_rand-20260622-195014,TesolloCubePinch,TesolloCubePinch-20260622-215428-cubepinch_sb_forcemagnitude_s3,force.magnitude,3,2,31,1.55,3.656373,3.726531,3.726531,2.461406,1.265125,0,0.287041,0ac79f5
pinch,pinch_sweep_size_rand-20260622-195014,TesolloCubePinch,TesolloCubePinch-20260622-215428-cubepinch_sb_forcemagnitude_s3,force.magnitude,3,2,32,1.6,3.656373,3.727073,3.727073,2.463915,1.263157,1,0.787077,0ac79f5
pinch,pinch_sweep_size_rand-20260622-195014,TesolloCubePinch,TesolloCubePinch-20260622-215428-cubepinch_sb_forcemagnitude_s3,force.magnitude,3,2,33,1.65,3.656373,3.705431,3.705431,2.466832,1.238599,1,0.787224,0ac79f5
pinch,pinch_sweep_size_rand-20260622-195014,TesolloCubePinch,TesolloCubePinch-20260622-215428-cubepinch_sb_forcemagnitude_s3,force.magnitude,3,2,34,1.7,3.656373,3.695837,3.695837,2.470058,1.225778,1,0.787293,0ac79f5
pinch,pinch_sweep_size_rand-20260622-195014,TesolloCubePinch,TesolloCubePinch-20260622-215428-cubepinch_sb_forcemagnitude_s3,force.magnitude,3,2,35,1.75,3.656373,3.697128,3.697128,2.473536,1.223592,1,0.787321,0ac79f5
pinch,pinch_sweep_size_rand-20260622-195014,TesolloCubePinch,TesolloCubePinch-20260622-215428-cubepinch_sb_forcemagnitude_s3,force.magnitude,3,2,36,1.8,3.656373,3.700001,3.700001,2.476733,1.223269,1,0.787341,0ac79f5
pinch,pinch_sweep_size_rand-20260622-195014,TesolloCubePinch,TesolloCubePinch-20260622-215428-cubepinch_sb_forcemagnitude_s3,force.magnitude,3,2,37,1.85,3.656373,3.702543,3.702543,2.479553,1.22299,1,0.787362,0ac79f5
pinch,pinch_sweep_size_rand-20260622-195014,TesolloCubePinch,TesolloCubePinch-20260622-215428-cubepinch_sb_forcemagnitude_s3,force.magnitude,3,2,38,1.9,3.656373,3.704476,3.704476,2.482111,1.222365,1,0.787383,0ac79f5
pinch,pinch_sweep_size_rand-20260622-195014,TesolloCubePinch,TesolloCubePinch-20260622-215428-cubepinch_sb_forcemagnitude_s3,force.magnitude,3,2,39,1.95,3.656373,3.70661,3.70661,2.484413,1.222197,1,0.787403,0ac79f5
pinch,pinch_sweep_size_rand-20260622-195014,TesolloCubePinch,TesolloCubePinch-20260622-215428-cubepinch_sb_forcemagnitude_s3,force.magnitude,3,2,40,2.0,3.656373,3.708553,3.708553,2.486351,1.222202,1,0.787423,0ac79f5
pinch,pinch_sweep_size_rand-20260622-195014,TesolloCubePinch,TesolloCubePinch-20260622-215428-cubepinch_sb_forcemagnitude_s3,force.magnitude,3,2,41,2.05,3.656373,3.710127,3.710127,2.488197,1.22193,1,0.787443,0ac79f5
pinch,pinch_sweep_size_rand-20260622-195014,TesolloCubePinch,TesolloCubePinch-20260622-215428-cubepinch_sb_forcemagnitude_s3,force.magnitude,3,2,42,2.1,3.656373,3.711454,3.711454,2.489773,1.221682,1,0.787464,0ac79f5
pinch,pinch_sweep_size_rand-20260622-195014,TesolloCubePinch,TesolloCubePinch-20260622-215428-cubepinch_sb_forcemagnitude_s3,force.magnitude,3,2,43,2.15,3.656373,3.712105,3.712105,2.491189,1.220915,1,0.787488,0ac79f5
pinch,pinch_sweep_size_rand-20260622-195014,TesolloCubePinch,TesolloCubePinch-20260622-215428-cubepinch_sb_forcemagnitude_s3,force.magnitude,3,2,44,2.2,3.656373,3.712824,3.712824,2.492491,1.220333,1,0.787511,0ac79f5
pinch,pinch_sweep_size_rand-20260622-195014,TesolloCubePinch,TesolloCubePinch-20260622-215428-cubepinch_sb_forcemagnitude_s3,force.magnitude,3,2,45,2.25,3.656373,3.713759,3.713759,2.493666,1.220094,1,0.787532,0ac79f5
pinch,pinch_sweep_size_rand-20260622-195014,TesolloCubePinch,TesolloCubePinch-20260622-215428-cubepinch_sb_forcemagnitude_s3,force.magnitude,3,2,46,2.3,3.656373,3.714242,3.714242,2.494697,1.219546,1,0.787555,0ac79f5
pinch,pinch_sweep_size_rand-20260622-195014,TesolloCubePinch,TesolloCubePinch-20260622-215428-cubepinch_sb_forcemagnitude_s3,force.magnitude,3,2,47,2.35,3.656373,3.715029,3.715029,2.495568,1.219461,1,0.787577,0ac79f5
pinch,pinch_sweep_size_rand-20260622-195014,TesolloCubePinch,TesolloCubePinch-20260622-215428-cubepinch_sb_forcemagnitude_s3,force.magnitude,3,2,48,2.4,3.656373,3.715048,3.715048,2.496705,1.218343,1,0.787602,0ac79f5
pinch,pinch_sweep_size_rand-20260622-195014,TesolloCubePinch,TesolloCubePinch-20260622-215428-cubepinch_sb_forcemagnitude_s3,force.magnitude,3,2,49,2.45,3.656373,3.709834,3.709834,2.492499,1.217335,1,0.787651,0ac79f5
pinch,pinch_sweep_size_rand-20260622-195014,TesolloCubePinch,TesolloCubePinch-20260622-215428-cubepinch_sb_forcemagnitude_s3,force.magnitude,3,2,50,2.5,3.656373,3.710718,3.710718,2.494899,1.215819,1,0.787672,0ac79f5
pinch,pinch_sweep_size_rand-20260622-195014,TesolloCubePinch,TesolloCubePinch-20260622-215428-cubepinch_sb_forcemagnitude_s3,force.magnitude,3,2,51,2.55,3.656373,3.708291,3.708291,2.494077,1.214214,1,0.787707,0ac79f5
pinch,pinch_sweep_size_rand-20260622-195014,TesolloCubePinch,TesolloCubePinch-20260622-215428-cubepinch_sb_forcemagnitude_s3,force.magnitude,3,2,52,2.6,3.656373,3.708449,3.708449,2.494593,1.213856,1,0.787731,0ac79f5
pinch,pinch_sweep_size_rand-20260622-195014,TesolloCubePinch,TesolloCubePinch-20260622-215428-cubepinch_sb_forcemagnitude_s3,force.magnitude,3,2,53,2.65,3.656373,3.706512,3.706512,2.494526,1.211986,1,0.787764,0ac79f5
pinch,pinch_sweep_size_rand-20260622-195014,TesolloCubePinch,TesolloCubePinch-20260622-215428-cubepinch_sb_forcemagnitude_s3,force.magnitude,3,2,54,2.7,3.656373,3.70458,3.70458,2.494636,1.209944,1,0.787796,0ac79f5
pinch,pinch_sweep_size_rand-20260622-195014,TesolloCubePinch,TesolloCubePinch-20260622-215428-cubepinch_sb_forcemagnitude_s3,force.magnitude,3,2,55,2.75,3.656373,3.702586,3.702586,2.494596,1.20799,1,0.787828,0ac79f5
pinch,pinch_sweep_size_rand-20260622-195014,TesolloCubePinch,TesolloCubePinch-20260622-215428-cubepinch_sb_forcemagnitude_s3,force.magnitude,3,2,56,2.8,3.656373,3.7005,3.7005,2.494623,1.205877,1,0.78786,0ac79f5
pinch,pinch_sweep_size_rand-20260622-195014,TesolloCubePinch,TesolloCubePinch-20260622-215428-cubepinch_sb_forcemagnitude_s3,force.magnitude,3,2,57,2.85,3.656373,3.698203,3.698203,2.494468,1.203735,1,0.787892,0ac79f5
pinch,pinch_sweep_size_rand-20260622-195014,TesolloCubePinch,TesolloCubePinch-20260622-215428-cubepinch_sb_forcemagnitude_s3,force.magnitude,3,2,58,2.9,3.656373,3.695189,3.695189,2.494071,1.201119,1,0.787926,0ac79f5
pinch,pinch_sweep_size_rand-20260622-195014,TesolloCubePinch,TesolloCubePinch-20260622-215428-cubepinch_sb_forcemagnitude_s3,force.magnitude,3,2,59,2.95,3.656373,3.693298,3.693298,2.494102,1.199196,1,0.787956,0ac79f5
pinch,pinch_sweep_size_rand-20260622-195014,TesolloCubePinch,TesolloCubePinch-20260622-215428-cubepinch_sb_forcemagnitude_s3,force.magnitude,3,2,60,3.0,3.656373,3.690888,3.690888,2.49399,1.196898,1,0.787987,0ac79f5
pinch,pinch_sweep_size_rand-20260622-195014,TesolloCubePinch,TesolloCubePinch-20260622-215428-cubepinch_sb_forcemagnitude_s3,force.magnitude,3,2,61,3.05,3.656373,3.687608,3.687608,2.493174,1.194434,1,0.78802,0ac79f5
pinch,pinch_sweep_size_rand-20260622-195014,TesolloCubePinch,TesolloCubePinch-20260622-215428-cubepinch_sb_forcemagnitude_s3,force.magnitude,3,2,62,3.1,3.656373,3.684659,3.684659,2.493119,1.19154,1,0.788051,0ac79f5
pinch,pinch_sweep_size_rand-20260622-195014,TesolloCubePinch,TesolloCubePinch-20260622-215428-cubepinch_sb_forcemagnitude_s3,force.magnitude,3,2,63,3.15,3.656373,3.681602,3.681602,2.493222,1.18838,1,0.788082,0ac79f5
pinch,pinch_sweep_size_rand-20260622-195014,TesolloCubePinch,TesolloCubePinch-20260622-215428-cubepinch_sb_forcemagnitude_s3,force.magnitude,3,2,64,3.2,3.656373,3.677698,3.677698,2.493255,1.184443,1,0.788113,0ac79f5
pinch,pinch_sweep_size_rand-20260622-195014,TesolloCubePinch,TesolloCubePinch-20260622-215428-cubepinch_sb_forcemagnitude_s3,force.magnitude,3,2,65,3.25,3.656373,3.674011,3.674011,2.493145,1.180865,1,0.788143,0ac79f5
pinch,pinch_sweep_size_rand-20260622-195014,TesolloCubePinch,TesolloCubePinch-20260622-215428-cubepinch_sb_forcemagnitude_s3,force.magnitude,3,2,66,3.3,3.656373,3.670084,3.670084,2.492971,1.177114,1,0.788172,0ac79f5
pinch,pinch_sweep_size_rand-20260622-195014,TesolloCubePinch,TesolloCubePinch-20260622-215428-cubepinch_sb_forcemagnitude_s3,force.magnitude,3,2,67,3.35,3.656373,3.666388,3.666388,2.4931,1.173288,1,0.7882,0ac79f5
pinch,pinch_sweep_size_rand-20260622-195014,TesolloCubePinch,TesolloCubePinch-20260622-215428-cubepinch_sb_forcemagnitude_s3,force.magnitude,3,2,68,3.4,3.656373,3.662752,3.662752,2.493448,1.169304,1,0.788226,0ac79f5
pinch,pinch_sweep_size_rand-20260622-195014,TesolloCubePinch,TesolloCubePinch-20260622-215428-cubepinch_sb_forcemagnitude_s3,force.magnitude,3,2,69,3.45,3.656373,3.658576,3.658576,2.493878,1.164698,1,0.788252,0ac79f5
pinch,pinch_sweep_size_rand-20260622-195014,TesolloCubePinch,TesolloCubePinch-20260622-215428-cubepinch_sb_forcemagnitude_s3,force.magnitude,3,2,70,3.5,3.656373,3.654427,3.654427,2.494575,1.159852,1,0.788276,0ac79f5
pinch,pinch_sweep_size_rand-20260622-195014,TesolloCubePinch,TesolloCubePinch-20260622-215428-cubepinch_sb_forcemagnitude_s3,force.magnitude,3,2,71,3.55,3.656373,3.650642,3.650642,2.495645,1.154997,1,0.788299,0ac79f5
pinch,pinch_sweep_size_rand-20260622-195014,TesolloCubePinch,TesolloCubePinch-20260622-215428-cubepinch_sb_forcemagnitude_s3,force.magnitude,3,2,72,3.6,3.656373,3.645022,3.645022,2.497054,1.147968,1,0.788319,0ac79f5
pinch,pinch_sweep_size_rand-20260622-195014,TesolloCubePinch,TesolloCubePinch-20260622-215428-cubepinch_sb_forcemagnitude_s3,force.magnitude,3,2,73,3.65,3.656373,3.640078,3.640078,2.498956,1.141122,1,0.788337,0ac79f5
pinch,pinch_sweep_size_rand-20260622-195014,TesolloCubePinch,TesolloCubePinch-20260622-215428-cubepinch_sb_forcemagnitude_s3,force.magnitude,3,2,74,3.7,3.656373,3.634974,3.634974,2.501353,1.133621,1,0.788354,0ac79f5
pinch,pinch_sweep_size_rand-20260622-195014,TesolloCubePinch,TesolloCubePinch-20260622-215428-cubepinch_sb_forcemagnitude_s3,force.magnitude,3,2,75,3.75,3.656373,2.817683,2.817683,1.691419,1.126265,0,0.259874,0ac79f5
pinch,pinch_sweep_size_rand-20260622-195014,TesolloCubePinch,TesolloCubePinch-20260622-215428-cubepinch_sb_forcemagnitude_s3,force.magnitude,3,2,76,3.8,3.656373,3.716118,3.716118,2.577684,1.138435,0,0.288258,0ac79f5
pinch,pinch_sweep_size_rand-20260622-195014,TesolloCubePinch,TesolloCubePinch-20260622-215428-cubepinch_sb_forcemagnitude_s3,force.magnitude,3,2,77,3.85,3.656373,3.600126,3.600126,2.521996,1.07813,0,0.288246,0ac79f5
pinch,pinch_sweep_size_rand-20260622-195014,TesolloCubePinch,TesolloCubePinch-20260622-215428-cubepinch_sb_forcemagnitude_s3,force.magnitude,3,2,78,3.9,3.656373,3.160721,3.160721,1.591414,1.569306,0,0.278086,0ac79f5
pinch,pinch_sweep_size_rand-20260622-195014,TesolloCubePinch,TesolloCubePinch-20260622-215428-cubepinch_sb_forcemagnitude_s3,force.magnitude,3,2,79,3.95,3.656373,3.541352,3.541352,2.595397,0.945955,0,0.287902,0ac79f5
pinch,pinch_sweep_size_rand-20260622-195014,TesolloCubePinch,TesolloCubePinch-20260622-195023-cubepinch_sb_none_s1,none,1,0,0,0.0,3.602274,0.0,0.0,0.0,0.0,0,0.055231,3682863
pinch,pinch_sweep_size_rand-20260622-195014,TesolloCubePinch,TesolloCubePinch-20260622-195023-cubepinch_sb_none_s1,none,1,0,1,0.05,3.602274,0.0,0.0,0.0,0.0,0,0.057867,3682863
pinch,pinch_sweep_size_rand-20260622-195014,TesolloCubePinch,TesolloCubePinch-20260622-195023-cubepinch_sb_none_s1,none,1,0,2,0.1,3.602274,3.813477,0.0,3.813477,0.0,0,0.06023,3682863
pinch,pinch_sweep_size_rand-20260622-195014,TesolloCubePinch,TesolloCubePinch-20260622-195023-cubepinch_sb_none_s1,none,1,0,3,0.15,3.602274,4.232811,0.0,4.232811,0.0,0,0.061838,3682863
pinch,pinch_sweep_size_rand-20260622-195014,TesolloCubePinch,TesolloCubePinch-20260622-195023-cubepinch_sb_none_s1,none,1,0,4,0.2,3.602274,4.443835,4.443835,2.955163,1.488672,0,0.257999,3682863
pinch,pinch_sweep_size_rand-20260622-195014,TesolloCubePinch,TesolloCubePinch-20260622-195023-cubepinch_sb_none_s1,none,1,0,5,0.25,3.602274,5.238725,5.238725,3.586101,1.652624,0,0.193464,3682863
pinch,pinch_sweep_size_rand-20260622-195014,TesolloCubePinch,TesolloCubePinch-20260622-195023-cubepinch_sb_none_s1,none,1,0,6,0.3,3.602274,5.083432,5.083432,3.015052,2.06838,0,0.207896,3682863
pinch,pinch_sweep_size_rand-20260622-195014,TesolloCubePinch,TesolloCubePinch-20260622-195023-cubepinch_sb_none_s1,none,1,0,7,0.35,3.602274,4.819864,4.819864,2.979783,1.840081,0,0.230428,3682863
pinch,pinch_sweep_size_rand-20260622-195014,TesolloCubePinch,TesolloCubePinch-20260622-195023-cubepinch_sb_none_s1,none,1,0,8,0.4,3.602274,6.399932,6.399932,4.563747,1.836184,0,0.100925,3682863
pinch,pinch_sweep_size_rand-20260622-195014,TesolloCubePinch,TesolloCubePinch-20260622-195023-cubepinch_sb_none_s1,none,1,0,9,0.45,3.602274,5.115072,5.115072,3.262757,1.852315,0,0.205057,3682863
pinch,pinch_sweep_size_rand-20260622-195014,TesolloCubePinch,TesolloCubePinch-20260622-195023-cubepinch_sb_none_s1,none,1,0,10,0.5,3.602274,4.987253,4.987253,3.118882,1.868371,0,0.216443,3682863
pinch,pinch_sweep_size_rand-20260622-195014,TesolloCubePinch,TesolloCubePinch-20260622-195023-cubepinch_sb_none_s1,none,1,0,11,0.55,3.602274,4.972317,4.972317,3.078437,1.89388,0,0.21783,3682863
pinch,pinch_sweep_size_rand-20260622-195014,TesolloCubePinch,TesolloCubePinch-20260622-195023-cubepinch_sb_none_s1,none,1,0,12,0.6,3.602274,4.974272,4.974272,3.059278,1.914994,0,0.217734,3682863
pinch,pinch_sweep_size_rand-20260622-195014,TesolloCubePinch,TesolloCubePinch-20260622-195023-cubepinch_sb_none_s1,none,1,0,13,0.65,3.602274,4.983444,4.983444,3.048731,1.934713,0,0.216996,3682863
pinch,pinch_sweep_size_rand-20260622-195014,TesolloCubePinch,TesolloCubePinch-20260622-195023-cubepinch_sb_none_s1,none,1,0,14,0.7,3.602274,4.517129,4.517129,2.584198,1.932931,0,0.254332,3682863
pinch,pinch_sweep_size_rand-20260622-195014,TesolloCubePinch,TesolloCubePinch-20260622-195023-cubepinch_sb_none_s1,none,1,0,15,0.75,3.602274,2.755858,2.755858,0.821213,1.934645,0,0.259029,3682863
pinch,pinch_sweep_size_rand-20260622-195014,TesolloCubePinch,TesolloCubePinch-20260622-195023-cubepinch_sb_none_s1,none,1,0,16,0.8,3.602274,4.954045,4.954045,3.016221,1.937825,0,0.219672,3682863
pinch,pinch_sweep_size_rand-20260622-195014,TesolloCubePinch,TesolloCubePinch-20260622-195023-cubepinch_sb_none_s1,none,1,0,17,0.85,3.602274,4.95111,4.95111,3.009023,1.942088,0,0.21995,3682863
pinch,pinch_sweep_size_rand-20260622-195014,TesolloCubePinch,TesolloCubePinch-20260622-195023-cubepinch_sb_none_s1,none,1,0,18,0.9,3.602274,4.950006,4.950006,3.002969,1.947037,0,0.220063,3682863
pinch,pinch_sweep_size_rand-20260622-195014,TesolloCubePinch,TesolloCubePinch-20260622-195023-cubepinch_sb_none_s1,none,1,0,19,0.95,3.602274,4.950254,4.950254,2.998029,1.952226,0,0.220055,3682863
pinch,pinch_sweep_size_rand-20260622-195014,TesolloCubePinch,TesolloCubePinch-20260622-195023-cubepinch_sb_none_s1,none,1,0,20,1.0,3.602274,4.950892,4.950892,2.993655,1.957237,0,0.220009,3682863
pinch,pinch_sweep_size_rand-20260622-195014,TesolloCubePinch,TesolloCubePinch-20260622-195023-cubepinch_sb_none_s1,none,1,0,21,1.05,3.602274,5.515881,5.515881,3.004815,2.511066,0,0.169512,3682863
pinch,pinch_sweep_size_rand-20260622-195014,TesolloCubePinch,TesolloCubePinch-20260622-195023-cubepinch_sb_none_s1,none,1,0,22,1.1,3.602274,4.987068,4.987068,3.021187,1.96588,0,0.21687,3682863
pinch,pinch_sweep_size_rand-20260622-195014,TesolloCubePinch,TesolloCubePinch-20260622-195023-cubepinch_sb_none_s1,none,1,0,23,1.15,3.602274,5.00995,5.00995,3.040623,1.969326,0,0.214867,3682863
pinch,pinch_sweep_size_rand-20260622-195014,TesolloCubePinch,TesolloCubePinch-20260622-195023-cubepinch_sb_none_s1,none,1,0,24,1.2,3.602274,5.028735,5.028735,3.056561,1.972174,0,0.213213,3682863
pinch,pinch_sweep_size_rand-20260622-195014,TesolloCubePinch,TesolloCubePinch-20260622-195023-cubepinch_sb_none_s1,none,1,0,25,1.25,3.602274,5.049096,5.049096,3.073318,1.975778,0,0.211412,3682863
pinch,pinch_sweep_size_rand-20260622-195014,TesolloCubePinch,TesolloCubePinch-20260622-195023-cubepinch_sb_none_s1,none,1,0,26,1.3,3.602274,5.067102,5.067102,3.087162,1.979941,0,0.209812,3682863
pinch,pinch_sweep_size_rand-20260622-195014,TesolloCubePinch,TesolloCubePinch-20260622-195023-cubepinch_sb_none_s1,none,1,0,27,1.35,3.602274,5.081397,5.081397,3.096646,1.984751,0,0.208536,3682863
pinch,pinch_sweep_size_rand-20260622-195014,TesolloCubePinch,TesolloCubePinch-20260622-195023-cubepinch_sb_none_s1,none,1,0,28,1.4,3.602274,5.099751,5.099751,3.10484,1.994912,0,0.206894,3682863
pinch,pinch_sweep_size_rand-20260622-195014,TesolloCubePinch,TesolloCubePinch-20260622-195023-cubepinch_sb_none_s1,none,1,0,29,1.45,3.602274,5.119509,5.119509,3.112003,2.007506,0,0.205122,3682863
pinch,pinch_sweep_size_rand-20260622-195014,TesolloCubePinch,TesolloCubePinch-20260622-195023-cubepinch_sb_none_s1,none,1,0,30,1.5,3.602274,5.131246,5.131246,3.114253,2.016992,0,0.204064,3682863
pinch,pinch_sweep_size_rand-20260622-195014,TesolloCubePinch,TesolloCubePinch-20260622-195023-cubepinch_sb_none_s1,none,1,0,31,1.55,3.602274,5.138234,5.138234,3.109027,2.029207,0,0.20343,3682863
pinch,pinch_sweep_size_rand-20260622-195014,TesolloCubePinch,TesolloCubePinch-20260622-195023-cubepinch_sb_none_s1,none,1,0,32,1.6,3.602274,5.141408,5.141408,3.103435,2.037973,0,0.203137,3682863
pinch,pinch_sweep_size_rand-20260622-195014,TesolloCubePinch,TesolloCubePinch-20260622-195023-cubepinch_sb_none_s1,none,1,0,33,1.65,3.602274,5.139357,5.139357,3.098101,2.041256,0,0.203313,3682863
pinch,pinch_sweep_size_rand-20260622-195014,TesolloCubePinch,TesolloCubePinch-20260622-195023-cubepinch_sb_none_s1,none,1,0,34,1.7,3.602274,5.13774,5.13774,3.091687,2.046053,0,0.20345,3682863
pinch,pinch_sweep_size_rand-20260622-195014,TesolloCubePinch,TesolloCubePinch-20260622-195023-cubepinch_sb_none_s1,none,1,0,35,1.75,3.602274,5.134947,5.134947,3.084964,2.049984,0,0.203692,3682863
pinch,pinch_sweep_size_rand-20260622-195014,TesolloCubePinch,TesolloCubePinch-20260622-195023-cubepinch_sb_none_s1,none,1,0,36,1.8,3.602274,5.133885,5.133885,3.079498,2.054387,0,0.203778,3682863
pinch,pinch_sweep_size_rand-20260622-195014,TesolloCubePinch,TesolloCubePinch-20260622-195023-cubepinch_sb_none_s1,none,1,0,37,1.85,3.602274,5.13215,5.13215,3.073531,2.058618,0,0.203925,3682863
pinch,pinch_sweep_size_rand-20260622-195014,TesolloCubePinch,TesolloCubePinch-20260622-195023-cubepinch_sb_none_s1,none,1,0,38,1.9,3.602274,5.130791,5.130791,3.066525,2.064266,0,0.204039,3682863
pinch,pinch_sweep_size_rand-20260622-195014,TesolloCubePinch,TesolloCubePinch-20260622-195023-cubepinch_sb_none_s1,none,1,0,39,1.95,3.602274,5.128885,5.128885,3.061797,2.067088,0,0.204201,3682863
pinch,pinch_sweep_size_rand-20260622-195014,TesolloCubePinch,TesolloCubePinch-20260622-195023-cubepinch_sb_none_s1,none,1,0,40,2.0,3.602274,5.12888,5.12888,3.057117,2.071763,0,0.204192,3682863
pinch,pinch_sweep_size_rand-20260622-195014,TesolloCubePinch,TesolloCubePinch-20260622-195023-cubepinch_sb_none_s1,none,1,0,41,2.05,3.602274,4.455126,4.455126,2.379456,2.075669,0,0.258586,3682863
pinch,pinch_sweep_size_rand-20260622-195014,TesolloCubePinch,TesolloCubePinch-20260622-195023-cubepinch_sb_none_s1,none,1,0,42,2.1,3.602274,5.123137,5.123137,3.044453,2.078684,0,0.204689,3682863
pinch,pinch_sweep_size_rand-20260622-195014,TesolloCubePinch,TesolloCubePinch-20260622-195023-cubepinch_sb_none_s1,none,1,0,43,2.15,3.602274,5.122303,5.122303,3.038729,2.083574,0,0.204755,3682863
pinch,pinch_sweep_size_rand-20260622-195014,TesolloCubePinch,TesolloCubePinch-20260622-195023-cubepinch_sb_none_s1,none,1,0,44,2.2,3.602274,5.121161,5.121161,3.031101,2.09006,0,0.204849,3682863
pinch,pinch_sweep_size_rand-20260622-195014,TesolloCubePinch,TesolloCubePinch-20260622-195023-cubepinch_sb_none_s1,none,1,0,45,2.25,3.602274,5.120392,5.120392,3.028798,2.091594,0,0.204909,3682863
pinch,pinch_sweep_size_rand-20260622-195014,TesolloCubePinch,TesolloCubePinch-20260622-195023-cubepinch_sb_none_s1,none,1,0,46,2.3,3.602274,5.117721,5.117721,3.023581,2.09414,0,0.205139,3682863
pinch,pinch_sweep_size_rand-20260622-195014,TesolloCubePinch,TesolloCubePinch-20260622-195023-cubepinch_sb_none_s1,none,1,0,47,2.35,3.602274,5.115089,5.115089,3.015356,2.099734,0,0.205366,3682863
pinch,pinch_sweep_size_rand-20260622-195014,TesolloCubePinch,TesolloCubePinch-20260622-195023-cubepinch_sb_none_s1,none,1,0,48,2.4,3.602274,5.114311,5.114311,3.01335,2.100961,0,0.205427,3682863
pinch,pinch_sweep_size_rand-20260622-195014,TesolloCubePinch,TesolloCubePinch-20260622-195023-cubepinch_sb_none_s1,none,1,0,49,2.45,3.602274,4.839792,4.839792,2.734904,2.104888,0,0.229299,3682863
pinch,pinch_sweep_size_rand-20260622-195014,TesolloCubePinch,TesolloCubePinch-20260622-195023-cubepinch_sb_none_s1,none,1,0,50,2.5,3.602274,5.110449,5.110449,3.003533,2.106916,0,0.205755,3682863
pinch,pinch_sweep_size_rand-20260622-195014,TesolloCubePinch,TesolloCubePinch-20260622-195023-cubepinch_sb_none_s1,none,1,0,51,2.55,3.602274,5.107957,5.107957,2.997871,2.110086,0,0.205969,3682863
pinch,pinch_sweep_size_rand-20260622-195014,TesolloCubePinch,TesolloCubePinch-20260622-195023-cubepinch_sb_none_s1,none,1,0,52,2.6,3.602274,5.106219,5.106219,2.993839,2.112381,0,0.206115,3682863
pinch,pinch_sweep_size_rand-20260622-195014,TesolloCubePinch,TesolloCubePinch-20260622-195023-cubepinch_sb_none_s1,none,1,0,53,2.65,3.602274,5.105648,5.105648,2.990426,2.115222,0,0.206158,3682863
pinch,pinch_sweep_size_rand-20260622-195014,TesolloCubePinch,TesolloCubePinch-20260622-195023-cubepinch_sb_none_s1,none,1,0,54,2.7,3.602274,5.103878,5.103878,2.986352,2.117526,0,0.206307,3682863
pinch,pinch_sweep_size_rand-20260622-195014,TesolloCubePinch,TesolloCubePinch-20260622-195023-cubepinch_sb_none_s1,none,1,0,55,2.75,3.602274,5.103992,5.103992,2.983964,2.120029,0,0.206289,3682863
pinch,pinch_sweep_size_rand-20260622-195014,TesolloCubePinch,TesolloCubePinch-20260622-195023-cubepinch_sb_none_s1,none,1,0,56,2.8,3.602274,5.097926,5.097926,2.975888,2.122038,0,0.206822,3682863
pinch,pinch_sweep_size_rand-20260622-195014,TesolloCubePinch,TesolloCubePinch-20260622-195023-cubepinch_sb_none_s1,none,1,0,57,2.85,3.602274,5.09572,5.09572,2.97153,2.12419,0,0.20701,3682863
pinch,pinch_sweep_size_rand-20260622-195014,TesolloCubePinch,TesolloCubePinch-20260622-195023-cubepinch_sb_none_s1,none,1,0,58,2.9,3.602274,5.092503,5.092503,2.965942,2.12656,0,0.207289,3682863
pinch,pinch_sweep_size_rand-20260622-195014,TesolloCubePinch,TesolloCubePinch-20260622-195023-cubepinch_sb_none_s1,none,1,0,59,2.95,3.602274,5.090945,5.090945,2.962739,2.128205,0,0.207419,3682863
pinch,pinch_sweep_size_rand-20260622-195014,TesolloCubePinch,TesolloCubePinch-20260622-195023-cubepinch_sb_none_s1,none,1,0,60,3.0,3.602274,5.088362,5.088362,2.958658,2.129703,0,0.207641,3682863
pinch,pinch_sweep_size_rand-20260622-195014,TesolloCubePinch,TesolloCubePinch-20260622-195023-cubepinch_sb_none_s1,none,1,0,61,3.05,3.602274,5.086852,5.086852,2.955041,2.13181,0,0.207768,3682863
pinch,pinch_sweep_size_rand-20260622-195014,TesolloCubePinch,TesolloCubePinch-20260622-195023-cubepinch_sb_none_s1,none,1,0,62,3.1,3.602274,5.084201,5.084201,2.950813,2.133388,0,0.207996,3682863
pinch,pinch_sweep_size_rand-20260622-195014,TesolloCubePinch,TesolloCubePinch-20260622-195023-cubepinch_sb_none_s1,none,1,0,63,3.15,3.602274,5.082218,5.082218,2.946988,2.13523,0,0.208164,3682863
pinch,pinch_sweep_size_rand-20260622-195014,TesolloCubePinch,TesolloCubePinch-20260622-195023-cubepinch_sb_none_s1,none,1,0,64,3.2,3.602274,5.347172,5.347172,3.012782,2.33439,0,0.184312,3682863
pinch,pinch_sweep_size_rand-20260622-195014,TesolloCubePinch,TesolloCubePinch-20260622-195023-cubepinch_sb_none_s1,none,1,0,65,3.25,3.602274,5.081172,5.081172,2.940523,2.140648,0,0.208241,3682863
pinch,pinch_sweep_size_rand-20260622-195014,TesolloCubePinch,TesolloCubePinch-20260622-195023-cubepinch_sb_none_s1,none,1,0,66,3.3,3.602274,5.07692,5.07692,2.937053,2.139866,0,0.208612,3682863
pinch,pinch_sweep_size_rand-20260622-195014,TesolloCubePinch,TesolloCubePinch-20260622-195023-cubepinch_sb_none_s1,none,1,0,67,3.35,3.602274,5.082292,5.082292,2.935798,2.146494,0,0.208126,3682863
pinch,pinch_sweep_size_rand-20260622-195014,TesolloCubePinch,TesolloCubePinch-20260622-195023-cubepinch_sb_none_s1,none,1,0,68,3.4,3.602274,5.073303,5.073303,2.930335,2.142968,0,0.208918,3682863
pinch,pinch_sweep_size_rand-20260622-195014,TesolloCubePinch,TesolloCubePinch-20260622-195023-cubepinch_sb_none_s1,none,1,0,69,3.45,3.602274,5.071754,5.071754,2.928444,2.14331,0,0.209048,3682863
pinch,pinch_sweep_size_rand-20260622-195014,TesolloCubePinch,TesolloCubePinch-20260622-195023-cubepinch_sb_none_s1,none,1,0,70,3.5,3.602274,5.069161,5.069161,2.925498,2.143663,0,0.209271,3682863
pinch,pinch_sweep_size_rand-20260622-195014,TesolloCubePinch,TesolloCubePinch-20260622-195023-cubepinch_sb_none_s1,none,1,0,71,3.55,3.602274,5.065516,5.065516,2.921823,2.143693,0,0.209587,3682863
pinch,pinch_sweep_size_rand-20260622-195014,TesolloCubePinch,TesolloCubePinch-20260622-195023-cubepinch_sb_none_s1,none,1,0,72,3.6,3.602274,5.066815,5.066815,2.920684,2.146131,0,0.209464,3682863
pinch,pinch_sweep_size_rand-20260622-195014,TesolloCubePinch,TesolloCubePinch-20260622-195023-cubepinch_sb_none_s1,none,1,0,73,3.65,3.602274,5.064864,5.064864,2.91782,2.147044,0,0.20963,3682863
pinch,pinch_sweep_size_rand-20260622-195014,TesolloCubePinch,TesolloCubePinch-20260622-195023-cubepinch_sb_none_s1,none,1,0,74,3.7,3.602274,5.064604,5.064604,2.916697,2.147907,0,0.209646,3682863
pinch,pinch_sweep_size_rand-20260622-195014,TesolloCubePinch,TesolloCubePinch-20260622-195023-cubepinch_sb_none_s1,none,1,0,75,3.75,3.602274,4.115929,4.115929,1.967098,2.148831,0,0.277144,3682863
pinch,pinch_sweep_size_rand-20260622-195014,TesolloCubePinch,TesolloCubePinch-20260622-195023-cubepinch_sb_none_s1,none,1,0,76,3.8,3.602274,5.060021,5.060021,2.910324,2.149697,0,0.210038,3682863
pinch,pinch_sweep_size_rand-20260622-195014,TesolloCubePinch,TesolloCubePinch-20260622-195023-cubepinch_sb_none_s1,none,1,0,77,3.85,3.602274,5.058674,5.058674,2.908267,2.150407,0,0.21015,3682863
pinch,pinch_sweep_size_rand-20260622-195014,TesolloCubePinch,TesolloCubePinch-20260622-195023-cubepinch_sb_none_s1,none,1,0,78,3.9,3.602274,5.057375,5.057375,2.906233,2.151141,0,0.210258,3682863
pinch,pinch_sweep_size_rand-20260622-195014,TesolloCubePinch,TesolloCubePinch-20260622-195023-cubepinch_sb_none_s1,none,1,0,79,3.95,3.602274,5.055717,5.055717,2.903787,2.151929,0,0.210398,3682863
pinch,pinch_sweep_size_rand-20260622-195014,TesolloCubePinch,TesolloCubePinch-20260622-195023-cubepinch_sb_none_s1,none,1,1,0,0.0,4.276002,0.0,0.0,0.0,0.0,0,0.055619,3682863
pinch,pinch_sweep_size_rand-20260622-195014,TesolloCubePinch,TesolloCubePinch-20260622-195023-cubepinch_sb_none_s1,none,1,1,1,0.05,4.276002,0.0,0.0,0.0,0.0,0,0.058793,3682863
pinch,pinch_sweep_size_rand-20260622-195014,TesolloCubePinch,TesolloCubePinch-20260622-195023-cubepinch_sb_none_s1,none,1,1,2,0.1,4.276002,3.93616,0.0,3.93616,0.0,0,0.061758,3682863
pinch,pinch_sweep_size_rand-20260622-195014,TesolloCubePinch,TesolloCubePinch-20260622-195023-cubepinch_sb_none_s1,none,1,1,3,0.15,4.276002,5.759175,5.759175,3.910945,1.848229,0,0.226776,3682863
pinch,pinch_sweep_size_rand-20260622-195014,TesolloCubePinch,TesolloCubePinch-20260622-195023-cubepinch_sb_none_s1,none,1,1,4,0.2,4.276002,6.306761,6.306761,4.444201,1.862561,0,0.186393,3682863
pinch,pinch_sweep_size_rand-20260622-195014,TesolloCubePinch,TesolloCubePinch-20260622-195023-cubepinch_sb_none_s1,none,1,1,5,0.25,4.276002,5.030505,5.030505,3.135373,1.895131,0,0.270189,3682863
pinch,pinch_sweep_size_rand-20260622-195014,TesolloCubePinch,TesolloCubePinch-20260622-195023-cubepinch_sb_none_s1,none,1,1,6,0.3,4.276002,4.894417,4.894417,2.977961,1.916455,0,0.275847,3682863
pinch,pinch_sweep_size_rand-20260622-195014,TesolloCubePinch,TesolloCubePinch-20260622-195023-cubepinch_sb_none_s1,none,1,1,7,0.35,4.276002,6.354063,6.354063,4.410339,1.943724,0,0.183142,3682863
pinch,pinch_sweep_size_rand-20260622-195014,TesolloCubePinch,TesolloCubePinch-20260622-195023-cubepinch_sb_none_s1,none,1,1,8,0.4,4.276002,5.175145,5.175145,3.204324,1.97082,0,0.263736,3682863
pinch,pinch_sweep_size_rand-20260622-195014,TesolloCubePinch,TesolloCubePinch-20260622-195023-cubepinch_sb_none_s1,none,1,1,9,0.45,4.276002,5.100834,5.100834,3.111459,1.989374,0,0.267477,3682863
pinch,pinch_sweep_size_rand-20260622-195014,TesolloCubePinch,TesolloCubePinch-20260622-195023-cubepinch_sb_none_s1,none,1,1,10,0.5,4.276002,5.094169,5.094169,3.098366,1.995803,0,0.267871,3682863
pinch,pinch_sweep_size_rand-20260622-195014,TesolloCubePinch,TesolloCubePinch-20260622-195023-cubepinch_sb_none_s1,none,1,1,11,0.55,4.276002,5.090793,5.090793,3.089425,2.001368,0,0.268102,3682863
pinch,pinch_sweep_size_rand-20260622-195014,TesolloCubePinch,TesolloCubePinch-20260622-195023-cubepinch_sb_none_s1,none,1,1,12,0.6,4.276002,5.090419,5.090419,3.083535,2.006884,0,0.268179,3682863
pinch,pinch_sweep_size_rand-20260622-195014,TesolloCubePinch,TesolloCubePinch-20260622-195023-cubepinch_sb_none_s1,none,1,1,13,0.65,4.276002,5.085855,5.085855,3.073947,2.011909,0,0.268443,3682863
pinch,pinch_sweep_size_rand-20260622-195014,TesolloCubePinch,TesolloCubePinch-20260622-195023-cubepinch_sb_none_s1,none,1,1,14,0.7,4.276002,5.078188,5.078188,3.06161,2.016579,0,0.268842,3682863
pinch,pinch_sweep_size_rand-20260622-195014,TesolloCubePinch,TesolloCubePinch-20260622-195023-cubepinch_sb_none_s1,none,1,1,15,0.75,4.276002,4.945345,4.945345,3.259712,1.685633,0,0.274621,3682863
pinch,pinch_sweep_size_rand-20260622-195014,TesolloCubePinch,TesolloCubePinch-20260622-195023-cubepinch_sb_none_s1,none,1,1,16,0.8,4.276002,5.065945,5.065945,3.039123,2.026822,0,0.269469,3682863
pinch,pinch_sweep_size_rand-20260622-195014,TesolloCubePinch,TesolloCubePinch-20260622-195023-cubepinch_sb_none_s1,none,1,1,17,0.85,4.276002,5.061718,5.061718,3.029847,2.031871,0,0.269684,3682863
pinch,pinch_sweep_size_rand-20260622-195014,TesolloCubePinch,TesolloCubePinch-20260622-195023-cubepinch_sb_none_s1,none,1,1,18,0.9,4.276002,5.058065,5.058065,3.021462,2.036603,0,0.269868,3682863
pinch,pinch_sweep_size_rand-20260622-195014,TesolloCubePinch,TesolloCubePinch-20260622-195023-cubepinch_sb_none_s1,none,1,1,19,0.95,4.276002,5.054581,5.054581,3.013632,2.04095,0,0.27004,3682863
pinch,pinch_sweep_size_rand-20260622-195014,TesolloCubePinch,TesolloCubePinch-20260622-195023-cubepinch_sb_none_s1,none,1,1,20,1.0,4.276002,5.052686,5.052686,3.006364,2.046322,0,0.270136,3682863
pinch,pinch_sweep_size_rand-20260622-195014,TesolloCubePinch,TesolloCubePinch-20260622-195023-cubepinch_sb_none_s1,none,1,1,21,1.05,4.276002,5.067587,5.067587,3.016393,2.051194,0,0.269462,3682863
pinch,pinch_sweep_size_rand-20260622-195014,TesolloCubePinch,TesolloCubePinch-20260622-195023-cubepinch_sb_none_s1,none,1,1,22,1.1,4.276002,5.090821,5.090821,3.035425,2.055396,0,0.268383,3682863
pinch,pinch_sweep_size_rand-20260622-195014,TesolloCubePinch,TesolloCubePinch-20260622-195023-cubepinch_sb_none_s1,none,1,1,23,1.15,4.276002,5.118376,5.118376,3.052049,2.066327,0,0.267067,3682863
pinch,pinch_sweep_size_rand-20260622-195014,TesolloCubePinch,TesolloCubePinch-20260622-195023-cubepinch_sb_none_s1,none,1,1,24,1.2,4.276002,5.145592,5.145592,3.06735,2.078242,0,0.265731,3682863
pinch,pinch_sweep_size_rand-20260622-195014,TesolloCubePinch,TesolloCubePinch-20260622-195023-cubepinch_sb_none_s1,none,1,1,25,1.25,4.276002,5.177238,5.177238,3.083635,2.093603,0,0.264134,3682863
pinch,pinch_sweep_size_rand-20260622-195014,TesolloCubePinch,TesolloCubePinch-20260622-195023-cubepinch_sb_none_s1,none,1,1,26,1.3,4.276002,5.201417,5.201417,3.096249,2.105169,0,0.262882,3682863
pinch,pinch_sweep_size_rand-20260622-195014,TesolloCubePinch,TesolloCubePinch-20260622-195023-cubepinch_sb_none_s1,none,1,1,27,1.35,4.276002,5.224679,5.224679,3.106964,2.117715,0,0.261653,3682863
pinch,pinch_sweep_size_rand-20260622-195014,TesolloCubePinch,TesolloCubePinch-20260622-195023-cubepinch_sb_none_s1,none,1,1,28,1.4,4.276002,4.282938,4.282938,2.153606,2.129332,0,0.288438,3682863
pinch,pinch_sweep_size_rand-20260622-195014,TesolloCubePinch,TesolloCubePinch-20260622-195023-cubepinch_sb_none_s1,none,1,1,29,1.45,4.276002,5.258303,5.258303,3.124114,2.134189,0,0.259832,3682863
pinch,pinch_sweep_size_rand-20260622-195014,TesolloCubePinch,TesolloCubePinch-20260622-195023-cubepinch_sb_none_s1,none,1,1,30,1.5,4.276002,5.269522,5.269522,3.131696,2.137826,0,0.259212,3682863
pinch,pinch_sweep_size_rand-20260622-195014,TesolloCubePinch,TesolloCubePinch-20260622-195023-cubepinch_sb_none_s1,none,1,1,31,1.55,4.276002,5.271114,5.271114,3.128493,2.142622,0,0.259121,3682863
pinch,pinch_sweep_size_rand-20260622-195014,TesolloCubePinch,TesolloCubePinch-20260622-195023-cubepinch_sb_none_s1,none,1,1,32,1.6,4.276002,5.270765,5.270765,3.123744,2.147021,0,0.259137,3682863
pinch,pinch_sweep_size_rand-20260622-195014,TesolloCubePinch,TesolloCubePinch-20260622-195023-cubepinch_sb_none_s1,none,1,1,33,1.65,4.276002,5.267851,5.267851,3.11747,2.150381,0,0.259294,3682863
pinch,pinch_sweep_size_rand-20260622-195014,TesolloCubePinch,TesolloCubePinch-20260622-195023-cubepinch_sb_none_s1,none,1,1,34,1.7,4.276002,5.26667,5.26667,3.111586,2.155084,0,0.259355,3682863
pinch,pinch_sweep_size_rand-20260622-195014,TesolloCubePinch,TesolloCubePinch-20260622-195023-cubepinch_sb_none_s1,none,1,1,35,1.75,4.276002,5.26514,5.26514,3.105837,2.159303,0,0.259435,3682863
pinch,pinch_sweep_size_rand-20260622-195014,TesolloCubePinch,TesolloCubePinch-20260622-195023-cubepinch_sb_none_s1,none,1,1,36,1.8,4.276002,5.262371,5.262371,3.099478,2.162892,0,0.259583,3682863
pinch,pinch_sweep_size_rand-20260622-195014,TesolloCubePinch,TesolloCubePinch-20260622-195023-cubepinch_sb_none_s1,none,1,1,37,1.85,4.276002,5.261686,5.261686,3.094607,2.167079,0,0.259616,3682863
pinch,pinch_sweep_size_rand-20260622-195014,TesolloCubePinch,TesolloCubePinch-20260622-195023-cubepinch_sb_none_s1,none,1,1,38,1.9,4.276002,5.259606,5.259606,3.087617,2.171989,0,0.259726,3682863
pinch,pinch_sweep_size_rand-20260622-195014,TesolloCubePinch,TesolloCubePinch-20260622-195023-cubepinch_sb_none_s1,none,1,1,39,1.95,4.276002,5.257487,5.257487,3.082795,2.174692,0,0.259838,3682863
pinch,pinch_sweep_size_rand-20260622-195014,TesolloCubePinch,TesolloCubePinch-20260622-195023-cubepinch_sb_none_s1,none,1,1,40,2.0,4.276002,5.255569,5.255569,3.077127,2.178442,0,0.259938,3682863
pinch,pinch_sweep_size_rand-20260622-195014,TesolloCubePinch,TesolloCubePinch-20260622-195023-cubepinch_sb_none_s1,none,1,1,41,2.05,4.276002,5.253749,5.253749,3.071952,2.181797,0,0.260032,3682863
pinch,pinch_sweep_size_rand-20260622-195014,TesolloCubePinch,TesolloCubePinch-20260622-195023-cubepinch_sb_none_s1,none,1,1,42,2.1,4.276002,5.251164,5.251164,3.06622,2.184944,0,0.260169,3682863
pinch,pinch_sweep_size_rand-20260622-195014,TesolloCubePinch,TesolloCubePinch-20260622-195023-cubepinch_sb_none_s1,none,1,1,43,2.15,4.276002,5.24934,5.24934,3.060686,2.188654,0,0.260263,3682863
pinch,pinch_sweep_size_rand-20260622-195014,TesolloCubePinch,TesolloCubePinch-20260622-195023-cubepinch_sb_none_s1,none,1,1,44,2.2,4.276002,5.245416,5.245416,3.054734,2.190682,0,0.260471,3682863
pinch,pinch_sweep_size_rand-20260622-195014,TesolloCubePinch,TesolloCubePinch-20260622-195023-cubepinch_sb_none_s1,none,1,1,45,2.25,4.276002,5.245254,5.245254,3.050532,2.194721,0,0.260475,3682863
pinch,pinch_sweep_size_rand-20260622-195014,TesolloCubePinch,TesolloCubePinch-20260622-195023-cubepinch_sb_none_s1,none,1,1,46,2.3,4.276002,5.238345,5.238345,3.043308,2.195036,0,0.260843,3682863
pinch,pinch_sweep_size_rand-20260622-195014,TesolloCubePinch,TesolloCubePinch-20260622-195023-cubepinch_sb_none_s1,none,1,1,47,2.35,4.276002,5.235977,5.235977,3.038173,2.197804,0,0.260966,3682863
pinch,pinch_sweep_size_rand-20260622-195014,TesolloCubePinch,TesolloCubePinch-20260622-195023-cubepinch_sb_none_s1,none,1,1,48,2.4,4.276002,5.235285,5.235285,3.033836,2.201449,0,0.260998,3682863
pinch,pinch_sweep_size_rand-20260622-195014,TesolloCubePinch,TesolloCubePinch-20260622-195023-cubepinch_sb_none_s1,none,1,1,49,2.45,4.276002,5.231523,5.231523,3.028342,2.203181,0,0.261194,3682863
pinch,pinch_sweep_size_rand-20260622-195014,TesolloCubePinch,TesolloCubePinch-20260622-195023-cubepinch_sb_none_s1,none,1,1,50,2.5,4.276002,5.233281,5.233281,3.025213,2.208067,0,0.261095,3682863
pinch,pinch_sweep_size_rand-20260622-195014,TesolloCubePinch,TesolloCubePinch-20260622-195023-cubepinch_sb_none_s1,none,1,1,51,2.55,4.276002,5.231652,5.231652,3.020345,2.211308,0,0.261177,3682863
pinch,pinch_sweep_size_rand-20260622-195014,TesolloCubePinch,TesolloCubePinch-20260622-195023-cubepinch_sb_none_s1,none,1,1,52,2.6,4.276002,5.223441,5.223441,3.014828,2.208613,0,0.261611,3682863
pinch,pinch_sweep_size_rand-20260622-195014,TesolloCubePinch,TesolloCubePinch-20260622-195023-cubepinch_sb_none_s1,none,1,1,53,2.65,4.276002,5.224621,5.224621,3.010553,2.214068,0,0.261542,3682863
pinch,pinch_sweep_size_rand-20260622-195014,TesolloCubePinch,TesolloCubePinch-20260622-195023-cubepinch_sb_none_s1,none,1,1,54,2.7,4.276002,5.221313,5.221313,3.004403,2.21691,0,0.261713,3682863
pinch,pinch_sweep_size_rand-20260622-195014,TesolloCubePinch,TesolloCubePinch-20260622-195023-cubepinch_sb_none_s1,none,1,1,55,2.75,4.276002,5.219199,5.219199,3.001999,2.2172,0,0.26182,3682863
pinch,pinch_sweep_size_rand-20260622-195014,TesolloCubePinch,TesolloCubePinch-20260622-195023-cubepinch_sb_none_s1,none,1,1,56,2.8,4.276002,3.214025,3.214025,0.996226,2.217798,0,0.25521,3682863
pinch,pinch_sweep_size_rand-20260622-195014,TesolloCubePinch,TesolloCubePinch-20260622-195023-cubepinch_sb_none_s1,none,1,1,57,2.85,4.276002,5.214291,5.214291,2.993667,2.220624,0,0.262069,3682863
pinch,pinch_sweep_size_rand-20260622-195014,TesolloCubePinch,TesolloCubePinch-20260622-195023-cubepinch_sb_none_s1,none,1,1,58,2.9,4.276002,5.210209,5.210209,2.988001,2.222208,0,0.262279,3682863
pinch,pinch_sweep_size_rand-20260622-195014,TesolloCubePinch,TesolloCubePinch-20260622-195023-cubepinch_sb_none_s1,none,1,1,59,2.95,4.276002,4.239385,4.239385,2.01678,2.222604,0,0.288252,3682863
pinch,pinch_sweep_size_rand-20260622-195014,TesolloCubePinch,TesolloCubePinch-20260622-195023-cubepinch_sb_none_s1,none,1,1,60,3.0,4.276002,5.206295,5.206295,2.981297,2.224998,0,0.262475,3682863
pinch,pinch_sweep_size_rand-20260622-195014,TesolloCubePinch,TesolloCubePinch-20260622-195023-cubepinch_sb_none_s1,none,1,1,61,3.05,4.276002,5.203712,5.203712,2.97711,2.226602,0,0.262605,3682863
pinch,pinch_sweep_size_rand-20260622-195014,TesolloCubePinch,TesolloCubePinch-20260622-195023-cubepinch_sb_none_s1,none,1,1,62,3.1,4.276002,5.201561,5.201561,2.973579,2.227982,0,0.262712,3682863
pinch,pinch_sweep_size_rand-20260622-195014,TesolloCubePinch,TesolloCubePinch-20260622-195023-cubepinch_sb_none_s1,none,1,1,63,3.15,4.276002,5.204992,5.204992,2.976266,2.228726,0,0.262527,3682863
pinch,pinch_sweep_size_rand-20260622-195014,TesolloCubePinch,TesolloCubePinch-20260622-195023-cubepinch_sb_none_s1,none,1,1,64,3.2,4.276002,5.199965,5.199965,2.969772,2.230193,0,0.262785,3682863
pinch,pinch_sweep_size_rand-20260622-195014,TesolloCubePinch,TesolloCubePinch-20260622-195023-cubepinch_sb_none_s1,none,1,1,65,3.25,4.276002,5.531835,5.531835,3.044119,2.487716,0,0.24323,3682863
pinch,pinch_sweep_size_rand-20260622-195014,TesolloCubePinch,TesolloCubePinch-20260622-195023-cubepinch_sb_none_s1,none,1,1,66,3.3,4.276002,5.197229,5.197229,2.966602,2.230627,0,0.262917,3682863
pinch,pinch_sweep_size_rand-20260622-195014,TesolloCubePinch,TesolloCubePinch-20260622-195023-cubepinch_sb_none_s1,none,1,1,67,3.35,4.276002,5.19346,5.19346,2.961108,2.232352,0,0.263108,3682863
pinch,pinch_sweep_size_rand-20260622-195014,TesolloCubePinch,TesolloCubePinch-20260622-195023-cubepinch_sb_none_s1,none,1,1,68,3.4,4.276002,4.44606,4.44606,2.955811,1.490249,0,0.287338,3682863
pinch,pinch_sweep_size_rand-20260622-195014,TesolloCubePinch,TesolloCubePinch-20260622-195023-cubepinch_sb_none_s1,none,1,1,69,3.45,4.276002,5.188863,5.188863,2.953575,2.235288,0,0.263335,3682863
pinch,pinch_sweep_size_rand-20260622-195014,TesolloCubePinch,TesolloCubePinch-20260622-195023-cubepinch_sb_none_s1,none,1,1,70,3.5,4.276002,5.186729,5.186729,2.950079,2.23665,0,0.26344,3682863
pinch,pinch_sweep_size_rand-20260622-195014,TesolloCubePinch,TesolloCubePinch-20260622-195023-cubepinch_sb_none_s1,none,1,1,71,3.55,4.276002,5.184132,5.184132,2.94921,2.234921,0,0.263569,3682863
pinch,pinch_sweep_size_rand-20260622-195014,TesolloCubePinch,TesolloCubePinch-20260622-195023-cubepinch_sb_none_s1,none,1,1,72,3.6,4.276002,5.182457,5.182457,2.944731,2.237726,0,0.26365,3682863
pinch,pinch_sweep_size_rand-20260622-195014,TesolloCubePinch,TesolloCubePinch-20260622-195023-cubepinch_sb_none_s1,none,1,1,73,3.65,4.276002,5.180906,5.180906,2.94243,2.238476,0,0.263725,3682863
pinch,pinch_sweep_size_rand-20260622-195014,TesolloCubePinch,TesolloCubePinch-20260622-195023-cubepinch_sb_none_s1,none,1,1,74,3.7,4.276002,5.178365,5.178365,2.939161,2.239204,0,0.26385,3682863
pinch,pinch_sweep_size_rand-20260622-195014,TesolloCubePinch,TesolloCubePinch-20260622-195023-cubepinch_sb_none_s1,none,1,1,75,3.75,4.276002,5.175509,5.175509,2.936146,2.239364,0,0.263991,3682863
pinch,pinch_sweep_size_rand-20260622-195014,TesolloCubePinch,TesolloCubePinch-20260622-195023-cubepinch_sb_none_s1,none,1,1,76,3.8,4.276002,3.214049,3.214049,0.976692,2.237357,0,0.255105,3682863
pinch,pinch_sweep_size_rand-20260622-195014,TesolloCubePinch,TesolloCubePinch-20260622-195023-cubepinch_sb_none_s1,none,1,1,77,3.85,4.276002,5.170177,5.170177,2.929936,2.240242,0,0.264253,3682863
pinch,pinch_sweep_size_rand-20260622-195014,TesolloCubePinch,TesolloCubePinch-20260622-195023-cubepinch_sb_none_s1,none,1,1,78,3.9,4.276002,3.216424,3.216424,0.974823,2.241601,0,0.255233,3682863
pinch,pinch_sweep_size_rand-20260622-195014,TesolloCubePinch,TesolloCubePinch-20260622-195023-cubepinch_sb_none_s1,none,1,1,79,3.95,4.276002,5.165709,5.165709,2.92423,2.241479,0,0.264469,3682863
pinch,pinch_sweep_size_rand-20260622-195014,TesolloCubePinch,TesolloCubePinch-20260622-195023-cubepinch_sb_none_s1,none,1,2,0,0.0,4.535643,0.0,0.0,0.0,0.0,0,0.054795,3682863
pinch,pinch_sweep_size_rand-20260622-195014,TesolloCubePinch,TesolloCubePinch-20260622-195023-cubepinch_sb_none_s1,none,1,2,1,0.05,4.535643,0.0,0.0,0.0,0.0,0,0.057622,3682863
pinch,pinch_sweep_size_rand-20260622-195014,TesolloCubePinch,TesolloCubePinch-20260622-195023-cubepinch_sb_none_s1,none,1,2,2,0.1,4.535643,0.0,0.0,0.0,0.0,0,0.060788,3682863
pinch,pinch_sweep_size_rand-20260622-195014,TesolloCubePinch,TesolloCubePinch-20260622-195023-cubepinch_sb_none_s1,none,1,2,3,0.15,4.535643,5.091259,5.091259,3.169801,1.921457,0,0.279491,3682863
pinch,pinch_sweep_size_rand-20260622-195014,TesolloCubePinch,TesolloCubePinch-20260622-195023-cubepinch_sb_none_s1,none,1,2,4,0.2,4.535643,4.728159,4.728159,2.748269,1.979889,0,0.287353,3682863
pinch,pinch_sweep_size_rand-20260622-195014,TesolloCubePinch,TesolloCubePinch-20260622-195023-cubepinch_sb_none_s1,none,1,2,5,0.25,4.535643,2.185046,0.0,0.0,2.185046,0,0.063911,3682863
pinch,pinch_sweep_size_rand-20260622-195014,TesolloCubePinch,TesolloCubePinch-20260622-195023-cubepinch_sb_none_s1,none,1,2,6,0.3,4.535643,3.764544,0.0,3.764544,0.0,0,0.064362,3682863
pinch,pinch_sweep_size_rand-20260622-195014,TesolloCubePinch,TesolloCubePinch-20260622-195023-cubepinch_sb_none_s1,none,1,2,7,0.35,4.535643,4.993032,4.993032,2.816656,2.176375,0,0.284162,3682863
pinch,pinch_sweep_size_rand-20260622-195014,TesolloCubePinch,TesolloCubePinch-20260622-195023-cubepinch_sb_none_s1,none,1,2,8,0.4,4.535643,5.066901,5.066901,3.118612,1.948289,0,0.282466,3682863
pinch,pinch_sweep_size_rand-20260622-195014,TesolloCubePinch,TesolloCubePinch-20260622-195023-cubepinch_sb_none_s1,none,1,2,9,0.45,4.535643,4.470096,4.470096,2.546085,1.924011,0,0.290147,3682863
pinch,pinch_sweep_size_rand-20260622-195014,TesolloCubePinch,TesolloCubePinch-20260622-195023-cubepinch_sb_none_s1,none,1,2,10,0.5,4.535643,4.338819,4.338819,2.412471,1.926348,0,0.289385,3682863
pinch,pinch_sweep_size_rand-20260622-195014,TesolloCubePinch,TesolloCubePinch-20260622-195023-cubepinch_sb_none_s1,none,1,2,11,0.55,4.535643,4.336725,4.336725,2.399767,1.936957,0,0.289549,3682863
pinch,pinch_sweep_size_rand-20260622-195014,TesolloCubePinch,TesolloCubePinch-20260622-195023-cubepinch_sb_none_s1,none,1,2,12,0.6,4.535643,4.368926,4.368926,2.419049,1.949878,0,0.290039,3682863
pinch,pinch_sweep_size_rand-20260622-195014,TesolloCubePinch,TesolloCubePinch-20260622-195023-cubepinch_sb_none_s1,none,1,2,13,0.65,4.535643,4.408207,4.408207,2.446138,1.96207,0,0.290497,3682863
pinch,pinch_sweep_size_rand-20260622-195014,TesolloCubePinch,TesolloCubePinch-20260622-195023-cubepinch_sb_none_s1,none,1,2,14,0.7,4.535643,4.400793,4.400793,2.42807,1.972723,0,0.290554,3682863
pinch,pinch_sweep_size_rand-20260622-195014,TesolloCubePinch,TesolloCubePinch-20260622-195023-cubepinch_sb_none_s1,none,1,2,15,0.75,4.535643,4.397127,4.397127,2.415574,1.981553,0,0.290617,3682863
pinch,pinch_sweep_size_rand-20260622-195014,TesolloCubePinch,TesolloCubePinch-20260622-195023-cubepinch_sb_none_s1,none,1,2,16,0.8,4.535643,4.395841,4.395841,2.407069,1.988771,1,0.790682,3682863
pinch,pinch_sweep_size_rand-20260622-195014,TesolloCubePinch,TesolloCubePinch-20260622-195023-cubepinch_sb_none_s1,none,1,2,17,0.85,4.535643,4.389671,4.389671,2.401323,1.988348,1,0.790694,3682863
pinch,pinch_sweep_size_rand-20260622-195014,TesolloCubePinch,TesolloCubePinch-20260622-195023-cubepinch_sb_none_s1,none,1,2,18,0.9,4.535643,4.383636,4.383636,2.398363,1.985273,1,0.790695,3682863
pinch,pinch_sweep_size_rand-20260622-195014,TesolloCubePinch,TesolloCubePinch-20260622-195023-cubepinch_sb_none_s1,none,1,2,19,0.95,4.535643,4.380308,4.380308,2.397554,1.982754,1,0.790709,3682863
pinch,pinch_sweep_size_rand-20260622-195014,TesolloCubePinch,TesolloCubePinch-20260622-195023-cubepinch_sb_none_s1,none,1,2,20,1.0,4.535643,4.379232,4.379232,2.398171,1.981061,1,0.790735,3682863
pinch,pinch_sweep_size_rand-20260622-195014,TesolloCubePinch,TesolloCubePinch-20260622-195023-cubepinch_sb_none_s1,none,1,2,21,1.05,4.535643,4.379996,4.379996,2.399748,1.980249,1,0.790771,3682863
pinch,pinch_sweep_size_rand-20260622-195014,TesolloCubePinch,TesolloCubePinch-20260622-195023-cubepinch_sb_none_s1,none,1,2,22,1.1,4.535643,4.381895,4.381895,2.40169,1.980205,1,0.790813,3682863
pinch,pinch_sweep_size_rand-20260622-195014,TesolloCubePinch,TesolloCubePinch-20260622-195023-cubepinch_sb_none_s1,none,1,2,23,1.15,4.535643,4.384465,4.384465,2.403714,1.980751,1,0.790856,3682863
pinch,pinch_sweep_size_rand-20260622-195014,TesolloCubePinch,TesolloCubePinch-20260622-195023-cubepinch_sb_none_s1,none,1,2,24,1.2,4.535643,4.387398,4.387398,2.4057,1.981698,1,0.790898,3682863
pinch,pinch_sweep_size_rand-20260622-195014,TesolloCubePinch,TesolloCubePinch-20260622-195023-cubepinch_sb_none_s1,none,1,2,25,1.25,4.535643,4.390482,4.390482,2.407572,1.98291,1,0.790938,3682863
pinch,pinch_sweep_size_rand-20260622-195014,TesolloCubePinch,TesolloCubePinch-20260622-195023-cubepinch_sb_none_s1,none,1,2,26,1.3,4.535643,4.392805,4.392805,2.409274,1.983531,1,0.790969,3682863
pinch,pinch_sweep_size_rand-20260622-195014,TesolloCubePinch,TesolloCubePinch-20260622-195023-cubepinch_sb_none_s1,none,1,2,27,1.35,4.535643,4.393147,4.393147,2.410813,1.982335,1,0.790982,3682863
pinch,pinch_sweep_size_rand-20260622-195014,TesolloCubePinch,TesolloCubePinch-20260622-195023-cubepinch_sb_none_s1,none,1,2,28,1.4,4.535643,4.402614,4.402614,2.421179,1.981434,1,0.791065,3682863
pinch,pinch_sweep_size_rand-20260622-195014,TesolloCubePinch,TesolloCubePinch-20260622-195023-cubepinch_sb_none_s1,none,1,2,29,1.45,4.535643,4.416089,4.416089,2.435241,1.980848,1,0.791168,3682863
pinch,pinch_sweep_size_rand-20260622-195014,TesolloCubePinch,TesolloCubePinch-20260622-195023-cubepinch_sb_none_s1,none,1,2,30,1.5,4.535643,4.43523,4.43523,2.454669,1.980562,1,0.791294,3682863
pinch,pinch_sweep_size_rand-20260622-195014,TesolloCubePinch,TesolloCubePinch-20260622-195023-cubepinch_sb_none_s1,none,1,2,31,1.55,4.535643,4.450244,4.450244,2.469558,1.980686,1,0.79138,3682863
pinch,pinch_sweep_size_rand-20260622-195014,TesolloCubePinch,TesolloCubePinch-20260622-195023-cubepinch_sb_none_s1,none,1,2,32,1.6,4.535643,4.47147,4.47147,2.484631,1.98684,1,0.791477,3682863
pinch,pinch_sweep_size_rand-20260622-195014,TesolloCubePinch,TesolloCubePinch-20260622-195023-cubepinch_sb_none_s1,none,1,2,33,1.65,4.535643,4.496508,4.496508,2.502599,1.99391,1,0.791556,3682863
pinch,pinch_sweep_size_rand-20260622-195014,TesolloCubePinch,TesolloCubePinch-20260622-195023-cubepinch_sb_none_s1,none,1,2,34,1.7,4.535643,3.19357,3.19357,2.517344,0.676227,0,0.245962,3682863
pinch,pinch_sweep_size_rand-20260622-195014,TesolloCubePinch,TesolloCubePinch-20260622-195023-cubepinch_sb_none_s1,none,1,2,35,1.75,4.535643,4.530527,4.530527,2.523112,2.007415,0,0.291612,3682863
pinch,pinch_sweep_size_rand-20260622-195014,TesolloCubePinch,TesolloCubePinch-20260622-195023-cubepinch_sb_none_s1,none,1,2,36,1.8,4.535643,4.545435,4.545435,2.530623,2.014812,0,0.291616,3682863
pinch,pinch_sweep_size_rand-20260622-195014,TesolloCubePinch,TesolloCubePinch-20260622-195023-cubepinch_sb_none_s1,none,1,2,37,1.85,4.535643,4.558825,4.558825,2.536204,2.02262,0,0.29161,3682863
pinch,pinch_sweep_size_rand-20260622-195014,TesolloCubePinch,TesolloCubePinch-20260622-195023-cubepinch_sb_none_s1,none,1,2,38,1.9,4.535643,4.570137,4.570137,2.541337,2.0288,0,0.291597,3682863
pinch,pinch_sweep_size_rand-20260622-195014,TesolloCubePinch,TesolloCubePinch-20260622-195023-cubepinch_sb_none_s1,none,1,2,39,1.95,4.535643,4.582657,4.582657,2.547066,2.035591,0,0.291573,3682863
pinch,pinch_sweep_size_rand-20260622-195014,TesolloCubePinch,TesolloCubePinch-20260622-195023-cubepinch_sb_none_s1,none,1,2,40,2.0,4.535643,4.594953,4.594953,2.552442,2.04251,0,0.291542,3682863
pinch,pinch_sweep_size_rand-20260622-195014,TesolloCubePinch,TesolloCubePinch-20260622-195023-cubepinch_sb_none_s1,none,1,2,41,2.05,4.535643,4.607463,4.607463,2.558624,2.048839,0,0.2915,3682863
pinch,pinch_sweep_size_rand-20260622-195014,TesolloCubePinch,TesolloCubePinch-20260622-195023-cubepinch_sb_none_s1,none,1,2,42,2.1,4.535643,4.619604,4.619604,2.564737,2.054867,0,0.291452,3682863
pinch,pinch_sweep_size_rand-20260622-195014,TesolloCubePinch,TesolloCubePinch-20260622-195023-cubepinch_sb_none_s1,none,1,2,43,2.15,4.535643,4.62975,4.62975,2.56897,2.06078,0,0.291405,3682863
pinch,pinch_sweep_size_rand-20260622-195014,TesolloCubePinch,TesolloCubePinch-20260622-195023-cubepinch_sb_none_s1,none,1,2,44,2.2,4.535643,4.641305,4.641305,2.574638,2.066668,1,0.791345,3682863
pinch,pinch_sweep_size_rand-20260622-195014,TesolloCubePinch,TesolloCubePinch-20260622-195023-cubepinch_sb_none_s1,none,1,2,45,2.25,4.535643,4.652558,4.652558,2.580884,2.071674,1,0.791278,3682863
pinch,pinch_sweep_size_rand-20260622-195014,TesolloCubePinch,TesolloCubePinch-20260622-195023-cubepinch_sb_none_s1,none,1,2,46,2.3,4.535643,4.624831,4.624831,2.459131,2.1657,1,0.791441,3682863
pinch,pinch_sweep_size_rand-20260622-195014,TesolloCubePinch,TesolloCubePinch-20260622-195023-cubepinch_sb_none_s1,none,1,2,47,2.35,4.535643,4.675772,4.675772,2.594028,2.081744,1,0.791118,3682863
pinch,pinch_sweep_size_rand-20260622-195014,TesolloCubePinch,TesolloCubePinch-20260622-195023-cubepinch_sb_none_s1,none,1,2,48,2.4,4.535643,4.681695,4.681695,2.593667,2.088027,1,0.791073,3682863
pinch,pinch_sweep_size_rand-20260622-195014,TesolloCubePinch,TesolloCubePinch-20260622-195023-cubepinch_sb_none_s1,none,1,2,49,2.45,4.535643,4.690778,4.690778,2.598003,2.092774,1,0.791,3682863
pinch,pinch_sweep_size_rand-20260622-195014,TesolloCubePinch,TesolloCubePinch-20260622-195023-cubepinch_sb_none_s1,none,1,2,50,2.5,4.535643,4.699967,4.699967,2.602549,2.097418,1,0.79092,3682863
pinch,pinch_sweep_size_rand-20260622-195014,TesolloCubePinch,TesolloCubePinch-20260622-195023-cubepinch_sb_none_s1,none,1,2,51,2.55,4.535643,4.707621,4.707621,2.606054,2.101567,1,0.790851,3682863
pinch,pinch_sweep_size_rand-20260622-195014,TesolloCubePinch,TesolloCubePinch-20260622-195023-cubepinch_sb_none_s1,none,1,2,52,2.6,4.535643,4.717202,4.717202,2.610678,2.106523,1,0.790759,3682863
pinch,pinch_sweep_size_rand-20260622-195014,TesolloCubePinch,TesolloCubePinch-20260622-195023-cubepinch_sb_none_s1,none,1,2,53,2.65,4.535643,4.722674,4.722674,2.612556,2.110118,1,0.790705,3682863
pinch,pinch_sweep_size_rand-20260622-195014,TesolloCubePinch,TesolloCubePinch-20260622-195023-cubepinch_sb_none_s1,none,1,2,54,2.7,4.535643,4.730222,4.730222,2.616856,2.113366,1,0.790626,3682863
pinch,pinch_sweep_size_rand-20260622-195014,TesolloCubePinch,TesolloCubePinch-20260622-195023-cubepinch_sb_none_s1,none,1,2,55,2.75,4.535643,4.739019,4.739019,2.622627,2.116393,1,0.79053,3682863
pinch,pinch_sweep_size_rand-20260622-195014,TesolloCubePinch,TesolloCubePinch-20260622-195023-cubepinch_sb_none_s1,none,1,2,56,2.8,4.535643,4.744604,4.744604,2.623546,2.121058,1,0.790468,3682863
pinch,pinch_sweep_size_rand-20260622-195014,TesolloCubePinch,TesolloCubePinch-20260622-195023-cubepinch_sb_none_s1,none,1,2,57,2.85,4.535643,4.749588,4.749588,2.625355,2.124233,1,0.790411,3682863
pinch,pinch_sweep_size_rand-20260622-195014,TesolloCubePinch,TesolloCubePinch-20260622-195023-cubepinch_sb_none_s1,none,1,2,58,2.9,4.535643,4.754697,4.754697,2.628166,2.126532,1,0.79035,3682863
pinch,pinch_sweep_size_rand-20260622-195014,TesolloCubePinch,TesolloCubePinch-20260622-195023-cubepinch_sb_none_s1,none,1,2,59,2.95,4.535643,4.759744,4.759744,2.630181,2.129563,1,0.790289,3682863
pinch,pinch_sweep_size_rand-20260622-195014,TesolloCubePinch,TesolloCubePinch-20260622-195023-cubepinch_sb_none_s1,none,1,2,60,3.0,4.535643,4.766104,4.766104,2.632632,2.133471,1,0.79021,3682863
pinch,pinch_sweep_size_rand-20260622-195014,TesolloCubePinch,TesolloCubePinch-20260622-195023-cubepinch_sb_none_s1,none,1,2,61,3.05,4.535643,4.603516,4.603516,2.468346,2.13517,1,0.791564,3682863
pinch,pinch_sweep_size_rand-20260622-195014,TesolloCubePinch,TesolloCubePinch-20260622-195023-cubepinch_sb_none_s1,none,1,2,62,3.1,4.535643,4.775401,4.775401,2.637313,2.138088,1,0.790091,3682863
pinch,pinch_sweep_size_rand-20260622-195014,TesolloCubePinch,TesolloCubePinch-20260622-195023-cubepinch_sb_none_s1,none,1,2,63,3.15,4.535643,4.781015,4.781015,2.639183,2.141832,1,0.790016,3682863
pinch,pinch_sweep_size_rand-20260622-195014,TesolloCubePinch,TesolloCubePinch-20260622-195023-cubepinch_sb_none_s1,none,1,2,64,3.2,4.535643,4.786372,4.786372,2.641778,2.144594,1,0.789943,3682863
pinch,pinch_sweep_size_rand-20260622-195014,TesolloCubePinch,TesolloCubePinch-20260622-195023-cubepinch_sb_none_s1,none,1,2,65,3.25,4.535643,3.026906,3.026906,0.880725,2.146182,0,0.235468,3682863
pinch,pinch_sweep_size_rand-20260622-195014,TesolloCubePinch,TesolloCubePinch-20260622-195023-cubepinch_sb_none_s1,none,1,2,66,3.3,4.535643,4.792314,4.792314,2.643872,2.148441,0,0.28986,3682863
pinch,pinch_sweep_size_rand-20260622-195014,TesolloCubePinch,TesolloCubePinch-20260622-195023-cubepinch_sb_none_s1,none,1,2,67,3.35,4.535643,3.032341,3.032341,0.881751,2.150591,0,0.235825,3682863
pinch,pinch_sweep_size_rand-20260622-195014,TesolloCubePinch,TesolloCubePinch-20260622-195023-cubepinch_sb_none_s1,none,1,2,68,3.4,4.535643,4.799091,4.799091,2.646733,2.152358,0,0.289764,3682863
pinch,pinch_sweep_size_rand-20260622-195014,TesolloCubePinch,TesolloCubePinch-20260622-195023-cubepinch_sb_none_s1,none,1,2,69,3.45,4.535643,4.802623,4.802623,2.648154,2.154469,0,0.289712,3682863
pinch,pinch_sweep_size_rand-20260622-195014,TesolloCubePinch,TesolloCubePinch-20260622-195023-cubepinch_sb_none_s1,none,1,2,70,3.5,4.535643,4.807118,4.807118,2.650613,2.156506,0,0.289645,3682863
pinch,pinch_sweep_size_rand-20260622-195014,TesolloCubePinch,TesolloCubePinch-20260622-195023-cubepinch_sb_none_s1,none,1,2,71,3.55,4.535643,4.478332,4.478332,2.320818,2.157514,0,0.291608,3682863
pinch,pinch_sweep_size_rand-20260622-195014,TesolloCubePinch,TesolloCubePinch-20260622-195023-cubepinch_sb_none_s1,none,1,2,72,3.6,4.535643,4.811537,4.811537,2.651506,2.160031,0,0.289579,3682863
pinch,pinch_sweep_size_rand-20260622-195014,TesolloCubePinch,TesolloCubePinch-20260622-195023-cubepinch_sb_none_s1,none,1,2,73,3.65,4.535643,3.045501,3.045501,0.884165,2.161337,0,0.236685,3682863
pinch,pinch_sweep_size_rand-20260622-195014,TesolloCubePinch,TesolloCubePinch-20260622-195023-cubepinch_sb_none_s1,none,1,2,74,3.7,4.535643,4.816572,4.816572,2.653474,2.163098,0,0.289502,3682863
pinch,pinch_sweep_size_rand-20260622-195014,TesolloCubePinch,TesolloCubePinch-20260622-195023-cubepinch_sb_none_s1,none,1,2,75,3.75,4.535643,4.819153,4.819153,2.655015,2.164139,0,0.289462,3682863
pinch,pinch_sweep_size_rand-20260622-195014,TesolloCubePinch,TesolloCubePinch-20260622-195023-cubepinch_sb_none_s1,none,1,2,76,3.8,4.535643,4.82071,4.82071,2.655332,2.165379,0,0.289437,3682863
pinch,pinch_sweep_size_rand-20260622-195014,TesolloCubePinch,TesolloCubePinch-20260622-195023-cubepinch_sb_none_s1,none,1,2,77,3.85,4.535643,4.823391,4.823391,2.656235,2.167156,0,0.289395,3682863
pinch,pinch_sweep_size_rand-20260622-195014,TesolloCubePinch,TesolloCubePinch-20260622-195023-cubepinch_sb_none_s1,none,1,2,78,3.9,4.535643,4.82386,4.82386,2.656283,2.167578,0,0.289387,3682863
pinch,pinch_sweep_size_rand-20260622-195014,TesolloCubePinch,TesolloCubePinch-20260622-195023-cubepinch_sb_none_s1,none,1,2,79,3.95,4.535643,4.822896,4.822896,2.65573,2.167166,0,0.289403,3682863
pinch,pinch_sweep_size_rand-20260622-195014,TesolloCubePinch,TesolloCubePinch-20260622-200126-cubepinch_sb_none_s2,none,2,0,0,0.0,3.602274,0.0,0.0,0.0,0.0,0,0.055292,3682863
pinch,pinch_sweep_size_rand-20260622-195014,TesolloCubePinch,TesolloCubePinch-20260622-200126-cubepinch_sb_none_s2,none,2,0,1,0.05,3.602274,0.0,0.0,0.0,0.0,0,0.057691,3682863
pinch,pinch_sweep_size_rand-20260622-195014,TesolloCubePinch,TesolloCubePinch-20260622-200126-cubepinch_sb_none_s2,none,2,0,2,0.1,3.602274,3.731849,0.0,3.731849,0.0,0,0.060223,3682863
pinch,pinch_sweep_size_rand-20260622-195014,TesolloCubePinch,TesolloCubePinch-20260622-200126-cubepinch_sb_none_s2,none,2,0,3,0.15,3.602274,3.659126,0.0,3.659126,0.0,0,0.06191,3682863
pinch,pinch_sweep_size_rand-20260622-195014,TesolloCubePinch,TesolloCubePinch-20260622-200126-cubepinch_sb_none_s2,none,2,0,4,0.2,3.602274,4.786136,4.786136,2.994413,1.791723,0,0.233026,3682863
pinch,pinch_sweep_size_rand-20260622-195014,TesolloCubePinch,TesolloCubePinch-20260622-200126-cubepinch_sb_none_s2,none,2,0,5,0.25,3.602274,5.397956,5.397956,3.591614,1.806342,0,0.179536,3682863
pinch,pinch_sweep_size_rand-20260622-195014,TesolloCubePinch,TesolloCubePinch-20260622-200126-cubepinch_sb_none_s2,none,2,0,6,0.3,3.602274,4.989749,4.989749,2.935479,2.054271,0,0.216353,3682863
pinch,pinch_sweep_size_rand-20260622-195014,TesolloCubePinch,TesolloCubePinch-20260622-200126-cubepinch_sb_none_s2,none,2,0,7,0.35,3.602274,4.487824,4.487824,2.849005,1.63882,0,0.256183,3682863
pinch,pinch_sweep_size_rand-20260622-195014,TesolloCubePinch,TesolloCubePinch-20260622-200126-cubepinch_sb_none_s2,none,2,0,8,0.4,3.602274,4.497016,4.497016,2.839067,1.657949,0,0.255724,3682863
pinch,pinch_sweep_size_rand-20260622-195014,TesolloCubePinch,TesolloCubePinch-20260622-200126-cubepinch_sb_none_s2,none,2,0,9,0.45,3.602274,4.145504,4.145504,2.102906,2.042598,0,0.276604,3682863
pinch,pinch_sweep_size_rand-20260622-195014,TesolloCubePinch,TesolloCubePinch-20260622-200126-cubepinch_sb_none_s2,none,2,0,10,0.5,3.602274,4.68285,4.68285,2.877501,1.80535,0,0.242487,3682863
pinch,pinch_sweep_size_rand-20260622-195014,TesolloCubePinch,TesolloCubePinch-20260622-200126-cubepinch_sb_none_s2,none,2,0,11,0.55,3.602274,4.621138,4.621138,2.878546,1.742592,0,0.247237,3682863
pinch,pinch_sweep_size_rand-20260622-195014,TesolloCubePinch,TesolloCubePinch-20260622-200126-cubepinch_sb_none_s2,none,2,0,12,0.6,3.602274,4.601984,4.601984,2.857973,1.74401,0,0.248773,3682863
pinch,pinch_sweep_size_rand-20260622-195014,TesolloCubePinch,TesolloCubePinch-20260622-200126-cubepinch_sb_none_s2,none,2,0,13,0.65,3.602274,4.134483,4.134483,2.834677,1.299806,0,0.277201,3682863
pinch,pinch_sweep_size_rand-20260622-195014,TesolloCubePinch,TesolloCubePinch-20260622-200126-cubepinch_sb_none_s2,none,2,0,14,0.7,3.602274,4.57023,4.57023,2.812274,1.757955,0,0.25126,3682863
pinch,pinch_sweep_size_rand-20260622-195014,TesolloCubePinch,TesolloCubePinch-20260622-200126-cubepinch_sb_none_s2,none,2,0,15,0.75,3.602274,4.562781,4.562781,2.790994,1.771787,0,0.251872,3682863
pinch,pinch_sweep_size_rand-20260622-195014,TesolloCubePinch,TesolloCubePinch-20260622-200126-cubepinch_sb_none_s2,none,2,0,16,0.8,3.602274,4.538392,4.538392,2.772947,1.765444,0,0.253656,3682863
pinch,pinch_sweep_size_rand-20260622-195014,TesolloCubePinch,TesolloCubePinch-20260622-200126-cubepinch_sb_none_s2,none,2,0,17,0.85,3.602274,4.534554,4.534554,2.758403,1.77615,0,0.253988,3682863
pinch,pinch_sweep_size_rand-20260622-195014,TesolloCubePinch,TesolloCubePinch-20260622-200126-cubepinch_sb_none_s2,none,2,0,18,0.9,3.602274,3.67906,3.67906,1.882419,1.796641,0,0.289501,3682863
pinch,pinch_sweep_size_rand-20260622-195014,TesolloCubePinch,TesolloCubePinch-20260622-200126-cubepinch_sb_none_s2,none,2,0,19,0.95,3.602274,4.540487,4.540487,2.73749,1.802997,0,0.253626,3682863
pinch,pinch_sweep_size_rand-20260622-195014,TesolloCubePinch,TesolloCubePinch-20260622-200126-cubepinch_sb_none_s2,none,2,0,20,1.0,3.602274,4.198489,4.198489,2.105022,2.093467,0,0.274536,3682863
pinch,pinch_sweep_size_rand-20260622-195014,TesolloCubePinch,TesolloCubePinch-20260622-200126-cubepinch_sb_none_s2,none,2,0,21,1.05,3.602274,4.548211,4.548211,2.722712,1.825499,0,0.253143,3682863
pinch,pinch_sweep_size_rand-20260622-195014,TesolloCubePinch,TesolloCubePinch-20260622-200126-cubepinch_sb_none_s2,none,2,0,22,1.1,3.602274,4.555711,4.555711,2.71657,1.839141,0,0.252628,3682863
pinch,pinch_sweep_size_rand-20260622-195014,TesolloCubePinch,TesolloCubePinch-20260622-200126-cubepinch_sb_none_s2,none,2,0,23,1.15,3.602274,3.337498,3.337498,2.722889,0.614609,0,0.286778,3682863
pinch,pinch_sweep_size_rand-20260622-195014,TesolloCubePinch,TesolloCubePinch-20260622-200126-cubepinch_sb_none_s2,none,2,0,24,1.2,3.602274,4.437018,4.437018,2.588489,1.848529,0,0.260819,3682863
pinch,pinch_sweep_size_rand-20260622-195014,TesolloCubePinch,TesolloCubePinch-20260622-200126-cubepinch_sb_none_s2,none,2,0,25,1.25,3.602274,4.609883,4.609883,2.750011,1.859872,0,0.248698,3682863
pinch,pinch_sweep_size_rand-20260622-195014,TesolloCubePinch,TesolloCubePinch-20260622-200126-cubepinch_sb_none_s2,none,2,0,26,1.3,3.602274,4.634432,4.634432,2.764904,1.869528,0,0.246866,3682863
pinch,pinch_sweep_size_rand-20260622-195014,TesolloCubePinch,TesolloCubePinch-20260622-200126-cubepinch_sb_none_s2,none,2,0,27,1.35,3.602274,4.65699,4.65699,2.779591,1.877399,0,0.245156,3682863
pinch,pinch_sweep_size_rand-20260622-195014,TesolloCubePinch,TesolloCubePinch-20260622-200126-cubepinch_sb_none_s2,none,2,0,28,1.4,3.602274,4.678321,4.678321,2.793598,1.884723,0,0.243518,3682863
pinch,pinch_sweep_size_rand-20260622-195014,TesolloCubePinch,TesolloCubePinch-20260622-200126-cubepinch_sb_none_s2,none,2,0,29,1.45,3.602274,4.503549,4.503549,2.340207,2.163341,0,0.256384,3682863
pinch,pinch_sweep_size_rand-20260622-195014,TesolloCubePinch,TesolloCubePinch-20260622-200126-cubepinch_sb_none_s2,none,2,0,30,1.5,3.602274,4.710369,4.710369,2.818261,1.892108,0,0.241014,3682863
pinch,pinch_sweep_size_rand-20260622-195014,TesolloCubePinch,TesolloCubePinch-20260622-200126-cubepinch_sb_none_s2,none,2,0,31,1.55,3.602274,4.735919,4.735919,2.827869,1.90805,0,0.238992,3682863
pinch,pinch_sweep_size_rand-20260622-195014,TesolloCubePinch,TesolloCubePinch-20260622-200126-cubepinch_sb_none_s2,none,2,0,32,1.6,3.602274,4.748272,4.748272,2.828925,1.919347,0,0.238008,3682863
pinch,pinch_sweep_size_rand-20260622-195014,TesolloCubePinch,TesolloCubePinch-20260622-200126-cubepinch_sb_none_s2,none,2,0,33,1.65,3.602274,4.757254,4.757254,2.82902,1.928234,0,0.23729,3682863
pinch,pinch_sweep_size_rand-20260622-195014,TesolloCubePinch,TesolloCubePinch-20260622-200126-cubepinch_sb_none_s2,none,2,0,34,1.7,3.602274,4.737076,4.737076,2.886392,1.850684,0,0.23892,3682863
pinch,pinch_sweep_size_rand-20260622-195014,TesolloCubePinch,TesolloCubePinch-20260622-200126-cubepinch_sb_none_s2,none,2,0,35,1.75,3.602274,4.772023,4.772023,2.828819,1.943203,0,0.236103,3682863
pinch,pinch_sweep_size_rand-20260622-195014,TesolloCubePinch,TesolloCubePinch-20260622-200126-cubepinch_sb_none_s2,none,2,0,36,1.8,3.602274,4.777924,4.777924,2.828347,1.949576,0,0.235627,3682863
pinch,pinch_sweep_size_rand-20260622-195014,TesolloCubePinch,TesolloCubePinch-20260622-200126-cubepinch_sb_none_s2,none,2,0,37,1.85,3.602274,5.277645,5.277645,2.827996,2.449649,0,0.191932,3682863
pinch,pinch_sweep_size_rand-20260622-195014,TesolloCubePinch,TesolloCubePinch-20260622-200126-cubepinch_sb_none_s2,none,2,0,38,1.9,3.602274,7.432635,7.432635,2.593511,4.839125,0,0.058507,3682863
pinch,pinch_sweep_size_rand-20260622-195014,TesolloCubePinch,TesolloCubePinch-20260622-200126-cubepinch_sb_none_s2,none,2,0,39,1.95,3.602274,5.950225,5.950225,2.827478,3.122747,0,0.134004,3682863
pinch,pinch_sweep_size_rand-20260622-195014,TesolloCubePinch,TesolloCubePinch-20260622-200126-cubepinch_sb_none_s2,none,2,0,40,2.0,3.602274,6.591287,6.591287,2.827226,3.764061,0,0.091236,3682863
pinch,pinch_sweep_size_rand-20260622-195014,TesolloCubePinch,TesolloCubePinch-20260622-200126-cubepinch_sb_none_s2,none,2,0,41,2.05,3.602274,5.066557,5.066557,3.091143,1.975413,0,0.210907,3682863
pinch,pinch_sweep_size_rand-20260622-195014,TesolloCubePinch,TesolloCubePinch-20260622-200126-cubepinch_sb_none_s2,none,2,0,42,2.1,3.602274,4.812003,4.812003,2.828701,1.983302,0,0.232849,3682863
pinch,pinch_sweep_size_rand-20260622-195014,TesolloCubePinch,TesolloCubePinch-20260622-200126-cubepinch_sb_none_s2,none,2,0,43,2.15,3.602274,4.822371,4.822371,2.830043,1.992328,0,0.231993,3682863
pinch,pinch_sweep_size_rand-20260622-195014,TesolloCubePinch,TesolloCubePinch-20260622-200126-cubepinch_sb_none_s2,none,2,0,44,2.2,3.602274,4.824348,4.824348,2.830404,1.993945,0,0.231831,3682863
pinch,pinch_sweep_size_rand-20260622-195014,TesolloCubePinch,TesolloCubePinch-20260622-200126-cubepinch_sb_none_s2,none,2,0,45,2.25,3.602274,4.830872,4.830872,2.830925,1.999947,0,0.231291,3682863
pinch,pinch_sweep_size_rand-20260622-195014,TesolloCubePinch,TesolloCubePinch-20260622-200126-cubepinch_sb_none_s2,none,2,0,46,2.3,3.602274,5.103913,5.103913,2.83143,2.272484,0,0.207596,3682863
pinch,pinch_sweep_size_rand-20260622-195014,TesolloCubePinch,TesolloCubePinch-20260622-200126-cubepinch_sb_none_s2,none,2,0,47,2.35,3.602274,4.841695,4.841695,2.832011,2.009685,0,0.230392,3682863
pinch,pinch_sweep_size_rand-20260622-195014,TesolloCubePinch,TesolloCubePinch-20260622-200126-cubepinch_sb_none_s2,none,2,0,48,2.4,3.602274,5.156024,5.156024,2.854286,2.301739,0,0.202933,3682863
pinch,pinch_sweep_size_rand-20260622-195014,TesolloCubePinch,TesolloCubePinch-20260622-200126-cubepinch_sb_none_s2,none,2,0,49,2.45,3.602274,4.850497,4.850497,2.832041,2.018456,0,0.229658,3682863
pinch,pinch_sweep_size_rand-20260622-195014,TesolloCubePinch,TesolloCubePinch-20260622-200126-cubepinch_sb_none_s2,none,2,0,50,2.5,3.602274,4.854651,4.854651,2.832124,2.022527,0,0.22931,3682863
pinch,pinch_sweep_size_rand-20260622-195014,TesolloCubePinch,TesolloCubePinch-20260622-200126-cubepinch_sb_none_s2,none,2,0,51,2.55,3.602274,4.858397,4.858397,2.831917,2.02648,0,0.228997,3682863
pinch,pinch_sweep_size_rand-20260622-195014,TesolloCubePinch,TesolloCubePinch-20260622-200126-cubepinch_sb_none_s2,none,2,0,52,2.6,3.602274,5.122662,5.122662,2.83195,2.290712,0,0.205932,3682863
pinch,pinch_sweep_size_rand-20260622-195014,TesolloCubePinch,TesolloCubePinch-20260622-200126-cubepinch_sb_none_s2,none,2,0,53,2.65,3.602274,4.86482,4.86482,2.831497,2.033323,0,0.228458,3682863
pinch,pinch_sweep_size_rand-20260622-195014,TesolloCubePinch,TesolloCubePinch-20260622-200126-cubepinch_sb_none_s2,none,2,0,54,2.7,3.602274,4.867301,4.867301,2.831484,2.035817,0,0.22825,3682863
pinch,pinch_sweep_size_rand-20260622-195014,TesolloCubePinch,TesolloCubePinch-20260622-200126-cubepinch_sb_none_s2,none,2,0,55,2.75,3.602274,4.872243,4.872243,2.830986,2.041258,0,0.227833,3682863
pinch,pinch_sweep_size_rand-20260622-195014,TesolloCubePinch,TesolloCubePinch-20260622-200126-cubepinch_sb_none_s2,none,2,0,56,2.8,3.602274,4.875624,4.875624,2.829495,2.046129,0,0.227548,3682863
pinch,pinch_sweep_size_rand-20260622-195014,TesolloCubePinch,TesolloCubePinch-20260622-200126-cubepinch_sb_none_s2,none,2,0,57,2.85,3.602274,4.877492,4.877492,2.826832,2.05066,0,0.22739,3682863
pinch,pinch_sweep_size_rand-20260622-195014,TesolloCubePinch,TesolloCubePinch-20260622-200126-cubepinch_sb_none_s2,none,2,0,58,2.9,3.602274,4.882124,4.882124,2.827693,2.054431,0,0.226998,3682863
pinch,pinch_sweep_size_rand-20260622-195014,TesolloCubePinch,TesolloCubePinch-20260622-200126-cubepinch_sb_none_s2,none,2,0,59,2.95,3.602274,4.886699,4.886699,2.828224,2.058475,0,0.22661,3682863
pinch,pinch_sweep_size_rand-20260622-195014,TesolloCubePinch,TesolloCubePinch-20260622-200126-cubepinch_sb_none_s2,none,2,0,60,3.0,3.602274,4.889759,4.889759,2.827312,2.062447,0,0.226351,3682863
pinch,pinch_sweep_size_rand-20260622-195014,TesolloCubePinch,TesolloCubePinch-20260622-200126-cubepinch_sb_none_s2,none,2,0,61,3.05,3.602274,4.89326,4.89326,2.826862,2.066398,0,0.226053,3682863
pinch,pinch_sweep_size_rand-20260622-195014,TesolloCubePinch,TesolloCubePinch-20260622-200126-cubepinch_sb_none_s2,none,2,0,62,3.1,3.602274,4.861837,4.861837,2.563982,2.297856,0,0.228718,3682863
pinch,pinch_sweep_size_rand-20260622-195014,TesolloCubePinch,TesolloCubePinch-20260622-200126-cubepinch_sb_none_s2,none,2,0,63,3.15,3.602274,4.898274,4.898274,2.82473,2.073544,0,0.225627,3682863
pinch,pinch_sweep_size_rand-20260622-195014,TesolloCubePinch,TesolloCubePinch-20260622-200126-cubepinch_sb_none_s2,none,2,0,64,3.2,3.602274,4.901343,4.901343,2.823993,2.07735,0,0.225365,3682863
pinch,pinch_sweep_size_rand-20260622-195014,TesolloCubePinch,TesolloCubePinch-20260622-200126-cubepinch_sb_none_s2,none,2,0,65,3.25,3.602274,4.903489,4.903489,2.822339,2.08115,0,0.225182,3682863
pinch,pinch_sweep_size_rand-20260622-195014,TesolloCubePinch,TesolloCubePinch-20260622-200126-cubepinch_sb_none_s2,none,2,0,66,3.3,3.602274,3.514544,3.514544,2.819255,0.695289,0,0.289718,3682863
pinch,pinch_sweep_size_rand-20260622-195014,TesolloCubePinch,TesolloCubePinch-20260622-200126-cubepinch_sb_none_s2,none,2,0,67,3.35,3.602274,4.90506,4.90506,2.816174,2.088886,0,0.225048,3682863
pinch,pinch_sweep_size_rand-20260622-195014,TesolloCubePinch,TesolloCubePinch-20260622-200126-cubepinch_sb_none_s2,none,2,0,68,3.4,3.602274,3.980774,3.980774,1.88826,2.092514,0,0.283785,3682863
pinch,pinch_sweep_size_rand-20260622-195014,TesolloCubePinch,TesolloCubePinch-20260622-200126-cubepinch_sb_none_s2,none,2,0,69,3.45,3.602274,4.867609,4.867609,2.818797,2.048812,0,0.228232,3682863
pinch,pinch_sweep_size_rand-20260622-195014,TesolloCubePinch,TesolloCubePinch-20260622-200126-cubepinch_sb_none_s2,none,2,0,70,3.5,3.602274,3.988569,3.988569,1.889487,2.099082,0,0.283527,3682863
pinch,pinch_sweep_size_rand-20260622-195014,TesolloCubePinch,TesolloCubePinch-20260622-200126-cubepinch_sb_none_s2,none,2,0,71,3.55,3.602274,4.919455,4.919455,2.816948,2.102507,0,0.223815,3682863
pinch,pinch_sweep_size_rand-20260622-195014,TesolloCubePinch,TesolloCubePinch-20260622-200126-cubepinch_sb_none_s2,none,2,0,72,3.6,3.602274,5.545827,5.545827,2.815464,2.730363,0,0.167952,3682863
pinch,pinch_sweep_size_rand-20260622-195014,TesolloCubePinch,TesolloCubePinch-20260622-200126-cubepinch_sb_none_s2,none,2,0,73,3.65,3.602274,4.923796,4.923796,2.815466,2.108329,0,0.223441,3682863
pinch,pinch_sweep_size_rand-20260622-195014,TesolloCubePinch,TesolloCubePinch-20260622-200126-cubepinch_sb_none_s2,none,2,0,74,3.7,3.602274,3.519383,3.519383,2.81571,0.703673,0,0.289755,3682863
pinch,pinch_sweep_size_rand-20260622-195014,TesolloCubePinch,TesolloCubePinch-20260622-200126-cubepinch_sb_none_s2,none,2,0,75,3.75,3.602274,4.929375,4.929375,2.816758,2.112617,0,0.222961,3682863
pinch,pinch_sweep_size_rand-20260622-195014,TesolloCubePinch,TesolloCubePinch-20260622-200126-cubepinch_sb_none_s2,none,2,0,76,3.8,3.602274,4.928658,4.928658,2.810593,2.118065,0,0.223023,3682863
pinch,pinch_sweep_size_rand-20260622-195014,TesolloCubePinch,TesolloCubePinch-20260622-200126-cubepinch_sb_none_s2,none,2,0,77,3.85,3.602274,4.930689,4.930689,2.809926,2.120763,0,0.222847,3682863
pinch,pinch_sweep_size_rand-20260622-195014,TesolloCubePinch,TesolloCubePinch-20260622-200126-cubepinch_sb_none_s2,none,2,0,78,3.9,3.602274,4.932553,4.932553,2.808903,2.12365,0,0.222686,3682863
pinch,pinch_sweep_size_rand-20260622-195014,TesolloCubePinch,TesolloCubePinch-20260622-200126-cubepinch_sb_none_s2,none,2,0,79,3.95,3.602274,4.849573,4.849573,2.580419,2.269155,0,0.229751,3682863
pinch,pinch_sweep_size_rand-20260622-195014,TesolloCubePinch,TesolloCubePinch-20260622-200126-cubepinch_sb_none_s2,none,2,1,0,0.0,4.276002,0.0,0.0,0.0,0.0,0,0.054732,3682863
pinch,pinch_sweep_size_rand-20260622-195014,TesolloCubePinch,TesolloCubePinch-20260622-200126-cubepinch_sb_none_s2,none,2,1,1,0.05,4.276002,0.0,0.0,0.0,0.0,0,0.056977,3682863
pinch,pinch_sweep_size_rand-20260622-195014,TesolloCubePinch,TesolloCubePinch-20260622-200126-cubepinch_sb_none_s2,none,2,1,2,0.1,4.276002,2.918853,0.0,2.918853,0.0,0,0.059426,3682863
pinch,pinch_sweep_size_rand-20260622-195014,TesolloCubePinch,TesolloCubePinch-20260622-200126-cubepinch_sb_none_s2,none,2,1,3,0.15,4.276002,2.936011,0.0,2.936011,0.0,0,0.060626,3682863
pinch,pinch_sweep_size_rand-20260622-195014,TesolloCubePinch,TesolloCubePinch-20260622-200126-cubepinch_sb_none_s2,none,2,1,4,0.2,4.276002,2.932931,0.0,2.932931,0.0,0,0.062017,3682863
pinch,pinch_sweep_size_rand-20260622-195014,TesolloCubePinch,TesolloCubePinch-20260622-200126-cubepinch_sb_none_s2,none,2,1,5,0.25,4.276002,3.258622,0.0,3.258622,0.0,0,0.063235,3682863
pinch,pinch_sweep_size_rand-20260622-195014,TesolloCubePinch,TesolloCubePinch-20260622-200126-cubepinch_sb_none_s2,none,2,1,6,0.3,4.276002,3.271697,3.271697,2.008386,1.26331,0,0.258744,3682863
pinch,pinch_sweep_size_rand-20260622-195014,TesolloCubePinch,TesolloCubePinch-20260622-200126-cubepinch_sb_none_s2,none,2,1,7,0.35,4.276002,3.707548,0.0,3.707548,0.0,0,0.06408,3682863
pinch,pinch_sweep_size_rand-20260622-195014,TesolloCubePinch,TesolloCubePinch-20260622-200126-cubepinch_sb_none_s2,none,2,1,8,0.4,4.276002,3.667849,3.667849,2.308117,1.359732,0,0.277884,3682863
pinch,pinch_sweep_size_rand-20260622-195014,TesolloCubePinch,TesolloCubePinch-20260622-200126-cubepinch_sb_none_s2,none,2,1,9,0.45,4.276002,4.370685,4.370685,2.748592,1.622093,0,0.28935,3682863
pinch,pinch_sweep_size_rand-20260622-195014,TesolloCubePinch,TesolloCubePinch-20260622-200126-cubepinch_sb_none_s2,none,2,1,10,0.5,4.276002,4.276301,4.276301,2.723796,1.552505,0,0.28965,3682863
pinch,pinch_sweep_size_rand-20260622-195014,TesolloCubePinch,TesolloCubePinch-20260622-200126-cubepinch_sb_none_s2,none,2,1,11,0.55,4.276002,4.285379,4.285379,2.724479,1.5609,0,0.289714,3682863
pinch,pinch_sweep_size_rand-20260622-195014,TesolloCubePinch,TesolloCubePinch-20260622-200126-cubepinch_sb_none_s2,none,2,1,12,0.6,4.276002,4.70789,4.70789,2.732978,1.974912,0,0.284048,3682863
pinch,pinch_sweep_size_rand-20260622-195014,TesolloCubePinch,TesolloCubePinch-20260622-200126-cubepinch_sb_none_s2,none,2,1,13,0.65,4.276002,4.347755,4.347755,2.706609,1.641146,0,0.289781,3682863
pinch,pinch_sweep_size_rand-20260622-195014,TesolloCubePinch,TesolloCubePinch-20260622-200126-cubepinch_sb_none_s2,none,2,1,14,0.7,4.276002,4.752791,4.752791,2.680859,2.071932,0,0.282993,3682863
pinch,pinch_sweep_size_rand-20260622-195014,TesolloCubePinch,TesolloCubePinch-20260622-200126-cubepinch_sb_none_s2,none,2,1,15,0.75,4.276002,4.334995,4.334995,2.656767,1.678228,0,0.290001,3682863
pinch,pinch_sweep_size_rand-20260622-195014,TesolloCubePinch,TesolloCubePinch-20260622-200126-cubepinch_sb_none_s2,none,2,1,16,0.8,4.276002,3.494113,3.494113,1.798762,1.695352,0,0.271661,3682863
pinch,pinch_sweep_size_rand-20260622-195014,TesolloCubePinch,TesolloCubePinch-20260622-200126-cubepinch_sb_none_s2,none,2,1,17,0.85,4.276002,4.321279,4.321279,2.61894,1.702339,0,0.290155,3682863
pinch,pinch_sweep_size_rand-20260622-195014,TesolloCubePinch,TesolloCubePinch-20260622-200126-cubepinch_sb_none_s2,none,2,1,18,0.9,4.276002,4.131488,4.131488,2.41498,1.716508,0,0.289622,3682863
pinch,pinch_sweep_size_rand-20260622-195014,TesolloCubePinch,TesolloCubePinch-20260622-200126-cubepinch_sb_none_s2,none,2,1,19,0.95,4.276002,4.814361,4.814361,2.59601,2.21835,0,0.281361,3682863
pinch,pinch_sweep_size_rand-20260622-195014,TesolloCubePinch,TesolloCubePinch-20260622-200126-cubepinch_sb_none_s2,none,2,1,20,1.0,4.276002,4.332508,4.332508,2.588512,1.743996,0,0.290241,3682863
pinch,pinch_sweep_size_rand-20260622-195014,TesolloCubePinch,TesolloCubePinch-20260622-200126-cubepinch_sb_none_s2,none,2,1,21,1.05,4.276002,4.341456,4.341456,2.58271,1.758746,0,0.290242,3682863
pinch,pinch_sweep_size_rand-20260622-195014,TesolloCubePinch,TesolloCubePinch-20260622-200126-cubepinch_sb_none_s2,none,2,1,22,1.1,4.276002,4.357872,4.357872,2.578183,1.779688,0,0.290193,3682863
pinch,pinch_sweep_size_rand-20260622-195014,TesolloCubePinch,TesolloCubePinch-20260622-200126-cubepinch_sb_none_s2,none,2,1,23,1.15,4.276002,3.783291,3.783291,2.574636,1.208655,0,0.282879,3682863
pinch,pinch_sweep_size_rand-20260622-195014,TesolloCubePinch,TesolloCubePinch-20260622-200126-cubepinch_sb_none_s2,none,2,1,24,1.2,4.276002,6.289546,6.289546,2.569077,3.720469,0,0.19047,3682863
pinch,pinch_sweep_size_rand-20260622-195014,TesolloCubePinch,TesolloCubePinch-20260622-200126-cubepinch_sb_none_s2,none,2,1,25,1.25,4.276002,4.25933,4.25933,2.444988,1.814342,0,0.290443,3682863
pinch,pinch_sweep_size_rand-20260622-195014,TesolloCubePinch,TesolloCubePinch-20260622-200126-cubepinch_sb_none_s2,none,2,1,26,1.3,4.276002,4.42367,4.42367,2.596112,1.827558,0,0.28978,3682863
pinch,pinch_sweep_size_rand-20260622-195014,TesolloCubePinch,TesolloCubePinch-20260622-200126-cubepinch_sb_none_s2,none,2,1,27,1.35,4.276002,3.590395,3.590395,1.751806,1.83859,0,0.276108,3682863
pinch,pinch_sweep_size_rand-20260622-195014,TesolloCubePinch,TesolloCubePinch-20260622-200126-cubepinch_sb_none_s2,none,2,1,28,1.4,4.276002,4.466143,4.466143,2.628575,1.837568,0,0.289338,3682863
pinch,pinch_sweep_size_rand-20260622-195014,TesolloCubePinch,TesolloCubePinch-20260622-200126-cubepinch_sb_none_s2,none,2,1,29,1.45,4.276002,4.49024,4.49024,2.645772,1.844467,0,0.289048,3682863
pinch,pinch_sweep_size_rand-20260622-195014,TesolloCubePinch,TesolloCubePinch-20260622-200126-cubepinch_sb_none_s2,none,2,1,30,1.5,4.276002,4.52039,4.52039,2.662353,1.858037,0,0.288626,3682863
pinch,pinch_sweep_size_rand-20260622-195014,TesolloCubePinch,TesolloCubePinch-20260622-200126-cubepinch_sb_none_s2,none,2,1,31,1.55,4.276002,4.550035,4.550035,2.678036,1.871999,0,0.288154,3682863
pinch,pinch_sweep_size_rand-20260622-195014,TesolloCubePinch,TesolloCubePinch-20260622-200126-cubepinch_sb_none_s2,none,2,1,32,1.6,4.276002,4.578642,4.578642,2.692494,1.886149,0,0.287647,3682863
pinch,pinch_sweep_size_rand-20260622-195014,TesolloCubePinch,TesolloCubePinch-20260622-200126-cubepinch_sb_none_s2,none,2,1,33,1.65,4.276002,4.599532,4.599532,2.699144,1.900388,0,0.287246,3682863
pinch,pinch_sweep_size_rand-20260622-195014,TesolloCubePinch,TesolloCubePinch-20260622-200126-cubepinch_sb_none_s2,none,2,1,34,1.7,4.276002,4.617221,4.617221,2.439897,2.177324,1,0.786887,3682863
pinch,pinch_sweep_size_rand-20260622-195014,TesolloCubePinch,TesolloCubePinch-20260622-200126-cubepinch_sb_none_s2,none,2,1,35,1.75,4.276002,5.087731,5.087731,2.70634,2.381392,0,0.270623,3682863
pinch,pinch_sweep_size_rand-20260622-195014,TesolloCubePinch,TesolloCubePinch-20260622-200126-cubepinch_sb_none_s2,none,2,1,36,1.8,4.276002,4.615635,4.615635,2.709433,1.906202,0,0.28692,3682863
pinch,pinch_sweep_size_rand-20260622-195014,TesolloCubePinch,TesolloCubePinch-20260622-200126-cubepinch_sb_none_s2,none,2,1,37,1.85,4.276002,6.793113,6.793113,2.712355,4.080758,0,0.153104,3682863
pinch,pinch_sweep_size_rand-20260622-195014,TesolloCubePinch,TesolloCubePinch-20260622-200126-cubepinch_sb_none_s2,none,2,1,38,1.9,4.276002,6.082083,6.082083,4.147686,1.934397,0,0.206324,3682863
pinch,pinch_sweep_size_rand-20260622-195014,TesolloCubePinch,TesolloCubePinch-20260622-200126-cubepinch_sb_none_s2,none,2,1,39,1.95,4.276002,4.661304,4.661304,2.718157,1.943147,0,0.285916,3682863
pinch,pinch_sweep_size_rand-20260622-195014,TesolloCubePinch,TesolloCubePinch-20260622-200126-cubepinch_sb_none_s2,none,2,1,40,2.0,4.276002,2.853735,2.853735,0.903875,1.949861,0,0.23433,3682863
pinch,pinch_sweep_size_rand-20260622-195014,TesolloCubePinch,TesolloCubePinch-20260622-200126-cubepinch_sb_none_s2,none,2,1,41,2.05,4.276002,4.680097,4.680097,2.723602,1.956495,0,0.285467,3682863
pinch,pinch_sweep_size_rand-20260622-195014,TesolloCubePinch,TesolloCubePinch-20260622-200126-cubepinch_sb_none_s2,none,2,1,42,2.1,4.276002,4.688209,4.688209,2.726094,1.962115,0,0.285266,3682863
pinch,pinch_sweep_size_rand-20260622-195014,TesolloCubePinch,TesolloCubePinch-20260622-200126-cubepinch_sb_none_s2,none,2,1,43,2.15,4.276002,4.445967,4.445967,2.478542,1.967425,0,0.289655,3682863
pinch,pinch_sweep_size_rand-20260622-195014,TesolloCubePinch,TesolloCubePinch-20260622-200126-cubepinch_sb_none_s2,none,2,1,44,2.2,4.276002,5.924098,5.924098,2.730487,3.193611,0,0.218142,3682863
pinch,pinch_sweep_size_rand-20260622-195014,TesolloCubePinch,TesolloCubePinch-20260622-200126-cubepinch_sb_none_s2,none,2,1,45,2.25,4.276002,4.710719,4.710719,2.733163,1.977556,0,0.28469,3682863
pinch,pinch_sweep_size_rand-20260622-195014,TesolloCubePinch,TesolloCubePinch-20260622-200126-cubepinch_sb_none_s2,none,2,1,46,2.3,4.276002,4.716583,4.716583,2.733799,1.982784,0,0.284535,3682863
pinch,pinch_sweep_size_rand-20260622-195014,TesolloCubePinch,TesolloCubePinch-20260622-200126-cubepinch_sb_none_s2,none,2,1,47,2.35,4.276002,4.722879,4.722879,2.736572,1.986308,0,0.284366,3682863
pinch,pinch_sweep_size_rand-20260622-195014,TesolloCubePinch,TesolloCubePinch-20260622-200126-cubepinch_sb_none_s2,none,2,1,48,2.4,4.276002,4.728865,4.728865,2.738285,1.99058,0,0.284203,3682863
pinch,pinch_sweep_size_rand-20260622-195014,TesolloCubePinch,TesolloCubePinch-20260622-200126-cubepinch_sb_none_s2,none,2,1,49,2.45,4.276002,4.734317,4.734317,2.739809,1.994508,0,0.284054,3682863
pinch,pinch_sweep_size_rand-20260622-195014,TesolloCubePinch,TesolloCubePinch-20260622-200126-cubepinch_sb_none_s2,none,2,1,50,2.5,4.276002,4.740537,4.740537,2.741362,1.999174,0,0.28388,3682863
pinch,pinch_sweep_size_rand-20260622-195014,TesolloCubePinch,TesolloCubePinch-20260622-200126-cubepinch_sb_none_s2,none,2,1,51,2.55,4.276002,5.770926,5.770926,3.769063,2.001863,0,0.22926,3682863
pinch,pinch_sweep_size_rand-20260622-195014,TesolloCubePinch,TesolloCubePinch-20260622-200126-cubepinch_sb_none_s2,none,2,1,52,2.6,4.276002,4.749631,4.749631,2.743509,2.006122,0,0.283624,3682863
pinch,pinch_sweep_size_rand-20260622-195014,TesolloCubePinch,TesolloCubePinch-20260622-200126-cubepinch_sb_none_s2,none,2,1,53,2.65,4.276002,4.754369,4.754369,2.744649,2.009719,0,0.283488,3682863
pinch,pinch_sweep_size_rand-20260622-195014,TesolloCubePinch,TesolloCubePinch-20260622-200126-cubepinch_sb_none_s2,none,2,1,54,2.7,4.276002,4.556155,4.556155,2.296229,2.259926,0,0.288133,3682863
pinch,pinch_sweep_size_rand-20260622-195014,TesolloCubePinch,TesolloCubePinch-20260622-200126-cubepinch_sb_none_s2,none,2,1,55,2.75,4.276002,4.764664,4.764664,2.746259,2.018405,0,0.283187,3682863
pinch,pinch_sweep_size_rand-20260622-195014,TesolloCubePinch,TesolloCubePinch-20260622-200126-cubepinch_sb_none_s2,none,2,1,56,2.8,4.276002,4.769813,4.769813,2.747095,2.022718,0,0.283035,3682863
pinch,pinch_sweep_size_rand-20260622-195014,TesolloCubePinch,TesolloCubePinch-20260622-200126-cubepinch_sb_none_s2,none,2,1,57,2.85,4.276002,6.574409,6.574409,2.747556,3.826854,0,0.169132,3682863
pinch,pinch_sweep_size_rand-20260622-195014,TesolloCubePinch,TesolloCubePinch-20260622-200126-cubepinch_sb_none_s2,none,2,1,58,2.9,4.276002,4.77791,4.77791,2.746259,2.031651,0,0.282793,3682863
pinch,pinch_sweep_size_rand-20260622-195014,TesolloCubePinch,TesolloCubePinch-20260622-200126-cubepinch_sb_none_s2,none,2,1,59,2.95,4.276002,4.782268,4.782268,2.746855,2.035413,0,0.28266,3682863
pinch,pinch_sweep_size_rand-20260622-195014,TesolloCubePinch,TesolloCubePinch-20260622-200126-cubepinch_sb_none_s2,none,2,1,60,3.0,4.276002,4.788041,4.788041,2.748649,2.039392,0,0.282483,3682863
pinch,pinch_sweep_size_rand-20260622-195014,TesolloCubePinch,TesolloCubePinch-20260622-200126-cubepinch_sb_none_s2,none,2,1,61,3.05,4.276002,4.790644,4.790644,2.747974,2.04267,0,0.282403,3682863
pinch,pinch_sweep_size_rand-20260622-195014,TesolloCubePinch,TesolloCubePinch-20260622-200126-cubepinch_sb_none_s2,none,2,1,62,3.1,4.276002,4.796625,4.796625,2.749332,2.047294,0,0.282216,3682863
pinch,pinch_sweep_size_rand-20260622-195014,TesolloCubePinch,TesolloCubePinch-20260622-200126-cubepinch_sb_none_s2,none,2,1,63,3.15,4.276002,4.798481,4.798481,2.748317,2.050164,0,0.282159,3682863
pinch,pinch_sweep_size_rand-20260622-195014,TesolloCubePinch,TesolloCubePinch-20260622-200126-cubepinch_sb_none_s2,none,2,1,64,3.2,4.276002,4.80409,4.80409,2.749166,2.054924,0,0.281981,3682863
pinch,pinch_sweep_size_rand-20260622-195014,TesolloCubePinch,TesolloCubePinch-20260622-200126-cubepinch_sb_none_s2,none,2,1,65,3.25,4.276002,3.43574,3.43574,2.749277,0.686464,0,0.269341,3682863
pinch,pinch_sweep_size_rand-20260622-195014,TesolloCubePinch,TesolloCubePinch-20260622-200126-cubepinch_sb_none_s2,none,2,1,66,3.3,4.276002,4.812694,4.812694,2.749661,2.063032,0,0.281705,3682863
pinch,pinch_sweep_size_rand-20260622-195014,TesolloCubePinch,TesolloCubePinch-20260622-200126-cubepinch_sb_none_s2,none,2,1,67,3.35,4.276002,5.04236,5.04236,2.749751,2.292609,0,0.272789,3682863
pinch,pinch_sweep_size_rand-20260622-195014,TesolloCubePinch,TesolloCubePinch-20260622-200126-cubepinch_sb_none_s2,none,2,1,68,3.4,4.276002,4.128962,4.128962,2.748966,1.379996,0,0.289934,3682863
pinch,pinch_sweep_size_rand-20260622-195014,TesolloCubePinch,TesolloCubePinch-20260622-200126-cubepinch_sb_none_s2,none,2,1,69,3.45,4.276002,4.823363,4.823363,2.749134,2.074229,0,0.281358,3682863
pinch,pinch_sweep_size_rand-20260622-195014,TesolloCubePinch,TesolloCubePinch-20260622-200126-cubepinch_sb_none_s2,none,2,1,70,3.5,4.276002,4.824548,4.824548,2.747985,2.076563,0,0.28132,3682863
pinch,pinch_sweep_size_rand-20260622-195014,TesolloCubePinch,TesolloCubePinch-20260622-200126-cubepinch_sb_none_s2,none,2,1,71,3.55,4.276002,4.831245,4.831245,2.750427,2.080818,0,0.281097,3682863
pinch,pinch_sweep_size_rand-20260622-195014,TesolloCubePinch,TesolloCubePinch-20260622-200126-cubepinch_sb_none_s2,none,2,1,72,3.6,4.276002,4.834583,4.834583,2.750657,2.083926,0,0.280985,3682863
pinch,pinch_sweep_size_rand-20260622-195014,TesolloCubePinch,TesolloCubePinch-20260622-200126-cubepinch_sb_none_s2,none,2,1,73,3.65,4.276002,4.833488,4.833488,2.747662,2.085827,0,0.281023,3682863
pinch,pinch_sweep_size_rand-20260622-195014,TesolloCubePinch,TesolloCubePinch-20260622-200126-cubepinch_sb_none_s2,none,2,1,74,3.7,4.276002,4.836651,4.836651,2.747206,2.089445,0,0.280917,3682863
pinch,pinch_sweep_size_rand-20260622-195014,TesolloCubePinch,TesolloCubePinch-20260622-200126-cubepinch_sb_none_s2,none,2,1,75,3.75,4.276002,4.83923,4.83923,2.746832,2.092398,0,0.28083,3682863
pinch,pinch_sweep_size_rand-20260622-195014,TesolloCubePinch,TesolloCubePinch-20260622-200126-cubepinch_sb_none_s2,none,2,1,76,3.8,4.276002,4.841558,4.841558,2.746406,2.095151,0,0.280752,3682863
pinch,pinch_sweep_size_rand-20260622-195014,TesolloCubePinch,TesolloCubePinch-20260622-200126-cubepinch_sb_none_s2,none,2,1,77,3.85,4.276002,4.84468,4.84468,2.746687,2.097992,1,0.780646,3682863
pinch,pinch_sweep_size_rand-20260622-195014,TesolloCubePinch,TesolloCubePinch-20260622-200126-cubepinch_sb_none_s2,none,2,1,78,3.9,4.276002,4.8458,4.8458,2.745358,2.100443,1,0.780608,3682863
pinch,pinch_sweep_size_rand-20260622-195014,TesolloCubePinch,TesolloCubePinch-20260622-200126-cubepinch_sb_none_s2,none,2,1,79,3.95,4.276002,4.847879,4.847879,2.744519,2.10336,1,0.780537,3682863
pinch,pinch_sweep_size_rand-20260622-195014,TesolloCubePinch,TesolloCubePinch-20260622-200126-cubepinch_sb_none_s2,none,2,2,0,0.0,4.535643,0.0,0.0,0.0,0.0,0,0.053974,3682863
pinch,pinch_sweep_size_rand-20260622-195014,TesolloCubePinch,TesolloCubePinch-20260622-200126-cubepinch_sb_none_s2,none,2,2,1,0.05,4.535643,0.0,0.0,0.0,0.0,0,0.056125,3682863
pinch,pinch_sweep_size_rand-20260622-195014,TesolloCubePinch,TesolloCubePinch-20260622-200126-cubepinch_sb_none_s2,none,2,2,2,0.1,4.535643,0.0,0.0,0.0,0.0,0,0.058442,3682863
pinch,pinch_sweep_size_rand-20260622-195014,TesolloCubePinch,TesolloCubePinch-20260622-200126-cubepinch_sb_none_s2,none,2,2,3,0.15,4.535643,3.560209,0.0,3.560209,0.0,0,0.060002,3682863
pinch,pinch_sweep_size_rand-20260622-195014,TesolloCubePinch,TesolloCubePinch-20260622-200126-cubepinch_sb_none_s2,none,2,2,4,0.2,4.535643,2.987067,0.0,2.987067,0.0,0,0.061032,3682863
pinch,pinch_sweep_size_rand-20260622-195014,TesolloCubePinch,TesolloCubePinch-20260622-200126-cubepinch_sb_none_s2,none,2,2,5,0.25,4.535643,0.0,0.0,0.0,0.0,0,0.062304,3682863
pinch,pinch_sweep_size_rand-20260622-195014,TesolloCubePinch,TesolloCubePinch-20260622-200126-cubepinch_sb_none_s2,none,2,2,6,0.3,4.535643,5.829546,5.829546,4.562623,1.266924,0,0.245996,3682863
pinch,pinch_sweep_size_rand-20260622-195014,TesolloCubePinch,TesolloCubePinch-20260622-200126-cubepinch_sb_none_s2,none,2,2,7,0.35,4.535643,4.714901,4.714901,3.748484,0.966417,0,0.28831,3682863
pinch,pinch_sweep_size_rand-20260622-195014,TesolloCubePinch,TesolloCubePinch-20260622-200126-cubepinch_sb_none_s2,none,2,2,8,0.4,4.535643,2.704985,0.0,2.704985,0.0,0,0.064123,3682863
pinch,pinch_sweep_size_rand-20260622-195014,TesolloCubePinch,TesolloCubePinch-20260622-200126-cubepinch_sb_none_s2,none,2,2,9,0.45,4.535643,3.277976,3.277976,2.511933,0.766043,0,0.248842,3682863
pinch,pinch_sweep_size_rand-20260622-195014,TesolloCubePinch,TesolloCubePinch-20260622-200126-cubepinch_sb_none_s2,none,2,2,10,0.5,4.535643,3.535042,3.535042,2.474125,1.060916,0,0.263354,3682863
pinch,pinch_sweep_size_rand-20260622-195014,TesolloCubePinch,TesolloCubePinch-20260622-200126-cubepinch_sb_none_s2,none,2,2,11,0.55,4.535643,2.473304,0.0,2.473304,0.0,0,0.064936,3682863
pinch,pinch_sweep_size_rand-20260622-195014,TesolloCubePinch,TesolloCubePinch-20260622-200126-cubepinch_sb_none_s2,none,2,2,12,0.6,4.535643,3.727253,3.727253,2.483517,1.243736,0,0.272566,3682863
pinch,pinch_sweep_size_rand-20260622-195014,TesolloCubePinch,TesolloCubePinch-20260622-200126-cubepinch_sb_none_s2,none,2,2,13,0.65,4.535643,4.064777,4.064777,2.496583,1.568194,0,0.284501,3682863
pinch,pinch_sweep_size_rand-20260622-195014,TesolloCubePinch,TesolloCubePinch-20260622-200126-cubepinch_sb_none_s2,none,2,2,14,0.7,4.535643,4.394759,4.394759,2.4872,1.907559,0,0.290003,3682863
pinch,pinch_sweep_size_rand-20260622-195014,TesolloCubePinch,TesolloCubePinch-20260622-200126-cubepinch_sb_none_s2,none,2,2,15,0.75,4.535643,4.014378,4.014378,2.467464,1.546914,0,0.283087,3682863
pinch,pinch_sweep_size_rand-20260622-195014,TesolloCubePinch,TesolloCubePinch-20260622-200126-cubepinch_sb_none_s2,none,2,2,16,0.8,4.535643,4.021196,4.021196,2.450338,1.570858,0,0.283305,3682863
pinch,pinch_sweep_size_rand-20260622-195014,TesolloCubePinch,TesolloCubePinch-20260622-200126-cubepinch_sb_none_s2,none,2,2,17,0.85,4.535643,4.028079,4.028079,2.436262,1.591816,0,0.283585,3682863
pinch,pinch_sweep_size_rand-20260622-195014,TesolloCubePinch,TesolloCubePinch-20260622-200126-cubepinch_sb_none_s2,none,2,2,18,0.9,4.535643,4.034537,4.034537,2.424963,1.609575,0,0.283778,3682863
pinch,pinch_sweep_size_rand-20260622-195014,TesolloCubePinch,TesolloCubePinch-20260622-200126-cubepinch_sb_none_s2,none,2,2,19,0.95,4.535643,4.045776,4.045776,2.416438,1.629339,0,0.284144,3682863
pinch,pinch_sweep_size_rand-20260622-195014,TesolloCubePinch,TesolloCubePinch-20260622-200126-cubepinch_sb_none_s2,none,2,2,20,1.0,4.535643,4.062131,4.062131,2.410172,1.651959,0,0.284612,3682863
pinch,pinch_sweep_size_rand-20260622-195014,TesolloCubePinch,TesolloCubePinch-20260622-200126-cubepinch_sb_none_s2,none,2,2,21,1.05,4.535643,4.076536,4.076536,2.40563,1.670906,0,0.284977,3682863
pinch,pinch_sweep_size_rand-20260622-195014,TesolloCubePinch,TesolloCubePinch-20260622-200126-cubepinch_sb_none_s2,none,2,2,22,1.1,4.535643,4.082558,4.082558,2.402386,1.680171,1,0.785158,3682863
pinch,pinch_sweep_size_rand-20260622-195014,TesolloCubePinch,TesolloCubePinch-20260622-200126-cubepinch_sb_none_s2,none,2,2,23,1.15,4.535643,4.103248,4.103248,2.400065,1.703182,1,0.785677,3682863
pinch,pinch_sweep_size_rand-20260622-195014,TesolloCubePinch,TesolloCubePinch-20260622-200126-cubepinch_sb_none_s2,none,2,2,24,1.2,4.535643,4.130168,4.130168,2.398412,1.731756,1,0.786275,3682863
pinch,pinch_sweep_size_rand-20260622-195014,TesolloCubePinch,TesolloCubePinch-20260622-200126-cubepinch_sb_none_s2,none,2,2,25,1.25,4.535643,3.583361,3.583361,1.854875,1.728486,0,0.266728,3682863
pinch,pinch_sweep_size_rand-20260622-195014,TesolloCubePinch,TesolloCubePinch-20260622-200126-cubepinch_sb_none_s2,none,2,2,26,1.3,4.535643,6.140049,6.140049,2.397037,3.743012,0,0.228286,3682863
pinch,pinch_sweep_size_rand-20260622-195014,TesolloCubePinch,TesolloCubePinch-20260622-200126-cubepinch_sb_none_s2,none,2,2,27,1.35,4.535643,4.151951,4.151951,2.39673,1.755221,0,0.286786,3682863
pinch,pinch_sweep_size_rand-20260622-195014,TesolloCubePinch,TesolloCubePinch-20260622-200126-cubepinch_sb_none_s2,none,2,2,28,1.4,4.535643,4.170252,4.170252,2.403056,1.767197,0,0.287165,3682863
pinch,pinch_sweep_size_rand-20260622-195014,TesolloCubePinch,TesolloCubePinch-20260622-200126-cubepinch_sb_none_s2,none,2,2,29,1.45,4.535643,4.186599,4.186599,2.414771,1.771828,0,0.287465,3682863
pinch,pinch_sweep_size_rand-20260622-195014,TesolloCubePinch,TesolloCubePinch-20260622-200126-cubepinch_sb_none_s2,none,2,2,30,1.5,4.535643,4.201172,4.201172,2.427276,1.773896,0,0.287748,3682863
pinch,pinch_sweep_size_rand-20260622-195014,TesolloCubePinch,TesolloCubePinch-20260622-200126-cubepinch_sb_none_s2,none,2,2,31,1.55,4.535643,4.224014,4.224014,2.44113,1.782883,0,0.288158,3682863
pinch,pinch_sweep_size_rand-20260622-195014,TesolloCubePinch,TesolloCubePinch-20260622-200126-cubepinch_sb_none_s2,none,2,2,32,1.6,4.535643,6.226349,6.226349,4.432815,1.793534,0,0.222406,3682863
pinch,pinch_sweep_size_rand-20260622-195014,TesolloCubePinch,TesolloCubePinch-20260622-200126-cubepinch_sb_none_s2,none,2,2,33,1.65,4.535643,4.27494,4.27494,2.469193,1.805748,0,0.288961,3682863
pinch,pinch_sweep_size_rand-20260622-195014,TesolloCubePinch,TesolloCubePinch-20260622-200126-cubepinch_sb_none_s2,none,2,2,34,1.7,4.535643,4.293751,4.293751,2.475622,1.818129,0,0.289219,3682863
pinch,pinch_sweep_size_rand-20260622-195014,TesolloCubePinch,TesolloCubePinch-20260622-200126-cubepinch_sb_none_s2,none,2,2,35,1.75,4.535643,4.312497,4.312497,2.481634,1.830863,0,0.289457,3682863
pinch,pinch_sweep_size_rand-20260622-195014,TesolloCubePinch,TesolloCubePinch-20260622-200126-cubepinch_sb_none_s2,none,2,2,36,1.8,4.535643,4.291718,4.291718,2.48733,1.804388,0,0.289161,3682863
pinch,pinch_sweep_size_rand-20260622-195014,TesolloCubePinch,TesolloCubePinch-20260622-200126-cubepinch_sb_none_s2,none,2,2,37,1.85,4.535643,4.317867,4.317867,2.493026,1.82484,0,0.289503,3682863
pinch,pinch_sweep_size_rand-20260622-195014,TesolloCubePinch,TesolloCubePinch-20260622-200126-cubepinch_sb_none_s2,none,2,2,38,1.9,4.535643,4.412704,4.412704,2.498767,1.913937,0,0.290405,3682863
pinch,pinch_sweep_size_rand-20260622-195014,TesolloCubePinch,TesolloCubePinch-20260622-200126-cubepinch_sb_none_s2,none,2,2,39,1.95,4.535643,4.475615,4.475615,2.504533,1.971081,0,0.290726,3682863
pinch,pinch_sweep_size_rand-20260622-195014,TesolloCubePinch,TesolloCubePinch-20260622-200126-cubepinch_sb_none_s2,none,2,2,40,2.0,4.535643,4.525133,4.525133,2.510209,2.014924,0,0.290821,3682863
pinch,pinch_sweep_size_rand-20260622-195014,TesolloCubePinch,TesolloCubePinch-20260622-200126-cubepinch_sb_none_s2,none,2,2,41,2.05,4.535643,4.556678,4.556678,2.515884,2.040794,0,0.290808,3682863
pinch,pinch_sweep_size_rand-20260622-195014,TesolloCubePinch,TesolloCubePinch-20260622-200126-cubepinch_sb_none_s2,none,2,2,42,2.1,4.535643,4.578308,4.578308,2.521598,2.056709,1,0.790765,3682863
pinch,pinch_sweep_size_rand-20260622-195014,TesolloCubePinch,TesolloCubePinch-20260622-200126-cubepinch_sb_none_s2,none,2,2,43,2.15,4.535643,3.771715,3.771715,1.70587,2.065845,0,0.275002,3682863
pinch,pinch_sweep_size_rand-20260622-195014,TesolloCubePinch,TesolloCubePinch-20260622-200126-cubepinch_sb_none_s2,none,2,2,44,2.2,4.535643,3.223239,3.223239,2.532127,0.691112,0,0.246969,3682863
pinch,pinch_sweep_size_rand-20260622-195014,TesolloCubePinch,TesolloCubePinch-20260622-200126-cubepinch_sb_none_s2,none,2,2,45,2.25,4.535643,4.615622,4.615622,2.537334,2.078287,0,0.29062,3682863
pinch,pinch_sweep_size_rand-20260622-195014,TesolloCubePinch,TesolloCubePinch-20260622-200126-cubepinch_sb_none_s2,none,2,2,46,2.3,4.535643,4.624273,4.624273,2.5422,2.082073,0,0.290573,3682863
pinch,pinch_sweep_size_rand-20260622-195014,TesolloCubePinch,TesolloCubePinch-20260622-200126-cubepinch_sb_none_s2,none,2,2,47,2.35,4.535643,4.57415,4.57415,2.391329,2.182821,0,0.290745,3682863
pinch,pinch_sweep_size_rand-20260622-195014,TesolloCubePinch,TesolloCubePinch-20260622-200126-cubepinch_sb_none_s2,none,2,2,48,2.4,4.535643,4.638575,4.638575,2.551092,2.087483,0,0.290483,3682863
pinch,pinch_sweep_size_rand-20260622-195014,TesolloCubePinch,TesolloCubePinch-20260622-200126-cubepinch_sb_none_s2,none,2,2,49,2.45,4.535643,4.646958,4.646958,2.555903,2.091055,0,0.290427,3682863
pinch,pinch_sweep_size_rand-20260622-195014,TesolloCubePinch,TesolloCubePinch-20260622-200126-cubepinch_sb_none_s2,none,2,2,50,2.5,4.535643,4.653741,4.653741,2.560082,2.09366,0,0.290377,3682863
pinch,pinch_sweep_size_rand-20260622-195014,TesolloCubePinch,TesolloCubePinch-20260622-200126-cubepinch_sb_none_s2,none,2,2,51,2.55,4.535643,4.908132,4.908132,2.564083,2.344048,0,0.286908,3682863
pinch,pinch_sweep_size_rand-20260622-195014,TesolloCubePinch,TesolloCubePinch-20260622-200126-cubepinch_sb_none_s2,none,2,2,52,2.6,4.535643,4.666354,4.666354,2.56744,2.098914,0,0.290276,3682863
pinch,pinch_sweep_size_rand-20260622-195014,TesolloCubePinch,TesolloCubePinch-20260622-200126-cubepinch_sb_none_s2,none,2,2,53,2.65,4.535643,4.671372,4.671372,2.57149,2.099883,0,0.290233,3682863
pinch,pinch_sweep_size_rand-20260622-195014,TesolloCubePinch,TesolloCubePinch-20260622-200126-cubepinch_sb_none_s2,none,2,2,54,2.7,4.535643,4.678342,4.678342,2.576118,2.102225,1,0.790172,3682863
pinch,pinch_sweep_size_rand-20260622-195014,TesolloCubePinch,TesolloCubePinch-20260622-200126-cubepinch_sb_none_s2,none,2,2,55,2.75,4.535643,4.681732,4.681732,2.578018,2.103714,1,0.790138,3682863
pinch,pinch_sweep_size_rand-20260622-195014,TesolloCubePinch,TesolloCubePinch-20260622-200126-cubepinch_sb_none_s2,none,2,2,56,2.8,4.535643,4.684366,4.684366,2.582203,2.102163,1,0.79011,3682863
pinch,pinch_sweep_size_rand-20260622-195014,TesolloCubePinch,TesolloCubePinch-20260622-200126-cubepinch_sb_none_s2,none,2,2,57,2.85,4.535643,4.69073,4.69073,2.584722,2.106009,1,0.79005,3682863
pinch,pinch_sweep_size_rand-20260622-195014,TesolloCubePinch,TesolloCubePinch-20260622-200126-cubepinch_sb_none_s2,none,2,2,58,2.9,4.535643,4.695175,4.695175,2.587701,2.107473,1,0.790005,3682863
pinch,pinch_sweep_size_rand-20260622-195014,TesolloCubePinch,TesolloCubePinch-20260622-200126-cubepinch_sb_none_s2,none,2,2,59,2.95,4.535643,4.699533,4.699533,2.591619,2.107914,1,0.789959,3682863
pinch,pinch_sweep_size_rand-20260622-195014,TesolloCubePinch,TesolloCubePinch-20260622-200126-cubepinch_sb_none_s2,none,2,2,60,3.0,4.535643,4.702473,4.702473,2.592387,2.110085,1,0.789926,3682863
pinch,pinch_sweep_size_rand-20260622-195014,TesolloCubePinch,TesolloCubePinch-20260622-200126-cubepinch_sb_none_s2,none,2,2,61,3.05,4.535643,4.705794,4.705794,2.595093,2.110702,1,0.789888,3682863
pinch,pinch_sweep_size_rand-20260622-195014,TesolloCubePinch,TesolloCubePinch-20260622-200126-cubepinch_sb_none_s2,none,2,2,62,3.1,4.535643,4.709714,4.709714,2.599075,2.11064,1,0.789844,3682863
pinch,pinch_sweep_size_rand-20260622-195014,TesolloCubePinch,TesolloCubePinch-20260622-200126-cubepinch_sb_none_s2,none,2,2,63,3.15,4.535643,4.712358,4.712358,2.599756,2.112601,1,0.789812,3682863
pinch,pinch_sweep_size_rand-20260622-195014,TesolloCubePinch,TesolloCubePinch-20260622-200126-cubepinch_sb_none_s2,none,2,2,64,3.2,4.535643,4.714546,4.714546,2.601002,2.113544,1,0.789785,3682863
pinch,pinch_sweep_size_rand-20260622-195014,TesolloCubePinch,TesolloCubePinch-20260622-200126-cubepinch_sb_none_s2,none,2,2,65,3.25,4.535643,4.71813,4.71813,2.604093,2.114037,1,0.789742,3682863
pinch,pinch_sweep_size_rand-20260622-195014,TesolloCubePinch,TesolloCubePinch-20260622-200126-cubepinch_sb_none_s2,none,2,2,66,3.3,4.535643,5.026301,5.026301,2.605811,2.42049,1,0.78402,3682863
pinch,pinch_sweep_size_rand-20260622-195014,TesolloCubePinch,TesolloCubePinch-20260622-200126-cubepinch_sb_none_s2,none,2,2,67,3.35,4.535643,4.723589,4.723589,2.607936,2.115653,1,0.789674,3682863
pinch,pinch_sweep_size_rand-20260622-195014,TesolloCubePinch,TesolloCubePinch-20260622-200126-cubepinch_sb_none_s2,none,2,2,68,3.4,4.535643,4.493447,4.493447,2.446873,2.046575,1,0.790605,3682863
pinch,pinch_sweep_size_rand-20260622-195014,TesolloCubePinch,TesolloCubePinch-20260622-200126-cubepinch_sb_none_s2,none,2,2,69,3.45,4.535643,5.050481,5.050481,2.611383,2.439097,1,0.783341,3682863
pinch,pinch_sweep_size_rand-20260622-195014,TesolloCubePinch,TesolloCubePinch-20260622-200126-cubepinch_sb_none_s2,none,2,2,70,3.5,4.535643,4.731775,4.731775,2.613845,2.11793,1,0.789569,3682863
pinch,pinch_sweep_size_rand-20260622-195014,TesolloCubePinch,TesolloCubePinch-20260622-200126-cubepinch_sb_none_s2,none,2,2,71,3.55,4.535643,4.73032,4.73032,2.612684,2.117635,1,0.789579,3682863
pinch,pinch_sweep_size_rand-20260622-195014,TesolloCubePinch,TesolloCubePinch-20260622-200126-cubepinch_sb_none_s2,none,2,2,72,3.6,4.535643,3.317148,3.317148,2.611499,0.705649,0,0.252354,3682863
pinch,pinch_sweep_size_rand-20260622-195014,TesolloCubePinch,TesolloCubePinch-20260622-200126-cubepinch_sb_none_s2,none,2,2,73,3.65,4.535643,4.736481,4.736481,2.617321,2.119159,0,0.2895,3682863
pinch,pinch_sweep_size_rand-20260622-195014,TesolloCubePinch,TesolloCubePinch-20260622-200126-cubepinch_sb_none_s2,none,2,2,74,3.7,4.535643,4.738381,4.738381,2.618736,2.119645,0,0.289473,3682863
pinch,pinch_sweep_size_rand-20260622-195014,TesolloCubePinch,TesolloCubePinch-20260622-200126-cubepinch_sb_none_s2,none,2,2,75,3.75,4.535643,4.738847,4.738847,2.618834,2.120013,0,0.289462,3682863
pinch,pinch_sweep_size_rand-20260622-195014,TesolloCubePinch,TesolloCubePinch-20260622-200126-cubepinch_sb_none_s2,none,2,2,76,3.8,4.535643,4.741626,4.741626,2.621282,2.120343,0,0.289425,3682863
pinch,pinch_sweep_size_rand-20260622-195014,TesolloCubePinch,TesolloCubePinch-20260622-200126-cubepinch_sb_none_s2,none,2,2,77,3.85,4.535643,4.743295,4.743295,2.622516,2.120779,0,0.2894,3682863
pinch,pinch_sweep_size_rand-20260622-195014,TesolloCubePinch,TesolloCubePinch-20260622-200126-cubepinch_sb_none_s2,none,2,2,78,3.9,4.535643,4.745139,4.745139,2.624038,2.121101,0,0.289373,3682863
pinch,pinch_sweep_size_rand-20260622-195014,TesolloCubePinch,TesolloCubePinch-20260622-200126-cubepinch_sb_none_s2,none,2,2,79,3.95,4.535643,4.746254,4.746254,2.624819,2.121435,0,0.289355,3682863
pinch,pinch_sweep_size_rand-20260622-195014,TesolloCubePinch,TesolloCubePinch-20260622-201232-cubepinch_sb_none_s3,none,3,0,0,0.0,3.602274,0.0,0.0,0.0,0.0,0,0.055138,3682863
pinch,pinch_sweep_size_rand-20260622-195014,TesolloCubePinch,TesolloCubePinch-20260622-201232-cubepinch_sb_none_s3,none,3,0,1,0.05,3.602274,0.0,0.0,0.0,0.0,0,0.057433,3682863
pinch,pinch_sweep_size_rand-20260622-195014,TesolloCubePinch,TesolloCubePinch-20260622-201232-cubepinch_sb_none_s3,none,3,0,2,0.1,3.602274,3.681198,0.0,3.681198,0.0,0,0.059895,3682863
pinch,pinch_sweep_size_rand-20260622-195014,TesolloCubePinch,TesolloCubePinch-20260622-201232-cubepinch_sb_none_s3,none,3,0,3,0.15,3.602274,3.961,0.0,3.961,0.0,0,0.061429,3682863
pinch,pinch_sweep_size_rand-20260622-195014,TesolloCubePinch,TesolloCubePinch-20260622-201232-cubepinch_sb_none_s3,none,3,0,4,0.2,3.602274,5.742958,5.742958,3.756348,1.986609,0,0.149489,3682863
pinch,pinch_sweep_size_rand-20260622-195014,TesolloCubePinch,TesolloCubePinch-20260622-201232-cubepinch_sb_none_s3,none,3,0,5,0.25,3.602274,6.451559,6.451559,3.074131,3.377428,0,0.097712,3682863
pinch,pinch_sweep_size_rand-20260622-195014,TesolloCubePinch,TesolloCubePinch-20260622-201232-cubepinch_sb_none_s3,none,3,0,6,0.3,3.602274,4.97673,4.97673,2.852383,2.124347,0,0.217611,3682863
pinch,pinch_sweep_size_rand-20260622-195014,TesolloCubePinch,TesolloCubePinch-20260622-201232-cubepinch_sb_none_s3,none,3,0,7,0.35,3.602274,4.338558,4.338558,2.801248,1.53731,0,0.265706,3682863
pinch,pinch_sweep_size_rand-20260622-195014,TesolloCubePinch,TesolloCubePinch-20260622-201232-cubepinch_sb_none_s3,none,3,0,8,0.4,3.602274,2.797367,0.0,2.797367,0.0,0,0.063754,3682863
pinch,pinch_sweep_size_rand-20260622-195014,TesolloCubePinch,TesolloCubePinch-20260622-201232-cubepinch_sb_none_s3,none,3,0,9,0.45,3.602274,4.787493,4.787493,2.806102,1.98139,0,0.234084,3682863
pinch,pinch_sweep_size_rand-20260622-195014,TesolloCubePinch,TesolloCubePinch-20260622-201232-cubepinch_sb_none_s3,none,3,0,10,0.5,3.602274,6.631409,6.631409,4.89223,1.739179,0,0.088265,3682863
pinch,pinch_sweep_size_rand-20260622-195014,TesolloCubePinch,TesolloCubePinch-20260622-201232-cubepinch_sb_none_s3,none,3,0,11,0.55,3.602274,4.563652,4.563652,2.826003,1.737649,0,0.251477,3682863
pinch,pinch_sweep_size_rand-20260622-195014,TesolloCubePinch,TesolloCubePinch-20260622-201232-cubepinch_sb_none_s3,none,3,0,12,0.6,3.602274,4.547804,4.547804,2.796622,1.751183,0,0.252681,3682863
pinch,pinch_sweep_size_rand-20260622-195014,TesolloCubePinch,TesolloCubePinch-20260622-201232-cubepinch_sb_none_s3,none,3,0,13,0.65,3.602274,4.429399,4.429399,2.434492,1.994906,0,0.260886,3682863
pinch,pinch_sweep_size_rand-20260622-195014,TesolloCubePinch,TesolloCubePinch-20260622-201232-cubepinch_sb_none_s3,none,3,0,14,0.7,3.602274,4.916899,4.916899,2.739323,2.177576,0,0.223522,3682863
pinch,pinch_sweep_size_rand-20260622-195014,TesolloCubePinch,TesolloCubePinch-20260622-201232-cubepinch_sb_none_s3,none,3,0,15,0.75,3.602274,4.472056,4.472056,2.714256,1.7578,0,0.258195,3682863
pinch,pinch_sweep_size_rand-20260622-195014,TesolloCubePinch,TesolloCubePinch-20260622-201232-cubepinch_sb_none_s3,none,3,0,16,0.8,3.602274,4.463937,4.463937,2.693371,1.770566,0,0.258806,3682863
pinch,pinch_sweep_size_rand-20260622-195014,TesolloCubePinch,TesolloCubePinch-20260622-201232-cubepinch_sb_none_s3,none,3,0,17,0.85,3.602274,4.453412,4.453412,2.67678,1.776632,0,0.259529,3682863
pinch,pinch_sweep_size_rand-20260622-195014,TesolloCubePinch,TesolloCubePinch-20260622-201232-cubepinch_sb_none_s3,none,3,0,18,0.9,3.602274,4.449265,4.449265,2.663789,1.785475,0,0.259862,3682863
pinch,pinch_sweep_size_rand-20260622-195014,TesolloCubePinch,TesolloCubePinch-20260622-201232-cubepinch_sb_none_s3,none,3,0,19,0.95,3.602274,4.453042,4.453042,2.653539,1.799502,0,0.259653,3682863
pinch,pinch_sweep_size_rand-20260622-195014,TesolloCubePinch,TesolloCubePinch-20260622-201232-cubepinch_sb_none_s3,none,3,0,20,1.0,3.602274,4.462091,4.462091,2.645186,1.816906,0,0.259083,3682863
pinch,pinch_sweep_size_rand-20260622-195014,TesolloCubePinch,TesolloCubePinch-20260622-201232-cubepinch_sb_none_s3,none,3,0,21,1.05,3.602274,4.462311,4.462311,2.638353,1.823958,0,0.259076,3682863
pinch,pinch_sweep_size_rand-20260622-195014,TesolloCubePinch,TesolloCubePinch-20260622-201232-cubepinch_sb_none_s3,none,3,0,22,1.1,3.602274,4.463566,4.463566,2.632508,1.831059,0,0.259024,3682863
pinch,pinch_sweep_size_rand-20260622-195014,TesolloCubePinch,TesolloCubePinch-20260622-201232-cubepinch_sb_none_s3,none,3,0,23,1.15,3.602274,4.473919,4.473919,2.629209,1.84471,0,0.25835,3682863
pinch,pinch_sweep_size_rand-20260622-195014,TesolloCubePinch,TesolloCubePinch-20260622-201232-cubepinch_sb_none_s3,none,3,0,24,1.2,3.602274,4.498094,4.498094,2.641754,1.85634,0,0.256718,3682863
pinch,pinch_sweep_size_rand-20260622-195014,TesolloCubePinch,TesolloCubePinch-20260622-201232-cubepinch_sb_none_s3,none,3,0,25,1.25,3.602274,4.52123,4.52123,2.655254,1.865976,0,0.255124,3682863
pinch,pinch_sweep_size_rand-20260622-195014,TesolloCubePinch,TesolloCubePinch-20260622-201232-cubepinch_sb_none_s3,none,3,0,26,1.3,3.602274,4.534746,4.534746,2.67003,1.864716,0,0.254169,3682863
pinch,pinch_sweep_size_rand-20260622-195014,TesolloCubePinch,TesolloCubePinch-20260622-201232-cubepinch_sb_none_s3,none,3,0,27,1.35,3.602274,4.554861,4.554861,2.685316,1.869546,0,0.252752,3682863
pinch,pinch_sweep_size_rand-20260622-195014,TesolloCubePinch,TesolloCubePinch-20260622-201232-cubepinch_sb_none_s3,none,3,0,28,1.4,3.602274,4.580616,4.580616,2.700302,1.880315,0,0.250896,3682863
pinch,pinch_sweep_size_rand-20260622-195014,TesolloCubePinch,TesolloCubePinch-20260622-201232-cubepinch_sb_none_s3,none,3,0,29,1.45,3.602274,4.607695,4.607695,2.714582,1.893113,0,0.248906,3682863
pinch,pinch_sweep_size_rand-20260622-195014,TesolloCubePinch,TesolloCubePinch-20260622-201232-cubepinch_sb_none_s3,none,3,0,30,1.5,3.602274,4.633755,4.633755,2.727848,1.905907,0,0.246957,3682863
pinch,pinch_sweep_size_rand-20260622-195014,TesolloCubePinch,TesolloCubePinch-20260622-201232-cubepinch_sb_none_s3,none,3,0,31,1.55,3.602274,3.754658,3.754658,2.474599,1.280059,0,0.288948,3682863
pinch,pinch_sweep_size_rand-20260622-195014,TesolloCubePinch,TesolloCubePinch-20260622-201232-cubepinch_sb_none_s3,none,3,0,32,1.6,3.602274,4.667904,4.667904,2.742217,1.925687,0,0.244359,3682863
pinch,pinch_sweep_size_rand-20260622-195014,TesolloCubePinch,TesolloCubePinch-20260622-201232-cubepinch_sb_none_s3,none,3,0,33,1.65,3.602274,4.373392,4.373392,2.469952,1.90344,0,0.26494,3682863
pinch,pinch_sweep_size_rand-20260622-195014,TesolloCubePinch,TesolloCubePinch-20260622-201232-cubepinch_sb_none_s3,none,3,0,34,1.7,3.602274,4.34467,4.34467,2.747971,1.596699,0,0.266697,3682863
pinch,pinch_sweep_size_rand-20260622-195014,TesolloCubePinch,TesolloCubePinch-20260622-201232-cubepinch_sb_none_s3,none,3,0,35,1.75,3.602274,4.6836,4.6836,2.750773,1.932827,0,0.243157,3682863
pinch,pinch_sweep_size_rand-20260622-195014,TesolloCubePinch,TesolloCubePinch-20260622-201232-cubepinch_sb_none_s3,none,3,0,36,1.8,3.602274,4.697965,4.697965,2.75348,1.944485,0,0.242041,3682863
pinch,pinch_sweep_size_rand-20260622-195014,TesolloCubePinch,TesolloCubePinch-20260622-201232-cubepinch_sb_none_s3,none,3,0,37,1.85,3.602274,4.709651,4.709651,2.756093,1.953558,0,0.241127,3682863
pinch,pinch_sweep_size_rand-20260622-195014,TesolloCubePinch,TesolloCubePinch-20260622-201232-cubepinch_sb_none_s3,none,3,0,38,1.9,3.602274,4.719854,4.719854,2.758637,1.961217,0,0.240325,3682863
pinch,pinch_sweep_size_rand-20260622-195014,TesolloCubePinch,TesolloCubePinch-20260622-201232-cubepinch_sb_none_s3,none,3,0,39,1.95,3.602274,4.073684,4.073684,2.761173,1.31251,0,0.280361,3682863
pinch,pinch_sweep_size_rand-20260622-195014,TesolloCubePinch,TesolloCubePinch-20260622-201232-cubepinch_sb_none_s3,none,3,0,40,2.0,3.602274,4.737412,4.737412,2.763475,1.973937,0,0.238935,3682863
pinch,pinch_sweep_size_rand-20260622-195014,TesolloCubePinch,TesolloCubePinch-20260622-201232-cubepinch_sb_none_s3,none,3,0,41,2.05,3.602274,6.211,6.211,2.765771,3.445229,0,0.114766,3682863
pinch,pinch_sweep_size_rand-20260622-195014,TesolloCubePinch,TesolloCubePinch-20260622-201232-cubepinch_sb_none_s3,none,3,0,42,2.1,3.602274,4.753534,4.753534,2.768091,1.985443,0,0.237648,3682863
pinch,pinch_sweep_size_rand-20260622-195014,TesolloCubePinch,TesolloCubePinch-20260622-201232-cubepinch_sb_none_s3,none,3,0,43,2.15,3.602274,4.450551,4.450551,2.459282,1.991268,0,0.260079,3682863
pinch,pinch_sweep_size_rand-20260622-195014,TesolloCubePinch,TesolloCubePinch-20260622-201232-cubepinch_sb_none_s3,none,3,0,44,2.2,3.602274,4.767752,4.767752,2.771507,1.996245,0,0.236505,3682863
pinch,pinch_sweep_size_rand-20260622-195014,TesolloCubePinch,TesolloCubePinch-20260622-201232-cubepinch_sb_none_s3,none,3,0,45,2.25,3.602274,4.774394,4.774394,2.773135,2.001258,0,0.235969,3682863
pinch,pinch_sweep_size_rand-20260622-195014,TesolloCubePinch,TesolloCubePinch-20260622-201232-cubepinch_sb_none_s3,none,3,0,46,2.3,3.602274,4.780621,4.780621,2.7746,2.006021,0,0.235465,3682863
pinch,pinch_sweep_size_rand-20260622-195014,TesolloCubePinch,TesolloCubePinch-20260622-201232-cubepinch_sb_none_s3,none,3,0,47,2.35,3.602274,4.786572,4.786572,2.77597,2.010602,0,0.234981,3682863
pinch,pinch_sweep_size_rand-20260622-195014,TesolloCubePinch,TesolloCubePinch-20260622-201232-cubepinch_sb_none_s3,none,3,0,48,2.4,3.602274,5.04196,5.04196,2.777041,2.264919,0,0.213132,3682863
pinch,pinch_sweep_size_rand-20260622-195014,TesolloCubePinch,TesolloCubePinch-20260622-201232-cubepinch_sb_none_s3,none,3,0,49,2.45,3.602274,6.320086,6.320086,2.778092,3.541994,0,0.107477,3682863
pinch,pinch_sweep_size_rand-20260622-195014,TesolloCubePinch,TesolloCubePinch-20260622-201232-cubepinch_sb_none_s3,none,3,0,50,2.5,3.602274,4.804194,4.804194,2.779292,2.024903,0,0.233542,3682863
pinch,pinch_sweep_size_rand-20260622-195014,TesolloCubePinch,TesolloCubePinch-20260622-201232-cubepinch_sb_none_s3,none,3,0,51,2.55,3.602274,4.806228,4.806228,2.779538,2.026689,0,0.233377,3682863
pinch,pinch_sweep_size_rand-20260622-195014,TesolloCubePinch,TesolloCubePinch-20260622-201232-cubepinch_sb_none_s3,none,3,0,52,2.6,3.602274,4.81203,4.81203,2.780896,2.031134,0,0.2329,3682863
pinch,pinch_sweep_size_rand-20260622-195014,TesolloCubePinch,TesolloCubePinch-20260622-201232-cubepinch_sb_none_s3,none,3,0,53,2.65,3.602274,4.817781,4.817781,2.782608,2.035173,0,0.232426,3682863
pinch,pinch_sweep_size_rand-20260622-195014,TesolloCubePinch,TesolloCubePinch-20260622-201232-cubepinch_sb_none_s3,none,3,0,54,2.7,3.602274,4.820135,4.820135,2.782074,2.038061,0,0.232233,3682863
pinch,pinch_sweep_size_rand-20260622-195014,TesolloCubePinch,TesolloCubePinch-20260622-201232-cubepinch_sb_none_s3,none,3,0,55,2.75,3.602274,4.824824,4.824824,2.782526,2.042298,0,0.231846,3682863
pinch,pinch_sweep_size_rand-20260622-195014,TesolloCubePinch,TesolloCubePinch-20260622-201232-cubepinch_sb_none_s3,none,3,0,56,2.8,3.602274,4.829816,4.829816,2.782982,2.046834,0,0.231432,3682863
pinch,pinch_sweep_size_rand-20260622-195014,TesolloCubePinch,TesolloCubePinch-20260622-201232-cubepinch_sb_none_s3,none,3,0,57,2.85,3.602274,4.832054,4.832054,2.782224,2.04983,0,0.231248,3682863
pinch,pinch_sweep_size_rand-20260622-195014,TesolloCubePinch,TesolloCubePinch-20260622-201232-cubepinch_sb_none_s3,none,3,0,58,2.9,3.602274,4.838501,4.838501,2.783243,2.055258,0,0.230712,3682863
pinch,pinch_sweep_size_rand-20260622-195014,TesolloCubePinch,TesolloCubePinch-20260622-201232-cubepinch_sb_none_s3,none,3,0,59,2.95,3.602274,5.155259,5.155259,3.095485,2.059774,0,0.203054,3682863
pinch,pinch_sweep_size_rand-20260622-195014,TesolloCubePinch,TesolloCubePinch-20260622-201232-cubepinch_sb_none_s3,none,3,0,60,3.0,3.602274,6.546675,6.546675,2.783406,3.763269,0,0.093779,3682863
pinch,pinch_sweep_size_rand-20260622-195014,TesolloCubePinch,TesolloCubePinch-20260622-201232-cubepinch_sb_none_s3,none,3,0,61,3.05,3.602274,4.852724,4.852724,2.784659,2.068065,0,0.229525,3682863
pinch,pinch_sweep_size_rand-20260622-195014,TesolloCubePinch,TesolloCubePinch-20260622-201232-cubepinch_sb_none_s3,none,3,0,62,3.1,3.602274,4.854114,4.854114,2.783282,2.070832,0,0.22941,3682863
pinch,pinch_sweep_size_rand-20260622-195014,TesolloCubePinch,TesolloCubePinch-20260622-201232-cubepinch_sb_none_s3,none,3,0,63,3.15,3.602274,4.857568,4.857568,2.783165,2.074403,0,0.229121,3682863
pinch,pinch_sweep_size_rand-20260622-195014,TesolloCubePinch,TesolloCubePinch-20260622-201232-cubepinch_sb_none_s3,none,3,0,64,3.2,3.602274,4.861263,4.861263,2.783047,2.078216,0,0.228811,3682863
pinch,pinch_sweep_size_rand-20260622-195014,TesolloCubePinch,TesolloCubePinch-20260622-201232-cubepinch_sb_none_s3,none,3,0,65,3.25,3.602274,4.864736,4.864736,2.782674,2.082062,0,0.228519,3682863
pinch,pinch_sweep_size_rand-20260622-195014,TesolloCubePinch,TesolloCubePinch-20260622-201232-cubepinch_sb_none_s3,none,3,0,66,3.3,3.602274,4.869115,4.869115,2.783361,2.085754,0,0.228151,3682863
pinch,pinch_sweep_size_rand-20260622-195014,TesolloCubePinch,TesolloCubePinch-20260622-201232-cubepinch_sb_none_s3,none,3,0,67,3.35,3.602274,4.871625,4.871625,2.781991,2.089634,0,0.22794,3682863
pinch,pinch_sweep_size_rand-20260622-195014,TesolloCubePinch,TesolloCubePinch-20260622-201232-cubepinch_sb_none_s3,none,3,0,68,3.4,3.602274,6.500274,6.500274,2.78222,3.718054,0,0.096437,3682863
pinch,pinch_sweep_size_rand-20260622-195014,TesolloCubePinch,TesolloCubePinch-20260622-201232-cubepinch_sb_none_s3,none,3,0,69,3.45,3.602274,4.87805,4.87805,2.781666,2.096385,0,0.227398,3682863
pinch,pinch_sweep_size_rand-20260622-195014,TesolloCubePinch,TesolloCubePinch-20260622-201232-cubepinch_sb_none_s3,none,3,0,70,3.5,3.602274,4.88081,4.88081,2.780817,2.099993,0,0.227165,3682863
pinch,pinch_sweep_size_rand-20260622-195014,TesolloCubePinch,TesolloCubePinch-20260622-201232-cubepinch_sb_none_s3,none,3,0,71,3.55,3.602274,4.884321,4.884321,2.779938,2.104383,0,0.226868,3682863
pinch,pinch_sweep_size_rand-20260622-195014,TesolloCubePinch,TesolloCubePinch-20260622-201232-cubepinch_sb_none_s3,none,3,0,72,3.6,3.602274,4.886438,4.886438,2.77983,2.106609,0,0.22669,3682863
pinch,pinch_sweep_size_rand-20260622-195014,TesolloCubePinch,TesolloCubePinch-20260622-201232-cubepinch_sb_none_s3,none,3,0,73,3.65,3.602274,4.881633,4.881633,2.750086,2.131548,0,0.227099,3682863
pinch,pinch_sweep_size_rand-20260622-195014,TesolloCubePinch,TesolloCubePinch-20260622-201232-cubepinch_sb_none_s3,none,3,0,74,3.7,3.602274,4.891604,4.891604,2.778864,2.11274,0,0.226252,3682863
pinch,pinch_sweep_size_rand-20260622-195014,TesolloCubePinch,TesolloCubePinch-20260622-201232-cubepinch_sb_none_s3,none,3,0,75,3.75,3.602274,5.547414,5.547414,2.779595,2.767819,0,0.167868,3682863
pinch,pinch_sweep_size_rand-20260622-195014,TesolloCubePinch,TesolloCubePinch-20260622-201232-cubepinch_sb_none_s3,none,3,0,76,3.8,3.602274,4.896688,4.896688,2.778065,2.118622,0,0.225821,3682863
pinch,pinch_sweep_size_rand-20260622-195014,TesolloCubePinch,TesolloCubePinch-20260622-201232-cubepinch_sb_none_s3,none,3,0,77,3.85,3.602274,4.898228,4.898228,2.777444,2.120784,0,0.22569,3682863
pinch,pinch_sweep_size_rand-20260622-195014,TesolloCubePinch,TesolloCubePinch-20260622-201232-cubepinch_sb_none_s3,none,3,0,78,3.9,3.602274,4.900718,4.900718,2.776621,2.124097,0,0.225478,3682863
pinch,pinch_sweep_size_rand-20260622-195014,TesolloCubePinch,TesolloCubePinch-20260622-201232-cubepinch_sb_none_s3,none,3,0,79,3.95,3.602274,4.902971,4.902971,2.776251,2.12672,0,0.225287,3682863
pinch,pinch_sweep_size_rand-20260622-195014,TesolloCubePinch,TesolloCubePinch-20260622-201232-cubepinch_sb_none_s3,none,3,1,0,0.0,4.276002,0.0,0.0,0.0,0.0,0,0.05497,3682863
pinch,pinch_sweep_size_rand-20260622-195014,TesolloCubePinch,TesolloCubePinch-20260622-201232-cubepinch_sb_none_s3,none,3,1,1,0.05,4.276002,0.0,0.0,0.0,0.0,0,0.057251,3682863
pinch,pinch_sweep_size_rand-20260622-195014,TesolloCubePinch,TesolloCubePinch-20260622-201232-cubepinch_sb_none_s3,none,3,1,2,0.1,4.276002,3.104094,0.0,3.104094,0.0,0,0.0591,3682863
pinch,pinch_sweep_size_rand-20260622-195014,TesolloCubePinch,TesolloCubePinch-20260622-201232-cubepinch_sb_none_s3,none,3,1,3,0.15,4.276002,3.338417,0.0,3.338417,0.0,0,0.060281,3682863
pinch,pinch_sweep_size_rand-20260622-195014,TesolloCubePinch,TesolloCubePinch-20260622-201232-cubepinch_sb_none_s3,none,3,1,4,0.2,4.276002,4.069673,0.0,4.069673,0.0,0,0.061671,3682863
pinch,pinch_sweep_size_rand-20260622-195014,TesolloCubePinch,TesolloCubePinch-20260622-201232-cubepinch_sb_none_s3,none,3,1,5,0.25,4.276002,2.996425,0.0,2.996425,0.0,0,0.062996,3682863
pinch,pinch_sweep_size_rand-20260622-195014,TesolloCubePinch,TesolloCubePinch-20260622-201232-cubepinch_sb_none_s3,none,3,1,6,0.3,4.276002,4.629645,4.629645,2.856453,1.773192,0,0.285221,3682863
pinch,pinch_sweep_size_rand-20260622-195014,TesolloCubePinch,TesolloCubePinch-20260622-201232-cubepinch_sb_none_s3,none,3,1,7,0.35,4.276002,4.239079,4.239079,2.163365,2.075713,0,0.288986,3682863
pinch,pinch_sweep_size_rand-20260622-195014,TesolloCubePinch,TesolloCubePinch-20260622-201232-cubepinch_sb_none_s3,none,3,1,8,0.4,4.276002,4.402869,4.402869,2.831257,1.571612,0,0.288916,3682863
pinch,pinch_sweep_size_rand-20260622-195014,TesolloCubePinch,TesolloCubePinch-20260622-201232-cubepinch_sb_none_s3,none,3,1,9,0.45,4.276002,4.388835,4.388835,2.843783,1.545052,0,0.289084,3682863
pinch,pinch_sweep_size_rand-20260622-195014,TesolloCubePinch,TesolloCubePinch-20260622-201232-cubepinch_sb_none_s3,none,3,1,10,0.5,4.276002,7.511664,7.511664,2.857362,4.654302,0,0.107125,3682863
pinch,pinch_sweep_size_rand-20260622-195014,TesolloCubePinch,TesolloCubePinch-20260622-201232-cubepinch_sb_none_s3,none,3,1,11,0.55,4.276002,4.576143,4.576143,2.797275,1.778869,0,0.287158,3682863
pinch,pinch_sweep_size_rand-20260622-195014,TesolloCubePinch,TesolloCubePinch-20260622-201232-cubepinch_sb_none_s3,none,3,1,12,0.6,4.276002,4.978981,4.978981,2.761456,2.217525,0,0.274857,3682863
pinch,pinch_sweep_size_rand-20260622-195014,TesolloCubePinch,TesolloCubePinch-20260622-201232-cubepinch_sb_none_s3,none,3,1,13,0.65,4.276002,4.47586,4.47586,2.809687,1.666173,0,0.288778,3682863
pinch,pinch_sweep_size_rand-20260622-195014,TesolloCubePinch,TesolloCubePinch-20260622-201232-cubepinch_sb_none_s3,none,3,1,14,0.7,4.276002,7.734034,7.734034,6.489422,1.244612,0,0.095538,3682863
pinch,pinch_sweep_size_rand-20260622-195014,TesolloCubePinch,TesolloCubePinch-20260622-201232-cubepinch_sb_none_s3,none,3,1,15,0.75,4.276002,6.657535,6.657535,2.760031,3.897504,0,0.162569,3682863
pinch,pinch_sweep_size_rand-20260622-195014,TesolloCubePinch,TesolloCubePinch-20260622-201232-cubepinch_sb_none_s3,none,3,1,16,0.8,4.276002,4.419728,4.419728,2.739773,1.679955,0,0.289562,3682863
pinch,pinch_sweep_size_rand-20260622-195014,TesolloCubePinch,TesolloCubePinch-20260622-201232-cubepinch_sb_none_s3,none,3,1,17,0.85,4.276002,4.424537,4.424537,2.723446,1.701091,0,0.289598,3682863
pinch,pinch_sweep_size_rand-20260622-195014,TesolloCubePinch,TesolloCubePinch-20260622-201232-cubepinch_sb_none_s3,none,3,1,18,0.9,4.276002,4.427866,4.427866,2.710461,1.717405,0,0.289623,3682863
pinch,pinch_sweep_size_rand-20260622-195014,TesolloCubePinch,TesolloCubePinch-20260622-201232-cubepinch_sb_none_s3,none,3,1,19,0.95,4.276002,4.429452,4.429452,2.700073,1.729379,0,0.289622,3682863
pinch,pinch_sweep_size_rand-20260622-195014,TesolloCubePinch,TesolloCubePinch-20260622-201232-cubepinch_sb_none_s3,none,3,1,20,1.0,4.276002,4.425653,4.425653,2.6916,1.734053,0,0.289709,3682863
pinch,pinch_sweep_size_rand-20260622-195014,TesolloCubePinch,TesolloCubePinch-20260622-201232-cubepinch_sb_none_s3,none,3,1,21,1.05,4.276002,4.435049,4.435049,2.684454,1.750595,0,0.289654,3682863
pinch,pinch_sweep_size_rand-20260622-195014,TesolloCubePinch,TesolloCubePinch-20260622-201232-cubepinch_sb_none_s3,none,3,1,22,1.1,4.276002,5.461079,5.461079,3.692559,1.768519,0,0.249951,3682863
pinch,pinch_sweep_size_rand-20260622-195014,TesolloCubePinch,TesolloCubePinch-20260622-201232-cubepinch_sb_none_s3,none,3,1,23,1.15,4.276002,4.459633,4.459633,2.684979,1.774654,0,0.289422,3682863
pinch,pinch_sweep_size_rand-20260622-195014,TesolloCubePinch,TesolloCubePinch-20260622-201232-cubepinch_sb_none_s3,none,3,1,24,1.2,4.276002,4.481431,4.481431,2.698509,1.782921,0,0.289186,3682863
pinch,pinch_sweep_size_rand-20260622-195014,TesolloCubePinch,TesolloCubePinch-20260622-201232-cubepinch_sb_none_s3,none,3,1,25,1.25,4.276002,4.509318,4.509318,2.713058,1.79626,0,0.288824,3682863
pinch,pinch_sweep_size_rand-20260622-195014,TesolloCubePinch,TesolloCubePinch-20260622-201232-cubepinch_sb_none_s3,none,3,1,26,1.3,4.276002,4.536136,4.536136,2.728436,1.807701,0,0.288428,3682863
pinch,pinch_sweep_size_rand-20260622-195014,TesolloCubePinch,TesolloCubePinch-20260622-201232-cubepinch_sb_none_s3,none,3,1,27,1.35,4.276002,5.038072,5.038072,2.743593,2.294479,0,0.272932,3682863
pinch,pinch_sweep_size_rand-20260622-195014,TesolloCubePinch,TesolloCubePinch-20260622-201232-cubepinch_sb_none_s3,none,3,1,28,1.4,4.276002,4.572143,4.572143,2.758043,1.8141,0,0.287817,3682863
pinch,pinch_sweep_size_rand-20260622-195014,TesolloCubePinch,TesolloCubePinch-20260622-201232-cubepinch_sb_none_s3,none,3,1,29,1.45,4.276002,4.592732,4.592732,2.771476,1.821256,0,0.287442,3682863
pinch,pinch_sweep_size_rand-20260622-195014,TesolloCubePinch,TesolloCubePinch-20260622-201232-cubepinch_sb_none_s3,none,3,1,30,1.5,4.276002,4.61422,4.61422,2.783727,1.830492,0,0.287017,3682863
pinch,pinch_sweep_size_rand-20260622-195014,TesolloCubePinch,TesolloCubePinch-20260622-201232-cubepinch_sb_none_s3,none,3,1,31,1.55,4.276002,4.634481,4.634481,2.792146,1.842335,0,0.28659,3682863
pinch,pinch_sweep_size_rand-20260622-195014,TesolloCubePinch,TesolloCubePinch-20260622-201232-cubepinch_sb_none_s3,none,3,1,32,1.6,4.276002,4.64818,4.64818,2.793893,1.854287,0,0.286288,3682863
pinch,pinch_sweep_size_rand-20260622-195014,TesolloCubePinch,TesolloCubePinch-20260622-201232-cubepinch_sb_none_s3,none,3,1,33,1.65,4.276002,4.660751,4.660751,2.794805,1.865946,0,0.286002,3682863
pinch,pinch_sweep_size_rand-20260622-195014,TesolloCubePinch,TesolloCubePinch-20260622-201232-cubepinch_sb_none_s3,none,3,1,34,1.7,4.276002,4.668097,4.668097,2.795721,1.872376,0,0.285833,3682863
pinch,pinch_sweep_size_rand-20260622-195014,TesolloCubePinch,TesolloCubePinch-20260622-201232-cubepinch_sb_none_s3,none,3,1,35,1.75,4.276002,4.644769,4.644769,2.797566,1.847203,0,0.286373,3682863
pinch,pinch_sweep_size_rand-20260622-195014,TesolloCubePinch,TesolloCubePinch-20260622-201232-cubepinch_sb_none_s3,none,3,1,36,1.8,4.276002,4.666001,4.666001,2.799536,1.866465,0,0.285889,3682863
pinch,pinch_sweep_size_rand-20260622-195014,TesolloCubePinch,TesolloCubePinch-20260622-201232-cubepinch_sb_none_s3,none,3,1,37,1.85,4.276002,6.770415,6.770415,2.801551,3.968864,0,0.154836,3682863
pinch,pinch_sweep_size_rand-20260622-195014,TesolloCubePinch,TesolloCubePinch-20260622-201232-cubepinch_sb_none_s3,none,3,1,38,1.9,4.276002,3.776945,3.776945,1.884276,1.892669,0,0.282931,3682863
pinch,pinch_sweep_size_rand-20260622-195014,TesolloCubePinch,TesolloCubePinch-20260622-201232-cubepinch_sb_none_s3,none,3,1,39,1.95,4.276002,4.706563,4.706563,2.805088,1.901476,0,0.284888,3682863
pinch,pinch_sweep_size_rand-20260622-195014,TesolloCubePinch,TesolloCubePinch-20260622-201232-cubepinch_sb_none_s3,none,3,1,40,2.0,4.276002,4.715809,4.715809,2.80683,1.908979,0,0.284646,3682863
pinch,pinch_sweep_size_rand-20260622-195014,TesolloCubePinch,TesolloCubePinch-20260622-201232-cubepinch_sb_none_s3,none,3,1,41,2.05,4.276002,4.724782,4.724782,2.808748,1.916034,0,0.284407,3682863
pinch,pinch_sweep_size_rand-20260622-195014,TesolloCubePinch,TesolloCubePinch-20260622-201232-cubepinch_sb_none_s3,none,3,1,42,2.1,4.276002,4.731373,4.731373,2.809886,1.921488,0,0.284229,3682863
pinch,pinch_sweep_size_rand-20260622-195014,TesolloCubePinch,TesolloCubePinch-20260622-201232-cubepinch_sb_none_s3,none,3,1,43,2.15,4.276002,4.738919,4.738919,2.811082,1.927837,0,0.284021,3682863
pinch,pinch_sweep_size_rand-20260622-195014,TesolloCubePinch,TesolloCubePinch-20260622-201232-cubepinch_sb_none_s3,none,3,1,44,2.2,4.276002,4.745782,4.745782,2.812263,1.933519,0,0.28383,3682863
pinch,pinch_sweep_size_rand-20260622-195014,TesolloCubePinch,TesolloCubePinch-20260622-201232-cubepinch_sb_none_s3,none,3,1,45,2.25,4.276002,3.505409,3.505409,2.212526,1.292883,0,0.272673,3682863
pinch,pinch_sweep_size_rand-20260622-195014,TesolloCubePinch,TesolloCubePinch-20260622-201232-cubepinch_sb_none_s3,none,3,1,46,2.3,4.276002,4.758232,4.758232,2.814087,1.944146,0,0.283475,3682863
pinch,pinch_sweep_size_rand-20260622-195014,TesolloCubePinch,TesolloCubePinch-20260622-201232-cubepinch_sb_none_s3,none,3,1,47,2.35,4.276002,6.098529,6.098529,4.149362,1.949167,0,0.205235,3682863
pinch,pinch_sweep_size_rand-20260622-195014,TesolloCubePinch,TesolloCubePinch-20260622-201232-cubepinch_sb_none_s3,none,3,1,48,2.4,4.276002,4.767503,4.767503,2.815876,1.951627,0,0.283207,3682863
pinch,pinch_sweep_size_rand-20260622-195014,TesolloCubePinch,TesolloCubePinch-20260622-201232-cubepinch_sb_none_s3,none,3,1,49,2.45,4.276002,4.772967,4.772967,2.814501,1.958467,0,0.283045,3682863
pinch,pinch_sweep_size_rand-20260622-195014,TesolloCubePinch,TesolloCubePinch-20260622-201232-cubepinch_sb_none_s3,none,3,1,50,2.5,4.276002,5.940977,5.940977,2.818522,3.122455,0,0.217034,3682863
pinch,pinch_sweep_size_rand-20260622-195014,TesolloCubePinch,TesolloCubePinch-20260622-201232-cubepinch_sb_none_s3,none,3,1,51,2.55,4.276002,4.784374,4.784374,2.8169,1.967475,0,0.282702,3682863
pinch,pinch_sweep_size_rand-20260622-195014,TesolloCubePinch,TesolloCubePinch-20260622-201232-cubepinch_sb_none_s3,none,3,1,52,2.6,4.276002,4.787746,4.787746,2.816681,1.971065,0,0.2826,3682863
pinch,pinch_sweep_size_rand-20260622-195014,TesolloCubePinch,TesolloCubePinch-20260622-201232-cubepinch_sb_none_s3,none,3,1,53,2.65,4.276002,4.794508,4.794508,2.817681,1.976826,0,0.28239,3682863
pinch,pinch_sweep_size_rand-20260622-195014,TesolloCubePinch,TesolloCubePinch-20260622-201232-cubepinch_sb_none_s3,none,3,1,54,2.7,4.276002,4.796249,4.796249,2.816976,1.979274,0,0.282338,3682863
pinch,pinch_sweep_size_rand-20260622-195014,TesolloCubePinch,TesolloCubePinch-20260622-201232-cubepinch_sb_none_s3,none,3,1,55,2.75,4.276002,4.79968,4.79968,2.816794,1.982885,0,0.282231,3682863
pinch,pinch_sweep_size_rand-20260622-195014,TesolloCubePinch,TesolloCubePinch-20260622-201232-cubepinch_sb_none_s3,none,3,1,56,2.8,4.276002,4.799947,4.799947,2.814348,1.985599,0,0.282225,3682863
pinch,pinch_sweep_size_rand-20260622-195014,TesolloCubePinch,TesolloCubePinch-20260622-201232-cubepinch_sb_none_s3,none,3,1,57,2.85,4.276002,4.807234,4.807234,2.816481,1.990753,0,0.281994,3682863
pinch,pinch_sweep_size_rand-20260622-195014,TesolloCubePinch,TesolloCubePinch-20260622-201232-cubepinch_sb_none_s3,none,3,1,58,2.9,4.276002,4.811514,4.811514,2.816169,1.995346,0,0.281857,3682863
pinch,pinch_sweep_size_rand-20260622-195014,TesolloCubePinch,TesolloCubePinch-20260622-201232-cubepinch_sb_none_s3,none,3,1,59,2.95,4.276002,5.083884,5.083884,2.815785,2.2681,0,0.271,3682863
pinch,pinch_sweep_size_rand-20260622-195014,TesolloCubePinch,TesolloCubePinch-20260622-201232-cubepinch_sb_none_s3,none,3,1,60,3.0,4.276002,4.819274,4.819274,2.815331,2.003943,0,0.281607,3682863
pinch,pinch_sweep_size_rand-20260622-195014,TesolloCubePinch,TesolloCubePinch-20260622-201232-cubepinch_sb_none_s3,none,3,1,61,3.05,4.276002,4.825035,4.825035,2.816447,2.008588,0,0.281418,3682863
pinch,pinch_sweep_size_rand-20260622-195014,TesolloCubePinch,TesolloCubePinch-20260622-201232-cubepinch_sb_none_s3,none,3,1,62,3.1,4.276002,4.826432,4.826432,2.814356,2.012077,0,0.281373,3682863
pinch,pinch_sweep_size_rand-20260622-195014,TesolloCubePinch,TesolloCubePinch-20260622-201232-cubepinch_sb_none_s3,none,3,1,63,3.15,4.276002,5.091967,5.091967,2.813534,2.278433,0,0.270627,3682863
pinch,pinch_sweep_size_rand-20260622-195014,TesolloCubePinch,TesolloCubePinch-20260622-201232-cubepinch_sb_none_s3,none,3,1,64,3.2,4.276002,4.833531,4.833531,2.813409,2.020123,0,0.281138,3682863
pinch,pinch_sweep_size_rand-20260622-195014,TesolloCubePinch,TesolloCubePinch-20260622-201232-cubepinch_sb_none_s3,none,3,1,65,3.25,4.276002,4.835737,4.835737,2.81269,2.023046,0,0.281065,3682863
pinch,pinch_sweep_size_rand-20260622-195014,TesolloCubePinch,TesolloCubePinch-20260622-201232-cubepinch_sb_none_s3,none,3,1,66,3.3,4.276002,4.839731,4.839731,2.811765,2.027966,0,0.280931,3682863
pinch,pinch_sweep_size_rand-20260622-195014,TesolloCubePinch,TesolloCubePinch-20260622-201232-cubepinch_sb_none_s3,none,3,1,67,3.35,4.276002,4.841076,4.841076,2.811867,2.02921,0,0.280886,3682863
pinch,pinch_sweep_size_rand-20260622-195014,TesolloCubePinch,TesolloCubePinch-20260622-201232-cubepinch_sb_none_s3,none,3,1,68,3.4,4.276002,4.844631,4.844631,2.81108,2.033551,0,0.280766,3682863
pinch,pinch_sweep_size_rand-20260622-195014,TesolloCubePinch,TesolloCubePinch-20260622-201232-cubepinch_sb_none_s3,none,3,1,69,3.45,4.276002,4.848701,4.848701,2.810189,2.038513,0,0.280627,3682863
pinch,pinch_sweep_size_rand-20260622-195014,TesolloCubePinch,TesolloCubePinch-20260622-201232-cubepinch_sb_none_s3,none,3,1,70,3.5,4.276002,4.849459,4.849459,2.805921,2.043537,0,0.280602,3682863
pinch,pinch_sweep_size_rand-20260622-195014,TesolloCubePinch,TesolloCubePinch-20260622-201232-cubepinch_sb_none_s3,none,3,1,71,3.55,4.276002,4.853878,4.853878,2.808031,2.045847,0,0.280449,3682863
pinch,pinch_sweep_size_rand-20260622-195014,TesolloCubePinch,TesolloCubePinch-20260622-201232-cubepinch_sb_none_s3,none,3,1,72,3.6,4.276002,4.855453,4.855453,2.806385,2.049068,0,0.280395,3682863
pinch,pinch_sweep_size_rand-20260622-195014,TesolloCubePinch,TesolloCubePinch-20260622-201232-cubepinch_sb_none_s3,none,3,1,73,3.65,4.276002,5.336945,5.336945,2.780597,2.556348,0,0.257706,3682863
pinch,pinch_sweep_size_rand-20260622-195014,TesolloCubePinch,TesolloCubePinch-20260622-201232-cubepinch_sb_none_s3,none,3,1,74,3.7,4.276002,5.651918,5.651918,2.804712,2.847206,0,0.237718,3682863
pinch,pinch_sweep_size_rand-20260622-195014,TesolloCubePinch,TesolloCubePinch-20260622-201232-cubepinch_sb_none_s3,none,3,1,75,3.75,4.276002,4.863256,4.863256,2.804495,2.058761,0,0.280124,3682863
pinch,pinch_sweep_size_rand-20260622-195014,TesolloCubePinch,TesolloCubePinch-20260622-201232-cubepinch_sb_none_s3,none,3,1,76,3.8,4.276002,3.936161,3.936161,1.875176,2.060985,0,0.28714,3682863
pinch,pinch_sweep_size_rand-20260622-195014,TesolloCubePinch,TesolloCubePinch-20260622-201232-cubepinch_sb_none_s3,none,3,1,77,3.85,4.276002,4.871296,4.871296,2.552962,2.318334,0,0.279839,3682863
pinch,pinch_sweep_size_rand-20260622-195014,TesolloCubePinch,TesolloCubePinch-20260622-201232-cubepinch_sb_none_s3,none,3,1,78,3.9,4.276002,5.112591,5.112591,2.802182,2.310409,0,0.26966,3682863
pinch,pinch_sweep_size_rand-20260622-195014,TesolloCubePinch,TesolloCubePinch-20260622-201232-cubepinch_sb_none_s3,none,3,1,79,3.95,4.276002,4.871728,4.871728,2.801168,2.07056,0,0.279825,3682863
pinch,pinch_sweep_size_rand-20260622-195014,TesolloCubePinch,TesolloCubePinch-20260622-201232-cubepinch_sb_none_s3,none,3,2,0,0.0,4.535643,0.0,0.0,0.0,0.0,0,0.053653,3682863
pinch,pinch_sweep_size_rand-20260622-195014,TesolloCubePinch,TesolloCubePinch-20260622-201232-cubepinch_sb_none_s3,none,3,2,1,0.05,4.535643,0.0,0.0,0.0,0.0,0,0.055753,3682863
pinch,pinch_sweep_size_rand-20260622-195014,TesolloCubePinch,TesolloCubePinch-20260622-201232-cubepinch_sb_none_s3,none,3,2,2,0.1,4.535643,0.0,0.0,0.0,0.0,0,0.057972,3682863
pinch,pinch_sweep_size_rand-20260622-195014,TesolloCubePinch,TesolloCubePinch-20260622-201232-cubepinch_sb_none_s3,none,3,2,3,0.15,4.535643,3.560631,0.0,3.560631,0.0,0,0.05931,3682863
pinch,pinch_sweep_size_rand-20260622-195014,TesolloCubePinch,TesolloCubePinch-20260622-201232-cubepinch_sb_none_s3,none,3,2,4,0.2,4.535643,3.321604,0.0,3.321604,0.0,0,0.060082,3682863
pinch,pinch_sweep_size_rand-20260622-195014,TesolloCubePinch,TesolloCubePinch-20260622-201232-cubepinch_sb_none_s3,none,3,2,5,0.25,4.535643,2.905117,0.0,2.905117,0.0,0,0.061026,3682863
pinch,pinch_sweep_size_rand-20260622-195014,TesolloCubePinch,TesolloCubePinch-20260622-201232-cubepinch_sb_none_s3,none,3,2,6,0.3,4.535643,2.694431,0.0,2.694431,0.0,0,0.062096,3682863
pinch,pinch_sweep_size_rand-20260622-195014,TesolloCubePinch,TesolloCubePinch-20260622-201232-cubepinch_sb_none_s3,none,3,2,7,0.35,4.535643,2.652929,0.0,2.652929,0.0,0,0.063261,3682863
pinch,pinch_sweep_size_rand-20260622-195014,TesolloCubePinch,TesolloCubePinch-20260622-201232-cubepinch_sb_none_s3,none,3,2,8,0.4,4.535643,2.963204,0.0,2.963204,0.0,0,0.064577,3682863
pinch,pinch_sweep_size_rand-20260622-195014,TesolloCubePinch,TesolloCubePinch-20260622-201232-cubepinch_sb_none_s3,none,3,2,9,0.45,4.535643,2.55618,0.0,2.55618,0.0,0,0.065793,3682863
pinch,pinch_sweep_size_rand-20260622-195014,TesolloCubePinch,TesolloCubePinch-20260622-201232-cubepinch_sb_none_s3,none,3,2,10,0.5,4.535643,3.160986,3.160986,2.484126,0.67686,0,0.243822,3682863
pinch,pinch_sweep_size_rand-20260622-195014,TesolloCubePinch,TesolloCubePinch-20260622-201232-cubepinch_sb_none_s3,none,3,2,11,0.55,4.535643,3.884076,3.884076,2.483775,1.400301,0,0.280512,3682863
pinch,pinch_sweep_size_rand-20260622-195014,TesolloCubePinch,TesolloCubePinch-20260622-201232-cubepinch_sb_none_s3,none,3,2,12,0.6,4.535643,4.186528,4.186528,2.501955,1.684573,0,0.289225,3682863
pinch,pinch_sweep_size_rand-20260622-195014,TesolloCubePinch,TesolloCubePinch-20260622-201232-cubepinch_sb_none_s3,none,3,2,13,0.65,4.535643,3.906025,3.906025,2.513084,1.392942,0,0.281472,3682863
pinch,pinch_sweep_size_rand-20260622-195014,TesolloCubePinch,TesolloCubePinch-20260622-201232-cubepinch_sb_none_s3,none,3,2,14,0.7,4.535643,2.4949,0.0,2.4949,0.0,0,0.067319,3682863
pinch,pinch_sweep_size_rand-20260622-195014,TesolloCubePinch,TesolloCubePinch-20260622-201232-cubepinch_sb_none_s3,none,3,2,15,0.75,4.535643,4.144308,4.144308,2.481347,1.662961,0,0.288579,3682863
pinch,pinch_sweep_size_rand-20260622-195014,TesolloCubePinch,TesolloCubePinch-20260622-201232-cubepinch_sb_none_s3,none,3,2,16,0.8,4.535643,4.037332,4.037332,2.472044,1.565288,0,0.28584,3682863
pinch,pinch_sweep_size_rand-20260622-195014,TesolloCubePinch,TesolloCubePinch-20260622-201232-cubepinch_sb_none_s3,none,3,2,17,0.85,4.535643,4.041064,4.041064,2.465956,1.575107,0,0.286005,3682863
pinch,pinch_sweep_size_rand-20260622-195014,TesolloCubePinch,TesolloCubePinch-20260622-201232-cubepinch_sb_none_s3,none,3,2,18,0.9,4.535643,4.027365,4.027365,2.462783,1.564583,0,0.285637,3682863
pinch,pinch_sweep_size_rand-20260622-195014,TesolloCubePinch,TesolloCubePinch-20260622-201232-cubepinch_sb_none_s3,none,3,2,19,0.95,4.535643,4.045319,4.045319,2.461752,1.583566,0,0.286215,3682863
pinch,pinch_sweep_size_rand-20260622-195014,TesolloCubePinch,TesolloCubePinch-20260622-201232-cubepinch_sb_none_s3,none,3,2,20,1.0,4.535643,4.059885,4.059885,2.462167,1.597718,0,0.286661,3682863
pinch,pinch_sweep_size_rand-20260622-195014,TesolloCubePinch,TesolloCubePinch-20260622-201232-cubepinch_sb_none_s3,none,3,2,21,1.05,4.535643,4.07711,4.07711,2.463364,1.613747,0,0.287108,3682863
pinch,pinch_sweep_size_rand-20260622-195014,TesolloCubePinch,TesolloCubePinch-20260622-201232-cubepinch_sb_none_s3,none,3,2,22,1.1,4.535643,3.274133,3.274133,1.653162,1.620971,0,0.252189,3682863
pinch,pinch_sweep_size_rand-20260622-195014,TesolloCubePinch,TesolloCubePinch-20260622-201232-cubepinch_sb_none_s3,none,3,2,23,1.15,4.535643,4.107647,4.107647,2.466799,1.640848,0,0.287943,3682863
pinch,pinch_sweep_size_rand-20260622-195014,TesolloCubePinch,TesolloCubePinch-20260622-201232-cubepinch_sb_none_s3,none,3,2,24,1.2,4.535643,4.139172,4.139172,2.468607,1.670565,0,0.288639,3682863
pinch,pinch_sweep_size_rand-20260622-195014,TesolloCubePinch,TesolloCubePinch-20260622-201232-cubepinch_sb_none_s3,none,3,2,25,1.25,4.535643,4.135332,4.135332,2.470308,1.665024,0,0.288601,3682863
pinch,pinch_sweep_size_rand-20260622-195014,TesolloCubePinch,TesolloCubePinch-20260622-201232-cubepinch_sb_none_s3,none,3,2,26,1.3,4.535643,4.14704,4.14704,2.471873,1.675166,0,0.288882,3682863
pinch,pinch_sweep_size_rand-20260622-195014,TesolloCubePinch,TesolloCubePinch-20260622-201232-cubepinch_sb_none_s3,none,3,2,27,1.35,4.535643,4.16374,4.16374,2.4748,1.688941,0,0.28925,3682863
pinch,pinch_sweep_size_rand-20260622-195014,TesolloCubePinch,TesolloCubePinch-20260622-201232-cubepinch_sb_none_s3,none,3,2,28,1.4,4.535643,4.189192,4.189192,2.488291,1.700901,0,0.289768,3682863
pinch,pinch_sweep_size_rand-20260622-195014,TesolloCubePinch,TesolloCubePinch-20260622-201232-cubepinch_sb_none_s3,none,3,2,29,1.45,4.535643,4.208694,4.208694,2.502823,1.705871,0,0.290118,3682863
pinch,pinch_sweep_size_rand-20260622-195014,TesolloCubePinch,TesolloCubePinch-20260622-201232-cubepinch_sb_none_s3,none,3,2,30,1.5,4.535643,6.447609,6.447609,2.518572,3.929038,0,0.209164,3682863
pinch,pinch_sweep_size_rand-20260622-195014,TesolloCubePinch,TesolloCubePinch-20260622-201232-cubepinch_sb_none_s3,none,3,2,31,1.55,4.535643,4.731517,4.731517,2.535413,2.196104,0,0.292056,3682863
pinch,pinch_sweep_size_rand-20260622-195014,TesolloCubePinch,TesolloCubePinch-20260622-201232-cubepinch_sb_none_s3,none,3,2,32,1.6,4.535643,4.277969,4.277969,2.552542,1.725428,0,0.291285,3682863
pinch,pinch_sweep_size_rand-20260622-195014,TesolloCubePinch,TesolloCubePinch-20260622-201232-cubepinch_sb_none_s3,none,3,2,33,1.65,4.535643,4.301652,4.301652,2.569312,1.73234,0,0.291616,3682863
pinch,pinch_sweep_size_rand-20260622-195014,TesolloCubePinch,TesolloCubePinch-20260622-201232-cubepinch_sb_none_s3,none,3,2,34,1.7,4.535643,5.423208,5.423208,3.688119,1.73509,0,0.272049,3682863
pinch,pinch_sweep_size_rand-20260622-195014,TesolloCubePinch,TesolloCubePinch-20260622-201232-cubepinch_sb_none_s3,none,3,2,35,1.75,4.535643,4.313598,4.313598,2.589877,1.723721,0,0.291747,3682863
pinch,pinch_sweep_size_rand-20260622-195014,TesolloCubePinch,TesolloCubePinch-20260622-201232-cubepinch_sb_none_s3,none,3,2,36,1.8,4.535643,6.976737,6.976737,2.595901,4.380836,0,0.171459,3682863
pinch,pinch_sweep_size_rand-20260622-195014,TesolloCubePinch,TesolloCubePinch-20260622-201232-cubepinch_sb_none_s3,none,3,2,37,1.85,4.535643,4.340736,4.340736,2.601607,1.739128,0,0.292094,3682863
pinch,pinch_sweep_size_rand-20260622-195014,TesolloCubePinch,TesolloCubePinch-20260622-201232-cubepinch_sb_none_s3,none,3,2,38,1.9,4.535643,4.359615,4.359615,2.607145,1.75247,0,0.292296,3682863
pinch,pinch_sweep_size_rand-20260622-195014,TesolloCubePinch,TesolloCubePinch-20260622-201232-cubepinch_sb_none_s3,none,3,2,39,1.95,4.535643,4.094804,4.094804,2.331744,1.76306,0,0.287787,3682863
pinch,pinch_sweep_size_rand-20260622-195014,TesolloCubePinch,TesolloCubePinch-20260622-201232-cubepinch_sb_none_s3,none,3,2,40,2.0,4.535643,4.38955,4.38955,2.617952,1.771598,0,0.292573,3682863
pinch,pinch_sweep_size_rand-20260622-195014,TesolloCubePinch,TesolloCubePinch-20260622-201232-cubepinch_sb_none_s3,none,3,2,41,2.05,4.535643,4.403683,4.403683,2.623491,1.780192,0,0.292686,3682863
pinch,pinch_sweep_size_rand-20260622-195014,TesolloCubePinch,TesolloCubePinch-20260622-201232-cubepinch_sb_none_s3,none,3,2,42,2.1,4.535643,4.416514,4.416514,2.628743,1.787772,0,0.292779,3682863
pinch,pinch_sweep_size_rand-20260622-195014,TesolloCubePinch,TesolloCubePinch-20260622-201232-cubepinch_sb_none_s3,none,3,2,43,2.15,4.535643,4.393531,4.393531,2.633818,1.759713,0,0.292587,3682863
pinch,pinch_sweep_size_rand-20260622-195014,TesolloCubePinch,TesolloCubePinch-20260622-201232-cubepinch_sb_none_s3,none,3,2,44,2.2,4.535643,4.41819,4.41819,2.63874,1.77945,0,0.292781,3682863
pinch,pinch_sweep_size_rand-20260622-195014,TesolloCubePinch,TesolloCubePinch-20260622-201232-cubepinch_sb_none_s3,none,3,2,45,2.25,4.535643,4.440028,4.440028,2.643465,1.796563,0,0.29292,3682863
pinch,pinch_sweep_size_rand-20260622-195014,TesolloCubePinch,TesolloCubePinch-20260622-201232-cubepinch_sb_none_s3,none,3,2,46,2.3,4.535643,4.456843,4.456843,2.647959,1.808884,1,0.793006,3682863
pinch,pinch_sweep_size_rand-20260622-195014,TesolloCubePinch,TesolloCubePinch-20260622-201232-cubepinch_sb_none_s3,none,3,2,47,2.35,4.535643,4.470674,4.470674,2.652314,1.818359,1,0.793065,3682863
pinch,pinch_sweep_size_rand-20260622-195014,TesolloCubePinch,TesolloCubePinch-20260622-201232-cubepinch_sb_none_s3,none,3,2,48,2.4,4.535643,3.970546,3.970546,2.144294,1.826252,1,0.784407,3682863
pinch,pinch_sweep_size_rand-20260622-195014,TesolloCubePinch,TesolloCubePinch-20260622-201232-cubepinch_sb_none_s3,none,3,2,49,2.45,4.535643,4.76765,4.76765,2.660286,2.107363,1,0.791685,3682863
pinch,pinch_sweep_size_rand-20260622-195014,TesolloCubePinch,TesolloCubePinch-20260622-201232-cubepinch_sb_none_s3,none,3,2,50,2.5,4.535643,4.503102,4.503102,2.664042,1.839061,1,0.793158,3682863
pinch,pinch_sweep_size_rand-20260622-195014,TesolloCubePinch,TesolloCubePinch-20260622-201232-cubepinch_sb_none_s3,none,3,2,51,2.55,4.535643,4.512228,4.512228,2.667502,1.844726,1,0.793173,3682863
pinch,pinch_sweep_size_rand-20260622-195014,TesolloCubePinch,TesolloCubePinch-20260622-201232-cubepinch_sb_none_s3,none,3,2,52,2.6,4.535643,4.520818,4.520818,2.670769,1.850049,1,0.793183,3682863
pinch,pinch_sweep_size_rand-20260622-195014,TesolloCubePinch,TesolloCubePinch-20260622-201232-cubepinch_sb_none_s3,none,3,2,53,2.65,4.535643,4.528967,4.528967,2.673942,1.855026,1,0.793189,3682863
pinch,pinch_sweep_size_rand-20260622-195014,TesolloCubePinch,TesolloCubePinch-20260622-201232-cubepinch_sb_none_s3,none,3,2,54,2.7,4.535643,4.536562,4.536562,2.67648,1.860082,1,0.79319,3682863
pinch,pinch_sweep_size_rand-20260622-195014,TesolloCubePinch,TesolloCubePinch-20260622-201232-cubepinch_sb_none_s3,none,3,2,55,2.75,4.535643,4.544046,4.544046,2.67926,1.864786,1,0.793188,3682863
pinch,pinch_sweep_size_rand-20260622-195014,TesolloCubePinch,TesolloCubePinch-20260622-201232-cubepinch_sb_none_s3,none,3,2,56,2.8,4.535643,4.550081,4.550081,2.681826,1.868254,1,0.793184,3682863
pinch,pinch_sweep_size_rand-20260622-195014,TesolloCubePinch,TesolloCubePinch-20260622-201232-cubepinch_sb_none_s3,none,3,2,57,2.85,4.535643,4.556392,4.556392,2.68411,1.872281,1,0.793178,3682863
pinch,pinch_sweep_size_rand-20260622-195014,TesolloCubePinch,TesolloCubePinch-20260622-201232-cubepinch_sb_none_s3,none,3,2,58,2.9,4.535643,4.558594,4.558594,2.68593,1.872664,1,0.793175,3682863
pinch,pinch_sweep_size_rand-20260622-195014,TesolloCubePinch,TesolloCubePinch-20260622-201232-cubepinch_sb_none_s3,none,3,2,59,2.95,4.535643,4.569043,4.569043,2.688739,1.880304,1,0.793159,3682863
pinch,pinch_sweep_size_rand-20260622-195014,TesolloCubePinch,TesolloCubePinch-20260622-201232-cubepinch_sb_none_s3,none,3,2,60,3.0,4.535643,4.574416,4.574416,2.690112,1.884304,1,0.793147,3682863
pinch,pinch_sweep_size_rand-20260622-195014,TesolloCubePinch,TesolloCubePinch-20260622-201232-cubepinch_sb_none_s3,none,3,2,61,3.05,4.535643,4.581407,4.581407,2.692647,1.888759,1,0.793131,3682863
pinch,pinch_sweep_size_rand-20260622-195014,TesolloCubePinch,TesolloCubePinch-20260622-201232-cubepinch_sb_none_s3,none,3,2,62,3.1,4.535643,4.587216,4.587216,2.694269,1.892947,1,0.793114,3682863
pinch,pinch_sweep_size_rand-20260622-195014,TesolloCubePinch,TesolloCubePinch-20260622-201232-cubepinch_sb_none_s3,none,3,2,63,3.15,4.535643,4.594458,4.594458,2.696517,1.897941,1,0.793091,3682863
pinch,pinch_sweep_size_rand-20260622-195014,TesolloCubePinch,TesolloCubePinch-20260622-201232-cubepinch_sb_none_s3,none,3,2,64,3.2,4.535643,3.779228,3.779228,2.511274,1.267954,0,0.277679,3682863
pinch,pinch_sweep_size_rand-20260622-195014,TesolloCubePinch,TesolloCubePinch-20260622-201232-cubepinch_sb_none_s3,none,3,2,65,3.25,4.535643,4.869089,4.869089,2.698989,2.1701,0,0.290095,3682863
pinch,pinch_sweep_size_rand-20260622-195014,TesolloCubePinch,TesolloCubePinch-20260622-201232-cubepinch_sb_none_s3,none,3,2,66,3.3,4.535643,4.610211,4.610211,2.69997,1.910241,0,0.293031,3682863
pinch,pinch_sweep_size_rand-20260622-195014,TesolloCubePinch,TesolloCubePinch-20260622-201232-cubepinch_sb_none_s3,none,3,2,67,3.35,4.535643,4.616327,4.616327,2.70216,1.914167,0,0.293004,3682863
pinch,pinch_sweep_size_rand-20260622-195014,TesolloCubePinch,TesolloCubePinch-20260622-201232-cubepinch_sb_none_s3,none,3,2,68,3.4,4.535643,4.619615,4.619615,2.701642,1.917973,0,0.292988,3682863
pinch,pinch_sweep_size_rand-20260622-195014,TesolloCubePinch,TesolloCubePinch-20260622-201232-cubepinch_sb_none_s3,none,3,2,69,3.45,4.535643,4.624776,4.624776,2.703192,1.921584,0,0.292962,3682863
pinch,pinch_sweep_size_rand-20260622-195014,TesolloCubePinch,TesolloCubePinch-20260622-201232-cubepinch_sb_none_s3,none,3,2,70,3.5,4.535643,4.368313,4.368313,2.444323,1.923991,0,0.292402,3682863
pinch,pinch_sweep_size_rand-20260622-195014,TesolloCubePinch,TesolloCubePinch-20260622-201232-cubepinch_sb_none_s3,none,3,2,71,3.55,4.535643,4.39377,4.39377,2.70476,1.689009,0,0.29262,3682863
pinch,pinch_sweep_size_rand-20260622-195014,TesolloCubePinch,TesolloCubePinch-20260622-201232-cubepinch_sb_none_s3,none,3,2,72,3.6,4.535643,4.639582,4.639582,2.70609,1.933493,0,0.29288,3682863
pinch,pinch_sweep_size_rand-20260622-195014,TesolloCubePinch,TesolloCubePinch-20260622-201232-cubepinch_sb_none_s3,none,3,2,73,3.65,4.535643,4.642073,4.642073,2.705834,1.936239,0,0.292865,3682863
pinch,pinch_sweep_size_rand-20260622-195014,TesolloCubePinch,TesolloCubePinch-20260622-201232-cubepinch_sb_none_s3,none,3,2,74,3.7,4.535643,4.647472,4.647472,2.707036,1.940436,1,0.792831,3682863
pinch,pinch_sweep_size_rand-20260622-195014,TesolloCubePinch,TesolloCubePinch-20260622-201232-cubepinch_sb_none_s3,none,3,2,75,3.75,4.535643,3.74894,3.74894,1.806153,1.942787,0,0.276448,3682863
pinch,pinch_sweep_size_rand-20260622-195014,TesolloCubePinch,TesolloCubePinch-20260622-201232-cubepinch_sb_none_s3,none,3,2,76,3.8,4.535643,4.659301,4.659301,2.710061,1.949239,0,0.292751,3682863
pinch,pinch_sweep_size_rand-20260622-195014,TesolloCubePinch,TesolloCubePinch-20260622-201232-cubepinch_sb_none_s3,none,3,2,77,3.85,4.535643,4.660304,4.660304,2.709501,1.950804,0,0.292744,3682863
pinch,pinch_sweep_size_rand-20260622-195014,TesolloCubePinch,TesolloCubePinch-20260622-201232-cubepinch_sb_none_s3,none,3,2,78,3.9,4.535643,4.662931,4.662931,2.709234,1.953698,0,0.292724,3682863
pinch,pinch_sweep_size_rand-20260622-195014,TesolloCubePinch,TesolloCubePinch-20260622-201232-cubepinch_sb_none_s3,none,3,2,79,3.95,4.535643,4.667499,4.667499,2.709879,1.95762,0,0.29269,3682863
pinch,pinch_sweep_size_rand-20260622-195014,TesolloCubePinch,TesolloCubePinch-20260622-205744-cubepinch_sb_propriotarget_s1,proprio.target,1,0,0,0.0,3.602274,0.0,0.0,0.0,0.0,0,0.055257,3682863
pinch,pinch_sweep_size_rand-20260622-195014,TesolloCubePinch,TesolloCubePinch-20260622-205744-cubepinch_sb_propriotarget_s1,proprio.target,1,0,1,0.05,3.602274,0.0,0.0,0.0,0.0,0,0.058528,3682863
pinch,pinch_sweep_size_rand-20260622-195014,TesolloCubePinch,TesolloCubePinch-20260622-205744-cubepinch_sb_propriotarget_s1,proprio.target,1,0,2,0.1,3.602274,1.712734,0.0,0.0,1.712734,0,0.06092,3682863
pinch,pinch_sweep_size_rand-20260622-195014,TesolloCubePinch,TesolloCubePinch-20260622-205744-cubepinch_sb_propriotarget_s1,proprio.target,1,0,3,0.15,3.602274,0.0,0.0,0.0,0.0,0,0.060608,3682863
pinch,pinch_sweep_size_rand-20260622-195014,TesolloCubePinch,TesolloCubePinch-20260622-205744-cubepinch_sb_propriotarget_s1,proprio.target,1,0,4,0.2,3.602274,4.960779,4.960779,3.198226,1.762553,0,0.215997,3682863
pinch,pinch_sweep_size_rand-20260622-195014,TesolloCubePinch,TesolloCubePinch-20260622-205744-cubepinch_sb_propriotarget_s1,proprio.target,1,0,5,0.25,3.602274,4.72341,4.72341,2.950906,1.772504,0,0.235493,3682863
pinch,pinch_sweep_size_rand-20260622-195014,TesolloCubePinch,TesolloCubePinch-20260622-205744-cubepinch_sb_propriotarget_s1,proprio.target,1,0,6,0.3,3.602274,1.745341,0.0,0.0,1.745341,0,0.060134,3682863
pinch,pinch_sweep_size_rand-20260622-195014,TesolloCubePinch,TesolloCubePinch-20260622-205744-cubepinch_sb_propriotarget_s1,proprio.target,1,0,7,0.35,3.602274,4.860179,4.860179,3.018485,1.841694,0,0.223894,3682863
pinch,pinch_sweep_size_rand-20260622-195014,TesolloCubePinch,TesolloCubePinch-20260622-205744-cubepinch_sb_propriotarget_s1,proprio.target,1,0,8,0.4,3.602274,4.631563,4.631563,0.995785,3.635778,0,0.242019,3682863
pinch,pinch_sweep_size_rand-20260622-195014,TesolloCubePinch,TesolloCubePinch-20260622-205744-cubepinch_sb_propriotarget_s1,proprio.target,1,0,9,0.45,3.602274,4.273343,4.273343,3.013705,1.259638,0,0.265292,3682863
pinch,pinch_sweep_size_rand-20260622-195014,TesolloCubePinch,TesolloCubePinch-20260622-205744-cubepinch_sb_propriotarget_s1,proprio.target,1,0,10,0.5,3.602274,5.024187,5.024187,3.572072,1.452115,0,0.209165,3682863
pinch,pinch_sweep_size_rand-20260622-195014,TesolloCubePinch,TesolloCubePinch-20260622-205744-cubepinch_sb_propriotarget_s1,proprio.target,1,0,11,0.55,3.602274,4.671891,4.671891,3.246966,1.424925,0,0.238301,3682863
pinch,pinch_sweep_size_rand-20260622-195014,TesolloCubePinch,TesolloCubePinch-20260622-205744-cubepinch_sb_propriotarget_s1,proprio.target,1,0,12,0.6,3.602274,3.372594,3.372594,2.213908,1.158685,0,0.28186,3682863
pinch,pinch_sweep_size_rand-20260622-195014,TesolloCubePinch,TesolloCubePinch-20260622-205744-cubepinch_sb_propriotarget_s1,proprio.target,1,0,13,0.65,3.602274,3.27285,3.27285,2.287203,0.985647,0,0.27952,3682863
pinch,pinch_sweep_size_rand-20260622-195014,TesolloCubePinch,TesolloCubePinch-20260622-205744-cubepinch_sb_propriotarget_s1,proprio.target,1,0,14,0.7,3.602274,3.500482,3.500482,2.513938,0.986543,0,0.283866,3682863
pinch,pinch_sweep_size_rand-20260622-195014,TesolloCubePinch,TesolloCubePinch-20260622-205744-cubepinch_sb_propriotarget_s1,proprio.target,1,0,15,0.75,3.602274,3.20699,3.20699,2.138232,1.068758,0,0.277536,3682863
pinch,pinch_sweep_size_rand-20260622-195014,TesolloCubePinch,TesolloCubePinch-20260622-205744-cubepinch_sb_propriotarget_s1,proprio.target,1,0,16,0.8,3.602274,2.92397,2.92397,1.82617,1.097799,0,0.264808,3682863
pinch,pinch_sweep_size_rand-20260622-195014,TesolloCubePinch,TesolloCubePinch-20260622-205744-cubepinch_sb_propriotarget_s1,proprio.target,1,0,17,0.85,3.602274,3.7026,3.7026,2.589166,1.113433,0,0.283993,3682863
pinch,pinch_sweep_size_rand-20260622-195014,TesolloCubePinch,TesolloCubePinch-20260622-205744-cubepinch_sb_propriotarget_s1,proprio.target,1,0,18,0.9,3.602274,3.712725,3.712725,2.592585,1.120141,0,0.283928,3682863
pinch,pinch_sweep_size_rand-20260622-195014,TesolloCubePinch,TesolloCubePinch-20260622-205744-cubepinch_sb_propriotarget_s1,proprio.target,1,0,19,0.95,3.602274,3.71384,3.71384,2.593447,1.120394,0,0.283946,3682863
pinch,pinch_sweep_size_rand-20260622-195014,TesolloCubePinch,TesolloCubePinch-20260622-205744-cubepinch_sb_propriotarget_s1,proprio.target,1,0,20,1.0,3.602274,3.705209,3.705209,2.593808,1.111401,0,0.284057,3682863
pinch,pinch_sweep_size_rand-20260622-195014,TesolloCubePinch,TesolloCubePinch-20260622-205744-cubepinch_sb_propriotarget_s1,proprio.target,1,0,21,1.05,3.602274,3.089369,3.089369,1.982519,1.10685,1,0.773151,3682863
pinch,pinch_sweep_size_rand-20260622-195014,TesolloCubePinch,TesolloCubePinch-20260622-205744-cubepinch_sb_propriotarget_s1,proprio.target,1,0,22,1.1,3.602274,3.691567,3.691567,2.591492,1.100075,1,0.784227,3682863
pinch,pinch_sweep_size_rand-20260622-195014,TesolloCubePinch,TesolloCubePinch-20260622-205744-cubepinch_sb_propriotarget_s1,proprio.target,1,0,23,1.15,3.602274,3.683283,3.683283,2.590854,1.092429,1,0.784316,3682863
pinch,pinch_sweep_size_rand-20260622-195014,TesolloCubePinch,TesolloCubePinch-20260622-205744-cubepinch_sb_propriotarget_s1,proprio.target,1,0,24,1.2,3.602274,3.67709,3.67709,2.589817,1.087273,1,0.784385,3682863
pinch,pinch_sweep_size_rand-20260622-195014,TesolloCubePinch,TesolloCubePinch-20260622-205744-cubepinch_sb_propriotarget_s1,proprio.target,1,0,25,1.25,3.602274,3.672404,3.672404,2.588753,1.083652,1,0.78444,3682863
pinch,pinch_sweep_size_rand-20260622-195014,TesolloCubePinch,TesolloCubePinch-20260622-205744-cubepinch_sb_propriotarget_s1,proprio.target,1,0,26,1.3,3.602274,3.667021,3.667021,2.587223,1.079798,1,0.784498,3682863
pinch,pinch_sweep_size_rand-20260622-195014,TesolloCubePinch,TesolloCubePinch-20260622-205744-cubepinch_sb_propriotarget_s1,proprio.target,1,0,27,1.35,3.602274,3.674911,3.674911,2.586177,1.088734,1,0.784475,3682863
pinch,pinch_sweep_size_rand-20260622-195014,TesolloCubePinch,TesolloCubePinch-20260622-205744-cubepinch_sb_propriotarget_s1,proprio.target,1,0,28,1.4,3.602274,3.308806,3.308806,2.589201,0.719605,1,0.780943,3682863
pinch,pinch_sweep_size_rand-20260622-195014,TesolloCubePinch,TesolloCubePinch-20260622-205744-cubepinch_sb_propriotarget_s1,proprio.target,1,0,29,1.45,3.602274,4.656334,4.656334,2.583517,2.072817,0,0.240026,3682863
pinch,pinch_sweep_size_rand-20260622-195014,TesolloCubePinch,TesolloCubePinch-20260622-205744-cubepinch_sb_propriotarget_s1,proprio.target,1,0,30,1.5,3.602274,3.467886,3.467886,2.582784,0.885102,0,0.283983,3682863
pinch,pinch_sweep_size_rand-20260622-195014,TesolloCubePinch,TesolloCubePinch-20260622-205744-cubepinch_sb_propriotarget_s1,proprio.target,1,0,31,1.55,3.602274,3.585393,3.585393,2.113773,1.47162,0,0.284795,3682863
pinch,pinch_sweep_size_rand-20260622-195014,TesolloCubePinch,TesolloCubePinch-20260622-205744-cubepinch_sb_propriotarget_s1,proprio.target,1,0,32,1.6,3.602274,3.650308,3.650308,2.58037,1.069938,0,0.284729,3682863
pinch,pinch_sweep_size_rand-20260622-195014,TesolloCubePinch,TesolloCubePinch-20260622-205744-cubepinch_sb_propriotarget_s1,proprio.target,1,0,33,1.65,3.602274,3.46545,3.46545,2.579393,0.886057,0,0.284025,3682863
pinch,pinch_sweep_size_rand-20260622-195014,TesolloCubePinch,TesolloCubePinch-20260622-205744-cubepinch_sb_propriotarget_s1,proprio.target,1,0,34,1.7,3.602274,3.648518,3.648518,2.578291,1.070227,0,0.284783,3682863
pinch,pinch_sweep_size_rand-20260622-195014,TesolloCubePinch,TesolloCubePinch-20260622-205744-cubepinch_sb_propriotarget_s1,proprio.target,1,0,35,1.75,3.602274,3.649552,3.649552,2.577337,1.072216,0,0.284802,3682863
pinch,pinch_sweep_size_rand-20260622-195014,TesolloCubePinch,TesolloCubePinch-20260622-205744-cubepinch_sb_propriotarget_s1,proprio.target,1,0,36,1.8,3.602274,3.648592,3.648592,2.576164,1.072428,0,0.284829,3682863
pinch,pinch_sweep_size_rand-20260622-195014,TesolloCubePinch,TesolloCubePinch-20260622-205744-cubepinch_sb_propriotarget_s1,proprio.target,1,0,37,1.85,3.602274,3.218103,3.218103,2.130508,1.087595,0,0.278485,3682863
pinch,pinch_sweep_size_rand-20260622-195014,TesolloCubePinch,TesolloCubePinch-20260622-205744-cubepinch_sb_propriotarget_s1,proprio.target,1,0,38,1.9,3.602274,3.64839,3.64839,2.577761,1.070629,0,0.284875,3682863
pinch,pinch_sweep_size_rand-20260622-195014,TesolloCubePinch,TesolloCubePinch-20260622-205744-cubepinch_sb_propriotarget_s1,proprio.target,1,0,39,1.95,3.602274,3.647527,3.647527,2.57375,1.073778,1,0.784901,3682863
pinch,pinch_sweep_size_rand-20260622-195014,TesolloCubePinch,TesolloCubePinch-20260622-205744-cubepinch_sb_propriotarget_s1,proprio.target,1,0,40,2.0,3.602274,2.92964,2.92964,1.851922,1.077718,1,0.765728,3682863
pinch,pinch_sweep_size_rand-20260622-195014,TesolloCubePinch,TesolloCubePinch-20260622-205744-cubepinch_sb_propriotarget_s1,proprio.target,1,0,41,2.05,3.602274,3.653736,3.653736,2.571796,1.081939,1,0.784918,3682863
pinch,pinch_sweep_size_rand-20260622-195014,TesolloCubePinch,TesolloCubePinch-20260622-205744-cubepinch_sb_propriotarget_s1,proprio.target,1,0,42,2.1,3.602274,3.655042,3.655042,2.571011,1.084031,1,0.784933,3682863
pinch,pinch_sweep_size_rand-20260622-195014,TesolloCubePinch,TesolloCubePinch-20260622-205744-cubepinch_sb_propriotarget_s1,proprio.target,1,0,43,2.15,3.602274,3.660254,3.660254,2.570112,1.090142,1,0.784929,3682863
pinch,pinch_sweep_size_rand-20260622-195014,TesolloCubePinch,TesolloCubePinch-20260622-205744-cubepinch_sb_propriotarget_s1,proprio.target,1,0,44,2.2,3.602274,3.65951,3.65951,2.569499,1.090011,1,0.784954,3682863
pinch,pinch_sweep_size_rand-20260622-195014,TesolloCubePinch,TesolloCubePinch-20260622-205744-cubepinch_sb_propriotarget_s1,proprio.target,1,0,45,2.25,3.602274,3.9024,3.9024,2.568879,1.333521,1,0.781156,3682863
pinch,pinch_sweep_size_rand-20260622-195014,TesolloCubePinch,TesolloCubePinch-20260622-205744-cubepinch_sb_propriotarget_s1,proprio.target,1,0,46,2.3,3.602274,3.179176,3.179176,2.145098,1.034078,1,0.777325,3682863
pinch,pinch_sweep_size_rand-20260622-195014,TesolloCubePinch,TesolloCubePinch-20260622-205744-cubepinch_sb_propriotarget_s1,proprio.target,1,0,47,2.35,3.602274,2.894238,2.894238,1.795852,1.098385,1,0.763883,3682863
pinch,pinch_sweep_size_rand-20260622-195014,TesolloCubePinch,TesolloCubePinch-20260622-205744-cubepinch_sb_propriotarget_s1,proprio.target,1,0,48,2.4,3.602274,3.667834,3.667834,2.566782,1.101053,1,0.784992,3682863
pinch,pinch_sweep_size_rand-20260622-195014,TesolloCubePinch,TesolloCubePinch-20260622-205744-cubepinch_sb_propriotarget_s1,proprio.target,1,0,49,2.45,3.602274,3.670643,3.670643,2.566306,1.104337,1,0.784995,3682863
pinch,pinch_sweep_size_rand-20260622-195014,TesolloCubePinch,TesolloCubePinch-20260622-205744-cubepinch_sb_propriotarget_s1,proprio.target,1,0,50,2.5,3.602274,3.672867,3.672867,2.565634,1.107233,1,0.785002,3682863
pinch,pinch_sweep_size_rand-20260622-195014,TesolloCubePinch,TesolloCubePinch-20260622-205744-cubepinch_sb_propriotarget_s1,proprio.target,1,0,51,2.55,3.602274,3.67266,3.67266,2.565223,1.107436,1,0.785023,3682863
pinch,pinch_sweep_size_rand-20260622-195014,TesolloCubePinch,TesolloCubePinch-20260622-205744-cubepinch_sb_propriotarget_s1,proprio.target,1,0,52,2.6,3.602274,3.678767,3.678767,2.564548,1.114218,1,0.785004,3682863
pinch,pinch_sweep_size_rand-20260622-195014,TesolloCubePinch,TesolloCubePinch-20260622-205744-cubepinch_sb_propriotarget_s1,proprio.target,1,0,53,2.65,3.602274,3.68869,3.68869,2.564167,1.124523,1,0.784952,3682863
pinch,pinch_sweep_size_rand-20260622-195014,TesolloCubePinch,TesolloCubePinch-20260622-205744-cubepinch_sb_propriotarget_s1,proprio.target,1,0,54,2.7,3.602274,3.671379,3.671379,2.566126,1.105253,1,0.785092,3682863
pinch,pinch_sweep_size_rand-20260622-195014,TesolloCubePinch,TesolloCubePinch-20260622-205744-cubepinch_sb_propriotarget_s1,proprio.target,1,0,55,2.75,3.602274,3.682617,3.682617,2.563864,1.118753,1,0.785038,3682863
pinch,pinch_sweep_size_rand-20260622-195014,TesolloCubePinch,TesolloCubePinch-20260622-205744-cubepinch_sb_propriotarget_s1,proprio.target,1,0,56,2.8,3.602274,3.685083,3.685083,2.563089,1.121995,1,0.785039,3682863
pinch,pinch_sweep_size_rand-20260622-195014,TesolloCubePinch,TesolloCubePinch-20260622-205744-cubepinch_sb_propriotarget_s1,proprio.target,1,0,57,2.85,3.602274,3.688058,3.688058,2.562615,1.125443,1,0.785038,3682863
pinch,pinch_sweep_size_rand-20260622-195014,TesolloCubePinch,TesolloCubePinch-20260622-205744-cubepinch_sb_propriotarget_s1,proprio.target,1,0,58,2.9,3.602274,3.688375,3.688375,2.562327,1.126048,1,0.785054,3682863
pinch,pinch_sweep_size_rand-20260622-195014,TesolloCubePinch,TesolloCubePinch-20260622-205744-cubepinch_sb_propriotarget_s1,proprio.target,1,0,59,2.95,3.602274,3.69185,3.69185,2.561868,1.129982,1,0.785047,3682863
pinch,pinch_sweep_size_rand-20260622-195014,TesolloCubePinch,TesolloCubePinch-20260622-205744-cubepinch_sb_propriotarget_s1,proprio.target,1,0,60,3.0,3.602274,3.694633,3.694633,2.561633,1.133,1,0.785044,3682863
pinch,pinch_sweep_size_rand-20260622-195014,TesolloCubePinch,TesolloCubePinch-20260622-205744-cubepinch_sb_propriotarget_s1,proprio.target,1,0,61,3.05,3.602274,3.694997,3.694997,2.561261,1.133736,1,0.785061,3682863
pinch,pinch_sweep_size_rand-20260622-195014,TesolloCubePinch,TesolloCubePinch-20260622-205744-cubepinch_sb_propriotarget_s1,proprio.target,1,0,62,3.1,3.602274,3.697907,3.697907,2.561164,1.136743,1,0.785055,3682863
pinch,pinch_sweep_size_rand-20260622-195014,TesolloCubePinch,TesolloCubePinch-20260622-205744-cubepinch_sb_propriotarget_s1,proprio.target,1,0,63,3.15,3.602274,3.69961,3.69961,2.560843,1.138766,1,0.785061,3682863
pinch,pinch_sweep_size_rand-20260622-195014,TesolloCubePinch,TesolloCubePinch-20260622-205744-cubepinch_sb_propriotarget_s1,proprio.target,1,0,64,3.2,3.602274,3.15182,3.15182,2.000336,1.151484,1,0.776658,3682863
pinch,pinch_sweep_size_rand-20260622-195014,TesolloCubePinch,TesolloCubePinch-20260622-205744-cubepinch_sb_propriotarget_s1,proprio.target,1,0,65,3.25,3.602274,3.704223,3.704223,2.560662,1.143561,1,0.785059,3682863
pinch,pinch_sweep_size_rand-20260622-195014,TesolloCubePinch,TesolloCubePinch-20260622-205744-cubepinch_sb_propriotarget_s1,proprio.target,1,0,66,3.3,3.602274,3.705345,3.705345,2.560872,1.144472,1,0.785067,3682863
pinch,pinch_sweep_size_rand-20260622-195014,TesolloCubePinch,TesolloCubePinch-20260622-205744-cubepinch_sb_propriotarget_s1,proprio.target,1,0,67,3.35,3.602274,4.170197,4.170197,2.103187,2.067009,1,0.771651,3682863
pinch,pinch_sweep_size_rand-20260622-195014,TesolloCubePinch,TesolloCubePinch-20260622-205744-cubepinch_sb_propriotarget_s1,proprio.target,1,0,68,3.4,3.602274,3.705957,3.705957,2.558469,1.147488,1,0.7851,3682863
pinch,pinch_sweep_size_rand-20260622-195014,TesolloCubePinch,TesolloCubePinch-20260622-205744-cubepinch_sb_propriotarget_s1,proprio.target,1,0,69,3.45,3.602274,3.704105,3.704105,2.556671,1.147434,1,0.785137,3682863
pinch,pinch_sweep_size_rand-20260622-195014,TesolloCubePinch,TesolloCubePinch-20260622-205744-cubepinch_sb_propriotarget_s1,proprio.target,1,0,70,3.5,3.602274,3.704451,3.704451,2.557062,1.147389,1,0.785153,3682863
pinch,pinch_sweep_size_rand-20260622-195014,TesolloCubePinch,TesolloCubePinch-20260622-205744-cubepinch_sb_propriotarget_s1,proprio.target,1,0,71,3.55,3.602274,3.702875,3.702875,2.555851,1.147025,1,0.785187,3682863
pinch,pinch_sweep_size_rand-20260622-195014,TesolloCubePinch,TesolloCubePinch-20260622-205744-cubepinch_sb_propriotarget_s1,proprio.target,1,0,72,3.6,3.602274,3.704249,3.704249,2.556497,1.147752,1,0.785193,3682863
pinch,pinch_sweep_size_rand-20260622-195014,TesolloCubePinch,TesolloCubePinch-20260622-205744-cubepinch_sb_propriotarget_s1,proprio.target,1,0,73,3.65,3.602274,3.70221,3.70221,2.555578,1.146632,1,0.785232,3682863
pinch,pinch_sweep_size_rand-20260622-195014,TesolloCubePinch,TesolloCubePinch-20260622-205744-cubepinch_sb_propriotarget_s1,proprio.target,1,0,74,3.7,3.602274,3.704107,3.704107,2.555935,1.148171,1,0.785234,3682863
pinch,pinch_sweep_size_rand-20260622-195014,TesolloCubePinch,TesolloCubePinch-20260622-205744-cubepinch_sb_propriotarget_s1,proprio.target,1,0,75,3.75,3.602274,4.147248,4.147248,2.555499,1.591749,1,0.77288,3682863
pinch,pinch_sweep_size_rand-20260622-195014,TesolloCubePinch,TesolloCubePinch-20260622-205744-cubepinch_sb_propriotarget_s1,proprio.target,1,0,76,3.8,3.602274,2.772704,2.772704,1.624883,1.147821,0,0.256995,3682863
pinch,pinch_sweep_size_rand-20260622-195014,TesolloCubePinch,TesolloCubePinch-20260622-205744-cubepinch_sb_propriotarget_s1,proprio.target,1,0,77,3.85,3.602274,3.329127,3.329127,2.555967,0.77316,0,0.282465,3682863
pinch,pinch_sweep_size_rand-20260622-195014,TesolloCubePinch,TesolloCubePinch-20260622-205744-cubepinch_sb_propriotarget_s1,proprio.target,1,0,78,3.9,3.602274,3.70873,3.70873,2.562403,1.146326,0,0.28527,3682863
pinch,pinch_sweep_size_rand-20260622-195014,TesolloCubePinch,TesolloCubePinch-20260622-205744-cubepinch_sb_propriotarget_s1,proprio.target,1,0,79,3.95,3.602274,3.700431,3.700431,2.555254,1.145177,0,0.285364,3682863
pinch,pinch_sweep_size_rand-20260622-195014,TesolloCubePinch,TesolloCubePinch-20260622-205744-cubepinch_sb_propriotarget_s1,proprio.target,1,1,0,0.0,4.276002,0.0,0.0,0.0,0.0,0,0.055255,3682863
pinch,pinch_sweep_size_rand-20260622-195014,TesolloCubePinch,TesolloCubePinch-20260622-205744-cubepinch_sb_propriotarget_s1,proprio.target,1,1,1,0.05,4.276002,0.0,0.0,0.0,0.0,0,0.058572,3682863
pinch,pinch_sweep_size_rand-20260622-195014,TesolloCubePinch,TesolloCubePinch-20260622-205744-cubepinch_sb_propriotarget_s1,proprio.target,1,1,2,0.1,4.276002,1.888619,0.0,0.0,1.888619,0,0.061064,3682863
pinch,pinch_sweep_size_rand-20260622-195014,TesolloCubePinch,TesolloCubePinch-20260622-205744-cubepinch_sb_propriotarget_s1,proprio.target,1,1,3,0.15,4.276002,1.703741,0.0,0.0,1.703741,0,0.060628,3682863
pinch,pinch_sweep_size_rand-20260622-195014,TesolloCubePinch,TesolloCubePinch-20260622-205744-cubepinch_sb_propriotarget_s1,proprio.target,1,1,4,0.2,4.276002,4.768998,4.768998,2.838864,1.930134,0,0.278166,3682863
pinch,pinch_sweep_size_rand-20260622-195014,TesolloCubePinch,TesolloCubePinch-20260622-205744-cubepinch_sb_propriotarget_s1,proprio.target,1,1,5,0.25,4.276002,5.340223,5.340223,3.271427,2.068796,0,0.25238,3682863
pinch,pinch_sweep_size_rand-20260622-195014,TesolloCubePinch,TesolloCubePinch-20260622-205744-cubepinch_sb_propriotarget_s1,proprio.target,1,1,6,0.3,4.276002,4.466536,4.466536,2.944308,1.522228,0,0.283537,3682863
pinch,pinch_sweep_size_rand-20260622-195014,TesolloCubePinch,TesolloCubePinch-20260622-205744-cubepinch_sb_propriotarget_s1,proprio.target,1,1,7,0.35,4.276002,4.586164,4.586164,2.979729,1.606434,0,0.281351,3682863
pinch,pinch_sweep_size_rand-20260622-195014,TesolloCubePinch,TesolloCubePinch-20260622-205744-cubepinch_sb_propriotarget_s1,proprio.target,1,1,8,0.4,4.276002,5.221106,5.221106,3.585212,1.635894,0,0.257572,3682863
pinch,pinch_sweep_size_rand-20260622-195014,TesolloCubePinch,TesolloCubePinch-20260622-205744-cubepinch_sb_propriotarget_s1,proprio.target,1,1,9,0.45,4.276002,5.018077,5.018077,3.420236,1.597841,0,0.267421,3682863
pinch,pinch_sweep_size_rand-20260622-195014,TesolloCubePinch,TesolloCubePinch-20260622-205744-cubepinch_sb_propriotarget_s1,proprio.target,1,1,10,0.5,4.276002,5.077457,5.077457,3.56306,1.514397,0,0.264587,3682863
pinch,pinch_sweep_size_rand-20260622-195014,TesolloCubePinch,TesolloCubePinch-20260622-205744-cubepinch_sb_propriotarget_s1,proprio.target,1,1,11,0.55,4.276002,5.045614,5.045614,3.555073,1.490541,0,0.265938,3682863
pinch,pinch_sweep_size_rand-20260622-195014,TesolloCubePinch,TesolloCubePinch-20260622-205744-cubepinch_sb_propriotarget_s1,proprio.target,1,1,12,0.6,4.276002,4.684941,4.684941,3.128048,1.556893,0,0.278686,3682863
pinch,pinch_sweep_size_rand-20260622-195014,TesolloCubePinch,TesolloCubePinch-20260622-205744-cubepinch_sb_propriotarget_s1,proprio.target,1,1,13,0.65,4.276002,4.442336,4.442336,2.812665,1.62967,0,0.283047,3682863
pinch,pinch_sweep_size_rand-20260622-195014,TesolloCubePinch,TesolloCubePinch-20260622-205744-cubepinch_sb_propriotarget_s1,proprio.target,1,1,14,0.7,4.276002,4.119447,4.119447,2.623116,1.496331,0,0.283182,3682863
pinch,pinch_sweep_size_rand-20260622-195014,TesolloCubePinch,TesolloCubePinch-20260622-205744-cubepinch_sb_propriotarget_s1,proprio.target,1,1,15,0.75,4.276002,4.228049,4.228049,2.608061,1.619988,0,0.283905,3682863
pinch,pinch_sweep_size_rand-20260622-195014,TesolloCubePinch,TesolloCubePinch-20260622-205744-cubepinch_sb_propriotarget_s1,proprio.target,1,1,16,0.8,4.276002,4.241007,4.241007,2.564104,1.676903,0,0.283985,3682863
pinch,pinch_sweep_size_rand-20260622-195014,TesolloCubePinch,TesolloCubePinch-20260622-205744-cubepinch_sb_propriotarget_s1,proprio.target,1,1,17,0.85,4.276002,4.301741,4.301741,2.581823,1.719917,0,0.284042,3682863
pinch,pinch_sweep_size_rand-20260622-195014,TesolloCubePinch,TesolloCubePinch-20260622-205744-cubepinch_sb_propriotarget_s1,proprio.target,1,1,18,0.9,4.276002,4.420269,4.420269,2.583481,1.836788,0,0.283442,3682863
pinch,pinch_sweep_size_rand-20260622-195014,TesolloCubePinch,TesolloCubePinch-20260622-205744-cubepinch_sb_propriotarget_s1,proprio.target,1,1,19,0.95,4.276002,4.353048,4.353048,2.593863,1.759185,0,0.283943,3682863
pinch,pinch_sweep_size_rand-20260622-195014,TesolloCubePinch,TesolloCubePinch-20260622-205744-cubepinch_sb_propriotarget_s1,proprio.target,1,1,20,1.0,4.276002,4.359395,4.359395,2.579959,1.779436,0,0.283943,3682863
pinch,pinch_sweep_size_rand-20260622-195014,TesolloCubePinch,TesolloCubePinch-20260622-205744-cubepinch_sb_propriotarget_s1,proprio.target,1,1,21,1.05,4.276002,4.349095,4.349095,2.582044,1.767051,1,0.784025,3682863
pinch,pinch_sweep_size_rand-20260622-195014,TesolloCubePinch,TesolloCubePinch-20260622-205744-cubepinch_sb_propriotarget_s1,proprio.target,1,1,22,1.1,4.276002,4.339313,4.339313,2.581195,1.758118,1,0.784098,3682863
pinch,pinch_sweep_size_rand-20260622-195014,TesolloCubePinch,TesolloCubePinch-20260622-205744-cubepinch_sb_propriotarget_s1,proprio.target,1,1,23,1.15,4.276002,4.327327,4.327327,2.580403,1.746924,1,0.78417,3682863
pinch,pinch_sweep_size_rand-20260622-195014,TesolloCubePinch,TesolloCubePinch-20260622-205744-cubepinch_sb_propriotarget_s1,proprio.target,1,1,24,1.2,4.276002,4.319089,4.319089,2.578713,1.740376,1,0.784224,3682863
pinch,pinch_sweep_size_rand-20260622-195014,TesolloCubePinch,TesolloCubePinch-20260622-205744-cubepinch_sb_propriotarget_s1,proprio.target,1,1,25,1.25,4.276002,4.311153,4.311153,2.578591,1.732562,1,0.784272,3682863
pinch,pinch_sweep_size_rand-20260622-195014,TesolloCubePinch,TesolloCubePinch-20260622-205744-cubepinch_sb_propriotarget_s1,proprio.target,1,1,26,1.3,4.276002,4.304871,4.304871,2.577685,1.727186,1,0.784313,3682863
pinch,pinch_sweep_size_rand-20260622-195014,TesolloCubePinch,TesolloCubePinch-20260622-205744-cubepinch_sb_propriotarget_s1,proprio.target,1,1,27,1.35,4.276002,4.299508,4.299508,2.577332,1.722176,1,0.78435,3682863
pinch,pinch_sweep_size_rand-20260622-195014,TesolloCubePinch,TesolloCubePinch-20260622-205744-cubepinch_sb_propriotarget_s1,proprio.target,1,1,28,1.4,4.276002,4.294803,4.294803,2.576542,1.718261,1,0.784384,3682863
pinch,pinch_sweep_size_rand-20260622-195014,TesolloCubePinch,TesolloCubePinch-20260622-205744-cubepinch_sb_propriotarget_s1,proprio.target,1,1,29,1.45,4.276002,4.287475,4.287475,2.575713,1.711762,1,0.784418,3682863
pinch,pinch_sweep_size_rand-20260622-195014,TesolloCubePinch,TesolloCubePinch-20260622-205744-cubepinch_sb_propriotarget_s1,proprio.target,1,1,30,1.5,4.276002,4.283921,4.283921,2.574311,1.709609,1,0.784447,3682863
pinch,pinch_sweep_size_rand-20260622-195014,TesolloCubePinch,TesolloCubePinch-20260622-205744-cubepinch_sb_propriotarget_s1,proprio.target,1,1,31,1.55,4.276002,4.043831,4.043831,2.33711,1.706721,1,0.782785,3682863
pinch,pinch_sweep_size_rand-20260622-195014,TesolloCubePinch,TesolloCubePinch-20260622-205744-cubepinch_sb_propriotarget_s1,proprio.target,1,1,32,1.6,4.276002,4.278748,4.278748,2.573659,1.705089,1,0.784503,3682863
pinch,pinch_sweep_size_rand-20260622-195014,TesolloCubePinch,TesolloCubePinch-20260622-205744-cubepinch_sb_propriotarget_s1,proprio.target,1,1,33,1.65,4.276002,4.277386,4.277386,2.573166,1.70422,1,0.784529,3682863
pinch,pinch_sweep_size_rand-20260622-195014,TesolloCubePinch,TesolloCubePinch-20260622-205744-cubepinch_sb_propriotarget_s1,proprio.target,1,1,34,1.7,4.276002,4.274723,4.274723,2.572607,1.702116,1,0.784556,3682863
pinch,pinch_sweep_size_rand-20260622-195014,TesolloCubePinch,TesolloCubePinch-20260622-205744-cubepinch_sb_propriotarget_s1,proprio.target,1,1,35,1.75,4.276002,4.273257,4.273257,2.572086,1.701171,1,0.784581,3682863
pinch,pinch_sweep_size_rand-20260622-195014,TesolloCubePinch,TesolloCubePinch-20260622-205744-cubepinch_sb_propriotarget_s1,proprio.target,1,1,36,1.8,4.276002,4.272465,4.272465,2.57175,1.700715,1,0.784607,3682863
pinch,pinch_sweep_size_rand-20260622-195014,TesolloCubePinch,TesolloCubePinch-20260622-205744-cubepinch_sb_propriotarget_s1,proprio.target,1,1,37,1.85,4.276002,4.271748,4.271748,2.571221,1.700527,1,0.784633,3682863
pinch,pinch_sweep_size_rand-20260622-195014,TesolloCubePinch,TesolloCubePinch-20260622-205744-cubepinch_sb_propriotarget_s1,proprio.target,1,1,38,1.9,4.276002,3.830402,3.830402,2.233696,1.596706,1,0.778485,3682863
pinch,pinch_sweep_size_rand-20260622-195014,TesolloCubePinch,TesolloCubePinch-20260622-205744-cubepinch_sb_propriotarget_s1,proprio.target,1,1,39,1.95,4.276002,4.268221,4.268221,2.570209,1.698012,1,0.784682,3682863
pinch,pinch_sweep_size_rand-20260622-195014,TesolloCubePinch,TesolloCubePinch-20260622-205744-cubepinch_sb_propriotarget_s1,proprio.target,1,1,40,2.0,4.276002,3.702454,3.702454,2.570136,1.132318,1,0.774564,3682863
pinch,pinch_sweep_size_rand-20260622-195014,TesolloCubePinch,TesolloCubePinch-20260622-205744-cubepinch_sb_propriotarget_s1,proprio.target,1,1,41,2.05,4.276002,4.268084,4.268084,2.569532,1.698551,1,0.784732,3682863
pinch,pinch_sweep_size_rand-20260622-195014,TesolloCubePinch,TesolloCubePinch-20260622-205744-cubepinch_sb_propriotarget_s1,proprio.target,1,1,42,2.1,4.276002,4.267472,4.267472,2.56939,1.698082,1,0.784756,3682863
pinch,pinch_sweep_size_rand-20260622-195014,TesolloCubePinch,TesolloCubePinch-20260622-205744-cubepinch_sb_propriotarget_s1,proprio.target,1,1,43,2.15,4.276002,4.268338,4.268338,2.56891,1.699428,1,0.784781,3682863
pinch,pinch_sweep_size_rand-20260622-195014,TesolloCubePinch,TesolloCubePinch-20260622-205744-cubepinch_sb_propriotarget_s1,proprio.target,1,1,44,2.2,4.276002,4.269561,4.269561,2.568871,1.70069,1,0.784806,3682863
pinch,pinch_sweep_size_rand-20260622-195014,TesolloCubePinch,TesolloCubePinch-20260622-205744-cubepinch_sb_propriotarget_s1,proprio.target,1,1,45,2.25,4.276002,4.270662,4.270662,2.568557,1.702106,1,0.784831,3682863
pinch,pinch_sweep_size_rand-20260622-195014,TesolloCubePinch,TesolloCubePinch-20260622-205744-cubepinch_sb_propriotarget_s1,proprio.target,1,1,46,2.3,4.276002,4.273469,4.273469,2.568436,1.705033,1,0.784856,3682863
pinch,pinch_sweep_size_rand-20260622-195014,TesolloCubePinch,TesolloCubePinch-20260622-205744-cubepinch_sb_propriotarget_s1,proprio.target,1,1,47,2.35,4.276002,4.27666,4.27666,2.568315,1.708345,1,0.78488,3682863
pinch,pinch_sweep_size_rand-20260622-195014,TesolloCubePinch,TesolloCubePinch-20260622-205744-cubepinch_sb_propriotarget_s1,proprio.target,1,1,48,2.4,4.276002,4.278857,4.278857,2.568315,1.710542,1,0.784904,3682863
pinch,pinch_sweep_size_rand-20260622-195014,TesolloCubePinch,TesolloCubePinch-20260622-205744-cubepinch_sb_propriotarget_s1,proprio.target,1,1,49,2.45,4.276002,4.282757,4.282757,2.568078,1.714679,1,0.784927,3682863
pinch,pinch_sweep_size_rand-20260622-195014,TesolloCubePinch,TesolloCubePinch-20260622-205744-cubepinch_sb_propriotarget_s1,proprio.target,1,1,50,2.5,4.276002,4.284453,4.284453,2.568238,1.716215,1,0.78495,3682863
pinch,pinch_sweep_size_rand-20260622-195014,TesolloCubePinch,TesolloCubePinch-20260622-205744-cubepinch_sb_propriotarget_s1,proprio.target,1,1,51,2.55,4.276002,4.288838,4.288838,2.568142,1.720696,1,0.78497,3682863
pinch,pinch_sweep_size_rand-20260622-195014,TesolloCubePinch,TesolloCubePinch-20260622-205744-cubepinch_sb_propriotarget_s1,proprio.target,1,1,52,2.6,4.276002,4.291698,4.291698,2.568281,1.723418,1,0.784991,3682863
pinch,pinch_sweep_size_rand-20260622-195014,TesolloCubePinch,TesolloCubePinch-20260622-205744-cubepinch_sb_propriotarget_s1,proprio.target,1,1,53,2.65,4.276002,4.295062,4.295062,2.568398,1.726663,1,0.785011,3682863
pinch,pinch_sweep_size_rand-20260622-195014,TesolloCubePinch,TesolloCubePinch-20260622-205744-cubepinch_sb_propriotarget_s1,proprio.target,1,1,54,2.7,4.276002,4.298564,4.298564,2.568417,1.730147,1,0.78503,3682863
pinch,pinch_sweep_size_rand-20260622-195014,TesolloCubePinch,TesolloCubePinch-20260622-205744-cubepinch_sb_propriotarget_s1,proprio.target,1,1,55,2.75,4.276002,4.058625,4.058625,1.980097,2.078529,1,0.783586,3682863
pinch,pinch_sweep_size_rand-20260622-195014,TesolloCubePinch,TesolloCubePinch-20260622-205744-cubepinch_sb_propriotarget_s1,proprio.target,1,1,56,2.8,4.276002,4.305511,4.305511,2.568794,1.736717,1,0.785065,3682863
pinch,pinch_sweep_size_rand-20260622-195014,TesolloCubePinch,TesolloCubePinch-20260622-205744-cubepinch_sb_propriotarget_s1,proprio.target,1,1,57,2.85,4.276002,4.309498,4.309498,2.569132,1.740366,1,0.78508,3682863
pinch,pinch_sweep_size_rand-20260622-195014,TesolloCubePinch,TesolloCubePinch-20260622-205744-cubepinch_sb_propriotarget_s1,proprio.target,1,1,58,2.9,4.276002,4.313164,4.313164,2.569752,1.743412,1,0.785094,3682863
pinch,pinch_sweep_size_rand-20260622-195014,TesolloCubePinch,TesolloCubePinch-20260622-205744-cubepinch_sb_propriotarget_s1,proprio.target,1,1,59,2.95,4.276002,4.317993,4.317993,2.57021,1.747783,1,0.785105,3682863
pinch,pinch_sweep_size_rand-20260622-195014,TesolloCubePinch,TesolloCubePinch-20260622-205744-cubepinch_sb_propriotarget_s1,proprio.target,1,1,60,3.0,4.276002,4.319615,4.319615,2.569072,1.750544,1,0.785123,3682863
pinch,pinch_sweep_size_rand-20260622-195014,TesolloCubePinch,TesolloCubePinch-20260622-205744-cubepinch_sb_propriotarget_s1,proprio.target,1,1,61,3.05,4.276002,4.321697,4.321697,2.56886,1.752837,1,0.78514,3682863
pinch,pinch_sweep_size_rand-20260622-195014,TesolloCubePinch,TesolloCubePinch-20260622-205744-cubepinch_sb_propriotarget_s1,proprio.target,1,1,62,3.1,4.276002,4.322521,4.322521,2.568769,1.753751,1,0.78516,3682863
pinch,pinch_sweep_size_rand-20260622-195014,TesolloCubePinch,TesolloCubePinch-20260622-205744-cubepinch_sb_propriotarget_s1,proprio.target,1,1,63,3.15,4.276002,4.325694,4.325694,2.568932,1.756761,1,0.785173,3682863
pinch,pinch_sweep_size_rand-20260622-195014,TesolloCubePinch,TesolloCubePinch-20260622-205744-cubepinch_sb_propriotarget_s1,proprio.target,1,1,64,3.2,4.276002,3.580619,3.580619,1.823818,1.7568,1,0.770503,3682863
pinch,pinch_sweep_size_rand-20260622-195014,TesolloCubePinch,TesolloCubePinch-20260622-205744-cubepinch_sb_propriotarget_s1,proprio.target,1,1,65,3.25,4.276002,4.681671,4.681671,2.56948,2.11219,1,0.780167,3682863
pinch,pinch_sweep_size_rand-20260622-195014,TesolloCubePinch,TesolloCubePinch-20260622-205744-cubepinch_sb_propriotarget_s1,proprio.target,1,1,66,3.3,4.276002,4.324484,4.324484,2.570044,1.754439,1,0.785242,3682863
pinch,pinch_sweep_size_rand-20260622-195014,TesolloCubePinch,TesolloCubePinch-20260622-205744-cubepinch_sb_propriotarget_s1,proprio.target,1,1,67,3.35,4.276002,4.324817,4.324817,2.570632,1.754185,1,0.785263,3682863
pinch,pinch_sweep_size_rand-20260622-195014,TesolloCubePinch,TesolloCubePinch-20260622-205744-cubepinch_sb_propriotarget_s1,proprio.target,1,1,68,3.4,4.276002,4.32261,4.32261,2.571411,1.751199,1,0.785291,3682863
pinch,pinch_sweep_size_rand-20260622-195014,TesolloCubePinch,TesolloCubePinch-20260622-205744-cubepinch_sb_propriotarget_s1,proprio.target,1,1,69,3.45,4.276002,4.322066,4.322066,2.572188,1.749878,1,0.785314,3682863
pinch,pinch_sweep_size_rand-20260622-195014,TesolloCubePinch,TesolloCubePinch-20260622-205744-cubepinch_sb_propriotarget_s1,proprio.target,1,1,70,3.5,4.276002,4.322583,4.322583,2.572826,1.749757,1,0.785333,3682863
pinch,pinch_sweep_size_rand-20260622-195014,TesolloCubePinch,TesolloCubePinch-20260622-205744-cubepinch_sb_propriotarget_s1,proprio.target,1,1,71,3.55,4.276002,4.318397,4.318397,2.573123,1.745274,1,0.785366,3682863
pinch,pinch_sweep_size_rand-20260622-195014,TesolloCubePinch,TesolloCubePinch-20260622-205744-cubepinch_sb_propriotarget_s1,proprio.target,1,1,72,3.6,4.276002,4.059049,4.059049,2.574717,1.484332,1,0.783966,3682863
pinch,pinch_sweep_size_rand-20260622-195014,TesolloCubePinch,TesolloCubePinch-20260622-205744-cubepinch_sb_propriotarget_s1,proprio.target,1,1,73,3.65,4.276002,4.313452,4.313452,2.576102,1.73735,1,0.78542,3682863
pinch,pinch_sweep_size_rand-20260622-195014,TesolloCubePinch,TesolloCubePinch-20260622-205744-cubepinch_sb_propriotarget_s1,proprio.target,1,1,74,3.7,4.276002,4.312731,4.312731,2.577417,1.735315,1,0.785442,3682863
pinch,pinch_sweep_size_rand-20260622-195014,TesolloCubePinch,TesolloCubePinch-20260622-205744-cubepinch_sb_propriotarget_s1,proprio.target,1,1,75,3.75,4.276002,4.313862,4.313862,2.578654,1.735208,1,0.785459,3682863
pinch,pinch_sweep_size_rand-20260622-195014,TesolloCubePinch,TesolloCubePinch-20260622-205744-cubepinch_sb_propriotarget_s1,proprio.target,1,1,76,3.8,4.276002,4.30963,4.30963,2.578491,1.73114,1,0.785489,3682863
pinch,pinch_sweep_size_rand-20260622-195014,TesolloCubePinch,TesolloCubePinch-20260622-205744-cubepinch_sb_propriotarget_s1,proprio.target,1,1,77,3.85,4.276002,4.307731,4.307731,2.5813,1.726431,1,0.785513,3682863
pinch,pinch_sweep_size_rand-20260622-195014,TesolloCubePinch,TesolloCubePinch-20260622-205744-cubepinch_sb_propriotarget_s1,proprio.target,1,1,78,3.9,4.276002,4.305911,4.305911,2.582759,1.723152,1,0.785536,3682863
pinch,pinch_sweep_size_rand-20260622-195014,TesolloCubePinch,TesolloCubePinch-20260622-205744-cubepinch_sb_propriotarget_s1,proprio.target,1,1,79,3.95,4.276002,4.328624,4.328624,2.584633,1.743992,1,0.785497,3682863
pinch,pinch_sweep_size_rand-20260622-195014,TesolloCubePinch,TesolloCubePinch-20260622-205744-cubepinch_sb_propriotarget_s1,proprio.target,1,2,0,0.0,4.535643,0.0,0.0,0.0,0.0,0,0.055269,3682863
pinch,pinch_sweep_size_rand-20260622-195014,TesolloCubePinch,TesolloCubePinch-20260622-205744-cubepinch_sb_propriotarget_s1,proprio.target,1,2,1,0.05,4.535643,0.0,0.0,0.0,0.0,0,0.058617,3682863
pinch,pinch_sweep_size_rand-20260622-195014,TesolloCubePinch,TesolloCubePinch-20260622-205744-cubepinch_sb_propriotarget_s1,proprio.target,1,2,2,0.1,4.535643,0.0,0.0,0.0,0.0,0,0.060661,3682863
pinch,pinch_sweep_size_rand-20260622-195014,TesolloCubePinch,TesolloCubePinch-20260622-205744-cubepinch_sb_propriotarget_s1,proprio.target,1,2,3,0.15,4.535643,5.326011,5.326011,3.286286,2.039724,0,0.269166,3682863
pinch,pinch_sweep_size_rand-20260622-195014,TesolloCubePinch,TesolloCubePinch-20260622-205744-cubepinch_sb_propriotarget_s1,proprio.target,1,2,4,0.2,4.535643,5.258511,5.258511,3.042661,2.21585,0,0.271679,3682863
pinch,pinch_sweep_size_rand-20260622-195014,TesolloCubePinch,TesolloCubePinch-20260622-205744-cubepinch_sb_propriotarget_s1,proprio.target,1,2,5,0.25,4.535643,4.999274,4.999274,3.212405,1.786869,0,0.279207,3682863
pinch,pinch_sweep_size_rand-20260622-195014,TesolloCubePinch,TesolloCubePinch-20260622-205744-cubepinch_sb_propriotarget_s1,proprio.target,1,2,6,0.3,4.535643,1.717225,0.0,0.0,1.717225,0,0.059614,3682863
pinch,pinch_sweep_size_rand-20260622-195014,TesolloCubePinch,TesolloCubePinch-20260622-205744-cubepinch_sb_propriotarget_s1,proprio.target,1,2,7,0.35,4.535643,5.115673,5.115673,3.217073,1.8986,0,0.275212,3682863
pinch,pinch_sweep_size_rand-20260622-195014,TesolloCubePinch,TesolloCubePinch-20260622-205744-cubepinch_sb_propriotarget_s1,proprio.target,1,2,8,0.4,4.535643,5.69911,5.69911,3.235631,2.463478,0,0.249215,3682863
pinch,pinch_sweep_size_rand-20260622-195014,TesolloCubePinch,TesolloCubePinch-20260622-205744-cubepinch_sb_propriotarget_s1,proprio.target,1,2,9,0.45,4.535643,4.973234,4.973234,3.459504,1.51373,0,0.278964,3682863
pinch,pinch_sweep_size_rand-20260622-195014,TesolloCubePinch,TesolloCubePinch-20260622-205744-cubepinch_sb_propriotarget_s1,proprio.target,1,2,10,0.5,4.535643,5.020548,5.020548,3.537411,1.483137,0,0.277706,3682863
pinch,pinch_sweep_size_rand-20260622-195014,TesolloCubePinch,TesolloCubePinch-20260622-205744-cubepinch_sb_propriotarget_s1,proprio.target,1,2,11,0.55,4.535643,5.09566,5.09566,3.549562,1.546098,0,0.275494,3682863
pinch,pinch_sweep_size_rand-20260622-195014,TesolloCubePinch,TesolloCubePinch-20260622-205744-cubepinch_sb_propriotarget_s1,proprio.target,1,2,12,0.6,4.535643,5.184067,5.184067,3.524165,1.659902,0,0.272535,3682863
pinch,pinch_sweep_size_rand-20260622-195014,TesolloCubePinch,TesolloCubePinch-20260622-205744-cubepinch_sb_propriotarget_s1,proprio.target,1,2,13,0.65,4.535643,5.717705,5.717705,3.075875,2.641829,0,0.247813,3682863
pinch,pinch_sweep_size_rand-20260622-195014,TesolloCubePinch,TesolloCubePinch-20260622-205744-cubepinch_sb_propriotarget_s1,proprio.target,1,2,14,0.7,4.535643,3.633872,3.633872,1.577707,2.056165,0,0.262277,3682863
pinch,pinch_sweep_size_rand-20260622-195014,TesolloCubePinch,TesolloCubePinch-20260622-205744-cubepinch_sb_propriotarget_s1,proprio.target,1,2,15,0.75,4.535643,4.453138,4.453138,2.439188,2.013951,0,0.28388,3682863
pinch,pinch_sweep_size_rand-20260622-195014,TesolloCubePinch,TesolloCubePinch-20260622-205744-cubepinch_sb_propriotarget_s1,proprio.target,1,2,16,0.8,4.535643,4.656294,4.656294,2.566267,2.090028,0,0.283721,3682863
pinch,pinch_sweep_size_rand-20260622-195014,TesolloCubePinch,TesolloCubePinch-20260622-205744-cubepinch_sb_propriotarget_s1,proprio.target,1,2,17,0.85,4.535643,4.237341,4.237341,2.451585,1.785756,0,0.281703,3682863
pinch,pinch_sweep_size_rand-20260622-195014,TesolloCubePinch,TesolloCubePinch-20260622-205744-cubepinch_sb_propriotarget_s1,proprio.target,1,2,18,0.9,4.535643,4.746072,4.746072,2.453967,2.292105,0,0.282985,3682863
pinch,pinch_sweep_size_rand-20260622-195014,TesolloCubePinch,TesolloCubePinch-20260622-205744-cubepinch_sb_propriotarget_s1,proprio.target,1,2,19,0.95,4.535643,4.692406,4.692406,2.614005,2.078401,0,0.283572,3682863
pinch,pinch_sweep_size_rand-20260622-195014,TesolloCubePinch,TesolloCubePinch-20260622-205744-cubepinch_sb_propriotarget_s1,proprio.target,1,2,20,1.0,4.535643,4.704748,4.704748,2.603068,2.101679,0,0.283495,3682863
pinch,pinch_sweep_size_rand-20260622-195014,TesolloCubePinch,TesolloCubePinch-20260622-205744-cubepinch_sb_propriotarget_s1,proprio.target,1,2,21,1.05,4.535643,4.708535,4.708535,2.603044,2.10549,0,0.283495,3682863
pinch,pinch_sweep_size_rand-20260622-195014,TesolloCubePinch,TesolloCubePinch-20260622-205744-cubepinch_sb_propriotarget_s1,proprio.target,1,2,22,1.1,4.535643,4.707945,4.707945,2.60171,2.106235,0,0.283534,3682863
pinch,pinch_sweep_size_rand-20260622-195014,TesolloCubePinch,TesolloCubePinch-20260622-205744-cubepinch_sb_propriotarget_s1,proprio.target,1,2,23,1.15,4.535643,3.095896,3.095896,0.986129,2.109768,0,0.232631,3682863
pinch,pinch_sweep_size_rand-20260622-195014,TesolloCubePinch,TesolloCubePinch-20260622-205744-cubepinch_sb_propriotarget_s1,proprio.target,1,2,24,1.2,4.535643,4.711292,4.711292,2.599484,2.111808,0,0.283568,3682863
pinch,pinch_sweep_size_rand-20260622-195014,TesolloCubePinch,TesolloCubePinch-20260622-205744-cubepinch_sb_propriotarget_s1,proprio.target,1,2,25,1.25,4.535643,4.55171,4.55171,2.598929,1.95278,0,0.284455,3682863
pinch,pinch_sweep_size_rand-20260622-195014,TesolloCubePinch,TesolloCubePinch-20260622-205744-cubepinch_sb_propriotarget_s1,proprio.target,1,2,26,1.3,4.535643,4.711273,4.711273,2.59814,2.113134,0,0.283631,3682863
pinch,pinch_sweep_size_rand-20260622-195014,TesolloCubePinch,TesolloCubePinch-20260622-205744-cubepinch_sb_propriotarget_s1,proprio.target,1,2,27,1.35,4.535643,4.712616,4.712616,2.596832,2.115785,0,0.283649,3682863
pinch,pinch_sweep_size_rand-20260622-195014,TesolloCubePinch,TesolloCubePinch-20260622-205744-cubepinch_sb_propriotarget_s1,proprio.target,1,2,28,1.4,4.535643,4.714605,4.714605,2.596612,2.117993,0,0.28366,3682863
pinch,pinch_sweep_size_rand-20260622-195014,TesolloCubePinch,TesolloCubePinch-20260622-205744-cubepinch_sb_propriotarget_s1,proprio.target,1,2,29,1.45,4.535643,4.716356,4.716356,2.596542,2.119814,0,0.283674,3682863
pinch,pinch_sweep_size_rand-20260622-195014,TesolloCubePinch,TesolloCubePinch-20260622-205744-cubepinch_sb_propriotarget_s1,proprio.target,1,2,30,1.5,4.535643,4.704343,4.704343,2.595925,2.108418,0,0.28382,3682863
pinch,pinch_sweep_size_rand-20260622-195014,TesolloCubePinch,TesolloCubePinch-20260622-205744-cubepinch_sb_propriotarget_s1,proprio.target,1,2,31,1.55,4.535643,4.717868,4.717868,2.594698,2.12317,0,0.283718,3682863
pinch,pinch_sweep_size_rand-20260622-195014,TesolloCubePinch,TesolloCubePinch-20260622-205744-cubepinch_sb_propriotarget_s1,proprio.target,1,2,32,1.6,4.535643,4.720775,4.720775,2.594827,2.125947,0,0.283718,3682863
pinch,pinch_sweep_size_rand-20260622-195014,TesolloCubePinch,TesolloCubePinch-20260622-205744-cubepinch_sb_propriotarget_s1,proprio.target,1,2,33,1.65,4.535643,4.722742,4.722742,2.594585,2.128157,1,0.783727,3682863
pinch,pinch_sweep_size_rand-20260622-195014,TesolloCubePinch,TesolloCubePinch-20260622-205744-cubepinch_sb_propriotarget_s1,proprio.target,1,2,34,1.7,4.535643,4.722606,4.722606,2.594445,2.12816,1,0.783757,3682863
pinch,pinch_sweep_size_rand-20260622-195014,TesolloCubePinch,TesolloCubePinch-20260622-205744-cubepinch_sb_propriotarget_s1,proprio.target,1,2,35,1.75,4.535643,4.015472,4.015472,2.593424,1.422048,1,0.777304,3682863
pinch,pinch_sweep_size_rand-20260622-195014,TesolloCubePinch,TesolloCubePinch-20260622-205744-cubepinch_sb_propriotarget_s1,proprio.target,1,2,36,1.8,4.535643,4.729177,4.729177,2.593867,2.13531,1,0.783745,3682863
pinch,pinch_sweep_size_rand-20260622-195014,TesolloCubePinch,TesolloCubePinch-20260622-205744-cubepinch_sb_propriotarget_s1,proprio.target,1,2,37,1.85,4.535643,4.732123,4.732123,2.593509,2.138614,1,0.783741,3682863
pinch,pinch_sweep_size_rand-20260622-195014,TesolloCubePinch,TesolloCubePinch-20260622-205744-cubepinch_sb_propriotarget_s1,proprio.target,1,2,38,1.9,4.535643,4.72492,4.72492,2.593669,2.131251,1,0.783846,3682863
pinch,pinch_sweep_size_rand-20260622-195014,TesolloCubePinch,TesolloCubePinch-20260622-205744-cubepinch_sb_propriotarget_s1,proprio.target,1,2,39,1.95,4.535643,4.719046,4.719046,2.592689,2.126357,1,0.783935,3682863
pinch,pinch_sweep_size_rand-20260622-195014,TesolloCubePinch,TesolloCubePinch-20260622-205744-cubepinch_sb_propriotarget_s1,proprio.target,1,2,40,2.0,4.535643,3.889484,3.889484,2.474925,1.414559,1,0.773487,3682863
pinch,pinch_sweep_size_rand-20260622-195014,TesolloCubePinch,TesolloCubePinch-20260622-205744-cubepinch_sb_propriotarget_s1,proprio.target,1,2,41,2.05,4.535643,4.834593,4.834593,2.592824,2.241768,1,0.78244,3682863
pinch,pinch_sweep_size_rand-20260622-195014,TesolloCubePinch,TesolloCubePinch-20260622-205744-cubepinch_sb_propriotarget_s1,proprio.target,1,2,42,2.1,4.535643,4.705492,4.705492,2.592872,2.112621,1,0.784149,3682863
pinch,pinch_sweep_size_rand-20260622-195014,TesolloCubePinch,TesolloCubePinch-20260622-205744-cubepinch_sb_propriotarget_s1,proprio.target,1,2,43,2.15,4.535643,4.699279,4.699279,2.592834,2.106445,1,0.784233,3682863
pinch,pinch_sweep_size_rand-20260622-195014,TesolloCubePinch,TesolloCubePinch-20260622-205744-cubepinch_sb_propriotarget_s1,proprio.target,1,2,44,2.2,4.535643,4.756169,4.756169,2.378901,2.377268,1,0.78365,3682863
pinch,pinch_sweep_size_rand-20260622-195014,TesolloCubePinch,TesolloCubePinch-20260622-205744-cubepinch_sb_propriotarget_s1,proprio.target,1,2,45,2.25,4.535643,4.693047,4.693047,2.592769,2.100278,1,0.784341,3682863
pinch,pinch_sweep_size_rand-20260622-195014,TesolloCubePinch,TesolloCubePinch-20260622-205744-cubepinch_sb_propriotarget_s1,proprio.target,1,2,46,2.3,4.535643,4.689361,4.689361,2.592854,2.096506,1,0.784399,3682863
pinch,pinch_sweep_size_rand-20260622-195014,TesolloCubePinch,TesolloCubePinch-20260622-205744-cubepinch_sb_propriotarget_s1,proprio.target,1,2,47,2.35,4.535643,4.374418,4.374418,2.593257,1.781161,1,0.784358,3682863
pinch,pinch_sweep_size_rand-20260622-195014,TesolloCubePinch,TesolloCubePinch-20260622-205744-cubepinch_sb_propriotarget_s1,proprio.target,1,2,48,2.4,4.535643,4.684504,4.684504,2.593457,2.091047,1,0.78449,3682863
pinch,pinch_sweep_size_rand-20260622-195014,TesolloCubePinch,TesolloCubePinch-20260622-205744-cubepinch_sb_propriotarget_s1,proprio.target,1,2,49,2.45,4.535643,4.680399,4.680399,2.594515,2.085884,1,0.784548,3682863
pinch,pinch_sweep_size_rand-20260622-195014,TesolloCubePinch,TesolloCubePinch-20260622-205744-cubepinch_sb_propriotarget_s1,proprio.target,1,2,50,2.5,4.535643,4.675204,4.675204,2.593594,2.08161,1,0.784614,3682863
pinch,pinch_sweep_size_rand-20260622-195014,TesolloCubePinch,TesolloCubePinch-20260622-205744-cubepinch_sb_propriotarget_s1,proprio.target,1,2,51,2.55,4.535643,4.671412,4.671412,2.593941,2.077471,1,0.784668,3682863
pinch,pinch_sweep_size_rand-20260622-195014,TesolloCubePinch,TesolloCubePinch-20260622-205744-cubepinch_sb_propriotarget_s1,proprio.target,1,2,52,2.6,4.535643,3.284431,3.284431,2.592865,0.691566,0,0.245024,3682863
pinch,pinch_sweep_size_rand-20260622-195014,TesolloCubePinch,TesolloCubePinch-20260622-205744-cubepinch_sb_propriotarget_s1,proprio.target,1,2,53,2.65,4.535643,4.663047,4.663047,2.593374,2.069673,0,0.284778,3682863
pinch,pinch_sweep_size_rand-20260622-195014,TesolloCubePinch,TesolloCubePinch-20260622-205744-cubepinch_sb_propriotarget_s1,proprio.target,1,2,54,2.7,4.535643,4.657593,4.657593,2.593401,2.064192,0,0.28484,3682863
pinch,pinch_sweep_size_rand-20260622-195014,TesolloCubePinch,TesolloCubePinch-20260622-205744-cubepinch_sb_propriotarget_s1,proprio.target,1,2,55,2.75,4.535643,4.653901,4.653901,2.593509,2.060392,0,0.284888,3682863
pinch,pinch_sweep_size_rand-20260622-195014,TesolloCubePinch,TesolloCubePinch-20260622-205744-cubepinch_sb_propriotarget_s1,proprio.target,1,2,56,2.8,4.535643,4.647686,4.647686,2.593961,2.053725,0,0.284952,3682863
pinch,pinch_sweep_size_rand-20260622-195014,TesolloCubePinch,TesolloCubePinch-20260622-205744-cubepinch_sb_propriotarget_s1,proprio.target,1,2,57,2.85,4.535643,4.643891,4.643891,2.594801,2.049091,0,0.284998,3682863
pinch,pinch_sweep_size_rand-20260622-195014,TesolloCubePinch,TesolloCubePinch-20260622-205744-cubepinch_sb_propriotarget_s1,proprio.target,1,2,58,2.9,4.535643,4.640115,4.640115,2.594783,2.045332,0,0.285044,3682863
pinch,pinch_sweep_size_rand-20260622-195014,TesolloCubePinch,TesolloCubePinch-20260622-205744-cubepinch_sb_propriotarget_s1,proprio.target,1,2,59,2.95,4.535643,4.977833,4.977833,2.596255,2.381578,0,0.27996,3682863
pinch,pinch_sweep_size_rand-20260622-195014,TesolloCubePinch,TesolloCubePinch-20260622-205744-cubepinch_sb_propriotarget_s1,proprio.target,1,2,60,3.0,4.535643,4.639005,4.639005,2.596571,2.042434,0,0.285095,3682863
pinch,pinch_sweep_size_rand-20260622-195014,TesolloCubePinch,TesolloCubePinch-20260622-205744-cubepinch_sb_propriotarget_s1,proprio.target,1,2,61,3.05,4.535643,3.838701,3.838701,1.798107,2.040594,0,0.272188,3682863
pinch,pinch_sweep_size_rand-20260622-195014,TesolloCubePinch,TesolloCubePinch-20260622-205744-cubepinch_sb_propriotarget_s1,proprio.target,1,2,62,3.1,4.535643,4.393797,4.393797,2.598686,1.795111,1,0.784877,3682863
pinch,pinch_sweep_size_rand-20260622-195014,TesolloCubePinch,TesolloCubePinch-20260622-205744-cubepinch_sb_propriotarget_s1,proprio.target,1,2,63,3.15,4.535643,4.637796,4.637796,2.599855,2.037941,1,0.78517,3682863
pinch,pinch_sweep_size_rand-20260622-195014,TesolloCubePinch,TesolloCubePinch-20260622-205744-cubepinch_sb_propriotarget_s1,proprio.target,1,2,64,3.2,4.535643,4.366333,4.366333,2.328968,2.037366,1,0.784683,3682863
pinch,pinch_sweep_size_rand-20260622-195014,TesolloCubePinch,TesolloCubePinch-20260622-205744-cubepinch_sb_propriotarget_s1,proprio.target,1,2,65,3.25,4.535643,4.025355,4.025355,2.078965,1.94639,1,0.778324,3682863
pinch,pinch_sweep_size_rand-20260622-195014,TesolloCubePinch,TesolloCubePinch-20260622-205744-cubepinch_sb_propriotarget_s1,proprio.target,1,2,66,3.3,4.535643,4.640516,4.640516,2.603674,2.036842,1,0.785219,3682863
pinch,pinch_sweep_size_rand-20260622-195014,TesolloCubePinch,TesolloCubePinch-20260622-205744-cubepinch_sb_propriotarget_s1,proprio.target,1,2,67,3.35,4.535643,4.413255,4.413255,2.379688,2.033567,1,0.78513,3682863
pinch,pinch_sweep_size_rand-20260622-195014,TesolloCubePinch,TesolloCubePinch-20260622-205744-cubepinch_sb_propriotarget_s1,proprio.target,1,2,68,3.4,4.535643,4.632854,4.632854,2.607038,2.025816,1,0.785305,3682863
pinch,pinch_sweep_size_rand-20260622-195014,TesolloCubePinch,TesolloCubePinch-20260622-205744-cubepinch_sb_propriotarget_s1,proprio.target,1,2,69,3.45,4.535643,4.625875,4.625875,2.608345,2.017529,1,0.785363,3682863
pinch,pinch_sweep_size_rand-20260622-195014,TesolloCubePinch,TesolloCubePinch-20260622-205744-cubepinch_sb_propriotarget_s1,proprio.target,1,2,70,3.5,4.535643,4.61768,4.61768,2.61005,2.00763,1,0.785423,3682863
pinch,pinch_sweep_size_rand-20260622-195014,TesolloCubePinch,TesolloCubePinch-20260622-205744-cubepinch_sb_propriotarget_s1,proprio.target,1,2,71,3.55,4.535643,4.615713,4.615713,2.611846,2.003867,1,0.785451,3682863
pinch,pinch_sweep_size_rand-20260622-195014,TesolloCubePinch,TesolloCubePinch-20260622-205744-cubepinch_sb_propriotarget_s1,proprio.target,1,2,72,3.6,4.535643,4.603693,4.603693,2.612391,1.991302,1,0.785521,3682863
pinch,pinch_sweep_size_rand-20260622-195014,TesolloCubePinch,TesolloCubePinch-20260622-205744-cubepinch_sb_propriotarget_s1,proprio.target,1,2,73,3.65,4.535643,4.595702,4.595702,2.615151,1.980551,1,0.785569,3682863
pinch,pinch_sweep_size_rand-20260622-195014,TesolloCubePinch,TesolloCubePinch-20260622-205744-cubepinch_sb_propriotarget_s1,proprio.target,1,2,74,3.7,4.535643,4.587447,4.587447,2.617168,1.970279,1,0.785614,3682863
pinch,pinch_sweep_size_rand-20260622-195014,TesolloCubePinch,TesolloCubePinch-20260622-205744-cubepinch_sb_propriotarget_s1,proprio.target,1,2,75,3.75,4.535643,4.580926,4.580926,2.619479,1.961447,1,0.785651,3682863
pinch,pinch_sweep_size_rand-20260622-195014,TesolloCubePinch,TesolloCubePinch-20260622-205744-cubepinch_sb_propriotarget_s1,proprio.target,1,2,76,3.8,4.535643,4.576993,4.576993,2.621445,1.955549,1,0.785679,3682863
pinch,pinch_sweep_size_rand-20260622-195014,TesolloCubePinch,TesolloCubePinch-20260622-205744-cubepinch_sb_propriotarget_s1,proprio.target,1,2,77,3.85,4.535643,4.567583,4.567583,2.622872,1.944711,1,0.785717,3682863
pinch,pinch_sweep_size_rand-20260622-195014,TesolloCubePinch,TesolloCubePinch-20260622-205744-cubepinch_sb_propriotarget_s1,proprio.target,1,2,78,3.9,4.535643,4.559413,4.559413,2.625644,1.933768,1,0.785748,3682863
pinch,pinch_sweep_size_rand-20260622-195014,TesolloCubePinch,TesolloCubePinch-20260622-205744-cubepinch_sb_propriotarget_s1,proprio.target,1,2,79,3.95,4.535643,4.582393,4.582393,2.628157,1.954236,1,0.78572,3682863
pinch,pinch_sweep_size_rand-20260622-195014,TesolloCubePinch,TesolloCubePinch-20260622-210903-cubepinch_sb_propriotarget_s2,proprio.target,2,0,0,0.0,3.602274,0.0,0.0,0.0,0.0,0,0.054841,3682863
pinch,pinch_sweep_size_rand-20260622-195014,TesolloCubePinch,TesolloCubePinch-20260622-210903-cubepinch_sb_propriotarget_s2,proprio.target,2,0,1,0.05,3.602274,0.0,0.0,0.0,0.0,0,0.058543,3682863
pinch,pinch_sweep_size_rand-20260622-195014,TesolloCubePinch,TesolloCubePinch-20260622-210903-cubepinch_sb_propriotarget_s2,proprio.target,2,0,2,0.1,3.602274,5.422967,5.422967,3.180938,2.242029,0,0.175489,3682863
pinch,pinch_sweep_size_rand-20260622-195014,TesolloCubePinch,TesolloCubePinch-20260622-210903-cubepinch_sb_propriotarget_s2,proprio.target,2,0,3,0.15,3.602274,2.934162,0.0,2.934162,0.0,0,0.061398,3682863
pinch,pinch_sweep_size_rand-20260622-195014,TesolloCubePinch,TesolloCubePinch-20260622-210903-cubepinch_sb_propriotarget_s2,proprio.target,2,0,4,0.2,3.602274,4.918137,4.918137,3.186991,1.731146,0,0.220621,3682863
pinch,pinch_sweep_size_rand-20260622-195014,TesolloCubePinch,TesolloCubePinch-20260622-210903-cubepinch_sb_propriotarget_s2,proprio.target,2,0,5,0.25,3.602274,4.906617,4.906617,3.239926,1.666691,0,0.221585,3682863
pinch,pinch_sweep_size_rand-20260622-195014,TesolloCubePinch,TesolloCubePinch-20260622-210903-cubepinch_sb_propriotarget_s2,proprio.target,2,0,6,0.3,3.602274,0.0,0.0,0.0,0.0,0,0.061031,3682863
pinch,pinch_sweep_size_rand-20260622-195014,TesolloCubePinch,TesolloCubePinch-20260622-210903-cubepinch_sb_propriotarget_s2,proprio.target,2,0,7,0.35,3.602274,2.777514,0.0,2.777514,0.0,0,0.06059,3682863
pinch,pinch_sweep_size_rand-20260622-195014,TesolloCubePinch,TesolloCubePinch-20260622-210903-cubepinch_sb_propriotarget_s2,proprio.target,2,0,8,0.4,3.602274,2.612029,0.0,2.612029,0.0,0,0.060718,3682863
pinch,pinch_sweep_size_rand-20260622-195014,TesolloCubePinch,TesolloCubePinch-20260622-210903-cubepinch_sb_propriotarget_s2,proprio.target,2,0,9,0.45,3.602274,3.4499,0.0,3.4499,0.0,0,0.060882,3682863
pinch,pinch_sweep_size_rand-20260622-195014,TesolloCubePinch,TesolloCubePinch-20260622-210903-cubepinch_sb_propriotarget_s2,proprio.target,2,0,10,0.5,3.602274,7.644931,7.644931,3.608188,4.036743,0,0.049761,3682863
pinch,pinch_sweep_size_rand-20260622-195014,TesolloCubePinch,TesolloCubePinch-20260622-210903-cubepinch_sb_propriotarget_s2,proprio.target,2,0,11,0.55,3.602274,4.001561,4.001561,2.399274,1.602287,0,0.27925,3682863
pinch,pinch_sweep_size_rand-20260622-195014,TesolloCubePinch,TesolloCubePinch-20260622-210903-cubepinch_sb_propriotarget_s2,proprio.target,2,0,12,0.6,3.602274,3.939533,3.939533,2.717661,1.221872,0,0.281022,3682863
pinch,pinch_sweep_size_rand-20260622-195014,TesolloCubePinch,TesolloCubePinch-20260622-210903-cubepinch_sb_propriotarget_s2,proprio.target,2,0,13,0.65,3.602274,3.662442,3.662442,2.672633,0.989808,0,0.285813,3682863
pinch,pinch_sweep_size_rand-20260622-195014,TesolloCubePinch,TesolloCubePinch-20260622-210903-cubepinch_sb_propriotarget_s2,proprio.target,2,0,14,0.7,3.602274,3.935329,3.935329,2.570922,1.364407,0,0.281149,3682863
pinch,pinch_sweep_size_rand-20260622-195014,TesolloCubePinch,TesolloCubePinch-20260622-210903-cubepinch_sb_propriotarget_s2,proprio.target,2,0,15,0.75,3.602274,3.637256,3.637256,2.485133,1.152123,0,0.286035,3682863
pinch,pinch_sweep_size_rand-20260622-195014,TesolloCubePinch,TesolloCubePinch-20260622-210903-cubepinch_sb_propriotarget_s2,proprio.target,2,0,16,0.8,3.602274,3.468707,3.468707,2.441,1.027707,0,0.285314,3682863
pinch,pinch_sweep_size_rand-20260622-195014,TesolloCubePinch,TesolloCubePinch-20260622-210903-cubepinch_sb_propriotarget_s2,proprio.target,2,0,17,0.85,3.602274,3.545973,3.545973,2.455791,1.090183,0,0.285977,3682863
pinch,pinch_sweep_size_rand-20260622-195014,TesolloCubePinch,TesolloCubePinch-20260622-210903-cubepinch_sb_propriotarget_s2,proprio.target,2,0,18,0.9,3.602274,3.524201,3.524201,2.452256,1.071944,0,0.285861,3682863
pinch,pinch_sweep_size_rand-20260622-195014,TesolloCubePinch,TesolloCubePinch-20260622-210903-cubepinch_sb_propriotarget_s2,proprio.target,2,0,19,0.95,3.602274,3.560041,3.560041,2.465596,1.094446,0,0.28607,3682863
pinch,pinch_sweep_size_rand-20260622-195014,TesolloCubePinch,TesolloCubePinch-20260622-210903-cubepinch_sb_propriotarget_s2,proprio.target,2,0,20,1.0,3.602274,3.59024,3.59024,2.46574,1.1245,1,0.786162,3682863
pinch,pinch_sweep_size_rand-20260622-195014,TesolloCubePinch,TesolloCubePinch-20260622-210903-cubepinch_sb_propriotarget_s2,proprio.target,2,0,21,1.05,3.602274,3.63565,3.63565,2.472458,1.163192,1,0.786139,3682863
pinch,pinch_sweep_size_rand-20260622-195014,TesolloCubePinch,TesolloCubePinch-20260622-210903-cubepinch_sb_propriotarget_s2,proprio.target,2,0,22,1.1,3.602274,3.683993,3.683993,2.476485,1.207508,1,0.785915,3682863
pinch,pinch_sweep_size_rand-20260622-195014,TesolloCubePinch,TesolloCubePinch-20260622-210903-cubepinch_sb_propriotarget_s2,proprio.target,2,0,23,1.15,3.602274,3.735213,3.735213,2.480559,1.254654,1,0.785452,3682863
pinch,pinch_sweep_size_rand-20260622-195014,TesolloCubePinch,TesolloCubePinch-20260622-210903-cubepinch_sb_propriotarget_s2,proprio.target,2,0,24,1.2,3.602274,3.792197,3.792197,2.483876,1.308321,1,0.784665,3682863
pinch,pinch_sweep_size_rand-20260622-195014,TesolloCubePinch,TesolloCubePinch-20260622-210903-cubepinch_sb_propriotarget_s2,proprio.target,2,0,25,1.25,3.602274,3.159482,3.159482,2.02742,1.132062,1,0.777737,3682863
pinch,pinch_sweep_size_rand-20260622-195014,TesolloCubePinch,TesolloCubePinch-20260622-210903-cubepinch_sb_propriotarget_s2,proprio.target,2,0,26,1.3,3.602274,3.823663,3.823663,2.489673,1.33399,1,0.784144,3682863
pinch,pinch_sweep_size_rand-20260622-195014,TesolloCubePinch,TesolloCubePinch-20260622-210903-cubepinch_sb_propriotarget_s2,proprio.target,2,0,27,1.35,3.602274,3.817239,3.817239,2.49195,1.325289,1,0.784289,3682863
pinch,pinch_sweep_size_rand-20260622-195014,TesolloCubePinch,TesolloCubePinch-20260622-210903-cubepinch_sb_propriotarget_s2,proprio.target,2,0,28,1.4,3.602274,3.797477,3.797477,2.493783,1.303694,1,0.784667,3682863
pinch,pinch_sweep_size_rand-20260622-195014,TesolloCubePinch,TesolloCubePinch-20260622-210903-cubepinch_sb_propriotarget_s2,proprio.target,2,0,29,1.45,3.602274,3.565321,3.565321,2.495103,1.070218,1,0.786311,3682863
pinch,pinch_sweep_size_rand-20260622-195014,TesolloCubePinch,TesolloCubePinch-20260622-210903-cubepinch_sb_propriotarget_s2,proprio.target,2,0,30,1.5,3.602274,3.720816,3.720816,2.496362,1.224454,1,0.785768,3682863
pinch,pinch_sweep_size_rand-20260622-195014,TesolloCubePinch,TesolloCubePinch-20260622-210903-cubepinch_sb_propriotarget_s2,proprio.target,2,0,31,1.55,3.602274,2.748884,2.748884,1.058648,1.690236,0,0.256104,3682863
pinch,pinch_sweep_size_rand-20260622-195014,TesolloCubePinch,TesolloCubePinch-20260622-210903-cubepinch_sb_propriotarget_s2,proprio.target,2,0,32,1.6,3.602274,3.705854,3.705854,2.49939,1.206464,0,0.285953,3682863
pinch,pinch_sweep_size_rand-20260622-195014,TesolloCubePinch,TesolloCubePinch-20260622-210903-cubepinch_sb_propriotarget_s2,proprio.target,2,0,33,1.65,3.602274,3.635154,3.635154,2.498433,1.13672,0,0.286399,3682863
pinch,pinch_sweep_size_rand-20260622-195014,TesolloCubePinch,TesolloCubePinch-20260622-210903-cubepinch_sb_propriotarget_s2,proprio.target,2,0,34,1.7,3.602274,2.710306,2.710306,1.844803,0.865503,0,0.25355,3682863
pinch,pinch_sweep_size_rand-20260622-195014,TesolloCubePinch,TesolloCubePinch-20260622-210903-cubepinch_sb_propriotarget_s2,proprio.target,2,0,35,1.75,3.602274,3.728724,3.728724,2.496958,1.231766,0,0.285776,3682863
pinch,pinch_sweep_size_rand-20260622-195014,TesolloCubePinch,TesolloCubePinch-20260622-210903-cubepinch_sb_propriotarget_s2,proprio.target,2,0,36,1.8,3.602274,3.739462,3.739462,2.494943,1.244519,0,0.28567,3682863
pinch,pinch_sweep_size_rand-20260622-195014,TesolloCubePinch,TesolloCubePinch-20260622-210903-cubepinch_sb_propriotarget_s2,proprio.target,2,0,37,1.85,3.602274,3.735369,3.735369,2.495758,1.239612,0,0.285735,3682863
pinch,pinch_sweep_size_rand-20260622-195014,TesolloCubePinch,TesolloCubePinch-20260622-210903-cubepinch_sb_propriotarget_s2,proprio.target,2,0,38,1.9,3.602274,3.74736,3.74736,2.491881,1.255479,0,0.285605,3682863
pinch,pinch_sweep_size_rand-20260622-195014,TesolloCubePinch,TesolloCubePinch-20260622-210903-cubepinch_sb_propriotarget_s2,proprio.target,2,0,39,1.95,3.602274,3.743096,3.743096,2.492493,1.250603,0,0.285674,3682863
pinch,pinch_sweep_size_rand-20260622-195014,TesolloCubePinch,TesolloCubePinch-20260622-210903-cubepinch_sb_propriotarget_s2,proprio.target,2,0,40,2.0,3.602274,3.754883,3.754883,2.488171,1.266712,0,0.285538,3682863
pinch,pinch_sweep_size_rand-20260622-195014,TesolloCubePinch,TesolloCubePinch-20260622-210903-cubepinch_sb_propriotarget_s2,proprio.target,2,0,41,2.05,3.602274,3.760011,3.760011,2.487424,1.272587,0,0.285483,3682863
pinch,pinch_sweep_size_rand-20260622-195014,TesolloCubePinch,TesolloCubePinch-20260622-210903-cubepinch_sb_propriotarget_s2,proprio.target,2,0,42,2.1,3.602274,3.763848,3.763848,2.484933,1.278915,0,0.285444,3682863
pinch,pinch_sweep_size_rand-20260622-195014,TesolloCubePinch,TesolloCubePinch-20260622-210903-cubepinch_sb_propriotarget_s2,proprio.target,2,0,43,2.15,3.602274,3.771914,3.771914,2.482431,1.289483,0,0.28534,3682863
pinch,pinch_sweep_size_rand-20260622-195014,TesolloCubePinch,TesolloCubePinch-20260622-210903-cubepinch_sb_propriotarget_s2,proprio.target,2,0,44,2.2,3.602274,3.778336,3.778336,2.479985,1.298351,1,0.785256,3682863
pinch,pinch_sweep_size_rand-20260622-195014,TesolloCubePinch,TesolloCubePinch-20260622-210903-cubepinch_sb_propriotarget_s2,proprio.target,2,0,45,2.25,3.602274,3.786059,3.786059,2.477242,1.308816,1,0.785145,3682863
pinch,pinch_sweep_size_rand-20260622-195014,TesolloCubePinch,TesolloCubePinch-20260622-210903-cubepinch_sb_propriotarget_s2,proprio.target,2,0,46,2.3,3.602274,3.794912,3.794912,2.474698,1.320214,1,0.78501,3682863
pinch,pinch_sweep_size_rand-20260622-195014,TesolloCubePinch,TesolloCubePinch-20260622-210903-cubepinch_sb_propriotarget_s2,proprio.target,2,0,47,2.35,3.602274,3.803322,3.803322,2.471791,1.331531,1,0.784874,3682863
pinch,pinch_sweep_size_rand-20260622-195014,TesolloCubePinch,TesolloCubePinch-20260622-210903-cubepinch_sb_propriotarget_s2,proprio.target,2,0,48,2.4,3.602274,3.786491,3.786491,2.457736,1.328755,1,0.785168,3682863
pinch,pinch_sweep_size_rand-20260622-195014,TesolloCubePinch,TesolloCubePinch-20260622-210903-cubepinch_sb_propriotarget_s2,proprio.target,2,0,49,2.45,3.602274,3.801832,3.801832,2.464918,1.336914,1,0.784916,3682863
pinch,pinch_sweep_size_rand-20260622-195014,TesolloCubePinch,TesolloCubePinch-20260622-210903-cubepinch_sb_propriotarget_s2,proprio.target,2,0,50,2.5,3.602274,3.807829,3.807829,2.461811,1.346018,1,0.784816,3682863
pinch,pinch_sweep_size_rand-20260622-195014,TesolloCubePinch,TesolloCubePinch-20260622-210903-cubepinch_sb_propriotarget_s2,proprio.target,2,0,51,2.55,3.602274,3.8136,3.8136,2.458482,1.355117,1,0.784717,3682863
pinch,pinch_sweep_size_rand-20260622-195014,TesolloCubePinch,TesolloCubePinch-20260622-210903-cubepinch_sb_propriotarget_s2,proprio.target,2,0,52,2.6,3.602274,3.819692,3.819692,2.455316,1.364376,1,0.784608,3682863
pinch,pinch_sweep_size_rand-20260622-195014,TesolloCubePinch,TesolloCubePinch-20260622-210903-cubepinch_sb_propriotarget_s2,proprio.target,2,0,53,2.65,3.602274,3.826119,3.826119,2.452201,1.373918,1,0.784489,3682863
pinch,pinch_sweep_size_rand-20260622-195014,TesolloCubePinch,TesolloCubePinch-20260622-210903-cubepinch_sb_propriotarget_s2,proprio.target,2,0,54,2.7,3.602274,3.830418,3.830418,2.449142,1.381276,1,0.78441,3682863
pinch,pinch_sweep_size_rand-20260622-195014,TesolloCubePinch,TesolloCubePinch-20260622-210903-cubepinch_sb_propriotarget_s2,proprio.target,2,0,55,2.75,3.602274,3.824763,3.824763,2.44594,1.378823,1,0.784527,3682863
pinch,pinch_sweep_size_rand-20260622-195014,TesolloCubePinch,TesolloCubePinch-20260622-210903-cubepinch_sb_propriotarget_s2,proprio.target,2,0,56,2.8,3.602274,3.880636,3.880636,2.44308,1.437556,1,0.783306,3682863
pinch,pinch_sweep_size_rand-20260622-195014,TesolloCubePinch,TesolloCubePinch-20260622-210903-cubepinch_sb_propriotarget_s2,proprio.target,2,0,57,2.85,3.602274,3.217244,3.217244,1.99508,1.222164,1,0.780234,3682863
pinch,pinch_sweep_size_rand-20260622-195014,TesolloCubePinch,TesolloCubePinch-20260622-210903-cubepinch_sb_propriotarget_s2,proprio.target,2,0,58,2.9,3.602274,3.847571,3.847571,2.436609,1.410962,1,0.784075,3682863
pinch,pinch_sweep_size_rand-20260622-195014,TesolloCubePinch,TesolloCubePinch-20260622-210903-cubepinch_sb_propriotarget_s2,proprio.target,2,0,59,2.95,3.602274,3.853515,3.853515,2.433421,1.420094,1,0.783951,3682863
pinch,pinch_sweep_size_rand-20260622-195014,TesolloCubePinch,TesolloCubePinch-20260622-210903-cubepinch_sb_propriotarget_s2,proprio.target,2,0,60,3.0,3.602274,3.064777,3.064777,1.641006,1.423772,1,0.774248,3682863
pinch,pinch_sweep_size_rand-20260622-195014,TesolloCubePinch,TesolloCubePinch-20260622-210903-cubepinch_sb_propriotarget_s2,proprio.target,2,0,61,3.05,3.602274,3.854998,3.854998,2.42739,1.427608,1,0.78393,3682863
pinch,pinch_sweep_size_rand-20260622-195014,TesolloCubePinch,TesolloCubePinch-20260622-210903-cubepinch_sb_propriotarget_s2,proprio.target,2,0,62,3.1,3.602274,3.853442,3.853442,2.424625,1.428817,1,0.783972,3682863
pinch,pinch_sweep_size_rand-20260622-195014,TesolloCubePinch,TesolloCubePinch-20260622-210903-cubepinch_sb_propriotarget_s2,proprio.target,2,0,63,3.15,3.602274,3.846668,3.846668,2.417075,1.429593,1,0.784128,3682863
pinch,pinch_sweep_size_rand-20260622-195014,TesolloCubePinch,TesolloCubePinch-20260622-210903-cubepinch_sb_propriotarget_s2,proprio.target,2,0,64,3.2,3.602274,3.832341,3.832341,2.411024,1.421317,1,0.78444,3682863
pinch,pinch_sweep_size_rand-20260622-195014,TesolloCubePinch,TesolloCubePinch-20260622-210903-cubepinch_sb_propriotarget_s2,proprio.target,2,0,65,3.25,3.602274,3.831889,3.831889,2.410207,1.421682,1,0.784462,3682863
pinch,pinch_sweep_size_rand-20260622-195014,TesolloCubePinch,TesolloCubePinch-20260622-210903-cubepinch_sb_propriotarget_s2,proprio.target,2,0,66,3.3,3.602274,3.492996,3.492996,2.195193,1.297803,1,0.786274,3682863
pinch,pinch_sweep_size_rand-20260622-195014,TesolloCubePinch,TesolloCubePinch-20260622-210903-cubepinch_sb_propriotarget_s2,proprio.target,2,0,67,3.35,3.602274,4.161661,4.161661,2.054883,2.106778,1,0.773316,3682863
pinch,pinch_sweep_size_rand-20260622-195014,TesolloCubePinch,TesolloCubePinch-20260622-210903-cubepinch_sb_propriotarget_s2,proprio.target,2,0,68,3.4,3.602274,3.777851,3.777851,2.396447,1.381404,1,0.785471,3682863
pinch,pinch_sweep_size_rand-20260622-195014,TesolloCubePinch,TesolloCubePinch-20260622-210903-cubepinch_sb_propriotarget_s2,proprio.target,2,0,69,3.45,3.602274,3.762969,3.762969,2.39236,1.370609,1,0.785708,3682863
pinch,pinch_sweep_size_rand-20260622-195014,TesolloCubePinch,TesolloCubePinch-20260622-210903-cubepinch_sb_propriotarget_s2,proprio.target,2,0,70,3.5,3.602274,3.748641,3.748641,2.388695,1.359945,1,0.785919,3682863
pinch,pinch_sweep_size_rand-20260622-195014,TesolloCubePinch,TesolloCubePinch-20260622-210903-cubepinch_sb_propriotarget_s2,proprio.target,2,0,71,3.55,3.602274,3.735854,3.735854,2.3855,1.350354,1,0.786094,3682863
pinch,pinch_sweep_size_rand-20260622-195014,TesolloCubePinch,TesolloCubePinch-20260622-210903-cubepinch_sb_propriotarget_s2,proprio.target,2,0,72,3.6,3.602274,3.718667,3.718667,2.381434,1.337233,1,0.786302,3682863
pinch,pinch_sweep_size_rand-20260622-195014,TesolloCubePinch,TesolloCubePinch-20260622-210903-cubepinch_sb_propriotarget_s2,proprio.target,2,0,73,3.65,3.602274,3.714963,3.714963,2.377159,1.337804,1,0.786358,3682863
pinch,pinch_sweep_size_rand-20260622-195014,TesolloCubePinch,TesolloCubePinch-20260622-210903-cubepinch_sb_propriotarget_s2,proprio.target,2,0,74,3.7,3.602274,3.689784,3.689784,2.371128,1.318656,1,0.7866,3682863
pinch,pinch_sweep_size_rand-20260622-195014,TesolloCubePinch,TesolloCubePinch-20260622-210903-cubepinch_sb_propriotarget_s2,proprio.target,2,0,75,3.75,3.602274,3.677842,3.677842,2.36793,1.309912,1,0.786705,3682863
pinch,pinch_sweep_size_rand-20260622-195014,TesolloCubePinch,TesolloCubePinch-20260622-210903-cubepinch_sb_propriotarget_s2,proprio.target,2,0,76,3.8,3.602274,3.673423,3.673423,2.362703,1.310721,1,0.786755,3682863
pinch,pinch_sweep_size_rand-20260622-195014,TesolloCubePinch,TesolloCubePinch-20260622-210903-cubepinch_sb_propriotarget_s2,proprio.target,2,0,77,3.85,3.602274,3.644145,3.644145,2.354035,1.29011,1,0.786924,3682863
pinch,pinch_sweep_size_rand-20260622-195014,TesolloCubePinch,TesolloCubePinch-20260622-210903-cubepinch_sb_propriotarget_s2,proprio.target,2,0,78,3.9,3.602274,3.640656,3.640656,2.345905,1.294752,1,0.786959,3682863
pinch,pinch_sweep_size_rand-20260622-195014,TesolloCubePinch,TesolloCubePinch-20260622-210903-cubepinch_sb_propriotarget_s2,proprio.target,2,0,79,3.95,3.602274,3.60723,3.60723,2.333302,1.273928,1,0.78705,3682863
pinch,pinch_sweep_size_rand-20260622-195014,TesolloCubePinch,TesolloCubePinch-20260622-210903-cubepinch_sb_propriotarget_s2,proprio.target,2,1,0,0.0,4.276002,0.0,0.0,0.0,0.0,0,0.054799,3682863
pinch,pinch_sweep_size_rand-20260622-195014,TesolloCubePinch,TesolloCubePinch-20260622-210903-cubepinch_sb_propriotarget_s2,proprio.target,2,1,1,0.05,4.276002,0.0,0.0,0.0,0.0,0,0.058574,3682863
pinch,pinch_sweep_size_rand-20260622-195014,TesolloCubePinch,TesolloCubePinch-20260622-210903-cubepinch_sb_propriotarget_s2,proprio.target,2,1,2,0.1,4.276002,2.171788,0.0,2.171788,0.0,0,0.061219,3682863
pinch,pinch_sweep_size_rand-20260622-195014,TesolloCubePinch,TesolloCubePinch-20260622-210903-cubepinch_sb_propriotarget_s2,proprio.target,2,1,3,0.15,4.276002,3.196967,0.0,3.196967,0.0,0,0.061461,3682863
pinch,pinch_sweep_size_rand-20260622-195014,TesolloCubePinch,TesolloCubePinch-20260622-210903-cubepinch_sb_propriotarget_s2,proprio.target,2,1,4,0.2,4.276002,3.453808,0.0,0.0,3.453808,0,0.061557,3682863
pinch,pinch_sweep_size_rand-20260622-195014,TesolloCubePinch,TesolloCubePinch-20260622-210903-cubepinch_sb_propriotarget_s2,proprio.target,2,1,5,0.25,4.276002,4.249452,4.249452,2.572022,1.677429,0,0.286088,3682863
pinch,pinch_sweep_size_rand-20260622-195014,TesolloCubePinch,TesolloCubePinch-20260622-210903-cubepinch_sb_propriotarget_s2,proprio.target,2,1,6,0.3,4.276002,0.0,0.0,0.0,0.0,0,0.059756,3682863
pinch,pinch_sweep_size_rand-20260622-195014,TesolloCubePinch,TesolloCubePinch-20260622-210903-cubepinch_sb_propriotarget_s2,proprio.target,2,1,7,0.35,4.276002,9.282415,9.282415,6.556099,2.726317,0,0.044797,3682863
pinch,pinch_sweep_size_rand-20260622-195014,TesolloCubePinch,TesolloCubePinch-20260622-210903-cubepinch_sb_propriotarget_s2,proprio.target,2,1,8,0.4,4.276002,5.47912,5.47912,4.563933,0.915187,0,0.242246,3682863
pinch,pinch_sweep_size_rand-20260622-195014,TesolloCubePinch,TesolloCubePinch-20260622-210903-cubepinch_sb_propriotarget_s2,proprio.target,2,1,9,0.45,4.276002,4.044404,4.044404,2.965199,1.079205,0,0.282895,3682863
pinch,pinch_sweep_size_rand-20260622-195014,TesolloCubePinch,TesolloCubePinch-20260622-210903-cubepinch_sb_propriotarget_s2,proprio.target,2,1,10,0.5,4.276002,7.838528,7.838528,3.411653,4.426875,0,0.085058,3682863
pinch,pinch_sweep_size_rand-20260622-195014,TesolloCubePinch,TesolloCubePinch-20260622-210903-cubepinch_sb_propriotarget_s2,proprio.target,2,1,11,0.55,4.276002,4.563845,4.563845,3.347805,1.21604,0,0.282286,3682863
pinch,pinch_sweep_size_rand-20260622-195014,TesolloCubePinch,TesolloCubePinch-20260622-210903-cubepinch_sb_propriotarget_s2,proprio.target,2,1,12,0.6,4.276002,4.489954,4.489954,3.369045,1.120909,0,0.283177,3682863
pinch,pinch_sweep_size_rand-20260622-195014,TesolloCubePinch,TesolloCubePinch-20260622-210903-cubepinch_sb_propriotarget_s2,proprio.target,2,1,13,0.65,4.276002,4.107106,4.107106,2.764675,1.342431,0,0.283561,3682863
pinch,pinch_sweep_size_rand-20260622-195014,TesolloCubePinch,TesolloCubePinch-20260622-210903-cubepinch_sb_propriotarget_s2,proprio.target,2,1,14,0.7,4.276002,4.325518,4.325518,2.898158,1.42736,0,0.284384,3682863
pinch,pinch_sweep_size_rand-20260622-195014,TesolloCubePinch,TesolloCubePinch-20260622-210903-cubepinch_sb_propriotarget_s2,proprio.target,2,1,15,0.75,4.276002,4.311967,4.311967,2.912716,1.399251,0,0.284442,3682863
pinch,pinch_sweep_size_rand-20260622-195014,TesolloCubePinch,TesolloCubePinch-20260622-210903-cubepinch_sb_propriotarget_s2,proprio.target,2,1,16,0.8,4.276002,4.725417,4.725417,2.921642,1.803775,0,0.278274,3682863
pinch,pinch_sweep_size_rand-20260622-195014,TesolloCubePinch,TesolloCubePinch-20260622-210903-cubepinch_sb_propriotarget_s2,proprio.target,2,1,17,0.85,4.276002,3.669328,3.669328,2.106831,1.562497,0,0.273276,3682863
pinch,pinch_sweep_size_rand-20260622-195014,TesolloCubePinch,TesolloCubePinch-20260622-210903-cubepinch_sb_propriotarget_s2,proprio.target,2,1,18,0.9,4.276002,4.426846,4.426846,2.094168,2.332677,0,0.283918,3682863
pinch,pinch_sweep_size_rand-20260622-195014,TesolloCubePinch,TesolloCubePinch-20260622-210903-cubepinch_sb_propriotarget_s2,proprio.target,2,1,19,0.95,4.276002,4.425216,4.425216,2.722009,1.703207,0,0.28398,3682863
pinch,pinch_sweep_size_rand-20260622-195014,TesolloCubePinch,TesolloCubePinch-20260622-210903-cubepinch_sb_propriotarget_s2,proprio.target,2,1,20,1.0,4.276002,4.3944,4.3944,2.643148,1.751251,1,0.784286,3682863
pinch,pinch_sweep_size_rand-20260622-195014,TesolloCubePinch,TesolloCubePinch-20260622-210903-cubepinch_sb_propriotarget_s2,proprio.target,2,1,21,1.05,4.276002,4.46918,4.46918,2.580164,1.889015,1,0.783597,3682863
pinch,pinch_sweep_size_rand-20260622-195014,TesolloCubePinch,TesolloCubePinch-20260622-210903-cubepinch_sb_propriotarget_s2,proprio.target,2,1,22,1.1,4.276002,4.365054,4.365054,2.543808,1.821246,1,0.784565,3682863
pinch,pinch_sweep_size_rand-20260622-195014,TesolloCubePinch,TesolloCubePinch-20260622-210903-cubepinch_sb_propriotarget_s2,proprio.target,2,1,23,1.15,4.276002,4.349602,4.349602,2.506615,1.842987,1,0.784691,3682863
pinch,pinch_sweep_size_rand-20260622-195014,TesolloCubePinch,TesolloCubePinch-20260622-210903-cubepinch_sb_propriotarget_s2,proprio.target,2,1,24,1.2,4.276002,4.366016,4.366016,2.507666,1.85835,1,0.784657,3682863
pinch,pinch_sweep_size_rand-20260622-195014,TesolloCubePinch,TesolloCubePinch-20260622-210903-cubepinch_sb_propriotarget_s2,proprio.target,2,1,25,1.25,4.276002,4.382937,4.382937,2.507974,1.874963,1,0.784602,3682863
pinch,pinch_sweep_size_rand-20260622-195014,TesolloCubePinch,TesolloCubePinch-20260622-210903-cubepinch_sb_propriotarget_s2,proprio.target,2,1,26,1.3,4.276002,4.398116,4.398116,2.50982,1.888296,1,0.78454,3682863
pinch,pinch_sweep_size_rand-20260622-195014,TesolloCubePinch,TesolloCubePinch-20260622-210903-cubepinch_sb_propriotarget_s2,proprio.target,2,1,27,1.35,4.276002,4.40956,4.40956,2.511134,1.898426,1,0.784496,3682863
pinch,pinch_sweep_size_rand-20260622-195014,TesolloCubePinch,TesolloCubePinch-20260622-210903-cubepinch_sb_propriotarget_s2,proprio.target,2,1,28,1.4,4.276002,4.044315,4.044315,2.511802,1.532513,1,0.78342,3682863
pinch,pinch_sweep_size_rand-20260622-195014,TesolloCubePinch,TesolloCubePinch-20260622-210903-cubepinch_sb_propriotarget_s2,proprio.target,2,1,29,1.45,4.276002,4.424494,4.424494,2.512296,1.912198,1,0.784461,3682863
pinch,pinch_sweep_size_rand-20260622-195014,TesolloCubePinch,TesolloCubePinch-20260622-210903-cubepinch_sb_propriotarget_s2,proprio.target,2,1,30,1.5,4.276002,3.822238,3.822238,2.16625,1.655988,1,0.778806,3682863
pinch,pinch_sweep_size_rand-20260622-195014,TesolloCubePinch,TesolloCubePinch-20260622-210903-cubepinch_sb_propriotarget_s2,proprio.target,2,1,31,1.55,4.276002,4.430986,4.430986,2.511008,1.919978,1,0.784502,3682863
pinch,pinch_sweep_size_rand-20260622-195014,TesolloCubePinch,TesolloCubePinch-20260622-210903-cubepinch_sb_propriotarget_s2,proprio.target,2,1,32,1.6,4.276002,4.430283,4.430283,2.509744,1.920539,1,0.78456,3682863
pinch,pinch_sweep_size_rand-20260622-195014,TesolloCubePinch,TesolloCubePinch-20260622-210903-cubepinch_sb_propriotarget_s2,proprio.target,2,1,33,1.65,4.276002,3.810209,3.810209,2.508936,1.301273,1,0.778621,3682863
pinch,pinch_sweep_size_rand-20260622-195014,TesolloCubePinch,TesolloCubePinch-20260622-210903-cubepinch_sb_propriotarget_s2,proprio.target,2,1,34,1.7,4.276002,4.432402,4.432402,2.507886,1.924516,1,0.784643,3682863
pinch,pinch_sweep_size_rand-20260622-195014,TesolloCubePinch,TesolloCubePinch-20260622-210903-cubepinch_sb_propriotarget_s2,proprio.target,2,1,35,1.75,4.276002,5.042059,5.042059,2.505547,2.536512,0,0.267654,3682863
pinch,pinch_sweep_size_rand-20260622-195014,TesolloCubePinch,TesolloCubePinch-20260622-210903-cubepinch_sb_propriotarget_s2,proprio.target,2,1,36,1.8,4.276002,4.424066,4.424066,2.504309,1.919757,0,0.284826,3682863
pinch,pinch_sweep_size_rand-20260622-195014,TesolloCubePinch,TesolloCubePinch-20260622-210903-cubepinch_sb_propriotarget_s2,proprio.target,2,1,37,1.85,4.276002,4.425752,4.425752,2.502983,1.922769,0,0.284862,3682863
pinch,pinch_sweep_size_rand-20260622-195014,TesolloCubePinch,TesolloCubePinch-20260622-210903-cubepinch_sb_propriotarget_s2,proprio.target,2,1,38,1.9,4.276002,4.420467,4.420467,2.501156,1.919311,0,0.284962,3682863
pinch,pinch_sweep_size_rand-20260622-195014,TesolloCubePinch,TesolloCubePinch-20260622-210903-cubepinch_sb_propriotarget_s2,proprio.target,2,1,39,1.95,4.276002,4.512482,4.512482,2.499681,2.012801,0,0.283916,3682863
pinch,pinch_sweep_size_rand-20260622-195014,TesolloCubePinch,TesolloCubePinch-20260622-210903-cubepinch_sb_propriotarget_s2,proprio.target,2,1,40,2.0,4.276002,4.417861,4.417861,2.495336,1.922525,0,0.285088,3682863
pinch,pinch_sweep_size_rand-20260622-195014,TesolloCubePinch,TesolloCubePinch-20260622-210903-cubepinch_sb_propriotarget_s2,proprio.target,2,1,41,2.05,4.276002,4.413965,4.413965,2.497901,1.916064,0,0.285173,3682863
pinch,pinch_sweep_size_rand-20260622-195014,TesolloCubePinch,TesolloCubePinch-20260622-210903-cubepinch_sb_propriotarget_s2,proprio.target,2,1,42,2.1,4.276002,4.414333,4.414333,2.494578,1.919755,0,0.285222,3682863
pinch,pinch_sweep_size_rand-20260622-195014,TesolloCubePinch,TesolloCubePinch-20260622-210903-cubepinch_sb_propriotarget_s2,proprio.target,2,1,43,2.15,4.276002,4.408739,4.408739,2.49248,1.916258,0,0.285321,3682863
pinch,pinch_sweep_size_rand-20260622-195014,TesolloCubePinch,TesolloCubePinch-20260622-210903-cubepinch_sb_propriotarget_s2,proprio.target,2,1,44,2.2,4.276002,3.693645,3.693645,1.779201,1.914444,0,0.275474,3682863
pinch,pinch_sweep_size_rand-20260622-195014,TesolloCubePinch,TesolloCubePinch-20260622-210903-cubepinch_sb_propriotarget_s2,proprio.target,2,1,45,2.25,4.276002,4.406341,4.406341,2.48993,1.91641,1,0.785443,3682863
pinch,pinch_sweep_size_rand-20260622-195014,TesolloCubePinch,TesolloCubePinch-20260622-210903-cubepinch_sb_propriotarget_s2,proprio.target,2,1,46,2.3,4.276002,4.401559,4.401559,2.488691,1.912869,1,0.785532,3682863
pinch,pinch_sweep_size_rand-20260622-195014,TesolloCubePinch,TesolloCubePinch-20260622-210903-cubepinch_sb_propriotarget_s2,proprio.target,2,1,47,2.35,4.276002,4.49452,4.49452,2.487855,2.006665,1,0.78458,3682863
pinch,pinch_sweep_size_rand-20260622-195014,TesolloCubePinch,TesolloCubePinch-20260622-210903-cubepinch_sb_propriotarget_s2,proprio.target,2,1,48,2.4,4.276002,4.424346,4.424346,2.508746,1.9156,1,0.785437,3682863
pinch,pinch_sweep_size_rand-20260622-195014,TesolloCubePinch,TesolloCubePinch-20260622-210903-cubepinch_sb_propriotarget_s2,proprio.target,2,1,49,2.45,4.276002,4.404788,4.404788,2.495628,1.90916,1,0.785657,3682863
pinch,pinch_sweep_size_rand-20260622-195014,TesolloCubePinch,TesolloCubePinch-20260622-210903-cubepinch_sb_propriotarget_s2,proprio.target,2,1,50,2.5,4.276002,4.409008,4.409008,2.496327,1.912681,1,0.785672,3682863
pinch,pinch_sweep_size_rand-20260622-195014,TesolloCubePinch,TesolloCubePinch-20260622-210903-cubepinch_sb_propriotarget_s2,proprio.target,2,1,51,2.55,4.276002,4.410163,4.410163,2.5016,1.908563,1,0.785713,3682863
pinch,pinch_sweep_size_rand-20260622-195014,TesolloCubePinch,TesolloCubePinch-20260622-210903-cubepinch_sb_propriotarget_s2,proprio.target,2,1,52,2.6,4.276002,4.504171,4.504171,2.501075,2.003096,1,0.784695,3682863
pinch,pinch_sweep_size_rand-20260622-195014,TesolloCubePinch,TesolloCubePinch-20260622-210903-cubepinch_sb_propriotarget_s2,proprio.target,2,1,53,2.65,4.276002,4.43796,4.43796,2.527073,1.910887,1,0.785553,3682863
pinch,pinch_sweep_size_rand-20260622-195014,TesolloCubePinch,TesolloCubePinch-20260622-210903-cubepinch_sb_propriotarget_s2,proprio.target,2,1,54,2.7,4.276002,4.422055,4.422055,2.515861,1.906194,1,0.785755,3682863
pinch,pinch_sweep_size_rand-20260622-195014,TesolloCubePinch,TesolloCubePinch-20260622-210903-cubepinch_sb_propriotarget_s2,proprio.target,2,1,55,2.75,4.276002,4.42262,4.42262,2.515161,1.907459,1,0.785799,3682863
pinch,pinch_sweep_size_rand-20260622-195014,TesolloCubePinch,TesolloCubePinch-20260622-210903-cubepinch_sb_propriotarget_s2,proprio.target,2,1,56,2.8,4.276002,4.422215,4.422215,2.5193,1.902914,1,0.785851,3682863
pinch,pinch_sweep_size_rand-20260622-195014,TesolloCubePinch,TesolloCubePinch-20260622-210903-cubepinch_sb_propriotarget_s2,proprio.target,2,1,57,2.85,4.276002,4.427133,4.427133,2.520593,1.906539,1,0.785854,3682863
pinch,pinch_sweep_size_rand-20260622-195014,TesolloCubePinch,TesolloCubePinch-20260622-210903-cubepinch_sb_propriotarget_s2,proprio.target,2,1,58,2.9,4.276002,4.424268,4.424268,2.522133,1.902135,1,0.785929,3682863
pinch,pinch_sweep_size_rand-20260622-195014,TesolloCubePinch,TesolloCubePinch-20260622-210903-cubepinch_sb_propriotarget_s2,proprio.target,2,1,59,2.95,4.276002,4.428704,4.428704,2.523382,1.905321,1,0.785934,3682863
pinch,pinch_sweep_size_rand-20260622-195014,TesolloCubePinch,TesolloCubePinch-20260622-210903-cubepinch_sb_propriotarget_s2,proprio.target,2,1,60,3.0,4.276002,4.425391,4.425391,2.525384,1.900007,1,0.786013,3682863
pinch,pinch_sweep_size_rand-20260622-195014,TesolloCubePinch,TesolloCubePinch-20260622-210903-cubepinch_sb_propriotarget_s2,proprio.target,2,1,61,3.05,4.276002,4.430101,4.430101,2.526286,1.903815,1,0.786015,3682863
pinch,pinch_sweep_size_rand-20260622-195014,TesolloCubePinch,TesolloCubePinch-20260622-210903-cubepinch_sb_propriotarget_s2,proprio.target,2,1,62,3.1,4.276002,4.426907,4.426907,2.528199,1.898708,1,0.786092,3682863
pinch,pinch_sweep_size_rand-20260622-195014,TesolloCubePinch,TesolloCubePinch-20260622-210903-cubepinch_sb_propriotarget_s2,proprio.target,2,1,63,3.15,4.276002,4.430576,4.430576,2.528188,1.902388,1,0.786103,3682863
pinch,pinch_sweep_size_rand-20260622-195014,TesolloCubePinch,TesolloCubePinch-20260622-210903-cubepinch_sb_propriotarget_s2,proprio.target,2,1,64,3.2,4.276002,4.289306,4.289306,2.529445,1.759861,1,0.786895,3682863
pinch,pinch_sweep_size_rand-20260622-195014,TesolloCubePinch,TesolloCubePinch-20260622-210903-cubepinch_sb_propriotarget_s2,proprio.target,2,1,65,3.25,4.276002,4.228579,4.228579,2.530903,1.697675,1,0.786875,3682863
pinch,pinch_sweep_size_rand-20260622-195014,TesolloCubePinch,TesolloCubePinch-20260622-210903-cubepinch_sb_propriotarget_s2,proprio.target,2,1,66,3.3,4.276002,4.428802,4.428802,2.532619,1.896183,1,0.786257,3682863
pinch,pinch_sweep_size_rand-20260622-195014,TesolloCubePinch,TesolloCubePinch-20260622-210903-cubepinch_sb_propriotarget_s2,proprio.target,2,1,67,3.35,4.276002,4.431687,4.431687,2.532547,1.89914,1,0.786275,3682863
pinch,pinch_sweep_size_rand-20260622-195014,TesolloCubePinch,TesolloCubePinch-20260622-210903-cubepinch_sb_propriotarget_s2,proprio.target,2,1,68,3.4,4.276002,4.428529,4.428529,2.533776,1.894753,1,0.786349,3682863
pinch,pinch_sweep_size_rand-20260622-195014,TesolloCubePinch,TesolloCubePinch-20260622-210903-cubepinch_sb_propriotarget_s2,proprio.target,2,1,69,3.45,4.276002,4.430712,4.430712,2.533521,1.897192,1,0.786373,3682863
pinch,pinch_sweep_size_rand-20260622-195014,TesolloCubePinch,TesolloCubePinch-20260622-210903-cubepinch_sb_propriotarget_s2,proprio.target,2,1,70,3.5,4.276002,4.427144,4.427144,2.533996,1.893148,1,0.786451,3682863
pinch,pinch_sweep_size_rand-20260622-195014,TesolloCubePinch,TesolloCubePinch-20260622-210903-cubepinch_sb_propriotarget_s2,proprio.target,2,1,71,3.55,4.276002,4.430017,4.430017,2.534422,1.895594,1,0.786467,3682863
pinch,pinch_sweep_size_rand-20260622-195014,TesolloCubePinch,TesolloCubePinch-20260622-210903-cubepinch_sb_propriotarget_s2,proprio.target,2,1,72,3.6,4.276002,4.426908,4.426908,2.535179,1.891729,1,0.78654,3682863
pinch,pinch_sweep_size_rand-20260622-195014,TesolloCubePinch,TesolloCubePinch-20260622-210903-cubepinch_sb_propriotarget_s2,proprio.target,2,1,73,3.65,4.276002,4.427557,4.427557,2.534045,1.893511,1,0.786577,3682863
pinch,pinch_sweep_size_rand-20260622-195014,TesolloCubePinch,TesolloCubePinch-20260622-210903-cubepinch_sb_propriotarget_s2,proprio.target,2,1,74,3.7,4.276002,3.687757,3.687757,1.795055,1.892702,1,0.776681,3682863
pinch,pinch_sweep_size_rand-20260622-195014,TesolloCubePinch,TesolloCubePinch-20260622-210903-cubepinch_sb_propriotarget_s2,proprio.target,2,1,75,3.75,4.276002,4.249356,4.249356,2.357466,1.89189,1,0.787361,3682863
pinch,pinch_sweep_size_rand-20260622-195014,TesolloCubePinch,TesolloCubePinch-20260622-210903-cubepinch_sb_propriotarget_s2,proprio.target,2,1,76,3.8,4.276002,4.427074,4.427074,2.533636,1.893438,1,0.786708,3682863
pinch,pinch_sweep_size_rand-20260622-195014,TesolloCubePinch,TesolloCubePinch-20260622-210903-cubepinch_sb_propriotarget_s2,proprio.target,2,1,77,3.85,4.276002,4.424957,4.424957,2.534727,1.89023,1,0.786769,3682863
pinch,pinch_sweep_size_rand-20260622-195014,TesolloCubePinch,TesolloCubePinch-20260622-210903-cubepinch_sb_propriotarget_s2,proprio.target,2,1,78,3.9,4.276002,4.424613,4.424613,2.53307,1.891543,1,0.786814,3682863
pinch,pinch_sweep_size_rand-20260622-195014,TesolloCubePinch,TesolloCubePinch-20260622-210903-cubepinch_sb_propriotarget_s2,proprio.target,2,1,79,3.95,4.276002,4.421346,4.421346,2.532909,1.888436,1,0.786885,3682863
pinch,pinch_sweep_size_rand-20260622-195014,TesolloCubePinch,TesolloCubePinch-20260622-210903-cubepinch_sb_propriotarget_s2,proprio.target,2,2,0,0.0,4.535643,0.0,0.0,0.0,0.0,0,0.054796,3682863
pinch,pinch_sweep_size_rand-20260622-195014,TesolloCubePinch,TesolloCubePinch-20260622-210903-cubepinch_sb_propriotarget_s2,proprio.target,2,2,1,0.05,4.535643,0.0,0.0,0.0,0.0,0,0.058595,3682863
pinch,pinch_sweep_size_rand-20260622-195014,TesolloCubePinch,TesolloCubePinch-20260622-210903-cubepinch_sb_propriotarget_s2,proprio.target,2,2,2,0.1,4.535643,4.40305,4.40305,2.150265,2.252785,0,0.285747,3682863
pinch,pinch_sweep_size_rand-20260622-195014,TesolloCubePinch,TesolloCubePinch-20260622-210903-cubepinch_sb_propriotarget_s2,proprio.target,2,2,3,0.15,4.535643,4.894062,4.894062,3.011447,1.882615,0,0.282778,3682863
pinch,pinch_sweep_size_rand-20260622-195014,TesolloCubePinch,TesolloCubePinch-20260622-210903-cubepinch_sb_propriotarget_s2,proprio.target,2,2,4,0.2,4.535643,2.88869,0.0,2.88869,0.0,0,0.061187,3682863
pinch,pinch_sweep_size_rand-20260622-195014,TesolloCubePinch,TesolloCubePinch-20260622-210903-cubepinch_sb_propriotarget_s2,proprio.target,2,2,5,0.25,4.535643,0.0,0.0,0.0,0.0,0,0.060192,3682863
pinch,pinch_sweep_size_rand-20260622-195014,TesolloCubePinch,TesolloCubePinch-20260622-210903-cubepinch_sb_propriotarget_s2,proprio.target,2,2,6,0.3,4.535643,1.363365,0.0,0.0,1.363365,0,0.058981,3682863
pinch,pinch_sweep_size_rand-20260622-195014,TesolloCubePinch,TesolloCubePinch-20260622-210903-cubepinch_sb_propriotarget_s2,proprio.target,2,2,7,0.35,4.535643,0.0,0.0,0.0,0.0,0,0.058887,3682863
pinch,pinch_sweep_size_rand-20260622-195014,TesolloCubePinch,TesolloCubePinch-20260622-210903-cubepinch_sb_propriotarget_s2,proprio.target,2,2,8,0.4,4.535643,4.078579,4.078579,3.204577,0.874002,0,0.27817,3682863
pinch,pinch_sweep_size_rand-20260622-195014,TesolloCubePinch,TesolloCubePinch-20260622-210903-cubepinch_sb_propriotarget_s2,proprio.target,2,2,9,0.45,4.535643,3.261756,3.261756,2.190865,1.070891,0,0.242808,3682863
pinch,pinch_sweep_size_rand-20260622-195014,TesolloCubePinch,TesolloCubePinch-20260622-210903-cubepinch_sb_propriotarget_s2,proprio.target,2,2,10,0.5,4.535643,3.901801,3.901801,2.966875,0.934927,0,0.273268,3682863
pinch,pinch_sweep_size_rand-20260622-195014,TesolloCubePinch,TesolloCubePinch-20260622-210903-cubepinch_sb_propriotarget_s2,proprio.target,2,2,11,0.55,4.535643,3.713457,3.713457,2.85423,0.859227,0,0.266213,3682863
pinch,pinch_sweep_size_rand-20260622-195014,TesolloCubePinch,TesolloCubePinch-20260622-210903-cubepinch_sb_propriotarget_s2,proprio.target,2,2,12,0.6,4.535643,4.048951,4.048951,2.763725,1.285226,0,0.277728,3682863
pinch,pinch_sweep_size_rand-20260622-195014,TesolloCubePinch,TesolloCubePinch-20260622-210903-cubepinch_sb_propriotarget_s2,proprio.target,2,2,13,0.65,4.535643,7.420287,7.420287,4.687549,2.732738,0,0.132696,3682863
pinch,pinch_sweep_size_rand-20260622-195014,TesolloCubePinch,TesolloCubePinch-20260622-210903-cubepinch_sb_propriotarget_s2,proprio.target,2,2,14,0.7,4.535643,4.342834,4.342834,2.955392,1.387442,0,0.283144,3682863
pinch,pinch_sweep_size_rand-20260622-195014,TesolloCubePinch,TesolloCubePinch-20260622-210903-cubepinch_sb_propriotarget_s2,proprio.target,2,2,15,0.75,4.535643,4.974516,4.974516,3.059831,1.914685,0,0.278894,3682863
pinch,pinch_sweep_size_rand-20260622-195014,TesolloCubePinch,TesolloCubePinch-20260622-210903-cubepinch_sb_propriotarget_s2,proprio.target,2,2,16,0.8,4.535643,4.61466,4.61466,3.107159,1.507501,0,0.284089,3682863
pinch,pinch_sweep_size_rand-20260622-195014,TesolloCubePinch,TesolloCubePinch-20260622-210903-cubepinch_sb_propriotarget_s2,proprio.target,2,2,17,0.85,4.535643,4.590721,4.590721,2.989623,1.601098,0,0.284223,3682863
pinch,pinch_sweep_size_rand-20260622-195014,TesolloCubePinch,TesolloCubePinch-20260622-210903-cubepinch_sb_propriotarget_s2,proprio.target,2,2,18,0.9,4.535643,4.818027,4.818027,2.99006,1.827967,0,0.282134,3682863
pinch,pinch_sweep_size_rand-20260622-195014,TesolloCubePinch,TesolloCubePinch-20260622-210903-cubepinch_sb_propriotarget_s2,proprio.target,2,2,19,0.95,4.535643,4.77034,4.77034,2.923618,1.846723,0,0.282867,3682863
pinch,pinch_sweep_size_rand-20260622-195014,TesolloCubePinch,TesolloCubePinch-20260622-210903-cubepinch_sb_propriotarget_s2,proprio.target,2,2,20,1.0,4.535643,4.605628,4.605628,2.822278,1.78335,0,0.284306,3682863
pinch,pinch_sweep_size_rand-20260622-195014,TesolloCubePinch,TesolloCubePinch-20260622-210903-cubepinch_sb_propriotarget_s2,proprio.target,2,2,21,1.05,4.535643,4.556277,4.556277,2.732192,1.824086,0,0.284468,3682863
pinch,pinch_sweep_size_rand-20260622-195014,TesolloCubePinch,TesolloCubePinch-20260622-210903-cubepinch_sb_propriotarget_s2,proprio.target,2,2,22,1.1,4.535643,4.514771,4.514771,2.666456,1.848314,0,0.284505,3682863
pinch,pinch_sweep_size_rand-20260622-195014,TesolloCubePinch,TesolloCubePinch-20260622-210903-cubepinch_sb_propriotarget_s2,proprio.target,2,2,23,1.15,4.535643,3.482655,3.482655,1.611255,1.8714,0,0.255379,3682863
pinch,pinch_sweep_size_rand-20260622-195014,TesolloCubePinch,TesolloCubePinch-20260622-210903-cubepinch_sb_propriotarget_s2,proprio.target,2,2,24,1.2,4.535643,4.444279,4.444279,2.556856,1.887423,0,0.284365,3682863
pinch,pinch_sweep_size_rand-20260622-195014,TesolloCubePinch,TesolloCubePinch-20260622-210903-cubepinch_sb_propriotarget_s2,proprio.target,2,2,25,1.25,4.535643,4.437036,4.437036,2.53639,1.900646,0,0.284368,3682863
pinch,pinch_sweep_size_rand-20260622-195014,TesolloCubePinch,TesolloCubePinch-20260622-210903-cubepinch_sb_propriotarget_s2,proprio.target,2,2,26,1.3,4.535643,4.446795,4.446795,2.536572,1.910223,0,0.28446,3682863
pinch,pinch_sweep_size_rand-20260622-195014,TesolloCubePinch,TesolloCubePinch-20260622-210903-cubepinch_sb_propriotarget_s2,proprio.target,2,2,27,1.35,4.535643,4.554821,4.554821,2.535078,2.019743,0,0.284712,3682863
pinch,pinch_sweep_size_rand-20260622-195014,TesolloCubePinch,TesolloCubePinch-20260622-210903-cubepinch_sb_propriotarget_s2,proprio.target,2,2,28,1.4,4.535643,4.462224,4.462224,2.532408,1.929815,0,0.284611,3682863
pinch,pinch_sweep_size_rand-20260622-195014,TesolloCubePinch,TesolloCubePinch-20260622-210903-cubepinch_sb_propriotarget_s2,proprio.target,2,2,29,1.45,4.535643,4.468694,4.468694,2.536087,1.932607,0,0.284676,3682863
pinch,pinch_sweep_size_rand-20260622-195014,TesolloCubePinch,TesolloCubePinch-20260622-210903-cubepinch_sb_propriotarget_s2,proprio.target,2,2,30,1.5,4.535643,4.473445,4.473445,2.532959,1.940486,0,0.284734,3682863
pinch,pinch_sweep_size_rand-20260622-195014,TesolloCubePinch,TesolloCubePinch-20260622-210903-cubepinch_sb_propriotarget_s2,proprio.target,2,2,31,1.55,4.535643,4.475476,4.475476,2.530769,1.944707,0,0.284782,3682863
pinch,pinch_sweep_size_rand-20260622-195014,TesolloCubePinch,TesolloCubePinch-20260622-210903-cubepinch_sb_propriotarget_s2,proprio.target,2,2,32,1.6,4.535643,4.472452,4.472452,2.529548,1.942904,0,0.284813,3682863
pinch,pinch_sweep_size_rand-20260622-195014,TesolloCubePinch,TesolloCubePinch-20260622-210903-cubepinch_sb_propriotarget_s2,proprio.target,2,2,33,1.65,4.535643,4.895446,4.895446,2.299145,2.596301,1,0.781371,3682863
pinch,pinch_sweep_size_rand-20260622-195014,TesolloCubePinch,TesolloCubePinch-20260622-210903-cubepinch_sb_propriotarget_s2,proprio.target,2,2,34,1.7,4.535643,4.466582,4.466582,2.525336,1.941246,1,0.784875,3682863
pinch,pinch_sweep_size_rand-20260622-195014,TesolloCubePinch,TesolloCubePinch-20260622-210903-cubepinch_sb_propriotarget_s2,proprio.target,2,2,35,1.75,4.535643,4.466959,4.466959,2.523997,1.942963,1,0.784919,3682863
pinch,pinch_sweep_size_rand-20260622-195014,TesolloCubePinch,TesolloCubePinch-20260622-210903-cubepinch_sb_propriotarget_s2,proprio.target,2,2,36,1.8,4.535643,4.074866,4.074866,2.134945,1.939921,1,0.779221,3682863
pinch,pinch_sweep_size_rand-20260622-195014,TesolloCubePinch,TesolloCubePinch-20260622-210903-cubepinch_sb_propriotarget_s2,proprio.target,2,2,37,1.85,4.535643,4.46199,4.46199,2.519645,1.942346,1,0.784983,3682863
pinch,pinch_sweep_size_rand-20260622-195014,TesolloCubePinch,TesolloCubePinch-20260622-210903-cubepinch_sb_propriotarget_s2,proprio.target,2,2,38,1.9,4.535643,4.46385,4.46385,2.520088,1.943762,1,0.785033,3682863
pinch,pinch_sweep_size_rand-20260622-195014,TesolloCubePinch,TesolloCubePinch-20260622-210903-cubepinch_sb_propriotarget_s2,proprio.target,2,2,39,1.95,4.535643,4.463918,4.463918,2.523375,1.940543,1,0.785075,3682863
pinch,pinch_sweep_size_rand-20260622-195014,TesolloCubePinch,TesolloCubePinch-20260622-210903-cubepinch_sb_propriotarget_s2,proprio.target,2,2,40,2.0,4.535643,4.140333,4.140333,1.999215,2.141118,1,0.780926,3682863
pinch,pinch_sweep_size_rand-20260622-195014,TesolloCubePinch,TesolloCubePinch-20260622-210903-cubepinch_sb_propriotarget_s2,proprio.target,2,2,41,2.05,4.535643,4.469061,4.469061,2.527431,1.94163,1,0.785178,3682863
pinch,pinch_sweep_size_rand-20260622-195014,TesolloCubePinch,TesolloCubePinch-20260622-210903-cubepinch_sb_propriotarget_s2,proprio.target,2,2,42,2.1,4.535643,4.469153,4.469153,2.527941,1.941213,1,0.785221,3682863
pinch,pinch_sweep_size_rand-20260622-195014,TesolloCubePinch,TesolloCubePinch-20260622-210903-cubepinch_sb_propriotarget_s2,proprio.target,2,2,43,2.15,4.535643,4.475687,4.475687,2.533072,1.942615,1,0.785286,3682863
pinch,pinch_sweep_size_rand-20260622-195014,TesolloCubePinch,TesolloCubePinch-20260622-210903-cubepinch_sb_propriotarget_s2,proprio.target,2,2,44,2.2,4.535643,4.477183,4.477183,2.537678,1.939505,1,0.785333,3682863
pinch,pinch_sweep_size_rand-20260622-195014,TesolloCubePinch,TesolloCubePinch-20260622-210903-cubepinch_sb_propriotarget_s2,proprio.target,2,2,45,2.25,4.535643,4.479667,4.479667,2.538257,1.94141,1,0.785383,3682863
pinch,pinch_sweep_size_rand-20260622-195014,TesolloCubePinch,TesolloCubePinch-20260622-210903-cubepinch_sb_propriotarget_s2,proprio.target,2,2,46,2.3,4.535643,4.595005,4.595005,2.543442,2.051563,1,0.785414,3682863
pinch,pinch_sweep_size_rand-20260622-195014,TesolloCubePinch,TesolloCubePinch-20260622-210903-cubepinch_sb_propriotarget_s2,proprio.target,2,2,47,2.35,4.535643,3.933533,3.933533,1.992463,1.94107,1,0.775613,3682863
pinch,pinch_sweep_size_rand-20260622-195014,TesolloCubePinch,TesolloCubePinch-20260622-210903-cubepinch_sb_propriotarget_s2,proprio.target,2,2,48,2.4,4.535643,4.340051,4.340051,2.398091,1.94196,1,0.784526,3682863
pinch,pinch_sweep_size_rand-20260622-195014,TesolloCubePinch,TesolloCubePinch-20260622-210903-cubepinch_sb_propriotarget_s2,proprio.target,2,2,49,2.45,4.535643,4.496261,4.496261,2.555987,1.940274,1,0.785593,3682863
pinch,pinch_sweep_size_rand-20260622-195014,TesolloCubePinch,TesolloCubePinch-20260622-210903-cubepinch_sb_propriotarget_s2,proprio.target,2,2,50,2.5,4.535643,4.496542,4.496542,2.556728,1.939814,1,0.785635,3682863
pinch,pinch_sweep_size_rand-20260622-195014,TesolloCubePinch,TesolloCubePinch-20260622-210903-cubepinch_sb_propriotarget_s2,proprio.target,2,2,51,2.55,4.535643,4.892008,4.892008,2.559033,2.332974,1,0.782191,3682863
pinch,pinch_sweep_size_rand-20260622-195014,TesolloCubePinch,TesolloCubePinch-20260622-210903-cubepinch_sb_propriotarget_s2,proprio.target,2,2,52,2.6,4.535643,3.517437,3.517437,1.578621,1.938816,0,0.258369,3682863
pinch,pinch_sweep_size_rand-20260622-195014,TesolloCubePinch,TesolloCubePinch-20260622-210903-cubepinch_sb_propriotarget_s2,proprio.target,2,2,53,2.65,4.535643,4.505466,4.505466,2.562869,1.942596,0,0.285775,3682863
pinch,pinch_sweep_size_rand-20260622-195014,TesolloCubePinch,TesolloCubePinch-20260622-210903-cubepinch_sb_propriotarget_s2,proprio.target,2,2,54,2.7,4.535643,4.506236,4.506236,2.563375,1.942861,0,0.285817,3682863
pinch,pinch_sweep_size_rand-20260622-195014,TesolloCubePinch,TesolloCubePinch-20260622-210903-cubepinch_sb_propriotarget_s2,proprio.target,2,2,55,2.75,4.535643,4.507135,4.507135,2.565184,1.941951,0,0.285859,3682863
pinch,pinch_sweep_size_rand-20260622-195014,TesolloCubePinch,TesolloCubePinch-20260622-210903-cubepinch_sb_propriotarget_s2,proprio.target,2,2,56,2.8,4.535643,3.960534,3.960534,2.012851,1.947683,0,0.276836,3682863
pinch,pinch_sweep_size_rand-20260622-195014,TesolloCubePinch,TesolloCubePinch-20260622-210903-cubepinch_sb_propriotarget_s2,proprio.target,2,2,57,2.85,4.535643,4.519137,4.519137,2.568298,1.95084,0,0.285954,3682863
pinch,pinch_sweep_size_rand-20260622-195014,TesolloCubePinch,TesolloCubePinch-20260622-210903-cubepinch_sb_propriotarget_s2,proprio.target,2,2,58,2.9,4.535643,4.110473,4.110473,2.161482,1.948991,0,0.280994,3682863
pinch,pinch_sweep_size_rand-20260622-195014,TesolloCubePinch,TesolloCubePinch-20260622-210903-cubepinch_sb_propriotarget_s2,proprio.target,2,2,59,2.95,4.535643,4.523829,4.523829,2.570297,1.953532,0,0.286037,3682863
pinch,pinch_sweep_size_rand-20260622-195014,TesolloCubePinch,TesolloCubePinch-20260622-210903-cubepinch_sb_propriotarget_s2,proprio.target,2,2,60,3.0,4.535643,4.101887,4.101887,2.147928,1.953959,0,0.280871,3682863
pinch,pinch_sweep_size_rand-20260622-195014,TesolloCubePinch,TesolloCubePinch-20260622-210903-cubepinch_sb_propriotarget_s2,proprio.target,2,2,61,3.05,4.535643,4.529372,4.529372,2.572882,1.95649,0,0.286119,3682863
pinch,pinch_sweep_size_rand-20260622-195014,TesolloCubePinch,TesolloCubePinch-20260622-210903-cubepinch_sb_propriotarget_s2,proprio.target,2,2,62,3.1,4.535643,4.530869,4.530869,2.573308,1.957562,1,0.786159,3682863
pinch,pinch_sweep_size_rand-20260622-195014,TesolloCubePinch,TesolloCubePinch-20260622-210903-cubepinch_sb_propriotarget_s2,proprio.target,2,2,63,3.15,4.535643,4.532682,4.532682,2.573976,1.958706,1,0.786199,3682863
pinch,pinch_sweep_size_rand-20260622-195014,TesolloCubePinch,TesolloCubePinch-20260622-210903-cubepinch_sb_propriotarget_s2,proprio.target,2,2,64,3.2,4.535643,4.624254,4.624254,2.576064,2.04819,1,0.786018,3682863
pinch,pinch_sweep_size_rand-20260622-195014,TesolloCubePinch,TesolloCubePinch-20260622-210903-cubepinch_sb_propriotarget_s2,proprio.target,2,2,65,3.25,4.535643,4.539094,4.539094,2.589356,1.949738,1,0.786276,3682863
pinch,pinch_sweep_size_rand-20260622-195014,TesolloCubePinch,TesolloCubePinch-20260622-210903-cubepinch_sb_propriotarget_s2,proprio.target,2,2,66,3.3,4.535643,4.546122,4.546122,2.583653,1.962469,1,0.786311,3682863
pinch,pinch_sweep_size_rand-20260622-195014,TesolloCubePinch,TesolloCubePinch-20260622-210903-cubepinch_sb_propriotarget_s2,proprio.target,2,2,67,3.35,4.535643,4.546731,4.546731,2.582059,1.964671,1,0.78635,3682863
pinch,pinch_sweep_size_rand-20260622-195014,TesolloCubePinch,TesolloCubePinch-20260622-210903-cubepinch_sb_propriotarget_s2,proprio.target,2,2,68,3.4,4.535643,4.547325,4.547325,2.581824,1.965501,1,0.786388,3682863
pinch,pinch_sweep_size_rand-20260622-195014,TesolloCubePinch,TesolloCubePinch-20260622-210903-cubepinch_sb_propriotarget_s2,proprio.target,2,2,69,3.45,4.535643,4.551646,4.551646,2.581356,1.97029,1,0.786423,3682863
pinch,pinch_sweep_size_rand-20260622-195014,TesolloCubePinch,TesolloCubePinch-20260622-210903-cubepinch_sb_propriotarget_s2,proprio.target,2,2,70,3.5,4.535643,4.553994,4.553994,2.581858,1.972136,1,0.786458,3682863
pinch,pinch_sweep_size_rand-20260622-195014,TesolloCubePinch,TesolloCubePinch-20260622-210903-cubepinch_sb_propriotarget_s2,proprio.target,2,2,71,3.55,4.535643,4.553901,4.553901,2.582468,1.971433,1,0.786495,3682863
pinch,pinch_sweep_size_rand-20260622-195014,TesolloCubePinch,TesolloCubePinch-20260622-210903-cubepinch_sb_propriotarget_s2,proprio.target,2,2,72,3.6,4.535643,4.559412,4.559412,2.582577,1.976834,1,0.786526,3682863
pinch,pinch_sweep_size_rand-20260622-195014,TesolloCubePinch,TesolloCubePinch-20260622-210903-cubepinch_sb_propriotarget_s2,proprio.target,2,2,73,3.65,4.535643,4.559543,4.559543,2.582319,1.977224,1,0.786564,3682863
pinch,pinch_sweep_size_rand-20260622-195014,TesolloCubePinch,TesolloCubePinch-20260622-210903-cubepinch_sb_propriotarget_s2,proprio.target,2,2,74,3.7,4.535643,4.033618,4.033618,1.910393,2.123225,1,0.779663,3682863
pinch,pinch_sweep_size_rand-20260622-195014,TesolloCubePinch,TesolloCubePinch-20260622-210903-cubepinch_sb_propriotarget_s2,proprio.target,2,2,75,3.75,4.535643,4.561751,4.561751,2.584096,1.977655,1,0.786634,3682863
pinch,pinch_sweep_size_rand-20260622-195014,TesolloCubePinch,TesolloCubePinch-20260622-210903-cubepinch_sb_propriotarget_s2,proprio.target,2,2,76,3.8,4.535643,4.565133,4.565133,2.583432,1.981701,1,0.786666,3682863
pinch,pinch_sweep_size_rand-20260622-195014,TesolloCubePinch,TesolloCubePinch-20260622-210903-cubepinch_sb_propriotarget_s2,proprio.target,2,2,77,3.85,4.535643,4.567383,4.567383,2.583747,1.983635,1,0.786698,3682863
pinch,pinch_sweep_size_rand-20260622-195014,TesolloCubePinch,TesolloCubePinch-20260622-210903-cubepinch_sb_propriotarget_s2,proprio.target,2,2,78,3.9,4.535643,4.570532,4.570532,2.58519,1.985342,1,0.786728,3682863
pinch,pinch_sweep_size_rand-20260622-195014,TesolloCubePinch,TesolloCubePinch-20260622-210903-cubepinch_sb_propriotarget_s2,proprio.target,2,2,79,3.95,4.535643,4.572553,4.572553,2.584514,1.988039,1,0.78676,3682863
pinch,pinch_sweep_size_rand-20260622-195014,TesolloCubePinch,TesolloCubePinch-20260622-212024-cubepinch_sb_propriotarget_s3,proprio.target,3,0,0,0.0,3.602274,0.0,0.0,0.0,0.0,0,0.055385,3682863
pinch,pinch_sweep_size_rand-20260622-195014,TesolloCubePinch,TesolloCubePinch-20260622-212024-cubepinch_sb_propriotarget_s3,proprio.target,3,0,1,0.05,3.602274,0.0,0.0,0.0,0.0,0,0.058709,3682863
pinch,pinch_sweep_size_rand-20260622-195014,TesolloCubePinch,TesolloCubePinch-20260622-212024-cubepinch_sb_propriotarget_s3,proprio.target,3,0,2,0.1,3.602274,5.673812,5.673812,3.823202,1.85061,0,0.153835,3682863
pinch,pinch_sweep_size_rand-20260622-195014,TesolloCubePinch,TesolloCubePinch-20260622-212024-cubepinch_sb_propriotarget_s3,proprio.target,3,0,3,0.15,3.602274,5.268376,5.268376,2.999598,2.268778,0,0.189995,3682863
pinch,pinch_sweep_size_rand-20260622-195014,TesolloCubePinch,TesolloCubePinch-20260622-212024-cubepinch_sb_propriotarget_s3,proprio.target,3,0,4,0.2,3.602274,1.651973,0.0,0.0,1.651973,0,0.062266,3682863
pinch,pinch_sweep_size_rand-20260622-195014,TesolloCubePinch,TesolloCubePinch-20260622-212024-cubepinch_sb_propriotarget_s3,proprio.target,3,0,5,0.25,3.602274,4.657608,4.657608,2.744246,1.913363,0,0.242546,3682863
pinch,pinch_sweep_size_rand-20260622-195014,TesolloCubePinch,TesolloCubePinch-20260622-212024-cubepinch_sb_propriotarget_s3,proprio.target,3,0,6,0.3,3.602274,4.6476,4.6476,2.850581,1.797019,0,0.243049,3682863
pinch,pinch_sweep_size_rand-20260622-195014,TesolloCubePinch,TesolloCubePinch-20260622-212024-cubepinch_sb_propriotarget_s3,proprio.target,3,0,7,0.35,3.602274,2.35267,2.35267,1.255166,1.097504,0,0.226203,3682863
pinch,pinch_sweep_size_rand-20260622-195014,TesolloCubePinch,TesolloCubePinch-20260622-212024-cubepinch_sb_propriotarget_s3,proprio.target,3,0,8,0.4,3.602274,3.995331,3.995331,2.707826,1.287505,0,0.279683,3682863
pinch,pinch_sweep_size_rand-20260622-195014,TesolloCubePinch,TesolloCubePinch-20260622-212024-cubepinch_sb_propriotarget_s3,proprio.target,3,0,9,0.45,3.602274,5.94207,5.94207,3.410853,2.531217,0,0.131459,3682863
pinch,pinch_sweep_size_rand-20260622-195014,TesolloCubePinch,TesolloCubePinch-20260622-212024-cubepinch_sb_propriotarget_s3,proprio.target,3,0,10,0.5,3.602274,6.774446,6.774446,3.27034,3.504105,0,0.078328,3682863
pinch,pinch_sweep_size_rand-20260622-195014,TesolloCubePinch,TesolloCubePinch-20260622-212024-cubepinch_sb_propriotarget_s3,proprio.target,3,0,11,0.55,3.602274,3.731338,3.731338,2.432534,1.298804,0,0.285517,3682863
pinch,pinch_sweep_size_rand-20260622-195014,TesolloCubePinch,TesolloCubePinch-20260622-212024-cubepinch_sb_propriotarget_s3,proprio.target,3,0,12,0.6,3.602274,3.58617,3.58617,2.437769,1.148401,0,0.28621,3682863
pinch,pinch_sweep_size_rand-20260622-195014,TesolloCubePinch,TesolloCubePinch-20260622-212024-cubepinch_sb_propriotarget_s3,proprio.target,3,0,13,0.65,3.602274,4.167799,4.167799,2.731257,1.436541,0,0.272496,3682863
pinch,pinch_sweep_size_rand-20260622-195014,TesolloCubePinch,TesolloCubePinch-20260622-212024-cubepinch_sb_propriotarget_s3,proprio.target,3,0,14,0.7,3.602274,3.604261,3.604261,2.083923,1.520338,0,0.286343,3682863
pinch,pinch_sweep_size_rand-20260622-195014,TesolloCubePinch,TesolloCubePinch-20260622-212024-cubepinch_sb_propriotarget_s3,proprio.target,3,0,15,0.75,3.602274,3.778615,3.778615,2.194023,1.584591,0,0.285053,3682863
pinch,pinch_sweep_size_rand-20260622-195014,TesolloCubePinch,TesolloCubePinch-20260622-212024-cubepinch_sb_propriotarget_s3,proprio.target,3,0,16,0.8,3.602274,3.972449,3.972449,2.22115,1.751299,0,0.280494,3682863
pinch,pinch_sweep_size_rand-20260622-195014,TesolloCubePinch,TesolloCubePinch-20260622-212024-cubepinch_sb_propriotarget_s3,proprio.target,3,0,17,0.85,3.602274,3.931809,3.931809,2.250706,1.681103,0,0.281803,3682863
pinch,pinch_sweep_size_rand-20260622-195014,TesolloCubePinch,TesolloCubePinch-20260622-212024-cubepinch_sb_propriotarget_s3,proprio.target,3,0,18,0.9,3.602274,4.061581,4.061581,2.25739,1.804191,0,0.277455,3682863
pinch,pinch_sweep_size_rand-20260622-195014,TesolloCubePinch,TesolloCubePinch-20260622-212024-cubepinch_sb_propriotarget_s3,proprio.target,3,0,19,0.95,3.602274,4.098975,4.098975,2.273767,1.825208,0,0.275998,3682863
pinch,pinch_sweep_size_rand-20260622-195014,TesolloCubePinch,TesolloCubePinch-20260622-212024-cubepinch_sb_propriotarget_s3,proprio.target,3,0,20,1.0,3.602274,4.128872,4.128872,2.276126,1.852746,1,0.774769,3682863
pinch,pinch_sweep_size_rand-20260622-195014,TesolloCubePinch,TesolloCubePinch-20260622-212024-cubepinch_sb_propriotarget_s3,proprio.target,3,0,21,1.05,3.602274,4.153848,4.153848,2.27751,1.876338,1,0.773701,3682863
pinch,pinch_sweep_size_rand-20260622-195014,TesolloCubePinch,TesolloCubePinch-20260622-212024-cubepinch_sb_propriotarget_s3,proprio.target,3,0,22,1.1,3.602274,4.174092,4.174092,2.276808,1.897284,1,0.772814,3682863
pinch,pinch_sweep_size_rand-20260622-195014,TesolloCubePinch,TesolloCubePinch-20260622-212024-cubepinch_sb_propriotarget_s3,proprio.target,3,0,23,1.15,3.602274,4.180706,4.180706,2.275019,1.905687,1,0.772563,3682863
pinch,pinch_sweep_size_rand-20260622-195014,TesolloCubePinch,TesolloCubePinch-20260622-212024-cubepinch_sb_propriotarget_s3,proprio.target,3,0,24,1.2,3.602274,4.19101,4.19101,2.274558,1.916452,1,0.772128,3682863
pinch,pinch_sweep_size_rand-20260622-195014,TesolloCubePinch,TesolloCubePinch-20260622-212024-cubepinch_sb_propriotarget_s3,proprio.target,3,0,25,1.25,3.602274,4.152927,4.152927,2.274422,1.878505,1,0.77401,3682863
pinch,pinch_sweep_size_rand-20260622-195014,TesolloCubePinch,TesolloCubePinch-20260622-212024-cubepinch_sb_propriotarget_s3,proprio.target,3,0,26,1.3,3.602274,4.209292,4.209292,2.269142,1.94015,1,0.771347,3682863
pinch,pinch_sweep_size_rand-20260622-195014,TesolloCubePinch,TesolloCubePinch-20260622-212024-cubepinch_sb_propriotarget_s3,proprio.target,3,0,27,1.35,3.602274,4.074506,4.074506,2.164662,1.909844,1,0.777536,3682863
pinch,pinch_sweep_size_rand-20260622-195014,TesolloCubePinch,TesolloCubePinch-20260622-212024-cubepinch_sb_propriotarget_s3,proprio.target,3,0,28,1.4,3.602274,4.196251,4.196251,2.267342,1.92891,1,0.772135,3682863
pinch,pinch_sweep_size_rand-20260622-195014,TesolloCubePinch,TesolloCubePinch-20260622-212024-cubepinch_sb_propriotarget_s3,proprio.target,3,0,29,1.45,3.602274,4.248266,4.248266,2.265345,1.982921,1,0.769536,3682863
pinch,pinch_sweep_size_rand-20260622-195014,TesolloCubePinch,TesolloCubePinch-20260622-212024-cubepinch_sb_propriotarget_s3,proprio.target,3,0,30,1.5,3.602274,4.213447,4.213447,2.269412,1.944036,1,0.771421,3682863
pinch,pinch_sweep_size_rand-20260622-195014,TesolloCubePinch,TesolloCubePinch-20260622-212024-cubepinch_sb_propriotarget_s3,proprio.target,3,0,31,1.55,3.602274,4.219123,4.219123,2.263356,1.955768,1,0.771208,3682863
pinch,pinch_sweep_size_rand-20260622-195014,TesolloCubePinch,TesolloCubePinch-20260622-212024-cubepinch_sb_propriotarget_s3,proprio.target,3,0,32,1.6,3.602274,4.223002,4.223002,2.261632,1.961371,1,0.77109,3682863
pinch,pinch_sweep_size_rand-20260622-195014,TesolloCubePinch,TesolloCubePinch-20260622-212024-cubepinch_sb_propriotarget_s3,proprio.target,3,0,33,1.65,3.602274,4.259996,4.259996,2.262166,1.997831,1,0.769222,3682863
pinch,pinch_sweep_size_rand-20260622-195014,TesolloCubePinch,TesolloCubePinch-20260622-212024-cubepinch_sb_propriotarget_s3,proprio.target,3,0,34,1.7,3.602274,4.230404,4.230404,2.265438,1.964967,1,0.770873,3682863
pinch,pinch_sweep_size_rand-20260622-195014,TesolloCubePinch,TesolloCubePinch-20260622-212024-cubepinch_sb_propriotarget_s3,proprio.target,3,0,35,1.75,3.602274,3.748046,3.748046,2.258847,1.489198,1,0.786922,3682863
pinch,pinch_sweep_size_rand-20260622-195014,TesolloCubePinch,TesolloCubePinch-20260622-212024-cubepinch_sb_propriotarget_s3,proprio.target,3,0,36,1.8,3.602274,4.254982,4.254982,2.255344,1.999638,1,0.769751,3682863
pinch,pinch_sweep_size_rand-20260622-195014,TesolloCubePinch,TesolloCubePinch-20260622-212024-cubepinch_sb_propriotarget_s3,proprio.target,3,0,37,1.85,3.602274,4.227663,4.227663,2.259333,1.96833,1,0.771283,3682863
pinch,pinch_sweep_size_rand-20260622-195014,TesolloCubePinch,TesolloCubePinch-20260622-212024-cubepinch_sb_propriotarget_s3,proprio.target,3,0,38,1.9,3.602274,4.252725,4.252725,2.251889,2.000836,1,0.770056,3682863
pinch,pinch_sweep_size_rand-20260622-195014,TesolloCubePinch,TesolloCubePinch-20260622-212024-cubepinch_sb_propriotarget_s3,proprio.target,3,0,39,1.95,3.602274,3.271191,3.271191,1.302144,1.969047,1,0.783417,3682863
pinch,pinch_sweep_size_rand-20260622-195014,TesolloCubePinch,TesolloCubePinch-20260622-212024-cubepinch_sb_propriotarget_s3,proprio.target,3,0,40,2.0,3.602274,4.25596,4.25596,2.245156,2.010804,1,0.770077,3682863
pinch,pinch_sweep_size_rand-20260622-195014,TesolloCubePinch,TesolloCubePinch-20260622-212024-cubepinch_sb_propriotarget_s3,proprio.target,3,0,41,2.05,3.602274,4.218398,4.218398,2.241312,1.977086,1,0.77215,3682863
pinch,pinch_sweep_size_rand-20260622-195014,TesolloCubePinch,TesolloCubePinch-20260622-212024-cubepinch_sb_propriotarget_s3,proprio.target,3,0,42,2.1,3.602274,4.242275,4.242275,2.235555,2.00672,1,0.771016,3682863
pinch,pinch_sweep_size_rand-20260622-195014,TesolloCubePinch,TesolloCubePinch-20260622-212024-cubepinch_sb_propriotarget_s3,proprio.target,3,0,43,2.15,3.602274,4.235875,4.235875,2.233778,2.002098,1,0.771461,3682863
pinch,pinch_sweep_size_rand-20260622-195014,TesolloCubePinch,TesolloCubePinch-20260622-212024-cubepinch_sb_propriotarget_s3,proprio.target,3,0,44,2.2,3.602274,4.229774,4.229774,2.232161,1.997614,1,0.771891,3682863
pinch,pinch_sweep_size_rand-20260622-195014,TesolloCubePinch,TesolloCubePinch-20260622-212024-cubepinch_sb_propriotarget_s3,proprio.target,3,0,45,2.25,3.602274,4.191907,4.191907,2.231912,1.959994,1,0.773919,3682863
pinch,pinch_sweep_size_rand-20260622-195014,TesolloCubePinch,TesolloCubePinch-20260622-212024-cubepinch_sb_propriotarget_s3,proprio.target,3,0,46,2.3,3.602274,4.223708,4.223708,2.232319,1.991389,1,0.772435,3682863
pinch,pinch_sweep_size_rand-20260622-195014,TesolloCubePinch,TesolloCubePinch-20260622-212024-cubepinch_sb_propriotarget_s3,proprio.target,3,0,47,2.35,3.602274,4.182705,4.182705,2.24015,1.942555,1,0.774603,3682863
pinch,pinch_sweep_size_rand-20260622-195014,TesolloCubePinch,TesolloCubePinch-20260622-212024-cubepinch_sb_propriotarget_s3,proprio.target,3,0,48,2.4,3.602274,4.182588,4.182588,2.250523,1.932065,1,0.774727,3682863
pinch,pinch_sweep_size_rand-20260622-195014,TesolloCubePinch,TesolloCubePinch-20260622-212024-cubepinch_sb_propriotarget_s3,proprio.target,3,0,49,2.45,3.602274,4.253954,4.253954,2.269003,1.984951,1,0.771206,3682863
pinch,pinch_sweep_size_rand-20260622-195014,TesolloCubePinch,TesolloCubePinch-20260622-212024-cubepinch_sb_propriotarget_s3,proprio.target,3,0,50,2.5,3.602274,4.210798,4.210798,2.297716,1.913082,1,0.773588,3682863
pinch,pinch_sweep_size_rand-20260622-195014,TesolloCubePinch,TesolloCubePinch-20260622-212024-cubepinch_sb_propriotarget_s3,proprio.target,3,0,51,2.55,3.602274,4.312897,4.312897,2.328339,1.984558,1,0.768178,3682863
pinch,pinch_sweep_size_rand-20260622-195014,TesolloCubePinch,TesolloCubePinch-20260622-212024-cubepinch_sb_propriotarget_s3,proprio.target,3,0,52,2.6,3.602274,4.726365,4.726365,3.094948,1.631418,0,0.239073,3682863
pinch,pinch_sweep_size_rand-20260622-195014,TesolloCubePinch,TesolloCubePinch-20260622-212024-cubepinch_sb_propriotarget_s3,proprio.target,3,0,53,2.65,3.602274,4.230876,4.230876,3.156636,1.07424,0,0.271807,3682863
pinch,pinch_sweep_size_rand-20260622-195014,TesolloCubePinch,TesolloCubePinch-20260622-212024-cubepinch_sb_propriotarget_s3,proprio.target,3,0,54,2.7,3.602274,4.715811,4.715811,3.544275,1.171536,0,0.238915,3682863
pinch,pinch_sweep_size_rand-20260622-195014,TesolloCubePinch,TesolloCubePinch-20260622-212024-cubepinch_sb_propriotarget_s3,proprio.target,3,0,55,2.75,3.602274,5.393469,5.393469,3.511532,1.881937,0,0.179759,3682863
pinch,pinch_sweep_size_rand-20260622-195014,TesolloCubePinch,TesolloCubePinch-20260622-212024-cubepinch_sb_propriotarget_s3,proprio.target,3,0,56,2.8,3.602274,3.975888,0.0,3.975888,0.0,0,0.062401,3682863
pinch,pinch_sweep_size_rand-20260622-195014,TesolloCubePinch,TesolloCubePinch-20260622-212024-cubepinch_sb_propriotarget_s3,proprio.target,3,0,57,2.85,3.602274,5.075404,5.075404,4.045451,1.029952,0,0.207249,3682863
pinch,pinch_sweep_size_rand-20260622-195014,TesolloCubePinch,TesolloCubePinch-20260622-212024-cubepinch_sb_propriotarget_s3,proprio.target,3,0,58,2.9,3.602274,5.023421,5.023421,4.105256,0.918165,0,0.211712,3682863
pinch,pinch_sweep_size_rand-20260622-195014,TesolloCubePinch,TesolloCubePinch-20260622-212024-cubepinch_sb_propriotarget_s3,proprio.target,3,0,59,2.95,3.602274,4.152563,0.0,4.152563,0.0,0,0.061593,3682863
pinch,pinch_sweep_size_rand-20260622-195014,TesolloCubePinch,TesolloCubePinch-20260622-212024-cubepinch_sb_propriotarget_s3,proprio.target,3,0,60,3.0,3.602274,6.218331,6.218331,4.187899,2.030433,0,0.110993,3682863
pinch,pinch_sweep_size_rand-20260622-195014,TesolloCubePinch,TesolloCubePinch-20260622-212024-cubepinch_sb_propriotarget_s3,proprio.target,3,0,61,3.05,3.602274,6.433799,6.433799,4.212968,2.220831,0,0.096996,3682863
pinch,pinch_sweep_size_rand-20260622-195014,TesolloCubePinch,TesolloCubePinch-20260622-212024-cubepinch_sb_propriotarget_s3,proprio.target,3,0,62,3.1,3.602274,5.942806,5.942806,4.229664,1.713141,0,0.131185,3682863
pinch,pinch_sweep_size_rand-20260622-195014,TesolloCubePinch,TesolloCubePinch-20260622-212024-cubepinch_sb_propriotarget_s3,proprio.target,3,0,63,3.15,3.602274,5.730508,5.730508,4.040236,1.690272,0,0.148519,3682863
pinch,pinch_sweep_size_rand-20260622-195014,TesolloCubePinch,TesolloCubePinch-20260622-212024-cubepinch_sb_propriotarget_s3,proprio.target,3,0,64,3.2,3.602274,4.631002,4.631002,2.954516,1.676486,0,0.243784,3682863
pinch,pinch_sweep_size_rand-20260622-195014,TesolloCubePinch,TesolloCubePinch-20260622-212024-cubepinch_sb_propriotarget_s3,proprio.target,3,0,65,3.25,3.602274,4.340236,4.340236,2.612151,1.728085,0,0.263514,3682863
pinch,pinch_sweep_size_rand-20260622-195014,TesolloCubePinch,TesolloCubePinch-20260622-212024-cubepinch_sb_propriotarget_s3,proprio.target,3,0,66,3.3,3.602274,4.326769,4.326769,2.537121,1.789649,0,0.264382,3682863
pinch,pinch_sweep_size_rand-20260622-195014,TesolloCubePinch,TesolloCubePinch-20260622-212024-cubepinch_sb_propriotarget_s3,proprio.target,3,0,67,3.35,3.602274,3.956412,3.956412,2.131841,1.82457,0,0.281197,3682863
pinch,pinch_sweep_size_rand-20260622-195014,TesolloCubePinch,TesolloCubePinch-20260622-212024-cubepinch_sb_propriotarget_s3,proprio.target,3,0,68,3.4,3.602274,4.017902,4.017902,2.115593,1.902309,0,0.279227,3682863
pinch,pinch_sweep_size_rand-20260622-195014,TesolloCubePinch,TesolloCubePinch-20260622-212024-cubepinch_sb_propriotarget_s3,proprio.target,3,0,69,3.45,3.602274,4.031163,4.031163,2.159211,1.871952,0,0.278817,3682863
pinch,pinch_sweep_size_rand-20260622-195014,TesolloCubePinch,TesolloCubePinch-20260622-212024-cubepinch_sb_propriotarget_s3,proprio.target,3,0,70,3.5,3.602274,4.104539,4.104539,2.169353,1.935185,0,0.275972,3682863
pinch,pinch_sweep_size_rand-20260622-195014,TesolloCubePinch,TesolloCubePinch-20260622-212024-cubepinch_sb_propriotarget_s3,proprio.target,3,0,71,3.55,3.602274,4.09047,4.09047,2.189003,1.901467,0,0.276637,3682863
pinch,pinch_sweep_size_rand-20260622-195014,TesolloCubePinch,TesolloCubePinch-20260622-212024-cubepinch_sb_propriotarget_s3,proprio.target,3,0,72,3.6,3.602274,4.143914,4.143914,2.192986,1.950928,0,0.274382,3682863
pinch,pinch_sweep_size_rand-20260622-195014,TesolloCubePinch,TesolloCubePinch-20260622-212024-cubepinch_sb_propriotarget_s3,proprio.target,3,0,73,3.65,3.602274,4.121823,4.121823,2.205941,1.915882,0,0.275444,3682863
pinch,pinch_sweep_size_rand-20260622-195014,TesolloCubePinch,TesolloCubePinch-20260622-212024-cubepinch_sb_propriotarget_s3,proprio.target,3,0,74,3.7,3.602274,4.169799,4.169799,2.20734,1.96246,1,0.773323,3682863
pinch,pinch_sweep_size_rand-20260622-195014,TesolloCubePinch,TesolloCubePinch-20260622-212024-cubepinch_sb_propriotarget_s3,proprio.target,3,0,75,3.75,3.602274,4.482349,4.482349,2.185664,2.296686,0,0.255181,3682863
pinch,pinch_sweep_size_rand-20260622-195014,TesolloCubePinch,TesolloCubePinch-20260622-212024-cubepinch_sb_propriotarget_s3,proprio.target,3,0,76,3.8,3.602274,4.152488,4.152488,2.217778,1.93471,0,0.274283,3682863
pinch,pinch_sweep_size_rand-20260622-195014,TesolloCubePinch,TesolloCubePinch-20260622-212024-cubepinch_sb_propriotarget_s3,proprio.target,3,0,77,3.85,3.602274,4.195023,4.195023,2.222786,1.972237,0,0.272325,3682863
pinch,pinch_sweep_size_rand-20260622-195014,TesolloCubePinch,TesolloCubePinch-20260622-212024-cubepinch_sb_propriotarget_s3,proprio.target,3,0,78,3.9,3.602274,4.168798,4.168798,2.229952,1.938846,0,0.273672,3682863
pinch,pinch_sweep_size_rand-20260622-195014,TesolloCubePinch,TesolloCubePinch-20260622-212024-cubepinch_sb_propriotarget_s3,proprio.target,3,0,79,3.95,3.602274,3.595395,3.595395,2.226516,1.368879,0,0.287588,3682863
pinch,pinch_sweep_size_rand-20260622-195014,TesolloCubePinch,TesolloCubePinch-20260622-212024-cubepinch_sb_propriotarget_s3,proprio.target,3,1,0,0.0,4.276002,0.0,0.0,0.0,0.0,0,0.055401,3682863
pinch,pinch_sweep_size_rand-20260622-195014,TesolloCubePinch,TesolloCubePinch-20260622-212024-cubepinch_sb_propriotarget_s3,proprio.target,3,1,1,0.05,4.276002,0.0,0.0,0.0,0.0,0,0.058779,3682863
pinch,pinch_sweep_size_rand-20260622-195014,TesolloCubePinch,TesolloCubePinch-20260622-212024-cubepinch_sb_propriotarget_s3,proprio.target,3,1,2,0.1,4.276002,2.133206,0.0,0.0,2.133206,0,0.06185,3682863
pinch,pinch_sweep_size_rand-20260622-195014,TesolloCubePinch,TesolloCubePinch-20260622-212024-cubepinch_sb_propriotarget_s3,proprio.target,3,1,3,0.15,4.276002,4.824007,4.824007,3.188022,1.635986,0,0.277773,3682863
pinch,pinch_sweep_size_rand-20260622-195014,TesolloCubePinch,TesolloCubePinch-20260622-212024-cubepinch_sb_propriotarget_s3,proprio.target,3,1,4,0.2,4.276002,4.511389,4.511389,2.810944,1.700445,0,0.285503,3682863
pinch,pinch_sweep_size_rand-20260622-195014,TesolloCubePinch,TesolloCubePinch-20260622-212024-cubepinch_sb_propriotarget_s3,proprio.target,3,1,5,0.25,4.276002,4.084836,4.084836,2.743622,1.341214,0,0.285849,3682863
pinch,pinch_sweep_size_rand-20260622-195014,TesolloCubePinch,TesolloCubePinch-20260622-212024-cubepinch_sb_propriotarget_s3,proprio.target,3,1,6,0.3,4.276002,3.98004,3.98004,2.822815,1.157224,0,0.284184,3682863
pinch,pinch_sweep_size_rand-20260622-195014,TesolloCubePinch,TesolloCubePinch-20260622-212024-cubepinch_sb_propriotarget_s3,proprio.target,3,1,7,0.35,4.276002,3.827075,3.827075,2.694501,1.132575,0,0.280694,3682863
pinch,pinch_sweep_size_rand-20260622-195014,TesolloCubePinch,TesolloCubePinch-20260622-212024-cubepinch_sb_propriotarget_s3,proprio.target,3,1,8,0.4,4.276002,7.10882,7.10882,3.065901,4.042919,0,0.127582,3682863
pinch,pinch_sweep_size_rand-20260622-195014,TesolloCubePinch,TesolloCubePinch-20260622-212024-cubepinch_sb_propriotarget_s3,proprio.target,3,1,9,0.45,4.276002,5.781597,5.781597,4.230003,1.551594,0,0.224404,3682863
pinch,pinch_sweep_size_rand-20260622-195014,TesolloCubePinch,TesolloCubePinch-20260622-212024-cubepinch_sb_propriotarget_s3,proprio.target,3,1,10,0.5,4.276002,5.142904,5.142904,3.670074,1.47283,0,0.263743,3682863
pinch,pinch_sweep_size_rand-20260622-195014,TesolloCubePinch,TesolloCubePinch-20260622-212024-cubepinch_sb_propriotarget_s3,proprio.target,3,1,11,0.55,4.276002,4.872272,4.872272,3.14744,1.724831,0,0.275211,3682863
pinch,pinch_sweep_size_rand-20260622-195014,TesolloCubePinch,TesolloCubePinch-20260622-212024-cubepinch_sb_propriotarget_s3,proprio.target,3,1,12,0.6,4.276002,4.598334,4.598334,2.797669,1.800665,0,0.282834,3682863
pinch,pinch_sweep_size_rand-20260622-195014,TesolloCubePinch,TesolloCubePinch-20260622-212024-cubepinch_sb_propriotarget_s3,proprio.target,3,1,13,0.65,4.276002,4.192632,4.192632,2.496267,1.696365,0,0.285869,3682863
pinch,pinch_sweep_size_rand-20260622-195014,TesolloCubePinch,TesolloCubePinch-20260622-212024-cubepinch_sb_propriotarget_s3,proprio.target,3,1,14,0.7,4.276002,3.588167,3.588167,1.819423,1.768745,0,0.271654,3682863
pinch,pinch_sweep_size_rand-20260622-195014,TesolloCubePinch,TesolloCubePinch-20260622-212024-cubepinch_sb_propriotarget_s3,proprio.target,3,1,15,0.75,4.276002,4.318071,4.318071,2.4955,1.822572,0,0.286103,3682863
pinch,pinch_sweep_size_rand-20260622-195014,TesolloCubePinch,TesolloCubePinch-20260622-212024-cubepinch_sb_propriotarget_s3,proprio.target,3,1,16,0.8,4.276002,4.40344,4.40344,2.557244,1.846196,0,0.285694,3682863
pinch,pinch_sweep_size_rand-20260622-195014,TesolloCubePinch,TesolloCubePinch-20260622-212024-cubepinch_sb_propriotarget_s3,proprio.target,3,1,17,0.85,4.276002,4.448805,4.448805,2.576013,1.872792,0,0.285319,3682863
pinch,pinch_sweep_size_rand-20260622-195014,TesolloCubePinch,TesolloCubePinch-20260622-212024-cubepinch_sb_propriotarget_s3,proprio.target,3,1,18,0.9,4.276002,4.472526,4.472526,2.578454,1.894072,0,0.285093,3682863
pinch,pinch_sweep_size_rand-20260622-195014,TesolloCubePinch,TesolloCubePinch-20260622-212024-cubepinch_sb_propriotarget_s3,proprio.target,3,1,19,0.95,4.276002,4.496861,4.496861,2.581881,1.91498,0,0.284823,3682863
pinch,pinch_sweep_size_rand-20260622-195014,TesolloCubePinch,TesolloCubePinch-20260622-212024-cubepinch_sb_propriotarget_s3,proprio.target,3,1,20,1.0,4.276002,4.517686,4.517686,2.585131,1.932555,1,0.784568,3682863
pinch,pinch_sweep_size_rand-20260622-195014,TesolloCubePinch,TesolloCubePinch-20260622-212024-cubepinch_sb_propriotarget_s3,proprio.target,3,1,21,1.05,4.276002,4.481967,4.481967,2.587225,1.894742,1,0.785116,3682863
pinch,pinch_sweep_size_rand-20260622-195014,TesolloCubePinch,TesolloCubePinch-20260622-212024-cubepinch_sb_propriotarget_s3,proprio.target,3,1,22,1.1,4.276002,4.479955,4.479955,2.58469,1.895266,1,0.785191,3682863
pinch,pinch_sweep_size_rand-20260622-195014,TesolloCubePinch,TesolloCubePinch-20260622-212024-cubepinch_sb_propriotarget_s3,proprio.target,3,1,23,1.15,4.276002,4.559675,4.559675,2.584039,1.975635,1,0.784026,3682863
pinch,pinch_sweep_size_rand-20260622-195014,TesolloCubePinch,TesolloCubePinch-20260622-212024-cubepinch_sb_propriotarget_s3,proprio.target,3,1,24,1.2,4.276002,4.503817,4.503817,2.587889,1.915928,1,0.784967,3682863
pinch,pinch_sweep_size_rand-20260622-195014,TesolloCubePinch,TesolloCubePinch-20260622-212024-cubepinch_sb_propriotarget_s3,proprio.target,3,1,25,1.25,4.276002,4.586398,4.586398,2.585279,2.001119,1,0.783629,3682863
pinch,pinch_sweep_size_rand-20260622-195014,TesolloCubePinch,TesolloCubePinch-20260622-212024-cubepinch_sb_propriotarget_s3,proprio.target,3,1,26,1.3,4.276002,4.514899,4.514899,2.580485,1.934414,1,0.784904,3682863
pinch,pinch_sweep_size_rand-20260622-195014,TesolloCubePinch,TesolloCubePinch-20260622-212024-cubepinch_sb_propriotarget_s3,proprio.target,3,1,27,1.35,4.276002,4.506804,4.506804,2.574646,1.932157,1,0.785074,3682863
pinch,pinch_sweep_size_rand-20260622-195014,TesolloCubePinch,TesolloCubePinch-20260622-212024-cubepinch_sb_propriotarget_s3,proprio.target,3,1,28,1.4,4.276002,4.506499,4.506499,2.566757,1.939742,1,0.785132,3682863
pinch,pinch_sweep_size_rand-20260622-195014,TesolloCubePinch,TesolloCubePinch-20260622-212024-cubepinch_sb_propriotarget_s3,proprio.target,3,1,29,1.45,4.276002,4.505642,4.505642,2.560148,1.945494,1,0.785197,3682863
pinch,pinch_sweep_size_rand-20260622-195014,TesolloCubePinch,TesolloCubePinch-20260622-212024-cubepinch_sb_propriotarget_s3,proprio.target,3,1,30,1.5,4.276002,4.50485,4.50485,2.554188,1.950662,1,0.78526,3682863
pinch,pinch_sweep_size_rand-20260622-195014,TesolloCubePinch,TesolloCubePinch-20260622-212024-cubepinch_sb_propriotarget_s3,proprio.target,3,1,31,1.55,4.276002,4.509686,4.509686,2.548765,1.960921,1,0.785241,3682863
pinch,pinch_sweep_size_rand-20260622-195014,TesolloCubePinch,TesolloCubePinch-20260622-212024-cubepinch_sb_propriotarget_s3,proprio.target,3,1,32,1.6,4.276002,4.601478,4.601478,2.543932,2.057546,1,0.783691,3682863
pinch,pinch_sweep_size_rand-20260622-195014,TesolloCubePinch,TesolloCubePinch-20260622-212024-cubepinch_sb_propriotarget_s3,proprio.target,3,1,33,1.65,4.276002,4.514652,4.514652,2.541028,1.973625,1,0.785265,3682863
pinch,pinch_sweep_size_rand-20260622-195014,TesolloCubePinch,TesolloCubePinch-20260622-212024-cubepinch_sb_propriotarget_s3,proprio.target,3,1,34,1.7,4.276002,4.511334,4.511334,2.536682,1.974652,1,0.785362,3682863
pinch,pinch_sweep_size_rand-20260622-195014,TesolloCubePinch,TesolloCubePinch-20260622-212024-cubepinch_sb_propriotarget_s3,proprio.target,3,1,35,1.75,4.276002,3.977441,3.977441,1.995762,1.98168,1,0.784358,3682863
pinch,pinch_sweep_size_rand-20260622-195014,TesolloCubePinch,TesolloCubePinch-20260622-212024-cubepinch_sb_propriotarget_s3,proprio.target,3,1,36,1.8,4.276002,4.509978,4.509978,2.526817,1.98316,1,0.785479,3682863
pinch,pinch_sweep_size_rand-20260622-195014,TesolloCubePinch,TesolloCubePinch-20260622-212024-cubepinch_sb_propriotarget_s3,proprio.target,3,1,37,1.85,4.276002,4.511972,4.511972,2.522872,1.9891,1,0.785498,3682863
pinch,pinch_sweep_size_rand-20260622-195014,TesolloCubePinch,TesolloCubePinch-20260622-212024-cubepinch_sb_propriotarget_s3,proprio.target,3,1,38,1.9,4.276002,4.507571,4.507571,2.519362,1.988209,1,0.785611,3682863
pinch,pinch_sweep_size_rand-20260622-195014,TesolloCubePinch,TesolloCubePinch-20260622-212024-cubepinch_sb_propriotarget_s3,proprio.target,3,1,39,1.95,4.276002,4.507872,4.507872,2.516037,1.991835,1,0.785656,3682863
pinch,pinch_sweep_size_rand-20260622-195014,TesolloCubePinch,TesolloCubePinch-20260622-212024-cubepinch_sb_propriotarget_s3,proprio.target,3,1,40,2.0,4.276002,4.500693,4.500693,2.512947,1.987746,1,0.785808,3682863
pinch,pinch_sweep_size_rand-20260622-195014,TesolloCubePinch,TesolloCubePinch-20260622-212024-cubepinch_sb_propriotarget_s3,proprio.target,3,1,41,2.05,4.276002,4.501025,4.501025,2.510139,1.990886,1,0.785853,3682863
pinch,pinch_sweep_size_rand-20260622-195014,TesolloCubePinch,TesolloCubePinch-20260622-212024-cubepinch_sb_propriotarget_s3,proprio.target,3,1,42,2.1,4.276002,3.755018,3.755018,1.769035,1.985983,1,0.77909,3682863
pinch,pinch_sweep_size_rand-20260622-195014,TesolloCubePinch,TesolloCubePinch-20260622-212024-cubepinch_sb_propriotarget_s3,proprio.target,3,1,43,2.15,4.276002,4.495513,4.495513,2.505439,1.990074,1,0.786029,3682863
pinch,pinch_sweep_size_rand-20260622-195014,TesolloCubePinch,TesolloCubePinch-20260622-212024-cubepinch_sb_propriotarget_s3,proprio.target,3,1,44,2.2,4.276002,3.721562,3.721562,1.926033,1.795529,1,0.778098,3682863
pinch,pinch_sweep_size_rand-20260622-195014,TesolloCubePinch,TesolloCubePinch-20260622-212024-cubepinch_sb_propriotarget_s3,proprio.target,3,1,45,2.25,4.276002,4.29659,4.29659,2.353158,1.943431,1,0.787627,3682863
pinch,pinch_sweep_size_rand-20260622-195014,TesolloCubePinch,TesolloCubePinch-20260622-212024-cubepinch_sb_propriotarget_s3,proprio.target,3,1,46,2.3,4.276002,4.483574,4.483574,2.497405,1.98617,1,0.786338,3682863
pinch,pinch_sweep_size_rand-20260622-195014,TesolloCubePinch,TesolloCubePinch-20260622-212024-cubepinch_sb_propriotarget_s3,proprio.target,3,1,47,2.35,4.276002,4.485385,4.485385,2.495456,1.989929,1,0.786364,3682863
pinch,pinch_sweep_size_rand-20260622-195014,TesolloCubePinch,TesolloCubePinch-20260622-212024-cubepinch_sb_propriotarget_s3,proprio.target,3,1,48,2.4,4.276002,4.481212,4.481212,2.494238,1.986974,1,0.786469,3682863
pinch,pinch_sweep_size_rand-20260622-195014,TesolloCubePinch,TesolloCubePinch-20260622-212024-cubepinch_sb_propriotarget_s3,proprio.target,3,1,49,2.45,4.276002,4.567729,4.567729,2.4928,2.074929,1,0.785176,3682863
pinch,pinch_sweep_size_rand-20260622-195014,TesolloCubePinch,TesolloCubePinch-20260622-212024-cubepinch_sb_propriotarget_s3,proprio.target,3,1,50,2.5,4.276002,3.78288,3.78288,1.793765,1.989116,1,0.780352,3682863
pinch,pinch_sweep_size_rand-20260622-195014,TesolloCubePinch,TesolloCubePinch-20260622-212024-cubepinch_sb_propriotarget_s3,proprio.target,3,1,51,2.55,4.276002,4.477034,4.477034,2.490155,1.986879,1,0.786673,3682863
pinch,pinch_sweep_size_rand-20260622-195014,TesolloCubePinch,TesolloCubePinch-20260622-212024-cubepinch_sb_propriotarget_s3,proprio.target,3,1,52,2.6,4.276002,4.479069,4.479069,2.489703,1.989366,1,0.786699,3682863
pinch,pinch_sweep_size_rand-20260622-195014,TesolloCubePinch,TesolloCubePinch-20260622-212024-cubepinch_sb_propriotarget_s3,proprio.target,3,1,53,2.65,4.276002,4.47626,4.47626,2.48942,1.98684,1,0.786786,3682863
pinch,pinch_sweep_size_rand-20260622-195014,TesolloCubePinch,TesolloCubePinch-20260622-212024-cubepinch_sb_propriotarget_s3,proprio.target,3,1,54,2.7,4.276002,4.856215,4.856215,2.488948,2.367267,1,0.777719,3682863
pinch,pinch_sweep_size_rand-20260622-195014,TesolloCubePinch,TesolloCubePinch-20260622-212024-cubepinch_sb_propriotarget_s3,proprio.target,3,1,55,2.75,4.276002,3.802008,3.802008,1.812537,1.989471,1,0.781173,3682863
pinch,pinch_sweep_size_rand-20260622-195014,TesolloCubePinch,TesolloCubePinch-20260622-212024-cubepinch_sb_propriotarget_s3,proprio.target,3,1,56,2.8,4.276002,4.475596,4.475596,2.488662,1.986935,1,0.786948,3682863
pinch,pinch_sweep_size_rand-20260622-195014,TesolloCubePinch,TesolloCubePinch-20260622-212024-cubepinch_sb_propriotarget_s3,proprio.target,3,1,57,2.85,4.276002,5.171619,5.171619,2.672781,2.498838,0,0.264231,3682863
pinch,pinch_sweep_size_rand-20260622-195014,TesolloCubePinch,TesolloCubePinch-20260622-212024-cubepinch_sb_propriotarget_s3,proprio.target,3,1,58,2.9,4.276002,4.478446,4.478446,2.489322,1.989124,0,0.287017,3682863
pinch,pinch_sweep_size_rand-20260622-195014,TesolloCubePinch,TesolloCubePinch-20260622-212024-cubepinch_sb_propriotarget_s3,proprio.target,3,1,59,2.95,4.276002,4.477602,4.477602,2.490329,1.987274,0,0.28708,3682863
pinch,pinch_sweep_size_rand-20260622-195014,TesolloCubePinch,TesolloCubePinch-20260622-212024-cubepinch_sb_propriotarget_s3,proprio.target,3,1,60,3.0,4.276002,4.549649,4.549649,2.490953,2.058696,0,0.286062,3682863
pinch,pinch_sweep_size_rand-20260622-195014,TesolloCubePinch,TesolloCubePinch-20260622-212024-cubepinch_sb_propriotarget_s3,proprio.target,3,1,61,3.05,4.276002,4.353665,4.353665,2.363457,1.990208,0,0.288271,3682863
pinch,pinch_sweep_size_rand-20260622-195014,TesolloCubePinch,TesolloCubePinch-20260622-212024-cubepinch_sb_propriotarget_s3,proprio.target,3,1,62,3.1,4.276002,4.481675,4.481675,2.492593,1.989082,0,0.287185,3682863
pinch,pinch_sweep_size_rand-20260622-195014,TesolloCubePinch,TesolloCubePinch-20260622-212024-cubepinch_sb_propriotarget_s3,proprio.target,3,1,63,3.15,4.276002,4.482055,4.482055,2.493812,1.988243,0,0.287234,3682863
pinch,pinch_sweep_size_rand-20260622-195014,TesolloCubePinch,TesolloCubePinch-20260622-212024-cubepinch_sb_propriotarget_s3,proprio.target,3,1,64,3.2,4.276002,4.483744,4.483744,2.495168,1.988577,0,0.287266,3682863
pinch,pinch_sweep_size_rand-20260622-195014,TesolloCubePinch,TesolloCubePinch-20260622-212024-cubepinch_sb_propriotarget_s3,proprio.target,3,1,65,3.25,4.276002,4.547293,4.547293,2.496375,2.050917,0,0.286369,3682863
pinch,pinch_sweep_size_rand-20260622-195014,TesolloCubePinch,TesolloCubePinch-20260622-212024-cubepinch_sb_propriotarget_s3,proprio.target,3,1,66,3.3,4.276002,4.549519,4.549519,2.50224,2.047278,0,0.286385,3682863
pinch,pinch_sweep_size_rand-20260622-195014,TesolloCubePinch,TesolloCubePinch-20260622-212024-cubepinch_sb_propriotarget_s3,proprio.target,3,1,67,3.35,4.276002,4.549454,4.549454,2.503359,2.046095,1,0.786441,3682863
pinch,pinch_sweep_size_rand-20260622-195014,TesolloCubePinch,TesolloCubePinch-20260622-212024-cubepinch_sb_propriotarget_s3,proprio.target,3,1,68,3.4,4.276002,4.550713,4.550713,2.50479,2.045923,1,0.786474,3682863
pinch,pinch_sweep_size_rand-20260622-195014,TesolloCubePinch,TesolloCubePinch-20260622-212024-cubepinch_sb_propriotarget_s3,proprio.target,3,1,69,3.45,4.276002,4.549202,4.549202,2.506477,2.042725,1,0.786556,3682863
pinch,pinch_sweep_size_rand-20260622-195014,TesolloCubePinch,TesolloCubePinch-20260622-212024-cubepinch_sb_propriotarget_s3,proprio.target,3,1,70,3.5,4.276002,4.497239,4.497239,2.507466,1.989773,1,0.787414,3682863
pinch,pinch_sweep_size_rand-20260622-195014,TesolloCubePinch,TesolloCubePinch-20260622-212024-cubepinch_sb_propriotarget_s3,proprio.target,3,1,71,3.55,4.276002,4.496726,4.496726,2.505955,1.99077,1,0.787478,3682863
pinch,pinch_sweep_size_rand-20260622-195014,TesolloCubePinch,TesolloCubePinch-20260622-212024-cubepinch_sb_propriotarget_s3,proprio.target,3,1,72,3.6,4.276002,4.49947,4.49947,2.507987,1.991483,1,0.787498,3682863
pinch,pinch_sweep_size_rand-20260622-195014,TesolloCubePinch,TesolloCubePinch-20260622-212024-cubepinch_sb_propriotarget_s3,proprio.target,3,1,73,3.65,4.276002,4.551239,4.551239,2.510101,2.041139,1,0.786751,3682863
pinch,pinch_sweep_size_rand-20260622-195014,TesolloCubePinch,TesolloCubePinch-20260622-212024-cubepinch_sb_propriotarget_s3,proprio.target,3,1,74,3.7,4.276002,4.505594,4.505594,2.515009,1.990585,1,0.78753,3682863
pinch,pinch_sweep_size_rand-20260622-195014,TesolloCubePinch,TesolloCubePinch-20260622-212024-cubepinch_sb_propriotarget_s3,proprio.target,3,1,75,3.75,4.276002,4.508011,4.508011,2.514169,1.993843,1,0.787556,3682863
pinch,pinch_sweep_size_rand-20260622-195014,TesolloCubePinch,TesolloCubePinch-20260622-212024-cubepinch_sb_propriotarget_s3,proprio.target,3,1,76,3.8,4.276002,4.554595,4.554595,2.516374,2.038221,1,0.786875,3682863
pinch,pinch_sweep_size_rand-20260622-195014,TesolloCubePinch,TesolloCubePinch-20260622-212024-cubepinch_sb_propriotarget_s3,proprio.target,3,1,77,3.85,4.276002,4.514593,4.514593,2.520981,1.993611,1,0.787584,3682863
pinch,pinch_sweep_size_rand-20260622-195014,TesolloCubePinch,TesolloCubePinch-20260622-212024-cubepinch_sb_propriotarget_s3,proprio.target,3,1,78,3.9,4.276002,3.505743,3.505743,1.512211,1.993531,0,0.271436,3682863
pinch,pinch_sweep_size_rand-20260622-195014,TesolloCubePinch,TesolloCubePinch-20260622-212024-cubepinch_sb_propriotarget_s3,proprio.target,3,1,79,3.95,4.276002,4.553059,4.553059,2.522794,2.030265,0,0.287097,3682863
pinch,pinch_sweep_size_rand-20260622-195014,TesolloCubePinch,TesolloCubePinch-20260622-212024-cubepinch_sb_propriotarget_s3,proprio.target,3,2,0,0.0,4.535643,0.0,0.0,0.0,0.0,0,0.055456,3682863
pinch,pinch_sweep_size_rand-20260622-195014,TesolloCubePinch,TesolloCubePinch-20260622-212024-cubepinch_sb_propriotarget_s3,proprio.target,3,2,1,0.05,4.535643,0.0,0.0,0.0,0.0,0,0.058871,3682863
pinch,pinch_sweep_size_rand-20260622-195014,TesolloCubePinch,TesolloCubePinch-20260622-212024-cubepinch_sb_propriotarget_s3,proprio.target,3,2,2,0.1,4.535643,1.776463,0.0,0.0,1.776463,0,0.061518,3682863
pinch,pinch_sweep_size_rand-20260622-195014,TesolloCubePinch,TesolloCubePinch-20260622-212024-cubepinch_sb_propriotarget_s3,proprio.target,3,2,3,0.15,4.535643,2.98456,0.0,2.98456,0.0,0,0.061945,3682863
pinch,pinch_sweep_size_rand-20260622-195014,TesolloCubePinch,TesolloCubePinch-20260622-212024-cubepinch_sb_propriotarget_s3,proprio.target,3,2,4,0.2,4.535643,5.304254,5.304254,3.365582,1.938672,0,0.271364,3682863
pinch,pinch_sweep_size_rand-20260622-195014,TesolloCubePinch,TesolloCubePinch-20260622-212024-cubepinch_sb_propriotarget_s3,proprio.target,3,2,5,0.25,4.535643,5.200326,5.200326,3.512465,1.687862,0,0.275198,3682863
pinch,pinch_sweep_size_rand-20260622-195014,TesolloCubePinch,TesolloCubePinch-20260622-212024-cubepinch_sb_propriotarget_s3,proprio.target,3,2,6,0.3,4.535643,4.214165,4.214165,2.596607,1.617558,0,0.284227,3682863
pinch,pinch_sweep_size_rand-20260622-195014,TesolloCubePinch,TesolloCubePinch-20260622-212024-cubepinch_sb_propriotarget_s3,proprio.target,3,2,7,0.35,4.535643,4.784083,4.784083,3.467917,1.316166,0,0.285026,3682863
pinch,pinch_sweep_size_rand-20260622-195014,TesolloCubePinch,TesolloCubePinch-20260622-212024-cubepinch_sb_propriotarget_s3,proprio.target,3,2,8,0.4,4.535643,5.494987,5.494987,4.232451,1.262536,0,0.262067,3682863
pinch,pinch_sweep_size_rand-20260622-195014,TesolloCubePinch,TesolloCubePinch-20260622-212024-cubepinch_sb_propriotarget_s3,proprio.target,3,2,9,0.45,4.535643,4.617001,4.617001,3.542553,1.074447,0,0.286056,3682863
pinch,pinch_sweep_size_rand-20260622-195014,TesolloCubePinch,TesolloCubePinch-20260622-212024-cubepinch_sb_propriotarget_s3,proprio.target,3,2,10,0.5,4.535643,5.729612,5.729612,4.189528,1.540084,0,0.24914,3682863
pinch,pinch_sweep_size_rand-20260622-195014,TesolloCubePinch,TesolloCubePinch-20260622-212024-cubepinch_sb_propriotarget_s3,proprio.target,3,2,11,0.55,4.535643,4.43557,4.43557,2.727185,1.708385,0,0.285569,3682863
pinch,pinch_sweep_size_rand-20260622-195014,TesolloCubePinch,TesolloCubePinch-20260622-212024-cubepinch_sb_propriotarget_s3,proprio.target,3,2,12,0.6,4.535643,4.183454,4.183454,2.311105,1.872348,0,0.282343,3682863
pinch,pinch_sweep_size_rand-20260622-195014,TesolloCubePinch,TesolloCubePinch-20260622-212024-cubepinch_sb_propriotarget_s3,proprio.target,3,2,13,0.65,4.535643,4.296027,4.296027,2.437743,1.858284,0,0.284196,3682863
pinch,pinch_sweep_size_rand-20260622-195014,TesolloCubePinch,TesolloCubePinch-20260622-212024-cubepinch_sb_propriotarget_s3,proprio.target,3,2,14,0.7,4.535643,4.358869,4.358869,2.538673,1.820195,0,0.284966,3682863
pinch,pinch_sweep_size_rand-20260622-195014,TesolloCubePinch,TesolloCubePinch-20260622-212024-cubepinch_sb_propriotarget_s3,proprio.target,3,2,15,0.75,4.535643,4.465113,4.465113,2.617401,1.847712,0,0.285759,3682863
pinch,pinch_sweep_size_rand-20260622-195014,TesolloCubePinch,TesolloCubePinch-20260622-212024-cubepinch_sb_propriotarget_s3,proprio.target,3,2,16,0.8,4.535643,4.533978,4.533978,2.669518,1.86446,0,0.285958,3682863
pinch,pinch_sweep_size_rand-20260622-195014,TesolloCubePinch,TesolloCubePinch-20260622-212024-cubepinch_sb_propriotarget_s3,proprio.target,3,2,17,0.85,4.535643,4.579855,4.579855,2.694937,1.884918,0,0.285964,3682863
pinch,pinch_sweep_size_rand-20260622-195014,TesolloCubePinch,TesolloCubePinch-20260622-212024-cubepinch_sb_propriotarget_s3,proprio.target,3,2,18,0.9,4.535643,4.621428,4.621428,2.712916,1.908511,0,0.285871,3682863
pinch,pinch_sweep_size_rand-20260622-195014,TesolloCubePinch,TesolloCubePinch-20260622-212024-cubepinch_sb_propriotarget_s3,proprio.target,3,2,19,0.95,4.535643,3.778775,3.778775,2.485338,1.293437,0,0.270605,3682863
pinch,pinch_sweep_size_rand-20260622-195014,TesolloCubePinch,TesolloCubePinch-20260622-212024-cubepinch_sb_propriotarget_s3,proprio.target,3,2,20,1.0,4.535643,4.695933,4.695933,2.73868,1.957254,0,0.285464,3682863
pinch,pinch_sweep_size_rand-20260622-195014,TesolloCubePinch,TesolloCubePinch-20260622-212024-cubepinch_sb_propriotarget_s3,proprio.target,3,2,21,1.05,4.535643,4.725596,4.725596,2.746863,1.978733,0,0.285221,3682863
pinch,pinch_sweep_size_rand-20260622-195014,TesolloCubePinch,TesolloCubePinch-20260622-212024-cubepinch_sb_propriotarget_s3,proprio.target,3,2,22,1.1,4.535643,4.749463,4.749463,2.752292,1.99717,0,0.284996,3682863
pinch,pinch_sweep_size_rand-20260622-195014,TesolloCubePinch,TesolloCubePinch-20260622-212024-cubepinch_sb_propriotarget_s3,proprio.target,3,2,23,1.15,4.535643,4.759351,4.759351,2.746073,2.013277,0,0.284917,3682863
pinch,pinch_sweep_size_rand-20260622-195014,TesolloCubePinch,TesolloCubePinch-20260622-212024-cubepinch_sb_propriotarget_s3,proprio.target,3,2,24,1.2,4.535643,4.691216,4.691216,2.735715,1.955501,0,0.285677,3682863
pinch,pinch_sweep_size_rand-20260622-195014,TesolloCubePinch,TesolloCubePinch-20260622-212024-cubepinch_sb_propriotarget_s3,proprio.target,3,2,25,1.25,4.535643,3.870287,3.870287,1.910211,1.960076,0,0.274308,3682863
pinch,pinch_sweep_size_rand-20260622-195014,TesolloCubePinch,TesolloCubePinch-20260622-212024-cubepinch_sb_propriotarget_s3,proprio.target,3,2,26,1.3,4.535643,4.674221,4.674221,2.709579,1.964642,0,0.285896,3682863
pinch,pinch_sweep_size_rand-20260622-195014,TesolloCubePinch,TesolloCubePinch-20260622-212024-cubepinch_sb_propriotarget_s3,proprio.target,3,2,27,1.35,4.535643,4.669045,4.669045,2.699733,1.969313,0,0.285975,3682863
pinch,pinch_sweep_size_rand-20260622-195014,TesolloCubePinch,TesolloCubePinch-20260622-212024-cubepinch_sb_propriotarget_s3,proprio.target,3,2,28,1.4,4.535643,4.664424,4.664424,2.691415,1.973009,0,0.286048,3682863
pinch,pinch_sweep_size_rand-20260622-195014,TesolloCubePinch,TesolloCubePinch-20260622-212024-cubepinch_sb_propriotarget_s3,proprio.target,3,2,29,1.45,4.535643,4.658022,4.658022,2.683558,1.974463,1,0.786132,3682863
pinch,pinch_sweep_size_rand-20260622-195014,TesolloCubePinch,TesolloCubePinch-20260622-212024-cubepinch_sb_propriotarget_s3,proprio.target,3,2,30,1.5,4.535643,4.662312,4.662312,2.678163,1.984148,1,0.786141,3682863
pinch,pinch_sweep_size_rand-20260622-195014,TesolloCubePinch,TesolloCubePinch-20260622-212024-cubepinch_sb_propriotarget_s3,proprio.target,3,2,31,1.55,4.535643,4.658552,4.658552,2.672354,1.986198,1,0.786205,3682863
pinch,pinch_sweep_size_rand-20260622-195014,TesolloCubePinch,TesolloCubePinch-20260622-212024-cubepinch_sb_propriotarget_s3,proprio.target,3,2,32,1.6,4.535643,4.661139,4.661139,2.667308,1.993831,1,0.786225,3682863
pinch,pinch_sweep_size_rand-20260622-195014,TesolloCubePinch,TesolloCubePinch-20260622-212024-cubepinch_sb_propriotarget_s3,proprio.target,3,2,33,1.65,4.535643,4.655442,4.655442,2.660667,1.994775,1,0.786301,3682863
pinch,pinch_sweep_size_rand-20260622-195014,TesolloCubePinch,TesolloCubePinch-20260622-212024-cubepinch_sb_propriotarget_s3,proprio.target,3,2,34,1.7,4.535643,4.593956,4.593956,2.659411,1.934544,1,0.786644,3682863
pinch,pinch_sweep_size_rand-20260622-195014,TesolloCubePinch,TesolloCubePinch-20260622-212024-cubepinch_sb_propriotarget_s3,proprio.target,3,2,35,1.75,4.535643,4.656322,4.656322,2.653497,2.002824,1,0.786369,3682863
pinch,pinch_sweep_size_rand-20260622-195014,TesolloCubePinch,TesolloCubePinch-20260622-212024-cubepinch_sb_propriotarget_s3,proprio.target,3,2,36,1.8,4.535643,3.900271,3.900271,1.891678,2.008593,1,0.775767,3682863
pinch,pinch_sweep_size_rand-20260622-195014,TesolloCubePinch,TesolloCubePinch-20260622-212024-cubepinch_sb_propriotarget_s3,proprio.target,3,2,37,1.85,4.535643,4.660878,4.660878,2.650005,2.010873,1,0.786409,3682863
pinch,pinch_sweep_size_rand-20260622-195014,TesolloCubePinch,TesolloCubePinch-20260622-212024-cubepinch_sb_propriotarget_s3,proprio.target,3,2,38,1.9,4.535643,4.662224,4.662224,2.647166,2.015058,1,0.786435,3682863
pinch,pinch_sweep_size_rand-20260622-195014,TesolloCubePinch,TesolloCubePinch-20260622-212024-cubepinch_sb_propriotarget_s3,proprio.target,3,2,39,1.95,4.535643,4.665932,4.665932,2.645828,2.020104,1,0.786443,3682863
pinch,pinch_sweep_size_rand-20260622-195014,TesolloCubePinch,TesolloCubePinch-20260622-212024-cubepinch_sb_propriotarget_s3,proprio.target,3,2,40,2.0,4.535643,4.663538,4.663538,2.644746,2.018792,1,0.786495,3682863
pinch,pinch_sweep_size_rand-20260622-195014,TesolloCubePinch,TesolloCubePinch-20260622-212024-cubepinch_sb_propriotarget_s3,proprio.target,3,2,41,2.05,4.535643,4.664211,4.664211,2.643775,2.020437,1,0.786525,3682863
pinch,pinch_sweep_size_rand-20260622-195014,TesolloCubePinch,TesolloCubePinch-20260622-212024-cubepinch_sb_propriotarget_s3,proprio.target,3,2,42,2.1,4.535643,4.665161,4.665161,2.642939,2.022221,1,0.786553,3682863
pinch,pinch_sweep_size_rand-20260622-195014,TesolloCubePinch,TesolloCubePinch-20260622-212024-cubepinch_sb_propriotarget_s3,proprio.target,3,2,43,2.15,4.535643,4.665741,4.665741,2.642928,2.022814,1,0.786582,3682863
pinch,pinch_sweep_size_rand-20260622-195014,TesolloCubePinch,TesolloCubePinch-20260622-212024-cubepinch_sb_propriotarget_s3,proprio.target,3,2,44,2.2,4.535643,4.668827,4.668827,2.642259,2.026568,1,0.786594,3682863
pinch,pinch_sweep_size_rand-20260622-195014,TesolloCubePinch,TesolloCubePinch-20260622-212024-cubepinch_sb_propriotarget_s3,proprio.target,3,2,45,2.25,4.535643,4.665265,4.665265,2.642077,2.023188,1,0.786656,3682863
pinch,pinch_sweep_size_rand-20260622-195014,TesolloCubePinch,TesolloCubePinch-20260622-212024-cubepinch_sb_propriotarget_s3,proprio.target,3,2,46,2.3,4.535643,4.660763,4.660763,2.642356,2.018406,1,0.786723,3682863
pinch,pinch_sweep_size_rand-20260622-195014,TesolloCubePinch,TesolloCubePinch-20260622-212024-cubepinch_sb_propriotarget_s3,proprio.target,3,2,47,2.35,4.535643,4.66085,4.66085,2.642348,2.018502,1,0.786759,3682863
pinch,pinch_sweep_size_rand-20260622-195014,TesolloCubePinch,TesolloCubePinch-20260622-212024-cubepinch_sb_propriotarget_s3,proprio.target,3,2,48,2.4,4.535643,4.659933,4.659933,2.642814,2.017119,1,0.786802,3682863
pinch,pinch_sweep_size_rand-20260622-195014,TesolloCubePinch,TesolloCubePinch-20260622-212024-cubepinch_sb_propriotarget_s3,proprio.target,3,2,49,2.45,4.535643,4.658402,4.658402,2.643456,2.014946,1,0.786849,3682863
pinch,pinch_sweep_size_rand-20260622-195014,TesolloCubePinch,TesolloCubePinch-20260622-212024-cubepinch_sb_propriotarget_s3,proprio.target,3,2,50,2.5,4.535643,4.659612,4.659612,2.643819,2.015793,1,0.786879,3682863
pinch,pinch_sweep_size_rand-20260622-195014,TesolloCubePinch,TesolloCubePinch-20260622-212024-cubepinch_sb_propriotarget_s3,proprio.target,3,2,51,2.55,4.535643,4.658572,4.658572,2.644828,2.013744,1,0.786924,3682863
pinch,pinch_sweep_size_rand-20260622-195014,TesolloCubePinch,TesolloCubePinch-20260622-212024-cubepinch_sb_propriotarget_s3,proprio.target,3,2,52,2.6,4.535643,4.658415,4.658415,2.645927,2.012488,1,0.786962,3682863
pinch,pinch_sweep_size_rand-20260622-195014,TesolloCubePinch,TesolloCubePinch-20260622-212024-cubepinch_sb_propriotarget_s3,proprio.target,3,2,53,2.65,4.535643,4.561178,4.561178,2.548078,2.0131,1,0.787404,3682863
pinch,pinch_sweep_size_rand-20260622-195014,TesolloCubePinch,TesolloCubePinch-20260622-212024-cubepinch_sb_propriotarget_s3,proprio.target,3,2,54,2.7,4.535643,4.660556,4.660556,2.648242,2.012314,1,0.787024,3682863
pinch,pinch_sweep_size_rand-20260622-195014,TesolloCubePinch,TesolloCubePinch-20260622-212024-cubepinch_sb_propriotarget_s3,proprio.target,3,2,55,2.75,4.535643,4.661134,4.661134,2.649319,2.011814,1,0.787059,3682863
pinch,pinch_sweep_size_rand-20260622-195014,TesolloCubePinch,TesolloCubePinch-20260622-212024-cubepinch_sb_propriotarget_s3,proprio.target,3,2,56,2.8,4.535643,4.115865,4.115865,2.156989,1.958876,1,0.782656,3682863
pinch,pinch_sweep_size_rand-20260622-195014,TesolloCubePinch,TesolloCubePinch-20260622-212024-cubepinch_sb_propriotarget_s3,proprio.target,3,2,57,2.85,4.535643,4.662829,4.662829,2.652836,2.009994,1,0.787125,3682863
pinch,pinch_sweep_size_rand-20260622-195014,TesolloCubePinch,TesolloCubePinch-20260622-212024-cubepinch_sb_propriotarget_s3,proprio.target,3,2,58,2.9,4.535643,4.665933,4.665933,2.654399,2.011534,1,0.787142,3682863
pinch,pinch_sweep_size_rand-20260622-195014,TesolloCubePinch,TesolloCubePinch-20260622-212024-cubepinch_sb_propriotarget_s3,proprio.target,3,2,59,2.95,4.535643,4.666123,4.666123,2.656003,2.010121,1,0.78718,3682863
pinch,pinch_sweep_size_rand-20260622-195014,TesolloCubePinch,TesolloCubePinch-20260622-212024-cubepinch_sb_propriotarget_s3,proprio.target,3,2,60,3.0,4.535643,3.952155,3.952155,1.941868,2.010287,1,0.778349,3682863
pinch,pinch_sweep_size_rand-20260622-195014,TesolloCubePinch,TesolloCubePinch-20260622-212024-cubepinch_sb_propriotarget_s3,proprio.target,3,2,61,3.05,4.535643,4.6714,4.6714,2.659795,2.011605,1,0.787221,3682863
pinch,pinch_sweep_size_rand-20260622-195014,TesolloCubePinch,TesolloCubePinch-20260622-212024-cubepinch_sb_propriotarget_s3,proprio.target,3,2,62,3.1,4.535643,4.670894,4.670894,2.661977,2.008917,1,0.787265,3682863
pinch,pinch_sweep_size_rand-20260622-195014,TesolloCubePinch,TesolloCubePinch-20260622-212024-cubepinch_sb_propriotarget_s3,proprio.target,3,2,63,3.15,4.535643,4.673771,4.673771,2.663774,2.009997,1,0.787283,3682863
pinch,pinch_sweep_size_rand-20260622-195014,TesolloCubePinch,TesolloCubePinch-20260622-212024-cubepinch_sb_propriotarget_s3,proprio.target,3,2,64,3.2,4.535643,4.963391,4.963391,2.40503,2.558362,1,0.782789,3682863
pinch,pinch_sweep_size_rand-20260622-195014,TesolloCubePinch,TesolloCubePinch-20260622-212024-cubepinch_sb_propriotarget_s3,proprio.target,3,2,65,3.25,4.535643,4.67649,4.67649,2.66776,2.008729,1,0.787343,3682863
pinch,pinch_sweep_size_rand-20260622-195014,TesolloCubePinch,TesolloCubePinch-20260622-212024-cubepinch_sb_propriotarget_s3,proprio.target,3,2,66,3.3,4.535643,4.676326,4.676326,2.670032,2.006294,1,0.787385,3682863
pinch,pinch_sweep_size_rand-20260622-195014,TesolloCubePinch,TesolloCubePinch-20260622-212024-cubepinch_sb_propriotarget_s3,proprio.target,3,2,67,3.35,4.535643,4.679593,4.679593,2.67212,2.007473,1,0.787401,3682863
pinch,pinch_sweep_size_rand-20260622-195014,TesolloCubePinch,TesolloCubePinch-20260622-212024-cubepinch_sb_propriotarget_s3,proprio.target,3,2,68,3.4,4.535643,4.679477,4.679477,2.674302,2.005174,1,0.787443,3682863
pinch,pinch_sweep_size_rand-20260622-195014,TesolloCubePinch,TesolloCubePinch-20260622-212024-cubepinch_sb_propriotarget_s3,proprio.target,3,2,69,3.45,4.535643,4.683741,4.683741,2.676647,2.007094,1,0.787449,3682863
pinch,pinch_sweep_size_rand-20260622-195014,TesolloCubePinch,TesolloCubePinch-20260622-212024-cubepinch_sb_propriotarget_s3,proprio.target,3,2,70,3.5,4.535643,4.682968,4.682968,2.67883,2.004138,1,0.787497,3682863
pinch,pinch_sweep_size_rand-20260622-195014,TesolloCubePinch,TesolloCubePinch-20260622-212024-cubepinch_sb_propriotarget_s3,proprio.target,3,2,71,3.55,4.535643,4.687542,4.687542,2.681158,2.006384,1,0.787501,3682863
pinch,pinch_sweep_size_rand-20260622-195014,TesolloCubePinch,TesolloCubePinch-20260622-212024-cubepinch_sb_propriotarget_s3,proprio.target,3,2,72,3.6,4.535643,4.686505,4.686505,2.683565,2.002941,1,0.787551,3682863
pinch,pinch_sweep_size_rand-20260622-195014,TesolloCubePinch,TesolloCubePinch-20260622-212024-cubepinch_sb_propriotarget_s3,proprio.target,3,2,73,3.65,4.535643,4.055422,4.055422,2.685907,1.369516,1,0.781859,3682863
pinch,pinch_sweep_size_rand-20260622-195014,TesolloCubePinch,TesolloCubePinch-20260622-212024-cubepinch_sb_propriotarget_s3,proprio.target,3,2,74,3.7,4.535643,4.691281,4.691281,2.688167,2.003114,1,0.787595,3682863
pinch,pinch_sweep_size_rand-20260622-195014,TesolloCubePinch,TesolloCubePinch-20260622-212024-cubepinch_sb_propriotarget_s3,proprio.target,3,2,75,3.75,4.535643,4.692001,4.692001,2.690563,2.001438,1,0.787631,3682863
pinch,pinch_sweep_size_rand-20260622-195014,TesolloCubePinch,TesolloCubePinch-20260622-212024-cubepinch_sb_propriotarget_s3,proprio.target,3,2,76,3.8,4.535643,4.695704,4.695704,2.692712,2.002992,1,0.787641,3682863
pinch,pinch_sweep_size_rand-20260622-195014,TesolloCubePinch,TesolloCubePinch-20260622-212024-cubepinch_sb_propriotarget_s3,proprio.target,3,2,77,3.85,4.535643,4.695899,4.695899,2.695293,2.000606,1,0.787682,3682863
pinch,pinch_sweep_size_rand-20260622-195014,TesolloCubePinch,TesolloCubePinch-20260622-212024-cubepinch_sb_propriotarget_s3,proprio.target,3,2,78,3.9,4.535643,4.696877,4.696877,2.697554,1.999322,1,0.787717,3682863
pinch,pinch_sweep_size_rand-20260622-195014,TesolloCubePinch,TesolloCubePinch-20260622-212024-cubepinch_sb_propriotarget_s3,proprio.target,3,2,79,3.95,4.535643,4.023609,4.023609,2.022358,2.001251,1,0.781257,3682863
