task,queue,env_name,exp_name,sensor_bundle,seed,rollout_idx,step,time_s,goal_angle_deg,ori_error_rad,ori_error_deg,reward,rew_action_rate,rew_cube_on_floor,rew_cube_ori,rew_fingertip_pos,rew_joint_vel,rew_wrist_vel,rew_success,env_code_commit
downwards_rotate,downwards_sensor_sweep_120_cubesizeDR-20260626-215239,TesolloDownwardsRotateZ,TesolloDownwardsRotateZ-20260626-234400-downwardsrotatez_sb_baseline_s0,baseline,0,13,0,0.0,114.654,2.001095,114.6543,-0.008632,0.220291,0.846527,0.004336,0.235865,0.055201,0.079602,0.0,3682863
downwards_rotate,downwards_sensor_sweep_120_cubesizeDR-20260626-215239,TesolloDownwardsRotateZ,TesolloDownwardsRotateZ-20260626-234400-downwardsrotatez_sb_baseline_s0,baseline,0,13,1,0.05,114.654,2.001095,114.6543,-0.007076,0.060453,0.993627,0.00018,0.257798,0.097405,0.067159,0.0,3682863
downwards_rotate,downwards_sensor_sweep_120_cubesizeDR-20260626-215239,TesolloDownwardsRotateZ,TesolloDownwardsRotateZ-20260626-234400-downwardsrotatez_sb_baseline_s0,baseline,0,13,2,0.1,114.654,2.001095,114.6543,-0.004302,0.007387,0.998481,4.3e-05,0.278848,0.120211,0.060684,0.0,3682863
downwards_rotate,downwards_sensor_sweep_120_cubesizeDR-20260626-215239,TesolloDownwardsRotateZ,TesolloDownwardsRotateZ-20260626-234400-downwardsrotatez_sb_baseline_s0,baseline,0,13,3,0.15,114.654,1.985299,113.7493,0.006365,0.002814,0.68414,0.008993,0.302708,0.111633,0.052159,0.0,3682863
downwards_rotate,downwards_sensor_sweep_120_cubesizeDR-20260626-215239,TesolloDownwardsRotateZ,TesolloDownwardsRotateZ-20260626-234400-downwardsrotatez_sb_baseline_s0,baseline,0,13,4,0.2,114.654,1.970423,112.8969,-0.000426,0.00246,1.0,0.0,0.329099,0.074651,0.039676,0.0,3682863
downwards_rotate,downwards_sensor_sweep_120_cubesizeDR-20260626-215239,TesolloDownwardsRotateZ,TesolloDownwardsRotateZ-20260626-234400-downwardsrotatez_sb_baseline_s0,baseline,0,13,5,0.25,114.654,1.963701,112.5118,0.001837,0.005299,1.0,0.0,0.359926,0.042571,0.020616,0.0,3682863
downwards_rotate,downwards_sensor_sweep_120_cubesizeDR-20260626-215239,TesolloDownwardsRotateZ,TesolloDownwardsRotateZ-20260626-234400-downwardsrotatez_sb_baseline_s0,baseline,0,13,6,0.3,114.654,1.943914,111.3781,0.002828,0.015769,1.0,0.0,0.376432,0.013491,0.009017,0.0,3682863
downwards_rotate,downwards_sensor_sweep_120_cubesizeDR-20260626-215239,TesolloDownwardsRotateZ,TesolloDownwardsRotateZ-20260626-234400-downwardsrotatez_sb_baseline_s0,baseline,0,13,7,0.35,114.654,1.925605,110.329,0.001132,0.121126,1.0,0.0,0.388828,0.004495,0.001239,0.0,3682863
downwards_rotate,downwards_sensor_sweep_120_cubesizeDR-20260626-215239,TesolloDownwardsRotateZ,TesolloDownwardsRotateZ-20260626-234400-downwardsrotatez_sb_baseline_s0,baseline,0,13,8,0.4,114.654,1.898176,108.7575,0.019733,0.072475,0.368649,0.018775,0.385135,0.016387,0.000363,0.0,3682863
downwards_rotate,downwards_sensor_sweep_120_cubesizeDR-20260626-215239,TesolloDownwardsRotateZ,TesolloDownwardsRotateZ-20260626-234400-downwardsrotatez_sb_baseline_s0,baseline,0,13,9,0.45,114.654,1.866919,106.9666,0.032065,0.010815,0.0,0.030221,0.391015,0.105986,0.002664,0.0,3682863
downwards_rotate,downwards_sensor_sweep_120_cubesizeDR-20260626-215239,TesolloDownwardsRotateZ,TesolloDownwardsRotateZ-20260626-234400-downwardsrotatez_sb_baseline_s0,baseline,0,13,10,0.5,114.654,1.850957,106.052,0.032214,0.037034,0.0,0.030473,0.401493,0.015983,0.018169,0.0,3682863
downwards_rotate,downwards_sensor_sweep_120_cubesizeDR-20260626-215239,TesolloDownwardsRotateZ,TesolloDownwardsRotateZ-20260626-234400-downwardsrotatez_sb_baseline_s0,baseline,0,13,11,0.55,114.654,1.83422,105.0931,0.031259,0.070355,0.0,0.030743,0.399757,0.013103,0.036466,0.0,3682863
downwards_rotate,downwards_sensor_sweep_120_cubesizeDR-20260626-215239,TesolloDownwardsRotateZ,TesolloDownwardsRotateZ-20260626-234400-downwardsrotatez_sb_baseline_s0,baseline,0,13,12,0.6,114.654,1.793984,102.7877,0.032565,0.003444,0.0,0.031411,0.394128,0.008817,0.048296,0.0,3682863
downwards_rotate,downwards_sensor_sweep_120_cubesizeDR-20260626-215239,TesolloDownwardsRotateZ,TesolloDownwardsRotateZ-20260626-234400-downwardsrotatez_sb_baseline_s0,baseline,0,13,13,0.65,114.654,1.77551,101.7292,0.032078,0.004475,0.0,0.031727,0.387652,0.021944,0.054487,0.0,3682863
downwards_rotate,downwards_sensor_sweep_120_cubesizeDR-20260626-215239,TesolloDownwardsRotateZ,TesolloDownwardsRotateZ-20260626-234400-downwardsrotatez_sb_baseline_s0,baseline,0,13,14,0.7,114.654,1.739116,99.644,0.031889,0.005165,0.0,0.03237,0.384667,0.027309,0.065921,0.0,3682863
downwards_rotate,downwards_sensor_sweep_120_cubesizeDR-20260626-215239,TesolloDownwardsRotateZ,TesolloDownwardsRotateZ-20260626-234400-downwardsrotatez_sb_baseline_s0,baseline,0,13,15,0.75,114.654,1.706398,97.7694,0.031521,0.006045,0.0,0.03297,0.379494,0.024177,0.084561,0.0,3682863
downwards_rotate,downwards_sensor_sweep_120_cubesizeDR-20260626-215239,TesolloDownwardsRotateZ,TesolloDownwardsRotateZ-20260626-234400-downwardsrotatez_sb_baseline_s0,baseline,0,13,16,0.8,114.654,1.66798,95.5682,0.031349,0.004249,0.0,0.033704,0.375817,0.024505,0.099391,0.0,3682863
downwards_rotate,downwards_sensor_sweep_120_cubesizeDR-20260626-215239,TesolloDownwardsRotateZ,TesolloDownwardsRotateZ-20260626-234400-downwardsrotatez_sb_baseline_s0,baseline,0,13,17,0.85,114.654,1.646265,94.324,0.031358,0.004804,0.0,0.034133,0.375428,0.00262,0.092114,0.0,3682863
downwards_rotate,downwards_sensor_sweep_120_cubesizeDR-20260626-215239,TesolloDownwardsRotateZ,TesolloDownwardsRotateZ-20260626-234400-downwardsrotatez_sb_baseline_s0,baseline,0,13,18,0.9,114.654,1.637903,93.8449,0.031079,0.012719,0.0,0.034301,0.373854,0.00492,0.071581,0.0,3682863
downwards_rotate,downwards_sensor_sweep_120_cubesizeDR-20260626-215239,TesolloDownwardsRotateZ,TesolloDownwardsRotateZ-20260626-234400-downwardsrotatez_sb_baseline_s0,baseline,0,13,19,0.95,114.654,1.632669,93.5451,0.031183,0.005792,0.0,0.034407,0.372416,0.005302,0.04331,0.0,3682863
downwards_rotate,downwards_sensor_sweep_120_cubesizeDR-20260626-215239,TesolloDownwardsRotateZ,TesolloDownwardsRotateZ-20260626-234400-downwardsrotatez_sb_baseline_s0,baseline,0,13,20,1.0,114.654,1.631756,93.4927,0.031137,0.003013,0.0,0.034426,0.370586,0.007192,0.023794,0.0,3682863
downwards_rotate,downwards_sensor_sweep_120_cubesizeDR-20260626-215239,TesolloDownwardsRotateZ,TesolloDownwardsRotateZ-20260626-234400-downwardsrotatez_sb_baseline_s0,baseline,0,13,21,1.05,114.654,1.630187,93.4028,0.031178,0.00148,0.0,0.034458,0.370447,0.008404,0.01339,0.0,3682863
downwards_rotate,downwards_sensor_sweep_120_cubesizeDR-20260626-215239,TesolloDownwardsRotateZ,TesolloDownwardsRotateZ-20260626-234400-downwardsrotatez_sb_baseline_s0,baseline,0,13,22,1.1,114.654,1.634844,93.6697,0.031027,0.001386,0.0,0.034363,0.36848,0.009796,0.010087,0.0,3682863
downwards_rotate,downwards_sensor_sweep_120_cubesizeDR-20260626-215239,TesolloDownwardsRotateZ,TesolloDownwardsRotateZ-20260626-234400-downwardsrotatez_sb_baseline_s0,baseline,0,13,23,1.15,114.654,1.637069,93.7972,0.030833,0.002962,0.0,0.034318,0.366512,0.009243,0.012144,0.0,3682863
downwards_rotate,downwards_sensor_sweep_120_cubesizeDR-20260626-215239,TesolloDownwardsRotateZ,TesolloDownwardsRotateZ-20260626-234400-downwardsrotatez_sb_baseline_s0,baseline,0,13,24,1.2,114.654,1.637305,93.8107,0.030746,0.000917,0.0,0.034313,0.364713,0.008397,0.01502,0.0,3682863
downwards_rotate,downwards_sensor_sweep_120_cubesizeDR-20260626-215239,TesolloDownwardsRotateZ,TesolloDownwardsRotateZ-20260626-234400-downwardsrotatez_sb_baseline_s0,baseline,0,13,25,1.25,114.654,1.634075,93.6256,0.030698,0.000624,0.0,0.034379,0.363909,0.007796,0.016694,0.0,3682863
downwards_rotate,downwards_sensor_sweep_120_cubesizeDR-20260626-215239,TesolloDownwardsRotateZ,TesolloDownwardsRotateZ-20260626-234400-downwardsrotatez_sb_baseline_s0,baseline,0,13,26,1.3,114.654,1.631979,93.5055,0.030554,0.00091,0.0,0.034421,0.362026,0.007637,0.016888,0.0,3682863
downwards_rotate,downwards_sensor_sweep_120_cubesizeDR-20260626-215239,TesolloDownwardsRotateZ,TesolloDownwardsRotateZ-20260626-234400-downwardsrotatez_sb_baseline_s0,baseline,0,13,27,1.35,114.654,1.631731,93.4913,0.030471,0.000493,0.0,0.034426,0.36076,0.002206,0.015864,0.0,3682863
downwards_rotate,downwards_sensor_sweep_120_cubesizeDR-20260626-215239,TesolloDownwardsRotateZ,TesolloDownwardsRotateZ-20260626-234400-downwardsrotatez_sb_baseline_s0,baseline,0,13,28,1.4,114.654,1.634294,93.6382,0.03032,0.002852,0.0,0.034374,0.359572,0.00242,0.01398,0.0,3682863
downwards_rotate,downwards_sensor_sweep_120_cubesizeDR-20260626-215239,TesolloDownwardsRotateZ,TesolloDownwardsRotateZ-20260626-234400-downwardsrotatez_sb_baseline_s0,baseline,0,13,29,1.45,114.654,1.636289,93.7525,0.030281,0.000564,0.0,0.034334,0.358316,0.002321,0.011963,0.0,3682863
downwards_rotate,downwards_sensor_sweep_120_cubesizeDR-20260626-215239,TesolloDownwardsRotateZ,TesolloDownwardsRotateZ-20260626-234400-downwardsrotatez_sb_baseline_s0,baseline,0,13,30,1.5,114.654,1.639968,93.9632,0.030159,0.000627,0.0,0.03426,0.356794,0.001906,0.010245,0.0,3682863
downwards_rotate,downwards_sensor_sweep_120_cubesizeDR-20260626-215239,TesolloDownwardsRotateZ,TesolloDownwardsRotateZ-20260626-234400-downwardsrotatez_sb_baseline_s0,baseline,0,13,31,1.55,114.654,1.642967,94.1351,0.030024,0.000902,0.0,0.034199,0.355146,0.001415,0.009273,0.0,3682863
downwards_rotate,downwards_sensor_sweep_120_cubesizeDR-20260626-215239,TesolloDownwardsRotateZ,TesolloDownwardsRotateZ-20260626-234400-downwardsrotatez_sb_baseline_s0,baseline,0,13,32,1.6,114.654,1.645069,94.2555,0.029896,0.0009,0.0,0.034157,0.353493,0.001299,0.008701,0.0,3682863
downwards_rotate,downwards_sensor_sweep_120_cubesizeDR-20260626-215239,TesolloDownwardsRotateZ,TesolloDownwardsRotateZ-20260626-234400-downwardsrotatez_sb_baseline_s0,baseline,0,13,33,1.65,114.654,1.645863,94.301,0.029765,0.000903,0.0,0.034141,0.351754,0.001618,0.008364,0.0,3682863
downwards_rotate,downwards_sensor_sweep_120_cubesizeDR-20260626-215239,TesolloDownwardsRotateZ,TesolloDownwardsRotateZ-20260626-234400-downwardsrotatez_sb_baseline_s0,baseline,0,13,34,1.7,114.654,1.645741,94.294,0.029631,0.001,0.0,0.034143,0.349994,0.002052,0.008145,0.0,3682863
downwards_rotate,downwards_sensor_sweep_120_cubesizeDR-20260626-215239,TesolloDownwardsRotateZ,TesolloDownwardsRotateZ-20260626-234400-downwardsrotatez_sb_baseline_s0,baseline,0,13,35,1.75,114.654,1.645267,94.2669,0.029494,0.000992,0.0,0.034153,0.348159,0.002692,0.007897,0.0,3682863
downwards_rotate,downwards_sensor_sweep_120_cubesizeDR-20260626-215239,TesolloDownwardsRotateZ,TesolloDownwardsRotateZ-20260626-234400-downwardsrotatez_sb_baseline_s0,baseline,0,13,36,1.8,114.654,1.645024,94.253,0.029349,0.001285,0.0,0.034158,0.346306,0.004489,0.00757,0.0,3682863
downwards_rotate,downwards_sensor_sweep_120_cubesizeDR-20260626-215239,TesolloDownwardsRotateZ,TesolloDownwardsRotateZ-20260626-234400-downwardsrotatez_sb_baseline_s0,baseline,0,13,37,1.85,114.654,1.64576,94.2951,0.029176,0.002425,0.0,0.034143,0.344402,0.00592,0.006935,0.0,3682863
downwards_rotate,downwards_sensor_sweep_120_cubesizeDR-20260626-215239,TesolloDownwardsRotateZ,TesolloDownwardsRotateZ-20260626-234400-downwardsrotatez_sb_baseline_s0,baseline,0,13,38,1.9,114.654,1.647286,94.3825,0.029065,0.001631,0.0,0.034113,0.34268,0.005714,0.00591,0.0,3682863
downwards_rotate,downwards_sensor_sweep_120_cubesizeDR-20260626-215239,TesolloDownwardsRotateZ,TesolloDownwardsRotateZ-20260626-234400-downwardsrotatez_sb_baseline_s0,baseline,0,13,39,1.95,114.654,1.647094,94.3715,0.029132,0.000989,0.0,0.034116,0.343343,0.007395,0.004969,0.0,3682863
downwards_rotate,downwards_sensor_sweep_120_cubesizeDR-20260626-215239,TesolloDownwardsRotateZ,TesolloDownwardsRotateZ-20260626-234400-downwardsrotatez_sb_baseline_s0,baseline,0,13,40,2.0,114.654,1.650857,94.5872,0.028922,0.001831,0.0,0.034041,0.340918,0.006226,0.004579,0.0,3682863
downwards_rotate,downwards_sensor_sweep_120_cubesizeDR-20260626-215239,TesolloDownwardsRotateZ,TesolloDownwardsRotateZ-20260626-234400-downwardsrotatez_sb_baseline_s0,baseline,0,13,41,2.05,114.654,1.650512,94.5674,0.028687,0.005142,0.0,0.034048,0.338892,0.014462,0.004358,0.0,3682863
downwards_rotate,downwards_sensor_sweep_120_cubesizeDR-20260626-215239,TesolloDownwardsRotateZ,TesolloDownwardsRotateZ-20260626-234400-downwardsrotatez_sb_baseline_s0,baseline,0,13,42,2.1,114.654,1.645383,94.2735,0.028725,0.008079,0.0,0.034151,0.340231,0.017091,0.003403,0.0,3682863
downwards_rotate,downwards_sensor_sweep_120_cubesizeDR-20260626-215239,TesolloDownwardsRotateZ,TesolloDownwardsRotateZ-20260626-234400-downwardsrotatez_sb_baseline_s0,baseline,0,13,43,2.15,114.654,1.638402,93.8735,0.028792,0.005191,0.0,0.034291,0.339975,0.031029,0.002236,0.0,3682863
downwards_rotate,downwards_sensor_sweep_120_cubesizeDR-20260626-215239,TesolloDownwardsRotateZ,TesolloDownwardsRotateZ-20260626-234400-downwardsrotatez_sb_baseline_s0,baseline,0,13,44,2.2,114.654,1.632792,93.5521,0.028901,0.009101,0.0,0.034405,0.342565,0.030631,0.001187,0.0,3682863
downwards_rotate,downwards_sensor_sweep_120_cubesizeDR-20260626-215239,TesolloDownwardsRotateZ,TesolloDownwardsRotateZ-20260626-234400-downwardsrotatez_sb_baseline_s0,baseline,0,13,45,2.25,114.654,1.626382,93.1848,0.029224,0.001753,0.0,0.034536,0.344229,0.028566,0.00042,0.0,3682863
downwards_rotate,downwards_sensor_sweep_120_cubesizeDR-20260626-215239,TesolloDownwardsRotateZ,TesolloDownwardsRotateZ-20260626-234400-downwardsrotatez_sb_baseline_s0,baseline,0,13,46,2.3,114.654,1.620083,92.8239,0.029407,0.000534,0.0,0.034665,0.346084,0.023853,0.000111,0.0,3682863
downwards_rotate,downwards_sensor_sweep_120_cubesizeDR-20260626-215239,TesolloDownwardsRotateZ,TesolloDownwardsRotateZ-20260626-234400-downwardsrotatez_sb_baseline_s0,baseline,0,13,47,2.35,114.654,1.615289,92.5492,0.029529,0.001523,0.0,0.034765,0.347894,0.016019,3e-05,0.0,3682863
downwards_rotate,downwards_sensor_sweep_120_cubesizeDR-20260626-215239,TesolloDownwardsRotateZ,TesolloDownwardsRotateZ-20260626-234400-downwardsrotatez_sb_baseline_s0,baseline,0,13,48,2.4,114.654,1.61529,92.5493,0.029478,0.002517,0.0,0.034765,0.347562,0.02705,6.9e-05,0.0,3682863
downwards_rotate,downwards_sensor_sweep_120_cubesizeDR-20260626-215239,TesolloDownwardsRotateZ,TesolloDownwardsRotateZ-20260626-234400-downwardsrotatez_sb_baseline_s0,baseline,0,13,49,2.45,114.654,1.615067,92.5365,0.029443,0.005817,0.0,0.034769,0.348188,0.029409,1.8e-05,0.0,3682863
downwards_rotate,downwards_sensor_sweep_120_cubesizeDR-20260626-215239,TesolloDownwardsRotateZ,TesolloDownwardsRotateZ-20260626-234400-downwardsrotatez_sb_baseline_s0,baseline,0,13,50,2.5,114.654,1.614308,92.493,0.029591,0.00511,0.0,0.034785,0.349903,0.025146,0.000156,0.0,3682863
downwards_rotate,downwards_sensor_sweep_120_cubesizeDR-20260626-215239,TesolloDownwardsRotateZ,TesolloDownwardsRotateZ-20260626-234400-downwardsrotatez_sb_baseline_s0,baseline,0,13,51,2.55,114.654,1.61525,92.547,0.029843,0.003833,0.0,0.034766,0.352857,0.01292,0.000463,0.0,3682863
downwards_rotate,downwards_sensor_sweep_120_cubesizeDR-20260626-215239,TesolloDownwardsRotateZ,TesolloDownwardsRotateZ-20260626-234400-downwardsrotatez_sb_baseline_s0,baseline,0,13,52,2.6,114.654,1.615874,92.5827,0.030152,0.003379,0.0,0.034753,0.356829,0.0025,0.000538,0.0,3682863
downwards_rotate,downwards_sensor_sweep_120_cubesizeDR-20260626-215239,TesolloDownwardsRotateZ,TesolloDownwardsRotateZ-20260626-234400-downwardsrotatez_sb_baseline_s0,baseline,0,13,53,2.65,114.654,1.619258,92.7766,0.030203,0.002936,0.0,0.034682,0.35746,0.009222,0.0002,0.0,3682863
downwards_rotate,downwards_sensor_sweep_120_cubesizeDR-20260626-215239,TesolloDownwardsRotateZ,TesolloDownwardsRotateZ-20260626-234400-downwardsrotatez_sb_baseline_s0,baseline,0,13,54,2.7,114.654,1.617592,92.6812,0.030134,0.008227,0.0,0.034717,0.358252,0.009226,5.8e-05,0.0,3682863
downwards_rotate,downwards_sensor_sweep_120_cubesizeDR-20260626-215239,TesolloDownwardsRotateZ,TesolloDownwardsRotateZ-20260626-234400-downwardsrotatez_sb_baseline_s0,baseline,0,13,55,2.75,114.654,1.611358,92.324,0.030285,0.00535,0.0,0.034847,0.359151,0.018746,1.7e-05,0.0,3682863
downwards_rotate,downwards_sensor_sweep_120_cubesizeDR-20260626-215239,TesolloDownwardsRotateZ,TesolloDownwardsRotateZ-20260626-234400-downwardsrotatez_sb_baseline_s0,baseline,0,13,56,2.8,114.654,1.600341,91.6928,0.030267,0.01235,0.0,0.035078,0.36093,0.015042,4e-06,0.0,3682863
downwards_rotate,downwards_sensor_sweep_120_cubesizeDR-20260626-215239,TesolloDownwardsRotateZ,TesolloDownwardsRotateZ-20260626-234400-downwardsrotatez_sb_baseline_s0,baseline,0,13,57,2.85,114.654,1.58997,91.0986,0.030368,0.010355,0.0,0.035299,0.361339,0.029053,8e-06,0.0,3682863
downwards_rotate,downwards_sensor_sweep_120_cubesizeDR-20260626-215239,TesolloDownwardsRotateZ,TesolloDownwardsRotateZ-20260626-234400-downwardsrotatez_sb_baseline_s0,baseline,0,13,58,2.9,114.654,1.580452,90.5532,0.03048,0.007057,0.0,0.035504,0.361448,0.027184,5e-06,0.0,3682863
downwards_rotate,downwards_sensor_sweep_120_cubesizeDR-20260626-215239,TesolloDownwardsRotateZ,TesolloDownwardsRotateZ-20260626-234400-downwardsrotatez_sb_baseline_s0,baseline,0,13,59,2.95,114.654,1.571214,90.0239,0.030531,0.004614,0.0,0.035705,0.361039,0.02182,1.3e-05,0.0,3682863
downwards_rotate,downwards_sensor_sweep_120_cubesizeDR-20260626-215239,TesolloDownwardsRotateZ,TesolloDownwardsRotateZ-20260626-234400-downwardsrotatez_sb_baseline_s0,baseline,0,13,60,3.0,114.654,1.568168,89.8494,0.030455,0.002907,0.0,0.035772,0.359376,0.024982,1.5e-05,0.0,3682863
downwards_rotate,downwards_sensor_sweep_120_cubesizeDR-20260626-215239,TesolloDownwardsRotateZ,TesolloDownwardsRotateZ-20260626-234400-downwardsrotatez_sb_baseline_s0,baseline,0,13,61,3.05,114.654,1.568359,89.8603,0.03038,0.007494,0.0,0.035768,0.359895,0.016099,8e-06,0.0,3682863
downwards_rotate,downwards_sensor_sweep_120_cubesizeDR-20260626-215239,TesolloDownwardsRotateZ,TesolloDownwardsRotateZ-20260626-234400-downwardsrotatez_sb_baseline_s0,baseline,0,13,62,3.1,114.654,1.569408,89.9205,0.030353,0.008022,0.0,0.035745,0.35975,0.023703,1.4e-05,0.0,3682863
downwards_rotate,downwards_sensor_sweep_120_cubesizeDR-20260626-215239,TesolloDownwardsRotateZ,TesolloDownwardsRotateZ-20260626-234400-downwardsrotatez_sb_baseline_s0,baseline,0,13,63,3.15,114.654,1.570612,89.9894,0.030577,0.005348,0.0,0.035718,0.361855,0.004716,1e-05,0.0,3682863
downwards_rotate,downwards_sensor_sweep_120_cubesizeDR-20260626-215239,TesolloDownwardsRotateZ,TesolloDownwardsRotateZ-20260626-234400-downwardsrotatez_sb_baseline_s0,baseline,0,13,64,3.2,114.654,1.575277,90.2567,0.030292,0.014902,0.0,0.035616,0.361375,0.006761,2e-05,0.0,3682863
downwards_rotate,downwards_sensor_sweep_120_cubesizeDR-20260626-215239,TesolloDownwardsRotateZ,TesolloDownwardsRotateZ-20260626-234400-downwardsrotatez_sb_baseline_s0,baseline,0,13,65,3.25,114.654,1.581087,90.5896,0.030597,0.007335,0.0,0.03549,0.363087,0.001486,0.000116,0.0,3682863
downwards_rotate,downwards_sensor_sweep_120_cubesizeDR-20260626-215239,TesolloDownwardsRotateZ,TesolloDownwardsRotateZ-20260626-234400-downwardsrotatez_sb_baseline_s0,baseline,0,13,66,3.3,114.654,1.591082,91.1623,0.030509,0.003373,0.0,0.035275,0.360909,0.013301,0.00057,0.0,3682863
downwards_rotate,downwards_sensor_sweep_120_cubesizeDR-20260626-215239,TesolloDownwardsRotateZ,TesolloDownwardsRotateZ-20260626-234400-downwardsrotatez_sb_baseline_s0,baseline,0,13,67,3.35,114.654,1.600027,91.6748,0.030145,0.008332,0.0,0.035085,0.357948,0.014727,3.1e-05,0.0,3682863
downwards_rotate,downwards_sensor_sweep_120_cubesizeDR-20260626-215239,TesolloDownwardsRotateZ,TesolloDownwardsRotateZ-20260626-234400-downwardsrotatez_sb_baseline_s0,baseline,0,13,68,3.4,114.654,1.607444,92.0998,0.030386,0.001582,0.0,0.034928,0.359166,0.044548,1.3e-05,0.0,3682863
downwards_rotate,downwards_sensor_sweep_120_cubesizeDR-20260626-215239,TesolloDownwardsRotateZ,TesolloDownwardsRotateZ-20260626-234400-downwardsrotatez_sb_baseline_s0,baseline,0,13,69,3.45,114.654,1.613668,92.4564,0.030392,0.004123,0.0,0.034798,0.360242,0.033015,1e-05,0.0,3682863
downwards_rotate,downwards_sensor_sweep_120_cubesizeDR-20260626-215239,TesolloDownwardsRotateZ,TesolloDownwardsRotateZ-20260626-234400-downwardsrotatez_sb_baseline_s0,baseline,0,13,70,3.5,114.654,1.618543,92.7357,0.030184,0.010377,0.0,0.034697,0.359676,0.016378,8e-06,0.0,3682863
downwards_rotate,downwards_sensor_sweep_120_cubesizeDR-20260626-215239,TesolloDownwardsRotateZ,TesolloDownwardsRotateZ-20260626-234400-downwardsrotatez_sb_baseline_s0,baseline,0,13,71,3.55,114.654,1.621415,92.9002,0.030471,0.004273,0.0,0.034638,0.361518,0.002846,8e-06,0.0,3682863
downwards_rotate,downwards_sensor_sweep_120_cubesizeDR-20260626-215239,TesolloDownwardsRotateZ,TesolloDownwardsRotateZ-20260626-234400-downwardsrotatez_sb_baseline_s0,baseline,0,13,72,3.6,114.654,1.629405,93.358,0.030335,0.006075,0.0,0.034474,0.360593,0.045125,1.3e-05,0.0,3682863
downwards_rotate,downwards_sensor_sweep_120_cubesizeDR-20260626-215239,TesolloDownwardsRotateZ,TesolloDownwardsRotateZ-20260626-234400-downwardsrotatez_sb_baseline_s0,baseline,0,13,73,3.65,114.654,1.635971,93.7342,0.030449,0.003311,0.0,0.03434,0.361302,2e-06,1.6e-05,0.0,3682863
downwards_rotate,downwards_sensor_sweep_120_cubesizeDR-20260626-215239,TesolloDownwardsRotateZ,TesolloDownwardsRotateZ-20260626-234400-downwardsrotatez_sb_baseline_s0,baseline,0,13,74,3.7,114.654,1.642633,94.1159,0.030348,0.008042,0.0,0.034206,0.361718,0.000104,0.000244,0.0,3682863
downwards_rotate,downwards_sensor_sweep_120_cubesizeDR-20260626-215239,TesolloDownwardsRotateZ,TesolloDownwardsRotateZ-20260626-234400-downwardsrotatez_sb_baseline_s0,baseline,0,13,75,3.75,114.654,1.651888,94.6462,0.030529,0.000324,0.0,0.034021,0.361806,9.6e-05,0.000749,0.0,3682863
downwards_rotate,downwards_sensor_sweep_120_cubesizeDR-20260626-215239,TesolloDownwardsRotateZ,TesolloDownwardsRotateZ-20260626-234400-downwardsrotatez_sb_baseline_s0,baseline,0,13,76,3.8,114.654,1.660764,95.1547,0.030476,0.00064,0.0,0.033845,0.361448,7.3e-05,0.001313,0.0,3682863
downwards_rotate,downwards_sensor_sweep_120_cubesizeDR-20260626-215239,TesolloDownwardsRotateZ,TesolloDownwardsRotateZ-20260626-234400-downwardsrotatez_sb_baseline_s0,baseline,0,13,77,3.85,114.654,1.668282,95.5855,0.030448,0.000309,0.0,0.033698,0.36117,9.6e-05,0.00182,0.0,3682863
downwards_rotate,downwards_sensor_sweep_120_cubesizeDR-20260626-215239,TesolloDownwardsRotateZ,TesolloDownwardsRotateZ-20260626-234400-downwardsrotatez_sb_baseline_s0,baseline,0,13,78,3.9,114.654,1.673721,95.8971,0.030414,0.000144,0.0,0.033592,0.360813,5.6e-05,0.002139,0.0,3682863
downwards_rotate,downwards_sensor_sweep_120_cubesizeDR-20260626-215239,TesolloDownwardsRotateZ,TesolloDownwardsRotateZ-20260626-234400-downwardsrotatez_sb_baseline_s0,baseline,0,13,79,3.95,114.654,1.678587,96.176,0.030366,0.000238,0.0,0.033498,0.360321,0.000108,0.002268,0.0,3682863
downwards_rotate,downwards_sensor_sweep_120_cubesizeDR-20260626-215239,TesolloDownwardsRotateZ,TesolloDownwardsRotateZ-20260626-234400-downwardsrotatez_sb_baseline_s0,baseline,0,13,80,4.0,114.654,1.683217,96.4412,0.030309,0.000316,0.0,0.033409,0.359713,9e-05,0.00222,0.0,3682863
downwards_rotate,downwards_sensor_sweep_120_cubesizeDR-20260626-215239,TesolloDownwardsRotateZ,TesolloDownwardsRotateZ-20260626-234400-downwardsrotatez_sb_baseline_s0,baseline,0,13,81,4.05,114.654,1.68721,96.67,0.030255,0.000266,0.0,0.033332,0.359076,9.6e-05,0.002036,0.0,3682863
downwards_rotate,downwards_sensor_sweep_120_cubesizeDR-20260626-215239,TesolloDownwardsRotateZ,TesolloDownwardsRotateZ-20260626-234400-downwardsrotatez_sb_baseline_s0,baseline,0,13,82,4.1,114.654,1.690649,96.8671,0.03019,0.000346,0.0,0.033267,0.358312,9.5e-05,0.001846,0.0,3682863
downwards_rotate,downwards_sensor_sweep_120_cubesizeDR-20260626-215239,TesolloDownwardsRotateZ,TesolloDownwardsRotateZ-20260626-234400-downwardsrotatez_sb_baseline_s0,baseline,0,13,83,4.15,114.654,1.693241,97.0155,0.030126,0.000347,0.0,0.033217,0.357525,9e-05,0.001686,0.0,3682863
downwards_rotate,downwards_sensor_sweep_120_cubesizeDR-20260626-215239,TesolloDownwardsRotateZ,TesolloDownwardsRotateZ-20260626-234400-downwardsrotatez_sb_baseline_s0,baseline,0,13,84,4.2,114.654,1.695494,97.1447,0.030069,0.000281,0.0,0.033175,0.356827,0.018317,0.001886,0.0,3682863
downwards_rotate,downwards_sensor_sweep_120_cubesizeDR-20260626-215239,TesolloDownwardsRotateZ,TesolloDownwardsRotateZ-20260626-234400-downwardsrotatez_sb_baseline_s0,baseline,0,13,85,4.25,114.654,1.697871,97.2808,0.029944,0.004237,0.0,0.03313,0.356498,0.000242,0.000788,0.0,3682863
downwards_rotate,downwards_sensor_sweep_120_cubesizeDR-20260626-215239,TesolloDownwardsRotateZ,TesolloDownwardsRotateZ-20260626-234400-downwardsrotatez_sb_baseline_s0,baseline,0,13,86,4.3,114.654,1.699873,97.3955,0.029873,0.004188,0.0,0.033092,0.355595,0.000353,0.001201,0.0,3682863
downwards_rotate,downwards_sensor_sweep_120_cubesizeDR-20260626-215239,TesolloDownwardsRotateZ,TesolloDownwardsRotateZ-20260626-234400-downwardsrotatez_sb_baseline_s0,baseline,0,13,87,4.35,114.654,1.70077,97.447,0.029901,0.000448,0.0,0.033075,0.354751,0.000398,0.00159,0.0,3682863
downwards_rotate,downwards_sensor_sweep_120_cubesizeDR-20260626-215239,TesolloDownwardsRotateZ,TesolloDownwardsRotateZ-20260626-234400-downwardsrotatez_sb_baseline_s0,baseline,0,13,88,4.4,114.654,1.701419,97.4841,0.029838,0.000333,0.0,0.033063,0.353893,0.000973,0.001849,0.0,3682863
downwards_rotate,downwards_sensor_sweep_120_cubesizeDR-20260626-215239,TesolloDownwardsRotateZ,TesolloDownwardsRotateZ-20260626-234400-downwardsrotatez_sb_baseline_s0,baseline,0,13,89,4.45,114.654,1.701929,97.5133,0.029774,0.000672,0.0,0.033053,0.353171,0.000515,0.0019,0.0,3682863
downwards_rotate,downwards_sensor_sweep_120_cubesizeDR-20260626-215239,TesolloDownwardsRotateZ,TesolloDownwardsRotateZ-20260626-234400-downwardsrotatez_sb_baseline_s0,baseline,0,13,90,4.5,114.654,1.702322,97.5359,0.02973,0.000207,0.0,0.033046,0.352437,0.000436,0.001908,0.0,3682863
downwards_rotate,downwards_sensor_sweep_120_cubesizeDR-20260626-215239,TesolloDownwardsRotateZ,TesolloDownwardsRotateZ-20260626-234400-downwardsrotatez_sb_baseline_s0,baseline,0,13,91,4.55,114.654,1.702572,97.5502,0.029672,0.000255,0.0,0.033041,0.351687,0.000653,0.001826,0.0,3682863
downwards_rotate,downwards_sensor_sweep_120_cubesizeDR-20260626-215239,TesolloDownwardsRotateZ,TesolloDownwardsRotateZ-20260626-234400-downwardsrotatez_sb_baseline_s0,baseline,0,13,92,4.6,114.654,1.70266,97.5553,0.029617,0.000415,0.0,0.03304,0.350997,0.00038,0.001642,0.0,3682863
downwards_rotate,downwards_sensor_sweep_120_cubesizeDR-20260626-215239,TesolloDownwardsRotateZ,TesolloDownwardsRotateZ-20260626-234400-downwardsrotatez_sb_baseline_s0,baseline,0,13,93,4.65,114.654,1.70258,97.5506,0.029572,0.000243,0.0,0.033041,0.350343,0.000318,0.001451,0.0,3682863
downwards_rotate,downwards_sensor_sweep_120_cubesizeDR-20260626-215239,TesolloDownwardsRotateZ,TesolloDownwardsRotateZ-20260626-234400-downwardsrotatez_sb_baseline_s0,baseline,0,13,94,4.7,114.654,1.703234,97.5881,0.029513,0.000267,0.0,0.033029,0.349567,0.000257,0.001251,0.0,3682863
downwards_rotate,downwards_sensor_sweep_120_cubesizeDR-20260626-215239,TesolloDownwardsRotateZ,TesolloDownwardsRotateZ-20260626-234400-downwardsrotatez_sb_baseline_s0,baseline,0,13,95,4.75,114.654,1.703161,97.5839,0.029431,0.000541,0.0,0.03303,0.348565,0.00059,0.000982,0.0,3682863
downwards_rotate,downwards_sensor_sweep_120_cubesizeDR-20260626-215239,TesolloDownwardsRotateZ,TesolloDownwardsRotateZ-20260626-234400-downwardsrotatez_sb_baseline_s0,baseline,0,13,96,4.8,114.654,1.700663,97.4408,0.029352,0.000479,0.0,0.033077,0.34743,0.001064,0.000952,0.0,3682863
downwards_rotate,downwards_sensor_sweep_120_cubesizeDR-20260626-215239,TesolloDownwardsRotateZ,TesolloDownwardsRotateZ-20260626-234400-downwardsrotatez_sb_baseline_s0,baseline,0,13,97,4.85,114.654,1.697255,97.2455,0.029206,0.001166,0.0,0.033141,0.345657,0.020373,0.000949,0.0,3682863
downwards_rotate,downwards_sensor_sweep_120_cubesizeDR-20260626-215239,TesolloDownwardsRotateZ,TesolloDownwardsRotateZ-20260626-234400-downwardsrotatez_sb_baseline_s0,baseline,0,13,98,4.9,114.654,1.692611,96.9795,0.029087,0.005456,0.0,0.033229,0.345339,0.000883,0.000178,0.0,3682863
downwards_rotate,downwards_sensor_sweep_120_cubesizeDR-20260626-215239,TesolloDownwardsRotateZ,TesolloDownwardsRotateZ-20260626-234400-downwardsrotatez_sb_baseline_s0,baseline,0,13,99,4.95,114.654,1.689144,96.7808,0.028967,0.0064,0.0,0.033295,0.343969,0.003244,6e-05,0.0,3682863
downwards_rotate,downwards_sensor_sweep_120_cubesizeDR-20260626-215239,TesolloDownwardsRotateZ,TesolloDownwardsRotateZ-20260626-234400-downwardsrotatez_sb_baseline_s0,baseline,0,13,100,5.0,114.654,1.683754,96.472,0.029161,0.002776,0.0,0.033398,0.345214,0.006059,1.3e-05,0.0,3682863
downwards_rotate,downwards_sensor_sweep_120_cubesizeDR-20260626-215239,TesolloDownwardsRotateZ,TesolloDownwardsRotateZ-20260626-234400-downwardsrotatez_sb_baseline_s0,baseline,0,13,101,5.05,114.654,1.679305,96.2171,0.029357,0.000963,0.0,0.033484,0.347151,0.038653,7e-06,0.0,3682863
downwards_rotate,downwards_sensor_sweep_120_cubesizeDR-20260626-215239,TesolloDownwardsRotateZ,TesolloDownwardsRotateZ-20260626-234400-downwardsrotatez_sb_baseline_s0,baseline,0,13,102,5.1,114.654,1.67243,95.8232,0.029393,0.009686,0.0,0.033617,0.350329,0.016636,2.2e-05,0.0,3682863
downwards_rotate,downwards_sensor_sweep_120_cubesizeDR-20260626-215239,TesolloDownwardsRotateZ,TesolloDownwardsRotateZ-20260626-234400-downwardsrotatez_sb_baseline_s0,baseline,0,13,103,5.15,114.654,1.669429,95.6512,0.029428,0.013889,0.0,0.033675,0.352135,0.024015,0.000291,0.0,3682863
downwards_rotate,downwards_sensor_sweep_120_cubesizeDR-20260626-215239,TesolloDownwardsRotateZ,TesolloDownwardsRotateZ-20260626-234400-downwardsrotatez_sb_baseline_s0,baseline,0,13,104,5.2,114.654,1.663955,95.3376,0.029705,0.008505,0.0,0.033782,0.353905,0.02393,0.001302,0.0,3682863
downwards_rotate,downwards_sensor_sweep_120_cubesizeDR-20260626-215239,TesolloDownwardsRotateZ,TesolloDownwardsRotateZ-20260626-234400-downwardsrotatez_sb_baseline_s0,baseline,0,13,105,5.25,114.654,1.659035,95.0557,0.029921,0.002823,0.0,0.033879,0.354833,0.064863,0.00224,0.0,3682863
downwards_rotate,downwards_sensor_sweep_120_cubesizeDR-20260626-215239,TesolloDownwardsRotateZ,TesolloDownwardsRotateZ-20260626-234400-downwardsrotatez_sb_baseline_s0,baseline,0,13,106,5.3,114.654,1.649137,94.4886,0.029678,0.017134,0.0,0.034076,0.356133,0.019073,0.009496,0.0,3682863
downwards_rotate,downwards_sensor_sweep_120_cubesizeDR-20260626-215239,TesolloDownwardsRotateZ,TesolloDownwardsRotateZ-20260626-234400-downwardsrotatez_sb_baseline_s0,baseline,0,13,107,5.35,114.654,1.635404,93.7017,0.029524,0.025499,0.0,0.034352,0.35645,0.021381,0.0052,0.0,3682863
downwards_rotate,downwards_sensor_sweep_120_cubesizeDR-20260626-215239,TesolloDownwardsRotateZ,TesolloDownwardsRotateZ-20260626-234400-downwardsrotatez_sb_baseline_s0,baseline,0,13,108,5.4,114.654,1.621177,92.8866,0.030084,0.006992,0.0,0.034643,0.357341,0.028365,0.003345,0.0,3682863
downwards_rotate,downwards_sensor_sweep_120_cubesizeDR-20260626-215239,TesolloDownwardsRotateZ,TesolloDownwardsRotateZ-20260626-234400-downwardsrotatez_sb_baseline_s0,baseline,0,13,109,5.45,114.654,1.605519,91.9895,0.030317,0.002318,0.0,0.034969,0.358423,0.023515,0.001386,0.0,3682863
downwards_rotate,downwards_sensor_sweep_120_cubesizeDR-20260626-215239,TesolloDownwardsRotateZ,TesolloDownwardsRotateZ-20260626-234400-downwardsrotatez_sb_baseline_s0,baseline,0,13,110,5.5,114.654,1.592309,91.2326,0.030497,0.000972,0.0,0.035249,0.359983,0.015308,0.000897,0.0,3682863
downwards_rotate,downwards_sensor_sweep_120_cubesizeDR-20260626-215239,TesolloDownwardsRotateZ,TesolloDownwardsRotateZ-20260626-234400-downwardsrotatez_sb_baseline_s0,baseline,0,13,111,5.55,114.654,1.583911,90.7514,0.030502,0.004005,0.0,0.035429,0.360825,0.014696,0.000807,0.0,3682863
downwards_rotate,downwards_sensor_sweep_120_cubesizeDR-20260626-215239,TesolloDownwardsRotateZ,TesolloDownwardsRotateZ-20260626-234400-downwardsrotatez_sb_baseline_s0,baseline,0,13,112,5.6,114.654,1.578075,90.417,0.030628,0.002233,0.0,0.035555,0.361739,0.012082,0.000845,0.0,3682863
downwards_rotate,downwards_sensor_sweep_120_cubesizeDR-20260626-215239,TesolloDownwardsRotateZ,TesolloDownwardsRotateZ-20260626-234400-downwardsrotatez_sb_baseline_s0,baseline,0,13,113,5.65,114.654,1.578522,90.4427,0.030598,0.005575,0.0,0.035546,0.362442,0.004774,0.000166,0.0,3682863
downwards_rotate,downwards_sensor_sweep_120_cubesizeDR-20260626-215239,TesolloDownwardsRotateZ,TesolloDownwardsRotateZ-20260626-234400-downwardsrotatez_sb_baseline_s0,baseline,0,13,114,5.7,114.654,1.58001,90.5279,0.030668,0.004188,0.0,0.035513,0.362958,0.000207,1.2e-05,0.0,3682863
downwards_rotate,downwards_sensor_sweep_120_cubesizeDR-20260626-215239,TesolloDownwardsRotateZ,TesolloDownwardsRotateZ-20260626-234400-downwardsrotatez_sb_baseline_s0,baseline,0,13,115,5.75,114.654,1.582366,90.6629,0.030501,0.012109,0.0,0.035462,0.36343,0.000277,5e-06,0.0,3682863
downwards_rotate,downwards_sensor_sweep_120_cubesizeDR-20260626-215239,TesolloDownwardsRotateZ,TesolloDownwardsRotateZ-20260626-234400-downwardsrotatez_sb_baseline_s0,baseline,0,13,116,5.8,114.654,1.587186,90.9391,0.030667,0.006099,0.0,0.035359,0.363782,0.003991,3e-06,0.0,3682863
downwards_rotate,downwards_sensor_sweep_120_cubesizeDR-20260626-215239,TesolloDownwardsRotateZ,TesolloDownwardsRotateZ-20260626-234400-downwardsrotatez_sb_baseline_s0,baseline,0,13,117,5.85,114.654,1.587538,90.9593,0.03078,0.003791,0.0,0.035351,0.364564,0.027247,3e-06,0.0,3682863
downwards_rotate,downwards_sensor_sweep_120_cubesizeDR-20260626-215239,TesolloDownwardsRotateZ,TesolloDownwardsRotateZ-20260626-234400-downwardsrotatez_sb_baseline_s0,baseline,0,13,118,5.9,114.654,1.595569,91.4193,0.030821,0.004069,0.0,0.035179,0.365404,0.00434,2e-06,0.0,3682863
downwards_rotate,downwards_sensor_sweep_120_cubesizeDR-20260626-215239,TesolloDownwardsRotateZ,TesolloDownwardsRotateZ-20260626-234400-downwardsrotatez_sb_baseline_s0,baseline,0,13,119,5.95,114.654,1.603577,91.8782,0.030389,0.012041,0.0,0.03501,0.362548,0.015801,6e-06,0.0,3682863
downwards_rotate,downwards_sensor_sweep_120_cubesizeDR-20260626-215239,TesolloDownwardsRotateZ,TesolloDownwardsRotateZ-20260626-234400-downwardsrotatez_sb_baseline_s0,baseline,0,74,0,0.0,114.39,1.996485,114.3902,-0.012261,0.22076,0.967455,0.000922,0.232504,0.055257,0.079647,0.0,3682863
downwards_rotate,downwards_sensor_sweep_120_cubesizeDR-20260626-215239,TesolloDownwardsRotateZ,TesolloDownwardsRotateZ-20260626-234400-downwardsrotatez_sb_baseline_s0,baseline,0,74,1,0.05,114.39,1.996485,114.3902,-0.007377,0.060517,0.993626,0.00018,0.2538,0.097252,0.067248,0.0,3682863
downwards_rotate,downwards_sensor_sweep_120_cubesizeDR-20260626-215239,TesolloDownwardsRotateZ,TesolloDownwardsRotateZ-20260626-234400-downwardsrotatez_sb_baseline_s0,baseline,0,74,2,0.1,114.39,1.990301,114.0359,0.003537,0.007457,0.706363,0.008339,0.274939,0.12591,0.059638,0.0,3682863
downwards_rotate,downwards_sensor_sweep_120_cubesizeDR-20260626-215239,TesolloDownwardsRotateZ,TesolloDownwardsRotateZ-20260626-234400-downwardsrotatez_sb_baseline_s0,baseline,0,74,3,0.15,114.39,1.969179,112.8256,-0.002684,0.00259,1.0,0.0,0.299238,0.10422,0.051556,0.0,3682863
downwards_rotate,downwards_sensor_sweep_120_cubesizeDR-20260626-215239,TesolloDownwardsRotateZ,TesolloDownwardsRotateZ-20260626-234400-downwardsrotatez_sb_baseline_s0,baseline,0,74,4,0.2,114.39,1.953946,111.9528,-0.000597,0.00326,1.0,0.0,0.327055,0.065202,0.037704,0.0,3682863
downwards_rotate,downwards_sensor_sweep_120_cubesizeDR-20260626-215239,TesolloDownwardsRotateZ,TesolloDownwardsRotateZ-20260626-234400-downwardsrotatez_sb_baseline_s0,baseline,0,74,5,0.25,114.39,1.92608,110.3562,0.00119,0.003245,1.0,0.0,0.350647,0.064135,0.020616,0.0,3682863
downwards_rotate,downwards_sensor_sweep_120_cubesizeDR-20260626-215239,TesolloDownwardsRotateZ,TesolloDownwardsRotateZ-20260626-234400-downwardsrotatez_sb_baseline_s0,baseline,0,74,6,0.3,114.39,1.913778,109.6514,0.002603,0.014938,1.0,0.0,0.373107,0.013487,0.004733,0.0,3682863
downwards_rotate,downwards_sensor_sweep_120_cubesizeDR-20260626-215239,TesolloDownwardsRotateZ,TesolloDownwardsRotateZ-20260626-234400-downwardsrotatez_sb_baseline_s0,baseline,0,74,7,0.35,114.39,1.908926,109.3734,0.001801,0.089645,1.0,0.0,0.38724,0.004843,0.000731,0.0,3682863
downwards_rotate,downwards_sensor_sweep_120_cubesizeDR-20260626-215239,TesolloDownwardsRotateZ,TesolloDownwardsRotateZ-20260626-234400-downwardsrotatez_sb_baseline_s0,baseline,0,74,8,0.4,114.39,1.878154,107.6103,0.015324,0.093825,0.508086,0.01478,0.385284,0.018057,0.000391,0.0,3682863
downwards_rotate,downwards_sensor_sweep_120_cubesizeDR-20260626-215239,TesolloDownwardsRotateZ,TesolloDownwardsRotateZ-20260626-234400-downwardsrotatez_sb_baseline_s0,baseline,0,74,9,0.45,114.39,1.850216,106.0096,0.031874,0.010356,0.0,0.030485,0.387819,0.016391,0.000829,0.0,3682863
downwards_rotate,downwards_sensor_sweep_120_cubesizeDR-20260626-215239,TesolloDownwardsRotateZ,TesolloDownwardsRotateZ-20260626-234400-downwardsrotatez_sb_baseline_s0,baseline,0,74,10,0.5,114.39,1.832587,104.9995,0.032756,0.007211,0.0,0.030769,0.398387,0.092158,0.010433,0.0,3682863
downwards_rotate,downwards_sensor_sweep_120_cubesizeDR-20260626-215239,TesolloDownwardsRotateZ,TesolloDownwardsRotateZ-20260626-234400-downwardsrotatez_sb_baseline_s0,baseline,0,74,11,0.55,114.39,1.817086,104.1114,0.032004,0.040148,0.0,0.031024,0.399095,0.054945,0.021537,0.0,3682863
downwards_rotate,downwards_sensor_sweep_120_cubesizeDR-20260626-215239,TesolloDownwardsRotateZ,TesolloDownwardsRotateZ-20260626-234400-downwardsrotatez_sb_baseline_s0,baseline,0,74,12,0.6,114.39,1.798884,103.0684,0.031295,0.055114,0.0,0.031328,0.39425,0.020348,0.026838,0.0,3682863
downwards_rotate,downwards_sensor_sweep_120_cubesizeDR-20260626-215239,TesolloDownwardsRotateZ,TesolloDownwardsRotateZ-20260626-234400-downwardsrotatez_sb_baseline_s0,baseline,0,74,13,0.65,114.39,1.768538,101.3298,0.033487,0.030722,0.0,0.031848,0.41476,0.026212,0.033803,0.0,3682863
downwards_rotate,downwards_sensor_sweep_120_cubesizeDR-20260626-215239,TesolloDownwardsRotateZ,TesolloDownwardsRotateZ-20260626-234400-downwardsrotatez_sb_baseline_s0,baseline,0,74,14,0.7,114.39,1.753355,100.4598,0.032011,0.028779,0.0,0.032115,0.394369,0.023821,0.056614,0.0,3682863
downwards_rotate,downwards_sensor_sweep_120_cubesizeDR-20260626-215239,TesolloDownwardsRotateZ,TesolloDownwardsRotateZ-20260626-234400-downwardsrotatez_sb_baseline_s0,baseline,0,74,15,0.75,114.39,1.738479,99.6075,0.031657,0.010142,0.0,0.032381,0.383628,0.147625,0.084799,0.0,3682863
downwards_rotate,downwards_sensor_sweep_120_cubesizeDR-20260626-215239,TesolloDownwardsRotateZ,TesolloDownwardsRotateZ-20260626-234400-downwardsrotatez_sb_baseline_s0,baseline,0,74,16,0.8,114.39,1.711862,98.0825,0.030804,0.029232,0.0,0.032868,0.377805,0.020101,0.084909,0.0,3682863
downwards_rotate,downwards_sensor_sweep_120_cubesizeDR-20260626-215239,TesolloDownwardsRotateZ,TesolloDownwardsRotateZ-20260626-234400-downwardsrotatez_sb_baseline_s0,baseline,0,74,17,0.85,114.39,1.685663,96.5814,0.029851,0.065511,0.0,0.033362,0.376388,0.010016,0.075499,0.0,3682863
downwards_rotate,downwards_sensor_sweep_120_cubesizeDR-20260626-215239,TesolloDownwardsRotateZ,TesolloDownwardsRotateZ-20260626-234400-downwardsrotatez_sb_baseline_s0,baseline,0,74,18,0.9,114.39,1.666491,95.4829,0.031307,0.003751,0.0,0.033733,0.374503,0.006722,0.059299,0.0,3682863
downwards_rotate,downwards_sensor_sweep_120_cubesizeDR-20260626-215239,TesolloDownwardsRotateZ,TesolloDownwardsRotateZ-20260626-234400-downwardsrotatez_sb_baseline_s0,baseline,0,74,19,0.95,114.39,1.654241,94.781,0.031197,0.008039,0.0,0.033974,0.373833,0.005681,0.036303,0.0,3682863
downwards_rotate,downwards_sensor_sweep_120_cubesizeDR-20260626-215239,TesolloDownwardsRotateZ,TesolloDownwardsRotateZ-20260626-234400-downwardsrotatez_sb_baseline_s0,baseline,0,74,20,1.0,114.39,1.649249,94.495,0.031145,0.004101,0.0,0.034073,0.371516,0.007651,0.022293,0.0,3682863
downwards_rotate,downwards_sensor_sweep_120_cubesizeDR-20260626-215239,TesolloDownwardsRotateZ,TesolloDownwardsRotateZ-20260626-234400-downwardsrotatez_sb_baseline_s0,baseline,0,74,21,1.05,114.39,1.645621,94.2871,0.031089,0.001512,0.0,0.034146,0.369712,0.009103,0.015104,0.0,3682863
downwards_rotate,downwards_sensor_sweep_120_cubesizeDR-20260626-215239,TesolloDownwardsRotateZ,TesolloDownwardsRotateZ-20260626-234400-downwardsrotatez_sb_baseline_s0,baseline,0,74,22,1.1,114.39,1.642629,94.1157,0.030986,0.000832,0.0,0.034206,0.368016,0.008071,0.013993,0.0,3682863
downwards_rotate,downwards_sensor_sweep_120_cubesizeDR-20260626-215239,TesolloDownwardsRotateZ,TesolloDownwardsRotateZ-20260626-234400-downwardsrotatez_sb_baseline_s0,baseline,0,74,23,1.15,114.39,1.638577,93.8836,0.030994,0.00113,0.0,0.034288,0.368135,0.008902,0.015917,0.0,3682863
downwards_rotate,downwards_sensor_sweep_120_cubesizeDR-20260626-215239,TesolloDownwardsRotateZ,TesolloDownwardsRotateZ-20260626-234400-downwardsrotatez_sb_baseline_s0,baseline,0,74,24,1.2,114.39,1.637398,93.816,0.030817,0.00243,0.0,0.034311,0.36619,0.007735,0.017033,0.0,3682863
downwards_rotate,downwards_sensor_sweep_120_cubesizeDR-20260626-215239,TesolloDownwardsRotateZ,TesolloDownwardsRotateZ-20260626-234400-downwardsrotatez_sb_baseline_s0,baseline,0,74,25,1.25,114.39,1.636087,93.7409,0.030698,0.001616,0.0,0.034338,0.364304,0.007407,0.017557,0.0,3682863
downwards_rotate,downwards_sensor_sweep_120_cubesizeDR-20260626-215239,TesolloDownwardsRotateZ,TesolloDownwardsRotateZ-20260626-234400-downwardsrotatez_sb_baseline_s0,baseline,0,74,26,1.3,114.39,1.634249,93.6355,0.030587,0.000545,0.0,0.034375,0.362571,0.12614,0.017372,0.0,3682863
downwards_rotate,downwards_sensor_sweep_120_cubesizeDR-20260626-215239,TesolloDownwardsRotateZ,TesolloDownwardsRotateZ-20260626-234400-downwardsrotatez_sb_baseline_s0,baseline,0,74,27,1.35,114.39,1.631123,93.4565,0.030246,0.013523,0.0,0.034439,0.362071,0.001297,0.015406,0.0,3682863
downwards_rotate,downwards_sensor_sweep_120_cubesizeDR-20260626-215239,TesolloDownwardsRotateZ,TesolloDownwardsRotateZ-20260626-234400-downwardsrotatez_sb_baseline_s0,baseline,0,74,28,1.4,114.39,1.629677,93.3736,0.029878,0.023947,0.0,0.034468,0.360581,0.001262,0.013175,0.0,3682863
downwards_rotate,downwards_sensor_sweep_120_cubesizeDR-20260626-215239,TesolloDownwardsRotateZ,TesolloDownwardsRotateZ-20260626-234400-downwardsrotatez_sb_baseline_s0,baseline,0,74,29,1.45,114.39,1.630842,93.4404,0.030354,0.001177,0.0,0.034445,0.359341,0.001881,0.011196,0.0,3682863
downwards_rotate,downwards_sensor_sweep_120_cubesizeDR-20260626-215239,TesolloDownwardsRotateZ,TesolloDownwardsRotateZ-20260626-234400-downwardsrotatez_sb_baseline_s0,baseline,0,74,30,1.5,114.39,1.633552,93.5956,0.030252,0.000734,0.0,0.034389,0.357892,0.002154,0.009954,0.0,3682863
downwards_rotate,downwards_sensor_sweep_120_cubesizeDR-20260626-215239,TesolloDownwardsRotateZ,TesolloDownwardsRotateZ-20260626-234400-downwardsrotatez_sb_baseline_s0,baseline,0,74,31,1.55,114.39,1.63612,93.7427,0.030136,0.000496,0.0,0.034337,0.35635,0.015888,0.009686,0.0,3682863
downwards_rotate,downwards_sensor_sweep_120_cubesizeDR-20260626-215239,TesolloDownwardsRotateZ,TesolloDownwardsRotateZ-20260626-234400-downwardsrotatez_sb_baseline_s0,baseline,0,74,32,1.6,114.39,1.638177,93.8606,0.029896,0.006102,0.0,0.034296,0.355053,0.00146,0.009729,0.0,3682863
downwards_rotate,downwards_sensor_sweep_120_cubesizeDR-20260626-215239,TesolloDownwardsRotateZ,TesolloDownwardsRotateZ-20260626-234400-downwardsrotatez_sb_baseline_s0,baseline,0,74,33,1.65,114.39,1.64003,93.9668,0.029811,0.0043,0.0,0.034258,0.353365,0.001373,0.0096,0.0,3682863
downwards_rotate,downwards_sensor_sweep_120_cubesizeDR-20260626-215239,TesolloDownwardsRotateZ,TesolloDownwardsRotateZ-20260626-234400-downwardsrotatez_sb_baseline_s0,baseline,0,74,34,1.7,114.39,1.64044,93.9903,0.02977,0.000736,0.0,0.03425,0.351637,0.001298,0.009635,0.0,3682863
downwards_rotate,downwards_sensor_sweep_120_cubesizeDR-20260626-215239,TesolloDownwardsRotateZ,TesolloDownwardsRotateZ-20260626-234400-downwardsrotatez_sb_baseline_s0,baseline,0,74,35,1.75,114.39,1.640774,94.0094,0.029639,0.00086,0.0,0.034243,0.349946,0.001082,0.009522,0.0,3682863
downwards_rotate,downwards_sensor_sweep_120_cubesizeDR-20260626-215239,TesolloDownwardsRotateZ,TesolloDownwardsRotateZ-20260626-234400-downwardsrotatez_sb_baseline_s0,baseline,0,74,36,1.8,114.39,1.641895,94.0737,0.0295,0.001001,0.0,0.034221,0.348164,0.002383,0.008919,0.0,3682863
downwards_rotate,downwards_sensor_sweep_120_cubesizeDR-20260626-215239,TesolloDownwardsRotateZ,TesolloDownwardsRotateZ-20260626-234400-downwardsrotatez_sb_baseline_s0,baseline,0,74,37,1.85,114.39,1.64055,93.9966,0.029607,0.001995,0.0,0.034248,0.349876,0.00355,0.007879,0.0,3682863
downwards_rotate,downwards_sensor_sweep_120_cubesizeDR-20260626-215239,TesolloDownwardsRotateZ,TesolloDownwardsRotateZ-20260626-234400-downwardsrotatez_sb_baseline_s0,baseline,0,74,38,1.9,114.39,1.641225,94.0353,0.029344,0.004338,0.0,0.034234,0.347157,0.002808,0.007619,0.0,3682863
downwards_rotate,downwards_sensor_sweep_120_cubesizeDR-20260626-215239,TesolloDownwardsRotateZ,TesolloDownwardsRotateZ-20260626-234400-downwardsrotatez_sb_baseline_s0,baseline,0,74,39,1.95,114.39,1.644523,94.2242,0.029214,0.001534,0.0,0.034168,0.344563,0.003505,0.006303,0.0,3682863
downwards_rotate,downwards_sensor_sweep_120_cubesizeDR-20260626-215239,TesolloDownwardsRotateZ,TesolloDownwardsRotateZ-20260626-234400-downwardsrotatez_sb_baseline_s0,baseline,0,74,40,2.0,114.39,1.646763,94.3526,0.029064,0.001185,0.0,0.034123,0.342503,0.004984,0.005405,0.0,3682863
downwards_rotate,downwards_sensor_sweep_120_cubesizeDR-20260626-215239,TesolloDownwardsRotateZ,TesolloDownwardsRotateZ-20260626-234400-downwardsrotatez_sb_baseline_s0,baseline,0,74,41,2.05,114.39,1.648182,94.4339,0.02893,0.001216,0.0,0.034095,0.340745,0.008885,0.004427,0.0,3682863
downwards_rotate,downwards_sensor_sweep_120_cubesizeDR-20260626-215239,TesolloDownwardsRotateZ,TesolloDownwardsRotateZ-20260626-234400-downwardsrotatez_sb_baseline_s0,baseline,0,74,42,2.1,114.39,1.648091,94.4287,0.028771,0.00226,0.0,0.034096,0.339075,0.095945,0.003176,0.0,3682863
downwards_rotate,downwards_sensor_sweep_120_cubesizeDR-20260626-215239,TesolloDownwardsRotateZ,TesolloDownwardsRotateZ-20260626-234400-downwardsrotatez_sb_baseline_s0,baseline,0,74,43,2.15,114.39,1.644207,94.2061,0.028518,0.012191,0.0,0.034174,0.338781,0.017095,0.001227,0.0,3682863
downwards_rotate,downwards_sensor_sweep_120_cubesizeDR-20260626-215239,TesolloDownwardsRotateZ,TesolloDownwardsRotateZ-20260626-234400-downwardsrotatez_sb_baseline_s0,baseline,0,74,44,2.2,114.39,1.637797,93.8389,0.028603,0.011345,0.0,0.034303,0.339456,0.027709,0.000354,0.0,3682863
downwards_rotate,downwards_sensor_sweep_120_cubesizeDR-20260626-215239,TesolloDownwardsRotateZ,TesolloDownwardsRotateZ-20260626-234400-downwardsrotatez_sb_baseline_s0,baseline,0,74,45,2.25,114.39,1.633024,93.5654,0.028959,0.004613,0.0,0.0344,0.341846,0.036149,2.2e-05,0.0,3682863
downwards_rotate,downwards_sensor_sweep_120_cubesizeDR-20260626-215239,TesolloDownwardsRotateZ,TesolloDownwardsRotateZ-20260626-234400-downwardsrotatez_sb_baseline_s0,baseline,0,74,46,2.3,114.39,1.627345,93.24,0.029171,0.00114,0.0,0.034516,0.34345,0.108543,1.5e-05,0.0,3682863
downwards_rotate,downwards_sensor_sweep_120_cubesizeDR-20260626-215239,TesolloDownwardsRotateZ,TesolloDownwardsRotateZ-20260626-234400-downwardsrotatez_sb_baseline_s0,baseline,0,74,47,2.35,114.39,1.62193,92.9297,0.02908,0.009331,0.0,0.034627,0.344727,0.035959,6e-06,0.0,3682863
downwards_rotate,downwards_sensor_sweep_120_cubesizeDR-20260626-215239,TesolloDownwardsRotateZ,TesolloDownwardsRotateZ-20260626-234400-downwardsrotatez_sb_baseline_s0,baseline,0,74,48,2.4,114.39,1.617535,92.6779,0.028835,0.022309,0.0,0.034718,0.345768,0.11352,1e-05,0.0,3682863
downwards_rotate,downwards_sensor_sweep_120_cubesizeDR-20260626-215239,TesolloDownwardsRotateZ,TesolloDownwardsRotateZ-20260626-234400-downwardsrotatez_sb_baseline_s0,baseline,0,74,49,2.45,114.39,1.616995,92.647,0.029342,0.01647,0.0,0.034729,0.350441,0.018234,6e-06,0.0,3682863
downwards_rotate,downwards_sensor_sweep_120_cubesizeDR-20260626-215239,TesolloDownwardsRotateZ,TesolloDownwardsRotateZ-20260626-234400-downwardsrotatez_sb_baseline_s0,baseline,0,74,50,2.5,114.39,1.619594,92.7959,0.029297,0.0232,0.0,0.034676,0.352151,0.019049,5e-05,0.0,3682863
downwards_rotate,downwards_sensor_sweep_120_cubesizeDR-20260626-215239,TesolloDownwardsRotateZ,TesolloDownwardsRotateZ-20260626-234400-downwardsrotatez_sb_baseline_s0,baseline,0,74,51,2.55,114.39,1.617618,92.6827,0.030067,0.002304,0.0,0.034716,0.355401,0.016409,0.000256,0.0,3682863
downwards_rotate,downwards_sensor_sweep_120_cubesizeDR-20260626-215239,TesolloDownwardsRotateZ,TesolloDownwardsRotateZ-20260626-234400-downwardsrotatez_sb_baseline_s0,baseline,0,74,52,2.6,114.39,1.618586,92.7381,0.030146,0.00236,0.0,0.034696,0.356499,0.013366,0.000656,0.0,3682863
downwards_rotate,downwards_sensor_sweep_120_cubesizeDR-20260626-215239,TesolloDownwardsRotateZ,TesolloDownwardsRotateZ-20260626-234400-downwardsrotatez_sb_baseline_s0,baseline,0,74,53,2.65,114.39,1.620722,92.8605,0.030345,0.00308,0.0,0.034652,0.35945,0.010436,0.000776,0.0,3682863
downwards_rotate,downwards_sensor_sweep_120_cubesizeDR-20260626-215239,TesolloDownwardsRotateZ,TesolloDownwardsRotateZ-20260626-234400-downwardsrotatez_sb_baseline_s0,baseline,0,74,54,2.7,114.39,1.6223,92.951,0.030449,0.002294,0.0,0.03462,0.36062,0.010608,0.000619,0.0,3682863
downwards_rotate,downwards_sensor_sweep_120_cubesizeDR-20260626-215239,TesolloDownwardsRotateZ,TesolloDownwardsRotateZ-20260626-234400-downwardsrotatez_sb_baseline_s0,baseline,0,74,55,2.75,114.39,1.622515,92.9633,0.030503,0.00509,0.0,0.034615,0.362271,0.010192,0.000347,0.0,3682863
downwards_rotate,downwards_sensor_sweep_120_cubesizeDR-20260626-215239,TesolloDownwardsRotateZ,TesolloDownwardsRotateZ-20260626-234400-downwardsrotatez_sb_baseline_s0,baseline,0,74,56,2.8,114.39,1.620534,92.8497,0.030585,0.001856,0.0,0.034656,0.362221,0.010107,0.00023,0.0,3682863
downwards_rotate,downwards_sensor_sweep_120_cubesizeDR-20260626-215239,TesolloDownwardsRotateZ,TesolloDownwardsRotateZ-20260626-234400-downwardsrotatez_sb_baseline_s0,baseline,0,74,57,2.85,114.39,1.612203,92.3724,0.030619,0.004671,0.0,0.034829,0.363393,0.016094,0.000117,0.0,3682863
downwards_rotate,downwards_sensor_sweep_120_cubesizeDR-20260626-215239,TesolloDownwardsRotateZ,TesolloDownwardsRotateZ-20260626-234400-downwardsrotatez_sb_baseline_s0,baseline,0,74,58,2.9,114.39,1.603692,91.8848,0.030509,0.008341,0.0,0.035007,0.362916,0.01961,7.3e-05,0.0,3682863
downwards_rotate,downwards_sensor_sweep_120_cubesizeDR-20260626-215239,TesolloDownwardsRotateZ,TesolloDownwardsRotateZ-20260626-234400-downwardsrotatez_sb_baseline_s0,baseline,0,74,59,2.95,114.39,1.594638,91.366,0.030588,0.005111,0.0,0.035199,0.362645,0.02488,6.8e-05,0.0,3682863
downwards_rotate,downwards_sensor_sweep_120_cubesizeDR-20260626-215239,TesolloDownwardsRotateZ,TesolloDownwardsRotateZ-20260626-234400-downwardsrotatez_sb_baseline_s0,baseline,0,74,60,3.0,114.39,1.587521,90.9582,0.030664,0.001976,0.0,0.035351,0.362406,0.020618,9.9e-05,0.0,3682863
downwards_rotate,downwards_sensor_sweep_120_cubesizeDR-20260626-215239,TesolloDownwardsRotateZ,TesolloDownwardsRotateZ-20260626-234400-downwardsrotatez_sb_baseline_s0,baseline,0,74,61,3.05,114.39,1.581137,90.5925,0.030534,0.003966,0.0,0.035489,0.361153,0.022195,0.000164,0.0,3682863
downwards_rotate,downwards_sensor_sweep_120_cubesizeDR-20260626-215239,TesolloDownwardsRotateZ,TesolloDownwardsRotateZ-20260626-234400-downwardsrotatez_sb_baseline_s0,baseline,0,74,62,3.1,114.39,1.577643,90.3923,0.030494,0.003033,0.0,0.035565,0.36028,0.07829,0.000175,0.0,3682863
downwards_rotate,downwards_sensor_sweep_120_cubesizeDR-20260626-215239,TesolloDownwardsRotateZ,TesolloDownwardsRotateZ-20260626-234400-downwardsrotatez_sb_baseline_s0,baseline,0,74,63,3.15,114.39,1.582988,90.6985,0.030036,0.021912,0.0,0.035449,0.360537,0.01466,1.4e-05,0.0,3682863
downwards_rotate,downwards_sensor_sweep_120_cubesizeDR-20260626-215239,TesolloDownwardsRotateZ,TesolloDownwardsRotateZ-20260626-234400-downwardsrotatez_sb_baseline_s0,baseline,0,74,64,3.2,114.39,1.584882,90.8071,0.029747,0.032832,0.0,0.035408,0.360383,0.015177,5e-06,0.0,3682863
downwards_rotate,downwards_sensor_sweep_120_cubesizeDR-20260626-215239,TesolloDownwardsRotateZ,TesolloDownwardsRotateZ-20260626-234400-downwardsrotatez_sb_baseline_s0,baseline,0,74,65,3.25,114.39,1.585101,90.8196,0.030456,0.006866,0.0,0.035403,0.361161,0.002538,6e-06,0.0,3682863
downwards_rotate,downwards_sensor_sweep_120_cubesizeDR-20260626-215239,TesolloDownwardsRotateZ,TesolloDownwardsRotateZ-20260626-234400-downwardsrotatez_sb_baseline_s0,baseline,0,74,66,3.3,114.39,1.587801,90.9743,0.03033,0.013041,0.0,0.035345,0.361622,0.002909,1.1e-05,0.0,3682863
downwards_rotate,downwards_sensor_sweep_120_cubesizeDR-20260626-215239,TesolloDownwardsRotateZ,TesolloDownwardsRotateZ-20260626-234400-downwardsrotatez_sb_baseline_s0,baseline,0,74,67,3.35,114.39,1.591393,91.1801,0.030448,0.007135,0.0,0.035268,0.361349,0.012879,1.1e-05,0.0,3682863
downwards_rotate,downwards_sensor_sweep_120_cubesizeDR-20260626-215239,TesolloDownwardsRotateZ,TesolloDownwardsRotateZ-20260626-234400-downwardsrotatez_sb_baseline_s0,baseline,0,74,68,3.4,114.39,1.598618,91.594,0.030469,0.003173,0.0,0.035115,0.360531,0.025528,7e-06,0.0,3682863
downwards_rotate,downwards_sensor_sweep_120_cubesizeDR-20260626-215239,TesolloDownwardsRotateZ,TesolloDownwardsRotateZ-20260626-234400-downwardsrotatez_sb_baseline_s0,baseline,0,74,69,3.45,114.39,1.601692,91.7702,0.030502,0.005124,0.0,0.03505,0.361691,0.013517,3e-06,0.0,3682863
downwards_rotate,downwards_sensor_sweep_120_cubesizeDR-20260626-215239,TesolloDownwardsRotateZ,TesolloDownwardsRotateZ-20260626-234400-downwardsrotatez_sb_baseline_s0,baseline,0,74,70,3.5,114.39,1.608187,92.1423,0.030486,0.008492,0.0,0.034913,0.362761,0.001532,3e-06,0.0,3682863
downwards_rotate,downwards_sensor_sweep_120_cubesizeDR-20260626-215239,TesolloDownwardsRotateZ,TesolloDownwardsRotateZ-20260626-234400-downwardsrotatez_sb_baseline_s0,baseline,0,74,71,3.55,114.39,1.611807,92.3498,0.030428,0.011036,0.0,0.034837,0.362952,0.009869,1.5e-05,0.0,3682863
downwards_rotate,downwards_sensor_sweep_120_cubesizeDR-20260626-215239,TesolloDownwardsRotateZ,TesolloDownwardsRotateZ-20260626-234400-downwardsrotatez_sb_baseline_s0,baseline,0,74,72,3.6,114.39,1.616303,92.6074,0.030556,0.004231,0.0,0.034744,0.36252,0.015633,3.9e-05,0.0,3682863
downwards_rotate,downwards_sensor_sweep_120_cubesizeDR-20260626-215239,TesolloDownwardsRotateZ,TesolloDownwardsRotateZ-20260626-234400-downwardsrotatez_sb_baseline_s0,baseline,0,74,73,3.65,114.39,1.623281,93.0072,0.030643,0.002036,0.0,0.0346,0.363125,0.003282,0.000138,0.0,3682863
downwards_rotate,downwards_sensor_sweep_120_cubesizeDR-20260626-215239,TesolloDownwardsRotateZ,TesolloDownwardsRotateZ-20260626-234400-downwardsrotatez_sb_baseline_s0,baseline,0,74,74,3.7,114.39,1.631371,93.4707,0.030302,0.012373,0.0,0.034434,0.362252,0.003036,0.00085,0.0,3682863
downwards_rotate,downwards_sensor_sweep_120_cubesizeDR-20260626-215239,TesolloDownwardsRotateZ,TesolloDownwardsRotateZ-20260626-234400-downwardsrotatez_sb_baseline_s0,baseline,0,74,75,3.75,114.39,1.638022,93.8518,0.030492,0.003624,0.0,0.034299,0.362055,0.000261,0.001344,0.0,3682863
downwards_rotate,downwards_sensor_sweep_120_cubesizeDR-20260626-215239,TesolloDownwardsRotateZ,TesolloDownwardsRotateZ-20260626-234400-downwardsrotatez_sb_baseline_s0,baseline,0,74,76,3.8,114.39,1.639874,93.9579,0.030615,0.001135,0.0,0.034261,0.362928,0.000334,0.001832,0.0,3682863
downwards_rotate,downwards_sensor_sweep_120_cubesizeDR-20260626-215239,TesolloDownwardsRotateZ,TesolloDownwardsRotateZ-20260626-234400-downwardsrotatez_sb_baseline_s0,baseline,0,74,77,3.85,114.39,1.647681,94.4052,0.03048,0.003938,0.0,0.034105,0.362278,4.6e-05,0.002934,0.0,3682863
downwards_rotate,downwards_sensor_sweep_120_cubesizeDR-20260626-215239,TesolloDownwardsRotateZ,TesolloDownwardsRotateZ-20260626-234400-downwardsrotatez_sb_baseline_s0,baseline,0,74,78,3.9,114.39,1.65321,94.722,0.030522,0.00039,0.0,0.033994,0.361813,1.4e-05,0.003532,0.0,3682863
downwards_rotate,downwards_sensor_sweep_120_cubesizeDR-20260626-215239,TesolloDownwardsRotateZ,TesolloDownwardsRotateZ-20260626-234400-downwardsrotatez_sb_baseline_s0,baseline,0,74,79,3.95,114.39,1.65837,95.0176,0.030505,0.000106,0.0,0.033892,0.361626,2.7e-05,0.003471,0.0,3682863
downwards_rotate,downwards_sensor_sweep_120_cubesizeDR-20260626-215239,TesolloDownwardsRotateZ,TesolloDownwardsRotateZ-20260626-234400-downwardsrotatez_sb_baseline_s0,baseline,0,74,80,4.0,114.39,1.663005,95.2832,0.030484,0.00013,0.0,0.033801,0.361471,5.9e-05,0.003266,0.0,3682863
downwards_rotate,downwards_sensor_sweep_120_cubesizeDR-20260626-215239,TesolloDownwardsRotateZ,TesolloDownwardsRotateZ-20260626-234400-downwardsrotatez_sb_baseline_s0,baseline,0,74,81,4.05,114.39,1.66694,95.5086,0.030461,8.7e-05,0.0,0.033724,0.361253,5.5e-05,0.003032,0.0,3682863
downwards_rotate,downwards_sensor_sweep_120_cubesizeDR-20260626-215239,TesolloDownwardsRotateZ,TesolloDownwardsRotateZ-20260626-234400-downwardsrotatez_sb_baseline_s0,baseline,0,74,82,4.1,114.39,1.670698,95.7239,0.030429,0.000244,0.0,0.033651,0.36097,6.6e-05,0.002735,0.0,3682863
downwards_rotate,downwards_sensor_sweep_120_cubesizeDR-20260626-215239,TesolloDownwardsRotateZ,TesolloDownwardsRotateZ-20260626-234400-downwardsrotatez_sb_baseline_s0,baseline,0,74,83,4.15,114.39,1.674248,95.9274,0.030388,0.000199,0.0,0.033582,0.360495,7.9e-05,0.002424,0.0,3682863
downwards_rotate,downwards_sensor_sweep_120_cubesizeDR-20260626-215239,TesolloDownwardsRotateZ,TesolloDownwardsRotateZ-20260626-234400-downwardsrotatez_sb_baseline_s0,baseline,0,74,84,4.2,114.39,1.677319,96.1033,0.030328,0.000281,0.0,0.033522,0.359802,7.8e-05,0.002149,0.0,3682863
downwards_rotate,downwards_sensor_sweep_120_cubesizeDR-20260626-215239,TesolloDownwardsRotateZ,TesolloDownwardsRotateZ-20260626-234400-downwardsrotatez_sb_baseline_s0,baseline,0,74,85,4.25,114.39,1.679753,96.2427,0.030262,0.0003,0.0,0.033475,0.358984,7.2e-05,0.001949,0.0,3682863
downwards_rotate,downwards_sensor_sweep_120_cubesizeDR-20260626-215239,TesolloDownwardsRotateZ,TesolloDownwardsRotateZ-20260626-234400-downwardsrotatez_sb_baseline_s0,baseline,0,74,86,4.3,114.39,1.681242,96.3281,0.030221,0.000311,0.0,0.033447,0.358481,0.000351,0.001826,0.0,3682863
downwards_rotate,downwards_sensor_sweep_120_cubesizeDR-20260626-215239,TesolloDownwardsRotateZ,TesolloDownwardsRotateZ-20260626-234400-downwardsrotatez_sb_baseline_s0,baseline,0,74,87,4.35,114.39,1.682832,96.4192,0.030159,0.000498,0.0,0.033416,0.357748,0.000178,0.001672,0.0,3682863
downwards_rotate,downwards_sensor_sweep_120_cubesizeDR-20260626-215239,TesolloDownwardsRotateZ,TesolloDownwardsRotateZ-20260626-234400-downwardsrotatez_sb_baseline_s0,baseline,0,74,88,4.4,114.39,1.684428,96.5106,0.030089,0.000395,0.0,0.033385,0.356826,0.000256,0.001756,0.0,3682863
downwards_rotate,downwards_sensor_sweep_120_cubesizeDR-20260626-215239,TesolloDownwardsRotateZ,TesolloDownwardsRotateZ-20260626-234400-downwardsrotatez_sb_baseline_s0,baseline,0,74,89,4.45,114.39,1.685436,96.5684,0.030024,0.000298,0.0,0.033366,0.355952,0.000278,0.001875,0.0,3682863
downwards_rotate,downwards_sensor_sweep_120_cubesizeDR-20260626-215239,TesolloDownwardsRotateZ,TesolloDownwardsRotateZ-20260626-234400-downwardsrotatez_sb_baseline_s0,baseline,0,74,90,4.5,114.39,1.686371,96.6219,0.029954,0.000343,0.0,0.033348,0.355062,0.000373,0.002042,0.0,3682863
downwards_rotate,downwards_sensor_sweep_120_cubesizeDR-20260626-215239,TesolloDownwardsRotateZ,TesolloDownwardsRotateZ-20260626-234400-downwardsrotatez_sb_baseline_s0,baseline,0,74,91,4.55,114.39,1.687522,96.6879,0.029888,0.000347,0.0,0.033326,0.354222,0.000422,0.002066,0.0,3682863
downwards_rotate,downwards_sensor_sweep_120_cubesizeDR-20260626-215239,TesolloDownwardsRotateZ,TesolloDownwardsRotateZ-20260626-234400-downwardsrotatez_sb_baseline_s0,baseline,0,74,92,4.6,114.39,1.688748,96.7581,0.029816,0.000436,0.0,0.033303,0.353321,0.000535,0.002077,0.0,3682863
downwards_rotate,downwards_sensor_sweep_120_cubesizeDR-20260626-215239,TesolloDownwardsRotateZ,TesolloDownwardsRotateZ-20260626-234400-downwardsrotatez_sb_baseline_s0,baseline,0,74,93,4.65,114.39,1.689958,96.8275,0.029752,0.000404,0.0,0.03328,0.352485,0.000515,0.002019,0.0,3682863
downwards_rotate,downwards_sensor_sweep_120_cubesizeDR-20260626-215239,TesolloDownwardsRotateZ,TesolloDownwardsRotateZ-20260626-234400-downwardsrotatez_sb_baseline_s0,baseline,0,74,94,4.7,114.39,1.691136,96.895,0.029693,0.000302,0.0,0.033257,0.351688,0.000529,0.001904,0.0,3682863
downwards_rotate,downwards_sensor_sweep_120_cubesizeDR-20260626-215239,TesolloDownwardsRotateZ,TesolloDownwardsRotateZ-20260626-234400-downwardsrotatez_sb_baseline_s0,baseline,0,74,95,4.75,114.39,1.692212,96.9566,0.029638,0.000343,0.0,0.033237,0.351001,0.000488,0.001704,0.0,3682863
downwards_rotate,downwards_sensor_sweep_120_cubesizeDR-20260626-215239,TesolloDownwardsRotateZ,TesolloDownwardsRotateZ-20260626-234400-downwardsrotatez_sb_baseline_s0,baseline,0,74,96,4.8,114.39,1.693214,97.014,0.029589,0.000329,0.0,0.033218,0.350359,0.000326,0.001465,0.0,3682863
downwards_rotate,downwards_sensor_sweep_120_cubesizeDR-20260626-215239,TesolloDownwardsRotateZ,TesolloDownwardsRotateZ-20260626-234400-downwardsrotatez_sb_baseline_s0,baseline,0,74,97,4.85,114.39,1.69413,97.0665,0.029514,0.000404,0.0,0.033201,0.349407,0.0004,0.001196,0.0,3682863
downwards_rotate,downwards_sensor_sweep_120_cubesizeDR-20260626-215239,TesolloDownwardsRotateZ,TesolloDownwardsRotateZ-20260626-234400-downwardsrotatez_sb_baseline_s0,baseline,0,74,98,4.9,114.39,1.693583,97.0352,0.029425,0.00051,0.0,0.033211,0.34823,0.001023,0.000967,0.0,3682863
downwards_rotate,downwards_sensor_sweep_120_cubesizeDR-20260626-215239,TesolloDownwardsRotateZ,TesolloDownwardsRotateZ-20260626-234400-downwardsrotatez_sb_baseline_s0,baseline,0,74,99,4.95,114.39,1.691741,96.9296,0.029327,0.000783,0.0,0.033246,0.34698,0.001178,0.00096,0.0,3682863
downwards_rotate,downwards_sensor_sweep_120_cubesizeDR-20260626-215239,TesolloDownwardsRotateZ,TesolloDownwardsRotateZ-20260626-234400-downwardsrotatez_sb_baseline_s0,baseline,0,74,100,5.0,114.39,1.687887,96.7088,0.029201,0.001098,0.0,0.033319,0.345296,4.2e-05,0.001008,0.0,3682863
downwards_rotate,downwards_sensor_sweep_120_cubesizeDR-20260626-215239,TesolloDownwardsRotateZ,TesolloDownwardsRotateZ-20260626-234400-downwardsrotatez_sb_baseline_s0,baseline,0,74,101,5.05,114.39,1.684189,96.4969,0.029064,0.000885,0.0,0.03339,0.343311,0.001346,0.000837,0.0,3682863
downwards_rotate,downwards_sensor_sweep_120_cubesizeDR-20260626-215239,TesolloDownwardsRotateZ,TesolloDownwardsRotateZ-20260626-234400-downwardsrotatez_sb_baseline_s0,baseline,0,74,102,5.1,114.39,1.679619,96.2351,0.029006,0.005865,0.0,0.033478,0.344089,0.015721,0.000109,0.0,3682863
downwards_rotate,downwards_sensor_sweep_120_cubesizeDR-20260626-215239,TesolloDownwardsRotateZ,TesolloDownwardsRotateZ-20260626-234400-downwardsrotatez_sb_baseline_s0,baseline,0,74,103,5.15,114.39,1.674364,95.934,0.029115,0.006619,0.0,0.033579,0.34565,0.014972,7e-06,0.0,3682863
downwards_rotate,downwards_sensor_sweep_120_cubesizeDR-20260626-215239,TesolloDownwardsRotateZ,TesolloDownwardsRotateZ-20260626-234400-downwardsrotatez_sb_baseline_s0,baseline,0,74,104,5.2,114.39,1.66832,95.5877,0.029489,0.002795,0.0,0.033697,0.349214,0.018143,9e-06,0.0,3682863
downwards_rotate,downwards_sensor_sweep_120_cubesizeDR-20260626-215239,TesolloDownwardsRotateZ,TesolloDownwardsRotateZ-20260626-234400-downwardsrotatez_sb_baseline_s0,baseline,0,74,105,5.25,114.39,1.663781,95.3276,0.029771,0.001237,0.0,0.033786,0.352334,0.018738,2.4e-05,0.0,3682863
downwards_rotate,downwards_sensor_sweep_120_cubesizeDR-20260626-215239,TesolloDownwardsRotateZ,TesolloDownwardsRotateZ-20260626-234400-downwardsrotatez_sb_baseline_s0,baseline,0,74,106,5.3,114.39,1.660406,95.1343,0.02962,0.011798,0.0,0.033852,0.35377,0.024135,0.000265,0.0,3682863
downwards_rotate,downwards_sensor_sweep_120_cubesizeDR-20260626-215239,TesolloDownwardsRotateZ,TesolloDownwardsRotateZ-20260626-234400-downwardsrotatez_sb_baseline_s0,baseline,0,74,107,5.35,114.39,1.657016,94.94,0.029888,0.004524,0.0,0.033919,0.354839,0.023087,0.001228,0.0,3682863
downwards_rotate,downwards_sensor_sweep_120_cubesizeDR-20260626-215239,TesolloDownwardsRotateZ,TesolloDownwardsRotateZ-20260626-234400-downwardsrotatez_sb_baseline_s0,baseline,0,74,108,5.4,114.39,1.646599,94.3432,0.030144,0.002216,0.0,0.034126,0.357212,0.010851,0.003217,0.0,3682863
downwards_rotate,downwards_sensor_sweep_120_cubesizeDR-20260626-215239,TesolloDownwardsRotateZ,TesolloDownwardsRotateZ-20260626-234400-downwardsrotatez_sb_baseline_s0,baseline,0,74,109,5.45,114.39,1.63882,93.8975,0.029953,0.012201,0.0,0.034283,0.357795,0.011214,0.003376,0.0,3682863
downwards_rotate,downwards_sensor_sweep_120_cubesizeDR-20260626-215239,TesolloDownwardsRotateZ,TesolloDownwardsRotateZ-20260626-234400-downwardsrotatez_sb_baseline_s0,baseline,0,74,110,5.5,114.39,1.629153,93.3436,0.030092,0.007577,0.0,0.034479,0.357915,0.073904,0.00268,0.0,3682863
downwards_rotate,downwards_sensor_sweep_120_cubesizeDR-20260626-215239,TesolloDownwardsRotateZ,TesolloDownwardsRotateZ-20260626-234400-downwardsrotatez_sb_baseline_s0,baseline,0,74,111,5.55,114.39,1.614934,92.5289,0.029692,0.025927,0.0,0.034772,0.358282,0.02244,0.005449,0.0,3682863
downwards_rotate,downwards_sensor_sweep_120_cubesizeDR-20260626-215239,TesolloDownwardsRotateZ,TesolloDownwardsRotateZ-20260626-234400-downwardsrotatez_sb_baseline_s0,baseline,0,74,112,5.6,114.39,1.600392,91.6957,0.030016,0.017794,0.0,0.035077,0.359441,0.013941,0.003188,0.0,3682863
downwards_rotate,downwards_sensor_sweep_120_cubesizeDR-20260626-215239,TesolloDownwardsRotateZ,TesolloDownwardsRotateZ-20260626-234400-downwardsrotatez_sb_baseline_s0,baseline,0,74,113,5.65,114.39,1.588861,91.035,0.030484,0.004222,0.0,0.035323,0.360812,0.018388,0.002249,0.0,3682863
downwards_rotate,downwards_sensor_sweep_120_cubesizeDR-20260626-215239,TesolloDownwardsRotateZ,TesolloDownwardsRotateZ-20260626-234400-downwardsrotatez_sb_baseline_s0,baseline,0,74,114,5.7,114.39,1.582658,90.6796,0.030496,0.005585,0.0,0.035456,0.361228,0.012278,0.001063,0.0,3682863
downwards_rotate,downwards_sensor_sweep_120_cubesizeDR-20260626-215239,TesolloDownwardsRotateZ,TesolloDownwardsRotateZ-20260626-234400-downwardsrotatez_sb_baseline_s0,baseline,0,74,115,5.75,114.39,1.580006,90.5277,0.0306,0.003728,0.0,0.035514,0.361983,0.061243,0.000304,0.0,3682863
downwards_rotate,downwards_sensor_sweep_120_cubesizeDR-20260626-215239,TesolloDownwardsRotateZ,TesolloDownwardsRotateZ-20260626-234400-downwardsrotatez_sb_baseline_s0,baseline,0,74,116,5.8,114.39,1.582518,90.6716,0.030488,0.009001,0.0,0.035459,0.362251,0.000523,0.001425,0.0,3682863
downwards_rotate,downwards_sensor_sweep_120_cubesizeDR-20260626-215239,TesolloDownwardsRotateZ,TesolloDownwardsRotateZ-20260626-234400-downwardsrotatez_sb_baseline_s0,baseline,0,74,117,5.85,114.39,1.585264,90.8289,0.030171,0.022635,0.0,0.0354,0.362633,0.000167,6e-05,0.0,3682863
downwards_rotate,downwards_sensor_sweep_120_cubesizeDR-20260626-215239,TesolloDownwardsRotateZ,TesolloDownwardsRotateZ-20260626-234400-downwardsrotatez_sb_baseline_s0,baseline,0,74,118,5.9,114.39,1.587747,90.9712,0.030473,0.010285,0.0,0.035346,0.362609,0.000775,1.1e-05,0.0,3682863
downwards_rotate,downwards_sensor_sweep_120_cubesizeDR-20260626-215239,TesolloDownwardsRotateZ,TesolloDownwardsRotateZ-20260626-234400-downwardsrotatez_sb_baseline_s0,baseline,0,74,119,5.95,114.39,1.591201,91.1691,0.030591,0.00511,0.0,0.035272,0.362594,0.028204,6e-06,0.0,3682863
downwards_rotate,downwards_sensor_sweep_120_cubesizeDR-20260626-215239,TesolloDownwardsRotateZ,TesolloDownwardsRotateZ-20260626-234400-downwardsrotatez_sb_baseline_s0,baseline,0,82,0,0.0,114.952,2.01632,115.5266,-0.013929,0.229524,1.0,0.0,0.224985,0.024776,0.062589,0.0,3682863
downwards_rotate,downwards_sensor_sweep_120_cubesizeDR-20260626-215239,TesolloDownwardsRotateZ,TesolloDownwardsRotateZ-20260626-234400-downwardsrotatez_sb_baseline_s0,baseline,0,82,1,0.05,114.952,2.031998,116.4249,-0.001852,0.040237,0.819835,0.005015,0.256181,0.069477,0.058404,0.0,3682863
downwards_rotate,downwards_sensor_sweep_120_cubesizeDR-20260626-215239,TesolloDownwardsRotateZ,TesolloDownwardsRotateZ-20260626-234400-downwardsrotatez_sb_baseline_s0,baseline,0,82,2,0.1,114.952,2.000001,114.5916,0.023695,0.012146,0.0,0.028267,0.283137,0.053232,0.057511,0.0,3682863
downwards_rotate,downwards_sensor_sweep_120_cubesizeDR-20260626-215239,TesolloDownwardsRotateZ,TesolloDownwardsRotateZ-20260626-234400-downwardsrotatez_sb_baseline_s0,baseline,0,82,3,0.15,114.952,1.894111,108.5246,-0.002094,0.003018,1.0,0.0,0.307432,0.057471,0.070258,0.0,3682863
downwards_rotate,downwards_sensor_sweep_120_cubesizeDR-20260626-215239,TesolloDownwardsRotateZ,TesolloDownwardsRotateZ-20260626-234400-downwardsrotatez_sb_baseline_s0,baseline,0,82,4,0.2,114.952,1.78196,102.0988,-0.000946,0.02078,1.0,0.0,0.329282,0.074365,0.115234,0.0,3682863
downwards_rotate,downwards_sensor_sweep_120_cubesizeDR-20260626-215239,TesolloDownwardsRotateZ,TesolloDownwardsRotateZ-20260626-234400-downwardsrotatez_sb_baseline_s0,baseline,0,82,5,0.25,114.952,1.73832,99.5984,-0.000496,0.014891,1.0,0.0,0.333737,0.058375,0.147929,0.0,3682863
downwards_rotate,downwards_sensor_sweep_120_cubesizeDR-20260626-215239,TesolloDownwardsRotateZ,TesolloDownwardsRotateZ-20260626-234400-downwardsrotatez_sb_baseline_s0,baseline,0,82,6,0.3,114.952,1.619501,92.7906,0.000282,0.00709,1.0,0.0,0.341944,0.055869,0.181201,0.0,3682863
downwards_rotate,downwards_sensor_sweep_120_cubesizeDR-20260626-215239,TesolloDownwardsRotateZ,TesolloDownwardsRotateZ-20260626-234400-downwardsrotatez_sb_baseline_s0,baseline,0,82,7,0.35,114.952,1.481806,84.9012,0.013742,0.006978,0.546778,0.017122,0.347456,0.072266,0.178747,0.0,3682863
downwards_rotate,downwards_sensor_sweep_120_cubesizeDR-20260626-215239,TesolloDownwardsRotateZ,TesolloDownwardsRotateZ-20260626-234400-downwardsrotatez_sb_baseline_s0,baseline,0,82,8,0.4,114.952,1.351991,77.4634,0.029842,0.02684,0.0,0.041256,0.353669,0.037918,0.134413,0.0,3682863
downwards_rotate,downwards_sensor_sweep_120_cubesizeDR-20260626-215239,TesolloDownwardsRotateZ,TesolloDownwardsRotateZ-20260626-234400-downwardsrotatez_sb_baseline_s0,baseline,0,82,9,0.45,114.952,1.242707,71.2019,0.001187,0.010177,1.0,0.0,0.35368,0.017668,0.082992,0.0,3682863
downwards_rotate,downwards_sensor_sweep_120_cubesizeDR-20260626-215239,TesolloDownwardsRotateZ,TesolloDownwardsRotateZ-20260626-234400-downwardsrotatez_sb_baseline_s0,baseline,0,82,10,0.5,114.952,1.155959,66.2316,0.030314,0.045522,0.0,0.047917,0.356454,0.055616,0.067647,0.0,3682863
downwards_rotate,downwards_sensor_sweep_120_cubesizeDR-20260626-215239,TesolloDownwardsRotateZ,TesolloDownwardsRotateZ-20260626-234400-downwardsrotatez_sb_baseline_s0,baseline,0,82,11,0.55,114.952,1.114846,63.8759,0.032041,0.03915,0.0,0.049596,0.375112,0.052991,0.06844,0.0,3682863
downwards_rotate,downwards_sensor_sweep_120_cubesizeDR-20260626-215239,TesolloDownwardsRotateZ,TesolloDownwardsRotateZ-20260626-234400-downwardsrotatez_sb_baseline_s0,baseline,0,82,12,0.6,114.952,1.105036,63.3139,0.034248,0.01838,0.0,0.050015,0.397176,0.025409,0.079232,0.0,3682863
downwards_rotate,downwards_sensor_sweep_120_cubesizeDR-20260626-215239,TesolloDownwardsRotateZ,TesolloDownwardsRotateZ-20260626-234400-downwardsrotatez_sb_baseline_s0,baseline,0,82,13,0.65,114.952,1.094014,62.6824,0.034783,0.022326,0.0,0.050493,0.404963,0.025317,0.078036,0.0,3682863
downwards_rotate,downwards_sensor_sweep_120_cubesizeDR-20260626-215239,TesolloDownwardsRotateZ,TesolloDownwardsRotateZ-20260626-234400-downwardsrotatez_sb_baseline_s0,baseline,0,82,14,0.7,114.952,1.086092,62.2285,0.035516,0.006768,0.0,0.050843,0.408871,0.019416,0.062555,0.0,3682863
downwards_rotate,downwards_sensor_sweep_120_cubesizeDR-20260626-215239,TesolloDownwardsRotateZ,TesolloDownwardsRotateZ-20260626-234400-downwardsrotatez_sb_baseline_s0,baseline,0,82,15,0.75,114.952,1.075352,61.6131,0.035728,0.018566,0.0,0.051324,0.414881,0.106725,0.0454,0.0,3682863
downwards_rotate,downwards_sensor_sweep_120_cubesizeDR-20260626-215239,TesolloDownwardsRotateZ,TesolloDownwardsRotateZ-20260626-234400-downwardsrotatez_sb_baseline_s0,baseline,0,82,16,0.8,114.952,1.053024,60.3339,0.035544,0.030508,0.0,0.052356,0.414707,0.005821,0.031009,0.0,3682863
downwards_rotate,downwards_sensor_sweep_120_cubesizeDR-20260626-215239,TesolloDownwardsRotateZ,TesolloDownwardsRotateZ-20260626-234400-downwardsrotatez_sb_baseline_s0,baseline,0,82,17,0.85,114.952,1.048543,60.0771,0.035406,0.020459,0.0,0.052568,0.409136,0.006025,0.024202,0.0,3682863
downwards_rotate,downwards_sensor_sweep_120_cubesizeDR-20260626-215239,TesolloDownwardsRotateZ,TesolloDownwardsRotateZ-20260626-234400-downwardsrotatez_sb_baseline_s0,baseline,0,82,18,0.9,114.952,1.033053,59.1896,0.037416,0.003505,0.0,0.053314,0.429217,0.03068,0.015604,0.0,3682863
downwards_rotate,downwards_sensor_sweep_120_cubesizeDR-20260626-215239,TesolloDownwardsRotateZ,TesolloDownwardsRotateZ-20260626-234400-downwardsrotatez_sb_baseline_s0,baseline,0,82,19,0.95,114.952,1.032723,59.1707,0.036256,0.009306,0.0,0.05333,0.415637,0.012089,0.015891,0.0,3682863
downwards_rotate,downwards_sensor_sweep_120_cubesizeDR-20260626-215239,TesolloDownwardsRotateZ,TesolloDownwardsRotateZ-20260626-234400-downwardsrotatez_sb_baseline_s0,baseline,0,82,20,1.0,114.952,1.034326,59.2625,0.035661,0.010771,0.0,0.053252,0.40827,0.010354,0.013916,0.0,3682863
downwards_rotate,downwards_sensor_sweep_120_cubesizeDR-20260626-215239,TesolloDownwardsRotateZ,TesolloDownwardsRotateZ-20260626-234400-downwardsrotatez_sb_baseline_s0,baseline,0,82,21,1.05,114.952,1.040033,59.5895,0.03559,0.00156,0.0,0.052975,0.404598,0.007288,0.012815,0.0,3682863
downwards_rotate,downwards_sensor_sweep_120_cubesizeDR-20260626-215239,TesolloDownwardsRotateZ,TesolloDownwardsRotateZ-20260626-234400-downwardsrotatez_sb_baseline_s0,baseline,0,82,22,1.1,114.952,1.038659,59.5108,0.035476,0.001904,0.0,0.053041,0.4031,0.000975,0.012962,0.0,3682863
downwards_rotate,downwards_sensor_sweep_120_cubesizeDR-20260626-215239,TesolloDownwardsRotateZ,TesolloDownwardsRotateZ-20260626-234400-downwardsrotatez_sb_baseline_s0,baseline,0,82,23,1.15,114.952,1.032629,59.1653,0.035437,0.000408,0.0,0.053335,0.401701,0.0002,0.014148,0.0,3682863
downwards_rotate,downwards_sensor_sweep_120_cubesizeDR-20260626-215239,TesolloDownwardsRotateZ,TesolloDownwardsRotateZ-20260626-234400-downwardsrotatez_sb_baseline_s0,baseline,0,82,24,1.2,114.952,1.030684,59.0538,0.035375,0.000777,0.0,0.05343,0.400901,8e-06,0.016554,0.0,3682863
downwards_rotate,downwards_sensor_sweep_120_cubesizeDR-20260626-215239,TesolloDownwardsRotateZ,TesolloDownwardsRotateZ-20260626-234400-downwardsrotatez_sb_baseline_s0,baseline,0,82,25,1.25,114.952,1.027489,58.8708,0.03531,0.000507,0.0,0.053587,0.399779,0.0,0.019743,0.0,3682863
downwards_rotate,downwards_sensor_sweep_120_cubesizeDR-20260626-215239,TesolloDownwardsRotateZ,TesolloDownwardsRotateZ-20260626-234400-downwardsrotatez_sb_baseline_s0,baseline,0,82,26,1.3,114.952,1.02804,58.9024,0.035265,0.000297,0.0,0.05356,0.399191,0.0,0.023037,0.0,3682863
downwards_rotate,downwards_sensor_sweep_120_cubesizeDR-20260626-215239,TesolloDownwardsRotateZ,TesolloDownwardsRotateZ-20260626-234400-downwardsrotatez_sb_baseline_s0,baseline,0,82,27,1.35,114.952,1.0244,58.6938,0.035246,0.000133,0.0,0.05374,0.398675,0.000136,0.025404,0.0,3682863
downwards_rotate,downwards_sensor_sweep_120_cubesizeDR-20260626-215239,TesolloDownwardsRotateZ,TesolloDownwardsRotateZ-20260626-234400-downwardsrotatez_sb_baseline_s0,baseline,0,82,28,1.4,114.952,1.02003,58.4434,0.035228,0.000281,0.0,0.053958,0.398213,5.8e-05,0.026288,0.0,3682863
downwards_rotate,downwards_sensor_sweep_120_cubesizeDR-20260626-215239,TesolloDownwardsRotateZ,TesolloDownwardsRotateZ-20260626-234400-downwardsrotatez_sb_baseline_s0,baseline,0,82,29,1.45,114.952,1.014519,58.1277,0.035214,0.000531,0.0,0.054235,0.397717,6.2e-05,0.024921,0.0,3682863
downwards_rotate,downwards_sensor_sweep_120_cubesizeDR-20260626-215239,TesolloDownwardsRotateZ,TesolloDownwardsRotateZ-20260626-234400-downwardsrotatez_sb_baseline_s0,baseline,0,82,30,1.5,114.952,1.008449,57.7799,0.035246,0.000117,0.0,0.054544,0.397565,6.5e-05,0.022421,0.0,3682863
downwards_rotate,downwards_sensor_sweep_120_cubesizeDR-20260626-215239,TesolloDownwardsRotateZ,TesolloDownwardsRotateZ-20260626-234400-downwardsrotatez_sb_baseline_s0,baseline,0,82,31,1.55,114.952,1.002624,57.4461,0.035282,0.000142,0.0,0.054843,0.397609,2.4e-05,0.019131,0.0,3682863
downwards_rotate,downwards_sensor_sweep_120_cubesizeDR-20260626-215239,TesolloDownwardsRotateZ,TesolloDownwardsRotateZ-20260626-234400-downwardsrotatez_sb_baseline_s0,baseline,0,82,32,1.6,114.952,0.995435,57.0342,0.035345,0.000112,0.0,0.055217,0.397889,2e-06,0.015668,0.0,3682863
downwards_rotate,downwards_sensor_sweep_120_cubesizeDR-20260626-215239,TesolloDownwardsRotateZ,TesolloDownwardsRotateZ-20260626-234400-downwardsrotatez_sb_baseline_s0,baseline,0,82,33,1.65,114.952,0.992805,56.8835,0.035268,0.000157,0.0,0.055355,0.396654,3.9e-05,0.012598,0.0,3682863
downwards_rotate,downwards_sensor_sweep_120_cubesizeDR-20260626-215239,TesolloDownwardsRotateZ,TesolloDownwardsRotateZ-20260626-234400-downwardsrotatez_sb_baseline_s0,baseline,0,82,34,1.7,114.952,0.990192,56.7338,0.035226,0.001418,0.0,0.055493,0.396303,3.4e-05,0.01032,0.0,3682863
downwards_rotate,downwards_sensor_sweep_120_cubesizeDR-20260626-215239,TesolloDownwardsRotateZ,TesolloDownwardsRotateZ-20260626-234400-downwardsrotatez_sb_baseline_s0,baseline,0,82,35,1.75,114.952,0.986158,56.5027,0.035219,0.001038,0.0,0.055708,0.395773,3.3e-05,0.008815,0.0,3682863
downwards_rotate,downwards_sensor_sweep_120_cubesizeDR-20260626-215239,TesolloDownwardsRotateZ,TesolloDownwardsRotateZ-20260626-234400-downwardsrotatez_sb_baseline_s0,baseline,0,82,36,1.8,114.952,0.981094,56.2125,0.035234,0.000113,0.0,0.055979,0.395292,2e-05,0.007995,0.0,3682863
downwards_rotate,downwards_sensor_sweep_120_cubesizeDR-20260626-215239,TesolloDownwardsRotateZ,TesolloDownwardsRotateZ-20260626-234400-downwardsrotatez_sb_baseline_s0,baseline,0,82,37,1.85,114.952,0.97617,55.9304,0.035226,7.7e-05,0.0,0.056246,0.394827,0.013778,0.007217,0.0,3682863
downwards_rotate,downwards_sensor_sweep_120_cubesizeDR-20260626-215239,TesolloDownwardsRotateZ,TesolloDownwardsRotateZ-20260626-234400-downwardsrotatez_sb_baseline_s0,baseline,0,82,38,1.9,114.952,0.972018,55.6925,0.035191,0.00196,0.0,0.056472,0.394663,0.0,0.006952,0.0,3682863
downwards_rotate,downwards_sensor_sweep_120_cubesizeDR-20260626-215239,TesolloDownwardsRotateZ,TesolloDownwardsRotateZ-20260626-234400-downwardsrotatez_sb_baseline_s0,baseline,0,82,39,1.95,114.952,0.966742,55.3902,0.035183,0.002258,0.0,0.056763,0.39425,9.7e-05,0.006063,0.0,3682863
downwards_rotate,downwards_sensor_sweep_120_cubesizeDR-20260626-215239,TesolloDownwardsRotateZ,TesolloDownwardsRotateZ-20260626-234400-downwardsrotatez_sb_baseline_s0,baseline,0,82,40,2.0,114.952,0.959378,54.9683,0.035241,0.00024,0.0,0.057174,0.393796,2.8e-05,0.005243,0.0,3682863
downwards_rotate,downwards_sensor_sweep_120_cubesizeDR-20260626-215239,TesolloDownwardsRotateZ,TesolloDownwardsRotateZ-20260626-234400-downwardsrotatez_sb_baseline_s0,baseline,0,82,41,2.05,114.952,0.953251,54.6172,0.03526,7.6e-05,0.0,0.05752,0.39352,6e-06,0.004203,0.0,3682863
downwards_rotate,downwards_sensor_sweep_120_cubesizeDR-20260626-215239,TesolloDownwardsRotateZ,TesolloDownwardsRotateZ-20260626-234400-downwardsrotatez_sb_baseline_s0,baseline,0,82,42,2.1,114.952,0.946377,54.2234,0.03527,3.8e-05,0.0,0.057914,0.393113,0.0,0.0035,0.0,3682863
downwards_rotate,downwards_sensor_sweep_120_cubesizeDR-20260626-215239,TesolloDownwardsRotateZ,TesolloDownwardsRotateZ-20260626-234400-downwardsrotatez_sb_baseline_s0,baseline,0,82,43,2.15,114.952,0.938936,53.7971,0.035279,1.2e-05,0.0,0.058346,0.392628,0.0,0.002863,0.0,3682863
downwards_rotate,downwards_sensor_sweep_120_cubesizeDR-20260626-215239,TesolloDownwardsRotateZ,TesolloDownwardsRotateZ-20260626-234400-downwardsrotatez_sb_baseline_s0,baseline,0,82,44,2.2,114.952,0.929752,53.2709,0.035346,0.000142,0.0,0.058888,0.392847,0.0,0.002459,0.0,3682863
downwards_rotate,downwards_sensor_sweep_120_cubesizeDR-20260626-215239,TesolloDownwardsRotateZ,TesolloDownwardsRotateZ-20260626-234400-downwardsrotatez_sb_baseline_s0,baseline,0,82,45,2.25,114.952,0.923471,52.911,0.035319,0.000516,0.0,0.059265,0.392092,0.0,0.001901,0.0,3682863
downwards_rotate,downwards_sensor_sweep_120_cubesizeDR-20260626-215239,TesolloDownwardsRotateZ,TesolloDownwardsRotateZ-20260626-234400-downwardsrotatez_sb_baseline_s0,baseline,0,82,46,2.3,114.952,0.917152,52.549,0.035333,0.000379,0.0,0.059649,0.391724,0.0,0.001588,0.0,3682863
downwards_rotate,downwards_sensor_sweep_120_cubesizeDR-20260626-215239,TesolloDownwardsRotateZ,TesolloDownwardsRotateZ-20260626-234400-downwardsrotatez_sb_baseline_s0,baseline,0,82,47,2.35,114.952,0.909005,52.0821,0.035382,0.00017,0.0,0.060152,0.391631,0.0,0.001436,0.0,3682863
downwards_rotate,downwards_sensor_sweep_120_cubesizeDR-20260626-215239,TesolloDownwardsRotateZ,TesolloDownwardsRotateZ-20260626-234400-downwardsrotatez_sb_baseline_s0,baseline,0,82,48,2.4,114.952,0.902826,51.7281,0.035372,0.000196,0.0,0.060538,0.390993,0.0,0.001189,0.0,3682863
downwards_rotate,downwards_sensor_sweep_120_cubesizeDR-20260626-215239,TesolloDownwardsRotateZ,TesolloDownwardsRotateZ-20260626-234400-downwardsrotatez_sb_baseline_s0,baseline,0,82,49,2.45,114.952,0.896731,51.3789,0.035364,6.4e-05,0.0,0.060925,0.390321,0.0,0.000972,0.0,3682863
downwards_rotate,downwards_sensor_sweep_120_cubesizeDR-20260626-215239,TesolloDownwardsRotateZ,TesolloDownwardsRotateZ-20260626-234400-downwardsrotatez_sb_baseline_s0,baseline,0,82,50,2.5,114.952,0.890645,51.0302,0.03541,0.000708,0.0,0.061316,0.390632,0.0,0.000875,0.0,3682863
downwards_rotate,downwards_sensor_sweep_120_cubesizeDR-20260626-215239,TesolloDownwardsRotateZ,TesolloDownwardsRotateZ-20260626-234400-downwardsrotatez_sb_baseline_s0,baseline,0,82,51,2.55,114.952,0.886293,50.7808,0.035385,0.001195,0.0,0.061598,0.390078,0.0,0.000783,0.0,3682863
downwards_rotate,downwards_sensor_sweep_120_cubesizeDR-20260626-215239,TesolloDownwardsRotateZ,TesolloDownwardsRotateZ-20260626-234400-downwardsrotatez_sb_baseline_s0,baseline,0,82,52,2.6,114.952,0.881095,50.483,0.035399,7.9e-05,0.0,0.061939,0.389439,0.0,0.000743,0.0,3682863
downwards_rotate,downwards_sensor_sweep_120_cubesizeDR-20260626-215239,TesolloDownwardsRotateZ,TesolloDownwardsRotateZ-20260626-234400-downwardsrotatez_sb_baseline_s0,baseline,0,82,53,2.65,114.952,0.87571,50.1745,0.035394,1.7e-05,0.0,0.062296,0.388873,0.0,0.000716,0.0,3682863
downwards_rotate,downwards_sensor_sweep_120_cubesizeDR-20260626-215239,TesolloDownwardsRotateZ,TesolloDownwardsRotateZ-20260626-234400-downwardsrotatez_sb_baseline_s0,baseline,0,82,54,2.7,114.952,0.870043,49.8498,0.035424,0.000155,0.0,0.062677,0.388813,0.0,0.000712,0.0,3682863
downwards_rotate,downwards_sensor_sweep_120_cubesizeDR-20260626-215239,TesolloDownwardsRotateZ,TesolloDownwardsRotateZ-20260626-234400-downwardsrotatez_sb_baseline_s0,baseline,0,82,55,2.75,114.952,0.865227,49.5739,0.035414,0.000257,0.0,0.063003,0.388272,0.0,0.000659,0.0,3682863
downwards_rotate,downwards_sensor_sweep_120_cubesizeDR-20260626-215239,TesolloDownwardsRotateZ,TesolloDownwardsRotateZ-20260626-234400-downwardsrotatez_sb_baseline_s0,baseline,0,82,56,2.8,114.952,0.860157,49.2834,0.035412,2.1e-05,0.0,0.063351,0.387711,0.0,0.000608,0.0,3682863
downwards_rotate,downwards_sensor_sweep_120_cubesizeDR-20260626-215239,TesolloDownwardsRotateZ,TesolloDownwardsRotateZ-20260626-234400-downwardsrotatez_sb_baseline_s0,baseline,0,82,57,2.85,114.952,0.85436,48.9512,0.035433,1e-05,0.0,0.063754,0.387445,0.0,0.000554,0.0,3682863
downwards_rotate,downwards_sensor_sweep_120_cubesizeDR-20260626-215239,TesolloDownwardsRotateZ,TesolloDownwardsRotateZ-20260626-234400-downwardsrotatez_sb_baseline_s0,baseline,0,82,58,2.9,114.952,0.849605,48.6788,0.035423,9e-06,0.0,0.064088,0.386868,0.0,0.000501,0.0,3682863
downwards_rotate,downwards_sensor_sweep_120_cubesizeDR-20260626-215239,TesolloDownwardsRotateZ,TesolloDownwardsRotateZ-20260626-234400-downwardsrotatez_sb_baseline_s0,baseline,0,82,59,2.95,114.952,0.843922,48.3532,0.035429,1.1e-05,0.0,0.064491,0.386404,0.0,0.000426,0.0,3682863
downwards_rotate,downwards_sensor_sweep_120_cubesizeDR-20260626-215239,TesolloDownwardsRotateZ,TesolloDownwardsRotateZ-20260626-234400-downwardsrotatez_sb_baseline_s0,baseline,0,82,60,3.0,114.952,0.840124,48.1356,0.035437,7.5e-05,0.0,0.064764,0.386177,0.0,0.000355,0.0,3682863
downwards_rotate,downwards_sensor_sweep_120_cubesizeDR-20260626-215239,TesolloDownwardsRotateZ,TesolloDownwardsRotateZ-20260626-234400-downwardsrotatez_sb_baseline_s0,baseline,0,82,61,3.05,114.952,0.83582,47.889,0.035427,0.00016,0.0,0.065076,0.385646,0.0,0.00033,0.0,3682863
downwards_rotate,downwards_sensor_sweep_120_cubesizeDR-20260626-215239,TesolloDownwardsRotateZ,TesolloDownwardsRotateZ-20260626-234400-downwardsrotatez_sb_baseline_s0,baseline,0,82,62,3.1,114.952,0.831298,47.6299,0.035439,2.4e-05,0.0,0.065407,0.38533,0.0,0.000311,0.0,3682863
downwards_rotate,downwards_sensor_sweep_120_cubesizeDR-20260626-215239,TesolloDownwardsRotateZ,TesolloDownwardsRotateZ-20260626-234400-downwardsrotatez_sb_baseline_s0,baseline,0,82,63,3.15,114.952,0.826508,47.3554,0.035441,8.5e-05,0.0,0.065761,0.384897,0.0,0.000285,0.0,3682863
downwards_rotate,downwards_sensor_sweep_120_cubesizeDR-20260626-215239,TesolloDownwardsRotateZ,TesolloDownwardsRotateZ-20260626-234400-downwardsrotatez_sb_baseline_s0,baseline,0,82,64,3.2,114.952,0.822266,47.1124,0.035434,9.9e-05,0.0,0.066078,0.384386,0.0,0.000259,0.0,3682863
downwards_rotate,downwards_sensor_sweep_120_cubesizeDR-20260626-215239,TesolloDownwardsRotateZ,TesolloDownwardsRotateZ-20260626-234400-downwardsrotatez_sb_baseline_s0,baseline,0,82,65,3.25,114.952,0.817311,46.8284,0.035437,1.1e-05,0.0,0.066452,0.383903,0.0,0.000239,0.0,3682863
downwards_rotate,downwards_sensor_sweep_120_cubesizeDR-20260626-215239,TesolloDownwardsRotateZ,TesolloDownwardsRotateZ-20260626-234400-downwardsrotatez_sb_baseline_s0,baseline,0,82,66,3.3,114.952,0.813164,46.5909,0.03543,8e-06,0.0,0.066768,0.38338,0.0,0.000217,0.0,3682863
downwards_rotate,downwards_sensor_sweep_120_cubesizeDR-20260626-215239,TesolloDownwardsRotateZ,TesolloDownwardsRotateZ-20260626-234400-downwardsrotatez_sb_baseline_s0,baseline,0,82,67,3.35,114.952,0.808303,46.3124,0.035432,1e-05,0.0,0.067142,0.382911,0.0,0.000187,0.0,3682863
downwards_rotate,downwards_sensor_sweep_120_cubesizeDR-20260626-215239,TesolloDownwardsRotateZ,TesolloDownwardsRotateZ-20260626-234400-downwardsrotatez_sb_baseline_s0,baseline,0,82,68,3.4,114.952,0.805225,46.136,0.035442,7e-05,0.0,0.067382,0.382739,0.0,0.000147,0.0,3682863
downwards_rotate,downwards_sensor_sweep_120_cubesizeDR-20260626-215239,TesolloDownwardsRotateZ,TesolloDownwardsRotateZ-20260626-234400-downwardsrotatez_sb_baseline_s0,baseline,0,82,69,3.45,114.952,0.800971,45.8923,0.035432,0.000156,0.0,0.067715,0.382196,0.0,0.000152,0.0,3682863
downwards_rotate,downwards_sensor_sweep_120_cubesizeDR-20260626-215239,TesolloDownwardsRotateZ,TesolloDownwardsRotateZ-20260626-234400-downwardsrotatez_sb_baseline_s0,baseline,0,82,70,3.5,114.952,0.797108,45.6709,0.035423,1.9e-05,0.0,0.068021,0.381623,0.0,0.00015,0.0,3682863
downwards_rotate,downwards_sensor_sweep_120_cubesizeDR-20260626-215239,TesolloDownwardsRotateZ,TesolloDownwardsRotateZ-20260626-234400-downwardsrotatez_sb_baseline_s0,baseline,0,82,71,3.55,114.952,0.792673,45.4168,0.035425,9e-06,0.0,0.068376,0.38117,0.0,0.000139,0.0,3682863
downwards_rotate,downwards_sensor_sweep_120_cubesizeDR-20260626-215239,TesolloDownwardsRotateZ,TesolloDownwardsRotateZ-20260626-234400-downwardsrotatez_sb_baseline_s0,baseline,0,82,72,3.6,114.952,0.788265,45.1643,0.035423,9e-06,0.0,0.068732,0.380666,0.0,0.000119,0.0,3682863
downwards_rotate,downwards_sensor_sweep_120_cubesizeDR-20260626-215239,TesolloDownwardsRotateZ,TesolloDownwardsRotateZ-20260626-234400-downwardsrotatez_sb_baseline_s0,baseline,0,82,73,3.65,114.952,0.784987,44.9765,0.035424,9.2e-05,0.0,0.068999,0.380352,0.0,9.2e-05,0.0,3682863
downwards_rotate,downwards_sensor_sweep_120_cubesizeDR-20260626-215239,TesolloDownwardsRotateZ,TesolloDownwardsRotateZ-20260626-234400-downwardsrotatez_sb_baseline_s0,baseline,0,82,74,3.7,114.952,0.780508,44.7198,0.035421,0.000158,0.0,0.069368,0.379847,0.0,8.6e-05,0.0,3682863
downwards_rotate,downwards_sensor_sweep_120_cubesizeDR-20260626-215239,TesolloDownwardsRotateZ,TesolloDownwardsRotateZ-20260626-234400-downwardsrotatez_sb_baseline_s0,baseline,0,82,75,3.75,114.952,0.774831,44.3945,0.035446,2.8e-05,0.0,0.06984,0.379498,0.0,7.5e-05,0.0,3682863
downwards_rotate,downwards_sensor_sweep_120_cubesizeDR-20260626-215239,TesolloDownwardsRotateZ,TesolloDownwardsRotateZ-20260626-234400-downwardsrotatez_sb_baseline_s0,baseline,0,82,76,3.8,114.952,0.770026,44.1192,0.035466,7.6e-05,0.0,0.070246,0.379244,0.0,5.7e-05,0.0,3682863
downwards_rotate,downwards_sensor_sweep_120_cubesizeDR-20260626-215239,TesolloDownwardsRotateZ,TesolloDownwardsRotateZ-20260626-234400-downwardsrotatez_sb_baseline_s0,baseline,0,82,77,3.85,114.952,0.765071,43.8353,0.035477,0.000121,0.0,0.070668,0.378845,0.0,5.8e-05,0.0,3682863
downwards_rotate,downwards_sensor_sweep_120_cubesizeDR-20260626-215239,TesolloDownwardsRotateZ,TesolloDownwardsRotateZ-20260626-234400-downwardsrotatez_sb_baseline_s0,baseline,0,82,78,3.9,114.952,0.760202,43.5563,0.035484,1.6e-05,0.0,0.071089,0.378338,0.0,6.1e-05,0.0,3682863
downwards_rotate,downwards_sensor_sweep_120_cubesizeDR-20260626-215239,TesolloDownwardsRotateZ,TesolloDownwardsRotateZ-20260626-234400-downwardsrotatez_sb_baseline_s0,baseline,0,82,79,3.95,114.952,0.755425,43.2827,0.035483,9e-06,0.0,0.071506,0.377763,0.0,6.4e-05,0.0,3682863
downwards_rotate,downwards_sensor_sweep_120_cubesizeDR-20260626-215239,TesolloDownwardsRotateZ,TesolloDownwardsRotateZ-20260626-234400-downwardsrotatez_sb_baseline_s0,baseline,0,82,80,4.0,114.952,0.750769,43.0159,0.035477,1e-05,0.0,0.071918,0.377143,0.0,6.7e-05,0.0,3682863
downwards_rotate,downwards_sensor_sweep_120_cubesizeDR-20260626-215239,TesolloDownwardsRotateZ,TesolloDownwardsRotateZ-20260626-234400-downwardsrotatez_sb_baseline_s0,baseline,0,82,81,4.05,114.952,0.746229,42.7558,0.035468,9e-06,0.0,0.072324,0.376486,0.0,6.9e-05,0.0,3682863
downwards_rotate,downwards_sensor_sweep_120_cubesizeDR-20260626-215239,TesolloDownwardsRotateZ,TesolloDownwardsRotateZ-20260626-234400-downwardsrotatez_sb_baseline_s0,baseline,0,82,82,4.1,114.952,0.741723,42.4976,0.035456,1.1e-05,0.0,0.072731,0.37577,0.0,7.3e-05,0.0,3682863
downwards_rotate,downwards_sensor_sweep_120_cubesizeDR-20260626-215239,TesolloDownwardsRotateZ,TesolloDownwardsRotateZ-20260626-234400-downwardsrotatez_sb_baseline_s0,baseline,0,82,83,4.15,114.952,0.737195,42.2382,0.035439,1.1e-05,0.0,0.073145,0.374999,0.0,7.7e-05,0.0,3682863
downwards_rotate,downwards_sensor_sweep_120_cubesizeDR-20260626-215239,TesolloDownwardsRotateZ,TesolloDownwardsRotateZ-20260626-234400-downwardsrotatez_sb_baseline_s0,baseline,0,82,84,4.2,114.952,0.732819,41.9874,0.035419,1.1e-05,0.0,0.07355,0.374198,0.0,7.4e-05,0.0,3682863
downwards_rotate,downwards_sensor_sweep_120_cubesizeDR-20260626-215239,TesolloDownwardsRotateZ,TesolloDownwardsRotateZ-20260626-234400-downwardsrotatez_sb_baseline_s0,baseline,0,82,85,4.25,114.952,0.72901,41.7692,0.035402,8.4e-05,0.0,0.073906,0.373512,0.0,7.4e-05,0.0,3682863
downwards_rotate,downwards_sensor_sweep_120_cubesizeDR-20260626-215239,TesolloDownwardsRotateZ,TesolloDownwardsRotateZ-20260626-234400-downwardsrotatez_sb_baseline_s0,baseline,0,82,86,4.3,114.952,0.725021,41.5407,0.035383,9.1e-05,0.0,0.074282,0.372766,0.0,8.5e-05,0.0,3682863
downwards_rotate,downwards_sensor_sweep_120_cubesizeDR-20260626-215239,TesolloDownwardsRotateZ,TesolloDownwardsRotateZ-20260626-234400-downwardsrotatez_sb_baseline_s0,baseline,0,82,87,4.35,114.952,0.721338,41.3296,0.035389,1.7e-05,0.0,0.074633,0.372353,0.0,9.7e-05,0.0,3682863
downwards_rotate,downwards_sensor_sweep_120_cubesizeDR-20260626-215239,TesolloDownwardsRotateZ,TesolloDownwardsRotateZ-20260626-234400-downwardsrotatez_sb_baseline_s0,baseline,0,82,88,4.4,114.952,0.717279,41.0971,0.035358,6.6e-05,0.0,0.075024,0.371435,0.0,0.000116,0.0,3682863
downwards_rotate,downwards_sensor_sweep_120_cubesizeDR-20260626-215239,TesolloDownwardsRotateZ,TesolloDownwardsRotateZ-20260626-234400-downwardsrotatez_sb_baseline_s0,baseline,0,82,89,4.45,114.952,0.714994,40.9661,0.035355,0.000463,0.0,0.075245,0.371229,0.0,7.6e-05,0.0,3682863
downwards_rotate,downwards_sensor_sweep_120_cubesizeDR-20260626-215239,TesolloDownwardsRotateZ,TesolloDownwardsRotateZ-20260626-234400-downwardsrotatez_sb_baseline_s0,baseline,0,82,90,4.5,114.952,0.712987,40.8511,0.035415,6.8e-05,0.0,0.075441,0.371631,0.0,7e-05,0.0,3682863
downwards_rotate,downwards_sensor_sweep_120_cubesizeDR-20260626-215239,TesolloDownwardsRotateZ,TesolloDownwardsRotateZ-20260626-234400-downwardsrotatez_sb_baseline_s0,baseline,0,82,91,4.55,114.952,0.71134,40.7568,0.035366,0.000329,0.0,0.075603,0.370852,0.0,9.3e-05,0.0,3682863
downwards_rotate,downwards_sensor_sweep_120_cubesizeDR-20260626-215239,TesolloDownwardsRotateZ,TesolloDownwardsRotateZ-20260626-234400-downwardsrotatez_sb_baseline_s0,baseline,0,82,92,4.6,114.952,0.709942,40.6767,0.035354,0.000698,0.0,0.07574,0.370628,0.0,0.000108,0.0,3682863
downwards_rotate,downwards_sensor_sweep_120_cubesizeDR-20260626-215239,TesolloDownwardsRotateZ,TesolloDownwardsRotateZ-20260626-234400-downwardsrotatez_sb_baseline_s0,baseline,0,82,93,4.65,114.952,0.708384,40.5874,0.035351,0.000758,0.0,0.075894,0.37041,0.0,0.000143,0.0,3682863
downwards_rotate,downwards_sensor_sweep_120_cubesizeDR-20260626-215239,TesolloDownwardsRotateZ,TesolloDownwardsRotateZ-20260626-234400-downwardsrotatez_sb_baseline_s0,baseline,0,82,94,4.7,114.952,0.706539,40.4817,0.035365,3e-05,0.0,0.076077,0.370105,0.0,0.000174,0.0,3682863
downwards_rotate,downwards_sensor_sweep_120_cubesizeDR-20260626-215239,TesolloDownwardsRotateZ,TesolloDownwardsRotateZ-20260626-234400-downwardsrotatez_sb_baseline_s0,baseline,0,82,95,4.75,114.952,0.705762,40.4372,0.035338,0.00036,0.0,0.076155,0.369755,0.0,0.000167,0.0,3682863
downwards_rotate,downwards_sensor_sweep_120_cubesizeDR-20260626-215239,TesolloDownwardsRotateZ,TesolloDownwardsRotateZ-20260626-234400-downwardsrotatez_sb_baseline_s0,baseline,0,82,96,4.8,114.952,0.703894,40.3302,0.035326,0.000317,0.0,0.076341,0.369328,0.0,0.000211,0.0,3682863
downwards_rotate,downwards_sensor_sweep_120_cubesizeDR-20260626-215239,TesolloDownwardsRotateZ,TesolloDownwardsRotateZ-20260626-234400-downwardsrotatez_sb_baseline_s0,baseline,0,82,97,4.85,114.952,0.701655,40.2019,0.03531,2.3e-05,0.0,0.076566,0.368717,0.0,0.000195,0.0,3682863
downwards_rotate,downwards_sensor_sweep_120_cubesizeDR-20260626-215239,TesolloDownwardsRotateZ,TesolloDownwardsRotateZ-20260626-234400-downwardsrotatez_sb_baseline_s0,baseline,0,82,98,4.9,114.952,0.699654,40.0872,0.035277,2.4e-05,0.0,0.076769,0.368018,0.0,0.000173,0.0,3682863
downwards_rotate,downwards_sensor_sweep_120_cubesizeDR-20260626-215239,TesolloDownwardsRotateZ,TesolloDownwardsRotateZ-20260626-234400-downwardsrotatez_sb_baseline_s0,baseline,0,82,99,4.95,114.952,0.697906,39.9871,0.035244,1.1e-05,0.0,0.076946,0.367327,7e-06,0.000132,0.0,3682863
downwards_rotate,downwards_sensor_sweep_120_cubesizeDR-20260626-215239,TesolloDownwardsRotateZ,TesolloDownwardsRotateZ-20260626-234400-downwardsrotatez_sb_baseline_s0,baseline,0,82,100,5.0,114.952,0.696353,39.8981,0.035205,0.000639,0.0,0.077104,0.366808,0.0,0.000259,0.0,3682863
downwards_rotate,downwards_sensor_sweep_120_cubesizeDR-20260626-215239,TesolloDownwardsRotateZ,TesolloDownwardsRotateZ-20260626-234400-downwardsrotatez_sb_baseline_s0,baseline,0,82,101,5.05,114.952,0.694747,39.8061,0.035161,0.000859,0.0,0.077269,0.366073,0.001033,0.00017,0.0,3682863
downwards_rotate,downwards_sensor_sweep_120_cubesizeDR-20260626-215239,TesolloDownwardsRotateZ,TesolloDownwardsRotateZ-20260626-234400-downwardsrotatez_sb_baseline_s0,baseline,0,82,102,5.1,114.952,0.694261,39.7782,0.035093,0.001487,0.0,0.077319,0.365317,0.0,0.0001,0.0,3682863
downwards_rotate,downwards_sensor_sweep_120_cubesizeDR-20260626-215239,TesolloDownwardsRotateZ,TesolloDownwardsRotateZ-20260626-234400-downwardsrotatez_sb_baseline_s0,baseline,0,82,103,5.15,114.952,0.69338,39.7277,0.03507,0.001898,0.0,0.077409,0.365017,0.0,9.9e-05,0.0,3682863
downwards_rotate,downwards_sensor_sweep_120_cubesizeDR-20260626-215239,TesolloDownwardsRotateZ,TesolloDownwardsRotateZ-20260626-234400-downwardsrotatez_sb_baseline_s0,baseline,0,82,104,5.2,114.952,0.692449,39.6744,0.035096,8.4e-05,0.0,0.077505,0.364633,0.0,6.1e-05,0.0,3682863
downwards_rotate,downwards_sensor_sweep_120_cubesizeDR-20260626-215239,TesolloDownwardsRotateZ,TesolloDownwardsRotateZ-20260626-234400-downwardsrotatez_sb_baseline_s0,baseline,0,82,105,5.25,114.952,0.691366,39.6124,0.035057,5.1e-05,0.0,0.077617,0.363952,0.0,5.1e-05,0.0,3682863
downwards_rotate,downwards_sensor_sweep_120_cubesizeDR-20260626-215239,TesolloDownwardsRotateZ,TesolloDownwardsRotateZ-20260626-234400-downwardsrotatez_sb_baseline_s0,baseline,0,82,106,5.3,114.952,0.690737,39.5763,0.035018,1.5e-05,0.0,0.077683,0.36334,0.0,4.2e-05,0.0,3682863
downwards_rotate,downwards_sensor_sweep_120_cubesizeDR-20260626-215239,TesolloDownwardsRotateZ,TesolloDownwardsRotateZ-20260626-234400-downwardsrotatez_sb_baseline_s0,baseline,0,82,107,5.35,114.952,0.689583,39.5102,0.034972,1.2e-05,0.0,0.077802,0.362559,0.0,2.5e-05,0.0,3682863
downwards_rotate,downwards_sensor_sweep_120_cubesizeDR-20260626-215239,TesolloDownwardsRotateZ,TesolloDownwardsRotateZ-20260626-234400-downwardsrotatez_sb_baseline_s0,baseline,0,82,108,5.4,114.952,0.689086,39.4817,0.034911,2.2e-05,0.0,0.077854,0.361685,0.0,2.4e-05,0.0,3682863
downwards_rotate,downwards_sensor_sweep_120_cubesizeDR-20260626-215239,TesolloDownwardsRotateZ,TesolloDownwardsRotateZ-20260626-234400-downwardsrotatez_sb_baseline_s0,baseline,0,82,109,5.45,114.952,0.688021,39.4207,0.034876,1.1e-05,0.0,0.077965,0.361062,0.0,2.3e-05,0.0,3682863
downwards_rotate,downwards_sensor_sweep_120_cubesizeDR-20260626-215239,TesolloDownwardsRotateZ,TesolloDownwardsRotateZ-20260626-234400-downwardsrotatez_sb_baseline_s0,baseline,0,82,110,5.5,114.952,0.687013,39.3629,0.034839,1.5e-05,0.0,0.078071,0.360426,0.0,2.2e-05,0.0,3682863
downwards_rotate,downwards_sensor_sweep_120_cubesizeDR-20260626-215239,TesolloDownwardsRotateZ,TesolloDownwardsRotateZ-20260626-234400-downwardsrotatez_sb_baseline_s0,baseline,0,82,111,5.55,114.952,0.686321,39.3233,0.034807,8e-06,0.0,0.078143,0.359912,0.0,2.1e-05,0.0,3682863
downwards_rotate,downwards_sensor_sweep_120_cubesizeDR-20260626-215239,TesolloDownwardsRotateZ,TesolloDownwardsRotateZ-20260626-234400-downwardsrotatez_sb_baseline_s0,baseline,0,82,112,5.6,114.952,0.685647,39.2847,0.034749,7e-06,0.0,0.078214,0.359032,0.0,2e-05,0.0,3682863
downwards_rotate,downwards_sensor_sweep_120_cubesizeDR-20260626-215239,TesolloDownwardsRotateZ,TesolloDownwardsRotateZ-20260626-234400-downwardsrotatez_sb_baseline_s0,baseline,0,82,113,5.65,114.952,0.685567,39.2801,0.034725,2.8e-05,0.0,0.078223,0.358718,0.0,1.9e-05,0.0,3682863
downwards_rotate,downwards_sensor_sweep_120_cubesizeDR-20260626-215239,TesolloDownwardsRotateZ,TesolloDownwardsRotateZ-20260626-234400-downwardsrotatez_sb_baseline_s0,baseline,0,82,114,5.7,114.952,0.685036,39.2497,0.034681,3.9e-05,0.0,0.078278,0.358058,0.0,1.8e-05,0.0,3682863
downwards_rotate,downwards_sensor_sweep_120_cubesizeDR-20260626-215239,TesolloDownwardsRotateZ,TesolloDownwardsRotateZ-20260626-234400-downwardsrotatez_sb_baseline_s0,baseline,0,82,115,5.75,114.952,0.684706,39.2307,0.034644,1.2e-05,0.0,0.078313,0.357503,0.0,1.8e-05,0.0,3682863
downwards_rotate,downwards_sensor_sweep_120_cubesizeDR-20260626-215239,TesolloDownwardsRotateZ,TesolloDownwardsRotateZ-20260626-234400-downwardsrotatez_sb_baseline_s0,baseline,0,82,116,5.8,114.952,0.684212,39.2025,0.034601,5e-06,0.0,0.078365,0.356868,0.0,1.7e-05,0.0,3682863
downwards_rotate,downwards_sensor_sweep_120_cubesizeDR-20260626-215239,TesolloDownwardsRotateZ,TesolloDownwardsRotateZ-20260626-234400-downwardsrotatez_sb_baseline_s0,baseline,0,82,117,5.85,114.952,0.684104,39.1963,0.034562,1.9e-05,0.0,0.078377,0.356336,0.00045,2e-05,0.0,3682863
downwards_rotate,downwards_sensor_sweep_120_cubesizeDR-20260626-215239,TesolloDownwardsRotateZ,TesolloDownwardsRotateZ-20260626-234400-downwardsrotatez_sb_baseline_s0,baseline,0,82,118,5.9,114.952,0.684613,39.2254,0.034455,0.001553,0.0,0.078323,0.355481,0.0,1.8e-05,0.0,3682863
downwards_rotate,downwards_sensor_sweep_120_cubesizeDR-20260626-215239,TesolloDownwardsRotateZ,TesolloDownwardsRotateZ-20260626-234400-downwardsrotatez_sb_baseline_s0,baseline,0,82,119,5.95,114.952,0.685041,39.2499,0.034428,0.001661,0.0,0.078278,0.355225,0.0,1.8e-05,0.0,3682863
downwards_rotate,downwards_sensor_sweep_120_cubesizeDR-20260626-215239,TesolloDownwardsRotateZ,TesolloDownwardsRotateZ-20260626-215248-downwardsrotatez_sb_forcemagnitude_s0,force.magnitude,0,13,0,0.0,114.654,2.001095,114.6543,-0.013742,0.295394,0.967535,0.000917,0.237744,0.050741,0.08605,0.0,3682863
downwards_rotate,downwards_sensor_sweep_120_cubesizeDR-20260626-215239,TesolloDownwardsRotateZ,TesolloDownwardsRotateZ-20260626-215248-downwardsrotatez_sb_forcemagnitude_s0,force.magnitude,0,13,1,0.05,114.654,2.001095,114.6543,-0.005607,0.012611,0.993638,0.00018,0.26155,0.088742,0.075687,0.0,3682863
downwards_rotate,downwards_sensor_sweep_120_cubesizeDR-20260626-215239,TesolloDownwardsRotateZ,TesolloDownwardsRotateZ-20260626-215248-downwardsrotatez_sb_forcemagnitude_s0,force.magnitude,0,13,2,0.1,114.654,2.001095,114.6543,-0.00391,0.004748,0.998484,4.3e-05,0.283632,0.116376,0.094172,0.0,3682863
downwards_rotate,downwards_sensor_sweep_120_cubesizeDR-20260626-215239,TesolloDownwardsRotateZ,TesolloDownwardsRotateZ-20260626-215248-downwardsrotatez_sb_forcemagnitude_s0,force.magnitude,0,13,3,0.15,114.654,1.99036,114.0392,0.006638,0.002817,0.682072,0.009029,0.30657,0.088233,0.126542,0.0,3682863
downwards_rotate,downwards_sensor_sweep_120_cubesizeDR-20260626-215239,TesolloDownwardsRotateZ,TesolloDownwardsRotateZ-20260626-215248-downwardsrotatez_sb_forcemagnitude_s0,force.magnitude,0,13,4,0.2,114.654,1.957087,112.1328,-0.000591,0.003738,1.0,0.0,0.328691,0.063561,0.142938,0.0,3682863
downwards_rotate,downwards_sensor_sweep_120_cubesizeDR-20260626-215239,TesolloDownwardsRotateZ,TesolloDownwardsRotateZ-20260626-215248-downwardsrotatez_sb_forcemagnitude_s0,force.magnitude,0,13,5,0.25,114.654,1.906083,109.2105,0.001019,0.006588,1.0,0.0,0.350825,0.064332,0.12209,0.0,3682863
downwards_rotate,downwards_sensor_sweep_120_cubesizeDR-20260626-215239,TesolloDownwardsRotateZ,TesolloDownwardsRotateZ-20260626-215248-downwardsrotatez_sb_forcemagnitude_s0,force.magnitude,0,13,6,0.3,114.654,1.873597,107.3492,0.030415,0.016141,0.0,0.030116,0.371888,0.054595,0.079061,0.0,3682863
downwards_rotate,downwards_sensor_sweep_120_cubesizeDR-20260626-215239,TesolloDownwardsRotateZ,TesolloDownwardsRotateZ-20260626-215248-downwardsrotatez_sb_forcemagnitude_s0,force.magnitude,0,13,7,0.35,114.654,1.835426,105.1622,0.003367,0.038152,1.0,0.0,0.391427,0.02839,0.033848,0.0,3682863
downwards_rotate,downwards_sensor_sweep_120_cubesizeDR-20260626-215239,TesolloDownwardsRotateZ,TesolloDownwardsRotateZ-20260626-215248-downwardsrotatez_sb_forcemagnitude_s0,force.magnitude,0,13,8,0.4,114.654,1.797545,102.9917,0.000336,0.164057,1.0,0.0,0.392671,0.019329,0.010482,0.0,3682863
downwards_rotate,downwards_sensor_sweep_120_cubesizeDR-20260626-215239,TesolloDownwardsRotateZ,TesolloDownwardsRotateZ-20260626-215248-downwardsrotatez_sb_forcemagnitude_s0,force.magnitude,0,13,9,0.45,114.654,1.739412,99.661,0.002853,0.070343,1.0,0.0,0.395002,0.094452,0.004392,0.0,3682863
downwards_rotate,downwards_sensor_sweep_120_cubesizeDR-20260626-215239,TesolloDownwardsRotateZ,TesolloDownwardsRotateZ-20260626-215248-downwardsrotatez_sb_forcemagnitude_s0,force.magnitude,0,13,10,0.5,114.654,1.668122,95.5763,0.032802,0.021299,0.0,0.033701,0.399676,0.010775,0.010732,0.0,3682863
downwards_rotate,downwards_sensor_sweep_120_cubesizeDR-20260626-215239,TesolloDownwardsRotateZ,TesolloDownwardsRotateZ-20260626-215248-downwardsrotatez_sb_forcemagnitude_s0,force.magnitude,0,13,11,0.55,114.654,1.618035,92.7066,0.03265,0.022191,0.0,0.034708,0.396713,0.014997,0.017895,0.0,3682863
downwards_rotate,downwards_sensor_sweep_120_cubesizeDR-20260626-215239,TesolloDownwardsRotateZ,TesolloDownwardsRotateZ-20260626-215248-downwardsrotatez_sb_forcemagnitude_s0,force.magnitude,0,13,12,0.6,114.654,1.570024,89.9557,0.033016,0.005902,0.0,0.035731,0.394918,0.008676,0.027125,0.0,3682863
downwards_rotate,downwards_sensor_sweep_120_cubesizeDR-20260626-215239,TesolloDownwardsRotateZ,TesolloDownwardsRotateZ-20260626-215248-downwardsrotatez_sb_forcemagnitude_s0,force.magnitude,0,13,13,0.65,114.654,1.525018,87.3771,0.033029,0.00301,0.0,0.036747,0.392922,0.007634,0.038504,0.0,3682863
downwards_rotate,downwards_sensor_sweep_120_cubesizeDR-20260626-215239,TesolloDownwardsRotateZ,TesolloDownwardsRotateZ-20260626-215248-downwardsrotatez_sb_forcemagnitude_s0,force.magnitude,0,13,14,0.7,114.654,1.481577,84.8881,0.032712,0.011401,0.0,0.037784,0.390251,0.008349,0.049566,0.0,3682863
downwards_rotate,downwards_sensor_sweep_120_cubesizeDR-20260626-215239,TesolloDownwardsRotateZ,TesolloDownwardsRotateZ-20260626-215248-downwardsrotatez_sb_forcemagnitude_s0,force.magnitude,0,13,15,0.75,114.654,1.448303,82.9817,0.03286,0.007089,0.0,0.038618,0.38981,0.004726,0.05942,0.0,3682863
downwards_rotate,downwards_sensor_sweep_120_cubesizeDR-20260626-215239,TesolloDownwardsRotateZ,TesolloDownwardsRotateZ-20260626-215248-downwardsrotatez_sb_forcemagnitude_s0,force.magnitude,0,13,16,0.8,114.654,1.4167,81.1709,0.03259,0.002726,0.0,0.039446,0.383735,0.022167,0.064341,0.0,3682863
downwards_rotate,downwards_sensor_sweep_120_cubesizeDR-20260626-215239,TesolloDownwardsRotateZ,TesolloDownwardsRotateZ-20260626-215248-downwardsrotatez_sb_forcemagnitude_s0,force.magnitude,0,13,17,0.85,114.654,1.390178,79.6514,0.032244,0.004097,0.0,0.040168,0.3786,0.025315,0.062608,0.0,3682863
downwards_rotate,downwards_sensor_sweep_120_cubesizeDR-20260626-215239,TesolloDownwardsRotateZ,TesolloDownwardsRotateZ-20260626-215248-downwardsrotatez_sb_forcemagnitude_s0,force.magnitude,0,13,18,0.9,114.654,1.36305,78.097,0.031952,0.007995,0.0,0.040935,0.374905,0.05085,0.054419,0.0,3682863
downwards_rotate,downwards_sensor_sweep_120_cubesizeDR-20260626-215239,TesolloDownwardsRotateZ,TesolloDownwardsRotateZ-20260626-215248-downwardsrotatez_sb_forcemagnitude_s0,force.magnitude,0,13,19,0.95,114.654,1.339181,76.7294,0.031904,0.006605,0.0,0.041634,0.372748,0.014553,0.048463,0.0,3682863
downwards_rotate,downwards_sensor_sweep_120_cubesizeDR-20260626-215239,TesolloDownwardsRotateZ,TesolloDownwardsRotateZ-20260626-215248-downwardsrotatez_sb_forcemagnitude_s0,force.magnitude,0,13,20,1.0,114.654,1.318639,75.5525,0.031815,0.004502,0.0,0.042255,0.369947,0.024583,0.041472,0.0,3682863
downwards_rotate,downwards_sensor_sweep_120_cubesizeDR-20260626-215239,TesolloDownwardsRotateZ,TesolloDownwardsRotateZ-20260626-215248-downwardsrotatez_sb_forcemagnitude_s0,force.magnitude,0,13,21,1.05,114.654,1.294432,74.1655,0.031708,0.007369,0.0,0.043011,0.36835,0.032319,0.031503,0.0,3682863
downwards_rotate,downwards_sensor_sweep_120_cubesizeDR-20260626-215239,TesolloDownwardsRotateZ,TesolloDownwardsRotateZ-20260626-215248-downwardsrotatez_sb_forcemagnitude_s0,force.magnitude,0,13,22,1.1,114.654,1.273382,72.9594,0.031363,0.019348,0.0,0.043691,0.366721,0.001834,0.026037,0.0,3682863
downwards_rotate,downwards_sensor_sweep_120_cubesizeDR-20260626-215239,TesolloDownwardsRotateZ,TesolloDownwardsRotateZ-20260626-215248-downwardsrotatez_sb_forcemagnitude_s0,force.magnitude,0,13,23,1.15,114.654,1.249808,71.6087,0.03138,0.017767,0.0,0.044479,0.365279,0.005803,0.019342,0.0,3682863
downwards_rotate,downwards_sensor_sweep_120_cubesizeDR-20260626-215239,TesolloDownwardsRotateZ,TesolloDownwardsRotateZ-20260626-215248-downwardsrotatez_sb_forcemagnitude_s0,force.magnitude,0,13,24,1.2,114.654,1.225059,70.1907,0.031652,0.006948,0.0,0.045337,0.364095,0.004782,0.014369,0.0,3682863
downwards_rotate,downwards_sensor_sweep_120_cubesizeDR-20260626-215239,TesolloDownwardsRotateZ,TesolloDownwardsRotateZ-20260626-215248-downwardsrotatez_sb_forcemagnitude_s0,force.magnitude,0,13,25,1.25,114.654,1.195568,68.501,0.031792,0.005067,0.0,0.046403,0.363855,0.000486,0.010344,0.0,3682863
downwards_rotate,downwards_sensor_sweep_120_cubesizeDR-20260626-215239,TesolloDownwardsRotateZ,TesolloDownwardsRotateZ-20260626-215248-downwardsrotatez_sb_forcemagnitude_s0,force.magnitude,0,13,26,1.3,114.654,1.16963,67.0149,0.031234,0.022722,0.0,0.047383,0.360954,0.000472,0.007632,0.0,3682863
downwards_rotate,downwards_sensor_sweep_120_cubesizeDR-20260626-215239,TesolloDownwardsRotateZ,TesolloDownwardsRotateZ-20260626-215248-downwardsrotatez_sb_forcemagnitude_s0,force.magnitude,0,13,27,1.35,114.654,1.139083,65.2646,0.030959,0.035182,0.0,0.048592,0.359789,0.000199,0.005294,0.0,3682863
downwards_rotate,downwards_sensor_sweep_120_cubesizeDR-20260626-215239,TesolloDownwardsRotateZ,TesolloDownwardsRotateZ-20260626-215248-downwardsrotatez_sb_forcemagnitude_s0,force.magnitude,0,13,28,1.4,114.654,1.109674,63.5796,0.031733,0.005092,0.0,0.049816,0.35843,0.002014,0.003053,0.0,3682863
downwards_rotate,downwards_sensor_sweep_120_cubesizeDR-20260626-215239,TesolloDownwardsRotateZ,TesolloDownwardsRotateZ-20260626-215248-downwardsrotatez_sb_forcemagnitude_s0,force.magnitude,0,13,29,1.45,114.654,1.081272,61.9523,0.031885,0.003429,0.0,0.051058,0.358229,0.002439,0.001899,0.0,3682863
downwards_rotate,downwards_sensor_sweep_120_cubesizeDR-20260626-215239,TesolloDownwardsRotateZ,TesolloDownwardsRotateZ-20260626-215248-downwardsrotatez_sb_forcemagnitude_s0,force.magnitude,0,13,30,1.5,114.654,1.055325,60.4656,0.031629,0.016931,0.0,0.052247,0.357718,0.000399,0.001688,0.0,3682863
downwards_rotate,downwards_sensor_sweep_120_cubesizeDR-20260626-215239,TesolloDownwardsRotateZ,TesolloDownwardsRotateZ-20260626-215248-downwardsrotatez_sb_forcemagnitude_s0,force.magnitude,0,13,31,1.55,114.654,1.030876,59.0648,0.031491,0.027506,0.0,0.05342,0.357839,0.000945,0.001207,0.0,3682863
downwards_rotate,downwards_sensor_sweep_120_cubesizeDR-20260626-215239,TesolloDownwardsRotateZ,TesolloDownwardsRotateZ-20260626-215248-downwardsrotatez_sb_forcemagnitude_s0,force.magnitude,0,13,32,1.6,114.654,1.008487,57.782,0.032283,0.00164,0.0,0.054542,0.358269,0.000945,0.0007,0.0,3682863
downwards_rotate,downwards_sensor_sweep_120_cubesizeDR-20260626-215239,TesolloDownwardsRotateZ,TesolloDownwardsRotateZ-20260626-215248-downwardsrotatez_sb_forcemagnitude_s0,force.magnitude,0,13,33,1.65,114.654,0.983168,56.3314,0.032407,0.001283,0.0,0.055868,0.35804,0.001234,0.00046,0.0,3682863
downwards_rotate,downwards_sensor_sweep_120_cubesizeDR-20260626-215239,TesolloDownwardsRotateZ,TesolloDownwardsRotateZ-20260626-215248-downwardsrotatez_sb_forcemagnitude_s0,force.magnitude,0,13,34,1.7,114.654,0.959072,54.9508,0.032362,0.008013,0.0,0.057191,0.357917,0.000929,0.000716,0.0,3682863
downwards_rotate,downwards_sensor_sweep_120_cubesizeDR-20260626-215239,TesolloDownwardsRotateZ,TesolloDownwardsRotateZ-20260626-215248-downwardsrotatez_sb_forcemagnitude_s0,force.magnitude,0,13,35,1.75,114.654,0.939984,53.8571,0.032457,0.011783,0.0,0.058285,0.358974,4.1e-05,0.00038,0.0,3682863
downwards_rotate,downwards_sensor_sweep_120_cubesizeDR-20260626-215239,TesolloDownwardsRotateZ,TesolloDownwardsRotateZ-20260626-215248-downwardsrotatez_sb_forcemagnitude_s0,force.magnitude,0,13,36,1.8,114.654,0.919976,52.7107,0.032916,0.001518,0.0,0.059477,0.36009,2e-06,0.000199,0.0,3682863
downwards_rotate,downwards_sensor_sweep_120_cubesizeDR-20260626-215239,TesolloDownwardsRotateZ,TesolloDownwardsRotateZ-20260626-215248-downwardsrotatez_sb_forcemagnitude_s0,force.magnitude,0,13,37,1.85,114.654,0.903252,51.7526,0.032686,0.019444,0.0,0.060512,0.361636,0.014259,7.2e-05,0.0,3682863
downwards_rotate,downwards_sensor_sweep_120_cubesizeDR-20260626-215239,TesolloDownwardsRotateZ,TesolloDownwardsRotateZ-20260626-215248-downwardsrotatez_sb_forcemagnitude_s0,force.magnitude,0,13,38,1.9,114.654,0.903112,51.7445,0.032711,0.017596,0.0,0.06052,0.361323,0.0,0.000123,0.0,3682863
downwards_rotate,downwards_sensor_sweep_120_cubesizeDR-20260626-215239,TesolloDownwardsRotateZ,TesolloDownwardsRotateZ-20260626-215248-downwardsrotatez_sb_forcemagnitude_s0,force.magnitude,0,13,39,1.95,114.654,0.901944,51.6776,0.03304,0.002405,0.0,0.060594,0.360541,0.0,1.2e-05,0.0,3682863
downwards_rotate,downwards_sensor_sweep_120_cubesizeDR-20260626-215239,TesolloDownwardsRotateZ,TesolloDownwardsRotateZ-20260626-215248-downwardsrotatez_sb_forcemagnitude_s0,force.magnitude,0,13,40,2.0,114.654,0.901595,51.6576,0.032984,0.003659,0.0,0.060616,0.360192,0.0,6.4e-05,0.0,3682863
downwards_rotate,downwards_sensor_sweep_120_cubesizeDR-20260626-215239,TesolloDownwardsRotateZ,TesolloDownwardsRotateZ-20260626-215248-downwardsrotatez_sb_forcemagnitude_s0,force.magnitude,0,13,41,2.05,114.654,0.89821,51.4636,0.032976,0.003862,0.0,0.060831,0.359869,0.0,0.000218,0.0,3682863
downwards_rotate,downwards_sensor_sweep_120_cubesizeDR-20260626-215239,TesolloDownwardsRotateZ,TesolloDownwardsRotateZ-20260626-215248-downwardsrotatez_sb_forcemagnitude_s0,force.magnitude,0,13,42,2.1,114.654,0.897316,51.4124,0.032925,0.005797,0.0,0.060888,0.359749,0.0,0.000205,0.0,3682863
downwards_rotate,downwards_sensor_sweep_120_cubesizeDR-20260626-215239,TesolloDownwardsRotateZ,TesolloDownwardsRotateZ-20260626-215248-downwardsrotatez_sb_forcemagnitude_s0,force.magnitude,0,13,43,2.15,114.654,0.894715,51.2634,0.032653,0.021388,0.0,0.061054,0.361101,0.0,0.000549,0.0,3682863
downwards_rotate,downwards_sensor_sweep_120_cubesizeDR-20260626-215239,TesolloDownwardsRotateZ,TesolloDownwardsRotateZ-20260626-215248-downwardsrotatez_sb_forcemagnitude_s0,force.magnitude,0,13,44,2.2,114.654,0.896376,51.3585,0.033025,0.005334,0.0,0.060948,0.360885,8.8e-05,0.00326,0.0,3682863
downwards_rotate,downwards_sensor_sweep_120_cubesizeDR-20260626-215239,TesolloDownwardsRotateZ,TesolloDownwardsRotateZ-20260626-215248-downwardsrotatez_sb_forcemagnitude_s0,force.magnitude,0,13,45,2.25,114.654,0.896109,51.3433,0.032342,0.031421,0.0,0.060965,0.36046,0.0,0.003279,0.0,3682863
downwards_rotate,downwards_sensor_sweep_120_cubesizeDR-20260626-215239,TesolloDownwardsRotateZ,TesolloDownwardsRotateZ-20260626-215248-downwardsrotatez_sb_forcemagnitude_s0,force.magnitude,0,13,46,2.3,114.654,0.895439,51.3049,0.032888,0.008619,0.0,0.061007,0.360052,0.0,0.001443,0.0,3682863
downwards_rotate,downwards_sensor_sweep_120_cubesizeDR-20260626-215239,TesolloDownwardsRotateZ,TesolloDownwardsRotateZ-20260626-215248-downwardsrotatez_sb_forcemagnitude_s0,force.magnitude,0,13,47,2.35,114.654,0.894041,51.2248,0.032728,0.014421,0.0,0.061097,0.359727,0.0,0.000412,0.0,3682863
downwards_rotate,downwards_sensor_sweep_120_cubesizeDR-20260626-215239,TesolloDownwardsRotateZ,TesolloDownwardsRotateZ-20260626-215248-downwardsrotatez_sb_forcemagnitude_s0,force.magnitude,0,13,48,2.4,114.654,0.890369,51.0144,0.033056,0.001519,0.0,0.061333,0.359475,0.0,6e-06,0.0,3682863
downwards_rotate,downwards_sensor_sweep_120_cubesizeDR-20260626-215239,TesolloDownwardsRotateZ,TesolloDownwardsRotateZ-20260626-215248-downwardsrotatez_sb_forcemagnitude_s0,force.magnitude,0,13,49,2.45,114.654,0.887994,50.8783,0.033083,6.7e-05,0.0,0.061487,0.359148,0.0,7e-06,0.0,3682863
downwards_rotate,downwards_sensor_sweep_120_cubesizeDR-20260626-215239,TesolloDownwardsRotateZ,TesolloDownwardsRotateZ-20260626-215248-downwardsrotatez_sb_forcemagnitude_s0,force.magnitude,0,13,50,2.5,114.654,0.885656,50.7444,0.033081,6.1e-05,0.0,0.06164,0.358918,0.0,9e-06,0.0,3682863
downwards_rotate,downwards_sensor_sweep_120_cubesizeDR-20260626-215239,TesolloDownwardsRotateZ,TesolloDownwardsRotateZ-20260626-215248-downwardsrotatez_sb_forcemagnitude_s0,force.magnitude,0,13,51,2.55,114.654,0.883514,50.6216,0.033079,0.000142,0.0,0.06178,0.358722,0.0,1e-05,0.0,3682863
downwards_rotate,downwards_sensor_sweep_120_cubesizeDR-20260626-215239,TesolloDownwardsRotateZ,TesolloDownwardsRotateZ-20260626-215248-downwardsrotatez_sb_forcemagnitude_s0,force.magnitude,0,13,52,2.6,114.654,0.877546,50.2797,0.033174,5.5e-05,0.0,0.062174,0.35944,0.0,1.3e-05,0.0,3682863
downwards_rotate,downwards_sensor_sweep_120_cubesizeDR-20260626-215239,TesolloDownwardsRotateZ,TesolloDownwardsRotateZ-20260626-215248-downwardsrotatez_sb_forcemagnitude_s0,force.magnitude,0,13,53,2.65,114.654,0.872119,49.9687,0.031182,0.072312,0.0,0.062537,0.356483,0.000165,6e-06,0.0,3682863
downwards_rotate,downwards_sensor_sweep_120_cubesizeDR-20260626-215239,TesolloDownwardsRotateZ,TesolloDownwardsRotateZ-20260626-215248-downwardsrotatez_sb_forcemagnitude_s0,force.magnitude,0,13,54,2.7,114.654,0.869116,49.7967,0.03094,0.081005,0.0,0.062739,0.355885,0.0,4e-06,0.0,3682863
downwards_rotate,downwards_sensor_sweep_120_cubesizeDR-20260626-215239,TesolloDownwardsRotateZ,TesolloDownwardsRotateZ-20260626-215248-downwardsrotatez_sb_forcemagnitude_s0,force.magnitude,0,13,55,2.75,114.654,0.868596,49.7669,0.032911,0.001507,0.0,0.062774,0.355615,0.0,4e-06,0.0,3682863
downwards_rotate,downwards_sensor_sweep_120_cubesizeDR-20260626-215239,TesolloDownwardsRotateZ,TesolloDownwardsRotateZ-20260626-215248-downwardsrotatez_sb_forcemagnitude_s0,force.magnitude,0,13,56,2.8,114.654,0.86804,49.735,0.032762,0.007087,0.0,0.062812,0.355438,0.0,3.1e-05,0.0,3682863
downwards_rotate,downwards_sensor_sweep_120_cubesizeDR-20260626-215239,TesolloDownwardsRotateZ,TesolloDownwardsRotateZ-20260626-215248-downwardsrotatez_sb_forcemagnitude_s0,force.magnitude,0,13,57,2.85,114.654,0.867337,49.6948,0.032834,0.004294,0.0,0.06286,0.355411,0.0,0.000213,0.0,3682863
downwards_rotate,downwards_sensor_sweep_120_cubesizeDR-20260626-215239,TesolloDownwardsRotateZ,TesolloDownwardsRotateZ-20260626-215248-downwardsrotatez_sb_forcemagnitude_s0,force.magnitude,0,13,58,2.9,114.654,0.86667,49.6565,0.032877,0.002732,0.0,0.062905,0.3554,0.0,0.000517,0.0,3682863
downwards_rotate,downwards_sensor_sweep_120_cubesizeDR-20260626-215239,TesolloDownwardsRotateZ,TesolloDownwardsRotateZ-20260626-215248-downwardsrotatez_sb_forcemagnitude_s0,force.magnitude,0,13,59,2.95,114.654,0.865836,49.6088,0.032896,0.002597,0.0,0.062962,0.35554,0.0,0.000913,0.0,3682863
downwards_rotate,downwards_sensor_sweep_120_cubesizeDR-20260626-215239,TesolloDownwardsRotateZ,TesolloDownwardsRotateZ-20260626-215248-downwardsrotatez_sb_forcemagnitude_s0,force.magnitude,0,13,60,3.0,114.654,0.865825,49.6081,0.032772,0.007288,0.0,0.062963,0.355455,0.0,0.000881,0.0,3682863
downwards_rotate,downwards_sensor_sweep_120_cubesizeDR-20260626-215239,TesolloDownwardsRotateZ,TesolloDownwardsRotateZ-20260626-215248-downwardsrotatez_sb_forcemagnitude_s0,force.magnitude,0,13,61,3.05,114.654,0.865882,49.6114,0.032775,0.007895,0.0,0.062959,0.355696,0.0,0.000804,0.0,3682863
downwards_rotate,downwards_sensor_sweep_120_cubesizeDR-20260626-215239,TesolloDownwardsRotateZ,TesolloDownwardsRotateZ-20260626-215248-downwardsrotatez_sb_forcemagnitude_s0,force.magnitude,0,13,62,3.1,114.654,0.864977,49.5595,0.032981,0.000272,0.0,0.06302,0.355825,0.0,0.000841,0.0,3682863
downwards_rotate,downwards_sensor_sweep_120_cubesizeDR-20260626-215239,TesolloDownwardsRotateZ,TesolloDownwardsRotateZ-20260626-215248-downwardsrotatez_sb_forcemagnitude_s0,force.magnitude,0,13,63,3.15,114.654,0.8647,49.5437,0.032847,0.005004,0.0,0.063039,0.355593,0.0,0.000975,0.0,3682863
downwards_rotate,downwards_sensor_sweep_120_cubesizeDR-20260626-215239,TesolloDownwardsRotateZ,TesolloDownwardsRotateZ-20260626-215248-downwardsrotatez_sb_forcemagnitude_s0,force.magnitude,0,13,64,3.2,114.654,0.863823,49.4934,0.032502,0.018531,0.0,0.063099,0.355417,0.0,0.000978,0.0,3682863
downwards_rotate,downwards_sensor_sweep_120_cubesizeDR-20260626-215239,TesolloDownwardsRotateZ,TesolloDownwardsRotateZ-20260626-215248-downwardsrotatez_sb_forcemagnitude_s0,force.magnitude,0,13,65,3.25,114.654,0.862386,49.4111,0.032412,0.021551,0.0,0.063198,0.3551,0.0,0.001154,0.0,3682863
downwards_rotate,downwards_sensor_sweep_120_cubesizeDR-20260626-215239,TesolloDownwardsRotateZ,TesolloDownwardsRotateZ-20260626-215248-downwardsrotatez_sb_forcemagnitude_s0,force.magnitude,0,13,66,3.3,114.654,0.860814,49.321,0.032898,0.001998,0.0,0.063306,0.354914,0.0,0.00127,0.0,3682863
downwards_rotate,downwards_sensor_sweep_120_cubesizeDR-20260626-215239,TesolloDownwardsRotateZ,TesolloDownwardsRotateZ-20260626-215248-downwardsrotatez_sb_forcemagnitude_s0,force.magnitude,0,13,67,3.35,114.654,0.859119,49.2239,0.032948,2.6e-05,0.0,0.063423,0.354763,0.0,0.001281,0.0,3682863
downwards_rotate,downwards_sensor_sweep_120_cubesizeDR-20260626-215239,TesolloDownwardsRotateZ,TesolloDownwardsRotateZ-20260626-215248-downwardsrotatez_sb_forcemagnitude_s0,force.magnitude,0,13,68,3.4,114.654,0.858073,49.164,0.032479,0.018357,0.0,0.063495,0.354566,0.0,0.003842,0.0,3682863
downwards_rotate,downwards_sensor_sweep_120_cubesizeDR-20260626-215239,TesolloDownwardsRotateZ,TesolloDownwardsRotateZ-20260626-215248-downwardsrotatez_sb_forcemagnitude_s0,force.magnitude,0,13,69,3.45,114.654,0.857038,49.1046,0.032543,0.014919,0.0,0.063567,0.354191,0.0,0.005078,0.0,3682863
downwards_rotate,downwards_sensor_sweep_120_cubesizeDR-20260626-215239,TesolloDownwardsRotateZ,TesolloDownwardsRotateZ-20260626-215248-downwardsrotatez_sb_forcemagnitude_s0,force.magnitude,0,13,70,3.5,114.654,0.852056,48.8192,0.03235,0.020039,0.0,0.063915,0.353031,0.12217,0.005678,0.0,3682863
downwards_rotate,downwards_sensor_sweep_120_cubesizeDR-20260626-215239,TesolloDownwardsRotateZ,TesolloDownwardsRotateZ-20260626-215248-downwardsrotatez_sb_forcemagnitude_s0,force.magnitude,0,13,71,3.55,114.654,0.841635,48.2221,0.032134,0.032244,0.0,0.064655,0.353066,0.0,0.005265,0.0,3682863
downwards_rotate,downwards_sensor_sweep_120_cubesizeDR-20260626-215239,TesolloDownwardsRotateZ,TesolloDownwardsRotateZ-20260626-215248-downwardsrotatez_sb_forcemagnitude_s0,force.magnitude,0,13,72,3.6,114.654,0.83436,47.8053,0.032515,0.015388,0.0,0.065182,0.351821,0.0,0.00499,0.0,3682863
downwards_rotate,downwards_sensor_sweep_120_cubesizeDR-20260626-215239,TesolloDownwardsRotateZ,TesolloDownwardsRotateZ-20260626-215248-downwardsrotatez_sb_forcemagnitude_s0,force.magnitude,0,13,73,3.65,114.654,0.833185,47.738,0.032766,0.003173,0.0,0.065268,0.350967,0.0,0.00374,0.0,3682863
downwards_rotate,downwards_sensor_sweep_120_cubesizeDR-20260626-215239,TesolloDownwardsRotateZ,TesolloDownwardsRotateZ-20260626-215248-downwardsrotatez_sb_forcemagnitude_s0,force.magnitude,0,13,74,3.7,114.654,0.832792,47.7155,0.032733,0.002917,0.0,0.065297,0.350382,0.0,0.002725,0.0,3682863
downwards_rotate,downwards_sensor_sweep_120_cubesizeDR-20260626-215239,TesolloDownwardsRotateZ,TesolloDownwardsRotateZ-20260626-215248-downwardsrotatez_sb_forcemagnitude_s0,force.magnitude,0,13,75,3.75,114.654,0.831366,47.6338,0.032741,0.004466,0.0,0.065402,0.350858,0.0,0.002354,0.0,3682863
downwards_rotate,downwards_sensor_sweep_120_cubesizeDR-20260626-215239,TesolloDownwardsRotateZ,TesolloDownwardsRotateZ-20260626-215248-downwardsrotatez_sb_forcemagnitude_s0,force.magnitude,0,13,76,3.8,114.654,0.831164,47.6222,0.032664,0.00518,0.0,0.065417,0.35005,0.0,0.001965,0.0,3682863
downwards_rotate,downwards_sensor_sweep_120_cubesizeDR-20260626-215239,TesolloDownwardsRotateZ,TesolloDownwardsRotateZ-20260626-215248-downwardsrotatez_sb_forcemagnitude_s0,force.magnitude,0,13,77,3.85,114.654,0.830741,47.598,0.03275,0.000139,0.0,0.065448,0.349465,0.0,0.001601,0.0,3682863
downwards_rotate,downwards_sensor_sweep_120_cubesizeDR-20260626-215239,TesolloDownwardsRotateZ,TesolloDownwardsRotateZ-20260626-215248-downwardsrotatez_sb_forcemagnitude_s0,force.magnitude,0,13,78,3.9,114.654,0.830693,47.5952,0.032712,6.1e-05,0.0,0.065451,0.348934,0.0,0.001375,0.0,3682863
downwards_rotate,downwards_sensor_sweep_120_cubesizeDR-20260626-215239,TesolloDownwardsRotateZ,TesolloDownwardsRotateZ-20260626-215248-downwardsrotatez_sb_forcemagnitude_s0,force.magnitude,0,13,79,3.95,114.654,0.830353,47.5757,0.032548,0.005667,0.0,0.065476,0.348591,0.0,0.002075,0.0,3682863
downwards_rotate,downwards_sensor_sweep_120_cubesizeDR-20260626-215239,TesolloDownwardsRotateZ,TesolloDownwardsRotateZ-20260626-215248-downwardsrotatez_sb_forcemagnitude_s0,force.magnitude,0,13,80,4.0,114.654,0.83029,47.5721,0.032398,0.009194,0.0,0.065481,0.347875,0.081913,0.002811,0.0,3682863
downwards_rotate,downwards_sensor_sweep_120_cubesizeDR-20260626-215239,TesolloDownwardsRotateZ,TesolloDownwardsRotateZ-20260626-215248-downwardsrotatez_sb_forcemagnitude_s0,force.magnitude,0,13,81,4.05,114.654,0.82995,47.5527,0.03211,0.019442,0.0,0.065506,0.347302,0.0,0.001929,0.0,3682863
downwards_rotate,downwards_sensor_sweep_120_cubesizeDR-20260626-215239,TesolloDownwardsRotateZ,TesolloDownwardsRotateZ-20260626-215248-downwardsrotatez_sb_forcemagnitude_s0,force.magnitude,0,13,82,4.1,114.654,0.829756,47.5415,0.032292,0.009449,0.0,0.06552,0.346382,0.0,0.002274,0.0,3682863
downwards_rotate,downwards_sensor_sweep_120_cubesizeDR-20260626-215239,TesolloDownwardsRotateZ,TesolloDownwardsRotateZ-20260626-215248-downwardsrotatez_sb_forcemagnitude_s0,force.magnitude,0,13,83,4.15,114.654,0.828669,47.4792,0.03222,0.010141,0.0,0.065601,0.345561,0.0,0.003202,0.0,3682863
downwards_rotate,downwards_sensor_sweep_120_cubesizeDR-20260626-215239,TesolloDownwardsRotateZ,TesolloDownwardsRotateZ-20260626-215248-downwardsrotatez_sb_forcemagnitude_s0,force.magnitude,0,13,84,4.2,114.654,0.827415,47.4074,0.032182,0.010613,0.0,0.065693,0.345091,0.0,0.004161,0.0,3682863
downwards_rotate,downwards_sensor_sweep_120_cubesizeDR-20260626-215239,TesolloDownwardsRotateZ,TesolloDownwardsRotateZ-20260626-215248-downwardsrotatez_sb_forcemagnitude_s0,force.magnitude,0,13,85,4.25,114.654,0.826132,47.3339,0.03244,0.000139,0.0,0.065789,0.344932,0.0,0.004911,0.0,3682863
downwards_rotate,downwards_sensor_sweep_120_cubesizeDR-20260626-215239,TesolloDownwardsRotateZ,TesolloDownwardsRotateZ-20260626-215248-downwardsrotatez_sb_forcemagnitude_s0,force.magnitude,0,13,86,4.3,114.654,0.82538,47.2908,0.032436,7e-05,0.0,0.065845,0.344776,0.0,0.005248,0.0,3682863
downwards_rotate,downwards_sensor_sweep_120_cubesizeDR-20260626-215239,TesolloDownwardsRotateZ,TesolloDownwardsRotateZ-20260626-215248-downwardsrotatez_sb_forcemagnitude_s0,force.magnitude,0,13,87,4.35,114.654,0.824565,47.2441,0.032362,0.002266,0.0,0.065906,0.344454,0.0,0.005696,0.0,3682863
downwards_rotate,downwards_sensor_sweep_120_cubesizeDR-20260626-215239,TesolloDownwardsRotateZ,TesolloDownwardsRotateZ-20260626-215248-downwardsrotatez_sb_forcemagnitude_s0,force.magnitude,0,13,88,4.4,114.654,0.822719,47.1383,0.032419,0.002768,0.0,0.066044,0.345213,0.0,0.00679,0.0,3682863
downwards_rotate,downwards_sensor_sweep_120_cubesizeDR-20260626-215239,TesolloDownwardsRotateZ,TesolloDownwardsRotateZ-20260626-215248-downwardsrotatez_sb_forcemagnitude_s0,force.magnitude,0,13,89,4.45,114.654,0.823313,47.1724,0.032371,0.003684,0.0,0.065999,0.34493,0.0,0.006949,0.0,3682863
downwards_rotate,downwards_sensor_sweep_120_cubesizeDR-20260626-215239,TesolloDownwardsRotateZ,TesolloDownwardsRotateZ-20260626-215248-downwardsrotatez_sb_forcemagnitude_s0,force.magnitude,0,13,90,4.5,114.654,0.82466,47.2496,0.032421,0.000345,0.0,0.065898,0.344605,0.0,0.005991,0.0,3682863
downwards_rotate,downwards_sensor_sweep_120_cubesizeDR-20260626-215239,TesolloDownwardsRotateZ,TesolloDownwardsRotateZ-20260626-215248-downwardsrotatez_sb_forcemagnitude_s0,force.magnitude,0,13,91,4.55,114.654,0.826153,47.3351,0.032376,0.000334,0.0,0.065787,0.344139,0.0,0.005131,0.0,3682863
downwards_rotate,downwards_sensor_sweep_120_cubesizeDR-20260626-215239,TesolloDownwardsRotateZ,TesolloDownwardsRotateZ-20260626-215248-downwardsrotatez_sb_forcemagnitude_s0,force.magnitude,0,13,92,4.6,114.654,0.827768,47.4276,0.032337,8.1e-05,0.0,0.065667,0.34369,0.0,0.004616,0.0,3682863
downwards_rotate,downwards_sensor_sweep_120_cubesizeDR-20260626-215239,TesolloDownwardsRotateZ,TesolloDownwardsRotateZ-20260626-215248-downwardsrotatez_sb_forcemagnitude_s0,force.magnitude,0,13,93,4.65,114.654,0.829414,47.5219,0.032297,0.000113,0.0,0.065546,0.34333,0.0,0.004402,0.0,3682863
downwards_rotate,downwards_sensor_sweep_120_cubesizeDR-20260626-215239,TesolloDownwardsRotateZ,TesolloDownwardsRotateZ-20260626-215248-downwardsrotatez_sb_forcemagnitude_s0,force.magnitude,0,13,94,4.7,114.654,0.831954,47.6674,0.032111,0.007473,0.0,0.065358,0.343561,0.0,0.004665,0.0,3682863
downwards_rotate,downwards_sensor_sweep_120_cubesizeDR-20260626-215239,TesolloDownwardsRotateZ,TesolloDownwardsRotateZ-20260626-215248-downwardsrotatez_sb_forcemagnitude_s0,force.magnitude,0,13,95,4.75,114.654,0.8339,47.7789,0.032097,0.009228,0.0,0.065216,0.344138,0.0,0.004061,0.0,3682863
downwards_rotate,downwards_sensor_sweep_120_cubesizeDR-20260626-215239,TesolloDownwardsRotateZ,TesolloDownwardsRotateZ-20260626-215248-downwardsrotatez_sb_forcemagnitude_s0,force.magnitude,0,13,96,4.8,114.654,0.836451,47.9251,0.032264,0.000513,0.0,0.06503,0.343707,0.0,0.003677,0.0,3682863
downwards_rotate,downwards_sensor_sweep_120_cubesizeDR-20260626-215239,TesolloDownwardsRotateZ,TesolloDownwardsRotateZ-20260626-215248-downwardsrotatez_sb_forcemagnitude_s0,force.magnitude,0,13,97,4.85,114.654,0.839335,48.0904,0.032224,0.00028,0.0,0.064821,0.343357,0.0,0.003048,0.0,3682863
downwards_rotate,downwards_sensor_sweep_120_cubesizeDR-20260626-215239,TesolloDownwardsRotateZ,TesolloDownwardsRotateZ-20260626-215248-downwardsrotatez_sb_forcemagnitude_s0,force.magnitude,0,13,98,4.9,114.654,0.842666,48.2812,0.032177,0.000226,0.0,0.064581,0.343021,0.0,0.00216,0.0,3682863
downwards_rotate,downwards_sensor_sweep_120_cubesizeDR-20260626-215239,TesolloDownwardsRotateZ,TesolloDownwardsRotateZ-20260626-215248-downwardsrotatez_sb_forcemagnitude_s0,force.magnitude,0,13,99,4.95,114.654,0.846036,48.4743,0.032131,0.000387,0.0,0.064341,0.342774,0.0,0.001555,0.0,3682863
downwards_rotate,downwards_sensor_sweep_120_cubesizeDR-20260626-215239,TesolloDownwardsRotateZ,TesolloDownwardsRotateZ-20260626-215248-downwardsrotatez_sb_forcemagnitude_s0,force.magnitude,0,13,100,5.0,114.654,0.848834,48.6346,0.031907,0.006679,0.0,0.064142,0.342154,0.0,0.001641,0.0,3682863
downwards_rotate,downwards_sensor_sweep_120_cubesizeDR-20260626-215239,TesolloDownwardsRotateZ,TesolloDownwardsRotateZ-20260626-215248-downwardsrotatez_sb_forcemagnitude_s0,force.magnitude,0,13,101,5.05,114.654,0.85196,48.8137,0.03187,0.007507,0.0,0.063922,0.342219,0.0,0.001213,0.0,3682863
downwards_rotate,downwards_sensor_sweep_120_cubesizeDR-20260626-215239,TesolloDownwardsRotateZ,TesolloDownwardsRotateZ-20260626-215248-downwardsrotatez_sb_forcemagnitude_s0,force.magnitude,0,13,102,5.1,114.654,0.85542,49.012,0.032019,0.000808,0.0,0.06368,0.342294,0.0,0.001024,0.0,3682863
downwards_rotate,downwards_sensor_sweep_120_cubesizeDR-20260626-215239,TesolloDownwardsRotateZ,TesolloDownwardsRotateZ-20260626-215248-downwardsrotatez_sb_forcemagnitude_s0,force.magnitude,0,13,103,5.15,114.654,0.859116,49.2237,0.031979,0.001716,0.0,0.063423,0.342403,0.0,0.000814,0.0,3682863
downwards_rotate,downwards_sensor_sweep_120_cubesizeDR-20260626-215239,TesolloDownwardsRotateZ,TesolloDownwardsRotateZ-20260626-215248-downwardsrotatez_sb_forcemagnitude_s0,force.magnitude,0,13,104,5.2,114.654,0.863029,49.4479,0.031929,0.002964,0.0,0.063154,0.342508,0.0,0.000741,0.0,3682863
downwards_rotate,downwards_sensor_sweep_120_cubesizeDR-20260626-215239,TesolloDownwardsRotateZ,TesolloDownwardsRotateZ-20260626-215248-downwardsrotatez_sb_forcemagnitude_s0,force.magnitude,0,13,105,5.25,114.654,0.866989,49.6748,0.031961,0.000921,0.0,0.062883,0.342618,0.0,0.000683,0.0,3682863
downwards_rotate,downwards_sensor_sweep_120_cubesizeDR-20260626-215239,TesolloDownwardsRotateZ,TesolloDownwardsRotateZ-20260626-215248-downwardsrotatez_sb_forcemagnitude_s0,force.magnitude,0,13,106,5.3,114.654,0.871226,49.9176,0.031903,0.001629,0.0,0.062597,0.342462,0.0,0.000663,0.0,3682863
downwards_rotate,downwards_sensor_sweep_120_cubesizeDR-20260626-215239,TesolloDownwardsRotateZ,TesolloDownwardsRotateZ-20260626-215248-downwardsrotatez_sb_forcemagnitude_s0,force.magnitude,0,13,107,5.35,114.654,0.875546,50.1651,0.031894,0.000817,0.0,0.062307,0.342457,0.0,0.000671,0.0,3682863
downwards_rotate,downwards_sensor_sweep_120_cubesizeDR-20260626-215239,TesolloDownwardsRotateZ,TesolloDownwardsRotateZ-20260626-215248-downwardsrotatez_sb_forcemagnitude_s0,force.magnitude,0,13,108,5.4,114.654,0.879697,50.4029,0.031837,0.002105,0.0,0.062031,0.342497,0.0,0.000688,0.0,3682863
downwards_rotate,downwards_sensor_sweep_120_cubesizeDR-20260626-215239,TesolloDownwardsRotateZ,TesolloDownwardsRotateZ-20260626-215248-downwardsrotatez_sb_forcemagnitude_s0,force.magnitude,0,13,109,5.45,114.654,0.883634,50.6285,0.031867,5.1e-05,0.0,0.061772,0.342564,0.0,0.000784,0.0,3682863
downwards_rotate,downwards_sensor_sweep_120_cubesizeDR-20260626-215239,TesolloDownwardsRotateZ,TesolloDownwardsRotateZ-20260626-215248-downwardsrotatez_sb_forcemagnitude_s0,force.magnitude,0,13,110,5.5,114.654,0.887486,50.8492,0.031823,0.000879,0.0,0.06152,0.342587,0.0,0.000897,0.0,3682863
downwards_rotate,downwards_sensor_sweep_120_cubesizeDR-20260626-215239,TesolloDownwardsRotateZ,TesolloDownwardsRotateZ-20260626-215248-downwardsrotatez_sb_forcemagnitude_s0,force.magnitude,0,13,111,5.55,114.654,0.891474,51.0777,0.031796,0.000968,0.0,0.061262,0.342599,0.0,0.000895,0.0,3682863
downwards_rotate,downwards_sensor_sweep_120_cubesizeDR-20260626-215239,TesolloDownwardsRotateZ,TesolloDownwardsRotateZ-20260626-215248-downwardsrotatez_sb_forcemagnitude_s0,force.magnitude,0,13,112,5.6,114.654,0.895457,51.3059,0.03178,0.000818,0.0,0.061006,0.342678,0.0,0.000888,0.0,3682863
downwards_rotate,downwards_sensor_sweep_120_cubesizeDR-20260626-215239,TesolloDownwardsRotateZ,TesolloDownwardsRotateZ-20260626-215248-downwardsrotatez_sb_forcemagnitude_s0,force.magnitude,0,13,113,5.65,114.654,0.899896,51.5602,0.031616,0.005984,0.0,0.060724,0.342615,0.0,0.002483,0.0,3682863
downwards_rotate,downwards_sensor_sweep_120_cubesizeDR-20260626-215239,TesolloDownwardsRotateZ,TesolloDownwardsRotateZ-20260626-215248-downwardsrotatez_sb_forcemagnitude_s0,force.magnitude,0,13,114,5.7,114.654,0.903703,51.7783,0.031575,0.005952,0.0,0.060483,0.34238,0.0,0.002743,0.0,3682863
downwards_rotate,downwards_sensor_sweep_120_cubesizeDR-20260626-215239,TesolloDownwardsRotateZ,TesolloDownwardsRotateZ-20260626-215248-downwardsrotatez_sb_forcemagnitude_s0,force.magnitude,0,13,115,5.75,114.654,0.907496,51.9957,0.031594,0.004169,0.0,0.060246,0.34235,0.0,0.002688,0.0,3682863
downwards_rotate,downwards_sensor_sweep_120_cubesizeDR-20260626-215239,TesolloDownwardsRotateZ,TesolloDownwardsRotateZ-20260626-215248-downwardsrotatez_sb_forcemagnitude_s0,force.magnitude,0,13,116,5.8,114.654,0.911409,52.2199,0.031648,0.001188,0.0,0.060003,0.342393,0.0,0.00249,0.0,3682863
downwards_rotate,downwards_sensor_sweep_120_cubesizeDR-20260626-215239,TesolloDownwardsRotateZ,TesolloDownwardsRotateZ-20260626-215248-downwardsrotatez_sb_forcemagnitude_s0,force.magnitude,0,13,117,5.85,114.654,0.91561,52.4606,0.031607,0.002039,0.0,0.059744,0.342466,0.0,0.001564,0.0,3682863
downwards_rotate,downwards_sensor_sweep_120_cubesizeDR-20260626-215239,TesolloDownwardsRotateZ,TesolloDownwardsRotateZ-20260626-215248-downwardsrotatez_sb_forcemagnitude_s0,force.magnitude,0,13,118,5.9,114.654,0.919863,52.7042,0.031594,0.001705,0.0,0.059484,0.342528,0.0,0.001176,0.0,3682863
downwards_rotate,downwards_sensor_sweep_120_cubesizeDR-20260626-215239,TesolloDownwardsRotateZ,TesolloDownwardsRotateZ-20260626-215248-downwardsrotatez_sb_forcemagnitude_s0,force.magnitude,0,13,119,5.95,114.654,0.923869,52.9338,0.031601,0.000243,0.0,0.059241,0.342452,0.0,0.000861,0.0,3682863
downwards_rotate,downwards_sensor_sweep_120_cubesizeDR-20260626-215239,TesolloDownwardsRotateZ,TesolloDownwardsRotateZ-20260626-215248-downwardsrotatez_sb_forcemagnitude_s0,force.magnitude,0,74,0,0.0,114.39,1.996485,114.3902,-0.013947,0.294914,0.967535,0.000919,0.234844,0.05047,0.086044,0.0,3682863
downwards_rotate,downwards_sensor_sweep_120_cubesizeDR-20260626-215239,TesolloDownwardsRotateZ,TesolloDownwardsRotateZ-20260626-215248-downwardsrotatez_sb_forcemagnitude_s0,force.magnitude,0,74,1,0.05,114.39,1.996485,114.3902,-0.005846,0.012702,0.993638,0.00018,0.258387,0.088911,0.075641,0.0,3682863
downwards_rotate,downwards_sensor_sweep_120_cubesizeDR-20260626-215239,TesolloDownwardsRotateZ,TesolloDownwardsRotateZ-20260626-215248-downwardsrotatez_sb_forcemagnitude_s0,force.magnitude,0,74,2,0.1,114.39,1.996485,114.3902,-0.004203,0.004773,1.0,0.0,0.280221,0.104884,0.089433,0.0,3682863
downwards_rotate,downwards_sensor_sweep_120_cubesizeDR-20260626-215239,TesolloDownwardsRotateZ,TesolloDownwardsRotateZ-20260626-215248-downwardsrotatez_sb_forcemagnitude_s0,force.magnitude,0,74,3,0.15,114.39,1.964834,112.5767,-0.002579,0.004178,1.0,0.0,0.301903,0.083681,0.109031,0.0,3682863
downwards_rotate,downwards_sensor_sweep_120_cubesizeDR-20260626-215239,TesolloDownwardsRotateZ,TesolloDownwardsRotateZ-20260626-215248-downwardsrotatez_sb_forcemagnitude_s0,force.magnitude,0,74,4,0.2,114.39,1.931506,110.6671,-0.001252,0.004871,1.0,0.0,0.319824,0.055546,0.110986,0.0,3682863
downwards_rotate,downwards_sensor_sweep_120_cubesizeDR-20260626-215239,TesolloDownwardsRotateZ,TesolloDownwardsRotateZ-20260626-215248-downwardsrotatez_sb_forcemagnitude_s0,force.magnitude,0,74,5,0.25,114.39,1.888584,108.2079,0.000156,0.005735,1.0,0.0,0.338672,0.062039,0.095269,0.0,3682863
downwards_rotate,downwards_sensor_sweep_120_cubesizeDR-20260626-215239,TesolloDownwardsRotateZ,TesolloDownwardsRotateZ-20260626-215248-downwardsrotatez_sb_forcemagnitude_s0,force.magnitude,0,74,6,0.3,114.39,1.836952,105.2496,0.002489,0.008096,1.0,0.0,0.370193,0.050141,0.067887,0.0,3682863
downwards_rotate,downwards_sensor_sweep_120_cubesizeDR-20260626-215239,TesolloDownwardsRotateZ,TesolloDownwardsRotateZ-20260626-215248-downwardsrotatez_sb_forcemagnitude_s0,force.magnitude,0,74,7,0.35,114.39,1.786898,102.3817,0.003587,0.014216,1.0,0.0,0.38627,0.04945,0.022508,0.0,3682863
downwards_rotate,downwards_sensor_sweep_120_cubesizeDR-20260626-215239,TesolloDownwardsRotateZ,TesolloDownwardsRotateZ-20260626-215248-downwardsrotatez_sb_forcemagnitude_s0,force.magnitude,0,74,8,0.4,114.39,1.748565,100.1854,0.003227,0.049725,1.0,0.0,0.393127,0.02303,0.011761,0.0,3682863
downwards_rotate,downwards_sensor_sweep_120_cubesizeDR-20260626-215239,TesolloDownwardsRotateZ,TesolloDownwardsRotateZ-20260626-215248-downwardsrotatez_sb_forcemagnitude_s0,force.magnitude,0,74,9,0.45,114.39,1.699473,97.3726,0.012405,0.039709,0.687826,0.010333,0.394275,0.014118,0.008968,0.0,3682863
downwards_rotate,downwards_sensor_sweep_120_cubesizeDR-20260626-215239,TesolloDownwardsRotateZ,TesolloDownwardsRotateZ-20260626-215248-downwardsrotatez_sb_forcemagnitude_s0,force.magnitude,0,74,10,0.5,114.39,1.631946,93.5036,0.026182,0.014217,0.236051,0.026297,0.397691,0.012921,0.016634,0.0,3682863
downwards_rotate,downwards_sensor_sweep_120_cubesizeDR-20260626-215239,TesolloDownwardsRotateZ,TesolloDownwardsRotateZ-20260626-215248-downwardsrotatez_sb_forcemagnitude_s0,force.magnitude,0,74,11,0.55,114.39,1.580722,90.5687,0.012542,0.009542,0.712236,0.010215,0.394542,0.009529,0.024994,0.0,3682863
downwards_rotate,downwards_sensor_sweep_120_cubesizeDR-20260626-215239,TesolloDownwardsRotateZ,TesolloDownwardsRotateZ-20260626-215248-downwardsrotatez_sb_forcemagnitude_s0,force.magnitude,0,74,12,0.6,114.39,1.535302,87.9663,0.032964,0.005509,0.0,0.03651,0.393147,0.008133,0.034508,0.0,3682863
downwards_rotate,downwards_sensor_sweep_120_cubesizeDR-20260626-215239,TesolloDownwardsRotateZ,TesolloDownwardsRotateZ-20260626-215248-downwardsrotatez_sb_forcemagnitude_s0,force.magnitude,0,74,13,0.65,114.39,1.497952,85.8263,0.032959,0.001633,0.0,0.037386,0.390761,0.006757,0.044844,0.0,3682863
downwards_rotate,downwards_sensor_sweep_120_cubesizeDR-20260626-215239,TesolloDownwardsRotateZ,TesolloDownwardsRotateZ-20260626-215248-downwardsrotatez_sb_forcemagnitude_s0,force.magnitude,0,74,14,0.7,114.39,1.457861,83.5293,0.03267,0.01059,0.0,0.038375,0.388679,0.006954,0.053316,0.0,3682863
downwards_rotate,downwards_sensor_sweep_120_cubesizeDR-20260626-215239,TesolloDownwardsRotateZ,TesolloDownwardsRotateZ-20260626-215248-downwardsrotatez_sb_forcemagnitude_s0,force.magnitude,0,74,15,0.75,114.39,1.427071,81.7652,0.032721,0.001491,0.0,0.03917,0.38537,0.021544,0.059848,0.0,3682863
downwards_rotate,downwards_sensor_sweep_120_cubesizeDR-20260626-215239,TesolloDownwardsRotateZ,TesolloDownwardsRotateZ-20260626-215248-downwardsrotatez_sb_forcemagnitude_s0,force.magnitude,0,74,16,0.8,114.39,1.406085,80.5627,0.032354,0.007012,0.0,0.039732,0.381572,0.020183,0.059281,0.0,3682863
downwards_rotate,downwards_sensor_sweep_120_cubesizeDR-20260626-215239,TesolloDownwardsRotateZ,TesolloDownwardsRotateZ-20260626-215248-downwardsrotatez_sb_forcemagnitude_s0,force.magnitude,0,74,17,0.85,114.39,1.384992,79.3542,0.032242,0.002203,0.0,0.040312,0.377634,0.0437,0.052687,0.0,3682863
downwards_rotate,downwards_sensor_sweep_120_cubesizeDR-20260626-215239,TesolloDownwardsRotateZ,TesolloDownwardsRotateZ-20260626-215248-downwardsrotatez_sb_forcemagnitude_s0,force.magnitude,0,74,18,0.9,114.39,1.359503,77.8938,0.032121,0.002796,0.0,0.041037,0.375184,0.020924,0.049405,0.0,3682863
downwards_rotate,downwards_sensor_sweep_120_cubesizeDR-20260626-215239,TesolloDownwardsRotateZ,TesolloDownwardsRotateZ-20260626-215248-downwardsrotatez_sb_forcemagnitude_s0,force.magnitude,0,74,19,0.95,114.39,1.333119,76.3821,0.031857,0.012578,0.0,0.041815,0.373811,0.019554,0.043878,0.0,3682863
downwards_rotate,downwards_sensor_sweep_120_cubesizeDR-20260626-215239,TesolloDownwardsRotateZ,TesolloDownwardsRotateZ-20260626-215248-downwardsrotatez_sb_forcemagnitude_s0,force.magnitude,0,74,20,1.0,114.39,1.309118,75.0069,0.031073,0.039333,0.0,0.042549,0.371152,0.006358,0.034832,0.0,3682863
downwards_rotate,downwards_sensor_sweep_120_cubesizeDR-20260626-215239,TesolloDownwardsRotateZ,TesolloDownwardsRotateZ-20260626-215248-downwardsrotatez_sb_forcemagnitude_s0,force.magnitude,0,74,21,1.05,114.39,1.287467,73.7664,0.030528,0.053813,0.0,0.043234,0.367705,0.003159,0.027913,0.0,3682863
downwards_rotate,downwards_sensor_sweep_120_cubesizeDR-20260626-215239,TesolloDownwardsRotateZ,TesolloDownwardsRotateZ-20260626-215248-downwardsrotatez_sb_forcemagnitude_s0,force.magnitude,0,74,22,1.1,114.39,1.264711,72.4626,0.031737,0.004955,0.0,0.043978,0.366464,0.002601,0.021907,0.0,3682863
downwards_rotate,downwards_sensor_sweep_120_cubesizeDR-20260626-215239,TesolloDownwardsRotateZ,TesolloDownwardsRotateZ-20260626-215248-downwardsrotatez_sb_forcemagnitude_s0,force.magnitude,0,74,23,1.15,114.39,1.242761,71.2049,0.031721,0.005818,0.0,0.04472,0.36548,0.003322,0.016606,0.0,3682863
downwards_rotate,downwards_sensor_sweep_120_cubesizeDR-20260626-215239,TesolloDownwardsRotateZ,TesolloDownwardsRotateZ-20260626-215248-downwardsrotatez_sb_forcemagnitude_s0,force.magnitude,0,74,24,1.2,114.39,1.219283,69.8598,0.031393,0.021743,0.0,0.045542,0.365344,0.061159,0.011858,0.0,3682863
downwards_rotate,downwards_sensor_sweep_120_cubesizeDR-20260626-215239,TesolloDownwardsRotateZ,TesolloDownwardsRotateZ-20260626-215248-downwardsrotatez_sb_forcemagnitude_s0,force.magnitude,0,74,25,1.25,114.39,1.192297,68.3136,0.031121,0.031505,0.0,0.046524,0.363559,0.015774,0.00908,0.0,3682863
downwards_rotate,downwards_sensor_sweep_120_cubesizeDR-20260626-215239,TesolloDownwardsRotateZ,TesolloDownwardsRotateZ-20260626-215248-downwardsrotatez_sb_forcemagnitude_s0,force.magnitude,0,74,26,1.3,114.39,1.163538,66.6658,0.030869,0.034169,0.0,0.04762,0.359577,0.000222,0.006617,0.0,3682863
downwards_rotate,downwards_sensor_sweep_120_cubesizeDR-20260626-215239,TesolloDownwardsRotateZ,TesolloDownwardsRotateZ-20260626-215248-downwardsrotatez_sb_forcemagnitude_s0,force.magnitude,0,74,27,1.35,114.39,1.133061,64.9196,0.031605,0.00918,0.0,0.048838,0.35941,0.00105,0.004571,0.0,3682863
downwards_rotate,downwards_sensor_sweep_120_cubesizeDR-20260626-215239,TesolloDownwardsRotateZ,TesolloDownwardsRotateZ-20260626-215248-downwardsrotatez_sb_forcemagnitude_s0,force.magnitude,0,74,28,1.4,114.39,1.104311,63.2724,0.031811,0.009757,0.0,0.050046,0.36072,0.000243,0.003264,0.0,3682863
downwards_rotate,downwards_sensor_sweep_120_cubesizeDR-20260626-215239,TesolloDownwardsRotateZ,TesolloDownwardsRotateZ-20260626-215248-downwardsrotatez_sb_forcemagnitude_s0,force.magnitude,0,74,29,1.45,114.39,1.076187,61.661,0.031553,0.022358,0.0,0.051287,0.3598,0.000576,0.002051,0.0,3682863
downwards_rotate,downwards_sensor_sweep_120_cubesizeDR-20260626-215239,TesolloDownwardsRotateZ,TesolloDownwardsRotateZ-20260626-215248-downwardsrotatez_sb_forcemagnitude_s0,force.magnitude,0,74,30,1.5,114.39,1.049103,60.1092,0.032146,0.003431,0.0,0.052541,0.359721,0.000828,0.001457,0.0,3682863
downwards_rotate,downwards_sensor_sweep_120_cubesizeDR-20260626-215239,TesolloDownwardsRotateZ,TesolloDownwardsRotateZ-20260626-215248-downwardsrotatez_sb_forcemagnitude_s0,force.magnitude,0,74,31,1.55,114.39,1.021854,58.5479,0.032077,0.012367,0.0,0.053867,0.360012,0.000186,0.001167,0.0,3682863
downwards_rotate,downwards_sensor_sweep_120_cubesizeDR-20260626-215239,TesolloDownwardsRotateZ,TesolloDownwardsRotateZ-20260626-215248-downwardsrotatez_sb_forcemagnitude_s0,force.magnitude,0,74,32,1.6,114.39,0.999765,57.2823,0.031878,0.026816,0.0,0.054991,0.360666,3.9e-05,0.000786,0.0,3682863
downwards_rotate,downwards_sensor_sweep_120_cubesizeDR-20260626-215239,TesolloDownwardsRotateZ,TesolloDownwardsRotateZ-20260626-215248-downwardsrotatez_sb_forcemagnitude_s0,force.magnitude,0,74,33,1.65,114.39,0.978012,56.036,0.032553,0.003936,0.0,0.056146,0.360497,0.00033,0.000601,0.0,3682863
downwards_rotate,downwards_sensor_sweep_120_cubesizeDR-20260626-215239,TesolloDownwardsRotateZ,TesolloDownwardsRotateZ-20260626-215248-downwardsrotatez_sb_forcemagnitude_s0,force.magnitude,0,74,34,1.7,114.39,0.957965,54.8873,0.032809,0.000169,0.0,0.057253,0.361174,5e-05,0.000453,0.0,3682863
downwards_rotate,downwards_sensor_sweep_120_cubesizeDR-20260626-215239,TesolloDownwardsRotateZ,TesolloDownwardsRotateZ-20260626-215248-downwardsrotatez_sb_forcemagnitude_s0,force.magnitude,0,74,35,1.75,114.39,0.93451,53.5435,0.033033,0.000316,0.0,0.058606,0.362413,0.0,0.000321,0.0,3682863
downwards_rotate,downwards_sensor_sweep_120_cubesizeDR-20260626-215239,TesolloDownwardsRotateZ,TesolloDownwardsRotateZ-20260626-215248-downwardsrotatez_sb_forcemagnitude_s0,force.magnitude,0,74,36,1.8,114.39,0.918205,52.6093,0.033126,0.00115,0.0,0.059585,0.362617,0.0,0.000243,0.0,3682863
downwards_rotate,downwards_sensor_sweep_120_cubesizeDR-20260626-215239,TesolloDownwardsRotateZ,TesolloDownwardsRotateZ-20260626-215248-downwardsrotatez_sb_forcemagnitude_s0,force.magnitude,0,74,37,1.85,114.39,0.915536,52.4564,0.032953,0.005817,0.0,0.059748,0.361646,0.0,0.000304,0.0,3682863
downwards_rotate,downwards_sensor_sweep_120_cubesizeDR-20260626-215239,TesolloDownwardsRotateZ,TesolloDownwardsRotateZ-20260626-215248-downwardsrotatez_sb_forcemagnitude_s0,force.magnitude,0,74,38,1.9,114.39,0.912244,52.2677,0.032897,0.006688,0.0,0.059951,0.360921,0.0,0.000378,0.0,3682863
downwards_rotate,downwards_sensor_sweep_120_cubesizeDR-20260626-215239,TesolloDownwardsRotateZ,TesolloDownwardsRotateZ-20260626-215248-downwardsrotatez_sb_forcemagnitude_s0,force.magnitude,0,74,39,1.95,114.39,0.905598,51.8869,0.033195,0.000872,0.0,0.060364,0.362414,0.0,0.000514,0.0,3682863
downwards_rotate,downwards_sensor_sweep_120_cubesizeDR-20260626-215239,TesolloDownwardsRotateZ,TesolloDownwardsRotateZ-20260626-215248-downwardsrotatez_sb_forcemagnitude_s0,force.magnitude,0,74,40,2.0,114.39,0.904353,51.8156,0.032787,0.013826,0.0,0.060442,0.361185,0.0,0.000108,0.0,3682863
downwards_rotate,downwards_sensor_sweep_120_cubesizeDR-20260626-215239,TesolloDownwardsRotateZ,TesolloDownwardsRotateZ-20260626-215248-downwardsrotatez_sb_forcemagnitude_s0,force.magnitude,0,74,41,2.05,114.39,0.90385,51.7868,0.032961,0.004078,0.0,0.060474,0.360201,0.0,2.1e-05,0.0,3682863
downwards_rotate,downwards_sensor_sweep_120_cubesizeDR-20260626-215239,TesolloDownwardsRotateZ,TesolloDownwardsRotateZ-20260626-215248-downwardsrotatez_sb_forcemagnitude_s0,force.magnitude,0,74,42,2.1,114.39,0.902163,51.6901,0.032886,0.004959,0.0,0.06058,0.35936,0.0,8e-06,0.0,3682863
downwards_rotate,downwards_sensor_sweep_120_cubesizeDR-20260626-215239,TesolloDownwardsRotateZ,TesolloDownwardsRotateZ-20260626-215248-downwardsrotatez_sb_forcemagnitude_s0,force.magnitude,0,74,43,2.15,114.39,0.900569,51.5988,0.03293,0.001773,0.0,0.060681,0.358745,0.0,9e-06,0.0,3682863
downwards_rotate,downwards_sensor_sweep_120_cubesizeDR-20260626-215239,TesolloDownwardsRotateZ,TesolloDownwardsRotateZ-20260626-215248-downwardsrotatez_sb_forcemagnitude_s0,force.magnitude,0,74,44,2.2,114.39,0.899129,51.5163,0.032935,0.00044,0.0,0.060772,0.358249,0.0,9e-06,0.0,3682863
downwards_rotate,downwards_sensor_sweep_120_cubesizeDR-20260626-215239,TesolloDownwardsRotateZ,TesolloDownwardsRotateZ-20260626-215248-downwardsrotatez_sb_forcemagnitude_s0,force.magnitude,0,74,45,2.25,114.39,0.89804,51.4539,0.032897,0.001339,0.0,0.060841,0.35795,0.0,1e-05,0.0,3682863
downwards_rotate,downwards_sensor_sweep_120_cubesizeDR-20260626-215239,TesolloDownwardsRotateZ,TesolloDownwardsRotateZ-20260626-215248-downwardsrotatez_sb_forcemagnitude_s0,force.magnitude,0,74,46,2.3,114.39,0.89715,51.4029,0.032922,0.000158,0.0,0.060898,0.357812,0.0,1.1e-05,0.0,3682863
downwards_rotate,downwards_sensor_sweep_120_cubesizeDR-20260626-215239,TesolloDownwardsRotateZ,TesolloDownwardsRotateZ-20260626-215248-downwardsrotatez_sb_forcemagnitude_s0,force.magnitude,0,74,47,2.35,114.39,0.896823,51.3842,0.032396,0.021291,0.0,0.060919,0.357819,0.0,0.000184,0.0,3682863
downwards_rotate,downwards_sensor_sweep_120_cubesizeDR-20260626-215239,TesolloDownwardsRotateZ,TesolloDownwardsRotateZ-20260626-215248-downwardsrotatez_sb_forcemagnitude_s0,force.magnitude,0,74,48,2.4,114.39,0.897273,51.4099,0.032929,0.000236,0.0,0.06089,0.357954,0.0,0.000855,0.0,3682863
downwards_rotate,downwards_sensor_sweep_120_cubesizeDR-20260626-215239,TesolloDownwardsRotateZ,TesolloDownwardsRotateZ-20260626-215248-downwardsrotatez_sb_forcemagnitude_s0,force.magnitude,0,74,49,2.45,114.39,0.894277,51.2383,0.032348,0.024627,0.0,0.061082,0.358088,0.0,0.001515,0.0,3682863
downwards_rotate,downwards_sensor_sweep_120_cubesizeDR-20260626-215239,TesolloDownwardsRotateZ,TesolloDownwardsRotateZ-20260626-215248-downwardsrotatez_sb_forcemagnitude_s0,force.magnitude,0,74,50,2.5,114.39,0.892273,51.1235,0.032954,0.000762,0.0,0.061211,0.358052,0.0,0.001881,0.0,3682863
downwards_rotate,downwards_sensor_sweep_120_cubesizeDR-20260626-215239,TesolloDownwardsRotateZ,TesolloDownwardsRotateZ-20260626-215248-downwardsrotatez_sb_forcemagnitude_s0,force.magnitude,0,74,51,2.55,114.39,0.88907,50.94,0.032938,0.001431,0.0,0.061418,0.357789,0.0,0.001684,0.0,3682863
downwards_rotate,downwards_sensor_sweep_120_cubesizeDR-20260626-215239,TesolloDownwardsRotateZ,TesolloDownwardsRotateZ-20260626-215248-downwardsrotatez_sb_forcemagnitude_s0,force.magnitude,0,74,52,2.6,114.39,0.886128,50.7714,0.032939,0.001611,0.0,0.061609,0.357596,0.0,0.001123,0.0,3682863
downwards_rotate,downwards_sensor_sweep_120_cubesizeDR-20260626-215239,TesolloDownwardsRotateZ,TesolloDownwardsRotateZ-20260626-215248-downwardsrotatez_sb_forcemagnitude_s0,force.magnitude,0,74,53,2.65,114.39,0.883516,50.6217,0.032979,7.5e-05,0.0,0.06178,0.357387,0.0,0.000647,0.0,3682863
downwards_rotate,downwards_sensor_sweep_120_cubesizeDR-20260626-215239,TesolloDownwardsRotateZ,TesolloDownwardsRotateZ-20260626-215248-downwardsrotatez_sb_forcemagnitude_s0,force.magnitude,0,74,54,2.7,114.39,0.881204,50.4893,0.032978,6.6e-05,0.0,0.061932,0.357161,0.0,0.000398,0.0,3682863
downwards_rotate,downwards_sensor_sweep_120_cubesizeDR-20260626-215239,TesolloDownwardsRotateZ,TesolloDownwardsRotateZ-20260626-215248-downwardsrotatez_sb_forcemagnitude_s0,force.magnitude,0,74,55,2.75,114.39,0.879056,50.3662,0.03297,0.000272,0.0,0.062074,0.356927,0.0,0.000307,0.0,3682863
downwards_rotate,downwards_sensor_sweep_120_cubesizeDR-20260626-215239,TesolloDownwardsRotateZ,TesolloDownwardsRotateZ-20260626-215248-downwardsrotatez_sb_forcemagnitude_s0,force.magnitude,0,74,56,2.8,114.39,0.877026,50.2499,0.032967,0.000219,0.0,0.062209,0.356698,0.0,0.000351,0.0,3682863
downwards_rotate,downwards_sensor_sweep_120_cubesizeDR-20260626-215239,TesolloDownwardsRotateZ,TesolloDownwardsRotateZ-20260626-215248-downwardsrotatez_sb_forcemagnitude_s0,force.magnitude,0,74,57,2.85,114.39,0.874701,50.1167,0.032933,0.001429,0.0,0.062364,0.356442,0.0,0.000364,0.0,3682863
downwards_rotate,downwards_sensor_sweep_120_cubesizeDR-20260626-215239,TesolloDownwardsRotateZ,TesolloDownwardsRotateZ-20260626-215248-downwardsrotatez_sb_forcemagnitude_s0,force.magnitude,0,74,58,2.9,114.39,0.872656,49.9995,0.032926,0.001575,0.0,0.062501,0.356212,0.0,0.000545,0.0,3682863
downwards_rotate,downwards_sensor_sweep_120_cubesizeDR-20260626-215239,TesolloDownwardsRotateZ,TesolloDownwardsRotateZ-20260626-215248-downwardsrotatez_sb_forcemagnitude_s0,force.magnitude,0,74,59,2.95,114.39,0.870878,49.8976,0.032947,0.000588,0.0,0.06262,0.356006,0.0,0.0009,0.0,3682863
downwards_rotate,downwards_sensor_sweep_120_cubesizeDR-20260626-215239,TesolloDownwardsRotateZ,TesolloDownwardsRotateZ-20260626-215248-downwardsrotatez_sb_forcemagnitude_s0,force.magnitude,0,74,60,3.0,114.39,0.869241,49.8038,0.032942,0.000633,0.0,0.062731,0.355811,0.0,0.001353,0.0,3682863
downwards_rotate,downwards_sensor_sweep_120_cubesizeDR-20260626-215239,TesolloDownwardsRotateZ,TesolloDownwardsRotateZ-20260626-215248-downwardsrotatez_sb_forcemagnitude_s0,force.magnitude,0,74,61,3.05,114.39,0.867697,49.7154,0.032954,2.9e-05,0.0,0.062835,0.355644,0.0,0.001801,0.0,3682863
downwards_rotate,downwards_sensor_sweep_120_cubesizeDR-20260626-215239,TesolloDownwardsRotateZ,TesolloDownwardsRotateZ-20260626-215248-downwardsrotatez_sb_forcemagnitude_s0,force.magnitude,0,74,62,3.1,114.39,0.866179,49.6284,0.032953,1.9e-05,0.0,0.062939,0.355491,0.0,0.002143,0.0,3682863
downwards_rotate,downwards_sensor_sweep_120_cubesizeDR-20260626-215239,TesolloDownwardsRotateZ,TesolloDownwardsRotateZ-20260626-215248-downwardsrotatez_sb_forcemagnitude_s0,force.magnitude,0,74,63,3.15,114.39,0.864661,49.5414,0.032951,1.8e-05,0.0,0.063042,0.355332,0.0,0.002322,0.0,3682863
downwards_rotate,downwards_sensor_sweep_120_cubesizeDR-20260626-215239,TesolloDownwardsRotateZ,TesolloDownwardsRotateZ-20260626-215248-downwardsrotatez_sb_forcemagnitude_s0,force.magnitude,0,74,64,3.2,114.39,0.863122,49.4532,0.032948,1.8e-05,0.0,0.063147,0.355151,0.0,0.002343,0.0,3682863
downwards_rotate,downwards_sensor_sweep_120_cubesizeDR-20260626-215239,TesolloDownwardsRotateZ,TesolloDownwardsRotateZ-20260626-215248-downwardsrotatez_sb_forcemagnitude_s0,force.magnitude,0,74,65,3.25,114.39,0.861554,49.3634,0.032943,2.3e-05,0.0,0.063255,0.354939,0.0,0.002261,0.0,3682863
downwards_rotate,downwards_sensor_sweep_120_cubesizeDR-20260626-215239,TesolloDownwardsRotateZ,TesolloDownwardsRotateZ-20260626-215248-downwardsrotatez_sb_forcemagnitude_s0,force.magnitude,0,74,66,3.3,114.39,0.860755,49.3176,0.032642,0.011657,0.0,0.06331,0.354755,0.0,0.004253,0.0,3682863
downwards_rotate,downwards_sensor_sweep_120_cubesizeDR-20260626-215239,TesolloDownwardsRotateZ,TesolloDownwardsRotateZ-20260626-215248-downwardsrotatez_sb_forcemagnitude_s0,force.magnitude,0,74,67,3.35,114.39,0.859356,49.2375,0.032542,0.014898,0.0,0.063407,0.354377,0.0,0.004354,0.0,3682863
downwards_rotate,downwards_sensor_sweep_120_cubesizeDR-20260626-215239,TesolloDownwardsRotateZ,TesolloDownwardsRotateZ-20260626-215248-downwardsrotatez_sb_forcemagnitude_s0,force.magnitude,0,74,68,3.4,114.39,0.857768,49.1465,0.032885,0.000648,0.0,0.063516,0.354048,0.0,0.003603,0.0,3682863
downwards_rotate,downwards_sensor_sweep_120_cubesizeDR-20260626-215239,TesolloDownwardsRotateZ,TesolloDownwardsRotateZ-20260626-215248-downwardsrotatez_sb_forcemagnitude_s0,force.magnitude,0,74,69,3.45,114.39,0.856226,49.0581,0.03289,9.5e-05,0.0,0.063624,0.353772,0.0,0.002635,0.0,3682863
downwards_rotate,downwards_sensor_sweep_120_cubesizeDR-20260626-215239,TesolloDownwardsRotateZ,TesolloDownwardsRotateZ-20260626-215248-downwardsrotatez_sb_forcemagnitude_s0,force.magnitude,0,74,70,3.5,114.39,0.854707,48.9711,0.032834,0.001938,0.0,0.063729,0.353492,0.0,0.002686,0.0,3682863
downwards_rotate,downwards_sensor_sweep_120_cubesizeDR-20260626-215239,TesolloDownwardsRotateZ,TesolloDownwardsRotateZ-20260626-215248-downwardsrotatez_sb_forcemagnitude_s0,force.magnitude,0,74,71,3.55,114.39,0.853089,48.8784,0.032657,0.008179,0.0,0.063843,0.353054,0.0,0.00192,0.0,3682863
downwards_rotate,downwards_sensor_sweep_120_cubesizeDR-20260626-215239,TesolloDownwardsRotateZ,TesolloDownwardsRotateZ-20260626-215248-downwardsrotatez_sb_forcemagnitude_s0,force.magnitude,0,74,72,3.6,114.39,0.851493,48.7869,0.032605,0.009534,0.0,0.063955,0.352658,0.0,0.00158,0.0,3682863
downwards_rotate,downwards_sensor_sweep_120_cubesizeDR-20260626-215239,TesolloDownwardsRotateZ,TesolloDownwardsRotateZ-20260626-215248-downwardsrotatez_sb_forcemagnitude_s0,force.magnitude,0,74,73,3.65,114.39,0.850158,48.7105,0.032816,0.0002,0.0,0.064049,0.352238,0.0,0.001279,0.0,3682863
downwards_rotate,downwards_sensor_sweep_120_cubesizeDR-20260626-215239,TesolloDownwardsRotateZ,TesolloDownwardsRotateZ-20260626-215248-downwardsrotatez_sb_forcemagnitude_s0,force.magnitude,0,74,74,3.7,114.39,0.849049,48.6469,0.032782,4.8e-05,0.0,0.064127,0.351742,0.082934,0.00139,0.0,3682863
downwards_rotate,downwards_sensor_sweep_120_cubesizeDR-20260626-215239,TesolloDownwardsRotateZ,TesolloDownwardsRotateZ-20260626-215248-downwardsrotatez_sb_forcemagnitude_s0,force.magnitude,0,74,75,3.75,114.39,0.848078,48.5913,0.03244,0.011603,0.0,0.064196,0.350811,0.0,0.000535,0.0,3682863
downwards_rotate,downwards_sensor_sweep_120_cubesizeDR-20260626-215239,TesolloDownwardsRotateZ,TesolloDownwardsRotateZ-20260626-215248-downwardsrotatez_sb_forcemagnitude_s0,force.magnitude,0,74,76,3.8,114.39,0.847576,48.5625,0.032156,0.01958,0.0,0.064231,0.349652,0.0,0.001637,0.0,3682863
downwards_rotate,downwards_sensor_sweep_120_cubesizeDR-20260626-215239,TesolloDownwardsRotateZ,TesolloDownwardsRotateZ-20260626-215248-downwardsrotatez_sb_forcemagnitude_s0,force.magnitude,0,74,77,3.85,114.39,0.846778,48.5168,0.032515,0.003887,0.0,0.064288,0.349147,0.0,0.002849,0.0,3682863
downwards_rotate,downwards_sensor_sweep_120_cubesizeDR-20260626-215239,TesolloDownwardsRotateZ,TesolloDownwardsRotateZ-20260626-215248-downwardsrotatez_sb_forcemagnitude_s0,force.magnitude,0,74,78,3.9,114.39,0.84613,48.4797,0.032589,6.3e-05,0.0,0.064334,0.348816,0.0,0.003697,0.0,3682863
downwards_rotate,downwards_sensor_sweep_120_cubesizeDR-20260626-215239,TesolloDownwardsRotateZ,TesolloDownwardsRotateZ-20260626-215248-downwardsrotatez_sb_forcemagnitude_s0,force.magnitude,0,74,79,3.95,114.39,0.845613,48.45,0.03257,3.3e-05,0.0,0.064371,0.348508,0.0,0.004045,0.0,3682863
downwards_rotate,downwards_sensor_sweep_120_cubesizeDR-20260626-215239,TesolloDownwardsRotateZ,TesolloDownwardsRotateZ-20260626-215248-downwardsrotatez_sb_forcemagnitude_s0,force.magnitude,0,74,80,4.0,114.39,0.845102,48.4208,0.032548,3.5e-05,0.0,0.064407,0.348161,0.0,0.004005,0.0,3682863
downwards_rotate,downwards_sensor_sweep_120_cubesizeDR-20260626-215239,TesolloDownwardsRotateZ,TesolloDownwardsRotateZ-20260626-215248-downwardsrotatez_sb_forcemagnitude_s0,force.magnitude,0,74,81,4.05,114.39,0.844219,48.3702,0.032581,6.4e-05,0.0,0.06447,0.348527,0.0,0.003798,0.0,3682863
downwards_rotate,downwards_sensor_sweep_120_cubesizeDR-20260626-215239,TesolloDownwardsRotateZ,TesolloDownwardsRotateZ-20260626-215248-downwardsrotatez_sb_forcemagnitude_s0,force.magnitude,0,74,82,4.1,114.39,0.844091,48.3629,0.032528,0.000185,0.0,0.064479,0.347849,0.0,0.003643,0.0,3682863
downwards_rotate,downwards_sensor_sweep_120_cubesizeDR-20260626-215239,TesolloDownwardsRotateZ,TesolloDownwardsRotateZ-20260626-215248-downwardsrotatez_sb_forcemagnitude_s0,force.magnitude,0,74,83,4.15,114.39,0.844854,48.4066,0.032136,0.013449,0.0,0.064425,0.347159,0.0,0.007354,0.0,3682863
downwards_rotate,downwards_sensor_sweep_120_cubesizeDR-20260626-215239,TesolloDownwardsRotateZ,TesolloDownwardsRotateZ-20260626-215248-downwardsrotatez_sb_forcemagnitude_s0,force.magnitude,0,74,84,4.2,114.39,0.845191,48.4259,0.032101,0.012879,0.0,0.064401,0.346552,0.0,0.008542,0.0,3682863
downwards_rotate,downwards_sensor_sweep_120_cubesizeDR-20260626-215239,TesolloDownwardsRotateZ,TesolloDownwardsRotateZ-20260626-215248-downwardsrotatez_sb_forcemagnitude_s0,force.magnitude,0,74,85,4.25,114.39,0.845209,48.4269,0.032387,0.000308,0.0,0.064399,0.346171,0.0,0.007713,0.0,3682863
downwards_rotate,downwards_sensor_sweep_120_cubesizeDR-20260626-215239,TesolloDownwardsRotateZ,TesolloDownwardsRotateZ-20260626-215248-downwardsrotatez_sb_forcemagnitude_s0,force.magnitude,0,74,86,4.3,114.39,0.846455,48.4983,0.03218,0.006891,0.0,0.064311,0.345741,0.0,0.009417,0.0,3682863
downwards_rotate,downwards_sensor_sweep_120_cubesizeDR-20260626-215239,TesolloDownwardsRotateZ,TesolloDownwardsRotateZ-20260626-215248-downwardsrotatez_sb_forcemagnitude_s0,force.magnitude,0,74,87,4.35,114.39,0.846814,48.5189,0.032165,0.006073,0.0,0.064285,0.345288,0.0,0.008258,0.0,3682863
downwards_rotate,downwards_sensor_sweep_120_cubesizeDR-20260626-215239,TesolloDownwardsRotateZ,TesolloDownwardsRotateZ-20260626-215248-downwardsrotatez_sb_forcemagnitude_s0,force.magnitude,0,74,88,4.4,114.39,0.846903,48.524,0.032289,0.000254,0.0,0.064279,0.344975,0.0,0.006109,0.0,3682863
downwards_rotate,downwards_sensor_sweep_120_cubesizeDR-20260626-215239,TesolloDownwardsRotateZ,TesolloDownwardsRotateZ-20260626-215248-downwardsrotatez_sb_forcemagnitude_s0,force.magnitude,0,74,89,4.45,114.39,0.845997,48.4721,0.032197,0.00529,0.0,0.064343,0.345302,0.0,0.00298,0.0,3682863
downwards_rotate,downwards_sensor_sweep_120_cubesizeDR-20260626-215239,TesolloDownwardsRotateZ,TesolloDownwardsRotateZ-20260626-215248-downwardsrotatez_sb_forcemagnitude_s0,force.magnitude,0,74,90,4.5,114.39,0.845651,48.4522,0.032138,0.005643,0.0,0.064368,0.344588,0.0,0.001804,0.0,3682863
downwards_rotate,downwards_sensor_sweep_120_cubesizeDR-20260626-215239,TesolloDownwardsRotateZ,TesolloDownwardsRotateZ-20260626-215248-downwardsrotatez_sb_forcemagnitude_s0,force.magnitude,0,74,91,4.55,114.39,0.844518,48.3873,0.032201,0.00141,0.0,0.064449,0.343907,0.0,0.001356,0.0,3682863
downwards_rotate,downwards_sensor_sweep_120_cubesizeDR-20260626-215239,TesolloDownwardsRotateZ,TesolloDownwardsRotateZ-20260626-215248-downwardsrotatez_sb_forcemagnitude_s0,force.magnitude,0,74,92,4.6,114.39,0.843856,48.3494,0.032172,0.00169,0.0,0.064496,0.343552,0.0,0.001507,0.0,3682863
downwards_rotate,downwards_sensor_sweep_120_cubesizeDR-20260626-215239,TesolloDownwardsRotateZ,TesolloDownwardsRotateZ-20260626-215248-downwardsrotatez_sb_forcemagnitude_s0,force.magnitude,0,74,93,4.65,114.39,0.84367,48.3387,0.032204,9.4e-05,0.0,0.064509,0.343425,0.0,0.001906,0.0,3682863
downwards_rotate,downwards_sensor_sweep_120_cubesizeDR-20260626-215239,TesolloDownwardsRotateZ,TesolloDownwardsRotateZ-20260626-215248-downwardsrotatez_sb_forcemagnitude_s0,force.magnitude,0,74,94,4.7,114.39,0.843983,48.3566,0.032194,4.9e-05,0.0,0.064487,0.343316,0.0,0.002279,0.0,3682863
downwards_rotate,downwards_sensor_sweep_120_cubesizeDR-20260626-215239,TesolloDownwardsRotateZ,TesolloDownwardsRotateZ-20260626-215248-downwardsrotatez_sb_forcemagnitude_s0,force.magnitude,0,74,95,4.75,114.39,0.843168,48.3099,0.032,0.008727,0.0,0.064545,0.343547,0.0,0.002384,0.0,3682863
downwards_rotate,downwards_sensor_sweep_120_cubesizeDR-20260626-215239,TesolloDownwardsRotateZ,TesolloDownwardsRotateZ-20260626-215248-downwardsrotatez_sb_forcemagnitude_s0,force.magnitude,0,74,96,4.8,114.39,0.844592,48.3916,0.031236,0.036908,0.0,0.064443,0.342876,0.0,0.001737,0.0,3682863
downwards_rotate,downwards_sensor_sweep_120_cubesizeDR-20260626-215239,TesolloDownwardsRotateZ,TesolloDownwardsRotateZ-20260626-215248-downwardsrotatez_sb_forcemagnitude_s0,force.magnitude,0,74,97,4.85,114.39,0.845479,48.4424,0.030724,0.055832,0.0,0.06438,0.342437,0.0,0.001262,0.0,3682863
downwards_rotate,downwards_sensor_sweep_120_cubesizeDR-20260626-215239,TesolloDownwardsRotateZ,TesolloDownwardsRotateZ-20260626-215248-downwardsrotatez_sb_forcemagnitude_s0,force.magnitude,0,74,98,4.9,114.39,0.846501,48.5009,0.031964,0.006115,0.0,0.064308,0.342502,0.0,0.001968,0.0,3682863
downwards_rotate,downwards_sensor_sweep_120_cubesizeDR-20260626-215239,TesolloDownwardsRotateZ,TesolloDownwardsRotateZ-20260626-215248-downwardsrotatez_sb_forcemagnitude_s0,force.magnitude,0,74,99,4.95,114.39,0.847403,48.5526,0.032063,0.001624,0.0,0.064243,0.342419,0.0,0.002333,0.0,3682863
downwards_rotate,downwards_sensor_sweep_120_cubesizeDR-20260626-215239,TesolloDownwardsRotateZ,TesolloDownwardsRotateZ-20260626-215248-downwardsrotatez_sb_forcemagnitude_s0,force.magnitude,0,74,100,5.0,114.39,0.850582,48.7348,0.031735,0.013049,0.0,0.064019,0.342207,0.0,0.006604,0.0,3682863
downwards_rotate,downwards_sensor_sweep_120_cubesizeDR-20260626-215239,TesolloDownwardsRotateZ,TesolloDownwardsRotateZ-20260626-215248-downwardsrotatez_sb_forcemagnitude_s0,force.magnitude,0,74,101,5.05,114.39,0.851619,48.7942,0.0317,0.011878,0.0,0.063946,0.341477,0.0,0.008233,0.0,3682863
downwards_rotate,downwards_sensor_sweep_120_cubesizeDR-20260626-215239,TesolloDownwardsRotateZ,TesolloDownwardsRotateZ-20260626-215248-downwardsrotatez_sb_forcemagnitude_s0,force.magnitude,0,74,102,5.1,114.39,0.853447,48.8989,0.031861,0.005328,0.0,0.063818,0.341606,0.0,0.007798,0.0,3682863
downwards_rotate,downwards_sensor_sweep_120_cubesizeDR-20260626-215239,TesolloDownwardsRotateZ,TesolloDownwardsRotateZ-20260626-215248-downwardsrotatez_sb_forcemagnitude_s0,force.magnitude,0,74,103,5.15,114.39,0.855327,49.0066,0.031969,0.002902,0.0,0.063686,0.342378,0.0,0.005287,0.0,3682863
downwards_rotate,downwards_sensor_sweep_120_cubesizeDR-20260626-215239,TesolloDownwardsRotateZ,TesolloDownwardsRotateZ-20260626-215248-downwardsrotatez_sb_forcemagnitude_s0,force.magnitude,0,74,104,5.2,114.39,0.858118,49.1666,0.031984,0.000922,0.0,0.063492,0.342149,0.0,0.00286,0.0,3682863
downwards_rotate,downwards_sensor_sweep_120_cubesizeDR-20260626-215239,TesolloDownwardsRotateZ,TesolloDownwardsRotateZ-20260626-215248-downwardsrotatez_sb_forcemagnitude_s0,force.magnitude,0,74,105,5.25,114.39,0.86169,49.3712,0.031951,0.001719,0.0,0.063246,0.342274,0.0,0.001586,0.0,3682863
downwards_rotate,downwards_sensor_sweep_120_cubesizeDR-20260626-215239,TesolloDownwardsRotateZ,TesolloDownwardsRotateZ-20260626-215248-downwardsrotatez_sb_forcemagnitude_s0,force.magnitude,0,74,106,5.3,114.39,0.865786,49.6059,0.031846,0.004848,0.0,0.062965,0.342308,0.0,0.002182,0.0,3682863
downwards_rotate,downwards_sensor_sweep_120_cubesizeDR-20260626-215239,TesolloDownwardsRotateZ,TesolloDownwardsRotateZ-20260626-215248-downwardsrotatez_sb_forcemagnitude_s0,force.magnitude,0,74,107,5.35,114.39,0.870226,49.8603,0.031804,0.00462,0.0,0.062664,0.342066,0.0,0.002031,0.0,3682863
downwards_rotate,downwards_sensor_sweep_120_cubesizeDR-20260626-215239,TesolloDownwardsRotateZ,TesolloDownwardsRotateZ-20260626-215248-downwardsrotatez_sb_forcemagnitude_s0,force.magnitude,0,74,108,5.4,114.39,0.874798,50.1222,0.031874,0.000729,0.0,0.062357,0.342108,0.0,0.002011,0.0,3682863
downwards_rotate,downwards_sensor_sweep_120_cubesizeDR-20260626-215239,TesolloDownwardsRotateZ,TesolloDownwardsRotateZ-20260626-215248-downwardsrotatez_sb_forcemagnitude_s0,force.magnitude,0,74,109,5.45,114.39,0.879303,50.3803,0.031864,5.5e-05,0.0,0.062057,0.342156,0.0,0.001896,0.0,3682863
downwards_rotate,downwards_sensor_sweep_120_cubesizeDR-20260626-215239,TesolloDownwardsRotateZ,TesolloDownwardsRotateZ-20260626-215248-downwardsrotatez_sb_forcemagnitude_s0,force.magnitude,0,74,110,5.5,114.39,0.883461,50.6186,0.031844,0.000389,0.0,0.061783,0.342364,0.0,0.001584,0.0,3682863
downwards_rotate,downwards_sensor_sweep_120_cubesizeDR-20260626-215239,TesolloDownwardsRotateZ,TesolloDownwardsRotateZ-20260626-215248-downwardsrotatez_sb_forcemagnitude_s0,force.magnitude,0,74,111,5.55,114.39,0.887715,50.8623,0.031803,0.001064,0.0,0.061506,0.342408,0.0,0.001275,0.0,3682863
downwards_rotate,downwards_sensor_sweep_120_cubesizeDR-20260626-215239,TesolloDownwardsRotateZ,TesolloDownwardsRotateZ-20260626-215248-downwardsrotatez_sb_forcemagnitude_s0,force.magnitude,0,74,112,5.6,114.39,0.892062,51.1114,0.031804,0.000357,0.0,0.061224,0.342549,0.0,0.000905,0.0,3682863
downwards_rotate,downwards_sensor_sweep_120_cubesizeDR-20260626-215239,TesolloDownwardsRotateZ,TesolloDownwardsRotateZ-20260626-215248-downwardsrotatez_sb_forcemagnitude_s0,force.magnitude,0,74,113,5.65,114.39,0.895828,51.3271,0.0314,0.014154,0.0,0.060983,0.342087,0.0,0.00111,0.0,3682863
downwards_rotate,downwards_sensor_sweep_120_cubesizeDR-20260626-215239,TesolloDownwardsRotateZ,TesolloDownwardsRotateZ-20260626-215248-downwardsrotatez_sb_forcemagnitude_s0,force.magnitude,0,74,114,5.7,114.39,0.899341,51.5284,0.031459,0.011694,0.0,0.060759,0.342341,0.0,0.000507,0.0,3682863
downwards_rotate,downwards_sensor_sweep_120_cubesizeDR-20260626-215239,TesolloDownwardsRotateZ,TesolloDownwardsRotateZ-20260626-215248-downwardsrotatez_sb_forcemagnitude_s0,force.magnitude,0,74,115,5.75,114.39,0.902855,51.7298,0.031722,0.000513,0.0,0.060537,0.342419,0.0,0.000273,0.0,3682863
downwards_rotate,downwards_sensor_sweep_120_cubesizeDR-20260626-215239,TesolloDownwardsRotateZ,TesolloDownwardsRotateZ-20260626-215248-downwardsrotatez_sb_forcemagnitude_s0,force.magnitude,0,74,116,5.8,114.39,0.906193,51.921,0.03169,0.001233,0.0,0.060327,0.342512,0.0,0.000253,0.0,3682863
downwards_rotate,downwards_sensor_sweep_120_cubesizeDR-20260626-215239,TesolloDownwardsRotateZ,TesolloDownwardsRotateZ-20260626-215248-downwardsrotatez_sb_forcemagnitude_s0,force.magnitude,0,74,117,5.85,114.39,0.90969,52.1214,0.031683,0.001095,0.0,0.060109,0.342664,0.0,0.000325,0.0,3682863
downwards_rotate,downwards_sensor_sweep_120_cubesizeDR-20260626-215239,TesolloDownwardsRotateZ,TesolloDownwardsRotateZ-20260626-215248-downwardsrotatez_sb_forcemagnitude_s0,force.magnitude,0,74,118,5.9,114.39,0.913137,52.3189,0.031684,0.000729,0.0,0.059896,0.342838,0.0,0.000453,0.0,3682863
downwards_rotate,downwards_sensor_sweep_120_cubesizeDR-20260626-215239,TesolloDownwardsRotateZ,TesolloDownwardsRotateZ-20260626-215248-downwardsrotatez_sb_forcemagnitude_s0,force.magnitude,0,74,119,5.95,114.39,0.915586,52.4592,0.031641,0.001799,0.0,0.059745,0.342827,0.0,0.000613,0.0,3682863
downwards_rotate,downwards_sensor_sweep_120_cubesizeDR-20260626-215239,TesolloDownwardsRotateZ,TesolloDownwardsRotateZ-20260626-215248-downwardsrotatez_sb_forcemagnitude_s0,force.magnitude,0,82,0,0.0,114.952,2.0176,115.5999,-0.013637,0.211973,1.0,0.0,0.222988,0.018674,0.059991,0.0,3682863
downwards_rotate,downwards_sensor_sweep_120_cubesizeDR-20260626-215239,TesolloDownwardsRotateZ,TesolloDownwardsRotateZ-20260626-215248-downwardsrotatez_sb_forcemagnitude_s0,force.magnitude,0,82,1,0.05,114.952,2.032736,116.4672,-0.006608,0.019763,1.0,0.0,0.252526,0.043446,0.049382,0.0,3682863
downwards_rotate,downwards_sensor_sweep_120_cubesizeDR-20260626-215239,TesolloDownwardsRotateZ,TesolloDownwardsRotateZ-20260626-215248-downwardsrotatez_sb_forcemagnitude_s0,force.magnitude,0,82,2,0.1,114.952,2.016094,115.5137,-0.004798,0.011183,1.0,0.0,0.273666,0.045851,0.038864,0.0,3682863
downwards_rotate,downwards_sensor_sweep_120_cubesizeDR-20260626-215239,TesolloDownwardsRotateZ,TesolloDownwardsRotateZ-20260626-215248-downwardsrotatez_sb_forcemagnitude_s0,force.magnitude,0,82,3,0.15,114.952,1.880961,107.7711,0.00109,0.007425,0.838813,0.004836,0.290579,0.034872,0.028109,0.0,3682863
downwards_rotate,downwards_sensor_sweep_120_cubesizeDR-20260626-215239,TesolloDownwardsRotateZ,TesolloDownwardsRotateZ-20260626-215248-downwardsrotatez_sb_forcemagnitude_s0,force.magnitude,0,82,4,0.2,114.952,1.760194,100.8517,0.025786,0.01008,0.0,0.031994,0.304931,0.045104,0.026318,0.0,3682863
downwards_rotate,downwards_sensor_sweep_120_cubesizeDR-20260626-215239,TesolloDownwardsRotateZ,TesolloDownwardsRotateZ-20260626-215248-downwardsrotatez_sb_forcemagnitude_s0,force.magnitude,0,82,5,0.25,114.952,1.70272,97.5587,0.026403,0.00553,0.0,0.033039,0.310192,0.095132,0.017679,0.0,3682863
downwards_rotate,downwards_sensor_sweep_120_cubesizeDR-20260626-215239,TesolloDownwardsRotateZ,TesolloDownwardsRotateZ-20260626-215248-downwardsrotatez_sb_forcemagnitude_s0,force.magnitude,0,82,6,0.3,114.952,1.659349,95.0737,-0.0007,0.002485,1.0,0.0,0.325082,0.054269,0.013307,0.0,3682863
downwards_rotate,downwards_sensor_sweep_120_cubesizeDR-20260626-215239,TesolloDownwardsRotateZ,TesolloDownwardsRotateZ-20260626-215248-downwardsrotatez_sb_forcemagnitude_s0,force.magnitude,0,82,7,0.35,114.952,1.558551,89.2984,0.020881,0.011914,0.281594,0.025852,0.342057,0.068028,0.013938,0.0,3682863
downwards_rotate,downwards_sensor_sweep_120_cubesizeDR-20260626-215239,TesolloDownwardsRotateZ,TesolloDownwardsRotateZ-20260626-215248-downwardsrotatez_sb_forcemagnitude_s0,force.magnitude,0,82,8,0.4,114.952,1.437557,82.366,0.002901,0.003777,1.0,0.0,0.373599,0.096865,0.01445,0.0,3682863
downwards_rotate,downwards_sensor_sweep_120_cubesizeDR-20260626-215239,TesolloDownwardsRotateZ,TesolloDownwardsRotateZ-20260626-215248-downwardsrotatez_sb_forcemagnitude_s0,force.magnitude,0,82,9,0.45,114.952,1.350765,77.3931,0.003129,0.023023,1.0,0.0,0.382889,0.038082,0.00859,0.0,3682863
downwards_rotate,downwards_sensor_sweep_120_cubesizeDR-20260626-215239,TesolloDownwardsRotateZ,TesolloDownwardsRotateZ-20260626-215248-downwardsrotatez_sb_forcemagnitude_s0,force.magnitude,0,82,10,0.5,114.952,1.296278,74.2713,0.012501,0.072641,0.686414,0.013469,0.401839,0.022718,0.004825,0.0,3682863
downwards_rotate,downwards_sensor_sweep_120_cubesizeDR-20260626-215239,TesolloDownwardsRotateZ,TesolloDownwardsRotateZ-20260626-215248-downwardsrotatez_sb_forcemagnitude_s0,force.magnitude,0,82,11,0.55,114.952,1.247296,71.4648,0.033797,0.025333,0.0,0.044564,0.399698,0.009061,0.002262,0.0,3682863
downwards_rotate,downwards_sensor_sweep_120_cubesizeDR-20260626-215239,TesolloDownwardsRotateZ,TesolloDownwardsRotateZ-20260626-215248-downwardsrotatez_sb_forcemagnitude_s0,force.magnitude,0,82,12,0.6,114.952,1.250223,71.6325,0.034757,0.015244,0.0,0.044465,0.409263,0.006443,0.002722,0.0,3682863
downwards_rotate,downwards_sensor_sweep_120_cubesizeDR-20260626-215239,TesolloDownwardsRotateZ,TesolloDownwardsRotateZ-20260626-215248-downwardsrotatez_sb_forcemagnitude_s0,force.magnitude,0,82,13,0.65,114.952,1.247743,71.4904,0.034555,0.009359,0.0,0.044549,0.404547,0.007999,0.006382,0.0,3682863
downwards_rotate,downwards_sensor_sweep_120_cubesizeDR-20260626-215239,TesolloDownwardsRotateZ,TesolloDownwardsRotateZ-20260626-215248-downwardsrotatez_sb_forcemagnitude_s0,force.magnitude,0,82,14,0.7,114.952,1.256022,71.9648,0.034424,0.003316,0.0,0.044268,0.401169,0.007232,0.007266,0.0,3682863
downwards_rotate,downwards_sensor_sweep_120_cubesizeDR-20260626-215239,TesolloDownwardsRotateZ,TesolloDownwardsRotateZ-20260626-215248-downwardsrotatez_sb_forcemagnitude_s0,force.magnitude,0,82,15,0.75,114.952,1.252913,71.7866,0.03491,0.001144,0.0,0.044373,0.406773,0.00478,0.005767,0.0,3682863
downwards_rotate,downwards_sensor_sweep_120_cubesizeDR-20260626-215239,TesolloDownwardsRotateZ,TesolloDownwardsRotateZ-20260626-215248-downwardsrotatez_sb_forcemagnitude_s0,force.magnitude,0,82,16,0.8,114.952,1.25642,71.9875,0.034117,0.006231,0.0,0.044255,0.398045,0.005663,0.005114,0.0,3682863
downwards_rotate,downwards_sensor_sweep_120_cubesizeDR-20260626-215239,TesolloDownwardsRotateZ,TesolloDownwardsRotateZ-20260626-215248-downwardsrotatez_sb_forcemagnitude_s0,force.magnitude,0,82,17,0.85,114.952,1.272849,72.9289,0.033824,0.002383,0.0,0.043709,0.393674,0.084581,0.003963,0.0,3682863
downwards_rotate,downwards_sensor_sweep_120_cubesizeDR-20260626-215239,TesolloDownwardsRotateZ,TesolloDownwardsRotateZ-20260626-215248-downwardsrotatez_sb_forcemagnitude_s0,force.magnitude,0,82,18,0.9,114.952,1.245906,71.3852,0.033395,0.046338,0.0,0.044612,0.401314,0.00239,0.005795,0.0,3682863
downwards_rotate,downwards_sensor_sweep_120_cubesizeDR-20260626-215239,TesolloDownwardsRotateZ,TesolloDownwardsRotateZ-20260626-215248-downwardsrotatez_sb_forcemagnitude_s0,force.magnitude,0,82,19,0.95,114.952,1.240922,71.0996,0.031995,0.068726,0.0,0.044783,0.389858,0.001472,0.004217,0.0,3682863
downwards_rotate,downwards_sensor_sweep_120_cubesizeDR-20260626-215239,TesolloDownwardsRotateZ,TesolloDownwardsRotateZ-20260626-215248-downwardsrotatez_sb_forcemagnitude_s0,force.magnitude,0,82,20,1.0,114.952,1.235731,70.8022,0.03306,0.014514,0.0,0.044963,0.385742,0.028822,0.001491,0.0,3682863
downwards_rotate,downwards_sensor_sweep_120_cubesizeDR-20260626-215239,TesolloDownwardsRotateZ,TesolloDownwardsRotateZ-20260626-215248-downwardsrotatez_sb_forcemagnitude_s0,force.magnitude,0,82,21,1.05,114.952,1.231061,70.5346,0.032871,0.017064,0.0,0.045126,0.383796,0.000492,0.000109,0.0,3682863
downwards_rotate,downwards_sensor_sweep_120_cubesizeDR-20260626-215239,TesolloDownwardsRotateZ,TesolloDownwardsRotateZ-20260626-215248-downwardsrotatez_sb_forcemagnitude_s0,force.magnitude,0,82,22,1.1,114.952,1.230912,70.5261,0.032616,0.019142,0.0,0.045131,0.381089,0.001921,1.4e-05,0.0,3682863
downwards_rotate,downwards_sensor_sweep_120_cubesizeDR-20260626-215239,TesolloDownwardsRotateZ,TesolloDownwardsRotateZ-20260626-215248-downwardsrotatez_sb_forcemagnitude_s0,force.magnitude,0,82,23,1.15,114.952,1.236654,70.8551,0.033034,0.000928,0.0,0.044931,0.380933,0.062758,1.3e-05,0.0,3682863
downwards_rotate,downwards_sensor_sweep_120_cubesizeDR-20260626-215239,TesolloDownwardsRotateZ,TesolloDownwardsRotateZ-20260626-215248-downwardsrotatez_sb_forcemagnitude_s0,force.magnitude,0,82,24,1.2,114.952,1.241652,71.1414,0.032643,0.018385,0.0,0.044758,0.381691,0.004077,2e-06,0.0,3682863
downwards_rotate,downwards_sensor_sweep_120_cubesizeDR-20260626-215239,TesolloDownwardsRotateZ,TesolloDownwardsRotateZ-20260626-215248-downwardsrotatez_sb_forcemagnitude_s0,force.magnitude,0,82,25,1.25,114.952,1.253011,71.7923,0.032472,0.028267,0.0,0.04437,0.383227,9.3e-05,2e-06,0.0,3682863
downwards_rotate,downwards_sensor_sweep_120_cubesizeDR-20260626-215239,TesolloDownwardsRotateZ,TesolloDownwardsRotateZ-20260626-215248-downwardsrotatez_sb_forcemagnitude_s0,force.magnitude,0,82,26,1.3,114.952,1.263784,72.4095,0.033059,0.005166,0.0,0.044009,0.383836,0.001899,4e-06,0.0,3682863
downwards_rotate,downwards_sensor_sweep_120_cubesizeDR-20260626-215239,TesolloDownwardsRotateZ,TesolloDownwardsRotateZ-20260626-215248-downwardsrotatez_sb_forcemagnitude_s0,force.magnitude,0,82,27,1.35,114.952,1.270029,72.7673,0.033158,0.002797,0.0,0.043802,0.384653,0.004143,0.000362,0.0,3682863
downwards_rotate,downwards_sensor_sweep_120_cubesizeDR-20260626-215239,TesolloDownwardsRotateZ,TesolloDownwardsRotateZ-20260626-215248-downwardsrotatez_sb_forcemagnitude_s0,force.magnitude,0,82,28,1.4,114.952,1.271878,72.8733,0.033138,0.005533,0.0,0.043741,0.385377,0.003627,0.000486,0.0,3682863
downwards_rotate,downwards_sensor_sweep_120_cubesizeDR-20260626-215239,TesolloDownwardsRotateZ,TesolloDownwardsRotateZ-20260626-215248-downwardsrotatez_sb_forcemagnitude_s0,force.magnitude,0,82,29,1.45,114.952,1.273228,72.9506,0.03328,0.000697,0.0,0.043696,0.385708,0.003265,0.000491,0.0,3682863
downwards_rotate,downwards_sensor_sweep_120_cubesizeDR-20260626-215239,TesolloDownwardsRotateZ,TesolloDownwardsRotateZ-20260626-215248-downwardsrotatez_sb_forcemagnitude_s0,force.magnitude,0,82,30,1.5,114.952,1.274867,73.0445,0.033247,0.000483,0.0,0.043643,0.385298,0.014986,0.000639,0.0,3682863
downwards_rotate,downwards_sensor_sweep_120_cubesizeDR-20260626-215239,TesolloDownwardsRotateZ,TesolloDownwardsRotateZ-20260626-215248-downwardsrotatez_sb_forcemagnitude_s0,force.magnitude,0,82,31,1.55,114.952,1.280646,73.3756,0.032462,0.003977,0.0,0.043454,0.376385,0.102762,0.00239,0.0,3682863
downwards_rotate,downwards_sensor_sweep_120_cubesizeDR-20260626-215239,TesolloDownwardsRotateZ,TesolloDownwardsRotateZ-20260626-215248-downwardsrotatez_sb_forcemagnitude_s0,force.magnitude,0,82,32,1.6,114.952,1.279739,73.3236,0.032532,0.01687,0.0,0.043484,0.381459,0.007273,0.003301,0.0,3682863
downwards_rotate,downwards_sensor_sweep_120_cubesizeDR-20260626-215239,TesolloDownwardsRotateZ,TesolloDownwardsRotateZ-20260626-215248-downwardsrotatez_sb_forcemagnitude_s0,force.magnitude,0,82,33,1.65,114.952,1.279627,73.3173,0.032216,0.028755,0.0,0.043487,0.381191,0.0,0.003157,0.0,3682863
downwards_rotate,downwards_sensor_sweep_120_cubesizeDR-20260626-215239,TesolloDownwardsRotateZ,TesolloDownwardsRotateZ-20260626-215248-downwardsrotatez_sb_forcemagnitude_s0,force.magnitude,0,82,34,1.7,114.952,1.280546,73.3699,0.032658,0.011488,0.0,0.043458,0.38138,0.0,0.004432,0.0,3682863
downwards_rotate,downwards_sensor_sweep_120_cubesizeDR-20260626-215239,TesolloDownwardsRotateZ,TesolloDownwardsRotateZ-20260626-215248-downwardsrotatez_sb_forcemagnitude_s0,force.magnitude,0,82,35,1.75,114.952,1.282182,73.4636,0.032766,0.011069,0.0,0.043405,0.382775,0.0,0.006394,0.0,3682863
downwards_rotate,downwards_sensor_sweep_120_cubesizeDR-20260626-215239,TesolloDownwardsRotateZ,TesolloDownwardsRotateZ-20260626-215248-downwardsrotatez_sb_forcemagnitude_s0,force.magnitude,0,82,36,1.8,114.952,1.282612,73.4882,0.03318,0.001031,0.0,0.043391,0.384997,0.0,0.008336,0.0,3682863
downwards_rotate,downwards_sensor_sweep_120_cubesizeDR-20260626-215239,TesolloDownwardsRotateZ,TesolloDownwardsRotateZ-20260626-215248-downwardsrotatez_sb_forcemagnitude_s0,force.magnitude,0,82,37,1.85,114.952,1.282014,73.454,0.033353,0.000479,0.0,0.04341,0.387118,0.0,0.010313,0.0,3682863
downwards_rotate,downwards_sensor_sweep_120_cubesizeDR-20260626-215239,TesolloDownwardsRotateZ,TesolloDownwardsRotateZ-20260626-215248-downwardsrotatez_sb_forcemagnitude_s0,force.magnitude,0,82,38,1.9,114.952,1.281285,73.4122,0.033484,0.000114,0.0,0.043434,0.388772,0.026422,0.012168,0.0,3682863
downwards_rotate,downwards_sensor_sweep_120_cubesizeDR-20260626-215239,TesolloDownwardsRotateZ,TesolloDownwardsRotateZ-20260626-215248-downwardsrotatez_sb_forcemagnitude_s0,force.magnitude,0,82,39,1.95,114.952,1.283422,73.5347,0.033645,0.004498,0.0,0.043364,0.392472,0.0,0.014663,0.0,3682863
downwards_rotate,downwards_sensor_sweep_120_cubesizeDR-20260626-215239,TesolloDownwardsRotateZ,TesolloDownwardsRotateZ-20260626-215248-downwardsrotatez_sb_forcemagnitude_s0,force.magnitude,0,82,40,2.0,114.952,1.28663,73.7185,0.033745,0.005849,0.0,0.043261,0.394384,0.0,0.013917,0.0,3682863
downwards_rotate,downwards_sensor_sweep_120_cubesizeDR-20260626-215239,TesolloDownwardsRotateZ,TesolloDownwardsRotateZ-20260626-215248-downwardsrotatez_sb_forcemagnitude_s0,force.magnitude,0,82,41,2.05,114.952,1.288729,73.8387,0.033948,0.001173,0.0,0.043194,0.395603,0.0,0.012399,0.0,3682863
downwards_rotate,downwards_sensor_sweep_120_cubesizeDR-20260626-215239,TesolloDownwardsRotateZ,TesolloDownwardsRotateZ-20260626-215248-downwardsrotatez_sb_forcemagnitude_s0,force.magnitude,0,82,42,2.1,114.952,1.291387,73.991,0.033906,0.006351,0.0,0.043108,0.396857,0.0,0.010406,0.0,3682863
downwards_rotate,downwards_sensor_sweep_120_cubesizeDR-20260626-215239,TesolloDownwardsRotateZ,TesolloDownwardsRotateZ-20260626-215248-downwardsrotatez_sb_forcemagnitude_s0,force.magnitude,0,82,43,2.15,114.952,1.293761,74.1271,0.03407,0.002281,0.0,0.043033,0.397763,0.0,0.008107,0.0,3682863
downwards_rotate,downwards_sensor_sweep_120_cubesizeDR-20260626-215239,TesolloDownwardsRotateZ,TesolloDownwardsRotateZ-20260626-215248-downwardsrotatez_sb_forcemagnitude_s0,force.magnitude,0,82,44,2.2,114.952,1.295796,74.2436,0.034134,0.000184,0.0,0.042968,0.397973,0.0,0.00638,0.0,3682863
downwards_rotate,downwards_sensor_sweep_120_cubesizeDR-20260626-215239,TesolloDownwardsRotateZ,TesolloDownwardsRotateZ-20260626-215248-downwardsrotatez_sb_forcemagnitude_s0,force.magnitude,0,82,45,2.25,114.952,1.297547,74.344,0.034094,0.000771,0.0,0.042913,0.397697,0.0,0.004959,0.0,3682863
downwards_rotate,downwards_sensor_sweep_120_cubesizeDR-20260626-215239,TesolloDownwardsRotateZ,TesolloDownwardsRotateZ-20260626-215248-downwardsrotatez_sb_forcemagnitude_s0,force.magnitude,0,82,46,2.3,114.952,1.299589,74.4609,0.034071,0.000406,0.0,0.042848,0.397345,0.0,0.004406,0.0,3682863
downwards_rotate,downwards_sensor_sweep_120_cubesizeDR-20260626-215239,TesolloDownwardsRotateZ,TesolloDownwardsRotateZ-20260626-215248-downwardsrotatez_sb_forcemagnitude_s0,force.magnitude,0,82,47,2.35,114.952,1.301213,74.554,0.03406,0.000493,0.0,0.042797,0.397292,0.0,0.003952,0.0,3682863
downwards_rotate,downwards_sensor_sweep_120_cubesizeDR-20260626-215239,TesolloDownwardsRotateZ,TesolloDownwardsRotateZ-20260626-215248-downwardsrotatez_sb_forcemagnitude_s0,force.magnitude,0,82,48,2.4,114.952,1.302868,74.6488,0.034059,0.000107,0.0,0.042745,0.39721,0.0,0.003348,0.0,3682863
downwards_rotate,downwards_sensor_sweep_120_cubesizeDR-20260626-215239,TesolloDownwardsRotateZ,TesolloDownwardsRotateZ-20260626-215248-downwardsrotatez_sb_forcemagnitude_s0,force.magnitude,0,82,49,2.45,114.952,1.304594,74.7477,0.034031,1.4e-05,0.0,0.042691,0.396867,0.0,0.002656,0.0,3682863
downwards_rotate,downwards_sensor_sweep_120_cubesizeDR-20260626-215239,TesolloDownwardsRotateZ,TesolloDownwardsRotateZ-20260626-215248-downwardsrotatez_sb_forcemagnitude_s0,force.magnitude,0,82,50,2.5,114.952,1.306075,74.8326,0.034085,1e-05,0.0,0.042644,0.397635,0.0,0.002049,0.0,3682863
downwards_rotate,downwards_sensor_sweep_120_cubesizeDR-20260626-215239,TesolloDownwardsRotateZ,TesolloDownwardsRotateZ-20260626-215248-downwardsrotatez_sb_forcemagnitude_s0,force.magnitude,0,82,51,2.55,114.952,1.308004,74.9431,0.034058,6.7e-05,0.0,0.042584,0.397375,0.0,0.001595,0.0,3682863
downwards_rotate,downwards_sensor_sweep_120_cubesizeDR-20260626-215239,TesolloDownwardsRotateZ,TesolloDownwardsRotateZ-20260626-215248-downwardsrotatez_sb_forcemagnitude_s0,force.magnitude,0,82,52,2.6,114.952,1.30887,74.9927,0.034016,0.000286,0.0,0.042557,0.396916,0.0,0.001202,0.0,3682863
downwards_rotate,downwards_sensor_sweep_120_cubesizeDR-20260626-215239,TesolloDownwardsRotateZ,TesolloDownwardsRotateZ-20260626-215248-downwardsrotatez_sb_forcemagnitude_s0,force.magnitude,0,82,53,2.65,114.952,1.309072,75.0043,0.033975,5.5e-05,0.0,0.042551,0.396299,0.0,0.000888,0.0,3682863
downwards_rotate,downwards_sensor_sweep_120_cubesizeDR-20260626-215239,TesolloDownwardsRotateZ,TesolloDownwardsRotateZ-20260626-215248-downwardsrotatez_sb_forcemagnitude_s0,force.magnitude,0,82,54,2.7,114.952,1.310087,75.0625,0.033872,0.003676,0.0,0.042519,0.39617,0.0,0.000755,0.0,3682863
downwards_rotate,downwards_sensor_sweep_120_cubesizeDR-20260626-215239,TesolloDownwardsRotateZ,TesolloDownwardsRotateZ-20260626-215248-downwardsrotatez_sb_forcemagnitude_s0,force.magnitude,0,82,55,2.75,114.952,1.311482,75.1424,0.033924,0.000884,0.0,0.042476,0.395995,0.0,0.00063,0.0,3682863
downwards_rotate,downwards_sensor_sweep_120_cubesizeDR-20260626-215239,TesolloDownwardsRotateZ,TesolloDownwardsRotateZ-20260626-215248-downwardsrotatez_sb_forcemagnitude_s0,force.magnitude,0,82,56,2.8,114.952,1.31198,75.1709,0.033278,0.017858,0.0,0.042461,0.393043,0.0,0.000167,0.0,3682863
downwards_rotate,downwards_sensor_sweep_120_cubesizeDR-20260626-215239,TesolloDownwardsRotateZ,TesolloDownwardsRotateZ-20260626-215248-downwardsrotatez_sb_forcemagnitude_s0,force.magnitude,0,82,57,2.85,114.952,1.312156,75.181,0.033061,0.023587,0.0,0.042455,0.392071,0.0,0.000106,0.0,3682863
downwards_rotate,downwards_sensor_sweep_120_cubesizeDR-20260626-215239,TesolloDownwardsRotateZ,TesolloDownwardsRotateZ-20260626-215248-downwardsrotatez_sb_forcemagnitude_s0,force.magnitude,0,82,58,2.9,114.952,1.312405,75.1953,0.033635,0.000234,0.0,0.042447,0.391945,0.0,9.3e-05,0.0,3682863
downwards_rotate,downwards_sensor_sweep_120_cubesizeDR-20260626-215239,TesolloDownwardsRotateZ,TesolloDownwardsRotateZ-20260626-215248-downwardsrotatez_sb_forcemagnitude_s0,force.magnitude,0,82,59,2.95,114.952,1.312269,75.1875,0.033708,0.000102,0.0,0.042452,0.392869,0.0,0.000154,0.0,3682863
downwards_rotate,downwards_sensor_sweep_120_cubesizeDR-20260626-215239,TesolloDownwardsRotateZ,TesolloDownwardsRotateZ-20260626-215248-downwardsrotatez_sb_forcemagnitude_s0,force.magnitude,0,82,60,3.0,114.952,1.312769,75.2161,0.033788,0.00056,0.0,0.042436,0.394122,0.0,0.000339,0.0,3682863
downwards_rotate,downwards_sensor_sweep_120_cubesizeDR-20260626-215239,TesolloDownwardsRotateZ,TesolloDownwardsRotateZ-20260626-215248-downwardsrotatez_sb_forcemagnitude_s0,force.magnitude,0,82,61,3.05,114.952,1.312441,75.1973,0.033898,0.001376,0.0,0.042446,0.39584,0.0,0.000607,0.0,3682863
downwards_rotate,downwards_sensor_sweep_120_cubesizeDR-20260626-215239,TesolloDownwardsRotateZ,TesolloDownwardsRotateZ-20260626-215248-downwardsrotatez_sb_forcemagnitude_s0,force.magnitude,0,82,62,3.1,114.952,1.311979,75.1708,0.033936,0.000257,0.0,0.042461,0.39596,0.0,0.000766,0.0,3682863
downwards_rotate,downwards_sensor_sweep_120_cubesizeDR-20260626-215239,TesolloDownwardsRotateZ,TesolloDownwardsRotateZ-20260626-215248-downwardsrotatez_sb_forcemagnitude_s0,force.magnitude,0,82,63,3.15,114.952,1.311503,75.1436,0.033822,0.003465,0.0,0.042475,0.39549,0.0,0.000427,0.0,3682863
downwards_rotate,downwards_sensor_sweep_120_cubesizeDR-20260626-215239,TesolloDownwardsRotateZ,TesolloDownwardsRotateZ-20260626-215248-downwardsrotatez_sb_forcemagnitude_s0,force.magnitude,0,82,64,3.2,114.952,1.313228,75.2424,0.033709,0.006702,0.0,0.042422,0.395137,0.0,0.000521,0.0,3682863
downwards_rotate,downwards_sensor_sweep_120_cubesizeDR-20260626-215239,TesolloDownwardsRotateZ,TesolloDownwardsRotateZ-20260626-215248-downwardsrotatez_sb_forcemagnitude_s0,force.magnitude,0,82,65,3.25,114.952,1.314623,75.3223,0.033848,0.002163,0.0,0.042379,0.395532,0.0,0.000671,0.0,3682863
downwards_rotate,downwards_sensor_sweep_120_cubesizeDR-20260626-215239,TesolloDownwardsRotateZ,TesolloDownwardsRotateZ-20260626-215248-downwardsrotatez_sb_forcemagnitude_s0,force.magnitude,0,82,66,3.3,114.952,1.316647,75.4383,0.033872,0.001432,0.0,0.042316,0.395695,0.0,0.00112,0.0,3682863
downwards_rotate,downwards_sensor_sweep_120_cubesizeDR-20260626-215239,TesolloDownwardsRotateZ,TesolloDownwardsRotateZ-20260626-215248-downwardsrotatez_sb_forcemagnitude_s0,force.magnitude,0,82,67,3.35,114.952,1.317554,75.4903,0.033854,0.00203,0.0,0.042289,0.395691,0.0,0.001213,0.0,3682863
downwards_rotate,downwards_sensor_sweep_120_cubesizeDR-20260626-215239,TesolloDownwardsRotateZ,TesolloDownwardsRotateZ-20260626-215248-downwardsrotatez_sb_forcemagnitude_s0,force.magnitude,0,82,68,3.4,114.952,1.318466,75.5425,0.0339,0.000269,0.0,0.04226,0.395761,0.0,0.001183,0.0,3682863
downwards_rotate,downwards_sensor_sweep_120_cubesizeDR-20260626-215239,TesolloDownwardsRotateZ,TesolloDownwardsRotateZ-20260626-215248-downwardsrotatez_sb_forcemagnitude_s0,force.magnitude,0,82,69,3.45,114.952,1.318908,75.5679,0.033895,0.000275,0.0,0.042247,0.395708,0.0,0.001015,0.0,3682863
downwards_rotate,downwards_sensor_sweep_120_cubesizeDR-20260626-215239,TesolloDownwardsRotateZ,TesolloDownwardsRotateZ-20260626-215248-downwardsrotatez_sb_forcemagnitude_s0,force.magnitude,0,82,70,3.5,114.952,1.319614,75.6083,0.033895,0.000293,0.0,0.042225,0.395744,0.0,0.00088,0.0,3682863
downwards_rotate,downwards_sensor_sweep_120_cubesizeDR-20260626-215239,TesolloDownwardsRotateZ,TesolloDownwardsRotateZ-20260626-215248-downwardsrotatez_sb_forcemagnitude_s0,force.magnitude,0,82,71,3.55,114.952,1.321128,75.695,0.033887,0.000467,0.0,0.042179,0.395757,0.0,0.000874,0.0,3682863
downwards_rotate,downwards_sensor_sweep_120_cubesizeDR-20260626-215239,TesolloDownwardsRotateZ,TesolloDownwardsRotateZ-20260626-215248-downwardsrotatez_sb_forcemagnitude_s0,force.magnitude,0,82,72,3.6,114.952,1.321489,75.7158,0.033855,0.001092,0.0,0.042168,0.395544,0.0,0.000704,0.0,3682863
downwards_rotate,downwards_sensor_sweep_120_cubesizeDR-20260626-215239,TesolloDownwardsRotateZ,TesolloDownwardsRotateZ-20260626-215248-downwardsrotatez_sb_forcemagnitude_s0,force.magnitude,0,82,73,3.65,114.952,1.322245,75.7591,0.033854,0.001778,0.0,0.042145,0.395801,0.0,0.000658,0.0,3682863
downwards_rotate,downwards_sensor_sweep_120_cubesizeDR-20260626-215239,TesolloDownwardsRotateZ,TesolloDownwardsRotateZ-20260626-215248-downwardsrotatez_sb_forcemagnitude_s0,force.magnitude,0,82,74,3.7,114.952,1.323374,75.8237,0.033852,0.00168,0.0,0.04211,0.395785,0.0,0.000668,0.0,3682863
downwards_rotate,downwards_sensor_sweep_120_cubesizeDR-20260626-215239,TesolloDownwardsRotateZ,TesolloDownwardsRotateZ-20260626-215248-downwardsrotatez_sb_forcemagnitude_s0,force.magnitude,0,82,75,3.75,114.952,1.324594,75.8936,0.033845,0.001795,0.0,0.042073,0.395774,0.0,0.000624,0.0,3682863
downwards_rotate,downwards_sensor_sweep_120_cubesizeDR-20260626-215239,TesolloDownwardsRotateZ,TesolloDownwardsRotateZ-20260626-215248-downwardsrotatez_sb_forcemagnitude_s0,force.magnitude,0,82,76,3.8,114.952,1.325691,75.9565,0.033885,3.8e-05,0.0,0.04204,0.395767,0.0,0.000595,0.0,3682863
downwards_rotate,downwards_sensor_sweep_120_cubesizeDR-20260626-215239,TesolloDownwardsRotateZ,TesolloDownwardsRotateZ-20260626-215248-downwardsrotatez_sb_forcemagnitude_s0,force.magnitude,0,82,77,3.85,114.952,1.326048,75.9769,0.033871,0.000302,0.0,0.042029,0.395679,0.0,0.000525,0.0,3682863
downwards_rotate,downwards_sensor_sweep_120_cubesizeDR-20260626-215239,TesolloDownwardsRotateZ,TesolloDownwardsRotateZ-20260626-215248-downwardsrotatez_sb_forcemagnitude_s0,force.magnitude,0,82,78,3.9,114.952,1.32689,76.0252,0.033655,0.004804,0.0,0.042003,0.394329,0.0,0.000333,0.0,3682863
downwards_rotate,downwards_sensor_sweep_120_cubesizeDR-20260626-215239,TesolloDownwardsRotateZ,TesolloDownwardsRotateZ-20260626-215248-downwardsrotatez_sb_forcemagnitude_s0,force.magnitude,0,82,79,3.95,114.952,1.327862,76.0809,0.033532,0.00797,0.0,0.041974,0.393783,0.0,0.000289,0.0,3682863
downwards_rotate,downwards_sensor_sweep_120_cubesizeDR-20260626-215239,TesolloDownwardsRotateZ,TesolloDownwardsRotateZ-20260626-215248-downwardsrotatez_sb_forcemagnitude_s0,force.magnitude,0,82,80,4.0,114.952,1.329679,76.185,0.033753,9.7e-05,0.0,0.041919,0.394185,0.0,0.000299,0.0,3682863
downwards_rotate,downwards_sensor_sweep_120_cubesizeDR-20260626-215239,TesolloDownwardsRotateZ,TesolloDownwardsRotateZ-20260626-215248-downwardsrotatez_sb_forcemagnitude_s0,force.magnitude,0,82,81,4.05,114.952,1.331391,76.2831,0.033803,0.000152,0.0,0.041867,0.394933,0.0,0.000375,0.0,3682863
downwards_rotate,downwards_sensor_sweep_120_cubesizeDR-20260626-215239,TesolloDownwardsRotateZ,TesolloDownwardsRotateZ-20260626-215248-downwardsrotatez_sb_forcemagnitude_s0,force.magnitude,0,82,82,4.1,114.952,1.332644,76.3549,0.033795,0.0003,0.0,0.04183,0.394937,0.0,0.000478,0.0,3682863
downwards_rotate,downwards_sensor_sweep_120_cubesizeDR-20260626-215239,TesolloDownwardsRotateZ,TesolloDownwardsRotateZ-20260626-215248-downwardsrotatez_sb_forcemagnitude_s0,force.magnitude,0,82,83,4.15,114.952,1.334919,76.4852,0.033754,0.001619,0.0,0.041761,0.394924,0.0,0.000765,0.0,3682863
downwards_rotate,downwards_sensor_sweep_120_cubesizeDR-20260626-215239,TesolloDownwardsRotateZ,TesolloDownwardsRotateZ-20260626-215248-downwardsrotatez_sb_forcemagnitude_s0,force.magnitude,0,82,84,4.2,114.952,1.336967,76.6026,0.033742,0.001804,0.0,0.0417,0.394912,0.0,0.000955,0.0,3682863
downwards_rotate,downwards_sensor_sweep_120_cubesizeDR-20260626-215239,TesolloDownwardsRotateZ,TesolloDownwardsRotateZ-20260626-215248-downwardsrotatez_sb_forcemagnitude_s0,force.magnitude,0,82,85,4.25,114.952,1.337933,76.6579,0.033759,0.000611,0.0,0.041671,0.394777,0.0,0.000816,0.0,3682863
downwards_rotate,downwards_sensor_sweep_120_cubesizeDR-20260626-215239,TesolloDownwardsRotateZ,TesolloDownwardsRotateZ-20260626-215248-downwardsrotatez_sb_forcemagnitude_s0,force.magnitude,0,82,86,4.3,114.952,1.339769,76.7631,0.033712,0.002033,0.0,0.041616,0.394689,0.0,0.000803,0.0,3682863
downwards_rotate,downwards_sensor_sweep_120_cubesizeDR-20260626-215239,TesolloDownwardsRotateZ,TesolloDownwardsRotateZ-20260626-215248-downwardsrotatez_sb_forcemagnitude_s0,force.magnitude,0,82,87,4.35,114.952,1.341659,76.8714,0.033752,6.7e-05,0.0,0.04156,0.394643,0.0,0.000778,0.0,3682863
downwards_rotate,downwards_sensor_sweep_120_cubesizeDR-20260626-215239,TesolloDownwardsRotateZ,TesolloDownwardsRotateZ-20260626-215248-downwardsrotatez_sb_forcemagnitude_s0,force.magnitude,0,82,88,4.4,114.952,1.343404,76.9714,0.033746,3.8e-05,0.0,0.041509,0.394622,0.0,0.000731,0.0,3682863
downwards_rotate,downwards_sensor_sweep_120_cubesizeDR-20260626-215239,TesolloDownwardsRotateZ,TesolloDownwardsRotateZ-20260626-215248-downwardsrotatez_sb_forcemagnitude_s0,force.magnitude,0,82,89,4.45,114.952,1.344714,77.0464,0.033733,9.2e-05,0.0,0.04147,0.39452,0.0,0.000649,0.0,3682863
downwards_rotate,downwards_sensor_sweep_120_cubesizeDR-20260626-215239,TesolloDownwardsRotateZ,TesolloDownwardsRotateZ-20260626-215248-downwardsrotatez_sb_forcemagnitude_s0,force.magnitude,0,82,90,4.5,114.952,1.346086,77.125,0.033723,0.000106,0.0,0.041429,0.394451,0.0,0.000607,0.0,3682863
downwards_rotate,downwards_sensor_sweep_120_cubesizeDR-20260626-215239,TesolloDownwardsRotateZ,TesolloDownwardsRotateZ-20260626-215248-downwardsrotatez_sb_forcemagnitude_s0,force.magnitude,0,82,91,4.55,114.952,1.347504,77.2063,0.033717,8e-06,0.0,0.041388,0.394392,0.0,0.000586,0.0,3682863
downwards_rotate,downwards_sensor_sweep_120_cubesizeDR-20260626-215239,TesolloDownwardsRotateZ,TesolloDownwardsRotateZ-20260626-215248-downwardsrotatez_sb_forcemagnitude_s0,force.magnitude,0,82,92,4.6,114.952,1.349023,77.2933,0.033706,8.2e-05,0.0,0.041343,0.394327,0.0,0.000618,0.0,3682863
downwards_rotate,downwards_sensor_sweep_120_cubesizeDR-20260626-215239,TesolloDownwardsRotateZ,TesolloDownwardsRotateZ-20260626-215248-downwardsrotatez_sb_forcemagnitude_s0,force.magnitude,0,82,93,4.65,114.952,1.3506,77.3837,0.033697,7.3e-05,0.0,0.041297,0.394258,0.0,0.000626,0.0,3682863
downwards_rotate,downwards_sensor_sweep_120_cubesizeDR-20260626-215239,TesolloDownwardsRotateZ,TesolloDownwardsRotateZ-20260626-215248-downwardsrotatez_sb_forcemagnitude_s0,force.magnitude,0,82,94,4.7,114.952,1.351841,77.4548,0.03368,0.000139,0.0,0.04126,0.394107,0.0,0.000597,0.0,3682863
downwards_rotate,downwards_sensor_sweep_120_cubesizeDR-20260626-215239,TesolloDownwardsRotateZ,TesolloDownwardsRotateZ-20260626-215248-downwardsrotatez_sb_forcemagnitude_s0,force.magnitude,0,82,95,4.75,114.952,1.353192,77.5322,0.033667,0.000177,0.0,0.041221,0.393994,0.0,0.000593,0.0,3682863
downwards_rotate,downwards_sensor_sweep_120_cubesizeDR-20260626-215239,TesolloDownwardsRotateZ,TesolloDownwardsRotateZ-20260626-215248-downwardsrotatez_sb_forcemagnitude_s0,force.magnitude,0,82,96,4.8,114.952,1.355915,77.6882,0.033626,0.001117,0.0,0.041141,0.393875,0.0,0.000643,0.0,3682863
downwards_rotate,downwards_sensor_sweep_120_cubesizeDR-20260626-215239,TesolloDownwardsRotateZ,TesolloDownwardsRotateZ-20260626-215248-downwardsrotatez_sb_forcemagnitude_s0,force.magnitude,0,82,97,4.85,114.952,1.359128,77.8723,0.033604,0.001013,0.0,0.041048,0.393677,0.0,0.000922,0.0,3682863
downwards_rotate,downwards_sensor_sweep_120_cubesizeDR-20260626-215239,TesolloDownwardsRotateZ,TesolloDownwardsRotateZ-20260626-215248-downwardsrotatez_sb_forcemagnitude_s0,force.magnitude,0,82,98,4.9,114.952,1.36096,77.9773,0.033511,0.002118,0.0,0.040995,0.39287,0.0,0.000621,0.0,3682863
downwards_rotate,downwards_sensor_sweep_120_cubesizeDR-20260626-215239,TesolloDownwardsRotateZ,TesolloDownwardsRotateZ-20260626-215248-downwardsrotatez_sb_forcemagnitude_s0,force.magnitude,0,82,99,4.95,114.952,1.363186,78.1048,0.03344,0.003646,0.0,0.040931,0.392509,0.0,0.000605,0.0,3682863
downwards_rotate,downwards_sensor_sweep_120_cubesizeDR-20260626-215239,TesolloDownwardsRotateZ,TesolloDownwardsRotateZ-20260626-215248-downwardsrotatez_sb_forcemagnitude_s0,force.magnitude,0,82,100,5.0,114.952,1.365735,78.2508,0.033537,0.000182,0.0,0.040858,0.392757,0.0,0.000654,0.0,3682863
downwards_rotate,downwards_sensor_sweep_120_cubesizeDR-20260626-215239,TesolloDownwardsRotateZ,TesolloDownwardsRotateZ-20260626-215248-downwardsrotatez_sb_forcemagnitude_s0,force.magnitude,0,82,101,5.05,114.952,1.36852,78.4104,0.033558,6.7e-05,0.0,0.040778,0.393099,0.0,0.000771,0.0,3682863
downwards_rotate,downwards_sensor_sweep_120_cubesizeDR-20260626-215239,TesolloDownwardsRotateZ,TesolloDownwardsRotateZ-20260626-215248-downwardsrotatez_sb_forcemagnitude_s0,force.magnitude,0,82,102,5.1,114.952,1.370437,78.5203,0.03354,0.000726,0.0,0.040723,0.393151,0.0,0.000812,0.0,3682863
downwards_rotate,downwards_sensor_sweep_120_cubesizeDR-20260626-215239,TesolloDownwardsRotateZ,TesolloDownwardsRotateZ-20260626-215248-downwardsrotatez_sb_forcemagnitude_s0,force.magnitude,0,82,103,5.15,114.952,1.372845,78.6582,0.03352,0.001282,0.0,0.040655,0.39316,0.0,0.000888,0.0,3682863
downwards_rotate,downwards_sensor_sweep_120_cubesizeDR-20260626-215239,TesolloDownwardsRotateZ,TesolloDownwardsRotateZ-20260626-215248-downwardsrotatez_sb_forcemagnitude_s0,force.magnitude,0,82,104,5.2,114.952,1.374858,78.7736,0.033528,0.000651,0.0,0.040597,0.393141,0.0,0.000884,0.0,3682863
downwards_rotate,downwards_sensor_sweep_120_cubesizeDR-20260626-215239,TesolloDownwardsRotateZ,TesolloDownwardsRotateZ-20260626-215248-downwardsrotatez_sb_forcemagnitude_s0,force.magnitude,0,82,105,5.25,114.952,1.376668,78.8773,0.033537,5.2e-05,0.0,0.040546,0.393125,0.0,0.000802,0.0,3682863
downwards_rotate,downwards_sensor_sweep_120_cubesizeDR-20260626-215239,TesolloDownwardsRotateZ,TesolloDownwardsRotateZ-20260626-215248-downwardsrotatez_sb_forcemagnitude_s0,force.magnitude,0,82,106,5.3,114.952,1.378429,78.9782,0.033532,2.3e-05,0.0,0.040497,0.393121,0.0,0.000707,0.0,3682863
downwards_rotate,downwards_sensor_sweep_120_cubesizeDR-20260626-215239,TesolloDownwardsRotateZ,TesolloDownwardsRotateZ-20260626-215248-downwardsrotatez_sb_forcemagnitude_s0,force.magnitude,0,82,107,5.35,114.952,1.379383,79.0328,0.033482,0.001,0.0,0.04047,0.392809,0.0,0.00045,0.0,3682863
downwards_rotate,downwards_sensor_sweep_120_cubesizeDR-20260626-215239,TesolloDownwardsRotateZ,TesolloDownwardsRotateZ-20260626-215248-downwardsrotatez_sb_forcemagnitude_s0,force.magnitude,0,82,108,5.4,114.952,1.380392,79.0907,0.033445,0.002203,0.0,0.040441,0.392749,0.0,0.000413,0.0,3682863
downwards_rotate,downwards_sensor_sweep_120_cubesizeDR-20260626-215239,TesolloDownwardsRotateZ,TesolloDownwardsRotateZ-20260626-215248-downwardsrotatez_sb_forcemagnitude_s0,force.magnitude,0,82,109,5.45,114.952,1.381778,79.1701,0.033499,4.5e-05,0.0,0.040402,0.39281,0.0,0.000414,0.0,3682863
downwards_rotate,downwards_sensor_sweep_120_cubesizeDR-20260626-215239,TesolloDownwardsRotateZ,TesolloDownwardsRotateZ-20260626-215248-downwardsrotatez_sb_forcemagnitude_s0,force.magnitude,0,82,110,5.5,114.952,1.383112,79.2465,0.033462,0.001065,0.0,0.040365,0.392705,0.0,0.000618,0.0,3682863
downwards_rotate,downwards_sensor_sweep_120_cubesizeDR-20260626-215239,TesolloDownwardsRotateZ,TesolloDownwardsRotateZ-20260626-215248-downwardsrotatez_sb_forcemagnitude_s0,force.magnitude,0,82,111,5.55,114.952,1.383999,79.2973,0.033359,0.002306,0.0,0.04034,0.391775,0.0,0.000401,0.0,3682863
downwards_rotate,downwards_sensor_sweep_120_cubesizeDR-20260626-215239,TesolloDownwardsRotateZ,TesolloDownwardsRotateZ-20260626-215248-downwardsrotatez_sb_forcemagnitude_s0,force.magnitude,0,82,112,5.6,114.952,1.385154,79.3635,0.033274,0.003546,0.0,0.040308,0.391094,0.0,0.000442,0.0,3682863
downwards_rotate,downwards_sensor_sweep_120_cubesizeDR-20260626-215239,TesolloDownwardsRotateZ,TesolloDownwardsRotateZ-20260626-215248-downwardsrotatez_sb_forcemagnitude_s0,force.magnitude,0,82,113,5.65,114.952,1.387234,79.4827,0.033345,6.5e-05,0.0,0.04025,0.390961,0.0,0.000473,0.0,3682863
downwards_rotate,downwards_sensor_sweep_120_cubesizeDR-20260626-215239,TesolloDownwardsRotateZ,TesolloDownwardsRotateZ-20260626-215248-downwardsrotatez_sb_forcemagnitude_s0,force.magnitude,0,82,114,5.7,114.952,1.389724,79.6253,0.033358,0.000112,0.0,0.040181,0.391249,0.0,0.000531,0.0,3682863
downwards_rotate,downwards_sensor_sweep_120_cubesizeDR-20260626-215239,TesolloDownwardsRotateZ,TesolloDownwardsRotateZ-20260626-215248-downwardsrotatez_sb_forcemagnitude_s0,force.magnitude,0,82,115,5.75,114.952,1.39209,79.7609,0.03339,2.2e-05,0.0,0.040115,0.391724,0.0,0.000548,0.0,3682863
downwards_rotate,downwards_sensor_sweep_120_cubesizeDR-20260626-215239,TesolloDownwardsRotateZ,TesolloDownwardsRotateZ-20260626-215248-downwardsrotatez_sb_forcemagnitude_s0,force.magnitude,0,82,116,5.8,114.952,1.394274,79.886,0.033414,5e-06,0.0,0.040055,0.392121,0.0,0.000518,0.0,3682863
downwards_rotate,downwards_sensor_sweep_120_cubesizeDR-20260626-215239,TesolloDownwardsRotateZ,TesolloDownwardsRotateZ-20260626-215248-downwardsrotatez_sb_forcemagnitude_s0,force.magnitude,0,82,117,5.85,114.952,1.395888,79.9785,0.033404,0.000141,0.0,0.04001,0.392099,0.0,0.000455,0.0,3682863
downwards_rotate,downwards_sensor_sweep_120_cubesizeDR-20260626-215239,TesolloDownwardsRotateZ,TesolloDownwardsRotateZ-20260626-215248-downwardsrotatez_sb_forcemagnitude_s0,force.magnitude,0,82,118,5.9,114.952,1.396572,80.0177,0.033285,0.002519,0.0,0.039992,0.39132,0.0,0.000233,0.0,3682863
downwards_rotate,downwards_sensor_sweep_120_cubesizeDR-20260626-215239,TesolloDownwardsRotateZ,TesolloDownwardsRotateZ-20260626-215248-downwardsrotatez_sb_forcemagnitude_s0,force.magnitude,0,82,119,5.95,114.952,1.397241,80.056,0.033196,0.003946,0.0,0.039973,0.390641,0.0,0.000275,0.0,3682863
downwards_rotate,downwards_sensor_sweep_120_cubesizeDR-20260626-215239,TesolloDownwardsRotateZ,TesolloDownwardsRotateZ-20260627-013545-downwardsrotatez_sb_propriodelta_s0,proprio.delta,0,13,0,0.0,114.654,2.001095,114.6543,-0.013276,0.266882,0.967535,0.000917,0.234436,0.055912,0.084492,0.0,3682863
downwards_rotate,downwards_sensor_sweep_120_cubesizeDR-20260626-215239,TesolloDownwardsRotateZ,TesolloDownwardsRotateZ-20260627-013545-downwardsrotatez_sb_propriodelta_s0,proprio.delta,0,13,1,0.05,114.654,2.001095,114.6543,-0.006662,0.041362,0.993638,0.00018,0.256924,0.111845,0.063278,0.0,3682863
downwards_rotate,downwards_sensor_sweep_120_cubesizeDR-20260626-215239,TesolloDownwardsRotateZ,TesolloDownwardsRotateZ-20260627-013545-downwardsrotatez_sb_propriodelta_s0,proprio.delta,0,13,2,0.1,114.654,1.993128,114.1978,0.004308,0.007785,0.696392,0.008611,0.281623,0.111814,0.05949,0.0,3682863
downwards_rotate,downwards_sensor_sweep_120_cubesizeDR-20260626-215239,TesolloDownwardsRotateZ,TesolloDownwardsRotateZ-20260627-013545-downwardsrotatez_sb_propriodelta_s0,proprio.delta,0,13,3,0.15,114.654,1.961101,112.3628,-0.002352,0.00239,1.0,0.0,0.303754,0.069814,0.06705,0.0,3682863
downwards_rotate,downwards_sensor_sweep_120_cubesizeDR-20260626-215239,TesolloDownwardsRotateZ,TesolloDownwardsRotateZ-20260627-013545-downwardsrotatez_sb_propriodelta_s0,proprio.delta,0,13,4,0.2,114.654,1.952729,111.8831,-0.001565,0.009209,1.0,0.0,0.316866,0.082844,0.091043,0.0,3682863
downwards_rotate,downwards_sensor_sweep_120_cubesizeDR-20260626-215239,TesolloDownwardsRotateZ,TesolloDownwardsRotateZ-20260627-013545-downwardsrotatez_sb_propriodelta_s0,proprio.delta,0,13,5,0.25,114.654,1.940201,111.1653,-0.00038,0.003596,1.0,0.0,0.330987,0.078169,0.106421,0.0,3682863
downwards_rotate,downwards_sensor_sweep_120_cubesizeDR-20260626-215239,TesolloDownwardsRotateZ,TesolloDownwardsRotateZ-20260627-013545-downwardsrotatez_sb_propriodelta_s0,proprio.delta,0,13,6,0.3,114.654,1.914415,109.6879,0.001374,0.003457,1.0,0.0,0.354254,0.069568,0.101979,0.0,3682863
downwards_rotate,downwards_sensor_sweep_120_cubesizeDR-20260626-215239,TesolloDownwardsRotateZ,TesolloDownwardsRotateZ-20260627-013545-downwardsrotatez_sb_propriodelta_s0,proprio.delta,0,13,7,0.35,114.654,1.873964,107.3702,0.002955,0.025427,1.0,0.0,0.38244,0.068604,0.085278,0.0,3682863
downwards_rotate,downwards_sensor_sweep_120_cubesizeDR-20260626-215239,TesolloDownwardsRotateZ,TesolloDownwardsRotateZ-20260627-013545-downwardsrotatez_sb_propriodelta_s0,proprio.delta,0,13,8,0.4,114.654,1.811636,103.7991,0.007949,0.077681,0.806405,0.006024,0.393716,0.029392,0.076582,0.0,3682863
downwards_rotate,downwards_sensor_sweep_120_cubesizeDR-20260626-215239,TesolloDownwardsRotateZ,TesolloDownwardsRotateZ-20260627-013545-downwardsrotatez_sb_propriodelta_s0,proprio.delta,0,13,9,0.45,114.654,1.721698,98.646,0.003009,0.051849,1.0,0.0,0.391778,0.105811,0.068012,0.0,3682863
downwards_rotate,downwards_sensor_sweep_120_cubesizeDR-20260626-215239,TesolloDownwardsRotateZ,TesolloDownwardsRotateZ-20260627-013545-downwardsrotatez_sb_propriodelta_s0,proprio.delta,0,13,10,0.5,114.654,1.657537,94.9699,0.031889,0.047725,0.0,0.033909,0.396845,0.010932,0.070558,0.0,3682863
downwards_rotate,downwards_sensor_sweep_120_cubesizeDR-20260626-215239,TesolloDownwardsRotateZ,TesolloDownwardsRotateZ-20260627-013545-downwardsrotatez_sb_propriodelta_s0,proprio.delta,0,13,11,0.55,114.654,1.607708,92.1149,0.032663,0.011935,0.0,0.034923,0.393841,0.006974,0.068729,0.0,3682863
downwards_rotate,downwards_sensor_sweep_120_cubesizeDR-20260626-215239,TesolloDownwardsRotateZ,TesolloDownwardsRotateZ-20260627-013545-downwardsrotatez_sb_propriodelta_s0,proprio.delta,0,13,12,0.6,114.654,1.568117,89.8465,0.032747,0.007027,0.0,0.035773,0.39211,0.006624,0.062028,0.0,3682863
downwards_rotate,downwards_sensor_sweep_120_cubesizeDR-20260626-215239,TesolloDownwardsRotateZ,TesolloDownwardsRotateZ-20260627-013545-downwardsrotatez_sb_propriodelta_s0,proprio.delta,0,13,13,0.65,114.654,1.535626,87.9849,0.032825,0.001039,0.0,0.036502,0.390068,0.013269,0.052873,0.0,3682863
downwards_rotate,downwards_sensor_sweep_120_cubesizeDR-20260626-215239,TesolloDownwardsRotateZ,TesolloDownwardsRotateZ-20260627-013545-downwardsrotatez_sb_propriodelta_s0,proprio.delta,0,13,14,0.7,114.654,1.506034,86.2894,0.032768,0.000561,0.0,0.037193,0.388095,0.007899,0.043924,0.0,3682863
downwards_rotate,downwards_sensor_sweep_120_cubesizeDR-20260626-215239,TesolloDownwardsRotateZ,TesolloDownwardsRotateZ-20260627-013545-downwardsrotatez_sb_propriodelta_s0,proprio.delta,0,13,15,0.75,114.654,1.47706,84.6293,0.032782,0.001233,0.0,0.037895,0.387471,0.001945,0.037253,0.0,3682863
downwards_rotate,downwards_sensor_sweep_120_cubesizeDR-20260626-215239,TesolloDownwardsRotateZ,TesolloDownwardsRotateZ-20260627-013545-downwardsrotatez_sb_propriodelta_s0,proprio.delta,0,13,16,0.8,114.654,1.451574,83.1691,0.032651,0.004056,0.0,0.038535,0.38581,0.017376,0.03506,0.0,3682863
downwards_rotate,downwards_sensor_sweep_120_cubesizeDR-20260626-215239,TesolloDownwardsRotateZ,TesolloDownwardsRotateZ-20260627-013545-downwardsrotatez_sb_propriodelta_s0,proprio.delta,0,13,17,0.85,114.654,1.427876,81.8113,0.032836,0.001698,0.0,0.039149,0.386624,0.001063,0.032956,0.0,3682863
downwards_rotate,downwards_sensor_sweep_120_cubesizeDR-20260626-215239,TesolloDownwardsRotateZ,TesolloDownwardsRotateZ-20260627-013545-downwardsrotatez_sb_propriodelta_s0,proprio.delta,0,13,18,0.9,114.654,1.40525,80.5149,0.032627,0.001495,0.0,0.039754,0.382982,0.012206,0.033519,0.0,3682863
downwards_rotate,downwards_sensor_sweep_120_cubesizeDR-20260626-215239,TesolloDownwardsRotateZ,TesolloDownwardsRotateZ-20260627-013545-downwardsrotatez_sb_propriodelta_s0,proprio.delta,0,13,19,0.95,114.654,1.38323,79.2533,0.032528,0.001145,0.0,0.040362,0.380737,0.010387,0.033463,0.0,3682863
downwards_rotate,downwards_sensor_sweep_120_cubesizeDR-20260626-215239,TesolloDownwardsRotateZ,TesolloDownwardsRotateZ-20260627-013545-downwardsrotatez_sb_propriodelta_s0,proprio.delta,0,13,20,1.0,114.654,1.362365,78.0578,0.032494,0.000603,0.0,0.040955,0.379282,0.002298,0.032756,0.0,3682863
downwards_rotate,downwards_sensor_sweep_120_cubesizeDR-20260626-215239,TesolloDownwardsRotateZ,TesolloDownwardsRotateZ-20260627-013545-downwardsrotatez_sb_propriodelta_s0,proprio.delta,0,13,21,1.05,114.654,1.343539,76.9791,0.032394,0.000969,0.0,0.041505,0.377319,0.002746,0.031327,0.0,3682863
downwards_rotate,downwards_sensor_sweep_120_cubesizeDR-20260626-215239,TesolloDownwardsRotateZ,TesolloDownwardsRotateZ-20260627-013545-downwardsrotatez_sb_propriodelta_s0,proprio.delta,0,13,22,1.1,114.654,1.324105,75.8656,0.032381,0.000372,0.0,0.042088,0.37614,0.002295,0.028543,0.0,3682863
downwards_rotate,downwards_sensor_sweep_120_cubesizeDR-20260626-215239,TesolloDownwardsRotateZ,TesolloDownwardsRotateZ-20260627-013545-downwardsrotatez_sb_propriodelta_s0,proprio.delta,0,13,23,1.15,114.654,1.306664,74.8663,0.032309,0.00051,0.0,0.042626,0.374463,0.002265,0.025161,0.0,3682863
downwards_rotate,downwards_sensor_sweep_120_cubesizeDR-20260626-215239,TesolloDownwardsRotateZ,TesolloDownwardsRotateZ-20260627-013545-downwardsrotatez_sb_propriodelta_s0,proprio.delta,0,13,24,1.2,114.654,1.290152,73.9203,0.0323,0.000282,0.0,0.043148,0.373519,0.002136,0.021312,0.0,3682863
downwards_rotate,downwards_sensor_sweep_120_cubesizeDR-20260626-215239,TesolloDownwardsRotateZ,TesolloDownwardsRotateZ-20260627-013545-downwardsrotatez_sb_propriodelta_s0,proprio.delta,0,13,25,1.25,114.654,1.274604,73.0294,0.032281,0.000241,0.0,0.043651,0.37253,0.000498,0.017481,0.0,3682863
downwards_rotate,downwards_sensor_sweep_120_cubesizeDR-20260626-215239,TesolloDownwardsRotateZ,TesolloDownwardsRotateZ-20260627-013545-downwardsrotatez_sb_propriodelta_s0,proprio.delta,0,13,26,1.3,114.654,1.259159,72.1445,0.032331,0.000313,0.0,0.044163,0.372485,9.3e-05,0.01348,0.0,3682863
downwards_rotate,downwards_sensor_sweep_120_cubesizeDR-20260626-215239,TesolloDownwardsRotateZ,TesolloDownwardsRotateZ-20260627-013545-downwardsrotatez_sb_propriodelta_s0,proprio.delta,0,13,27,1.35,114.654,1.243096,71.2242,0.032435,0.000282,0.0,0.044708,0.37308,5e-06,0.010166,0.0,3682863
downwards_rotate,downwards_sensor_sweep_120_cubesizeDR-20260626-215239,TesolloDownwardsRotateZ,TesolloDownwardsRotateZ-20260627-013545-downwardsrotatez_sb_propriodelta_s0,proprio.delta,0,13,28,1.4,114.654,1.229176,70.4266,0.032501,0.000208,0.0,0.045192,0.373257,1e-06,0.007368,0.0,3682863
downwards_rotate,downwards_sensor_sweep_120_cubesizeDR-20260626-215239,TesolloDownwardsRotateZ,TesolloDownwardsRotateZ-20260627-013545-downwardsrotatez_sb_propriodelta_s0,proprio.delta,0,13,29,1.45,114.654,1.216216,69.6841,0.032602,0.000172,0.0,0.045651,0.373948,6.1e-05,0.005107,0.0,3682863
downwards_rotate,downwards_sensor_sweep_120_cubesizeDR-20260626-215239,TesolloDownwardsRotateZ,TesolloDownwardsRotateZ-20260627-013545-downwardsrotatez_sb_propriodelta_s0,proprio.delta,0,13,30,1.5,114.654,1.204536,69.0148,0.032726,0.000109,0.0,0.046073,0.375002,3.3e-05,0.003388,0.0,3682863
downwards_rotate,downwards_sensor_sweep_120_cubesizeDR-20260626-215239,TesolloDownwardsRotateZ,TesolloDownwardsRotateZ-20260627-013545-downwardsrotatez_sb_propriodelta_s0,proprio.delta,0,13,31,1.55,114.654,1.193108,68.3601,0.032862,7.8e-05,0.0,0.046494,0.376228,0.0,0.002176,0.0,3682863
downwards_rotate,downwards_sensor_sweep_120_cubesizeDR-20260626-215239,TesolloDownwardsRotateZ,TesolloDownwardsRotateZ-20260627-013545-downwardsrotatez_sb_propriodelta_s0,proprio.delta,0,13,32,1.6,114.654,1.185324,67.914,0.032893,8.4e-05,0.0,0.046785,0.37624,0.0,0.001373,0.0,3682863
downwards_rotate,downwards_sensor_sweep_120_cubesizeDR-20260626-215239,TesolloDownwardsRotateZ,TesolloDownwardsRotateZ-20260627-013545-downwardsrotatez_sb_propriodelta_s0,proprio.delta,0,13,33,1.65,114.654,1.178722,67.5358,0.032895,7.5e-05,0.0,0.047035,0.375919,0.0,0.000887,0.0,3682863
downwards_rotate,downwards_sensor_sweep_120_cubesizeDR-20260626-215239,TesolloDownwardsRotateZ,TesolloDownwardsRotateZ-20260627-013545-downwardsrotatez_sb_propriodelta_s0,proprio.delta,0,13,34,1.7,114.654,1.17104,67.0956,0.032896,2.8e-05,0.0,0.047329,0.375525,0.0,0.00062,0.0,3682863
downwards_rotate,downwards_sensor_sweep_120_cubesizeDR-20260626-215239,TesolloDownwardsRotateZ,TesolloDownwardsRotateZ-20260627-013545-downwardsrotatez_sb_propriodelta_s0,proprio.delta,0,13,35,1.75,114.654,1.165633,66.7858,0.032894,3e-05,0.0,0.047538,0.375216,0.0,0.000469,0.0,3682863
downwards_rotate,downwards_sensor_sweep_120_cubesizeDR-20260626-215239,TesolloDownwardsRotateZ,TesolloDownwardsRotateZ-20260627-013545-downwardsrotatez_sb_propriodelta_s0,proprio.delta,0,13,36,1.8,114.654,1.160572,66.4959,0.032883,2.4e-05,0.0,0.047736,0.374806,0.0,0.000399,0.0,3682863
downwards_rotate,downwards_sensor_sweep_120_cubesizeDR-20260626-215239,TesolloDownwardsRotateZ,TesolloDownwardsRotateZ-20260627-013545-downwardsrotatez_sb_propriodelta_s0,proprio.delta,0,13,37,1.85,114.654,1.155593,66.2106,0.032868,2.4e-05,0.0,0.047931,0.374343,0.0,0.000356,0.0,3682863
downwards_rotate,downwards_sensor_sweep_120_cubesizeDR-20260626-215239,TesolloDownwardsRotateZ,TesolloDownwardsRotateZ-20260627-013545-downwardsrotatez_sb_propriodelta_s0,proprio.delta,0,13,38,1.9,114.654,1.150616,65.9255,0.032851,3e-05,0.0,0.048129,0.373853,1e-06,0.000321,0.0,3682863
downwards_rotate,downwards_sensor_sweep_120_cubesizeDR-20260626-215239,TesolloDownwardsRotateZ,TesolloDownwardsRotateZ-20260627-013545-downwardsrotatez_sb_propriodelta_s0,proprio.delta,0,13,39,1.95,114.654,1.145643,65.6405,0.032833,3.4e-05,0.0,0.048328,0.373345,2e-06,0.000294,0.0,3682863
downwards_rotate,downwards_sensor_sweep_120_cubesizeDR-20260626-215239,TesolloDownwardsRotateZ,TesolloDownwardsRotateZ-20260627-013545-downwardsrotatez_sb_propriodelta_s0,proprio.delta,0,13,40,2.0,114.654,1.140692,65.3568,0.032814,3.4e-05,0.0,0.048527,0.372827,2e-06,0.000273,0.0,3682863
downwards_rotate,downwards_sensor_sweep_120_cubesizeDR-20260626-215239,TesolloDownwardsRotateZ,TesolloDownwardsRotateZ-20260627-013545-downwardsrotatez_sb_propriodelta_s0,proprio.delta,0,13,41,2.05,114.654,1.134201,64.9849,0.032803,3.9e-05,0.0,0.048791,0.37233,5e-06,0.00026,0.0,3682863
downwards_rotate,downwards_sensor_sweep_120_cubesizeDR-20260626-215239,TesolloDownwardsRotateZ,TesolloDownwardsRotateZ-20260627-013545-downwardsrotatez_sb_propriodelta_s0,proprio.delta,0,13,42,2.1,114.654,1.129273,64.7026,0.032785,3e-05,0.0,0.048994,0.371817,4e-06,0.000241,0.0,3682863
downwards_rotate,downwards_sensor_sweep_120_cubesizeDR-20260626-215239,TesolloDownwardsRotateZ,TesolloDownwardsRotateZ-20260627-013545-downwardsrotatez_sb_propriodelta_s0,proprio.delta,0,13,43,2.15,114.654,1.1233,64.3604,0.032764,6.8e-05,0.0,0.049241,0.371218,2.3e-05,0.000227,0.0,3682863
downwards_rotate,downwards_sensor_sweep_120_cubesizeDR-20260626-215239,TesolloDownwardsRotateZ,TesolloDownwardsRotateZ-20260627-013545-downwardsrotatez_sb_propriodelta_s0,proprio.delta,0,13,44,2.2,114.654,1.116007,63.9425,0.032748,0.0001,0.0,0.049547,0.37061,9.3e-05,0.000225,0.0,3682863
downwards_rotate,downwards_sensor_sweep_120_cubesizeDR-20260626-215239,TesolloDownwardsRotateZ,TesolloDownwardsRotateZ-20260627-013545-downwardsrotatez_sb_propriodelta_s0,proprio.delta,0,13,45,2.25,114.654,1.10776,63.4699,0.032736,0.000109,0.0,0.049898,0.369985,0.000182,0.000234,0.0,3682863
downwards_rotate,downwards_sensor_sweep_120_cubesizeDR-20260626-215239,TesolloDownwardsRotateZ,TesolloDownwardsRotateZ-20260627-013545-downwardsrotatez_sb_propriodelta_s0,proprio.delta,0,13,46,2.3,114.654,1.098639,62.9474,0.032722,0.00015,0.0,0.050291,0.369297,0.000283,0.000254,0.0,3682863
downwards_rotate,downwards_sensor_sweep_120_cubesizeDR-20260626-215239,TesolloDownwardsRotateZ,TesolloDownwardsRotateZ-20260627-013545-downwardsrotatez_sb_propriodelta_s0,proprio.delta,0,13,47,2.35,114.654,1.088637,62.3743,0.032706,0.00028,0.0,0.05073,0.368533,0.000401,0.000288,0.0,3682863
downwards_rotate,downwards_sensor_sweep_120_cubesizeDR-20260626-215239,TesolloDownwardsRotateZ,TesolloDownwardsRotateZ-20260627-013545-downwardsrotatez_sb_propriodelta_s0,proprio.delta,0,13,48,2.4,114.654,1.077842,61.7558,0.032692,0.00033,0.0,0.051212,0.367723,0.000548,0.000335,0.0,3682863
downwards_rotate,downwards_sensor_sweep_120_cubesizeDR-20260626-215239,TesolloDownwardsRotateZ,TesolloDownwardsRotateZ-20260627-013545-downwardsrotatez_sb_propriodelta_s0,proprio.delta,0,13,49,2.45,114.654,1.06644,61.1025,0.032677,0.000489,0.0,0.051731,0.36689,0.000757,0.00039,0.0,3682863
downwards_rotate,downwards_sensor_sweep_120_cubesizeDR-20260626-215239,TesolloDownwardsRotateZ,TesolloDownwardsRotateZ-20260627-013545-downwardsrotatez_sb_propriodelta_s0,proprio.delta,0,13,50,2.5,114.654,1.054264,60.4049,0.032684,0.000724,0.0,0.052297,0.3663,0.000512,0.000469,0.0,3682863
downwards_rotate,downwards_sensor_sweep_120_cubesizeDR-20260626-215239,TesolloDownwardsRotateZ,TesolloDownwardsRotateZ-20260627-013545-downwardsrotatez_sb_propriodelta_s0,proprio.delta,0,13,51,2.55,114.654,1.042261,59.7172,0.032692,0.001046,0.0,0.052868,0.365763,0.00062,0.000524,0.0,3682863
downwards_rotate,downwards_sensor_sweep_120_cubesizeDR-20260626-215239,TesolloDownwardsRotateZ,TesolloDownwardsRotateZ-20260627-013545-downwardsrotatez_sb_propriodelta_s0,proprio.delta,0,13,52,2.6,114.654,1.029766,59.0012,0.032681,0.002309,0.0,0.053475,0.365234,0.001427,0.000657,0.0,3682863
downwards_rotate,downwards_sensor_sweep_120_cubesizeDR-20260626-215239,TesolloDownwardsRotateZ,TesolloDownwardsRotateZ-20260627-013545-downwardsrotatez_sb_propriodelta_s0,proprio.delta,0,13,53,2.65,114.654,1.016288,58.229,0.032701,0.002733,0.0,0.054146,0.364754,0.002464,0.001041,0.0,3682863
downwards_rotate,downwards_sensor_sweep_120_cubesizeDR-20260626-215239,TesolloDownwardsRotateZ,TesolloDownwardsRotateZ-20260627-013545-downwardsrotatez_sb_propriodelta_s0,proprio.delta,0,13,54,2.7,114.654,1.003347,57.4876,0.03274,0.002559,0.0,0.054806,0.364346,0.004229,0.002161,0.0,3682863
downwards_rotate,downwards_sensor_sweep_120_cubesizeDR-20260626-215239,TesolloDownwardsRotateZ,TesolloDownwardsRotateZ-20260627-013545-downwardsrotatez_sb_propriodelta_s0,proprio.delta,0,13,55,2.75,114.654,0.989736,56.7077,0.032793,0.002521,0.0,0.055518,0.364147,0.031787,0.00396,0.0,3682863
downwards_rotate,downwards_sensor_sweep_120_cubesizeDR-20260626-215239,TesolloDownwardsRotateZ,TesolloDownwardsRotateZ-20260627-013545-downwardsrotatez_sb_propriodelta_s0,proprio.delta,0,13,56,2.8,114.654,0.972645,55.7284,0.032801,0.006298,0.0,0.056438,0.364293,0.003898,0.006699,0.0,3682863
downwards_rotate,downwards_sensor_sweep_120_cubesizeDR-20260626-215239,TesolloDownwardsRotateZ,TesolloDownwardsRotateZ-20260627-013545-downwardsrotatez_sb_propriodelta_s0,proprio.delta,0,13,57,2.85,114.654,0.948862,54.3658,0.032875,0.005451,0.0,0.057771,0.36324,0.002829,0.009023,0.0,3682863
downwards_rotate,downwards_sensor_sweep_120_cubesizeDR-20260626-215239,TesolloDownwardsRotateZ,TesolloDownwardsRotateZ-20260627-013545-downwardsrotatez_sb_propriodelta_s0,proprio.delta,0,13,58,2.9,114.654,0.925358,53.0191,0.032965,0.000837,0.0,0.059152,0.361078,0.003927,0.00955,0.0,3682863
downwards_rotate,downwards_sensor_sweep_120_cubesizeDR-20260626-215239,TesolloDownwardsRotateZ,TesolloDownwardsRotateZ-20260627-013545-downwardsrotatez_sb_propriodelta_s0,proprio.delta,0,13,59,2.95,114.654,0.902838,51.7288,0.032939,0.001034,0.0,0.060538,0.358942,0.004081,0.008884,0.0,3682863
downwards_rotate,downwards_sensor_sweep_120_cubesizeDR-20260626-215239,TesolloDownwardsRotateZ,TesolloDownwardsRotateZ-20260627-013545-downwardsrotatez_sb_propriodelta_s0,proprio.delta,0,13,60,3.0,114.654,0.879373,50.3843,0.033009,0.000379,0.0,0.062053,0.357607,0.002645,0.007494,0.0,3682863
downwards_rotate,downwards_sensor_sweep_120_cubesizeDR-20260626-215239,TesolloDownwardsRotateZ,TesolloDownwardsRotateZ-20260627-013545-downwardsrotatez_sb_propriodelta_s0,proprio.delta,0,13,61,3.05,114.654,0.848439,48.612,0.033362,0.000959,0.0,0.06417,0.359677,0.00162,0.006362,0.0,3682863
downwards_rotate,downwards_sensor_sweep_120_cubesizeDR-20260626-215239,TesolloDownwardsRotateZ,TesolloDownwardsRotateZ-20260627-013545-downwardsrotatez_sb_propriodelta_s0,proprio.delta,0,13,62,3.1,114.654,0.822926,47.1502,0.033328,0.000755,0.0,0.066028,0.356651,0.002146,0.004996,0.0,3682863
downwards_rotate,downwards_sensor_sweep_120_cubesizeDR-20260626-215239,TesolloDownwardsRotateZ,TesolloDownwardsRotateZ-20260627-013545-downwardsrotatez_sb_propriodelta_s0,proprio.delta,0,13,63,3.15,114.654,0.794058,45.4962,0.033673,0.000438,0.0,0.068265,0.358165,0.004949,0.004378,0.0,3682863
downwards_rotate,downwards_sensor_sweep_120_cubesizeDR-20260626-215239,TesolloDownwardsRotateZ,TesolloDownwardsRotateZ-20260627-013545-downwardsrotatez_sb_propriodelta_s0,proprio.delta,0,13,64,3.2,114.654,0.769717,44.1015,0.033671,0.001499,0.0,0.070272,0.355814,0.003662,0.004157,0.0,3682863
downwards_rotate,downwards_sensor_sweep_120_cubesizeDR-20260626-215239,TesolloDownwardsRotateZ,TesolloDownwardsRotateZ-20260627-013545-downwardsrotatez_sb_propriodelta_s0,proprio.delta,0,13,65,3.25,114.654,0.740184,42.4094,0.033948,0.000661,0.0,0.072871,0.35577,0.003481,0.005046,0.0,3682863
downwards_rotate,downwards_sensor_sweep_120_cubesizeDR-20260626-215239,TesolloDownwardsRotateZ,TesolloDownwardsRotateZ-20260627-013545-downwardsrotatez_sb_propriodelta_s0,proprio.delta,0,13,66,3.3,114.654,0.707529,40.5384,0.034314,0.000682,0.0,0.075979,0.356535,0.001234,0.006557,0.0,3682863
downwards_rotate,downwards_sensor_sweep_120_cubesizeDR-20260626-215239,TesolloDownwardsRotateZ,TesolloDownwardsRotateZ-20260627-013545-downwardsrotatez_sb_propriodelta_s0,proprio.delta,0,13,67,3.35,114.654,0.683643,39.1698,0.034767,0.001079,0.0,0.078426,0.35948,0.005848,0.008481,0.0,3682863
downwards_rotate,downwards_sensor_sweep_120_cubesizeDR-20260626-215239,TesolloDownwardsRotateZ,TesolloDownwardsRotateZ-20260627-013545-downwardsrotatez_sb_propriodelta_s0,proprio.delta,0,13,68,3.4,114.654,0.650932,37.2957,0.035081,0.001615,0.0,0.082043,0.35901,0.00064,0.008597,0.0,3682863
downwards_rotate,downwards_sensor_sweep_120_cubesizeDR-20260626-215239,TesolloDownwardsRotateZ,TesolloDownwardsRotateZ-20260627-013545-downwardsrotatez_sb_propriodelta_s0,proprio.delta,0,13,69,3.45,114.654,0.628566,36.0142,0.03565,0.003429,0.0,0.084715,0.363644,0.003353,0.008672,0.0,3682863
downwards_rotate,downwards_sensor_sweep_120_cubesizeDR-20260626-215239,TesolloDownwardsRotateZ,TesolloDownwardsRotateZ-20260627-013545-downwardsrotatez_sb_propriodelta_s0,proprio.delta,0,13,70,3.5,114.654,0.609784,34.938,0.035803,0.0046,0.0,0.087097,0.362897,0.001804,0.009168,0.0,3682863
downwards_rotate,downwards_sensor_sweep_120_cubesizeDR-20260626-215239,TesolloDownwardsRotateZ,TesolloDownwardsRotateZ-20260627-013545-downwardsrotatez_sb_propriodelta_s0,proprio.delta,0,13,71,3.55,114.654,0.585078,33.5225,0.035896,0.003771,0.0,0.090443,0.359409,0.001076,0.009734,0.0,3682863
downwards_rotate,downwards_sensor_sweep_120_cubesizeDR-20260626-215239,TesolloDownwardsRotateZ,TesolloDownwardsRotateZ-20260627-013545-downwardsrotatez_sb_propriodelta_s0,proprio.delta,0,13,72,3.6,114.654,0.554962,31.797,0.036384,0.00054,0.0,0.094885,0.358937,0.005437,0.010325,0.0,3682863
downwards_rotate,downwards_sensor_sweep_120_cubesizeDR-20260626-215239,TesolloDownwardsRotateZ,TesolloDownwardsRotateZ-20260627-013545-downwardsrotatez_sb_propriodelta_s0,proprio.delta,0,13,73,3.65,114.654,0.536018,30.7116,0.036514,0.006104,0.0,0.09791,0.358503,0.00491,0.01197,0.0,3682863
downwards_rotate,downwards_sensor_sweep_120_cubesizeDR-20260626-215239,TesolloDownwardsRotateZ,TesolloDownwardsRotateZ-20260627-013545-downwardsrotatez_sb_propriodelta_s0,proprio.delta,0,13,74,3.7,114.654,0.530951,30.4213,0.036668,0.002442,0.0,0.098752,0.358292,0.001258,0.018361,0.0,3682863
downwards_rotate,downwards_sensor_sweep_120_cubesizeDR-20260626-215239,TesolloDownwardsRotateZ,TesolloDownwardsRotateZ-20260627-013545-downwardsrotatez_sb_propriodelta_s0,proprio.delta,0,13,75,3.75,114.654,0.529648,30.3466,0.036606,0.004125,0.0,0.098971,0.357838,0.000445,0.026129,0.0,3682863
downwards_rotate,downwards_sensor_sweep_120_cubesizeDR-20260626-215239,TesolloDownwardsRotateZ,TesolloDownwardsRotateZ-20260627-013545-downwardsrotatez_sb_propriodelta_s0,proprio.delta,0,13,76,3.8,114.654,0.526101,30.1434,0.036794,0.001469,0.0,0.099572,0.358736,0.000847,0.031269,0.0,3682863
downwards_rotate,downwards_sensor_sweep_120_cubesizeDR-20260626-215239,TesolloDownwardsRotateZ,TesolloDownwardsRotateZ-20260627-013545-downwardsrotatez_sb_propriodelta_s0,proprio.delta,0,13,77,3.85,114.654,0.52165,29.8883,0.03686,0.000634,0.0,0.100336,0.358291,0.000376,0.029904,0.0,3682863
downwards_rotate,downwards_sensor_sweep_120_cubesizeDR-20260626-215239,TesolloDownwardsRotateZ,TesolloDownwardsRotateZ-20260627-013545-downwardsrotatez_sb_propriodelta_s0,proprio.delta,0,13,78,3.9,114.654,0.519035,29.7385,0.036727,0.000457,0.0,0.100791,0.355762,0.000286,0.022857,0.0,3682863
downwards_rotate,downwards_sensor_sweep_120_cubesizeDR-20260626-215239,TesolloDownwardsRotateZ,TesolloDownwardsRotateZ-20260627-013545-downwardsrotatez_sb_propriodelta_s0,proprio.delta,0,13,79,3.95,114.654,0.515445,29.5328,0.036768,0.00151,0.0,0.101422,0.355756,0.000116,0.018535,0.0,3682863
downwards_rotate,downwards_sensor_sweep_120_cubesizeDR-20260626-215239,TesolloDownwardsRotateZ,TesolloDownwardsRotateZ-20260627-013545-downwardsrotatez_sb_propriodelta_s0,proprio.delta,0,13,80,4.0,114.654,0.510983,29.2772,0.036837,0.000159,0.0,0.102217,0.355128,7.7e-05,0.015658,0.0,3682863
downwards_rotate,downwards_sensor_sweep_120_cubesizeDR-20260626-215239,TesolloDownwardsRotateZ,TesolloDownwardsRotateZ-20260627-013545-downwardsrotatez_sb_propriodelta_s0,proprio.delta,0,13,81,4.05,114.654,0.50616,29.0008,0.036881,7.4e-05,0.0,0.10309,0.354503,0.0,0.014051,0.0,3682863
downwards_rotate,downwards_sensor_sweep_120_cubesizeDR-20260626-215239,TesolloDownwardsRotateZ,TesolloDownwardsRotateZ-20260627-013545-downwardsrotatez_sb_propriodelta_s0,proprio.delta,0,13,82,4.1,114.654,0.501895,28.7565,0.036839,0.000189,0.0,0.103875,0.352932,0.0,0.013191,0.0,3682863
downwards_rotate,downwards_sensor_sweep_120_cubesizeDR-20260626-215239,TesolloDownwardsRotateZ,TesolloDownwardsRotateZ-20260627-013545-downwardsrotatez_sb_propriodelta_s0,proprio.delta,0,13,83,4.15,114.654,0.493335,28.266,0.037013,0.000127,0.0,0.105487,0.353069,0.0,0.013218,0.0,3682863
downwards_rotate,downwards_sensor_sweep_120_cubesizeDR-20260626-215239,TesolloDownwardsRotateZ,TesolloDownwardsRotateZ-20260627-013545-downwardsrotatez_sb_propriodelta_s0,proprio.delta,0,13,84,4.2,114.654,0.48966,28.0555,0.036998,7.3e-05,0.0,0.106195,0.351917,0.0,0.013122,0.0,3682863
downwards_rotate,downwards_sensor_sweep_120_cubesizeDR-20260626-215239,TesolloDownwardsRotateZ,TesolloDownwardsRotateZ-20260627-013545-downwardsrotatez_sb_propriodelta_s0,proprio.delta,0,13,85,4.25,114.654,0.481303,27.5766,0.037187,4.2e-05,0.0,0.10784,0.352229,0.0,0.012752,0.0,3682863
downwards_rotate,downwards_sensor_sweep_120_cubesizeDR-20260626-215239,TesolloDownwardsRotateZ,TesolloDownwardsRotateZ-20260627-013545-downwardsrotatez_sb_propriodelta_s0,proprio.delta,0,13,86,4.3,114.654,0.477852,27.3789,0.037182,6.8e-05,0.0,0.108534,0.351235,0.0,0.01206,0.0,3682863
downwards_rotate,downwards_sensor_sweep_120_cubesizeDR-20260626-215239,TesolloDownwardsRotateZ,TesolloDownwardsRotateZ-20260627-013545-downwardsrotatez_sb_propriodelta_s0,proprio.delta,0,13,87,4.35,114.654,0.473302,27.1182,0.037232,4.1e-05,0.0,0.109464,0.350635,0.0,0.011131,0.0,3682863
downwards_rotate,downwards_sensor_sweep_120_cubesizeDR-20260626-215239,TesolloDownwardsRotateZ,TesolloDownwardsRotateZ-20260627-013545-downwardsrotatez_sb_propriodelta_s0,proprio.delta,0,13,88,4.4,114.654,0.466946,26.754,0.037391,5.6e-05,0.0,0.110789,0.35098,0.0,0.010028,0.0,3682863
downwards_rotate,downwards_sensor_sweep_120_cubesizeDR-20260626-215239,TesolloDownwardsRotateZ,TesolloDownwardsRotateZ-20260627-013545-downwardsrotatez_sb_propriodelta_s0,proprio.delta,0,13,89,4.45,114.654,0.463961,26.583,0.0374,7.9e-05,0.0,0.111422,0.350253,0.0,0.008985,0.0,3682863
downwards_rotate,downwards_sensor_sweep_120_cubesizeDR-20260626-215239,TesolloDownwardsRotateZ,TesolloDownwardsRotateZ-20260627-013545-downwardsrotatez_sb_propriodelta_s0,proprio.delta,0,13,90,4.5,114.654,0.459808,26.345,0.037449,0.000103,0.0,0.112315,0.349717,0.0,0.008391,0.0,3682863
downwards_rotate,downwards_sensor_sweep_120_cubesizeDR-20260626-215239,TesolloDownwardsRotateZ,TesolloDownwardsRotateZ-20260627-013545-downwardsrotatez_sb_propriodelta_s0,proprio.delta,0,13,91,4.55,114.654,0.455299,26.0867,0.037517,3.4e-05,0.0,0.113301,0.349269,0.0,0.007926,0.0,3682863
downwards_rotate,downwards_sensor_sweep_120_cubesizeDR-20260626-215239,TesolloDownwardsRotateZ,TesolloDownwardsRotateZ-20260627-013545-downwardsrotatez_sb_propriodelta_s0,proprio.delta,0,13,92,4.6,114.654,0.450976,25.839,0.037586,3.6e-05,0.0,0.114264,0.348909,0.0,0.007359,0.0,3682863
downwards_rotate,downwards_sensor_sweep_120_cubesizeDR-20260626-215239,TesolloDownwardsRotateZ,TesolloDownwardsRotateZ-20260627-013545-downwardsrotatez_sb_propriodelta_s0,proprio.delta,0,13,93,4.65,114.654,0.446695,25.5937,0.037659,4.9e-05,0.0,0.115232,0.348583,0.0,0.006805,0.0,3682863
downwards_rotate,downwards_sensor_sweep_120_cubesizeDR-20260626-215239,TesolloDownwardsRotateZ,TesolloDownwardsRotateZ-20260627-013545-downwardsrotatez_sb_propriodelta_s0,proprio.delta,0,13,94,4.7,114.654,0.442477,25.3521,0.03773,3.2e-05,0.0,0.116203,0.348229,0.0,0.006298,0.0,3682863
downwards_rotate,downwards_sensor_sweep_120_cubesizeDR-20260626-215239,TesolloDownwardsRotateZ,TesolloDownwardsRotateZ-20260627-013545-downwardsrotatez_sb_propriodelta_s0,proprio.delta,0,13,95,4.75,114.654,0.438285,25.1119,0.037803,3.2e-05,0.0,0.117184,0.347887,0.0,0.005857,0.0,3682863
downwards_rotate,downwards_sensor_sweep_120_cubesizeDR-20260626-215239,TesolloDownwardsRotateZ,TesolloDownwardsRotateZ-20260627-013545-downwardsrotatez_sb_propriodelta_s0,proprio.delta,0,13,96,4.8,114.654,0.434163,24.8757,0.037874,2.9e-05,0.0,0.118165,0.347516,0.0,0.005462,0.0,3682863
downwards_rotate,downwards_sensor_sweep_120_cubesizeDR-20260626-215239,TesolloDownwardsRotateZ,TesolloDownwardsRotateZ-20260627-013545-downwardsrotatez_sb_propriodelta_s0,proprio.delta,0,13,97,4.85,114.654,0.430257,24.6519,0.03794,2.6e-05,0.0,0.11911,0.347128,0.0,0.005091,0.0,3682863
downwards_rotate,downwards_sensor_sweep_120_cubesizeDR-20260626-215239,TesolloDownwardsRotateZ,TesolloDownwardsRotateZ-20260627-013545-downwardsrotatez_sb_propriodelta_s0,proprio.delta,0,13,98,4.9,114.654,0.426625,24.4438,0.037998,2.5e-05,0.0,0.120003,0.346705,0.0,0.004765,0.0,3682863
downwards_rotate,downwards_sensor_sweep_120_cubesizeDR-20260626-215239,TesolloDownwardsRotateZ,TesolloDownwardsRotateZ-20260627-013545-downwardsrotatez_sb_propriodelta_s0,proprio.delta,0,13,99,4.95,114.654,0.423452,24.262,0.038041,6.9e-05,0.0,0.120793,0.346239,0.0,0.004423,0.0,3682863
downwards_rotate,downwards_sensor_sweep_120_cubesizeDR-20260626-215239,TesolloDownwardsRotateZ,TesolloDownwardsRotateZ-20260627-013545-downwardsrotatez_sb_propriodelta_s0,proprio.delta,0,13,100,5.0,114.654,0.419878,24.0572,0.038097,8.3e-05,0.0,0.121696,0.345785,0.0,0.004019,0.0,3682863
downwards_rotate,downwards_sensor_sweep_120_cubesizeDR-20260626-215239,TesolloDownwardsRotateZ,TesolloDownwardsRotateZ-20260627-013545-downwardsrotatez_sb_propriodelta_s0,proprio.delta,0,13,101,5.05,114.654,0.417133,23.9,0.038156,0.000118,0.0,0.122399,0.345628,0.0,0.003544,0.0,3682863
downwards_rotate,downwards_sensor_sweep_120_cubesizeDR-20260626-215239,TesolloDownwardsRotateZ,TesolloDownwardsRotateZ-20260627-013545-downwardsrotatez_sb_propriodelta_s0,proprio.delta,0,13,102,5.1,114.654,0.413576,23.6961,0.03821,7e-05,0.0,0.123322,0.345104,0.0,0.002931,0.0,3682863
downwards_rotate,downwards_sensor_sweep_120_cubesizeDR-20260626-215239,TesolloDownwardsRotateZ,TesolloDownwardsRotateZ-20260627-013545-downwardsrotatez_sb_propriodelta_s0,proprio.delta,0,13,103,5.15,114.654,0.4103,23.5085,0.038272,4.7e-05,0.0,0.124184,0.344756,0.0,0.002463,0.0,3682863
downwards_rotate,downwards_sensor_sweep_120_cubesizeDR-20260626-215239,TesolloDownwardsRotateZ,TesolloDownwardsRotateZ-20260627-013545-downwardsrotatez_sb_propriodelta_s0,proprio.delta,0,13,104,5.2,114.654,0.406909,23.3142,0.038348,3.9e-05,0.0,0.12509,0.344561,0.0,0.002169,0.0,3682863
downwards_rotate,downwards_sensor_sweep_120_cubesizeDR-20260626-215239,TesolloDownwardsRotateZ,TesolloDownwardsRotateZ-20260627-013545-downwardsrotatez_sb_propriodelta_s0,proprio.delta,0,13,105,5.25,114.654,0.403576,23.1232,0.038407,2.1e-05,0.0,0.125993,0.34413,0.0,0.001911,0.0,3682863
downwards_rotate,downwards_sensor_sweep_120_cubesizeDR-20260626-215239,TesolloDownwardsRotateZ,TesolloDownwardsRotateZ-20260627-013545-downwardsrotatez_sb_propriodelta_s0,proprio.delta,0,13,106,5.3,114.654,0.401341,22.9951,0.038451,4.7e-05,0.0,0.126606,0.343913,0.0,0.001757,0.0,3682863
downwards_rotate,downwards_sensor_sweep_120_cubesizeDR-20260626-215239,TesolloDownwardsRotateZ,TesolloDownwardsRotateZ-20260627-013545-downwardsrotatez_sb_propriodelta_s0,proprio.delta,0,13,107,5.35,114.654,0.398498,22.8323,0.038515,0.00022,0.0,0.127394,0.343771,0.0,0.001521,0.0,3682863
downwards_rotate,downwards_sensor_sweep_120_cubesizeDR-20260626-215239,TesolloDownwardsRotateZ,TesolloDownwardsRotateZ-20260627-013545-downwardsrotatez_sb_propriodelta_s0,proprio.delta,0,13,108,5.4,114.654,0.396366,22.7101,0.038554,0.000396,0.0,0.127991,0.343551,0.0,0.00139,0.0,3682863
downwards_rotate,downwards_sensor_sweep_120_cubesizeDR-20260626-215239,TesolloDownwardsRotateZ,TesolloDownwardsRotateZ-20260627-013545-downwardsrotatez_sb_propriodelta_s0,proprio.delta,0,13,109,5.45,114.654,0.39428,22.5906,0.038592,2e-05,0.0,0.128581,0.343138,0.0,0.00124,0.0,3682863
downwards_rotate,downwards_sensor_sweep_120_cubesizeDR-20260626-215239,TesolloDownwardsRotateZ,TesolloDownwardsRotateZ-20260627-013545-downwardsrotatez_sb_propriodelta_s0,proprio.delta,0,13,110,5.5,114.654,0.391107,22.4088,0.038654,0.000286,0.0,0.12949,0.342837,0.0,0.001042,0.0,3682863
downwards_rotate,downwards_sensor_sweep_120_cubesizeDR-20260626-215239,TesolloDownwardsRotateZ,TesolloDownwardsRotateZ-20260627-013545-downwardsrotatez_sb_propriodelta_s0,proprio.delta,0,13,111,5.55,114.654,0.389553,22.3197,0.03866,0.000596,0.0,0.129939,0.34242,0.0,0.000918,0.0,3682863
downwards_rotate,downwards_sensor_sweep_120_cubesizeDR-20260626-215239,TesolloDownwardsRotateZ,TesolloDownwardsRotateZ-20260627-013545-downwardsrotatez_sb_propriodelta_s0,proprio.delta,0,13,112,5.6,114.654,0.387903,22.2252,0.038687,1.6e-05,0.0,0.13042,0.341951,0.0,0.000827,0.0,3682863
downwards_rotate,downwards_sensor_sweep_120_cubesizeDR-20260626-215239,TesolloDownwardsRotateZ,TesolloDownwardsRotateZ-20260627-013545-downwardsrotatez_sb_propriodelta_s0,proprio.delta,0,13,113,5.65,114.654,0.386182,22.1266,0.038702,7e-06,0.0,0.130925,0.341471,0.0,0.000733,0.0,3682863
downwards_rotate,downwards_sensor_sweep_120_cubesizeDR-20260626-215239,TesolloDownwardsRotateZ,TesolloDownwardsRotateZ-20260627-013545-downwardsrotatez_sb_propriodelta_s0,proprio.delta,0,13,114,5.7,114.654,0.384433,22.0264,0.038719,6e-06,0.0,0.131442,0.341001,0.0,0.000647,0.0,3682863
downwards_rotate,downwards_sensor_sweep_120_cubesizeDR-20260626-215239,TesolloDownwardsRotateZ,TesolloDownwardsRotateZ-20260627-013545-downwardsrotatez_sb_propriodelta_s0,proprio.delta,0,13,115,5.75,114.654,0.382931,21.9403,0.038727,5e-06,0.0,0.13189,0.340515,0.0,0.000569,0.0,3682863
downwards_rotate,downwards_sensor_sweep_120_cubesizeDR-20260626-215239,TesolloDownwardsRotateZ,TesolloDownwardsRotateZ-20260627-013545-downwardsrotatez_sb_propriodelta_s0,proprio.delta,0,13,116,5.8,114.654,0.381675,21.8683,0.038726,1.2e-05,0.0,0.132266,0.339996,0.0,0.000518,0.0,3682863
downwards_rotate,downwards_sensor_sweep_120_cubesizeDR-20260626-215239,TesolloDownwardsRotateZ,TesolloDownwardsRotateZ-20260627-013545-downwardsrotatez_sb_propriodelta_s0,proprio.delta,0,13,117,5.85,114.654,0.380334,21.7915,0.03873,7e-06,0.0,0.132671,0.339512,0.0,0.000475,0.0,3682863
downwards_rotate,downwards_sensor_sweep_120_cubesizeDR-20260626-215239,TesolloDownwardsRotateZ,TesolloDownwardsRotateZ-20260627-013545-downwardsrotatez_sb_propriodelta_s0,proprio.delta,0,13,118,5.9,114.654,0.37889,21.7088,0.03874,5e-06,0.0,0.133109,0.339062,0.0,0.000434,0.0,3682863
downwards_rotate,downwards_sensor_sweep_120_cubesizeDR-20260626-215239,TesolloDownwardsRotateZ,TesolloDownwardsRotateZ-20260627-013545-downwardsrotatez_sb_propriodelta_s0,proprio.delta,0,13,119,5.95,114.654,0.377741,21.643,0.038739,4e-06,0.0,0.13346,0.338585,0.0,0.000394,0.0,3682863
downwards_rotate,downwards_sensor_sweep_120_cubesizeDR-20260626-215239,TesolloDownwardsRotateZ,TesolloDownwardsRotateZ-20260627-013545-downwardsrotatez_sb_propriodelta_s0,proprio.delta,0,74,0,0.0,114.39,1.996485,114.3902,-0.013485,0.266938,0.967535,0.000919,0.231667,0.05584,0.084504,0.0,3682863
downwards_rotate,downwards_sensor_sweep_120_cubesizeDR-20260626-215239,TesolloDownwardsRotateZ,TesolloDownwardsRotateZ-20260627-013545-downwardsrotatez_sb_propriodelta_s0,proprio.delta,0,74,1,0.05,114.39,1.996485,114.3902,-0.006892,0.041236,0.993639,0.00018,0.25382,0.111723,0.06329,0.0,3682863
downwards_rotate,downwards_sensor_sweep_120_cubesizeDR-20260626-215239,TesolloDownwardsRotateZ,TesolloDownwardsRotateZ-20260627-013545-downwardsrotatez_sb_propriodelta_s0,proprio.delta,0,74,2,0.1,114.39,1.978726,113.3726,-0.004506,0.007822,1.0,0.0,0.276742,0.083993,0.05806,0.0,3682863
downwards_rotate,downwards_sensor_sweep_120_cubesizeDR-20260626-215239,TesolloDownwardsRotateZ,TesolloDownwardsRotateZ-20260627-013545-downwardsrotatez_sb_propriodelta_s0,proprio.delta,0,74,3,0.15,114.39,1.936772,110.9689,-0.002257,0.003857,1.0,0.0,0.305454,0.075708,0.061682,0.0,3682863
downwards_rotate,downwards_sensor_sweep_120_cubesizeDR-20260626-215239,TesolloDownwardsRotateZ,TesolloDownwardsRotateZ-20260627-013545-downwardsrotatez_sb_propriodelta_s0,proprio.delta,0,74,4,0.2,114.39,1.933481,110.7803,-0.001707,0.006412,1.0,0.0,0.313862,0.07267,0.078834,0.0,3682863
downwards_rotate,downwards_sensor_sweep_120_cubesizeDR-20260626-215239,TesolloDownwardsRotateZ,TesolloDownwardsRotateZ-20260627-013545-downwardsrotatez_sb_propriodelta_s0,proprio.delta,0,74,5,0.25,114.39,1.934746,110.8528,-0.000635,0.007049,1.0,0.0,0.328459,0.075673,0.085715,0.0,3682863
downwards_rotate,downwards_sensor_sweep_120_cubesizeDR-20260626-215239,TesolloDownwardsRotateZ,TesolloDownwardsRotateZ-20260627-013545-downwardsrotatez_sb_propriodelta_s0,proprio.delta,0,74,6,0.3,114.39,1.925605,110.3291,0.001043,0.003683,1.0,0.0,0.349665,0.069458,0.082604,0.0,3682863
downwards_rotate,downwards_sensor_sweep_120_cubesizeDR-20260626-215239,TesolloDownwardsRotateZ,TesolloDownwardsRotateZ-20260627-013545-downwardsrotatez_sb_propriodelta_s0,proprio.delta,0,74,7,0.35,114.39,1.901836,108.9672,0.00266,0.021331,1.0,0.0,0.37692,0.052475,0.070086,0.0,3682863
downwards_rotate,downwards_sensor_sweep_120_cubesizeDR-20260626-215239,TesolloDownwardsRotateZ,TesolloDownwardsRotateZ-20260627-013545-downwardsrotatez_sb_propriodelta_s0,proprio.delta,0,74,8,0.4,114.39,1.853682,106.2081,0.008724,0.123172,0.731898,0.008158,0.391397,0.054974,0.064499,0.0,3682863
downwards_rotate,downwards_sensor_sweep_120_cubesizeDR-20260626-215239,TesolloDownwardsRotateZ,TesolloDownwardsRotateZ-20260627-013545-downwardsrotatez_sb_propriodelta_s0,proprio.delta,0,74,9,0.45,114.39,1.754182,100.5072,0.031866,0.048079,0.0,0.0321,0.39907,0.023501,0.069914,0.0,3682863
downwards_rotate,downwards_sensor_sweep_120_cubesizeDR-20260626-215239,TesolloDownwardsRotateZ,TesolloDownwardsRotateZ-20260627-013545-downwardsrotatez_sb_propriodelta_s0,proprio.delta,0,74,10,0.5,114.39,1.682044,96.374,0.03248,0.014776,0.0,0.033431,0.394397,0.009019,0.072653,0.0,3682863
downwards_rotate,downwards_sensor_sweep_120_cubesizeDR-20260626-215239,TesolloDownwardsRotateZ,TesolloDownwardsRotateZ-20260627-013545-downwardsrotatez_sb_propriodelta_s0,proprio.delta,0,74,11,0.55,114.39,1.622253,92.9482,0.03268,0.008386,0.0,0.034621,0.393324,0.007615,0.070594,0.0,3682863
downwards_rotate,downwards_sensor_sweep_120_cubesizeDR-20260626-215239,TesolloDownwardsRotateZ,TesolloDownwardsRotateZ-20260627-013545-downwardsrotatez_sb_propriodelta_s0,proprio.delta,0,74,12,0.6,114.39,1.578244,90.4267,0.032826,0.002833,0.0,0.035552,0.392083,0.006686,0.064274,0.0,3682863
downwards_rotate,downwards_sensor_sweep_120_cubesizeDR-20260626-215239,TesolloDownwardsRotateZ,TesolloDownwardsRotateZ-20260627-013545-downwardsrotatez_sb_propriodelta_s0,proprio.delta,0,74,13,0.65,114.39,1.544403,88.4878,0.032809,0.001213,0.0,0.036302,0.3902,0.006614,0.054848,0.0,3682863
downwards_rotate,downwards_sensor_sweep_120_cubesizeDR-20260626-215239,TesolloDownwardsRotateZ,TesolloDownwardsRotateZ-20260627-013545-downwardsrotatez_sb_propriodelta_s0,proprio.delta,0,74,14,0.7,114.39,1.516245,86.8744,0.032755,0.000319,0.0,0.036952,0.388186,0.007191,0.045292,0.0,3682863
downwards_rotate,downwards_sensor_sweep_120_cubesizeDR-20260626-215239,TesolloDownwardsRotateZ,TesolloDownwardsRotateZ-20260627-013545-downwardsrotatez_sb_propriodelta_s0,proprio.delta,0,74,15,0.75,114.39,1.487626,85.2347,0.032767,0.000322,0.0,0.037636,0.387323,0.002099,0.037664,0.0,3682863
downwards_rotate,downwards_sensor_sweep_120_cubesizeDR-20260626-215239,TesolloDownwardsRotateZ,TesolloDownwardsRotateZ-20260627-013545-downwardsrotatez_sb_propriodelta_s0,proprio.delta,0,74,16,0.8,114.39,1.462744,83.809,0.032645,0.003839,0.0,0.038252,0.385999,0.001031,0.033813,0.0,3682863
downwards_rotate,downwards_sensor_sweep_120_cubesizeDR-20260626-215239,TesolloDownwardsRotateZ,TesolloDownwardsRotateZ-20260627-013545-downwardsrotatez_sb_propriodelta_s0,proprio.delta,0,74,17,0.85,114.39,1.438783,82.4362,0.032829,0.001244,0.0,0.038864,0.386744,0.001035,0.032093,0.0,3682863
downwards_rotate,downwards_sensor_sweep_120_cubesizeDR-20260626-215239,TesolloDownwardsRotateZ,TesolloDownwardsRotateZ-20260627-013545-downwardsrotatez_sb_propriodelta_s0,proprio.delta,0,74,18,0.9,114.39,1.414963,81.0714,0.032643,0.001073,0.0,0.039492,0.38339,0.012493,0.032782,0.0,3682863
downwards_rotate,downwards_sensor_sweep_120_cubesizeDR-20260626-215239,TesolloDownwardsRotateZ,TesolloDownwardsRotateZ-20260627-013545-downwardsrotatez_sb_propriodelta_s0,proprio.delta,0,74,19,0.95,114.39,1.392236,79.7693,0.032497,0.001287,0.0,0.040111,0.380703,0.018878,0.032664,0.0,3682863
downwards_rotate,downwards_sensor_sweep_120_cubesizeDR-20260626-215239,TesolloDownwardsRotateZ,TesolloDownwardsRotateZ-20260627-013545-downwardsrotatez_sb_propriodelta_s0,proprio.delta,0,74,20,1.0,114.39,1.368984,78.437,0.032658,0.001348,0.0,0.040765,0.381978,0.003001,0.032306,0.0,3682863
downwards_rotate,downwards_sensor_sweep_120_cubesizeDR-20260626-215239,TesolloDownwardsRotateZ,TesolloDownwardsRotateZ-20260627-013545-downwardsrotatez_sb_propriodelta_s0,proprio.delta,0,74,21,1.05,114.39,1.349609,77.3269,0.032479,0.003042,0.0,0.041326,0.37939,0.002473,0.031123,0.0,3682863
downwards_rotate,downwards_sensor_sweep_120_cubesizeDR-20260626-215239,TesolloDownwardsRotateZ,TesolloDownwardsRotateZ-20260627-013545-downwardsrotatez_sb_propriodelta_s0,proprio.delta,0,74,22,1.1,114.39,1.329821,76.1931,0.032469,0.000994,0.0,0.041915,0.377757,0.002883,0.02934,0.0,3682863
downwards_rotate,downwards_sensor_sweep_120_cubesizeDR-20260626-215239,TesolloDownwardsRotateZ,TesolloDownwardsRotateZ-20260627-013545-downwardsrotatez_sb_propriodelta_s0,proprio.delta,0,74,23,1.15,114.39,1.310752,75.1006,0.032423,0.000422,0.0,0.042499,0.376135,0.002392,0.026461,0.0,3682863
downwards_rotate,downwards_sensor_sweep_120_cubesizeDR-20260626-215239,TesolloDownwardsRotateZ,TesolloDownwardsRotateZ-20260627-013545-downwardsrotatez_sb_propriodelta_s0,proprio.delta,0,74,24,1.2,114.39,1.293282,74.0996,0.032356,0.000431,0.0,0.043048,0.374472,0.002804,0.02316,0.0,3682863
downwards_rotate,downwards_sensor_sweep_120_cubesizeDR-20260626-215239,TesolloDownwardsRotateZ,TesolloDownwardsRotateZ-20260627-013545-downwardsrotatez_sb_propriodelta_s0,proprio.delta,0,74,25,1.25,114.39,1.276798,73.1551,0.032308,0.000424,0.0,0.04358,0.373073,0.003009,0.019517,0.0,3682863
downwards_rotate,downwards_sensor_sweep_120_cubesizeDR-20260626-215239,TesolloDownwardsRotateZ,TesolloDownwardsRotateZ-20260627-013545-downwardsrotatez_sb_propriodelta_s0,proprio.delta,0,74,26,1.3,114.39,1.259148,72.1439,0.032362,0.000106,0.0,0.044163,0.37285,0.00075,0.015793,0.0,3682863
downwards_rotate,downwards_sensor_sweep_120_cubesizeDR-20260626-215239,TesolloDownwardsRotateZ,TesolloDownwardsRotateZ-20260627-013545-downwardsrotatez_sb_propriodelta_s0,proprio.delta,0,74,27,1.35,114.39,1.242989,71.218,0.032389,0.000312,0.0,0.044712,0.372512,0.000242,0.012322,0.0,3682863
downwards_rotate,downwards_sensor_sweep_120_cubesizeDR-20260626-215239,TesolloDownwardsRotateZ,TesolloDownwardsRotateZ-20260627-013545-downwardsrotatez_sb_propriodelta_s0,proprio.delta,0,74,28,1.4,114.39,1.22797,70.3575,0.032456,0.000165,0.0,0.045234,0.372612,7.9e-05,0.0093,0.0,3682863
downwards_rotate,downwards_sensor_sweep_120_cubesizeDR-20260626-215239,TesolloDownwardsRotateZ,TesolloDownwardsRotateZ-20260627-013545-downwardsrotatez_sb_propriodelta_s0,proprio.delta,0,74,29,1.45,114.39,1.213383,69.5217,0.032544,9.6e-05,0.0,0.045753,0.373036,3.1e-05,0.006894,0.0,3682863
downwards_rotate,downwards_sensor_sweep_120_cubesizeDR-20260626-215239,TesolloDownwardsRotateZ,TesolloDownwardsRotateZ-20260627-013545-downwardsrotatez_sb_propriodelta_s0,proprio.delta,0,74,30,1.5,114.39,1.198704,68.6807,0.032684,0.000168,0.0,0.046287,0.374186,2.3e-05,0.004947,0.0,3682863
downwards_rotate,downwards_sensor_sweep_120_cubesizeDR-20260626-215239,TesolloDownwardsRotateZ,TesolloDownwardsRotateZ-20260627-013545-downwardsrotatez_sb_propriodelta_s0,proprio.delta,0,74,31,1.55,114.39,1.185495,67.9239,0.032801,8.1e-05,0.0,0.046779,0.375053,2.6e-05,0.003474,0.0,3682863
downwards_rotate,downwards_sensor_sweep_120_cubesizeDR-20260626-215239,TesolloDownwardsRotateZ,TesolloDownwardsRotateZ-20260627-013545-downwardsrotatez_sb_propriodelta_s0,proprio.delta,0,74,32,1.6,114.39,1.173842,67.2562,0.032882,0.000116,0.0,0.047221,0.375537,5.5e-05,0.0024,0.0,3682863
downwards_rotate,downwards_sensor_sweep_120_cubesizeDR-20260626-215239,TesolloDownwardsRotateZ,TesolloDownwardsRotateZ-20260627-013545-downwardsrotatez_sb_propriodelta_s0,proprio.delta,0,74,33,1.65,114.39,1.164332,66.7113,0.032901,0.000124,0.0,0.047589,0.375294,0.000131,0.00169,0.0,3682863
downwards_rotate,downwards_sensor_sweep_120_cubesizeDR-20260626-215239,TesolloDownwardsRotateZ,TesolloDownwardsRotateZ-20260627-013545-downwardsrotatez_sb_propriodelta_s0,proprio.delta,0,74,34,1.7,114.39,1.155259,66.1915,0.032906,0.000128,0.0,0.047945,0.374877,0.000223,0.001236,0.0,3682863
downwards_rotate,downwards_sensor_sweep_120_cubesizeDR-20260626-215239,TesolloDownwardsRotateZ,TesolloDownwardsRotateZ-20260627-013545-downwardsrotatez_sb_propriodelta_s0,proprio.delta,0,74,35,1.75,114.39,1.146259,65.6758,0.032899,0.000173,0.0,0.048303,0.374317,0.000315,0.000951,0.0,3682863
downwards_rotate,downwards_sensor_sweep_120_cubesizeDR-20260626-215239,TesolloDownwardsRotateZ,TesolloDownwardsRotateZ-20260627-013545-downwardsrotatez_sb_propriodelta_s0,proprio.delta,0,74,36,1.8,114.39,1.137228,65.1584,0.032885,0.000242,0.0,0.048668,0.373672,0.000421,0.000781,0.0,3682863
downwards_rotate,downwards_sensor_sweep_120_cubesizeDR-20260626-215239,TesolloDownwardsRotateZ,TesolloDownwardsRotateZ-20260627-013545-downwardsrotatez_sb_propriodelta_s0,proprio.delta,0,74,37,1.85,114.39,1.12739,64.5947,0.032872,0.000373,0.0,0.049072,0.373003,0.000714,0.000681,0.0,3682863
downwards_rotate,downwards_sensor_sweep_120_cubesizeDR-20260626-215239,TesolloDownwardsRotateZ,TesolloDownwardsRotateZ-20260627-013545-downwardsrotatez_sb_propriodelta_s0,proprio.delta,0,74,38,1.9,114.39,1.114971,63.8831,0.032819,0.002387,0.0,0.049591,0.372275,0.001144,0.000627,0.0,3682863
downwards_rotate,downwards_sensor_sweep_120_cubesizeDR-20260626-215239,TesolloDownwardsRotateZ,TesolloDownwardsRotateZ-20260627-013545-downwardsrotatez_sb_propriodelta_s0,proprio.delta,0,74,39,1.95,114.39,1.10487,63.3044,0.032812,0.000739,0.0,0.050022,0.37106,0.001808,0.000601,0.0,3682863
downwards_rotate,downwards_sensor_sweep_120_cubesizeDR-20260626-215239,TesolloDownwardsRotateZ,TesolloDownwardsRotateZ-20260627-013545-downwardsrotatez_sb_propriodelta_s0,proprio.delta,0,74,40,2.0,114.39,1.094783,62.7264,0.032753,0.00135,0.0,0.050459,0.369893,0.001259,0.000593,0.0,3682863
downwards_rotate,downwards_sensor_sweep_120_cubesizeDR-20260626-215239,TesolloDownwardsRotateZ,TesolloDownwardsRotateZ-20260627-013545-downwardsrotatez_sb_propriodelta_s0,proprio.delta,0,74,41,2.05,114.39,1.084224,62.1215,0.032712,0.001842,0.0,0.050926,0.368884,0.001827,0.000596,0.0,3682863
downwards_rotate,downwards_sensor_sweep_120_cubesizeDR-20260626-215239,TesolloDownwardsRotateZ,TesolloDownwardsRotateZ-20260627-013545-downwardsrotatez_sb_propriodelta_s0,proprio.delta,0,74,42,2.1,114.39,1.072894,61.4723,0.032679,0.002753,0.0,0.051436,0.36807,0.002979,0.000664,0.0,3682863
downwards_rotate,downwards_sensor_sweep_120_cubesizeDR-20260626-215239,TesolloDownwardsRotateZ,TesolloDownwardsRotateZ-20260627-013545-downwardsrotatez_sb_propriodelta_s0,proprio.delta,0,74,43,2.15,114.39,1.058919,60.6716,0.032756,0.002771,0.0,0.052079,0.36825,0.004517,0.000793,0.0,3682863
downwards_rotate,downwards_sensor_sweep_120_cubesizeDR-20260626-215239,TesolloDownwardsRotateZ,TesolloDownwardsRotateZ-20260627-013545-downwardsrotatez_sb_propriodelta_s0,proprio.delta,0,74,44,2.2,114.39,1.047986,60.0452,0.032739,0.002152,0.0,0.052594,0.367133,0.006377,0.001056,0.0,3682863
downwards_rotate,downwards_sensor_sweep_120_cubesizeDR-20260626-215239,TesolloDownwardsRotateZ,TesolloDownwardsRotateZ-20260627-013545-downwardsrotatez_sb_propriodelta_s0,proprio.delta,0,74,45,2.25,114.39,1.033231,59.1997,0.03277,0.00102,0.0,0.053305,0.366232,0.001637,0.002098,0.0,3682863
downwards_rotate,downwards_sensor_sweep_120_cubesizeDR-20260626-215239,TesolloDownwardsRotateZ,TesolloDownwardsRotateZ-20260627-013545-downwardsrotatez_sb_propriodelta_s0,proprio.delta,0,74,46,2.3,114.39,1.014118,58.1047,0.032678,0.00081,0.0,0.054255,0.363687,0.002737,0.003656,0.0,3682863
downwards_rotate,downwards_sensor_sweep_120_cubesizeDR-20260626-215239,TesolloDownwardsRotateZ,TesolloDownwardsRotateZ-20260627-013545-downwardsrotatez_sb_propriodelta_s0,proprio.delta,0,74,47,2.35,114.39,0.993677,56.9335,0.032561,0.000805,0.0,0.05531,0.360738,0.003522,0.004894,0.0,3682863
downwards_rotate,downwards_sensor_sweep_120_cubesizeDR-20260626-215239,TesolloDownwardsRotateZ,TesolloDownwardsRotateZ-20260627-013545-downwardsrotatez_sb_propriodelta_s0,proprio.delta,0,74,48,2.4,114.39,0.972383,55.7135,0.032479,0.000438,0.0,0.056452,0.358002,0.003452,0.005083,0.0,3682863
downwards_rotate,downwards_sensor_sweep_120_cubesizeDR-20260626-215239,TesolloDownwardsRotateZ,TesolloDownwardsRotateZ-20260627-013545-downwardsrotatez_sb_propriodelta_s0,proprio.delta,0,74,49,2.45,114.39,0.950273,54.4466,0.032445,0.000372,0.0,0.05769,0.355867,0.003152,0.004425,0.0,3682863
downwards_rotate,downwards_sensor_sweep_120_cubesizeDR-20260626-215239,TesolloDownwardsRotateZ,TesolloDownwardsRotateZ-20260627-013545-downwardsrotatez_sb_propriodelta_s0,proprio.delta,0,74,50,2.5,114.39,0.927998,53.1704,0.032477,0.000407,0.0,0.058993,0.354558,0.002914,0.00354,0.0,3682863
downwards_rotate,downwards_sensor_sweep_120_cubesizeDR-20260626-215239,TesolloDownwardsRotateZ,TesolloDownwardsRotateZ-20260627-013545-downwardsrotatez_sb_propriodelta_s0,proprio.delta,0,74,51,2.55,114.39,0.902068,51.6847,0.032727,0.000338,0.0,0.060586,0.355733,0.002261,0.002863,0.0,3682863
downwards_rotate,downwards_sensor_sweep_120_cubesizeDR-20260626-215239,TesolloDownwardsRotateZ,TesolloDownwardsRotateZ-20260627-013545-downwardsrotatez_sb_propriodelta_s0,proprio.delta,0,74,52,2.6,114.39,0.879529,50.3933,0.032745,0.000552,0.0,0.062043,0.354098,0.00087,0.002325,0.0,3682863
downwards_rotate,downwards_sensor_sweep_120_cubesizeDR-20260626-215239,TesolloDownwardsRotateZ,TesolloDownwardsRotateZ-20260627-013545-downwardsrotatez_sb_propriodelta_s0,proprio.delta,0,74,53,2.65,114.39,0.8523,48.8332,0.03298,0.000492,0.0,0.063898,0.354725,0.000773,0.002086,0.0,3682863
downwards_rotate,downwards_sensor_sweep_120_cubesizeDR-20260626-215239,TesolloDownwardsRotateZ,TesolloDownwardsRotateZ-20260627-013545-downwardsrotatez_sb_propriodelta_s0,proprio.delta,0,74,54,2.7,114.39,0.825031,47.2708,0.033187,0.000238,0.0,0.065871,0.354776,0.000648,0.002096,0.0,3682863
downwards_rotate,downwards_sensor_sweep_120_cubesizeDR-20260626-215239,TesolloDownwardsRotateZ,TesolloDownwardsRotateZ-20260627-013545-downwardsrotatez_sb_propriodelta_s0,proprio.delta,0,74,55,2.75,114.39,0.79609,45.6126,0.033402,0.000407,0.0,0.068102,0.354722,0.000537,0.002312,0.0,3682863
downwards_rotate,downwards_sensor_sweep_120_cubesizeDR-20260626-215239,TesolloDownwardsRotateZ,TesolloDownwardsRotateZ-20260627-013545-downwardsrotatez_sb_propriodelta_s0,proprio.delta,0,74,56,2.8,114.39,0.769007,44.0608,0.033641,0.000404,0.0,0.070332,0.354941,0.000552,0.002828,0.0,3682863
downwards_rotate,downwards_sensor_sweep_120_cubesizeDR-20260626-215239,TesolloDownwardsRotateZ,TesolloDownwardsRotateZ-20260627-013545-downwardsrotatez_sb_propriodelta_s0,proprio.delta,0,74,57,2.85,114.39,0.730075,41.8302,0.034069,0.000813,0.0,0.073806,0.356177,0.000803,0.004526,0.0,3682863
downwards_rotate,downwards_sensor_sweep_120_cubesizeDR-20260626-215239,TesolloDownwardsRotateZ,TesolloDownwardsRotateZ-20260627-013545-downwardsrotatez_sb_propriodelta_s0,proprio.delta,0,74,58,2.9,114.39,0.695863,39.87,0.03448,0.000598,0.0,0.077155,0.357143,0.00104,0.005653,0.0,3682863
downwards_rotate,downwards_sensor_sweep_120_cubesizeDR-20260626-215239,TesolloDownwardsRotateZ,TesolloDownwardsRotateZ-20260627-013545-downwardsrotatez_sb_propriodelta_s0,proprio.delta,0,74,59,2.95,114.39,0.667611,38.2513,0.034965,0.000417,0.0,0.080158,0.359551,0.000389,0.006528,0.0,3682863
downwards_rotate,downwards_sensor_sweep_120_cubesizeDR-20260626-215239,TesolloDownwardsRotateZ,TesolloDownwardsRotateZ-20260627-013545-downwardsrotatez_sb_propriodelta_s0,proprio.delta,0,74,60,3.0,114.39,0.640727,36.7109,0.035141,0.000526,0.0,0.083241,0.357838,0.001837,0.007187,0.0,3682863
downwards_rotate,downwards_sensor_sweep_120_cubesizeDR-20260626-215239,TesolloDownwardsRotateZ,TesolloDownwardsRotateZ-20260627-013545-downwardsrotatez_sb_propriodelta_s0,proprio.delta,0,74,61,3.05,114.39,0.615788,35.282,0.035378,0.000934,0.0,0.086321,0.357022,0.001345,0.007589,0.0,3682863
downwards_rotate,downwards_sensor_sweep_120_cubesizeDR-20260626-215239,TesolloDownwardsRotateZ,TesolloDownwardsRotateZ-20260627-013545-downwardsrotatez_sb_propriodelta_s0,proprio.delta,0,74,62,3.1,114.39,0.595296,34.108,0.035908,0.001093,0.0,0.089028,0.360568,0.000777,0.009724,0.0,3682863
downwards_rotate,downwards_sensor_sweep_120_cubesizeDR-20260626-215239,TesolloDownwardsRotateZ,TesolloDownwardsRotateZ-20260627-013545-downwardsrotatez_sb_propriodelta_s0,proprio.delta,0,74,63,3.15,114.39,0.574582,32.9211,0.035932,0.001271,0.0,0.091943,0.357065,0.002339,0.010508,0.0,3682863
downwards_rotate,downwards_sensor_sweep_120_cubesizeDR-20260626-215239,TesolloDownwardsRotateZ,TesolloDownwardsRotateZ-20260627-013545-downwardsrotatez_sb_propriodelta_s0,proprio.delta,0,74,64,3.2,114.39,0.549376,31.4769,0.03623,0.001926,0.0,0.095757,0.356205,0.001969,0.013144,0.0,3682863
downwards_rotate,downwards_sensor_sweep_120_cubesizeDR-20260626-215239,TesolloDownwardsRotateZ,TesolloDownwardsRotateZ-20260627-013545-downwardsrotatez_sb_propriodelta_s0,proprio.delta,0,74,65,3.25,114.39,0.527579,30.228,0.036694,0.000421,0.0,0.099321,0.357187,0.002251,0.01634,0.0,3682863
downwards_rotate,downwards_sensor_sweep_120_cubesizeDR-20260626-215239,TesolloDownwardsRotateZ,TesolloDownwardsRotateZ-20260627-013545-downwardsrotatez_sb_propriodelta_s0,proprio.delta,0,74,66,3.3,114.39,0.501256,28.7199,0.037063,0.001984,0.0,0.103994,0.356471,0.065707,0.01575,0.0,3682863
downwards_rotate,downwards_sensor_sweep_120_cubesizeDR-20260626-215239,TesolloDownwardsRotateZ,TesolloDownwardsRotateZ-20260627-013545-downwardsrotatez_sb_propriodelta_s0,proprio.delta,0,74,67,3.35,114.39,0.476897,27.3242,0.037351,0.028228,0.0,0.108728,0.362717,0.000181,0.020308,0.0,3682863
downwards_rotate,downwards_sensor_sweep_120_cubesizeDR-20260626-215239,TesolloDownwardsRotateZ,TesolloDownwardsRotateZ-20260627-013545-downwardsrotatez_sb_propriodelta_s0,proprio.delta,0,74,68,3.4,114.39,0.472383,27.0655,0.037134,0.022906,0.0,0.109653,0.356864,0.000439,0.023854,0.0,3682863
downwards_rotate,downwards_sensor_sweep_120_cubesizeDR-20260626-215239,TesolloDownwardsRotateZ,TesolloDownwardsRotateZ-20260627-013545-downwardsrotatez_sb_propriodelta_s0,proprio.delta,0,74,69,3.45,114.39,0.464911,26.6374,0.037813,0.001006,0.0,0.11122,0.356507,9e-06,0.021874,0.0,3682863
downwards_rotate,downwards_sensor_sweep_120_cubesizeDR-20260626-215239,TesolloDownwardsRotateZ,TesolloDownwardsRotateZ-20260627-013545-downwardsrotatez_sb_propriodelta_s0,proprio.delta,0,74,70,3.5,114.39,0.460244,26.3701,0.037795,0.000531,0.0,0.112221,0.354726,0.000492,0.018669,0.0,3682863
downwards_rotate,downwards_sensor_sweep_120_cubesizeDR-20260626-215239,TesolloDownwardsRotateZ,TesolloDownwardsRotateZ-20260627-013545-downwardsrotatez_sb_propriodelta_s0,proprio.delta,0,74,71,3.55,114.39,0.460511,26.3853,0.037769,0.001426,0.0,0.112163,0.354734,0.0,0.01655,0.0,3682863
downwards_rotate,downwards_sensor_sweep_120_cubesizeDR-20260626-215239,TesolloDownwardsRotateZ,TesolloDownwardsRotateZ-20260627-013545-downwardsrotatez_sb_propriodelta_s0,proprio.delta,0,74,72,3.6,114.39,0.459174,26.3087,0.03766,0.004632,0.0,0.112453,0.353966,5.3e-05,0.016946,0.0,3682863
downwards_rotate,downwards_sensor_sweep_120_cubesizeDR-20260626-215239,TesolloDownwardsRotateZ,TesolloDownwardsRotateZ-20260627-013545-downwardsrotatez_sb_propriodelta_s0,proprio.delta,0,74,73,3.65,114.39,0.456411,26.1504,0.037792,0.00013,0.0,0.113057,0.353424,4.4e-05,0.016974,0.0,3682863
downwards_rotate,downwards_sensor_sweep_120_cubesizeDR-20260626-215239,TesolloDownwardsRotateZ,TesolloDownwardsRotateZ-20260627-013545-downwardsrotatez_sb_propriodelta_s0,proprio.delta,0,74,74,3.7,114.39,0.451402,25.8634,0.037959,4.1e-05,0.0,0.114168,0.354124,0.0,0.01595,0.0,3682863
downwards_rotate,downwards_sensor_sweep_120_cubesizeDR-20260626-215239,TesolloDownwardsRotateZ,TesolloDownwardsRotateZ-20260627-013545-downwardsrotatez_sb_propriodelta_s0,proprio.delta,0,74,75,3.75,114.39,0.449183,25.7363,0.037898,0.000227,0.0,0.114667,0.352676,0.0,0.013958,0.0,3682863
downwards_rotate,downwards_sensor_sweep_120_cubesizeDR-20260626-215239,TesolloDownwardsRotateZ,TesolloDownwardsRotateZ-20260627-013545-downwardsrotatez_sb_propriodelta_s0,proprio.delta,0,74,76,3.8,114.39,0.44579,25.5419,0.037927,6.6e-05,0.0,0.115439,0.351952,0.0,0.012011,0.0,3682863
downwards_rotate,downwards_sensor_sweep_120_cubesizeDR-20260626-215239,TesolloDownwardsRotateZ,TesolloDownwardsRotateZ-20260627-013545-downwardsrotatez_sb_propriodelta_s0,proprio.delta,0,74,77,3.85,114.39,0.441715,25.3084,0.03798,0.000174,0.0,0.11638,0.351424,0.0,0.010224,0.0,3682863
downwards_rotate,downwards_sensor_sweep_120_cubesizeDR-20260626-215239,TesolloDownwardsRotateZ,TesolloDownwardsRotateZ-20260627-013545-downwardsrotatez_sb_propriodelta_s0,proprio.delta,0,74,78,3.9,114.39,0.438229,25.1087,0.038047,0.0001,0.0,0.117198,0.351184,0.0,0.009027,0.0,3682863
downwards_rotate,downwards_sensor_sweep_120_cubesizeDR-20260626-215239,TesolloDownwardsRotateZ,TesolloDownwardsRotateZ-20260627-013545-downwardsrotatez_sb_propriodelta_s0,proprio.delta,0,74,79,3.95,114.39,0.434461,24.8928,0.038114,4.7e-05,0.0,0.118094,0.350849,0.0,0.008257,0.0,3682863
downwards_rotate,downwards_sensor_sweep_120_cubesizeDR-20260626-215239,TesolloDownwardsRotateZ,TesolloDownwardsRotateZ-20260627-013545-downwardsrotatez_sb_propriodelta_s0,proprio.delta,0,74,80,4.0,114.39,0.430779,24.6818,0.038197,3.6e-05,0.0,0.118983,0.350758,0.0,0.007786,0.0,3682863
downwards_rotate,downwards_sensor_sweep_120_cubesizeDR-20260626-215239,TesolloDownwardsRotateZ,TesolloDownwardsRotateZ-20260627-013545-downwardsrotatez_sb_propriodelta_s0,proprio.delta,0,74,81,4.05,114.39,0.426898,24.4594,0.038262,3.2e-05,0.0,0.119935,0.350359,0.0,0.007442,0.0,3682863
downwards_rotate,downwards_sensor_sweep_120_cubesizeDR-20260626-215239,TesolloDownwardsRotateZ,TesolloDownwardsRotateZ-20260627-013545-downwardsrotatez_sb_propriodelta_s0,proprio.delta,0,74,82,4.1,114.39,0.423018,24.2371,0.038333,2.6e-05,0.0,0.120902,0.350006,0.0,0.007159,0.0,3682863
downwards_rotate,downwards_sensor_sweep_120_cubesizeDR-20260626-215239,TesolloDownwardsRotateZ,TesolloDownwardsRotateZ-20260627-013545-downwardsrotatez_sb_propriodelta_s0,proprio.delta,0,74,83,4.15,114.39,0.419036,24.009,0.038424,2.7e-05,0.0,0.121911,0.349869,0.0,0.006854,0.0,3682863
downwards_rotate,downwards_sensor_sweep_120_cubesizeDR-20260626-215239,TesolloDownwardsRotateZ,TesolloDownwardsRotateZ-20260627-013545-downwardsrotatez_sb_propriodelta_s0,proprio.delta,0,74,84,4.2,114.39,0.414993,23.7773,0.038496,2.7e-05,0.0,0.122953,0.349434,0.0,0.006419,0.0,3682863
downwards_rotate,downwards_sensor_sweep_120_cubesizeDR-20260626-215239,TesolloDownwardsRotateZ,TesolloDownwardsRotateZ-20260627-013545-downwardsrotatez_sb_propriodelta_s0,proprio.delta,0,74,85,4.25,114.39,0.410854,23.5402,0.038583,2.5e-05,0.0,0.124038,0.349148,0.0,0.005956,0.0,3682863
downwards_rotate,downwards_sensor_sweep_120_cubesizeDR-20260626-215239,TesolloDownwardsRotateZ,TesolloDownwardsRotateZ-20260627-013545-downwardsrotatez_sb_propriodelta_s0,proprio.delta,0,74,86,4.3,114.39,0.406708,23.3026,0.038668,2.4e-05,0.0,0.125144,0.3488,0.0,0.005462,0.0,3682863
downwards_rotate,downwards_sensor_sweep_120_cubesizeDR-20260626-215239,TesolloDownwardsRotateZ,TesolloDownwardsRotateZ-20260627-013545-downwardsrotatez_sb_propriodelta_s0,proprio.delta,0,74,87,4.35,114.39,0.402478,23.0603,0.038764,2.7e-05,0.0,0.126293,0.348541,0.0,0.005022,0.0,3682863
downwards_rotate,downwards_sensor_sweep_120_cubesizeDR-20260626-215239,TesolloDownwardsRotateZ,TesolloDownwardsRotateZ-20260627-013545-downwardsrotatez_sb_propriodelta_s0,proprio.delta,0,74,88,4.4,114.39,0.398073,22.8079,0.038867,0.000116,0.0,0.127512,0.348311,0.0,0.00475,0.0,3682863
downwards_rotate,downwards_sensor_sweep_120_cubesizeDR-20260626-215239,TesolloDownwardsRotateZ,TesolloDownwardsRotateZ-20260627-013545-downwardsrotatez_sb_propriodelta_s0,proprio.delta,0,74,89,4.45,114.39,0.39407,22.5786,0.038955,0.000213,0.0,0.128641,0.34801,0.0,0.004239,0.0,3682863
downwards_rotate,downwards_sensor_sweep_120_cubesizeDR-20260626-215239,TesolloDownwardsRotateZ,TesolloDownwardsRotateZ-20260627-013545-downwardsrotatez_sb_propriodelta_s0,proprio.delta,0,74,90,4.5,114.39,0.39008,22.3499,0.03905,7.1e-05,0.0,0.129786,0.347692,0.0,0.003854,0.0,3682863
downwards_rotate,downwards_sensor_sweep_120_cubesizeDR-20260626-215239,TesolloDownwardsRotateZ,TesolloDownwardsRotateZ-20260627-013545-downwardsrotatez_sb_propriodelta_s0,proprio.delta,0,74,91,4.55,114.39,0.386012,22.1168,0.039148,1.6e-05,0.0,0.130975,0.347394,0.0,0.003572,0.0,3682863
downwards_rotate,downwards_sensor_sweep_120_cubesizeDR-20260626-215239,TesolloDownwardsRotateZ,TesolloDownwardsRotateZ-20260627-013545-downwardsrotatez_sb_propriodelta_s0,proprio.delta,0,74,92,4.6,114.39,0.382763,21.9307,0.039225,1.5e-05,0.0,0.13194,0.347129,0.0,0.003361,0.0,3682863
downwards_rotate,downwards_sensor_sweep_120_cubesizeDR-20260626-215239,TesolloDownwardsRotateZ,TesolloDownwardsRotateZ-20260627-013545-downwardsrotatez_sb_propriodelta_s0,proprio.delta,0,74,93,4.65,114.39,0.380259,21.7873,0.039278,6.1e-05,0.0,0.132693,0.346843,0.0,0.003285,0.0,3682863
downwards_rotate,downwards_sensor_sweep_120_cubesizeDR-20260626-215239,TesolloDownwardsRotateZ,TesolloDownwardsRotateZ-20260627-013545-downwardsrotatez_sb_propriodelta_s0,proprio.delta,0,74,94,4.7,114.39,0.377802,21.6464,0.039339,1.4e-05,0.0,0.133441,0.346646,0.0,0.003119,0.0,3682863
downwards_rotate,downwards_sensor_sweep_120_cubesizeDR-20260626-215239,TesolloDownwardsRotateZ,TesolloDownwardsRotateZ-20260627-013545-downwardsrotatez_sb_propriodelta_s0,proprio.delta,0,74,95,4.75,114.39,0.375335,21.5051,0.039387,1.2e-05,0.0,0.134201,0.346266,0.0,0.002839,0.0,3682863
downwards_rotate,downwards_sensor_sweep_120_cubesizeDR-20260626-215239,TesolloDownwardsRotateZ,TesolloDownwardsRotateZ-20260627-013545-downwardsrotatez_sb_propriodelta_s0,proprio.delta,0,74,96,4.8,114.39,0.372944,21.3681,0.039436,1.3e-05,0.0,0.134945,0.345931,0.0,0.002554,0.0,3682863
downwards_rotate,downwards_sensor_sweep_120_cubesizeDR-20260626-215239,TesolloDownwardsRotateZ,TesolloDownwardsRotateZ-20260627-013545-downwardsrotatez_sb_propriodelta_s0,proprio.delta,0,74,97,4.85,114.39,0.371305,21.2742,0.039466,1.6e-05,0.0,0.13546,0.34563,0.0,0.002316,0.0,3682863
downwards_rotate,downwards_sensor_sweep_120_cubesizeDR-20260626-215239,TesolloDownwardsRotateZ,TesolloDownwardsRotateZ-20260627-013545-downwardsrotatez_sb_propriodelta_s0,proprio.delta,0,74,98,4.9,114.39,0.368687,21.1242,0.039525,1e-05,0.0,0.136291,0.345313,0.0,0.002075,0.0,3682863
downwards_rotate,downwards_sensor_sweep_120_cubesizeDR-20260626-215239,TesolloDownwardsRotateZ,TesolloDownwardsRotateZ-20260627-013545-downwardsrotatez_sb_propriodelta_s0,proprio.delta,0,74,99,4.95,114.39,0.366141,20.9783,0.039583,1.2e-05,0.0,0.137108,0.344995,0.0,0.001875,0.0,3682863
downwards_rotate,downwards_sensor_sweep_120_cubesizeDR-20260626-215239,TesolloDownwardsRotateZ,TesolloDownwardsRotateZ-20260627-013545-downwardsrotatez_sb_propriodelta_s0,proprio.delta,0,74,100,5.0,114.39,0.364432,20.8804,0.039618,1.1e-05,0.0,0.137663,0.344711,0.0,0.001733,0.0,3682863
downwards_rotate,downwards_sensor_sweep_120_cubesizeDR-20260626-215239,TesolloDownwardsRotateZ,TesolloDownwardsRotateZ-20260627-013545-downwardsrotatez_sb_propriodelta_s0,proprio.delta,0,74,101,5.05,114.39,0.361775,20.7282,0.039682,8e-06,0.0,0.138534,0.344401,0.0,0.001588,0.0,3682863
downwards_rotate,downwards_sensor_sweep_120_cubesizeDR-20260626-215239,TesolloDownwardsRotateZ,TesolloDownwardsRotateZ-20260627-013545-downwardsrotatez_sb_propriodelta_s0,proprio.delta,0,74,102,5.1,114.39,0.360067,20.6303,0.039718,1e-05,0.0,0.1391,0.344125,0.0,0.001462,0.0,3682863
downwards_rotate,downwards_sensor_sweep_120_cubesizeDR-20260626-215239,TesolloDownwardsRotateZ,TesolloDownwardsRotateZ-20260627-013545-downwardsrotatez_sb_propriodelta_s0,proprio.delta,0,74,103,5.15,114.39,0.357292,20.4713,0.039788,5e-06,0.0,0.140029,0.343828,0.0,0.001344,0.0,3682863
downwards_rotate,downwards_sensor_sweep_120_cubesizeDR-20260626-215239,TesolloDownwardsRotateZ,TesolloDownwardsRotateZ-20260627-013545-downwardsrotatez_sb_propriodelta_s0,proprio.delta,0,74,104,5.2,114.39,0.355545,20.3712,0.039827,8e-06,0.0,0.14062,0.343554,0.0,0.001244,0.0,3682863
downwards_rotate,downwards_sensor_sweep_120_cubesizeDR-20260626-215239,TesolloDownwardsRotateZ,TesolloDownwardsRotateZ-20260627-013545-downwardsrotatez_sb_propriodelta_s0,proprio.delta,0,74,105,5.25,114.39,0.352812,20.2146,0.039897,5e-06,0.0,0.141555,0.34324,0.0,0.001145,0.0,3682863
downwards_rotate,downwards_sensor_sweep_120_cubesizeDR-20260626-215239,TesolloDownwardsRotateZ,TesolloDownwardsRotateZ-20260627-013545-downwardsrotatez_sb_propriodelta_s0,proprio.delta,0,74,106,5.3,114.39,0.351308,20.1284,0.039922,7e-06,0.0,0.142075,0.342876,0.0,0.001033,0.0,3682863
downwards_rotate,downwards_sensor_sweep_120_cubesizeDR-20260626-215239,TesolloDownwardsRotateZ,TesolloDownwardsRotateZ-20260627-013545-downwardsrotatez_sb_propriodelta_s0,proprio.delta,0,74,107,5.35,114.39,0.349827,20.0436,0.039947,4e-06,0.0,0.142591,0.342516,0.0,0.000908,0.0,3682863
downwards_rotate,downwards_sensor_sweep_120_cubesizeDR-20260626-215239,TesolloDownwardsRotateZ,TesolloDownwardsRotateZ-20260627-013545-downwardsrotatez_sb_propriodelta_s0,proprio.delta,0,74,108,5.4,114.39,0.348357,19.9594,0.039972,7e-06,0.0,0.143106,0.342167,0.0,0.000807,0.0,3682863
downwards_rotate,downwards_sensor_sweep_120_cubesizeDR-20260626-215239,TesolloDownwardsRotateZ,TesolloDownwardsRotateZ-20260627-013545-downwardsrotatez_sb_propriodelta_s0,proprio.delta,0,74,109,5.45,114.39,0.346887,19.8752,0.039999,5e-06,0.0,0.143625,0.341826,0.0,0.000726,0.0,3682863
downwards_rotate,downwards_sensor_sweep_120_cubesizeDR-20260626-215239,TesolloDownwardsRotateZ,TesolloDownwardsRotateZ-20260627-013545-downwardsrotatez_sb_propriodelta_s0,proprio.delta,0,74,110,5.5,114.39,0.344088,19.7148,0.040072,4e-06,0.0,0.144625,0.341466,0.0,0.000662,0.0,3682863
downwards_rotate,downwards_sensor_sweep_120_cubesizeDR-20260626-215239,TesolloDownwardsRotateZ,TesolloDownwardsRotateZ-20260627-013545-downwardsrotatez_sb_propriodelta_s0,proprio.delta,0,74,111,5.55,114.39,0.342842,19.6434,0.040092,6e-06,0.0,0.145074,0.34114,0.0,0.000608,0.0,3682863
downwards_rotate,downwards_sensor_sweep_120_cubesizeDR-20260626-215239,TesolloDownwardsRotateZ,TesolloDownwardsRotateZ-20260627-013545-downwardsrotatez_sb_propriodelta_s0,proprio.delta,0,74,112,5.6,114.39,0.341649,19.5751,0.040111,3e-06,0.0,0.145507,0.340816,0.0,0.000561,0.0,3682863
downwards_rotate,downwards_sensor_sweep_120_cubesizeDR-20260626-215239,TesolloDownwardsRotateZ,TesolloDownwardsRotateZ-20260627-013545-downwardsrotatez_sb_propriodelta_s0,proprio.delta,0,74,113,5.65,114.39,0.340938,19.5343,0.040111,4e-06,0.0,0.145767,0.340465,0.0,0.000521,0.0,3682863
downwards_rotate,downwards_sensor_sweep_120_cubesizeDR-20260626-215239,TesolloDownwardsRotateZ,TesolloDownwardsRotateZ-20260627-013545-downwardsrotatez_sb_propriodelta_s0,proprio.delta,0,74,114,5.7,114.39,0.340675,19.5192,0.040103,7e-06,0.0,0.145863,0.340226,0.0,0.000468,0.0,3682863
downwards_rotate,downwards_sensor_sweep_120_cubesizeDR-20260626-215239,TesolloDownwardsRotateZ,TesolloDownwardsRotateZ-20260627-013545-downwardsrotatez_sb_propriodelta_s0,proprio.delta,0,74,115,5.75,114.39,0.340067,19.4844,0.040104,5e-06,0.0,0.146085,0.339954,0.0,0.000411,0.0,3682863
downwards_rotate,downwards_sensor_sweep_120_cubesizeDR-20260626-215239,TesolloDownwardsRotateZ,TesolloDownwardsRotateZ-20260627-013545-downwardsrotatez_sb_propriodelta_s0,proprio.delta,0,74,116,5.8,114.39,0.339529,19.4536,0.040102,2e-06,0.0,0.146283,0.339654,0.0,0.000361,0.0,3682863
downwards_rotate,downwards_sensor_sweep_120_cubesizeDR-20260626-215239,TesolloDownwardsRotateZ,TesolloDownwardsRotateZ-20260627-013545-downwardsrotatez_sb_propriodelta_s0,proprio.delta,0,74,117,5.85,114.39,0.338975,19.4218,0.040102,4e-06,0.0,0.146487,0.33938,0.0,0.000326,0.0,3682863
downwards_rotate,downwards_sensor_sweep_120_cubesizeDR-20260626-215239,TesolloDownwardsRotateZ,TesolloDownwardsRotateZ-20260627-013545-downwardsrotatez_sb_propriodelta_s0,proprio.delta,0,74,118,5.9,114.39,0.3383,19.3832,0.040105,1.6e-05,0.0,0.146736,0.339098,0.0,0.000277,0.0,3682863
downwards_rotate,downwards_sensor_sweep_120_cubesizeDR-20260626-215239,TesolloDownwardsRotateZ,TesolloDownwardsRotateZ-20260627-013545-downwardsrotatez_sb_propriodelta_s0,proprio.delta,0,74,119,5.95,114.39,0.337599,19.343,0.040111,2e-06,0.0,0.146996,0.338819,0.0,0.000236,0.0,3682863
downwards_rotate,downwards_sensor_sweep_120_cubesizeDR-20260626-215239,TesolloDownwardsRotateZ,TesolloDownwardsRotateZ-20260627-013545-downwardsrotatez_sb_propriodelta_s0,proprio.delta,0,82,0,0.0,114.952,2.018717,115.664,-0.012504,0.172118,1.0,0.0,0.224787,0.017632,0.058144,0.0,3682863
downwards_rotate,downwards_sensor_sweep_120_cubesizeDR-20260626-215239,TesolloDownwardsRotateZ,TesolloDownwardsRotateZ-20260627-013545-downwardsrotatez_sb_propriodelta_s0,proprio.delta,0,82,1,0.05,114.952,2.039131,116.8336,0.000586,0.023296,0.756913,0.006743,0.259699,0.070731,0.053858,0.0,3682863
downwards_rotate,downwards_sensor_sweep_120_cubesizeDR-20260626-215239,TesolloDownwardsRotateZ,TesolloDownwardsRotateZ-20260627-013545-downwardsrotatez_sb_propriodelta_s0,proprio.delta,0,82,2,0.1,114.952,2.02529,116.0406,-0.004307,0.034565,1.0,0.0,0.28795,0.03898,0.03553,0.0,3682863
downwards_rotate,downwards_sensor_sweep_120_cubesizeDR-20260626-215239,TesolloDownwardsRotateZ,TesolloDownwardsRotateZ-20260627-013545-downwardsrotatez_sb_propriodelta_s0,proprio.delta,0,82,3,0.15,114.952,1.897281,108.7062,0.000412,0.012389,0.910144,0.002673,0.309946,0.072785,0.030584,0.0,3682863
downwards_rotate,downwards_sensor_sweep_120_cubesizeDR-20260626-215239,TesolloDownwardsRotateZ,TesolloDownwardsRotateZ-20260627-013545-downwardsrotatez_sb_propriodelta_s0,proprio.delta,0,82,4,0.2,114.952,1.823672,104.4887,-0.00071,0.015887,1.0,0.0,0.329679,0.055549,0.033245,0.0,3682863
downwards_rotate,downwards_sensor_sweep_120_cubesizeDR-20260626-215239,TesolloDownwardsRotateZ,TesolloDownwardsRotateZ-20260627-013545-downwardsrotatez_sb_propriodelta_s0,proprio.delta,0,82,5,0.25,114.952,1.755121,100.561,0.002865,0.012335,0.906926,0.002986,0.341278,0.104201,0.037065,0.0,3682863
downwards_rotate,downwards_sensor_sweep_120_cubesizeDR-20260626-215239,TesolloDownwardsRotateZ,TesolloDownwardsRotateZ-20260627-013545-downwardsrotatez_sb_propriodelta_s0,proprio.delta,0,82,6,0.3,114.952,1.771947,101.5251,0.001437,0.002129,1.0,0.0,0.35396,0.058431,0.050752,0.0,3682863
downwards_rotate,downwards_sensor_sweep_120_cubesizeDR-20260626-215239,TesolloDownwardsRotateZ,TesolloDownwardsRotateZ-20260627-013545-downwardsrotatez_sb_propriodelta_s0,proprio.delta,0,82,7,0.35,114.952,1.650804,94.5841,0.002263,0.003906,1.0,0.0,0.36561,0.050125,0.054644,0.0,3682863
downwards_rotate,downwards_sensor_sweep_120_cubesizeDR-20260626-215239,TesolloDownwardsRotateZ,TesolloDownwardsRotateZ-20260627-013545-downwardsrotatez_sb_propriodelta_s0,proprio.delta,0,82,8,0.4,114.952,1.542255,88.3647,0.003115,0.00605,1.0,0.0,0.377917,0.118811,0.066001,0.0,3682863
downwards_rotate,downwards_sensor_sweep_120_cubesizeDR-20260626-215239,TesolloDownwardsRotateZ,TesolloDownwardsRotateZ-20260627-013545-downwardsrotatez_sb_propriodelta_s0,proprio.delta,0,82,9,0.45,114.952,1.40874,80.7149,0.032359,0.022531,0.0,0.03966,0.387029,0.016615,0.068761,0.0,3682863
downwards_rotate,downwards_sensor_sweep_120_cubesizeDR-20260626-215239,TesolloDownwardsRotateZ,TesolloDownwardsRotateZ-20260627-013545-downwardsrotatez_sb_propriodelta_s0,proprio.delta,0,82,10,0.5,114.952,1.375371,78.8029,0.031366,0.068546,0.0,0.040583,0.38794,0.005878,0.073768,0.0,3682863
downwards_rotate,downwards_sensor_sweep_120_cubesizeDR-20260626-215239,TesolloDownwardsRotateZ,TesolloDownwardsRotateZ-20260627-013545-downwardsrotatez_sb_propriodelta_s0,proprio.delta,0,82,11,0.55,114.952,1.350343,77.3689,0.032214,0.051782,0.0,0.041304,0.392684,0.01205,0.072078,0.0,3682863
downwards_rotate,downwards_sensor_sweep_120_cubesizeDR-20260626-215239,TesolloDownwardsRotateZ,TesolloDownwardsRotateZ-20260627-013545-downwardsrotatez_sb_propriodelta_s0,proprio.delta,0,82,12,0.6,114.952,1.336134,76.5548,0.033951,0.01341,0.0,0.041725,0.402472,0.015726,0.07038,0.0,3682863
downwards_rotate,downwards_sensor_sweep_120_cubesizeDR-20260626-215239,TesolloDownwardsRotateZ,TesolloDownwardsRotateZ-20260627-013545-downwardsrotatez_sb_propriodelta_s0,proprio.delta,0,82,13,0.65,114.952,1.323414,75.826,0.034427,0.005792,0.0,0.042109,0.405778,0.021979,0.070512,0.0,3682863
downwards_rotate,downwards_sensor_sweep_120_cubesizeDR-20260626-215239,TesolloDownwardsRotateZ,TesolloDownwardsRotateZ-20260627-013545-downwardsrotatez_sb_propriodelta_s0,proprio.delta,0,82,14,0.7,114.952,1.313747,75.2722,0.034576,0.004283,0.0,0.042406,0.406906,0.003775,0.075459,0.0,3682863
downwards_rotate,downwards_sensor_sweep_120_cubesizeDR-20260626-215239,TesolloDownwardsRotateZ,TesolloDownwardsRotateZ-20260627-013545-downwardsrotatez_sb_propriodelta_s0,proprio.delta,0,82,15,0.75,114.952,1.30404,74.716,0.034425,0.004142,0.0,0.042708,0.404587,0.001613,0.085653,0.0,3682863
downwards_rotate,downwards_sensor_sweep_120_cubesizeDR-20260626-215239,TesolloDownwardsRotateZ,TesolloDownwardsRotateZ-20260627-013545-downwardsrotatez_sb_propriodelta_s0,proprio.delta,0,82,16,0.8,114.952,1.293026,74.0849,0.034212,0.001209,0.0,0.043056,0.400378,0.001912,0.091475,0.0,3682863
downwards_rotate,downwards_sensor_sweep_120_cubesizeDR-20260626-215239,TesolloDownwardsRotateZ,TesolloDownwardsRotateZ-20260627-013545-downwardsrotatez_sb_propriodelta_s0,proprio.delta,0,82,17,0.85,114.952,1.279464,73.3079,0.033782,0.001478,0.0,0.043493,0.39408,0.001993,0.086223,0.0,3682863
downwards_rotate,downwards_sensor_sweep_120_cubesizeDR-20260626-215239,TesolloDownwardsRotateZ,TesolloDownwardsRotateZ-20260627-013545-downwardsrotatez_sb_propriodelta_s0,proprio.delta,0,82,18,0.9,114.952,1.246168,71.4002,0.035003,0.002061,0.0,0.044603,0.408974,0.083657,0.070615,0.0,3682863
downwards_rotate,downwards_sensor_sweep_120_cubesizeDR-20260626-215239,TesolloDownwardsRotateZ,TesolloDownwardsRotateZ-20260627-013545-downwardsrotatez_sb_propriodelta_s0,proprio.delta,0,82,19,0.95,114.952,1.244526,71.3061,0.033386,0.038629,0.0,0.044659,0.399071,0.003954,0.044298,0.0,3682863
downwards_rotate,downwards_sensor_sweep_120_cubesizeDR-20260626-215239,TesolloDownwardsRotateZ,TesolloDownwardsRotateZ-20260627-013545-downwardsrotatez_sb_propriodelta_s0,proprio.delta,0,82,20,1.0,114.952,1.241951,71.1586,0.03321,0.02549,0.0,0.044748,0.391964,0.002202,0.02441,0.0,3682863
downwards_rotate,downwards_sensor_sweep_120_cubesizeDR-20260626-215239,TesolloDownwardsRotateZ,TesolloDownwardsRotateZ-20260627-013545-downwardsrotatez_sb_propriodelta_s0,proprio.delta,0,82,21,1.05,114.952,1.233139,70.6537,0.033576,0.001088,0.0,0.045053,0.388136,0.00211,0.011636,0.0,3682863
downwards_rotate,downwards_sensor_sweep_120_cubesizeDR-20260626-215239,TesolloDownwardsRotateZ,TesolloDownwardsRotateZ-20260627-013545-downwardsrotatez_sb_propriodelta_s0,proprio.delta,0,82,22,1.1,114.952,1.224218,70.1425,0.033446,0.001773,0.0,0.045366,0.386133,0.002289,0.005829,0.0,3682863
downwards_rotate,downwards_sensor_sweep_120_cubesizeDR-20260626-215239,TesolloDownwardsRotateZ,TesolloDownwardsRotateZ-20260627-013545-downwardsrotatez_sb_propriodelta_s0,proprio.delta,0,82,23,1.15,114.952,1.212402,69.4655,0.033451,0.000794,0.0,0.045788,0.385283,0.002613,0.004379,0.0,3682863
downwards_rotate,downwards_sensor_sweep_120_cubesizeDR-20260626-215239,TesolloDownwardsRotateZ,TesolloDownwardsRotateZ-20260627-013545-downwardsrotatez_sb_propriodelta_s0,proprio.delta,0,82,24,1.2,114.952,1.202055,68.8727,0.033407,0.000843,0.0,0.046164,0.384205,0.000173,0.003829,0.0,3682863
downwards_rotate,downwards_sensor_sweep_120_cubesizeDR-20260626-215239,TesolloDownwardsRotateZ,TesolloDownwardsRotateZ-20260627-013545-downwardsrotatez_sb_propriodelta_s0,proprio.delta,0,82,25,1.25,114.952,1.187631,68.0462,0.033433,0.003248,0.0,0.046699,0.384643,0.004036,0.003231,0.0,3682863
downwards_rotate,downwards_sensor_sweep_120_cubesizeDR-20260626-215239,TesolloDownwardsRotateZ,TesolloDownwardsRotateZ-20260627-013545-downwardsrotatez_sb_propriodelta_s0,proprio.delta,0,82,26,1.3,114.952,1.178143,67.5026,0.033476,0.005097,0.0,0.047057,0.385343,0.004177,0.002667,0.0,3682863
downwards_rotate,downwards_sensor_sweep_120_cubesizeDR-20260626-215239,TesolloDownwardsRotateZ,TesolloDownwardsRotateZ-20260627-013545-downwardsrotatez_sb_propriodelta_s0,proprio.delta,0,82,27,1.35,114.952,1.17106,67.0968,0.033641,0.000866,0.0,0.047328,0.385768,0.005388,0.002166,0.0,3682863
downwards_rotate,downwards_sensor_sweep_120_cubesizeDR-20260626-215239,TesolloDownwardsRotateZ,TesolloDownwardsRotateZ-20260627-013545-downwardsrotatez_sb_propriodelta_s0,proprio.delta,0,82,28,1.4,114.952,1.170066,67.0398,0.033651,0.00099,0.0,0.047367,0.385881,0.003511,0.001945,0.0,3682863
downwards_rotate,downwards_sensor_sweep_120_cubesizeDR-20260626-215239,TesolloDownwardsRotateZ,TesolloDownwardsRotateZ-20260627-013545-downwardsrotatez_sb_propriodelta_s0,proprio.delta,0,82,29,1.45,114.952,1.163257,66.6497,0.033586,0.002593,0.0,0.047631,0.385251,0.041768,0.002104,0.0,3682863
downwards_rotate,downwards_sensor_sweep_120_cubesizeDR-20260626-215239,TesolloDownwardsRotateZ,TesolloDownwardsRotateZ-20260627-013545-downwardsrotatez_sb_propriodelta_s0,proprio.delta,0,82,30,1.5,114.952,1.154712,66.1601,0.033697,0.005326,0.0,0.047966,0.387141,0.003267,0.00129,0.0,3682863
downwards_rotate,downwards_sensor_sweep_120_cubesizeDR-20260626-215239,TesolloDownwardsRotateZ,TesolloDownwardsRotateZ-20260627-013545-downwardsrotatez_sb_propriodelta_s0,proprio.delta,0,82,31,1.55,114.952,1.145339,65.6231,0.033495,0.008829,0.0,0.04834,0.385103,0.003233,0.001035,0.0,3682863
downwards_rotate,downwards_sensor_sweep_120_cubesizeDR-20260626-215239,TesolloDownwardsRotateZ,TesolloDownwardsRotateZ-20260627-013545-downwardsrotatez_sb_propriodelta_s0,proprio.delta,0,82,32,1.6,114.952,1.134434,64.9983,0.033999,0.00082,0.0,0.048782,0.388571,0.005904,0.000847,0.0,3682863
downwards_rotate,downwards_sensor_sweep_120_cubesizeDR-20260626-215239,TesolloDownwardsRotateZ,TesolloDownwardsRotateZ-20260627-013545-downwardsrotatez_sb_propriodelta_s0,proprio.delta,0,82,33,1.65,114.952,1.122212,64.298,0.034007,0.000831,0.0,0.049287,0.388034,0.019203,0.00109,0.0,3682863
downwards_rotate,downwards_sensor_sweep_120_cubesizeDR-20260626-215239,TesolloDownwardsRotateZ,TesolloDownwardsRotateZ-20260627-013545-downwardsrotatez_sb_propriodelta_s0,proprio.delta,0,82,34,1.7,114.952,1.109874,63.5911,0.033845,0.009054,0.0,0.049807,0.387918,0.01266,0.001499,0.0,3682863
downwards_rotate,downwards_sensor_sweep_120_cubesizeDR-20260626-215239,TesolloDownwardsRotateZ,TesolloDownwardsRotateZ-20260627-013545-downwardsrotatez_sb_propriodelta_s0,proprio.delta,0,82,35,1.75,114.952,1.09847,62.9377,0.034224,0.004404,0.0,0.050299,0.39075,0.002154,0.001784,0.0,3682863
downwards_rotate,downwards_sensor_sweep_120_cubesizeDR-20260626-215239,TesolloDownwardsRotateZ,TesolloDownwardsRotateZ-20260627-013545-downwardsrotatez_sb_propriodelta_s0,proprio.delta,0,82,36,1.8,114.952,1.083307,62.0689,0.034477,0.004853,0.0,0.050967,0.393385,0.00254,0.001872,0.0,3682863
downwards_rotate,downwards_sensor_sweep_120_cubesizeDR-20260626-215239,TesolloDownwardsRotateZ,TesolloDownwardsRotateZ-20260627-013545-downwardsrotatez_sb_propriodelta_s0,proprio.delta,0,82,37,1.85,114.952,1.067018,61.1356,0.034789,0.007014,0.0,0.051704,0.397272,0.007073,0.001131,0.0,3682863
downwards_rotate,downwards_sensor_sweep_120_cubesizeDR-20260626-215239,TesolloDownwardsRotateZ,TesolloDownwardsRotateZ-20260627-013545-downwardsrotatez_sb_propriodelta_s0,proprio.delta,0,82,38,1.9,114.952,1.052992,60.332,0.035466,0.002992,0.0,0.052357,0.404078,0.008555,0.000391,0.0,3682863
downwards_rotate,downwards_sensor_sweep_120_cubesizeDR-20260626-215239,TesolloDownwardsRotateZ,TesolloDownwardsRotateZ-20260627-013545-downwardsrotatez_sb_propriodelta_s0,proprio.delta,0,82,39,1.95,114.952,1.048394,60.0686,0.03573,0.008708,0.0,0.052575,0.409249,0.03065,8.8e-05,0.0,3682863
downwards_rotate,downwards_sensor_sweep_120_cubesizeDR-20260626-215239,TesolloDownwardsRotateZ,TesolloDownwardsRotateZ-20260627-013545-downwardsrotatez_sb_propriodelta_s0,proprio.delta,0,82,40,2.0,114.952,1.037623,59.4514,0.03527,0.019516,0.0,0.053091,0.406015,0.02346,8.2e-05,0.0,3682863
downwards_rotate,downwards_sensor_sweep_120_cubesizeDR-20260626-215239,TesolloDownwardsRotateZ,TesolloDownwardsRotateZ-20260627-013545-downwardsrotatez_sb_propriodelta_s0,proprio.delta,0,82,41,2.05,114.952,1.029043,58.9598,0.035873,0.004983,0.0,0.05351,0.40866,0.027315,0.000149,0.0,3682863
downwards_rotate,downwards_sensor_sweep_120_cubesizeDR-20260626-215239,TesolloDownwardsRotateZ,TesolloDownwardsRotateZ-20260627-013545-downwardsrotatez_sb_propriodelta_s0,proprio.delta,0,82,42,2.1,114.952,1.016414,58.2362,0.036166,0.001654,0.0,0.054139,0.410631,0.038082,0.000183,0.0,3682863
downwards_rotate,downwards_sensor_sweep_120_cubesizeDR-20260626-215239,TesolloDownwardsRotateZ,TesolloDownwardsRotateZ-20260627-013545-downwardsrotatez_sb_propriodelta_s0,proprio.delta,0,82,43,2.15,114.952,1.009197,57.8227,0.035961,0.014956,0.0,0.054505,0.4118,4.8e-05,0.000252,0.0,3682863
downwards_rotate,downwards_sensor_sweep_120_cubesizeDR-20260626-215239,TesolloDownwardsRotateZ,TesolloDownwardsRotateZ-20260627-013545-downwardsrotatez_sb_propriodelta_s0,proprio.delta,0,82,44,2.2,114.952,1.003746,57.5104,0.036198,0.006455,0.0,0.054785,0.411749,0.000195,0.000345,0.0,3682863
downwards_rotate,downwards_sensor_sweep_120_cubesizeDR-20260626-215239,TesolloDownwardsRotateZ,TesolloDownwardsRotateZ-20260627-013545-downwardsrotatez_sb_propriodelta_s0,proprio.delta,0,82,45,2.25,114.952,0.998416,57.205,0.036333,0.000484,0.0,0.055062,0.411194,0.000522,0.00042,0.0,3682863
downwards_rotate,downwards_sensor_sweep_120_cubesizeDR-20260626-215239,TesolloDownwardsRotateZ,TesolloDownwardsRotateZ-20260627-013545-downwardsrotatez_sb_propriodelta_s0,proprio.delta,0,82,46,2.3,114.952,0.994305,56.9695,0.036288,0.000372,0.0,0.055277,0.410269,0.001023,0.000571,0.0,3682863
downwards_rotate,downwards_sensor_sweep_120_cubesizeDR-20260626-215239,TesolloDownwardsRotateZ,TesolloDownwardsRotateZ-20260627-013545-downwardsrotatez_sb_propriodelta_s0,proprio.delta,0,82,47,2.35,114.952,0.990799,56.7686,0.036231,0.0003,0.0,0.055461,0.409239,0.000743,0.000861,0.0,3682863
downwards_rotate,downwards_sensor_sweep_120_cubesizeDR-20260626-215239,TesolloDownwardsRotateZ,TesolloDownwardsRotateZ-20260627-013545-downwardsrotatez_sb_propriodelta_s0,proprio.delta,0,82,48,2.4,114.952,0.985625,56.4722,0.036246,0.000187,0.0,0.055736,0.409044,0.0007,0.001258,0.0,3682863
downwards_rotate,downwards_sensor_sweep_120_cubesizeDR-20260626-215239,TesolloDownwardsRotateZ,TesolloDownwardsRotateZ-20260627-013545-downwardsrotatez_sb_propriodelta_s0,proprio.delta,0,82,49,2.45,114.952,0.981383,56.2291,0.036208,0.000224,0.0,0.055964,0.408259,0.001053,0.001583,0.0,3682863
downwards_rotate,downwards_sensor_sweep_120_cubesizeDR-20260626-215239,TesolloDownwardsRotateZ,TesolloDownwardsRotateZ-20260627-013545-downwardsrotatez_sb_propriodelta_s0,proprio.delta,0,82,50,2.5,114.952,0.976075,55.925,0.036201,0.000243,0.0,0.056251,0.407779,0.001268,0.001685,0.0,3682863
downwards_rotate,downwards_sensor_sweep_120_cubesizeDR-20260626-215239,TesolloDownwardsRotateZ,TesolloDownwardsRotateZ-20260627-013545-downwardsrotatez_sb_propriodelta_s0,proprio.delta,0,82,51,2.55,114.952,0.970146,55.5853,0.036188,0.000465,0.0,0.056575,0.407247,0.000127,0.001521,0.0,3682863
downwards_rotate,downwards_sensor_sweep_120_cubesizeDR-20260626-215239,TesolloDownwardsRotateZ,TesolloDownwardsRotateZ-20260627-013545-downwardsrotatez_sb_propriodelta_s0,proprio.delta,0,82,52,2.6,114.952,0.965049,55.2932,0.036181,0.000438,0.0,0.056857,0.40677,3.7e-05,0.0012,0.0,3682863
downwards_rotate,downwards_sensor_sweep_120_cubesizeDR-20260626-215239,TesolloDownwardsRotateZ,TesolloDownwardsRotateZ-20260627-013545-downwardsrotatez_sb_propriodelta_s0,proprio.delta,0,82,53,2.65,114.952,0.959884,54.9973,0.036174,0.000435,0.0,0.057146,0.406287,6e-06,0.000833,0.0,3682863
downwards_rotate,downwards_sensor_sweep_120_cubesizeDR-20260626-215239,TesolloDownwardsRotateZ,TesolloDownwardsRotateZ-20260627-013545-downwardsrotatez_sb_propriodelta_s0,proprio.delta,0,82,54,2.7,114.952,0.952595,54.5797,0.036144,0.000493,0.0,0.057558,0.405347,0.0,0.000467,0.0,3682863
downwards_rotate,downwards_sensor_sweep_120_cubesizeDR-20260626-215239,TesolloDownwardsRotateZ,TesolloDownwardsRotateZ-20260627-013545-downwardsrotatez_sb_propriodelta_s0,proprio.delta,0,82,55,2.75,114.952,0.946339,54.2212,0.036037,0.000296,0.0,0.057916,0.403378,0.0,0.000214,0.0,3682863
downwards_rotate,downwards_sensor_sweep_120_cubesizeDR-20260626-215239,TesolloDownwardsRotateZ,TesolloDownwardsRotateZ-20260627-013545-downwardsrotatez_sb_propriodelta_s0,proprio.delta,0,82,56,2.8,114.952,0.94102,53.9165,0.036063,0.000688,0.0,0.058224,0.403442,0.0,7.5e-05,0.0,3682863
downwards_rotate,downwards_sensor_sweep_120_cubesizeDR-20260626-215239,TesolloDownwardsRotateZ,TesolloDownwardsRotateZ-20260627-013545-downwardsrotatez_sb_propriodelta_s0,proprio.delta,0,82,57,2.85,114.952,0.934342,53.5338,0.036086,0.001331,0.0,0.058616,0.403431,0.0,2.3e-05,0.0,3682863
downwards_rotate,downwards_sensor_sweep_120_cubesizeDR-20260626-215239,TesolloDownwardsRotateZ,TesolloDownwardsRotateZ-20260627-013545-downwardsrotatez_sb_propriodelta_s0,proprio.delta,0,82,58,2.9,114.952,0.927354,53.1335,0.03626,0.00143,0.0,0.059032,0.405237,0.0,3.1e-05,0.0,3682863
downwards_rotate,downwards_sensor_sweep_120_cubesizeDR-20260626-215239,TesolloDownwardsRotateZ,TesolloDownwardsRotateZ-20260627-013545-downwardsrotatez_sb_propriodelta_s0,proprio.delta,0,82,59,2.95,114.952,0.923416,52.9079,0.036378,0.002453,0.0,0.059269,0.406838,0.0,5.7e-05,0.0,3682863
downwards_rotate,downwards_sensor_sweep_120_cubesizeDR-20260626-215239,TesolloDownwardsRotateZ,TesolloDownwardsRotateZ-20260627-013545-downwardsrotatez_sb_propriodelta_s0,proprio.delta,0,82,60,3.0,114.952,0.923669,52.9224,0.036372,0.002532,0.0,0.059253,0.4068,0.0,8.3e-05,0.0,3682863
downwards_rotate,downwards_sensor_sweep_120_cubesizeDR-20260626-215239,TesolloDownwardsRotateZ,TesolloDownwardsRotateZ-20260627-013545-downwardsrotatez_sb_propriodelta_s0,proprio.delta,0,82,61,3.05,114.952,0.926124,53.063,0.03631,0.004147,0.0,0.059106,0.406714,0.001503,0.000133,0.0,3682863
downwards_rotate,downwards_sensor_sweep_120_cubesizeDR-20260626-215239,TesolloDownwardsRotateZ,TesolloDownwardsRotateZ-20260627-013545-downwardsrotatez_sb_propriodelta_s0,proprio.delta,0,82,62,3.1,114.952,0.931295,53.3593,0.036189,0.007087,0.0,0.058797,0.406499,0.005799,0.000197,0.0,3682863
downwards_rotate,downwards_sensor_sweep_120_cubesizeDR-20260626-215239,TesolloDownwardsRotateZ,TesolloDownwardsRotateZ-20260627-013545-downwardsrotatez_sb_propriodelta_s0,proprio.delta,0,82,63,3.15,114.952,0.937226,53.6991,0.036146,0.006265,0.0,0.058446,0.406128,0.011956,0.000248,0.0,3682863
downwards_rotate,downwards_sensor_sweep_120_cubesizeDR-20260626-215239,TesolloDownwardsRotateZ,TesolloDownwardsRotateZ-20260627-013545-downwardsrotatez_sb_propriodelta_s0,proprio.delta,0,82,64,3.2,114.952,0.943828,54.0773,0.036176,0.002954,0.0,0.058061,0.405936,0.016338,0.000261,0.0,3682863
downwards_rotate,downwards_sensor_sweep_120_cubesizeDR-20260626-215239,TesolloDownwardsRotateZ,TesolloDownwardsRotateZ-20260627-013545-downwardsrotatez_sb_propriodelta_s0,proprio.delta,0,82,65,3.25,114.952,0.94946,54.4001,0.036034,0.003077,0.0,0.057737,0.404513,0.012332,0.000235,0.0,3682863
downwards_rotate,downwards_sensor_sweep_120_cubesizeDR-20260626-215239,TesolloDownwardsRotateZ,TesolloDownwardsRotateZ-20260627-013545-downwardsrotatez_sb_propriodelta_s0,proprio.delta,0,82,66,3.3,114.952,0.94632,54.2202,0.036124,0.002713,0.0,0.057917,0.405338,0.000468,0.000156,0.0,3682863
downwards_rotate,downwards_sensor_sweep_120_cubesizeDR-20260626-215239,TesolloDownwardsRotateZ,TesolloDownwardsRotateZ-20260627-013545-downwardsrotatez_sb_propriodelta_s0,proprio.delta,0,82,67,3.35,114.952,0.946267,54.2171,0.036104,0.00263,0.0,0.05792,0.405049,0.012295,3.9e-05,0.0,3682863
downwards_rotate,downwards_sensor_sweep_120_cubesizeDR-20260626-215239,TesolloDownwardsRotateZ,TesolloDownwardsRotateZ-20260627-013545-downwardsrotatez_sb_propriodelta_s0,proprio.delta,0,82,68,3.4,114.952,0.949361,54.3944,0.036159,0.003418,0.0,0.057742,0.406279,0.007399,5e-06,0.0,3682863
downwards_rotate,downwards_sensor_sweep_120_cubesizeDR-20260626-215239,TesolloDownwardsRotateZ,TesolloDownwardsRotateZ-20260627-013545-downwardsrotatez_sb_propriodelta_s0,proprio.delta,0,82,69,3.45,114.952,0.937387,53.7083,0.036312,0.000846,0.0,0.058437,0.406525,0.000428,5e-06,0.0,3682863
downwards_rotate,downwards_sensor_sweep_120_cubesizeDR-20260626-215239,TesolloDownwardsRotateZ,TesolloDownwardsRotateZ-20260627-013545-downwardsrotatez_sb_propriodelta_s0,proprio.delta,0,82,70,3.5,114.952,0.930895,53.3363,0.03624,0.001317,0.0,0.05882,0.405217,0.006726,6e-06,0.0,3682863
downwards_rotate,downwards_sensor_sweep_120_cubesizeDR-20260626-215239,TesolloDownwardsRotateZ,TesolloDownwardsRotateZ-20260627-013545-downwardsrotatez_sb_propriodelta_s0,proprio.delta,0,82,71,3.55,114.952,0.929128,53.2351,0.036195,0.001699,0.0,0.058926,0.404694,0.068939,6e-06,0.0,3682863
downwards_rotate,downwards_sensor_sweep_120_cubesizeDR-20260626-215239,TesolloDownwardsRotateZ,TesolloDownwardsRotateZ-20260627-013545-downwardsrotatez_sb_propriodelta_s0,proprio.delta,0,82,72,3.6,114.952,0.919344,52.6745,0.036187,0.008144,0.0,0.059515,0.405855,0.000227,9e-06,0.0,3682863
downwards_rotate,downwards_sensor_sweep_120_cubesizeDR-20260626-215239,TesolloDownwardsRotateZ,TesolloDownwardsRotateZ-20260627-013545-downwardsrotatez_sb_propriodelta_s0,proprio.delta,0,82,73,3.65,114.952,0.910352,52.1593,0.035994,0.011151,0.0,0.060068,0.403562,0.013647,9e-06,0.0,3682863
downwards_rotate,downwards_sensor_sweep_120_cubesizeDR-20260626-215239,TesolloDownwardsRotateZ,TesolloDownwardsRotateZ-20260627-013545-downwardsrotatez_sb_propriodelta_s0,proprio.delta,0,82,74,3.7,114.952,0.904388,51.8176,0.036288,0.001699,0.0,0.06044,0.403817,0.000134,1.3e-05,0.0,3682863
downwards_rotate,downwards_sensor_sweep_120_cubesizeDR-20260626-215239,TesolloDownwardsRotateZ,TesolloDownwardsRotateZ-20260627-013545-downwardsrotatez_sb_propriodelta_s0,proprio.delta,0,82,75,3.75,114.952,0.896748,51.3799,0.036265,0.003785,0.0,0.060924,0.40357,0.00096,1e-05,0.0,3682863
downwards_rotate,downwards_sensor_sweep_120_cubesizeDR-20260626-215239,TesolloDownwardsRotateZ,TesolloDownwardsRotateZ-20260627-013545-downwardsrotatez_sb_propriodelta_s0,proprio.delta,0,82,76,3.8,114.952,0.894362,51.2431,0.036231,0.001326,0.0,0.061076,0.402104,0.012275,1.2e-05,0.0,3682863
downwards_rotate,downwards_sensor_sweep_120_cubesizeDR-20260626-215239,TesolloDownwardsRotateZ,TesolloDownwardsRotateZ-20260627-013545-downwardsrotatez_sb_propriodelta_s0,proprio.delta,0,82,77,3.85,114.952,0.888239,50.8923,0.036326,0.002087,0.0,0.061472,0.403078,9e-06,1.5e-05,0.0,3682863
downwards_rotate,downwards_sensor_sweep_120_cubesizeDR-20260626-215239,TesolloDownwardsRotateZ,TesolloDownwardsRotateZ-20260627-013545-downwardsrotatez_sb_propriodelta_s0,proprio.delta,0,82,78,3.9,114.952,0.883504,50.621,0.036264,0.003392,0.0,0.061781,0.40227,1.8e-05,1.3e-05,0.0,3682863
downwards_rotate,downwards_sensor_sweep_120_cubesizeDR-20260626-215239,TesolloDownwardsRotateZ,TesolloDownwardsRotateZ-20260627-013545-downwardsrotatez_sb_propriodelta_s0,proprio.delta,0,82,79,3.95,114.952,0.881419,50.5016,0.036272,0.000512,0.0,0.061918,0.401239,1e-06,1.4e-05,0.0,3682863
downwards_rotate,downwards_sensor_sweep_120_cubesizeDR-20260626-215239,TesolloDownwardsRotateZ,TesolloDownwardsRotateZ-20260627-013545-downwardsrotatez_sb_propriodelta_s0,proprio.delta,0,82,80,4.0,114.952,0.878135,50.3134,0.036237,0.000144,0.0,0.062135,0.400364,0.0,1.6e-05,0.0,3682863
downwards_rotate,downwards_sensor_sweep_120_cubesizeDR-20260626-215239,TesolloDownwardsRotateZ,TesolloDownwardsRotateZ-20260627-013545-downwardsrotatez_sb_propriodelta_s0,proprio.delta,0,82,81,4.05,114.952,0.873212,50.0314,0.036246,0.000357,0.0,0.062463,0.400115,0.0,1.7e-05,0.0,3682863
downwards_rotate,downwards_sensor_sweep_120_cubesizeDR-20260626-215239,TesolloDownwardsRotateZ,TesolloDownwardsRotateZ-20260627-013545-downwardsrotatez_sb_propriodelta_s0,proprio.delta,0,82,82,4.1,114.952,0.870575,49.8803,0.036239,0.000197,0.0,0.062641,0.399726,0.0,1.7e-05,0.0,3682863
downwards_rotate,downwards_sensor_sweep_120_cubesizeDR-20260626-215239,TesolloDownwardsRotateZ,TesolloDownwardsRotateZ-20260627-013545-downwardsrotatez_sb_propriodelta_s0,proprio.delta,0,82,83,4.15,114.952,0.868001,49.7328,0.036203,0.000317,0.0,0.062815,0.399062,0.0,1.8e-05,0.0,3682863
downwards_rotate,downwards_sensor_sweep_120_cubesizeDR-20260626-215239,TesolloDownwardsRotateZ,TesolloDownwardsRotateZ-20260627-013545-downwardsrotatez_sb_propriodelta_s0,proprio.delta,0,82,84,4.2,114.952,0.863477,49.4736,0.036115,0.000138,0.0,0.063123,0.397411,0.0,1.8e-05,0.0,3682863
downwards_rotate,downwards_sensor_sweep_120_cubesizeDR-20260626-215239,TesolloDownwardsRotateZ,TesolloDownwardsRotateZ-20260627-013545-downwardsrotatez_sb_propriodelta_s0,proprio.delta,0,82,85,4.25,114.952,0.860279,49.2903,0.036093,9.3e-05,0.0,0.063343,0.396894,0.058768,1.9e-05,0.0,3682863
downwards_rotate,downwards_sensor_sweep_120_cubesizeDR-20260626-215239,TesolloDownwardsRotateZ,TesolloDownwardsRotateZ-20260627-013545-downwardsrotatez_sb_propriodelta_s0,proprio.delta,0,82,86,4.3,114.952,0.853275,48.8891,0.035945,0.009403,0.0,0.06383,0.397292,0.0,1.9e-05,0.0,3682863
downwards_rotate,downwards_sensor_sweep_120_cubesizeDR-20260626-215239,TesolloDownwardsRotateZ,TesolloDownwardsRotateZ-20260627-013545-downwardsrotatez_sb_propriodelta_s0,proprio.delta,0,82,87,4.35,114.952,0.849554,48.6759,0.035926,0.008402,0.0,0.064091,0.396357,6e-06,2e-05,0.0,3682863
downwards_rotate,downwards_sensor_sweep_120_cubesizeDR-20260626-215239,TesolloDownwardsRotateZ,TesolloDownwardsRotateZ-20260627-013545-downwardsrotatez_sb_propriodelta_s0,proprio.delta,0,82,88,4.4,114.952,0.84398,48.3565,0.036088,0.000697,0.0,0.064487,0.395418,0.0,1.7e-05,0.0,3682863
downwards_rotate,downwards_sensor_sweep_120_cubesizeDR-20260626-215239,TesolloDownwardsRotateZ,TesolloDownwardsRotateZ-20260627-013545-downwardsrotatez_sb_propriodelta_s0,proprio.delta,0,82,89,4.45,114.952,0.845273,48.4306,0.035864,0.000752,0.0,0.064395,0.392575,2.2e-05,2e-05,0.0,3682863
downwards_rotate,downwards_sensor_sweep_120_cubesizeDR-20260626-215239,TesolloDownwardsRotateZ,TesolloDownwardsRotateZ-20260627-013545-downwardsrotatez_sb_propriodelta_s0,proprio.delta,0,82,90,4.5,114.952,0.844841,48.4058,0.035695,0.001307,0.0,0.064426,0.39047,0.000314,2.3e-05,0.0,3682863
downwards_rotate,downwards_sensor_sweep_120_cubesizeDR-20260626-215239,TesolloDownwardsRotateZ,TesolloDownwardsRotateZ-20260627-013545-downwardsrotatez_sb_propriodelta_s0,proprio.delta,0,82,91,4.55,114.952,0.841413,48.2094,0.03551,0.002528,0.0,0.064671,0.388075,0.000233,1.9e-05,0.0,3682863
downwards_rotate,downwards_sensor_sweep_120_cubesizeDR-20260626-215239,TesolloDownwardsRotateZ,TesolloDownwardsRotateZ-20260627-013545-downwardsrotatez_sb_propriodelta_s0,proprio.delta,0,82,92,4.6,114.952,0.84188,48.2362,0.035304,0.001234,0.0,0.064638,0.384949,0.000703,2e-05,0.0,3682863
downwards_rotate,downwards_sensor_sweep_120_cubesizeDR-20260626-215239,TesolloDownwardsRotateZ,TesolloDownwardsRotateZ-20260627-013545-downwardsrotatez_sb_propriodelta_s0,proprio.delta,0,82,93,4.65,114.952,0.837419,47.9806,0.035094,0.005046,0.0,0.06496,0.382992,0.000898,2.2e-05,0.0,3682863
downwards_rotate,downwards_sensor_sweep_120_cubesizeDR-20260626-215239,TesolloDownwardsRotateZ,TesolloDownwardsRotateZ-20260627-013545-downwardsrotatez_sb_propriodelta_s0,proprio.delta,0,82,94,4.7,114.952,0.830484,47.5832,0.034923,0.005135,0.0,0.065467,0.380063,0.002178,4.3e-05,0.0,3682863
downwards_rotate,downwards_sensor_sweep_120_cubesizeDR-20260626-215239,TesolloDownwardsRotateZ,TesolloDownwardsRotateZ-20260627-013545-downwardsrotatez_sb_propriodelta_s0,proprio.delta,0,82,95,4.75,114.952,0.82595,47.3234,0.034731,0.005135,0.0,0.065802,0.377069,0.011736,2.5e-05,0.0,3682863
downwards_rotate,downwards_sensor_sweep_120_cubesizeDR-20260626-215239,TesolloDownwardsRotateZ,TesolloDownwardsRotateZ-20260627-013545-downwardsrotatez_sb_propriodelta_s0,proprio.delta,0,82,96,4.8,114.952,0.817435,46.8356,0.034711,0.004988,0.0,0.066442,0.375896,0.008099,0.000128,0.0,3682863
downwards_rotate,downwards_sensor_sweep_120_cubesizeDR-20260626-215239,TesolloDownwardsRotateZ,TesolloDownwardsRotateZ-20260627-013545-downwardsrotatez_sb_propriodelta_s0,proprio.delta,0,82,97,4.85,114.952,0.810656,46.4472,0.034677,0.005517,0.0,0.066961,0.374934,0.005293,0.000171,0.0,3682863
downwards_rotate,downwards_sensor_sweep_120_cubesizeDR-20260626-215239,TesolloDownwardsRotateZ,TesolloDownwardsRotateZ-20260627-013545-downwardsrotatez_sb_propriodelta_s0,proprio.delta,0,82,98,4.9,114.952,0.808649,46.3322,0.034851,0.001112,0.0,0.067116,0.375624,0.038191,0.000345,0.0,3682863
downwards_rotate,downwards_sensor_sweep_120_cubesizeDR-20260626-215239,TesolloDownwardsRotateZ,TesolloDownwardsRotateZ-20260627-013545-downwardsrotatez_sb_propriodelta_s0,proprio.delta,0,82,99,4.95,114.952,0.808003,46.2952,0.035042,0.003835,0.0,0.067166,0.378958,3.8e-05,0.000564,0.0,3682863
downwards_rotate,downwards_sensor_sweep_120_cubesizeDR-20260626-215239,TesolloDownwardsRotateZ,TesolloDownwardsRotateZ-20260627-013545-downwardsrotatez_sb_propriodelta_s0,proprio.delta,0,82,100,5.0,114.952,0.807984,46.2941,0.034858,0.011045,0.0,0.067167,0.3789,3e-06,0.000286,0.0,3682863
downwards_rotate,downwards_sensor_sweep_120_cubesizeDR-20260626-215239,TesolloDownwardsRotateZ,TesolloDownwardsRotateZ-20260627-013545-downwardsrotatez_sb_propriodelta_s0,proprio.delta,0,82,101,5.05,114.952,0.799062,45.7829,0.035005,0.007887,0.0,0.067866,0.378884,0.007153,0.000132,0.0,3682863
downwards_rotate,downwards_sensor_sweep_120_cubesizeDR-20260626-215239,TesolloDownwardsRotateZ,TesolloDownwardsRotateZ-20260627-013545-downwardsrotatez_sb_propriodelta_s0,proprio.delta,0,82,102,5.1,114.952,0.79138,45.3427,0.035146,0.008476,0.0,0.06848,0.380194,0.041533,0.00014,0.0,3682863
downwards_rotate,downwards_sensor_sweep_120_cubesizeDR-20260626-215239,TesolloDownwardsRotateZ,TesolloDownwardsRotateZ-20260627-013545-downwardsrotatez_sb_propriodelta_s0,proprio.delta,0,82,103,5.15,114.952,0.788839,45.1972,0.035381,0.00709,0.0,0.068685,0.382568,0.028534,0.000256,0.0,3682863
downwards_rotate,downwards_sensor_sweep_120_cubesizeDR-20260626-215239,TesolloDownwardsRotateZ,TesolloDownwardsRotateZ-20260627-013545-downwardsrotatez_sb_propriodelta_s0,proprio.delta,0,82,104,5.2,114.952,0.788088,45.1541,0.035432,0.004601,0.0,0.068746,0.382342,0.028693,0.000232,0.0,3682863
downwards_rotate,downwards_sensor_sweep_120_cubesizeDR-20260626-215239,TesolloDownwardsRotateZ,TesolloDownwardsRotateZ-20260627-013545-downwardsrotatez_sb_propriodelta_s0,proprio.delta,0,82,105,5.25,114.952,0.786192,45.0455,0.035645,0.002073,0.0,0.068901,0.384137,0.030044,0.000265,0.0,3682863
downwards_rotate,downwards_sensor_sweep_120_cubesizeDR-20260626-215239,TesolloDownwardsRotateZ,TesolloDownwardsRotateZ-20260627-013545-downwardsrotatez_sb_propriodelta_s0,proprio.delta,0,82,106,5.3,114.952,0.785123,44.9842,0.035774,0.00136,0.0,0.068988,0.385505,0.028915,0.000276,0.0,3682863
downwards_rotate,downwards_sensor_sweep_120_cubesizeDR-20260626-215239,TesolloDownwardsRotateZ,TesolloDownwardsRotateZ-20260627-013545-downwardsrotatez_sb_propriodelta_s0,proprio.delta,0,82,107,5.35,114.952,0.78272,44.8466,0.035876,0.002641,0.0,0.069185,0.387015,0.024144,0.000284,0.0,3682863
downwards_rotate,downwards_sensor_sweep_120_cubesizeDR-20260626-215239,TesolloDownwardsRotateZ,TesolloDownwardsRotateZ-20260627-013545-downwardsrotatez_sb_propriodelta_s0,proprio.delta,0,82,108,5.4,114.952,0.781426,44.7724,0.035788,0.020068,0.0,0.069292,0.391475,6.6e-05,0.000232,0.0,3682863
downwards_rotate,downwards_sensor_sweep_120_cubesizeDR-20260626-215239,TesolloDownwardsRotateZ,TesolloDownwardsRotateZ-20260627-013545-downwardsrotatez_sb_propriodelta_s0,proprio.delta,0,82,109,5.45,114.952,0.781708,44.7886,0.036318,0.007147,0.0,0.069269,0.394261,0.000208,0.000122,0.0,3682863
downwards_rotate,downwards_sensor_sweep_120_cubesizeDR-20260626-215239,TesolloDownwardsRotateZ,TesolloDownwardsRotateZ-20260627-013545-downwardsrotatez_sb_propriodelta_s0,proprio.delta,0,82,110,5.5,114.952,0.781366,44.769,0.036658,0.000891,0.0,0.069297,0.396671,0.0,8.8e-05,0.0,3682863
downwards_rotate,downwards_sensor_sweep_120_cubesizeDR-20260626-215239,TesolloDownwardsRotateZ,TesolloDownwardsRotateZ-20260627-013545-downwardsrotatez_sb_propriodelta_s0,proprio.delta,0,82,111,5.55,114.952,0.781045,44.7506,0.036671,0.000971,0.0,0.069323,0.396833,4.2e-05,4.2e-05,0.0,3682863
downwards_rotate,downwards_sensor_sweep_120_cubesizeDR-20260626-215239,TesolloDownwardsRotateZ,TesolloDownwardsRotateZ-20260627-013545-downwardsrotatez_sb_propriodelta_s0,proprio.delta,0,82,112,5.6,114.952,0.781518,44.7777,0.036633,0.000257,0.0,0.069284,0.396145,0.0,2e-05,0.0,3682863
downwards_rotate,downwards_sensor_sweep_120_cubesizeDR-20260626-215239,TesolloDownwardsRotateZ,TesolloDownwardsRotateZ-20260627-013545-downwardsrotatez_sb_propriodelta_s0,proprio.delta,0,82,113,5.65,114.952,0.781674,44.7866,0.036464,0.000623,0.0,0.069271,0.394038,0.0,3.3e-05,0.0,3682863
downwards_rotate,downwards_sensor_sweep_120_cubesizeDR-20260626-215239,TesolloDownwardsRotateZ,TesolloDownwardsRotateZ-20260627-013545-downwardsrotatez_sb_propriodelta_s0,proprio.delta,0,82,114,5.7,114.952,0.782206,44.8171,0.036402,0.000414,0.0,0.069227,0.3932,1.8e-05,8e-06,0.0,3682863
downwards_rotate,downwards_sensor_sweep_120_cubesizeDR-20260626-215239,TesolloDownwardsRotateZ,TesolloDownwardsRotateZ-20260627-013545-downwardsrotatez_sb_propriodelta_s0,proprio.delta,0,82,115,5.75,114.952,0.781419,44.772,0.036158,0.002299,0.0,0.069292,0.39049,0.0,2.2e-05,0.0,3682863
downwards_rotate,downwards_sensor_sweep_120_cubesizeDR-20260626-215239,TesolloDownwardsRotateZ,TesolloDownwardsRotateZ-20260627-013545-downwardsrotatez_sb_propriodelta_s0,proprio.delta,0,82,116,5.8,114.952,0.77984,44.6816,0.035987,0.000694,0.0,0.069423,0.387492,4e-06,3.1e-05,0.0,3682863
downwards_rotate,downwards_sensor_sweep_120_cubesizeDR-20260626-215239,TesolloDownwardsRotateZ,TesolloDownwardsRotateZ-20260627-013545-downwardsrotatez_sb_propriodelta_s0,proprio.delta,0,82,117,5.85,114.952,0.779802,44.6794,0.035884,0.000654,0.0,0.069426,0.386105,0.00039,5.4e-05,0.0,3682863
downwards_rotate,downwards_sensor_sweep_120_cubesizeDR-20260626-215239,TesolloDownwardsRotateZ,TesolloDownwardsRotateZ-20260627-013545-downwardsrotatez_sb_propriodelta_s0,proprio.delta,0,82,118,5.9,114.952,0.779466,44.6601,0.035888,0.0006,0.0,0.069454,0.3861,0.0,5.6e-05,0.0,3682863
downwards_rotate,downwards_sensor_sweep_120_cubesizeDR-20260626-215239,TesolloDownwardsRotateZ,TesolloDownwardsRotateZ-20260627-013545-downwardsrotatez_sb_propriodelta_s0,proprio.delta,0,82,119,5.95,114.952,0.779379,44.6551,0.035957,0.001303,0.0,0.069461,0.38725,0.0,5.2e-05,0.0,3682863
downwards_rotate,downwards_sensor_sweep_120_cubesizeDR-20260626-215239,TesolloDownwardsRotateZ,TesolloDownwardsRotateZ-20260627-032809-downwardsrotatez_sb_propriotarget_s0,proprio.target,0,13,0,0.0,114.654,2.001095,114.6543,-0.010711,0.178673,0.967115,0.000929,0.239092,0.056293,0.085356,0.0,3682863
downwards_rotate,downwards_sensor_sweep_120_cubesizeDR-20260626-215239,TesolloDownwardsRotateZ,TesolloDownwardsRotateZ-20260627-032809-downwardsrotatez_sb_propriotarget_s0,proprio.target,0,13,1,0.05,114.654,2.001095,114.6543,-0.006268,0.072145,0.993568,0.000182,0.272411,0.126518,0.061606,0.0,3682863
downwards_rotate,downwards_sensor_sweep_120_cubesizeDR-20260626-215239,TesolloDownwardsRotateZ,TesolloDownwardsRotateZ-20260627-032809-downwardsrotatez_sb_propriotarget_s0,proprio.target,0,13,2,0.1,114.654,2.001095,114.6543,-0.002457,0.027601,1.0,0.0,0.310257,0.086202,0.027426,0.0,3682863
downwards_rotate,downwards_sensor_sweep_120_cubesizeDR-20260626-215239,TesolloDownwardsRotateZ,TesolloDownwardsRotateZ-20260627-032809-downwardsrotatez_sb_propriotarget_s0,proprio.target,0,13,3,0.15,114.654,1.989831,114.0089,0.00042,0.016381,1.0,0.0,0.344642,0.056917,0.012604,0.0,3682863
downwards_rotate,downwards_sensor_sweep_120_cubesizeDR-20260626-215239,TesolloDownwardsRotateZ,TesolloDownwardsRotateZ-20260627-032809-downwardsrotatez_sb_propriotarget_s0,proprio.target,0,13,4,0.2,114.654,1.976534,113.2471,0.002499,0.009952,1.0,0.0,0.370109,0.038065,0.006918,0.0,3682863
downwards_rotate,downwards_sensor_sweep_120_cubesizeDR-20260626-215239,TesolloDownwardsRotateZ,TesolloDownwardsRotateZ-20260627-032809-downwardsrotatez_sb_propriotarget_s0,proprio.target,0,13,5,0.25,114.654,1.937449,111.0077,0.002746,0.031675,1.0,0.0,0.380582,0.034625,0.002134,0.0,3682863
downwards_rotate,downwards_sensor_sweep_120_cubesizeDR-20260626-215239,TesolloDownwardsRotateZ,TesolloDownwardsRotateZ-20260627-032809-downwardsrotatez_sb_propriotarget_s0,proprio.target,0,13,6,0.3,114.654,1.899109,108.8109,0.00234,0.047448,1.0,0.0,0.380554,0.065407,0.00895,0.0,3682863
downwards_rotate,downwards_sensor_sweep_120_cubesizeDR-20260626-215239,TesolloDownwardsRotateZ,TesolloDownwardsRotateZ-20260627-032809-downwardsrotatez_sb_propriotarget_s0,proprio.target,0,13,7,0.35,114.654,1.826535,104.6527,0.03167,0.030365,0.0,0.030868,0.391654,0.03776,0.027575,0.0,3682863
downwards_rotate,downwards_sensor_sweep_120_cubesizeDR-20260626-215239,TesolloDownwardsRotateZ,TesolloDownwardsRotateZ-20260627-032809-downwardsrotatez_sb_propriotarget_s0,proprio.target,0,13,8,0.4,114.654,1.77501,101.7006,0.030891,0.051099,0.0,0.031736,0.387349,0.025759,0.053578,0.0,3682863
downwards_rotate,downwards_sensor_sweep_120_cubesizeDR-20260626-215239,TesolloDownwardsRotateZ,TesolloDownwardsRotateZ-20260627-032809-downwardsrotatez_sb_propriotarget_s0,proprio.target,0,13,9,0.45,114.654,1.746447,100.0641,0.031366,0.029071,0.0,0.032238,0.385815,0.024661,0.064414,0.0,3682863
downwards_rotate,downwards_sensor_sweep_120_cubesizeDR-20260626-215239,TesolloDownwardsRotateZ,TesolloDownwardsRotateZ-20260627-032809-downwardsrotatez_sb_propriotarget_s0,proprio.target,0,13,10,0.5,114.654,1.723314,98.7386,0.031937,0.003263,0.0,0.032657,0.384224,0.027498,0.061407,0.0,3682863
downwards_rotate,downwards_sensor_sweep_120_cubesizeDR-20260626-215239,TesolloDownwardsRotateZ,TesolloDownwardsRotateZ-20260627-032809-downwardsrotatez_sb_propriotarget_s0,proprio.target,0,13,11,0.55,114.654,1.704573,97.6648,0.03197,0.000982,0.0,0.033004,0.383302,0.010655,0.052024,0.0,3682863
downwards_rotate,downwards_sensor_sweep_120_cubesizeDR-20260626-215239,TesolloDownwardsRotateZ,TesolloDownwardsRotateZ-20260627-032809-downwardsrotatez_sb_propriotarget_s0,proprio.target,0,13,12,0.6,114.654,1.695765,97.1602,0.031876,0.002878,0.0,0.03317,0.382312,0.023223,0.040455,0.0,3682863
downwards_rotate,downwards_sensor_sweep_120_cubesizeDR-20260626-215239,TesolloDownwardsRotateZ,TesolloDownwardsRotateZ-20260627-032809-downwardsrotatez_sb_propriotarget_s0,proprio.target,0,13,13,0.65,114.654,1.690858,96.879,0.031633,0.00779,0.0,0.033263,0.38045,0.021053,0.030272,0.0,3682863
downwards_rotate,downwards_sensor_sweep_120_cubesizeDR-20260626-215239,TesolloDownwardsRotateZ,TesolloDownwardsRotateZ-20260627-032809-downwardsrotatez_sb_propriotarget_s0,proprio.target,0,13,14,0.7,114.654,1.689173,96.7825,0.031658,0.000895,0.0,0.033295,0.378325,0.021921,0.021014,0.0,3682863
downwards_rotate,downwards_sensor_sweep_120_cubesizeDR-20260626-215239,TesolloDownwardsRotateZ,TesolloDownwardsRotateZ-20260627-032809-downwardsrotatez_sb_propriotarget_s0,proprio.target,0,13,15,0.75,114.654,1.685384,96.5654,0.031416,0.003263,0.0,0.033367,0.375674,0.013669,0.013427,0.0,3682863
downwards_rotate,downwards_sensor_sweep_120_cubesizeDR-20260626-215239,TesolloDownwardsRotateZ,TesolloDownwardsRotateZ-20260627-032809-downwardsrotatez_sb_propriotarget_s0,proprio.target,0,13,16,0.8,114.654,1.677596,96.1192,0.031349,0.001345,0.0,0.033517,0.373851,0.01011,0.006955,0.0,3682863
downwards_rotate,downwards_sensor_sweep_120_cubesizeDR-20260626-215239,TesolloDownwardsRotateZ,TesolloDownwardsRotateZ-20260627-032809-downwardsrotatez_sb_propriotarget_s0,proprio.target,0,13,17,0.85,114.654,1.66553,95.4278,0.031104,0.003723,0.0,0.033751,0.371016,0.015841,0.002881,0.0,3682863
downwards_rotate,downwards_sensor_sweep_120_cubesizeDR-20260626-215239,TesolloDownwardsRotateZ,TesolloDownwardsRotateZ-20260627-032809-downwardsrotatez_sb_propriotarget_s0,proprio.target,0,13,18,0.9,114.654,1.650241,94.5518,0.030872,0.002718,0.0,0.034054,0.367169,0.019088,0.001003,0.0,3682863
downwards_rotate,downwards_sensor_sweep_120_cubesizeDR-20260626-215239,TesolloDownwardsRotateZ,TesolloDownwardsRotateZ-20260627-032809-downwardsrotatez_sb_propriotarget_s0,proprio.target,0,13,19,0.95,114.654,1.636154,93.7447,0.030877,0.001177,0.0,0.034337,0.366332,0.014786,0.000973,0.0,3682863
downwards_rotate,downwards_sensor_sweep_120_cubesizeDR-20260626-215239,TesolloDownwardsRotateZ,TesolloDownwardsRotateZ-20260627-032809-downwardsrotatez_sb_propriotarget_s0,proprio.target,0,13,20,1.0,114.654,1.627631,93.2564,0.030569,0.004334,0.0,0.03451,0.363059,0.020051,0.000936,0.0,3682863
downwards_rotate,downwards_sensor_sweep_120_cubesizeDR-20260626-215239,TesolloDownwardsRotateZ,TesolloDownwardsRotateZ-20260627-032809-downwardsrotatez_sb_propriotarget_s0,proprio.target,0,13,21,1.05,114.654,1.61988,92.8123,0.030521,0.001415,0.0,0.03467,0.361237,0.018375,0.00109,0.0,3682863
downwards_rotate,downwards_sensor_sweep_120_cubesizeDR-20260626-215239,TesolloDownwardsRotateZ,TesolloDownwardsRotateZ-20260627-032809-downwardsrotatez_sb_propriotarget_s0,proprio.target,0,13,22,1.1,114.654,1.612761,92.4044,0.030311,0.004281,0.0,0.034817,0.35926,0.059551,0.001934,0.0,3682863
downwards_rotate,downwards_sensor_sweep_120_cubesizeDR-20260626-215239,TesolloDownwardsRotateZ,TesolloDownwardsRotateZ-20260627-032809-downwardsrotatez_sb_propriotarget_s0,proprio.target,0,13,23,1.15,114.654,1.604405,91.9256,0.030062,0.008962,0.0,0.034992,0.357216,0.006937,0.003586,0.0,3682863
downwards_rotate,downwards_sensor_sweep_120_cubesizeDR-20260626-215239,TesolloDownwardsRotateZ,TesolloDownwardsRotateZ-20260627-032809-downwardsrotatez_sb_propriotarget_s0,proprio.target,0,13,24,1.2,114.654,1.600335,91.6924,0.029761,0.013739,0.0,0.035078,0.354677,5.5e-05,0.004247,0.0,3682863
downwards_rotate,downwards_sensor_sweep_120_cubesizeDR-20260626-215239,TesolloDownwardsRotateZ,TesolloDownwardsRotateZ-20260627-032809-downwardsrotatez_sb_propriotarget_s0,proprio.target,0,13,25,1.25,114.654,1.598795,91.6042,0.029601,0.005189,0.0,0.035111,0.349675,0.001164,0.0054,0.0,3682863
downwards_rotate,downwards_sensor_sweep_120_cubesizeDR-20260626-215239,TesolloDownwardsRotateZ,TesolloDownwardsRotateZ-20260627-032809-downwardsrotatez_sb_propriotarget_s0,proprio.target,0,13,26,1.3,114.654,1.596281,91.4602,0.029166,0.011816,0.0,0.035164,0.346039,0.00168,0.008161,0.0,3682863
downwards_rotate,downwards_sensor_sweep_120_cubesizeDR-20260626-215239,TesolloDownwardsRotateZ,TesolloDownwardsRotateZ-20260627-032809-downwardsrotatez_sb_propriotarget_s0,proprio.target,0,13,27,1.35,114.654,1.597395,91.524,0.028816,0.003962,0.0,0.035141,0.338848,0.003429,0.012584,0.0,3682863
downwards_rotate,downwards_sensor_sweep_120_cubesizeDR-20260626-215239,TesolloDownwardsRotateZ,TesolloDownwardsRotateZ-20260627-032809-downwardsrotatez_sb_propriotarget_s0,proprio.target,0,13,28,1.4,114.654,1.598696,91.5985,0.028272,0.008582,0.0,0.035113,0.333319,0.009485,0.022622,0.0,3682863
downwards_rotate,downwards_sensor_sweep_120_cubesizeDR-20260626-215239,TesolloDownwardsRotateZ,TesolloDownwardsRotateZ-20260627-032809-downwardsrotatez_sb_propriotarget_s0,proprio.target,0,13,29,1.45,114.654,1.601271,91.7461,0.028065,0.002712,0.0,0.035058,0.328834,0.01345,0.034061,0.0,3682863
downwards_rotate,downwards_sensor_sweep_120_cubesizeDR-20260626-215239,TesolloDownwardsRotateZ,TesolloDownwardsRotateZ-20260627-032809-downwardsrotatez_sb_propriotarget_s0,proprio.target,0,13,30,1.5,114.654,1.602649,91.825,0.027973,0.00271,0.0,0.035029,0.32779,0.014569,0.045314,0.0,3682863
downwards_rotate,downwards_sensor_sweep_120_cubesizeDR-20260626-215239,TesolloDownwardsRotateZ,TesolloDownwardsRotateZ-20260627-032809-downwardsrotatez_sb_propriotarget_s0,proprio.target,0,13,31,1.55,114.654,1.603439,91.8703,0.028062,0.000838,0.0,0.035013,0.328465,0.019627,0.051522,0.0,3682863
downwards_rotate,downwards_sensor_sweep_120_cubesizeDR-20260626-215239,TesolloDownwardsRotateZ,TesolloDownwardsRotateZ-20260627-032809-downwardsrotatez_sb_propriotarget_s0,proprio.target,0,13,32,1.6,114.654,1.603617,91.8805,0.027875,0.004153,0.0,0.035009,0.327108,0.018033,0.053065,0.0,3682863
downwards_rotate,downwards_sensor_sweep_120_cubesizeDR-20260626-215239,TesolloDownwardsRotateZ,TesolloDownwardsRotateZ-20260627-032809-downwardsrotatez_sb_propriotarget_s0,proprio.target,0,13,33,1.65,114.654,1.601292,91.7472,0.028028,0.000702,0.0,0.035058,0.327935,0.056295,0.049586,0.0,3682863
downwards_rotate,downwards_sensor_sweep_120_cubesizeDR-20260626-215239,TesolloDownwardsRotateZ,TesolloDownwardsRotateZ-20260627-032809-downwardsrotatez_sb_propriotarget_s0,proprio.target,0,13,34,1.7,114.654,1.601144,91.7388,0.027879,0.005133,0.0,0.035061,0.32722,0.018582,0.038155,0.0,3682863
downwards_rotate,downwards_sensor_sweep_120_cubesizeDR-20260626-215239,TesolloDownwardsRotateZ,TesolloDownwardsRotateZ-20260627-032809-downwardsrotatez_sb_propriotarget_s0,proprio.target,0,13,35,1.75,114.654,1.59745,91.5272,0.027916,0.007706,0.0,0.035139,0.328362,0.012525,0.031335,0.0,3682863
downwards_rotate,downwards_sensor_sweep_120_cubesizeDR-20260626-215239,TesolloDownwardsRotateZ,TesolloDownwardsRotateZ-20260627-032809-downwardsrotatez_sb_propriotarget_s0,proprio.target,0,13,36,1.8,114.654,1.594617,91.3648,0.027873,0.007713,0.0,0.0352,0.327634,0.001487,0.026553,0.0,3682863
downwards_rotate,downwards_sensor_sweep_120_cubesizeDR-20260626-215239,TesolloDownwardsRotateZ,TesolloDownwardsRotateZ-20260627-032809-downwardsrotatez_sb_propriotarget_s0,proprio.target,0,13,37,1.85,114.654,1.590882,91.1508,0.028273,0.003581,0.0,0.035279,0.331684,0.085794,0.032799,0.0,3682863
downwards_rotate,downwards_sensor_sweep_120_cubesizeDR-20260626-215239,TesolloDownwardsRotateZ,TesolloDownwardsRotateZ-20260627-032809-downwardsrotatez_sb_propriotarget_s0,proprio.target,0,13,38,1.9,114.654,1.585172,90.8236,0.028365,0.016821,0.0,0.035402,0.336862,0.00121,0.018937,0.0,3682863
downwards_rotate,downwards_sensor_sweep_120_cubesizeDR-20260626-215239,TesolloDownwardsRotateZ,TesolloDownwardsRotateZ-20260627-032809-downwardsrotatez_sb_propriotarget_s0,proprio.target,0,13,39,1.95,114.654,1.556419,89.1762,0.029053,0.017632,0.0,0.036032,0.345565,0.029914,0.023525,0.0,3682863
downwards_rotate,downwards_sensor_sweep_120_cubesizeDR-20260626-215239,TesolloDownwardsRotateZ,TesolloDownwardsRotateZ-20260627-032809-downwardsrotatez_sb_propriotarget_s0,proprio.target,0,13,40,2.0,114.654,1.533299,87.8516,0.02929,0.012859,0.0,0.036556,0.346388,0.001277,0.022921,0.0,3682863
downwards_rotate,downwards_sensor_sweep_120_cubesizeDR-20260626-215239,TesolloDownwardsRotateZ,TesolloDownwardsRotateZ-20260627-032809-downwardsrotatez_sb_propriotarget_s0,proprio.target,0,13,41,2.05,114.654,1.508009,86.4025,0.029499,0.007605,0.0,0.037146,0.346688,0.001968,0.027269,0.0,3682863
downwards_rotate,downwards_sensor_sweep_120_cubesizeDR-20260626-215239,TesolloDownwardsRotateZ,TesolloDownwardsRotateZ-20260627-032809-downwardsrotatez_sb_propriotarget_s0,proprio.target,0,13,42,2.1,114.654,1.485625,85.1201,0.029934,0.002807,0.0,0.037685,0.350259,0.004013,0.033323,0.0,3682863
downwards_rotate,downwards_sensor_sweep_120_cubesizeDR-20260626-215239,TesolloDownwardsRotateZ,TesolloDownwardsRotateZ-20260627-032809-downwardsrotatez_sb_propriotarget_s0,proprio.target,0,13,43,2.15,114.654,1.452323,83.212,0.03013,0.007257,0.0,0.038515,0.353311,0.003617,0.038034,0.0,3682863
downwards_rotate,downwards_sensor_sweep_120_cubesizeDR-20260626-215239,TesolloDownwardsRotateZ,TesolloDownwardsRotateZ-20260627-032809-downwardsrotatez_sb_propriotarget_s0,proprio.target,0,13,44,2.2,114.654,1.416822,81.1779,0.030357,0.00288,0.0,0.039442,0.35367,0.003538,0.040259,0.0,3682863
downwards_rotate,downwards_sensor_sweep_120_cubesizeDR-20260626-215239,TesolloDownwardsRotateZ,TesolloDownwardsRotateZ-20260627-032809-downwardsrotatez_sb_propriotarget_s0,proprio.target,0,13,45,2.25,114.654,1.382216,79.1951,0.030561,0.003163,0.0,0.04039,0.355231,0.003267,0.04078,0.0,3682863
downwards_rotate,downwards_sensor_sweep_120_cubesizeDR-20260626-215239,TesolloDownwardsRotateZ,TesolloDownwardsRotateZ-20260627-032809-downwardsrotatez_sb_propriotarget_s0,proprio.target,0,13,46,2.3,114.654,1.349294,77.3089,0.030851,0.000778,0.0,0.041335,0.357024,0.005417,0.039498,0.0,3682863
downwards_rotate,downwards_sensor_sweep_120_cubesizeDR-20260626-215239,TesolloDownwardsRotateZ,TesolloDownwardsRotateZ-20260627-032809-downwardsrotatez_sb_propriotarget_s0,proprio.target,0,13,47,2.35,114.654,1.313133,75.237,0.031006,0.001842,0.0,0.042425,0.357941,6e-05,0.036239,0.0,3682863
downwards_rotate,downwards_sensor_sweep_120_cubesizeDR-20260626-215239,TesolloDownwardsRotateZ,TesolloDownwardsRotateZ-20260627-032809-downwardsrotatez_sb_propriotarget_s0,proprio.target,0,13,48,2.4,114.654,1.279126,73.2885,0.031086,0.001858,0.0,0.043504,0.357533,0.0,0.032665,0.0,3682863
downwards_rotate,downwards_sensor_sweep_120_cubesizeDR-20260626-215239,TesolloDownwardsRotateZ,TesolloDownwardsRotateZ-20260627-032809-downwardsrotatez_sb_propriotarget_s0,proprio.target,0,13,49,2.45,114.654,1.24281,71.2078,0.031256,0.000836,0.0,0.044718,0.357774,1.5e-05,0.02754,0.0,3682863
downwards_rotate,downwards_sensor_sweep_120_cubesizeDR-20260626-215239,TesolloDownwardsRotateZ,TesolloDownwardsRotateZ-20260627-032809-downwardsrotatez_sb_propriotarget_s0,proprio.target,0,13,50,2.5,114.654,1.200969,68.8105,0.031203,0.001078,0.0,0.046204,0.355075,0.000138,0.021316,0.0,3682863
downwards_rotate,downwards_sensor_sweep_120_cubesizeDR-20260626-215239,TesolloDownwardsRotateZ,TesolloDownwardsRotateZ-20260627-032809-downwardsrotatez_sb_propriotarget_s0,proprio.target,0,13,51,2.55,114.654,1.149383,65.8548,0.031617,0.000807,0.0,0.048178,0.3578,0.000644,0.015494,0.0,3682863
downwards_rotate,downwards_sensor_sweep_120_cubesizeDR-20260626-215239,TesolloDownwardsRotateZ,TesolloDownwardsRotateZ-20260627-032809-downwardsrotatez_sb_propriotarget_s0,proprio.target,0,13,52,2.6,114.654,1.114249,63.8418,0.031556,0.001637,0.0,0.049622,0.355285,0.012712,0.010061,0.0,3682863
downwards_rotate,downwards_sensor_sweep_120_cubesizeDR-20260626-215239,TesolloDownwardsRotateZ,TesolloDownwardsRotateZ-20260627-032809-downwardsrotatez_sb_propriotarget_s0,proprio.target,0,13,53,2.65,114.654,1.082815,62.0407,0.031598,0.005659,0.0,0.050989,0.355282,0.000178,0.005981,0.0,3682863
downwards_rotate,downwards_sensor_sweep_120_cubesizeDR-20260626-215239,TesolloDownwardsRotateZ,TesolloDownwardsRotateZ-20260627-032809-downwardsrotatez_sb_propriotarget_s0,proprio.target,0,13,54,2.7,114.654,1.055294,60.4639,0.031492,0.00968,0.0,0.052249,0.353504,0.0,0.003518,0.0,3682863
downwards_rotate,downwards_sensor_sweep_120_cubesizeDR-20260626-215239,TesolloDownwardsRotateZ,TesolloDownwardsRotateZ-20260627-032809-downwardsrotatez_sb_propriotarget_s0,proprio.target,0,13,55,2.75,114.654,1.022286,58.5727,0.032154,0.00048,0.0,0.053845,0.357118,1e-06,0.00192,0.0,3682863
downwards_rotate,downwards_sensor_sweep_120_cubesizeDR-20260626-215239,TesolloDownwardsRotateZ,TesolloDownwardsRotateZ-20260627-032809-downwardsrotatez_sb_propriotarget_s0,proprio.target,0,13,56,2.8,114.654,1.001518,57.3828,0.032022,0.000667,0.0,0.0549,0.354013,0.0,0.002466,0.0,3682863
downwards_rotate,downwards_sensor_sweep_120_cubesizeDR-20260626-215239,TesolloDownwardsRotateZ,TesolloDownwardsRotateZ-20260627-032809-downwardsrotatez_sb_propriotarget_s0,proprio.target,0,13,57,2.85,114.654,0.980527,56.1801,0.031962,0.000749,0.0,0.05601,0.3518,0.0,0.005682,0.0,3682863
downwards_rotate,downwards_sensor_sweep_120_cubesizeDR-20260626-215239,TesolloDownwardsRotateZ,TesolloDownwardsRotateZ-20260627-032809-downwardsrotatez_sb_propriotarget_s0,proprio.target,0,13,58,2.9,114.654,0.950973,54.4867,0.032274,0.000249,0.0,0.05765,0.353671,7e-06,0.010502,0.0,3682863
downwards_rotate,downwards_sensor_sweep_120_cubesizeDR-20260626-215239,TesolloDownwardsRotateZ,TesolloDownwardsRotateZ-20260627-032809-downwardsrotatez_sb_propriotarget_s0,proprio.target,0,13,59,2.95,114.654,0.931559,53.3744,0.032154,0.000994,0.0,0.058781,0.350894,3.9e-05,0.016032,0.0,3682863
downwards_rotate,downwards_sensor_sweep_120_cubesizeDR-20260626-215239,TesolloDownwardsRotateZ,TesolloDownwardsRotateZ-20260627-032809-downwardsrotatez_sb_propriotarget_s0,proprio.target,0,13,60,3.0,114.654,0.913353,52.3313,0.032086,0.000595,0.0,0.059882,0.348428,0.000113,0.019631,0.0,3682863
downwards_rotate,downwards_sensor_sweep_120_cubesizeDR-20260626-215239,TesolloDownwardsRotateZ,TesolloDownwardsRotateZ-20260627-032809-downwardsrotatez_sb_propriotarget_s0,proprio.target,0,13,61,3.05,114.654,0.896999,51.3943,0.032124,0.000133,0.0,0.060908,0.347484,0.048726,0.020212,0.0,3682863
downwards_rotate,downwards_sensor_sweep_120_cubesizeDR-20260626-215239,TesolloDownwardsRotateZ,TesolloDownwardsRotateZ-20260627-032809-downwardsrotatez_sb_propriotarget_s0,proprio.target,0,13,62,3.1,114.654,0.875076,50.1381,0.032015,0.008476,0.0,0.062339,0.346841,4.5e-05,0.020473,0.0,3682863
downwards_rotate,downwards_sensor_sweep_120_cubesizeDR-20260626-215239,TesolloDownwardsRotateZ,TesolloDownwardsRotateZ-20260627-032809-downwardsrotatez_sb_propriotarget_s0,proprio.target,0,13,63,3.15,114.654,0.859492,49.2452,0.031913,0.014292,0.0,0.063397,0.346016,7.5e-05,0.020138,0.0,3682863
downwards_rotate,downwards_sensor_sweep_120_cubesizeDR-20260626-215239,TesolloDownwardsRotateZ,TesolloDownwardsRotateZ-20260627-032809-downwardsrotatez_sb_propriotarget_s0,proprio.target,0,13,64,3.2,114.654,0.845961,48.47,0.032292,0.00033,0.0,0.064346,0.345071,0.007642,0.014248,0.0,3682863
downwards_rotate,downwards_sensor_sweep_120_cubesizeDR-20260626-215239,TesolloDownwardsRotateZ,TesolloDownwardsRotateZ-20260627-032809-downwardsrotatez_sb_propriotarget_s0,proprio.target,0,13,65,3.25,114.654,0.826014,47.3271,0.032391,0.005874,0.0,0.065798,0.346245,0.0,0.00994,0.0,3682863
downwards_rotate,downwards_sensor_sweep_120_cubesizeDR-20260626-215239,TesolloDownwardsRotateZ,TesolloDownwardsRotateZ-20260627-032809-downwardsrotatez_sb_propriotarget_s0,proprio.target,0,13,66,3.3,114.654,0.819454,46.9512,0.032367,0.004194,0.0,0.066289,0.344673,0.0,0.007595,0.0,3682863
downwards_rotate,downwards_sensor_sweep_120_cubesizeDR-20260626-215239,TesolloDownwardsRotateZ,TesolloDownwardsRotateZ-20260627-032809-downwardsrotatez_sb_propriotarget_s0,proprio.target,0,13,67,3.35,114.654,0.814404,46.6619,0.032469,0.000336,0.0,0.066673,0.344223,1.5e-05,0.006294,0.0,3682863
downwards_rotate,downwards_sensor_sweep_120_cubesizeDR-20260626-215239,TesolloDownwardsRotateZ,TesolloDownwardsRotateZ-20260627-032809-downwardsrotatez_sb_propriotarget_s0,proprio.target,0,13,68,3.4,114.654,0.808845,46.3434,0.03248,0.000905,0.0,0.067101,0.343985,0.0,0.005818,0.0,3682863
downwards_rotate,downwards_sensor_sweep_120_cubesizeDR-20260626-215239,TesolloDownwardsRotateZ,TesolloDownwardsRotateZ-20260627-032809-downwardsrotatez_sb_propriotarget_s0,proprio.target,0,13,69,3.45,114.654,0.803591,46.0423,0.03253,0.00054,0.0,0.06751,0.343982,0.0,0.005714,0.0,3682863
downwards_rotate,downwards_sensor_sweep_120_cubesizeDR-20260626-215239,TesolloDownwardsRotateZ,TesolloDownwardsRotateZ-20260627-032809-downwardsrotatez_sb_propriotarget_s0,proprio.target,0,13,70,3.5,114.654,0.799257,45.794,0.032578,0.000152,0.0,0.067851,0.344036,0.0,0.005909,0.0,3682863
downwards_rotate,downwards_sensor_sweep_120_cubesizeDR-20260626-215239,TesolloDownwardsRotateZ,TesolloDownwardsRotateZ-20260627-032809-downwardsrotatez_sb_propriotarget_s0,proprio.target,0,13,71,3.55,114.654,0.794268,45.5082,0.032594,0.000338,0.0,0.068248,0.343784,0.0,0.00627,0.0,3682863
downwards_rotate,downwards_sensor_sweep_120_cubesizeDR-20260626-215239,TesolloDownwardsRotateZ,TesolloDownwardsRotateZ-20260627-032809-downwardsrotatez_sb_propriotarget_s0,proprio.target,0,13,72,3.6,114.654,0.789131,45.2139,0.032616,6.3e-05,0.0,0.068662,0.343504,0.049961,0.006768,0.0,3682863
downwards_rotate,downwards_sensor_sweep_120_cubesizeDR-20260626-215239,TesolloDownwardsRotateZ,TesolloDownwardsRotateZ-20260627-032809-downwardsrotatez_sb_propriotarget_s0,proprio.target,0,13,73,3.65,114.654,0.772342,44.2519,0.032693,0.007887,0.0,0.07005,0.345218,0.0,0.006005,0.0,3682863
downwards_rotate,downwards_sensor_sweep_120_cubesizeDR-20260626-215239,TesolloDownwardsRotateZ,TesolloDownwardsRotateZ-20260627-032809-downwardsrotatez_sb_propriotarget_s0,proprio.target,0,13,74,3.7,114.654,0.767535,43.9765,0.032465,0.012892,0.0,0.070457,0.343292,0.0,0.005694,0.0,3682863
downwards_rotate,downwards_sensor_sweep_120_cubesizeDR-20260626-215239,TesolloDownwardsRotateZ,TesolloDownwardsRotateZ-20260627-032809-downwardsrotatez_sb_propriotarget_s0,proprio.target,0,13,75,3.75,114.654,0.764601,43.8084,0.032722,0.000292,0.0,0.070709,0.342188,0.0,0.005397,0.0,3682863
downwards_rotate,downwards_sensor_sweep_120_cubesizeDR-20260626-215239,TesolloDownwardsRotateZ,TesolloDownwardsRotateZ-20260627-032809-downwardsrotatez_sb_propriotarget_s0,proprio.target,0,13,76,3.8,114.654,0.761551,43.6337,0.032703,0.000103,0.0,0.070972,0.341507,0.0,0.00505,0.0,3682863
downwards_rotate,downwards_sensor_sweep_120_cubesizeDR-20260626-215239,TesolloDownwardsRotateZ,TesolloDownwardsRotateZ-20260627-032809-downwardsrotatez_sb_propriotarget_s0,proprio.target,0,13,77,3.85,114.654,0.758505,43.4591,0.032695,4.8e-05,0.0,0.071237,0.341035,0.0,0.004613,0.0,3682863
downwards_rotate,downwards_sensor_sweep_120_cubesizeDR-20260626-215239,TesolloDownwardsRotateZ,TesolloDownwardsRotateZ-20260627-032809-downwardsrotatez_sb_propriotarget_s0,proprio.target,0,13,78,3.9,114.654,0.755725,43.2999,0.032693,4e-05,0.0,0.07148,0.340673,0.0,0.00407,0.0,3682863
downwards_rotate,downwards_sensor_sweep_120_cubesizeDR-20260626-215239,TesolloDownwardsRotateZ,TesolloDownwardsRotateZ-20260627-032809-downwardsrotatez_sb_propriotarget_s0,proprio.target,0,13,79,3.95,114.654,0.753248,43.1579,0.032697,6.5e-05,0.0,0.071698,0.340424,0.0,0.003477,0.0,3682863
downwards_rotate,downwards_sensor_sweep_120_cubesizeDR-20260626-215239,TesolloDownwardsRotateZ,TesolloDownwardsRotateZ-20260627-032809-downwardsrotatez_sb_propriotarget_s0,proprio.target,0,13,80,4.0,114.654,0.75077,43.0159,0.032699,9.3e-05,0.0,0.071918,0.340162,0.0,0.002933,0.0,3682863
downwards_rotate,downwards_sensor_sweep_120_cubesizeDR-20260626-215239,TesolloDownwardsRotateZ,TesolloDownwardsRotateZ-20260627-032809-downwardsrotatez_sb_propriotarget_s0,proprio.target,0,13,81,4.05,114.654,0.748223,42.87,0.0327,8.1e-05,0.0,0.072145,0.339869,0.0,0.002471,0.0,3682863
downwards_rotate,downwards_sensor_sweep_120_cubesizeDR-20260626-215239,TesolloDownwardsRotateZ,TesolloDownwardsRotateZ-20260627-032809-downwardsrotatez_sb_propriotarget_s0,proprio.target,0,13,82,4.1,114.654,0.74573,42.7272,0.032707,4.9e-05,0.0,0.072369,0.339645,0.0,0.00209,0.0,3682863
downwards_rotate,downwards_sensor_sweep_120_cubesizeDR-20260626-215239,TesolloDownwardsRotateZ,TesolloDownwardsRotateZ-20260627-032809-downwardsrotatez_sb_propriotarget_s0,proprio.target,0,13,83,4.15,114.654,0.743335,42.59,0.032712,7.8e-05,0.0,0.072585,0.339427,0.0,0.001753,0.0,3682863
downwards_rotate,downwards_sensor_sweep_120_cubesizeDR-20260626-215239,TesolloDownwardsRotateZ,TesolloDownwardsRotateZ-20260627-032809-downwardsrotatez_sb_propriotarget_s0,proprio.target,0,13,84,4.2,114.654,0.740842,42.4471,0.032714,9.1e-05,0.0,0.072811,0.339153,0.0,0.001493,0.0,3682863
downwards_rotate,downwards_sensor_sweep_120_cubesizeDR-20260626-215239,TesolloDownwardsRotateZ,TesolloDownwardsRotateZ-20260627-032809-downwardsrotatez_sb_propriotarget_s0,proprio.target,0,13,85,4.25,114.654,0.738336,42.3035,0.032713,7e-05,0.0,0.07304,0.338832,0.0,0.001299,0.0,3682863
downwards_rotate,downwards_sensor_sweep_120_cubesizeDR-20260626-215239,TesolloDownwardsRotateZ,TesolloDownwardsRotateZ-20260627-032809-downwardsrotatez_sb_propriotarget_s0,proprio.target,0,13,86,4.3,114.654,0.735687,42.1518,0.032709,0.000101,0.0,0.073284,0.338462,0.0,0.001173,0.0,3682863
downwards_rotate,downwards_sensor_sweep_120_cubesizeDR-20260626-215239,TesolloDownwardsRotateZ,TesolloDownwardsRotateZ-20260627-032809-downwardsrotatez_sb_propriotarget_s0,proprio.target,0,13,87,4.35,114.654,0.733005,41.9981,0.032706,7.1e-05,0.0,0.073533,0.338077,0.0,0.00109,0.0,3682863
downwards_rotate,downwards_sensor_sweep_120_cubesizeDR-20260626-215239,TesolloDownwardsRotateZ,TesolloDownwardsRotateZ-20260627-032809-downwardsrotatez_sb_propriotarget_s0,proprio.target,0,13,88,4.4,114.654,0.730315,41.844,0.032702,6.4e-05,0.0,0.073783,0.33769,0.0,0.001022,0.0,3682863
downwards_rotate,downwards_sensor_sweep_120_cubesizeDR-20260626-215239,TesolloDownwardsRotateZ,TesolloDownwardsRotateZ-20260627-032809-downwardsrotatez_sb_propriotarget_s0,proprio.target,0,13,89,4.45,114.654,0.727631,41.6902,0.032699,6e-05,0.0,0.074035,0.337304,0.0,0.000956,0.0,3682863
downwards_rotate,downwards_sensor_sweep_120_cubesizeDR-20260626-215239,TesolloDownwardsRotateZ,TesolloDownwardsRotateZ-20260627-032809-downwardsrotatez_sb_propriotarget_s0,proprio.target,0,13,90,4.5,114.654,0.725016,41.5403,0.032695,5.8e-05,0.0,0.074283,0.336915,0.0,0.00088,0.0,3682863
downwards_rotate,downwards_sensor_sweep_120_cubesizeDR-20260626-215239,TesolloDownwardsRotateZ,TesolloDownwardsRotateZ-20260627-032809-downwardsrotatez_sb_propriotarget_s0,proprio.target,0,13,91,4.55,114.654,0.722468,41.3944,0.03269,5.3e-05,0.0,0.074525,0.336527,0.0,0.0008,0.0,3682863
downwards_rotate,downwards_sensor_sweep_120_cubesizeDR-20260626-215239,TesolloDownwardsRotateZ,TesolloDownwardsRotateZ-20260627-032809-downwardsrotatez_sb_propriotarget_s0,proprio.target,0,13,92,4.6,114.654,0.719981,41.2518,0.032685,5.2e-05,0.0,0.074763,0.336139,0.0,0.000714,0.0,3682863
downwards_rotate,downwards_sensor_sweep_120_cubesizeDR-20260626-215239,TesolloDownwardsRotateZ,TesolloDownwardsRotateZ-20260627-032809-downwardsrotatez_sb_propriotarget_s0,proprio.target,0,13,93,4.65,114.654,0.717481,41.1086,0.032679,5.2e-05,0.0,0.075004,0.335745,0.0,0.000631,0.0,3682863
downwards_rotate,downwards_sensor_sweep_120_cubesizeDR-20260626-215239,TesolloDownwardsRotateZ,TesolloDownwardsRotateZ-20260627-032809-downwardsrotatez_sb_propriotarget_s0,proprio.target,0,13,94,4.7,114.654,0.71498,40.9654,0.032675,4.2e-05,0.0,0.075247,0.335353,0.0,0.000561,0.0,3682863
downwards_rotate,downwards_sensor_sweep_120_cubesizeDR-20260626-215239,TesolloDownwardsRotateZ,TesolloDownwardsRotateZ-20260627-032809-downwardsrotatez_sb_propriotarget_s0,proprio.target,0,13,95,4.75,114.654,0.707758,40.5516,0.032799,0.000134,0.0,0.075956,0.336101,0.0,0.0005,0.0,3682863
downwards_rotate,downwards_sensor_sweep_120_cubesizeDR-20260626-215239,TesolloDownwardsRotateZ,TesolloDownwardsRotateZ-20260627-032809-downwardsrotatez_sb_propriotarget_s0,proprio.target,0,13,96,4.8,114.654,0.70109,40.1695,0.032883,9.7e-05,0.0,0.076623,0.336315,0.0,0.000455,0.0,3682863
downwards_rotate,downwards_sensor_sweep_120_cubesizeDR-20260626-215239,TesolloDownwardsRotateZ,TesolloDownwardsRotateZ-20260627-032809-downwardsrotatez_sb_propriotarget_s0,proprio.target,0,13,97,4.85,114.654,0.694829,39.8108,0.033002,6e-05,0.0,0.07726,0.337038,0.0,0.000433,0.0,3682863
downwards_rotate,downwards_sensor_sweep_120_cubesizeDR-20260626-215239,TesolloDownwardsRotateZ,TesolloDownwardsRotateZ-20260627-032809-downwardsrotatez_sb_propriotarget_s0,proprio.target,0,13,98,4.9,114.654,0.688638,39.456,0.033074,5.3e-05,0.0,0.077901,0.33714,0.0,0.000409,0.0,3682863
downwards_rotate,downwards_sensor_sweep_120_cubesizeDR-20260626-215239,TesolloDownwardsRotateZ,TesolloDownwardsRotateZ-20260627-032809-downwardsrotatez_sb_propriotarget_s0,proprio.target,0,13,99,4.95,114.654,0.684952,39.2449,0.033106,4.3e-05,0.0,0.078287,0.337044,0.0,0.000407,0.0,3682863
downwards_rotate,downwards_sensor_sweep_120_cubesizeDR-20260626-215239,TesolloDownwardsRotateZ,TesolloDownwardsRotateZ-20260627-032809-downwardsrotatez_sb_propriotarget_s0,proprio.target,0,13,100,5.0,114.654,0.681985,39.0749,0.033125,3.7e-05,0.0,0.078601,0.336881,0.0,0.0004,0.0,3682863
downwards_rotate,downwards_sensor_sweep_120_cubesizeDR-20260626-215239,TesolloDownwardsRotateZ,TesolloDownwardsRotateZ-20260627-032809-downwardsrotatez_sb_propriotarget_s0,proprio.target,0,13,101,5.05,114.654,0.679377,38.9255,0.033136,2.6e-05,0.0,0.078879,0.336654,0.0,0.000373,0.0,3682863
downwards_rotate,downwards_sensor_sweep_120_cubesizeDR-20260626-215239,TesolloDownwardsRotateZ,TesolloDownwardsRotateZ-20260627-032809-downwardsrotatez_sb_propriotarget_s0,proprio.target,0,13,102,5.1,114.654,0.676955,38.7867,0.033144,2.8e-05,0.0,0.079139,0.336417,0.0,0.000356,0.0,3682863
downwards_rotate,downwards_sensor_sweep_120_cubesizeDR-20260626-215239,TesolloDownwardsRotateZ,TesolloDownwardsRotateZ-20260627-032809-downwardsrotatez_sb_propriotarget_s0,proprio.target,0,13,103,5.15,114.654,0.674625,38.6532,0.033151,2.4e-05,0.0,0.079391,0.336167,0.0,0.000337,0.0,3682863
downwards_rotate,downwards_sensor_sweep_120_cubesizeDR-20260626-215239,TesolloDownwardsRotateZ,TesolloDownwardsRotateZ-20260627-032809-downwardsrotatez_sb_propriotarget_s0,proprio.target,0,13,104,5.2,114.654,0.672354,38.5231,0.033155,2.7e-05,0.0,0.079637,0.335903,0.0,0.000335,0.0,3682863
downwards_rotate,downwards_sensor_sweep_120_cubesizeDR-20260626-215239,TesolloDownwardsRotateZ,TesolloDownwardsRotateZ-20260627-032809-downwardsrotatez_sb_propriotarget_s0,proprio.target,0,13,105,5.25,114.654,0.670199,38.3996,0.03316,2e-05,0.0,0.079873,0.335641,0.0,0.000326,0.0,3682863
downwards_rotate,downwards_sensor_sweep_120_cubesizeDR-20260626-215239,TesolloDownwardsRotateZ,TesolloDownwardsRotateZ-20260627-032809-downwardsrotatez_sb_propriotarget_s0,proprio.target,0,13,106,5.3,114.654,0.66814,38.2816,0.033163,1.7e-05,0.0,0.080099,0.335385,0.0,0.000312,0.0,3682863
downwards_rotate,downwards_sensor_sweep_120_cubesizeDR-20260626-215239,TesolloDownwardsRotateZ,TesolloDownwardsRotateZ-20260627-032809-downwardsrotatez_sb_propriotarget_s0,proprio.target,0,13,107,5.35,114.654,0.666131,38.1665,0.033166,1.7e-05,0.0,0.080322,0.335122,0.0,0.000303,0.0,3682863
downwards_rotate,downwards_sensor_sweep_120_cubesizeDR-20260626-215239,TesolloDownwardsRotateZ,TesolloDownwardsRotateZ-20260627-032809-downwardsrotatez_sb_propriotarget_s0,proprio.target,0,13,108,5.4,114.654,0.664209,38.0564,0.033168,1.6e-05,0.0,0.080535,0.334866,0.0,0.000297,0.0,3682863
downwards_rotate,downwards_sensor_sweep_120_cubesizeDR-20260626-215239,TesolloDownwardsRotateZ,TesolloDownwardsRotateZ-20260627-032809-downwardsrotatez_sb_propriotarget_s0,proprio.target,0,13,109,5.45,114.654,0.66234,37.9493,0.03317,1.4e-05,0.0,0.080744,0.33461,0.0,0.000287,0.0,3682863
downwards_rotate,downwards_sensor_sweep_120_cubesizeDR-20260626-215239,TesolloDownwardsRotateZ,TesolloDownwardsRotateZ-20260627-032809-downwardsrotatez_sb_propriotarget_s0,proprio.target,0,13,110,5.5,114.654,0.660526,37.8454,0.033171,1.3e-05,0.0,0.080948,0.334359,0.0,0.000281,0.0,3682863
downwards_rotate,downwards_sensor_sweep_120_cubesizeDR-20260626-215239,TesolloDownwardsRotateZ,TesolloDownwardsRotateZ-20260627-032809-downwardsrotatez_sb_propriotarget_s0,proprio.target,0,13,111,5.55,114.654,0.658727,37.7423,0.033172,1.4e-05,0.0,0.081151,0.334101,0.0,0.00028,0.0,3682863
downwards_rotate,downwards_sensor_sweep_120_cubesizeDR-20260626-215239,TesolloDownwardsRotateZ,TesolloDownwardsRotateZ-20260627-032809-downwardsrotatez_sb_propriotarget_s0,proprio.target,0,13,112,5.6,114.654,0.65698,37.6422,0.033173,1.2e-05,0.0,0.081349,0.333854,0.0,0.000281,0.0,3682863
downwards_rotate,downwards_sensor_sweep_120_cubesizeDR-20260626-215239,TesolloDownwardsRotateZ,TesolloDownwardsRotateZ-20260627-032809-downwardsrotatez_sb_propriotarget_s0,proprio.target,0,13,113,5.65,114.654,0.655308,37.5464,0.033174,1.3e-05,0.0,0.08154,0.333606,0.0,0.000279,0.0,3682863
downwards_rotate,downwards_sensor_sweep_120_cubesizeDR-20260626-215239,TesolloDownwardsRotateZ,TesolloDownwardsRotateZ-20260627-032809-downwardsrotatez_sb_propriotarget_s0,proprio.target,0,13,114,5.7,114.654,0.653652,37.4515,0.033174,1.7e-05,0.0,0.08173,0.333354,0.0,0.000305,0.0,3682863
downwards_rotate,downwards_sensor_sweep_120_cubesizeDR-20260626-215239,TesolloDownwardsRotateZ,TesolloDownwardsRotateZ-20260627-032809-downwardsrotatez_sb_propriotarget_s0,proprio.target,0,13,115,5.75,114.654,0.65203,37.3586,0.033174,1e-05,0.0,0.081916,0.333111,0.0,0.000316,0.0,3682863
downwards_rotate,downwards_sensor_sweep_120_cubesizeDR-20260626-215239,TesolloDownwardsRotateZ,TesolloDownwardsRotateZ-20260627-032809-downwardsrotatez_sb_propriotarget_s0,proprio.target,0,13,116,5.8,114.654,0.650417,37.2662,0.033175,1.2e-05,0.0,0.082103,0.332866,0.0,0.000329,0.0,3682863
downwards_rotate,downwards_sensor_sweep_120_cubesizeDR-20260626-215239,TesolloDownwardsRotateZ,TesolloDownwardsRotateZ-20260627-032809-downwardsrotatez_sb_propriotarget_s0,proprio.target,0,13,117,5.85,114.654,0.648842,37.1759,0.033175,1.1e-05,0.0,0.082286,0.332623,0.0,0.000352,0.0,3682863
downwards_rotate,downwards_sensor_sweep_120_cubesizeDR-20260626-215239,TesolloDownwardsRotateZ,TesolloDownwardsRotateZ-20260627-032809-downwardsrotatez_sb_propriotarget_s0,proprio.target,0,13,118,5.9,114.654,0.647317,37.0885,0.033174,1e-05,0.0,0.082464,0.332379,0.0,0.000363,0.0,3682863
downwards_rotate,downwards_sensor_sweep_120_cubesizeDR-20260626-215239,TesolloDownwardsRotateZ,TesolloDownwardsRotateZ-20260627-032809-downwardsrotatez_sb_propriotarget_s0,proprio.target,0,13,119,5.95,114.654,0.645796,37.0014,0.033174,1e-05,0.0,0.082642,0.332137,0.0,0.00038,0.0,3682863
downwards_rotate,downwards_sensor_sweep_120_cubesizeDR-20260626-215239,TesolloDownwardsRotateZ,TesolloDownwardsRotateZ-20260627-032809-downwardsrotatez_sb_propriotarget_s0,proprio.target,0,74,0,0.0,114.39,1.996485,114.3902,-0.010956,0.178899,0.967115,0.000931,0.235891,0.055964,0.085423,0.0,3682863
downwards_rotate,downwards_sensor_sweep_120_cubesizeDR-20260626-215239,TesolloDownwardsRotateZ,TesolloDownwardsRotateZ-20260627-032809-downwardsrotatez_sb_propriotarget_s0,proprio.target,0,74,1,0.05,114.39,1.996485,114.3902,-0.00656,0.072261,0.993568,0.000182,0.268555,0.126828,0.061635,0.0,3682863
downwards_rotate,downwards_sensor_sweep_120_cubesizeDR-20260626-215239,TesolloDownwardsRotateZ,TesolloDownwardsRotateZ-20260627-032809-downwardsrotatez_sb_propriotarget_s0,proprio.target,0,74,2,0.1,114.39,1.983035,113.6196,0.020087,0.027598,0.184211,0.023251,0.308155,0.111581,0.043533,0.0,3682863
downwards_rotate,downwards_sensor_sweep_120_cubesizeDR-20260626-215239,TesolloDownwardsRotateZ,TesolloDownwardsRotateZ-20260627-032809-downwardsrotatez_sb_propriotarget_s0,proprio.target,0,74,3,0.15,114.39,1.978713,113.3719,-4.5e-05,0.006651,1.0,0.0,0.335286,0.081548,0.016484,0.0,3682863
downwards_rotate,downwards_sensor_sweep_120_cubesizeDR-20260626-215239,TesolloDownwardsRotateZ,TesolloDownwardsRotateZ-20260627-032809-downwardsrotatez_sb_propriotarget_s0,proprio.target,0,74,4,0.2,114.39,1.957583,112.1612,0.029948,0.013448,0.0,0.028861,0.36574,0.134512,0.019406,0.0,3682863
downwards_rotate,downwards_sensor_sweep_120_cubesizeDR-20260626-215239,TesolloDownwardsRotateZ,TesolloDownwardsRotateZ-20260627-032809-downwardsrotatez_sb_propriotarget_s0,proprio.target,0,74,5,0.25,114.39,1.939229,111.1096,0.003098,0.009909,1.0,0.0,0.378008,0.033507,0.001135,0.0,3682863
downwards_rotate,downwards_sensor_sweep_120_cubesizeDR-20260626-215239,TesolloDownwardsRotateZ,TesolloDownwardsRotateZ-20260627-032809-downwardsrotatez_sb_propriotarget_s0,proprio.target,0,74,6,0.3,114.39,1.907219,109.2756,0.000883,0.102267,1.0,0.0,0.379262,0.027259,0.001831,0.0,3682863
downwards_rotate,downwards_sensor_sweep_120_cubesizeDR-20260626-215239,TesolloDownwardsRotateZ,TesolloDownwardsRotateZ-20260627-032809-downwardsrotatez_sb_propriotarget_s0,proprio.target,0,74,7,0.35,114.39,1.838488,105.3376,0.006835,0.03258,0.87815,0.003738,0.389914,0.03471,0.011056,0.0,3682863
downwards_rotate,downwards_sensor_sweep_120_cubesizeDR-20260626-215239,TesolloDownwardsRotateZ,TesolloDownwardsRotateZ-20260627-032809-downwardsrotatez_sb_propriotarget_s0,proprio.target,0,74,8,0.4,114.39,1.783193,102.1695,0.03071,0.061628,0.0,0.031595,0.388352,0.022043,0.033231,0.0,3682863
downwards_rotate,downwards_sensor_sweep_120_cubesizeDR-20260626-215239,TesolloDownwardsRotateZ,TesolloDownwardsRotateZ-20260627-032809-downwardsrotatez_sb_propriotarget_s0,proprio.target,0,74,9,0.45,114.39,1.750126,100.2748,0.031407,0.030652,0.0,0.032172,0.386782,0.021679,0.050424,0.0,3682863
downwards_rotate,downwards_sensor_sweep_120_cubesizeDR-20260626-215239,TesolloDownwardsRotateZ,TesolloDownwardsRotateZ-20260627-032809-downwardsrotatez_sb_propriotarget_s0,proprio.target,0,74,10,0.5,114.39,1.728077,99.0115,0.031971,0.004026,0.0,0.03257,0.384967,0.024621,0.055637,0.0,3682863
downwards_rotate,downwards_sensor_sweep_120_cubesizeDR-20260626-215239,TesolloDownwardsRotateZ,TesolloDownwardsRotateZ-20260627-032809-downwardsrotatez_sb_propriotarget_s0,proprio.target,0,74,11,0.55,114.39,1.710458,98.002,0.031941,0.001127,0.0,0.032894,0.383146,0.020179,0.053999,0.0,3682863
downwards_rotate,downwards_sensor_sweep_120_cubesizeDR-20260626-215239,TesolloDownwardsRotateZ,TesolloDownwardsRotateZ-20260627-032809-downwardsrotatez_sb_propriotarget_s0,proprio.target,0,74,12,0.6,114.39,1.697242,97.2448,0.031932,0.003979,0.0,0.033142,0.383533,0.009699,0.047192,0.0,3682863
downwards_rotate,downwards_sensor_sweep_120_cubesizeDR-20260626-215239,TesolloDownwardsRotateZ,TesolloDownwardsRotateZ-20260627-032809-downwardsrotatez_sb_propriotarget_s0,proprio.target,0,74,13,0.65,114.39,1.689663,96.8106,0.031895,0.00151,0.0,0.033285,0.381931,0.018333,0.03884,0.0,3682863
downwards_rotate,downwards_sensor_sweep_120_cubesizeDR-20260626-215239,TesolloDownwardsRotateZ,TesolloDownwardsRotateZ-20260627-032809-downwardsrotatez_sb_propriotarget_s0,proprio.target,0,74,14,0.7,114.39,1.685302,96.5607,0.031677,0.00498,0.0,0.033369,0.379959,0.020645,0.030257,0.0,3682863
downwards_rotate,downwards_sensor_sweep_120_cubesizeDR-20260626-215239,TesolloDownwardsRotateZ,TesolloDownwardsRotateZ-20260627-032809-downwardsrotatez_sb_propriotarget_s0,proprio.target,0,74,15,0.75,114.39,1.682593,96.4055,0.031621,0.000938,0.0,0.033421,0.377676,0.020943,0.021675,0.0,3682863
downwards_rotate,downwards_sensor_sweep_120_cubesizeDR-20260626-215239,TesolloDownwardsRotateZ,TesolloDownwardsRotateZ-20260627-032809-downwardsrotatez_sb_propriotarget_s0,proprio.target,0,74,16,0.8,114.39,1.678894,96.1936,0.031393,0.003397,0.0,0.033492,0.37525,0.011763,0.013892,0.0,3682863
downwards_rotate,downwards_sensor_sweep_120_cubesizeDR-20260626-215239,TesolloDownwardsRotateZ,TesolloDownwardsRotateZ-20260627-032809-downwardsrotatez_sb_propriotarget_s0,proprio.target,0,74,17,0.85,114.39,1.672016,95.7995,0.031347,0.001259,0.0,0.033625,0.373665,0.009603,0.007687,0.0,3682863
downwards_rotate,downwards_sensor_sweep_120_cubesizeDR-20260626-215239,TesolloDownwardsRotateZ,TesolloDownwardsRotateZ-20260627-032809-downwardsrotatez_sb_propriotarget_s0,proprio.target,0,74,18,0.9,114.39,1.662212,95.2377,0.031164,0.001182,0.0,0.033817,0.370967,0.072023,0.00297,0.0,3682863
downwards_rotate,downwards_sensor_sweep_120_cubesizeDR-20260626-215239,TesolloDownwardsRotateZ,TesolloDownwardsRotateZ-20260627-032809-downwardsrotatez_sb_propriotarget_s0,proprio.target,0,74,19,0.95,114.39,1.645928,94.3047,0.030891,0.005683,0.0,0.03414,0.368296,0.01514,0.001381,0.0,3682863
downwards_rotate,downwards_sensor_sweep_120_cubesizeDR-20260626-215239,TesolloDownwardsRotateZ,TesolloDownwardsRotateZ-20260627-032809-downwardsrotatez_sb_propriotarget_s0,proprio.target,0,74,20,1.0,114.39,1.63206,93.5101,0.030617,0.009286,0.0,0.03442,0.36546,0.013278,0.001053,0.0,3682863
downwards_rotate,downwards_sensor_sweep_120_cubesizeDR-20260626-215239,TesolloDownwardsRotateZ,TesolloDownwardsRotateZ-20260627-032809-downwardsrotatez_sb_propriotarget_s0,proprio.target,0,74,21,1.05,114.39,1.621403,92.8995,0.030594,0.004855,0.0,0.034638,0.363389,0.015745,0.000954,0.0,3682863
downwards_rotate,downwards_sensor_sweep_120_cubesizeDR-20260626-215239,TesolloDownwardsRotateZ,TesolloDownwardsRotateZ-20260627-032809-downwardsrotatez_sb_propriotarget_s0,proprio.target,0,74,22,1.1,114.39,1.606475,92.0443,0.030653,0.002368,0.0,0.034949,0.362934,0.016619,0.001328,0.0,3682863
downwards_rotate,downwards_sensor_sweep_120_cubesizeDR-20260626-215239,TesolloDownwardsRotateZ,TesolloDownwardsRotateZ-20260627-032809-downwardsrotatez_sb_propriotarget_s0,proprio.target,0,74,23,1.15,114.39,1.59998,91.6721,0.030535,0.001057,0.0,0.035086,0.360742,0.011609,0.002039,0.0,3682863
downwards_rotate,downwards_sensor_sweep_120_cubesizeDR-20260626-215239,TesolloDownwardsRotateZ,TesolloDownwardsRotateZ-20260627-032809-downwardsrotatez_sb_propriotarget_s0,proprio.target,0,74,24,1.2,114.39,1.592865,91.2644,0.030288,0.001994,0.0,0.035237,0.357567,0.007972,0.002986,0.0,3682863
downwards_rotate,downwards_sensor_sweep_120_cubesizeDR-20260626-215239,TesolloDownwardsRotateZ,TesolloDownwardsRotateZ-20260627-032809-downwardsrotatez_sb_propriotarget_s0,proprio.target,0,74,25,1.25,114.39,1.58742,90.9525,0.030158,0.002141,0.0,0.035354,0.355739,0.000477,0.004067,0.0,3682863
downwards_rotate,downwards_sensor_sweep_120_cubesizeDR-20260626-215239,TesolloDownwardsRotateZ,TesolloDownwardsRotateZ-20260627-032809-downwardsrotatez_sb_propriotarget_s0,proprio.target,0,74,26,1.3,114.39,1.58215,90.6505,0.02973,0.003174,0.0,0.035467,0.350251,0.001607,0.006286,0.0,3682863
downwards_rotate,downwards_sensor_sweep_120_cubesizeDR-20260626-215239,TesolloDownwardsRotateZ,TesolloDownwardsRotateZ-20260627-032809-downwardsrotatez_sb_propriotarget_s0,proprio.target,0,74,27,1.35,114.39,1.582023,90.6432,0.028878,0.015719,0.0,0.03547,0.343128,0.003292,0.01024,0.0,3682863
downwards_rotate,downwards_sensor_sweep_120_cubesizeDR-20260626-215239,TesolloDownwardsRotateZ,TesolloDownwardsRotateZ-20260627-032809-downwardsrotatez_sb_propriotarget_s0,proprio.target,0,74,28,1.4,114.39,1.582763,90.6857,0.028704,0.004605,0.0,0.035454,0.337216,0.006611,0.01661,0.0,3682863
downwards_rotate,downwards_sensor_sweep_120_cubesizeDR-20260626-215239,TesolloDownwardsRotateZ,TesolloDownwardsRotateZ-20260627-032809-downwardsrotatez_sb_propriotarget_s0,proprio.target,0,74,29,1.45,114.39,1.58369,90.7388,0.028379,0.003381,0.0,0.035434,0.332648,0.013145,0.027367,0.0,3682863
downwards_rotate,downwards_sensor_sweep_120_cubesizeDR-20260626-215239,TesolloDownwardsRotateZ,TesolloDownwardsRotateZ-20260627-032809-downwardsrotatez_sb_propriotarget_s0,proprio.target,0,74,30,1.5,114.39,1.585322,90.8323,0.028095,0.002027,0.0,0.035399,0.328651,0.048892,0.03855,0.0,3682863
downwards_rotate,downwards_sensor_sweep_120_cubesizeDR-20260626-215239,TesolloDownwardsRotateZ,TesolloDownwardsRotateZ-20260627-032809-downwardsrotatez_sb_propriotarget_s0,proprio.target,0,74,31,1.55,114.39,1.585352,90.834,0.027645,0.014843,0.0,0.035398,0.326894,0.014242,0.039555,0.0,3682863
downwards_rotate,downwards_sensor_sweep_120_cubesizeDR-20260626-215239,TesolloDownwardsRotateZ,TesolloDownwardsRotateZ-20260627-032809-downwardsrotatez_sb_propriotarget_s0,proprio.target,0,74,32,1.6,114.39,1.585755,90.8571,0.027619,0.019801,0.0,0.035389,0.32823,0.015536,0.040728,0.0,3682863
downwards_rotate,downwards_sensor_sweep_120_cubesizeDR-20260626-215239,TesolloDownwardsRotateZ,TesolloDownwardsRotateZ-20260627-032809-downwardsrotatez_sb_propriotarget_s0,proprio.target,0,74,33,1.65,114.39,1.585599,90.8482,0.028246,0.003337,0.0,0.035393,0.331084,0.020687,0.03906,0.0,3682863
downwards_rotate,downwards_sensor_sweep_120_cubesizeDR-20260626-215239,TesolloDownwardsRotateZ,TesolloDownwardsRotateZ-20260627-032809-downwardsrotatez_sb_propriotarget_s0,proprio.target,0,74,34,1.7,114.39,1.584389,90.7788,0.02809,0.002405,0.0,0.035419,0.328666,0.021065,0.039175,0.0,3682863
downwards_rotate,downwards_sensor_sweep_120_cubesizeDR-20260626-215239,TesolloDownwardsRotateZ,TesolloDownwardsRotateZ-20260627-032809-downwardsrotatez_sb_propriotarget_s0,proprio.target,0,74,35,1.75,114.39,1.584344,90.7762,0.02798,0.001143,0.0,0.03542,0.326707,0.021024,0.03406,0.0,3682863
downwards_rotate,downwards_sensor_sweep_120_cubesizeDR-20260626-215239,TesolloDownwardsRotateZ,TesolloDownwardsRotateZ-20260627-032809-downwardsrotatez_sb_propriotarget_s0,proprio.target,0,74,36,1.8,114.39,1.580497,90.5558,0.028034,0.001308,0.0,0.035503,0.327284,0.022433,0.027587,0.0,3682863
downwards_rotate,downwards_sensor_sweep_120_cubesizeDR-20260626-215239,TesolloDownwardsRotateZ,TesolloDownwardsRotateZ-20260627-032809-downwardsrotatez_sb_propriotarget_s0,proprio.target,0,74,37,1.85,114.39,1.579484,90.4978,0.027842,0.00522,0.0,0.035525,0.32616,0.103316,0.031198,0.0,3682863
downwards_rotate,downwards_sensor_sweep_120_cubesizeDR-20260626-215239,TesolloDownwardsRotateZ,TesolloDownwardsRotateZ-20260627-032809-downwardsrotatez_sb_propriotarget_s0,proprio.target,0,74,38,1.9,114.39,1.572628,90.105,0.027782,0.019945,0.0,0.035674,0.329699,0.005089,0.013625,0.0,3682863
downwards_rotate,downwards_sensor_sweep_120_cubesizeDR-20260626-215239,TesolloDownwardsRotateZ,TesolloDownwardsRotateZ-20260627-032809-downwardsrotatez_sb_propriotarget_s0,proprio.target,0,74,39,1.95,114.39,1.56549,89.696,0.028072,0.021858,0.0,0.035831,0.334005,0.001707,0.014448,0.0,3682863
downwards_rotate,downwards_sensor_sweep_120_cubesizeDR-20260626-215239,TesolloDownwardsRotateZ,TesolloDownwardsRotateZ-20260627-032809-downwardsrotatez_sb_propriotarget_s0,proprio.target,0,74,40,2.0,114.39,1.54977,88.7953,0.029098,0.002393,0.0,0.036181,0.340772,0.002676,0.018004,0.0,3682863
downwards_rotate,downwards_sensor_sweep_120_cubesizeDR-20260626-215239,TesolloDownwardsRotateZ,TesolloDownwardsRotateZ-20260627-032809-downwardsrotatez_sb_propriotarget_s0,proprio.target,0,74,41,2.05,114.39,1.521506,87.1759,0.029396,0.00189,0.0,0.036829,0.343757,0.000146,0.021298,0.0,3682863
downwards_rotate,downwards_sensor_sweep_120_cubesizeDR-20260626-215239,TesolloDownwardsRotateZ,TesolloDownwardsRotateZ-20260627-032809-downwardsrotatez_sb_propriotarget_s0,proprio.target,0,74,42,2.1,114.39,1.494838,85.6479,0.029578,0.004049,0.0,0.037461,0.346123,0.001818,0.025921,0.0,3682863
downwards_rotate,downwards_sensor_sweep_120_cubesizeDR-20260626-215239,TesolloDownwardsRotateZ,TesolloDownwardsRotateZ-20260627-032809-downwardsrotatez_sb_propriotarget_s0,proprio.target,0,74,43,2.15,114.39,1.465507,83.9674,0.029828,0.005167,0.0,0.038182,0.348907,0.002131,0.028806,0.0,3682863
downwards_rotate,downwards_sensor_sweep_120_cubesizeDR-20260626-215239,TesolloDownwardsRotateZ,TesolloDownwardsRotateZ-20260627-032809-downwardsrotatez_sb_propriotarget_s0,proprio.target,0,74,44,2.2,114.39,1.427276,81.7769,0.030002,0.006052,0.0,0.039165,0.350274,0.005418,0.033044,0.0,3682863
downwards_rotate,downwards_sensor_sweep_120_cubesizeDR-20260626-215239,TesolloDownwardsRotateZ,TesolloDownwardsRotateZ-20260627-032809-downwardsrotatez_sb_propriotarget_s0,proprio.target,0,74,45,2.25,114.39,1.391337,79.7177,0.030316,0.002934,0.0,0.040136,0.352153,0.004377,0.035229,0.0,3682863
downwards_rotate,downwards_sensor_sweep_120_cubesizeDR-20260626-215239,TesolloDownwardsRotateZ,TesolloDownwardsRotateZ-20260627-032809-downwardsrotatez_sb_propriotarget_s0,proprio.target,0,74,46,2.3,114.39,1.356294,77.7099,0.03041,0.002729,0.0,0.04113,0.352041,0.006691,0.036893,0.0,3682863
downwards_rotate,downwards_sensor_sweep_120_cubesizeDR-20260626-215239,TesolloDownwardsRotateZ,TesolloDownwardsRotateZ-20260627-032809-downwardsrotatez_sb_propriotarget_s0,proprio.target,0,74,47,2.35,114.39,1.322603,75.7796,0.030686,0.001517,0.0,0.042134,0.354008,0.017881,0.038077,0.0,3682863
downwards_rotate,downwards_sensor_sweep_120_cubesizeDR-20260626-215239,TesolloDownwardsRotateZ,TesolloDownwardsRotateZ-20260627-032809-downwardsrotatez_sb_propriotarget_s0,proprio.target,0,74,48,2.4,114.39,1.292728,74.0679,0.031027,0.004357,0.0,0.043066,0.358186,0.019381,0.032999,0.0,3682863
downwards_rotate,downwards_sensor_sweep_120_cubesizeDR-20260626-215239,TesolloDownwardsRotateZ,TesolloDownwardsRotateZ-20260627-032809-downwardsrotatez_sb_propriotarget_s0,proprio.target,0,74,49,2.45,114.39,1.250846,71.6682,0.030943,0.011098,0.0,0.044444,0.357447,3e-06,0.031974,0.0,3682863
downwards_rotate,downwards_sensor_sweep_120_cubesizeDR-20260626-215239,TesolloDownwardsRotateZ,TesolloDownwardsRotateZ-20260627-032809-downwardsrotatez_sb_propriotarget_s0,proprio.target,0,74,50,2.5,114.39,1.214069,69.561,0.031031,0.007323,0.0,0.045728,0.355595,2e-06,0.028651,0.0,3682863
downwards_rotate,downwards_sensor_sweep_120_cubesizeDR-20260626-215239,TesolloDownwardsRotateZ,TesolloDownwardsRotateZ-20260627-032809-downwardsrotatez_sb_propriotarget_s0,proprio.target,0,74,51,2.55,114.39,1.172078,67.1552,0.031303,0.000747,0.0,0.047289,0.354927,0.0237,0.024618,0.0,3682863
downwards_rotate,downwards_sensor_sweep_120_cubesizeDR-20260626-215239,TesolloDownwardsRotateZ,TesolloDownwardsRotateZ-20260627-032809-downwardsrotatez_sb_propriotarget_s0,proprio.target,0,74,52,2.6,114.39,1.118541,64.0877,0.031032,0.02272,0.0,0.049441,0.355598,0.010314,0.012648,0.0,3682863
downwards_rotate,downwards_sensor_sweep_120_cubesizeDR-20260626-215239,TesolloDownwardsRotateZ,TesolloDownwardsRotateZ-20260627-032809-downwardsrotatez_sb_propriotarget_s0,proprio.target,0,74,53,2.65,114.39,1.087983,62.3368,0.030698,0.03549,0.0,0.050759,0.353574,0.001292,0.008558,0.0,3682863
downwards_rotate,downwards_sensor_sweep_120_cubesizeDR-20260626-215239,TesolloDownwardsRotateZ,TesolloDownwardsRotateZ-20260627-032809-downwardsrotatez_sb_propriotarget_s0,proprio.target,0,74,54,2.7,114.39,1.05101,60.2184,0.03153,0.009133,0.0,0.052451,0.353629,0.037372,0.005164,0.0,3682863
downwards_rotate,downwards_sensor_sweep_120_cubesizeDR-20260626-215239,TesolloDownwardsRotateZ,TesolloDownwardsRotateZ-20260627-032809-downwardsrotatez_sb_propriotarget_s0,proprio.target,0,74,55,2.75,114.39,1.008627,57.7901,0.031714,0.009124,0.0,0.054534,0.353231,2.1e-05,0.003233,0.0,3682863
downwards_rotate,downwards_sensor_sweep_120_cubesizeDR-20260626-215239,TesolloDownwardsRotateZ,TesolloDownwardsRotateZ-20260627-032809-downwardsrotatez_sb_propriotarget_s0,proprio.target,0,74,56,2.8,114.39,0.979864,56.1421,0.031663,0.012849,0.0,0.056046,0.351755,0.0,0.001724,0.0,3682863
downwards_rotate,downwards_sensor_sweep_120_cubesizeDR-20260626-215239,TesolloDownwardsRotateZ,TesolloDownwardsRotateZ-20260627-032809-downwardsrotatez_sb_propriotarget_s0,proprio.target,0,74,57,2.85,114.39,0.953999,54.6601,0.031994,0.00043,0.0,0.057478,0.350116,0.009849,0.00072,0.0,3682863
downwards_rotate,downwards_sensor_sweep_120_cubesizeDR-20260626-215239,TesolloDownwardsRotateZ,TesolloDownwardsRotateZ-20260627-032809-downwardsrotatez_sb_propriotarget_s0,proprio.target,0,74,58,2.9,114.39,0.921226,52.7824,0.032188,0.004305,0.0,0.059401,0.351424,0.008509,0.000278,0.0,3682863
downwards_rotate,downwards_sensor_sweep_120_cubesizeDR-20260626-215239,TesolloDownwardsRotateZ,TesolloDownwardsRotateZ-20260627-032809-downwardsrotatez_sb_propriotarget_s0,proprio.target,0,74,59,2.95,114.39,0.900824,51.6134,0.032187,0.001059,0.0,0.060665,0.348639,0.008778,0.000437,0.0,3682863
downwards_rotate,downwards_sensor_sweep_120_cubesizeDR-20260626-215239,TesolloDownwardsRotateZ,TesolloDownwardsRotateZ-20260627-032809-downwardsrotatez_sb_propriotarget_s0,proprio.target,0,74,60,3.0,114.39,0.887433,50.8462,0.032385,0.000601,0.0,0.061524,0.349987,2.2e-05,0.001577,0.0,3682863
downwards_rotate,downwards_sensor_sweep_120_cubesizeDR-20260626-215239,TesolloDownwardsRotateZ,TesolloDownwardsRotateZ-20260627-032809-downwardsrotatez_sb_propriotarget_s0,proprio.target,0,74,61,3.05,114.39,0.868129,49.7401,0.032286,0.006898,0.0,0.062806,0.349111,0.006746,0.005331,0.0,3682863
downwards_rotate,downwards_sensor_sweep_120_cubesizeDR-20260626-215239,TesolloDownwardsRotateZ,TesolloDownwardsRotateZ-20260627-032809-downwardsrotatez_sb_propriotarget_s0,proprio.target,0,74,62,3.1,114.39,0.858832,49.2075,0.032371,0.003356,0.0,0.063443,0.348276,4.6e-05,0.010001,0.0,3682863
downwards_rotate,downwards_sensor_sweep_120_cubesizeDR-20260626-215239,TesolloDownwardsRotateZ,TesolloDownwardsRotateZ-20260627-032809-downwardsrotatez_sb_propriotarget_s0,proprio.target,0,74,63,3.15,114.39,0.849513,48.6735,0.032315,0.005083,0.0,0.064094,0.347329,0.0,0.016662,0.0,3682863
downwards_rotate,downwards_sensor_sweep_120_cubesizeDR-20260626-215239,TesolloDownwardsRotateZ,TesolloDownwardsRotateZ-20260627-032809-downwardsrotatez_sb_propriotarget_s0,proprio.target,0,74,64,3.2,114.39,0.842047,48.2457,0.03242,0.00037,0.0,0.064626,0.346534,0.0,0.023165,0.0,3682863
downwards_rotate,downwards_sensor_sweep_120_cubesizeDR-20260626-215239,TesolloDownwardsRotateZ,TesolloDownwardsRotateZ-20260627-032809-downwardsrotatez_sb_propriotarget_s0,proprio.target,0,74,65,3.25,114.39,0.833754,47.7706,0.032413,0.000219,0.0,0.065227,0.34561,0.0,0.025126,0.0,3682863
downwards_rotate,downwards_sensor_sweep_120_cubesizeDR-20260626-215239,TesolloDownwardsRotateZ,TesolloDownwardsRotateZ-20260627-032809-downwardsrotatez_sb_propriotarget_s0,proprio.target,0,74,66,3.3,114.39,0.816508,46.7825,0.032805,0.000804,0.0,0.066513,0.349328,0.0,0.025577,0.0,3682863
downwards_rotate,downwards_sensor_sweep_120_cubesizeDR-20260626-215239,TesolloDownwardsRotateZ,TesolloDownwardsRotateZ-20260627-032809-downwardsrotatez_sb_propriotarget_s0,proprio.target,0,74,67,3.35,114.39,0.809641,46.389,0.032592,0.001162,0.0,0.067039,0.345882,0.0,0.02413,0.0,3682863
downwards_rotate,downwards_sensor_sweep_120_cubesizeDR-20260626-215239,TesolloDownwardsRotateZ,TesolloDownwardsRotateZ-20260627-032809-downwardsrotatez_sb_propriotarget_s0,proprio.target,0,74,68,3.4,114.39,0.804679,46.1047,0.032533,0.000389,0.0,0.067424,0.344286,0.0,0.020983,0.0,3682863
downwards_rotate,downwards_sensor_sweep_120_cubesizeDR-20260626-215239,TesolloDownwardsRotateZ,TesolloDownwardsRotateZ-20260627-032809-downwardsrotatez_sb_propriotarget_s0,proprio.target,0,74,69,3.45,114.39,0.799895,45.8306,0.032523,0.000113,0.0,0.0678,0.3435,0.0,0.017107,0.0,3682863
downwards_rotate,downwards_sensor_sweep_120_cubesizeDR-20260626-215239,TesolloDownwardsRotateZ,TesolloDownwardsRotateZ-20260627-032809-downwardsrotatez_sb_propriotarget_s0,proprio.target,0,74,70,3.5,114.39,0.795146,45.5585,0.032526,6.3e-05,0.0,0.068178,0.342974,0.0,0.013379,0.0,3682863
downwards_rotate,downwards_sensor_sweep_120_cubesizeDR-20260626-215239,TesolloDownwardsRotateZ,TesolloDownwardsRotateZ-20260627-032809-downwardsrotatez_sb_propriotarget_s0,proprio.target,0,74,71,3.55,114.39,0.790271,45.2792,0.032536,5.6e-05,0.0,0.068569,0.342538,0.0,0.010308,0.0,3682863
downwards_rotate,downwards_sensor_sweep_120_cubesizeDR-20260626-215239,TesolloDownwardsRotateZ,TesolloDownwardsRotateZ-20260627-032809-downwardsrotatez_sb_propriotarget_s0,proprio.target,0,74,72,3.6,114.39,0.785682,45.0163,0.032552,4.3e-05,0.0,0.068942,0.34222,0.0,0.007892,0.0,3682863
downwards_rotate,downwards_sensor_sweep_120_cubesizeDR-20260626-215239,TesolloDownwardsRotateZ,TesolloDownwardsRotateZ-20260627-032809-downwardsrotatez_sb_propriotarget_s0,proprio.target,0,74,73,3.65,114.39,0.780801,44.7366,0.03256,0.000236,0.0,0.069343,0.341837,0.0,0.006254,0.0,3682863
downwards_rotate,downwards_sensor_sweep_120_cubesizeDR-20260626-215239,TesolloDownwardsRotateZ,TesolloDownwardsRotateZ-20260627-032809-downwardsrotatez_sb_propriotarget_s0,proprio.target,0,74,74,3.7,114.39,0.77601,44.4621,0.032579,5.3e-05,0.0,0.069742,0.341485,0.0,0.005199,0.0,3682863
downwards_rotate,downwards_sensor_sweep_120_cubesizeDR-20260626-215239,TesolloDownwardsRotateZ,TesolloDownwardsRotateZ-20260627-032809-downwardsrotatez_sb_propriotarget_s0,proprio.target,0,74,75,3.75,114.39,0.767971,44.0015,0.032698,0.000111,0.0,0.07042,0.34218,0.0,0.00449,0.0,3682863
downwards_rotate,downwards_sensor_sweep_120_cubesizeDR-20260626-215239,TesolloDownwardsRotateZ,TesolloDownwardsRotateZ-20260627-032809-downwardsrotatez_sb_propriotarget_s0,proprio.target,0,74,76,3.8,114.39,0.764105,43.78,0.032657,0.002449,0.0,0.070751,0.341962,0.0,0.004452,0.0,3682863
downwards_rotate,downwards_sensor_sweep_120_cubesizeDR-20260626-215239,TesolloDownwardsRotateZ,TesolloDownwardsRotateZ-20260627-032809-downwardsrotatez_sb_propriotarget_s0,proprio.target,0,74,77,3.85,114.39,0.761539,43.633,0.032636,0.002278,0.0,0.070973,0.34133,0.0,0.003945,0.0,3682863
downwards_rotate,downwards_sensor_sweep_120_cubesizeDR-20260626-215239,TesolloDownwardsRotateZ,TesolloDownwardsRotateZ-20260627-032809-downwardsrotatez_sb_propriotarget_s0,proprio.target,0,74,78,3.9,114.39,0.758548,43.4616,0.032685,8.1e-05,0.0,0.071233,0.340905,0.0,0.003636,0.0,3682863
downwards_rotate,downwards_sensor_sweep_120_cubesizeDR-20260626-215239,TesolloDownwardsRotateZ,TesolloDownwardsRotateZ-20260627-032809-downwardsrotatez_sb_propriotarget_s0,proprio.target,0,74,79,3.95,114.39,0.75571,43.299,0.032696,7.8e-05,0.0,0.071481,0.340709,0.0,0.003333,0.0,3682863
downwards_rotate,downwards_sensor_sweep_120_cubesizeDR-20260626-215239,TesolloDownwardsRotateZ,TesolloDownwardsRotateZ-20260627-032809-downwardsrotatez_sb_propriotarget_s0,proprio.target,0,74,80,4.0,114.39,0.752802,43.1324,0.032714,7.4e-05,0.0,0.071737,0.340603,0.0,0.00301,0.0,3682863
downwards_rotate,downwards_sensor_sweep_120_cubesizeDR-20260626-215239,TesolloDownwardsRotateZ,TesolloDownwardsRotateZ-20260627-032809-downwardsrotatez_sb_propriotarget_s0,proprio.target,0,74,81,4.05,114.39,0.749807,42.9608,0.032735,7.2e-05,0.0,0.072003,0.340522,0.0,0.002681,0.0,3682863
downwards_rotate,downwards_sensor_sweep_120_cubesizeDR-20260626-215239,TesolloDownwardsRotateZ,TesolloDownwardsRotateZ-20260627-032809-downwardsrotatez_sb_propriotarget_s0,proprio.target,0,74,82,4.1,114.39,0.746725,42.7842,0.032756,7.4e-05,0.0,0.072279,0.340426,0.0,0.002362,0.0,3682863
downwards_rotate,downwards_sensor_sweep_120_cubesizeDR-20260626-215239,TesolloDownwardsRotateZ,TesolloDownwardsRotateZ-20260627-032809-downwardsrotatez_sb_propriotarget_s0,proprio.target,0,74,83,4.15,114.39,0.743579,42.6039,0.032775,7e-05,0.0,0.072563,0.340302,0.0,0.002064,0.0,3682863
downwards_rotate,downwards_sensor_sweep_120_cubesizeDR-20260626-215239,TesolloDownwardsRotateZ,TesolloDownwardsRotateZ-20260627-032809-downwardsrotatez_sb_propriotarget_s0,proprio.target,0,74,84,4.2,114.39,0.740395,42.4215,0.032792,7.1e-05,0.0,0.072852,0.340145,0.0,0.001795,0.0,3682863
downwards_rotate,downwards_sensor_sweep_120_cubesizeDR-20260626-215239,TesolloDownwardsRotateZ,TesolloDownwardsRotateZ-20260627-032809-downwardsrotatez_sb_propriotarget_s0,proprio.target,0,74,85,4.25,114.39,0.737268,42.2424,0.032808,6.8e-05,0.0,0.073138,0.339972,0.0,0.001561,0.0,3682863
downwards_rotate,downwards_sensor_sweep_120_cubesizeDR-20260626-215239,TesolloDownwardsRotateZ,TesolloDownwardsRotateZ-20260627-032809-downwardsrotatez_sb_propriotarget_s0,proprio.target,0,74,86,4.3,114.39,0.7341,42.0608,0.032822,6.5e-05,0.0,0.073431,0.339761,0.0,0.001357,0.0,3682863
downwards_rotate,downwards_sensor_sweep_120_cubesizeDR-20260626-215239,TesolloDownwardsRotateZ,TesolloDownwardsRotateZ-20260627-032809-downwardsrotatez_sb_propriotarget_s0,proprio.target,0,74,87,4.35,114.39,0.731011,41.8838,0.032835,5.8e-05,0.0,0.073718,0.339545,0.0,0.001184,0.0,3682863
downwards_rotate,downwards_sensor_sweep_120_cubesizeDR-20260626-215239,TesolloDownwardsRotateZ,TesolloDownwardsRotateZ-20260627-032809-downwardsrotatez_sb_propriotarget_s0,proprio.target,0,74,88,4.4,114.39,0.72794,41.7079,0.032846,5.9e-05,0.0,0.074006,0.339301,0.0,0.001031,0.0,3682863
downwards_rotate,downwards_sensor_sweep_120_cubesizeDR-20260626-215239,TesolloDownwardsRotateZ,TesolloDownwardsRotateZ-20260627-032809-downwardsrotatez_sb_propriotarget_s0,proprio.target,0,74,89,4.45,114.39,0.724985,41.5386,0.032856,5.1e-05,0.0,0.074286,0.339067,0.0,0.000906,0.0,3682863
downwards_rotate,downwards_sensor_sweep_120_cubesizeDR-20260626-215239,TesolloDownwardsRotateZ,TesolloDownwardsRotateZ-20260627-032809-downwardsrotatez_sb_propriotarget_s0,proprio.target,0,74,90,4.5,114.39,0.722062,41.3711,0.032865,5.1e-05,0.0,0.074564,0.338813,0.0,0.000792,0.0,3682863
downwards_rotate,downwards_sensor_sweep_120_cubesizeDR-20260626-215239,TesolloDownwardsRotateZ,TesolloDownwardsRotateZ-20260627-032809-downwardsrotatez_sb_propriotarget_s0,proprio.target,0,74,91,4.55,114.39,0.719255,41.2103,0.032874,4.6e-05,0.0,0.074833,0.338569,0.0,0.000699,0.0,3682863
downwards_rotate,downwards_sensor_sweep_120_cubesizeDR-20260626-215239,TesolloDownwardsRotateZ,TesolloDownwardsRotateZ-20260627-032809-downwardsrotatez_sb_propriotarget_s0,proprio.target,0,74,92,4.6,114.39,0.716469,41.0507,0.032882,4.5e-05,0.0,0.075102,0.338313,0.0,0.000621,0.0,3682863
downwards_rotate,downwards_sensor_sweep_120_cubesizeDR-20260626-215239,TesolloDownwardsRotateZ,TesolloDownwardsRotateZ-20260627-032809-downwardsrotatez_sb_propriotarget_s0,proprio.target,0,74,93,4.65,114.39,0.713859,40.9011,0.032891,4.1e-05,0.0,0.075356,0.338099,0.0,0.000554,0.0,3682863
downwards_rotate,downwards_sensor_sweep_120_cubesizeDR-20260626-215239,TesolloDownwardsRotateZ,TesolloDownwardsRotateZ-20260627-032809-downwardsrotatez_sb_propriotarget_s0,proprio.target,0,74,94,4.7,114.39,0.711356,40.7577,0.032901,4.1e-05,0.0,0.075601,0.337901,0.0,0.000496,0.0,3682863
downwards_rotate,downwards_sensor_sweep_120_cubesizeDR-20260626-215239,TesolloDownwardsRotateZ,TesolloDownwardsRotateZ-20260627-032809-downwardsrotatez_sb_propriotarget_s0,proprio.target,0,74,95,4.75,114.39,0.708813,40.612,0.032907,4.5e-05,0.0,0.075852,0.337648,0.0,0.000456,0.0,3682863
downwards_rotate,downwards_sensor_sweep_120_cubesizeDR-20260626-215239,TesolloDownwardsRotateZ,TesolloDownwardsRotateZ-20260627-032809-downwardsrotatez_sb_propriotarget_s0,proprio.target,0,74,96,4.8,114.39,0.706485,40.4786,0.032918,3.2e-05,0.0,0.076083,0.337475,0.0,0.00043,0.0,3682863
downwards_rotate,downwards_sensor_sweep_120_cubesizeDR-20260626-215239,TesolloDownwardsRotateZ,TesolloDownwardsRotateZ-20260627-032809-downwardsrotatez_sb_propriotarget_s0,proprio.target,0,74,97,4.85,114.39,0.704135,40.344,0.032921,0.000128,0.0,0.076317,0.337235,0.0,0.000388,0.0,3682863
downwards_rotate,downwards_sensor_sweep_120_cubesizeDR-20260626-215239,TesolloDownwardsRotateZ,TesolloDownwardsRotateZ-20260627-032809-downwardsrotatez_sb_propriotarget_s0,proprio.target,0,74,98,4.9,114.39,0.701829,40.2118,0.032929,3.1e-05,0.0,0.076549,0.337004,0.0,0.000372,0.0,3682863
downwards_rotate,downwards_sensor_sweep_120_cubesizeDR-20260626-215239,TesolloDownwardsRotateZ,TesolloDownwardsRotateZ-20260627-032809-downwardsrotatez_sb_propriotarget_s0,proprio.target,0,74,99,4.95,114.39,0.699563,40.082,0.032934,3.5e-05,0.0,0.076778,0.336768,0.0,0.000352,0.0,3682863
downwards_rotate,downwards_sensor_sweep_120_cubesizeDR-20260626-215239,TesolloDownwardsRotateZ,TesolloDownwardsRotateZ-20260627-032809-downwardsrotatez_sb_propriotarget_s0,proprio.target,0,74,100,5.0,114.39,0.69732,39.9535,0.032938,2.8e-05,0.0,0.077006,0.33651,0.0,0.00034,0.0,3682863
downwards_rotate,downwards_sensor_sweep_120_cubesizeDR-20260626-215239,TesolloDownwardsRotateZ,TesolloDownwardsRotateZ-20260627-032809-downwardsrotatez_sb_propriotarget_s0,proprio.target,0,74,101,5.05,114.39,0.695118,39.8273,0.03294,2.6e-05,0.0,0.077231,0.336242,0.0,0.000327,0.0,3682863
downwards_rotate,downwards_sensor_sweep_120_cubesizeDR-20260626-215239,TesolloDownwardsRotateZ,TesolloDownwardsRotateZ-20260627-032809-downwardsrotatez_sb_propriotarget_s0,proprio.target,0,74,102,5.1,114.39,0.692928,39.7019,0.032942,2.3e-05,0.0,0.077456,0.335961,0.0,0.000315,0.0,3682863
downwards_rotate,downwards_sensor_sweep_120_cubesizeDR-20260626-215239,TesolloDownwardsRotateZ,TesolloDownwardsRotateZ-20260627-032809-downwardsrotatez_sb_propriotarget_s0,proprio.target,0,74,103,5.15,114.39,0.690821,39.5812,0.032943,2e-05,0.0,0.077674,0.335692,0.0,0.000313,0.0,3682863
downwards_rotate,downwards_sensor_sweep_120_cubesizeDR-20260626-215239,TesolloDownwardsRotateZ,TesolloDownwardsRotateZ-20260627-032809-downwardsrotatez_sb_propriotarget_s0,proprio.target,0,74,104,5.2,114.39,0.688779,39.4641,0.032945,1.8e-05,0.0,0.077886,0.335424,0.0,0.000304,0.0,3682863
downwards_rotate,downwards_sensor_sweep_120_cubesizeDR-20260626-215239,TesolloDownwardsRotateZ,TesolloDownwardsRotateZ-20260627-032809-downwardsrotatez_sb_propriotarget_s0,proprio.target,0,74,105,5.25,114.39,0.686801,39.3508,0.032945,1.8e-05,0.0,0.078093,0.335158,0.0,0.000295,0.0,3682863
downwards_rotate,downwards_sensor_sweep_120_cubesizeDR-20260626-215239,TesolloDownwardsRotateZ,TesolloDownwardsRotateZ-20260627-032809-downwardsrotatez_sb_propriotarget_s0,proprio.target,0,74,106,5.3,114.39,0.684884,39.2409,0.032946,1.6e-05,0.0,0.078295,0.334898,0.0,0.000286,0.0,3682863
downwards_rotate,downwards_sensor_sweep_120_cubesizeDR-20260626-215239,TesolloDownwardsRotateZ,TesolloDownwardsRotateZ-20260627-032809-downwardsrotatez_sb_propriotarget_s0,proprio.target,0,74,107,5.35,114.39,0.683044,39.1355,0.032947,1.5e-05,0.0,0.078489,0.334646,0.0,0.000275,0.0,3682863
downwards_rotate,downwards_sensor_sweep_120_cubesizeDR-20260626-215239,TesolloDownwardsRotateZ,TesolloDownwardsRotateZ-20260627-032809-downwardsrotatez_sb_propriotarget_s0,proprio.target,0,74,108,5.4,114.39,0.681227,39.0314,0.032947,1.7e-05,0.0,0.078682,0.334391,0.0,0.00027,0.0,3682863
downwards_rotate,downwards_sensor_sweep_120_cubesizeDR-20260626-215239,TesolloDownwardsRotateZ,TesolloDownwardsRotateZ-20260627-032809-downwardsrotatez_sb_propriotarget_s0,proprio.target,0,74,109,5.45,114.39,0.679473,38.9309,0.032947,1.4e-05,0.0,0.078869,0.334143,0.0,0.00027,0.0,3682863
downwards_rotate,downwards_sensor_sweep_120_cubesizeDR-20260626-215239,TesolloDownwardsRotateZ,TesolloDownwardsRotateZ-20260627-032809-downwardsrotatez_sb_propriotarget_s0,proprio.target,0,74,110,5.5,114.39,0.677757,38.8326,0.032947,1.4e-05,0.0,0.079053,0.333894,0.0,0.000268,0.0,3682863
downwards_rotate,downwards_sensor_sweep_120_cubesizeDR-20260626-215239,TesolloDownwardsRotateZ,TesolloDownwardsRotateZ-20260627-032809-downwardsrotatez_sb_propriotarget_s0,proprio.target,0,74,111,5.55,114.39,0.67609,38.7371,0.032946,1.3e-05,0.0,0.079232,0.333648,0.0,0.000274,0.0,3682863
downwards_rotate,downwards_sensor_sweep_120_cubesizeDR-20260626-215239,TesolloDownwardsRotateZ,TesolloDownwardsRotateZ-20260627-032809-downwardsrotatez_sb_propriotarget_s0,proprio.target,0,74,112,5.6,114.39,0.674473,38.6444,0.032946,1.2e-05,0.0,0.079407,0.33341,0.0,0.000283,0.0,3682863
downwards_rotate,downwards_sensor_sweep_120_cubesizeDR-20260626-215239,TesolloDownwardsRotateZ,TesolloDownwardsRotateZ-20260627-032809-downwardsrotatez_sb_propriotarget_s0,proprio.target,0,74,113,5.65,114.39,0.672887,38.5536,0.032945,1.3e-05,0.0,0.079579,0.333169,0.0,0.00029,0.0,3682863
downwards_rotate,downwards_sensor_sweep_120_cubesizeDR-20260626-215239,TesolloDownwardsRotateZ,TesolloDownwardsRotateZ-20260627-032809-downwardsrotatez_sb_propriotarget_s0,proprio.target,0,74,114,5.7,114.39,0.67135,38.4655,0.032944,1.3e-05,0.0,0.079747,0.332931,0.0,0.000304,0.0,3682863
downwards_rotate,downwards_sensor_sweep_120_cubesizeDR-20260626-215239,TesolloDownwardsRotateZ,TesolloDownwardsRotateZ-20260627-032809-downwardsrotatez_sb_propriotarget_s0,proprio.target,0,74,115,5.75,114.39,0.669859,38.3801,0.032943,1.1e-05,0.0,0.07991,0.332696,0.0,0.000317,0.0,3682863
downwards_rotate,downwards_sensor_sweep_120_cubesizeDR-20260626-215239,TesolloDownwardsRotateZ,TesolloDownwardsRotateZ-20260627-032809-downwardsrotatez_sb_propriotarget_s0,proprio.target,0,74,116,5.8,114.39,0.668407,38.2969,0.032941,1.2e-05,0.0,0.08007,0.332462,0.0,0.000331,0.0,3682863
downwards_rotate,downwards_sensor_sweep_120_cubesizeDR-20260626-215239,TesolloDownwardsRotateZ,TesolloDownwardsRotateZ-20260627-032809-downwardsrotatez_sb_propriotarget_s0,proprio.target,0,74,117,5.85,114.39,0.666985,38.2154,0.032939,1.2e-05,0.0,0.080227,0.33223,0.0,0.000349,0.0,3682863
downwards_rotate,downwards_sensor_sweep_120_cubesizeDR-20260626-215239,TesolloDownwardsRotateZ,TesolloDownwardsRotateZ-20260627-032809-downwardsrotatez_sb_propriotarget_s0,proprio.target,0,74,118,5.9,114.39,0.6656,38.1361,0.032937,1e-05,0.0,0.080381,0.331999,0.0,0.000367,0.0,3682863
downwards_rotate,downwards_sensor_sweep_120_cubesizeDR-20260626-215239,TesolloDownwardsRotateZ,TesolloDownwardsRotateZ-20260627-032809-downwardsrotatez_sb_propriotarget_s0,proprio.target,0,74,119,5.95,114.39,0.664247,38.0585,0.032935,1.1e-05,0.0,0.080531,0.331768,0.0,0.000385,0.0,3682863
downwards_rotate,downwards_sensor_sweep_120_cubesizeDR-20260626-215239,TesolloDownwardsRotateZ,TesolloDownwardsRotateZ-20260627-032809-downwardsrotatez_sb_propriotarget_s0,proprio.target,0,82,0,0.0,114.952,2.017945,115.6197,-0.011643,0.141786,1.0,0.0,0.226208,0.032503,0.060986,0.0,3682863
downwards_rotate,downwards_sensor_sweep_120_cubesizeDR-20260626-215239,TesolloDownwardsRotateZ,TesolloDownwardsRotateZ-20260627-032809-downwardsrotatez_sb_propriotarget_s0,proprio.target,0,82,1,0.05,114.952,2.032612,116.4601,-0.006834,0.051942,1.0,0.0,0.260299,0.089609,0.049214,0.0,3682863
downwards_rotate,downwards_sensor_sweep_120_cubesizeDR-20260626-215239,TesolloDownwardsRotateZ,TesolloDownwardsRotateZ-20260627-032809-downwardsrotatez_sb_propriotarget_s0,proprio.target,0,82,2,0.1,114.952,2.014069,115.3977,-5e-06,0.037219,0.841697,0.004444,0.287848,0.083353,0.056465,0.0,3682863
downwards_rotate,downwards_sensor_sweep_120_cubesizeDR-20260626-215239,TesolloDownwardsRotateZ,TesolloDownwardsRotateZ-20260627-032809-downwardsrotatez_sb_propriotarget_s0,proprio.target,0,82,3,0.15,114.952,1.864715,106.8403,-0.002272,0.018094,1.0,0.0,0.310254,0.10411,0.07804,0.0,3682863
downwards_rotate,downwards_sensor_sweep_120_cubesizeDR-20260626-215239,TesolloDownwardsRotateZ,TesolloDownwardsRotateZ-20260627-032809-downwardsrotatez_sb_propriotarget_s0,proprio.target,0,82,4,0.2,114.952,1.806138,103.4841,0.002579,0.01274,0.88032,0.003735,0.328433,0.097116,0.091171,0.0,3682863
downwards_rotate,downwards_sensor_sweep_120_cubesizeDR-20260626-215239,TesolloDownwardsRotateZ,TesolloDownwardsRotateZ-20260627-032809-downwardsrotatez_sb_propriotarget_s0,proprio.target,0,82,5,0.25,114.952,1.730741,99.1641,-0.000517,0.024665,1.0,0.0,0.335573,0.060818,0.061868,0.0,3682863
downwards_rotate,downwards_sensor_sweep_120_cubesizeDR-20260626-215239,TesolloDownwardsRotateZ,TesolloDownwardsRotateZ-20260627-032809-downwardsrotatez_sb_propriotarget_s0,proprio.target,0,82,6,0.3,114.952,1.670264,95.6991,0.003979,0.009024,0.868552,0.004424,0.340386,0.147803,0.038256,0.0,3682863
downwards_rotate,downwards_sensor_sweep_120_cubesizeDR-20260626-215239,TesolloDownwardsRotateZ,TesolloDownwardsRotateZ-20260627-032809-downwardsrotatez_sb_propriotarget_s0,proprio.target,0,82,7,0.35,114.952,1.559864,89.3736,0.001236,0.002084,1.0,0.0,0.351371,0.12186,0.052682,0.0,3682863
downwards_rotate,downwards_sensor_sweep_120_cubesizeDR-20260626-215239,TesolloDownwardsRotateZ,TesolloDownwardsRotateZ-20260627-032809-downwardsrotatez_sb_propriotarget_s0,proprio.target,0,82,8,0.4,114.952,1.44471,82.7758,0.030623,0.005913,0.0,0.038711,0.359678,0.060568,0.069541,0.0,3682863
downwards_rotate,downwards_sensor_sweep_120_cubesizeDR-20260626-215239,TesolloDownwardsRotateZ,TesolloDownwardsRotateZ-20260627-032809-downwardsrotatez_sb_propriotarget_s0,proprio.target,0,82,9,0.45,114.952,1.343823,76.9954,0.002571,0.011011,1.0,0.0,0.372632,0.078093,0.093204,0.0,3682863
downwards_rotate,downwards_sensor_sweep_120_cubesizeDR-20260626-215239,TesolloDownwardsRotateZ,TesolloDownwardsRotateZ-20260627-032809-downwardsrotatez_sb_propriotarget_s0,proprio.target,0,82,10,0.5,114.952,1.260853,72.2416,0.0022,0.016579,1.0,0.0,0.369783,0.023851,0.116538,0.0,3682863
downwards_rotate,downwards_sensor_sweep_120_cubesizeDR-20260626-215239,TesolloDownwardsRotateZ,TesolloDownwardsRotateZ-20260627-032809-downwardsrotatez_sb_propriotarget_s0,proprio.target,0,82,11,0.55,114.952,1.195737,68.5107,0.005564,0.155001,0.800325,0.009264,0.381891,0.10488,0.110757,0.0,3682863
downwards_rotate,downwards_sensor_sweep_120_cubesizeDR-20260626-215239,TesolloDownwardsRotateZ,TesolloDownwardsRotateZ-20260627-032809-downwardsrotatez_sb_propriotarget_s0,proprio.target,0,82,12,0.6,114.952,1.134544,65.0046,0.033478,0.025435,0.0,0.048777,0.391075,0.01886,0.092893,0.0,3682863
downwards_rotate,downwards_sensor_sweep_120_cubesizeDR-20260626-215239,TesolloDownwardsRotateZ,TesolloDownwardsRotateZ-20260627-032809-downwardsrotatez_sb_propriotarget_s0,proprio.target,0,82,13,0.65,114.952,1.123236,64.3567,0.0335,0.040225,0.0,0.049244,0.395303,0.069078,0.059288,0.0,3682863
downwards_rotate,downwards_sensor_sweep_120_cubesizeDR-20260626-215239,TesolloDownwardsRotateZ,TesolloDownwardsRotateZ-20260627-032809-downwardsrotatez_sb_propriotarget_s0,proprio.target,0,82,14,0.7,114.952,1.127296,64.5893,0.033778,0.023702,0.0,0.049075,0.393401,0.021729,0.040255,0.0,3682863
downwards_rotate,downwards_sensor_sweep_120_cubesizeDR-20260626-215239,TesolloDownwardsRotateZ,TesolloDownwardsRotateZ-20260627-032809-downwardsrotatez_sb_propriotarget_s0,proprio.target,0,82,15,0.75,114.952,1.116511,63.9714,0.03463,0.004816,0.0,0.049526,0.397743,0.055204,0.027453,0.0,3682863
downwards_rotate,downwards_sensor_sweep_120_cubesizeDR-20260626-215239,TesolloDownwardsRotateZ,TesolloDownwardsRotateZ-20260627-032809-downwardsrotatez_sb_propriotarget_s0,proprio.target,0,82,16,0.8,114.952,1.117255,64.014,0.034008,0.013682,0.0,0.049495,0.392292,0.045073,0.016759,0.0,3682863
downwards_rotate,downwards_sensor_sweep_120_cubesizeDR-20260626-215239,TesolloDownwardsRotateZ,TesolloDownwardsRotateZ-20260627-032809-downwardsrotatez_sb_propriotarget_s0,proprio.target,0,82,17,0.85,114.952,1.11032,63.6167,0.034188,0.005791,0.0,0.049788,0.391532,0.018404,0.008914,0.0,3682863
downwards_rotate,downwards_sensor_sweep_120_cubesizeDR-20260626-215239,TesolloDownwardsRotateZ,TesolloDownwardsRotateZ-20260627-032809-downwardsrotatez_sb_propriotarget_s0,proprio.target,0,82,18,0.9,114.952,1.105033,63.3137,0.034034,0.001525,0.0,0.050015,0.387673,0.015427,0.003473,0.0,3682863
downwards_rotate,downwards_sensor_sweep_120_cubesizeDR-20260626-215239,TesolloDownwardsRotateZ,TesolloDownwardsRotateZ-20260627-032809-downwardsrotatez_sb_propriotarget_s0,proprio.target,0,82,19,0.95,114.952,1.099125,62.9752,0.033888,0.001279,0.0,0.05027,0.385266,0.008531,0.001073,0.0,3682863
downwards_rotate,downwards_sensor_sweep_120_cubesizeDR-20260626-215239,TesolloDownwardsRotateZ,TesolloDownwardsRotateZ-20260627-032809-downwardsrotatez_sb_propriotarget_s0,proprio.target,0,82,20,1.0,114.952,1.097916,62.906,0.033658,0.001064,0.0,0.050323,0.382054,0.008235,0.001017,0.0,3682863
downwards_rotate,downwards_sensor_sweep_120_cubesizeDR-20260626-215239,TesolloDownwardsRotateZ,TesolloDownwardsRotateZ-20260627-032809-downwardsrotatez_sb_propriotarget_s0,proprio.target,0,82,21,1.05,114.952,1.097535,62.8841,0.033601,0.00069,0.0,0.050339,0.381153,0.008487,0.001423,0.0,3682863
downwards_rotate,downwards_sensor_sweep_120_cubesizeDR-20260626-215239,TesolloDownwardsRotateZ,TesolloDownwardsRotateZ-20260627-032809-downwardsrotatez_sb_propriotarget_s0,proprio.target,0,82,22,1.1,114.952,1.101443,63.108,0.033562,0.00069,0.0,0.05017,0.380871,0.007781,0.001788,0.0,3682863
downwards_rotate,downwards_sensor_sweep_120_cubesizeDR-20260626-215239,TesolloDownwardsRotateZ,TesolloDownwardsRotateZ-20260627-032809-downwardsrotatez_sb_propriotarget_s0,proprio.target,0,82,23,1.15,114.952,1.106598,63.4034,0.033617,0.000698,0.0,0.049948,0.381905,0.007034,0.002568,0.0,3682863
downwards_rotate,downwards_sensor_sweep_120_cubesizeDR-20260626-215239,TesolloDownwardsRotateZ,TesolloDownwardsRotateZ-20260627-032809-downwardsrotatez_sb_propriotarget_s0,proprio.target,0,82,24,1.2,114.952,1.113212,63.7824,0.03349,0.000638,0.0,0.049665,0.380598,0.003833,0.005006,0.0,3682863
downwards_rotate,downwards_sensor_sweep_120_cubesizeDR-20260626-215239,TesolloDownwardsRotateZ,TesolloDownwardsRotateZ-20260627-032809-downwardsrotatez_sb_propriotarget_s0,proprio.target,0,82,25,1.25,114.952,1.118827,64.1041,0.0334,0.000694,0.0,0.049429,0.379793,0.00441,0.009362,0.0,3682863
downwards_rotate,downwards_sensor_sweep_120_cubesizeDR-20260626-215239,TesolloDownwardsRotateZ,TesolloDownwardsRotateZ-20260627-032809-downwardsrotatez_sb_propriotarget_s0,proprio.target,0,82,26,1.3,114.952,1.125237,64.4714,0.033293,0.000657,0.0,0.049161,0.378783,0.003908,0.015133,0.0,3682863
downwards_rotate,downwards_sensor_sweep_120_cubesizeDR-20260626-215239,TesolloDownwardsRotateZ,TesolloDownwardsRotateZ-20260627-032809-downwardsrotatez_sb_propriotarget_s0,proprio.target,0,82,27,1.35,114.952,1.131546,64.8328,0.03317,0.000656,0.0,0.0489,0.377565,0.003828,0.02107,0.0,3682863
downwards_rotate,downwards_sensor_sweep_120_cubesizeDR-20260626-215239,TesolloDownwardsRotateZ,TesolloDownwardsRotateZ-20260627-032809-downwardsrotatez_sb_propriotarget_s0,proprio.target,0,82,28,1.4,114.952,1.137873,65.1953,0.033052,0.000622,0.0,0.048641,0.376396,0.002801,0.025561,0.0,3682863
downwards_rotate,downwards_sensor_sweep_120_cubesizeDR-20260626-215239,TesolloDownwardsRotateZ,TesolloDownwardsRotateZ-20260627-032809-downwardsrotatez_sb_propriotarget_s0,proprio.target,0,82,29,1.45,114.952,1.144032,65.5482,0.033056,0.000589,0.0,0.048392,0.376793,3.1e-05,0.02768,0.0,3682863
downwards_rotate,downwards_sensor_sweep_120_cubesizeDR-20260626-215239,TesolloDownwardsRotateZ,TesolloDownwardsRotateZ-20260627-032809-downwardsrotatez_sb_propriotarget_s0,proprio.target,0,82,30,1.5,114.952,1.147217,65.7307,0.033114,0.002502,0.0,0.048264,0.378361,8.2e-05,0.027095,0.0,3682863
downwards_rotate,downwards_sensor_sweep_120_cubesizeDR-20260626-215239,TesolloDownwardsRotateZ,TesolloDownwardsRotateZ-20260627-032809-downwardsrotatez_sb_propriotarget_s0,proprio.target,0,82,31,1.55,114.952,1.145575,65.6366,0.033118,0.002267,0.0,0.04833,0.378197,0.00076,0.023482,0.0,3682863
downwards_rotate,downwards_sensor_sweep_120_cubesizeDR-20260626-215239,TesolloDownwardsRotateZ,TesolloDownwardsRotateZ-20260627-032809-downwardsrotatez_sb_propriotarget_s0,proprio.target,0,82,32,1.6,114.952,1.142384,65.4538,0.033026,0.001971,0.0,0.048459,0.376608,0.002194,0.016344,0.0,3682863
downwards_rotate,downwards_sensor_sweep_120_cubesizeDR-20260626-215239,TesolloDownwardsRotateZ,TesolloDownwardsRotateZ-20260627-032809-downwardsrotatez_sb_propriotarget_s0,proprio.target,0,82,33,1.65,114.952,1.138036,65.2046,0.033194,0.000826,0.0,0.048635,0.378132,0.000667,0.00892,0.0,3682863
downwards_rotate,downwards_sensor_sweep_120_cubesizeDR-20260626-215239,TesolloDownwardsRotateZ,TesolloDownwardsRotateZ-20260627-032809-downwardsrotatez_sb_propriotarget_s0,proprio.target,0,82,34,1.7,114.952,1.131004,64.8018,0.03347,0.001359,0.0,0.048922,0.381556,0.002574,0.004229,0.0,3682863
downwards_rotate,downwards_sensor_sweep_120_cubesizeDR-20260626-215239,TesolloDownwardsRotateZ,TesolloDownwardsRotateZ-20260627-032809-downwardsrotatez_sb_propriotarget_s0,proprio.target,0,82,35,1.75,114.952,1.125432,64.4825,0.033831,0.00151,0.0,0.049153,0.386073,0.00043,0.002419,0.0,3682863
downwards_rotate,downwards_sensor_sweep_120_cubesizeDR-20260626-215239,TesolloDownwardsRotateZ,TesolloDownwardsRotateZ-20260627-032809-downwardsrotatez_sb_propriotarget_s0,proprio.target,0,82,36,1.8,114.952,1.12209,64.291,0.034327,0.001893,0.0,0.049292,0.392634,5e-05,0.001973,0.0,3682863
downwards_rotate,downwards_sensor_sweep_120_cubesizeDR-20260626-215239,TesolloDownwardsRotateZ,TesolloDownwardsRotateZ-20260627-032809-downwardsrotatez_sb_propriotarget_s0,proprio.target,0,82,37,1.85,114.952,1.117827,64.0468,0.034884,0.000815,0.0,0.049471,0.399459,0.0,0.001786,0.0,3682863
downwards_rotate,downwards_sensor_sweep_120_cubesizeDR-20260626-215239,TesolloDownwardsRotateZ,TesolloDownwardsRotateZ-20260627-032809-downwardsrotatez_sb_propriotarget_s0,proprio.target,0,82,38,1.9,114.952,1.116471,63.9691,0.035123,0.000599,0.0,0.049528,0.402495,0.0,0.001923,0.0,3682863
downwards_rotate,downwards_sensor_sweep_120_cubesizeDR-20260626-215239,TesolloDownwardsRotateZ,TesolloDownwardsRotateZ-20260627-032809-downwardsrotatez_sb_propriotarget_s0,proprio.target,0,82,39,1.95,114.952,1.115766,63.9287,0.035192,0.000174,0.0,0.049557,0.40323,0.0,0.002122,0.0,3682863
downwards_rotate,downwards_sensor_sweep_120_cubesizeDR-20260626-215239,TesolloDownwardsRotateZ,TesolloDownwardsRotateZ-20260627-032809-downwardsrotatez_sb_propriotarget_s0,proprio.target,0,82,40,2.0,114.952,1.11574,63.9272,0.035163,0.00012,0.0,0.049559,0.402833,0.0,0.002352,0.0,3682863
downwards_rotate,downwards_sensor_sweep_120_cubesizeDR-20260626-215239,TesolloDownwardsRotateZ,TesolloDownwardsRotateZ-20260627-032809-downwardsrotatez_sb_propriotarget_s0,proprio.target,0,82,41,2.05,114.952,1.116007,63.9425,0.035204,7.4e-05,0.0,0.049547,0.40338,0.0,0.002503,0.0,3682863
downwards_rotate,downwards_sensor_sweep_120_cubesizeDR-20260626-215239,TesolloDownwardsRotateZ,TesolloDownwardsRotateZ-20260627-032809-downwardsrotatez_sb_propriotarget_s0,proprio.target,0,82,42,2.1,114.952,1.116341,63.9616,0.035163,7.5e-05,0.0,0.049533,0.402848,0.0,0.002534,0.0,3682863
downwards_rotate,downwards_sensor_sweep_120_cubesizeDR-20260626-215239,TesolloDownwardsRotateZ,TesolloDownwardsRotateZ-20260627-032809-downwardsrotatez_sb_propriotarget_s0,proprio.target,0,82,43,2.15,114.952,1.116654,63.9796,0.035134,8.4e-05,0.0,0.04952,0.402489,0.0,0.002415,0.0,3682863
downwards_rotate,downwards_sensor_sweep_120_cubesizeDR-20260626-215239,TesolloDownwardsRotateZ,TesolloDownwardsRotateZ-20260627-032809-downwardsrotatez_sb_propriotarget_s0,proprio.target,0,82,44,2.2,114.952,1.116765,63.9859,0.035114,5.4e-05,0.0,0.049515,0.402209,0.0,0.00219,0.0,3682863
downwards_rotate,downwards_sensor_sweep_120_cubesizeDR-20260626-215239,TesolloDownwardsRotateZ,TesolloDownwardsRotateZ-20260627-032809-downwardsrotatez_sb_propriotarget_s0,proprio.target,0,82,45,2.25,114.952,1.116437,63.9671,0.035136,3.4e-05,0.0,0.049529,0.402474,0.0,0.001923,0.0,3682863
downwards_rotate,downwards_sensor_sweep_120_cubesizeDR-20260626-215239,TesolloDownwardsRotateZ,TesolloDownwardsRotateZ-20260627-032809-downwardsrotatez_sb_propriotarget_s0,proprio.target,0,82,46,2.3,114.952,1.116476,63.9694,0.035126,2.2e-05,0.0,0.049527,0.402337,0.0,0.001619,0.0,3682863
downwards_rotate,downwards_sensor_sweep_120_cubesizeDR-20260626-215239,TesolloDownwardsRotateZ,TesolloDownwardsRotateZ-20260627-032809-downwardsrotatez_sb_propriotarget_s0,proprio.target,0,82,47,2.35,114.952,1.11663,63.9782,0.035134,1.4e-05,0.0,0.049521,0.402451,0.0,0.001305,0.0,3682863
downwards_rotate,downwards_sensor_sweep_120_cubesizeDR-20260626-215239,TesolloDownwardsRotateZ,TesolloDownwardsRotateZ-20260627-032809-downwardsrotatez_sb_propriotarget_s0,proprio.target,0,82,48,2.4,114.952,1.116521,63.9719,0.03517,1e-05,0.0,0.049526,0.402915,0.0,0.001012,0.0,3682863
downwards_rotate,downwards_sensor_sweep_120_cubesizeDR-20260626-215239,TesolloDownwardsRotateZ,TesolloDownwardsRotateZ-20260627-032809-downwardsrotatez_sb_propriotarget_s0,proprio.target,0,82,49,2.45,114.952,1.116872,63.992,0.035196,1.4e-05,0.0,0.049511,0.40328,0.0,0.000771,0.0,3682863
downwards_rotate,downwards_sensor_sweep_120_cubesizeDR-20260626-215239,TesolloDownwardsRotateZ,TesolloDownwardsRotateZ-20260627-032809-downwardsrotatez_sb_propriotarget_s0,proprio.target,0,82,50,2.5,114.952,1.115171,63.8946,0.035252,3e-05,0.0,0.049583,0.403936,0.0,0.000541,0.0,3682863
downwards_rotate,downwards_sensor_sweep_120_cubesizeDR-20260626-215239,TesolloDownwardsRotateZ,TesolloDownwardsRotateZ-20260627-032809-downwardsrotatez_sb_propriotarget_s0,proprio.target,0,82,51,2.55,114.952,1.114467,63.8543,0.03526,4.7e-05,0.0,0.049612,0.404,0.0,0.0004,0.0,3682863
downwards_rotate,downwards_sensor_sweep_120_cubesizeDR-20260626-215239,TesolloDownwardsRotateZ,TesolloDownwardsRotateZ-20260627-032809-downwardsrotatez_sb_propriotarget_s0,proprio.target,0,82,52,2.6,114.952,1.114132,63.8351,0.035243,3.4e-05,0.0,0.049627,0.403748,0.0,0.000312,0.0,3682863
downwards_rotate,downwards_sensor_sweep_120_cubesizeDR-20260626-215239,TesolloDownwardsRotateZ,TesolloDownwardsRotateZ-20260627-032809-downwardsrotatez_sb_propriotarget_s0,proprio.target,0,82,53,2.65,114.952,1.113823,63.8173,0.035248,9e-06,0.0,0.04964,0.403799,0.0,0.000252,0.0,3682863
downwards_rotate,downwards_sensor_sweep_120_cubesizeDR-20260626-215239,TesolloDownwardsRotateZ,TesolloDownwardsRotateZ-20260627-032809-downwardsrotatez_sb_propriotarget_s0,proprio.target,0,82,54,2.7,114.952,1.113455,63.7963,0.035232,1.1e-05,0.0,0.049655,0.403559,0.0,0.000202,0.0,3682863
downwards_rotate,downwards_sensor_sweep_120_cubesizeDR-20260626-215239,TesolloDownwardsRotateZ,TesolloDownwardsRotateZ-20260627-032809-downwardsrotatez_sb_propriotarget_s0,proprio.target,0,82,55,2.75,114.952,1.113052,63.7732,0.035223,1e-05,0.0,0.049672,0.403414,0.0,0.000176,0.0,3682863
downwards_rotate,downwards_sensor_sweep_120_cubesizeDR-20260626-215239,TesolloDownwardsRotateZ,TesolloDownwardsRotateZ-20260627-032809-downwardsrotatez_sb_propriotarget_s0,proprio.target,0,82,56,2.8,114.952,1.112648,63.75,0.035217,9e-06,0.0,0.049689,0.403316,0.0,0.000153,0.0,3682863
downwards_rotate,downwards_sensor_sweep_120_cubesizeDR-20260626-215239,TesolloDownwardsRotateZ,TesolloDownwardsRotateZ-20260627-032809-downwardsrotatez_sb_propriotarget_s0,proprio.target,0,82,57,2.85,114.952,1.112213,63.7251,0.035214,1e-05,0.0,0.049708,0.403251,0.0,0.000134,0.0,3682863
downwards_rotate,downwards_sensor_sweep_120_cubesizeDR-20260626-215239,TesolloDownwardsRotateZ,TesolloDownwardsRotateZ-20260627-032809-downwardsrotatez_sb_propriotarget_s0,proprio.target,0,82,58,2.9,114.952,1.111714,63.6965,0.035221,9e-06,0.0,0.049729,0.403315,0.0,0.000118,0.0,3682863
downwards_rotate,downwards_sensor_sweep_120_cubesizeDR-20260626-215239,TesolloDownwardsRotateZ,TesolloDownwardsRotateZ-20260627-032809-downwardsrotatez_sb_propriotarget_s0,proprio.target,0,82,59,2.95,114.952,1.111152,63.6643,0.035218,1e-05,0.0,0.049753,0.403235,0.0,0.000101,0.0,3682863
downwards_rotate,downwards_sensor_sweep_120_cubesizeDR-20260626-215239,TesolloDownwardsRotateZ,TesolloDownwardsRotateZ-20260627-032809-downwardsrotatez_sb_propriotarget_s0,proprio.target,0,82,60,3.0,114.952,1.111412,63.6792,0.035203,9e-06,0.0,0.049742,0.403056,0.0,0.000109,0.0,3682863
downwards_rotate,downwards_sensor_sweep_120_cubesizeDR-20260626-215239,TesolloDownwardsRotateZ,TesolloDownwardsRotateZ-20260627-032809-downwardsrotatez_sb_propriotarget_s0,proprio.target,0,82,61,3.05,114.952,1.108908,63.5357,0.035269,0.00022,0.0,0.049849,0.403858,0.0,4.6e-05,0.0,3682863
downwards_rotate,downwards_sensor_sweep_120_cubesizeDR-20260626-215239,TesolloDownwardsRotateZ,TesolloDownwardsRotateZ-20260627-032809-downwardsrotatez_sb_propriotarget_s0,proprio.target,0,82,62,3.1,114.952,1.108309,63.5014,0.035257,0.000224,0.0,0.049874,0.403674,0.0,5.1e-05,0.0,3682863
downwards_rotate,downwards_sensor_sweep_120_cubesizeDR-20260626-215239,TesolloDownwardsRotateZ,TesolloDownwardsRotateZ-20260627-032809-downwardsrotatez_sb_propriotarget_s0,proprio.target,0,82,63,3.15,114.952,1.108178,63.494,0.035244,3.2e-05,0.0,0.04988,0.403429,0.0,4.9e-05,0.0,3682863
downwards_rotate,downwards_sensor_sweep_120_cubesizeDR-20260626-215239,TesolloDownwardsRotateZ,TesolloDownwardsRotateZ-20260627-032809-downwardsrotatez_sb_propriotarget_s0,proprio.target,0,82,64,3.2,114.952,1.108105,63.4897,0.035228,1.1e-05,0.0,0.049883,0.403197,0.0,4.6e-05,0.0,3682863
downwards_rotate,downwards_sensor_sweep_120_cubesizeDR-20260626-215239,TesolloDownwardsRotateZ,TesolloDownwardsRotateZ-20260627-032809-downwardsrotatez_sb_propriotarget_s0,proprio.target,0,82,65,3.25,114.952,1.107994,63.4834,0.035211,1.2e-05,0.0,0.049888,0.402962,0.0,4.5e-05,0.0,3682863
downwards_rotate,downwards_sensor_sweep_120_cubesizeDR-20260626-215239,TesolloDownwardsRotateZ,TesolloDownwardsRotateZ-20260627-032809-downwardsrotatez_sb_propriotarget_s0,proprio.target,0,82,66,3.3,114.952,1.107906,63.4783,0.035171,1.2e-05,0.0,0.049891,0.402425,0.0,4.3e-05,0.0,3682863
downwards_rotate,downwards_sensor_sweep_120_cubesizeDR-20260626-215239,TesolloDownwardsRotateZ,TesolloDownwardsRotateZ-20260627-032809-downwardsrotatez_sb_propriotarget_s0,proprio.target,0,82,67,3.35,114.952,1.107834,63.4742,0.035122,1.1e-05,0.0,0.049895,0.401771,0.0,3.8e-05,0.0,3682863
downwards_rotate,downwards_sensor_sweep_120_cubesizeDR-20260626-215239,TesolloDownwardsRotateZ,TesolloDownwardsRotateZ-20260627-032809-downwardsrotatez_sb_propriotarget_s0,proprio.target,0,82,68,3.4,114.952,1.107376,63.448,0.035107,1.2e-05,0.0,0.049914,0.401544,0.0,3.2e-05,0.0,3682863
downwards_rotate,downwards_sensor_sweep_120_cubesizeDR-20260626-215239,TesolloDownwardsRotateZ,TesolloDownwardsRotateZ-20260627-032809-downwardsrotatez_sb_propriotarget_s0,proprio.target,0,82,69,3.45,114.952,1.106631,63.4053,0.035046,2.1e-05,0.0,0.049946,0.40069,0.0,2.2e-05,0.0,3682863
downwards_rotate,downwards_sensor_sweep_120_cubesizeDR-20260626-215239,TesolloDownwardsRotateZ,TesolloDownwardsRotateZ-20260627-032809-downwardsrotatez_sb_propriotarget_s0,proprio.target,0,82,70,3.5,114.952,1.106415,63.3929,0.034991,4.1e-05,0.0,0.049955,0.39996,0.0,2.2e-05,0.0,3682863
downwards_rotate,downwards_sensor_sweep_120_cubesizeDR-20260626-215239,TesolloDownwardsRotateZ,TesolloDownwardsRotateZ-20260627-032809-downwardsrotatez_sb_propriotarget_s0,proprio.target,0,82,71,3.55,114.952,1.106417,63.393,0.034948,1.2e-05,0.0,0.049955,0.399369,0.0,2.1e-05,0.0,3682863
downwards_rotate,downwards_sensor_sweep_120_cubesizeDR-20260626-215239,TesolloDownwardsRotateZ,TesolloDownwardsRotateZ-20260627-032809-downwardsrotatez_sb_propriotarget_s0,proprio.target,0,82,72,3.6,114.952,1.106455,63.3952,0.03491,1.3e-05,0.0,0.049954,0.398866,0.0,2.1e-05,0.0,3682863
downwards_rotate,downwards_sensor_sweep_120_cubesizeDR-20260626-215239,TesolloDownwardsRotateZ,TesolloDownwardsRotateZ-20260627-032809-downwardsrotatez_sb_propriotarget_s0,proprio.target,0,82,73,3.65,114.952,1.106525,63.3992,0.034874,1.3e-05,0.0,0.049951,0.398391,0.0,2.1e-05,0.0,3682863
downwards_rotate,downwards_sensor_sweep_120_cubesizeDR-20260626-215239,TesolloDownwardsRotateZ,TesolloDownwardsRotateZ-20260627-032809-downwardsrotatez_sb_propriotarget_s0,proprio.target,0,82,74,3.7,114.952,1.106418,63.3931,0.03486,1.3e-05,0.0,0.049955,0.398203,0.0,2e-05,0.0,3682863
downwards_rotate,downwards_sensor_sweep_120_cubesizeDR-20260626-215239,TesolloDownwardsRotateZ,TesolloDownwardsRotateZ-20260627-032809-downwardsrotatez_sb_propriotarget_s0,proprio.target,0,82,75,3.75,114.952,1.105878,63.3622,0.034811,4.4e-05,0.0,0.049978,0.397518,0.0,1.9e-05,0.0,3682863
downwards_rotate,downwards_sensor_sweep_120_cubesizeDR-20260626-215239,TesolloDownwardsRotateZ,TesolloDownwardsRotateZ-20260627-032809-downwardsrotatez_sb_propriotarget_s0,proprio.target,0,82,76,3.8,114.952,1.105703,63.3521,0.034766,3.7e-05,0.0,0.049986,0.396915,0.0,1.8e-05,0.0,3682863
downwards_rotate,downwards_sensor_sweep_120_cubesizeDR-20260626-215239,TesolloDownwardsRotateZ,TesolloDownwardsRotateZ-20260627-032809-downwardsrotatez_sb_propriotarget_s0,proprio.target,0,82,77,3.85,114.952,1.105745,63.3545,0.034729,1.7e-05,0.0,0.049984,0.39641,0.0,1.8e-05,0.0,3682863
downwards_rotate,downwards_sensor_sweep_120_cubesizeDR-20260626-215239,TesolloDownwardsRotateZ,TesolloDownwardsRotateZ-20260627-032809-downwardsrotatez_sb_propriotarget_s0,proprio.target,0,82,78,3.9,114.952,1.105897,63.3632,0.034691,1.6e-05,0.0,0.049978,0.395916,0.0,1.8e-05,0.0,3682863
downwards_rotate,downwards_sensor_sweep_120_cubesizeDR-20260626-215239,TesolloDownwardsRotateZ,TesolloDownwardsRotateZ-20260627-032809-downwardsrotatez_sb_propriotarget_s0,proprio.target,0,82,79,3.95,114.952,1.106084,63.3739,0.034653,1.5e-05,0.0,0.04997,0.395423,0.0,1.8e-05,0.0,3682863
downwards_rotate,downwards_sensor_sweep_120_cubesizeDR-20260626-215239,TesolloDownwardsRotateZ,TesolloDownwardsRotateZ-20260627-032809-downwardsrotatez_sb_propriotarget_s0,proprio.target,0,82,80,4.0,114.952,1.106356,63.3895,0.03461,1.7e-05,0.0,0.049958,0.394857,0.0,1.7e-05,0.0,3682863
downwards_rotate,downwards_sensor_sweep_120_cubesizeDR-20260626-215239,TesolloDownwardsRotateZ,TesolloDownwardsRotateZ-20260627-032809-downwardsrotatez_sb_propriotarget_s0,proprio.target,0,82,81,4.05,114.952,1.105554,63.3436,0.034583,0.000113,0.0,0.049992,0.394483,0.0,1.6e-05,0.0,3682863
downwards_rotate,downwards_sensor_sweep_120_cubesizeDR-20260626-215239,TesolloDownwardsRotateZ,TesolloDownwardsRotateZ-20260627-032809-downwardsrotatez_sb_propriotarget_s0,proprio.target,0,82,82,4.1,114.952,1.105921,63.3646,0.034531,0.000272,0.0,0.049977,0.393874,0.0,1.6e-05,0.0,3682863
downwards_rotate,downwards_sensor_sweep_120_cubesizeDR-20260626-215239,TesolloDownwardsRotateZ,TesolloDownwardsRotateZ-20260627-032809-downwardsrotatez_sb_propriotarget_s0,proprio.target,0,82,83,4.15,114.952,1.106424,63.3934,0.034489,1.7e-05,0.0,0.049955,0.393255,0.0,1.6e-05,0.0,3682863
downwards_rotate,downwards_sensor_sweep_120_cubesizeDR-20260626-215239,TesolloDownwardsRotateZ,TesolloDownwardsRotateZ-20260627-032809-downwardsrotatez_sb_propriotarget_s0,proprio.target,0,82,84,4.2,114.952,1.106918,63.4217,0.034443,1.6e-05,0.0,0.049934,0.392661,0.0,1.5e-05,0.0,3682863
downwards_rotate,downwards_sensor_sweep_120_cubesizeDR-20260626-215239,TesolloDownwardsRotateZ,TesolloDownwardsRotateZ-20260627-032809-downwardsrotatez_sb_propriotarget_s0,proprio.target,0,82,85,4.25,114.952,1.108187,63.4944,0.034358,1.8e-05,0.0,0.049879,0.391607,0.0,1.7e-05,0.0,3682863
downwards_rotate,downwards_sensor_sweep_120_cubesizeDR-20260626-215239,TesolloDownwardsRotateZ,TesolloDownwardsRotateZ-20260627-032809-downwardsrotatez_sb_propriotarget_s0,proprio.target,0,82,86,4.3,114.952,1.107516,63.456,0.034384,0.000107,0.0,0.049908,0.391939,0.0,1.4e-05,0.0,3682863
downwards_rotate,downwards_sensor_sweep_120_cubesizeDR-20260626-215239,TesolloDownwardsRotateZ,TesolloDownwardsRotateZ-20260627-032809-downwardsrotatez_sb_propriotarget_s0,proprio.target,0,82,87,4.35,114.952,1.107754,63.4696,0.034332,0.000155,0.0,0.049898,0.391278,0.0,1.3e-05,0.0,3682863
downwards_rotate,downwards_sensor_sweep_120_cubesizeDR-20260626-215239,TesolloDownwardsRotateZ,TesolloDownwardsRotateZ-20260627-032809-downwardsrotatez_sb_propriotarget_s0,proprio.target,0,82,88,4.4,114.952,1.108202,63.4953,0.034291,1.7e-05,0.0,0.049879,0.390718,0.0,1.3e-05,0.0,3682863
downwards_rotate,downwards_sensor_sweep_120_cubesizeDR-20260626-215239,TesolloDownwardsRotateZ,TesolloDownwardsRotateZ-20260627-032809-downwardsrotatez_sb_propriotarget_s0,proprio.target,0,82,89,4.45,114.952,1.108699,63.5238,0.034247,1.9e-05,0.0,0.049858,0.39016,0.0,1.3e-05,0.0,3682863
downwards_rotate,downwards_sensor_sweep_120_cubesizeDR-20260626-215239,TesolloDownwardsRotateZ,TesolloDownwardsRotateZ-20260627-032809-downwardsrotatez_sb_propriotarget_s0,proprio.target,0,82,90,4.5,114.952,1.109199,63.5524,0.034202,2.2e-05,0.0,0.049836,0.389582,0.0,1.3e-05,0.0,3682863
downwards_rotate,downwards_sensor_sweep_120_cubesizeDR-20260626-215239,TesolloDownwardsRotateZ,TesolloDownwardsRotateZ-20260627-032809-downwardsrotatez_sb_propriotarget_s0,proprio.target,0,82,91,4.55,114.952,1.109503,63.5698,0.034159,2.1e-05,0.0,0.049823,0.389026,0.0,1.3e-05,0.0,3682863
downwards_rotate,downwards_sensor_sweep_120_cubesizeDR-20260626-215239,TesolloDownwardsRotateZ,TesolloDownwardsRotateZ-20260627-032809-downwardsrotatez_sb_propriotarget_s0,proprio.target,0,82,92,4.6,114.952,1.109548,63.5724,0.034147,4.1e-05,0.0,0.049821,0.388874,0.0,1.2e-05,0.0,3682863
downwards_rotate,downwards_sensor_sweep_120_cubesizeDR-20260626-215239,TesolloDownwardsRotateZ,TesolloDownwardsRotateZ-20260627-032809-downwardsrotatez_sb_propriotarget_s0,proprio.target,0,82,93,4.65,114.952,1.109879,63.5914,0.034086,6e-05,0.0,0.049807,0.388093,0.0,1.2e-05,0.0,3682863
downwards_rotate,downwards_sensor_sweep_120_cubesizeDR-20260626-215239,TesolloDownwardsRotateZ,TesolloDownwardsRotateZ-20260627-032809-downwardsrotatez_sb_propriotarget_s0,proprio.target,0,82,94,4.7,114.952,1.11042,63.6224,0.034044,1.9e-05,0.0,0.049784,0.387552,0.0,1.2e-05,0.0,3682863
downwards_rotate,downwards_sensor_sweep_120_cubesizeDR-20260626-215239,TesolloDownwardsRotateZ,TesolloDownwardsRotateZ-20260627-032809-downwardsrotatez_sb_propriotarget_s0,proprio.target,0,82,95,4.75,114.952,1.110945,63.6525,0.034001,2.5e-05,0.0,0.049762,0.387003,0.0,1.2e-05,0.0,3682863
downwards_rotate,downwards_sensor_sweep_120_cubesizeDR-20260626-215239,TesolloDownwardsRotateZ,TesolloDownwardsRotateZ-20260627-032809-downwardsrotatez_sb_propriotarget_s0,proprio.target,0,82,96,4.8,114.952,1.11153,63.686,0.033981,2.1e-05,0.0,0.049737,0.386776,0.0,1.2e-05,0.0,3682863
downwards_rotate,downwards_sensor_sweep_120_cubesizeDR-20260626-215239,TesolloDownwardsRotateZ,TesolloDownwardsRotateZ-20260627-032809-downwardsrotatez_sb_propriotarget_s0,proprio.target,0,82,97,4.85,114.952,1.111435,63.6805,0.033951,6.8e-05,0.0,0.049741,0.386379,0.0,1.1e-05,0.0,3682863
downwards_rotate,downwards_sensor_sweep_120_cubesizeDR-20260626-215239,TesolloDownwardsRotateZ,TesolloDownwardsRotateZ-20260627-032809-downwardsrotatez_sb_propriotarget_s0,proprio.target,0,82,98,4.9,114.952,1.111694,63.6953,0.033895,4.1e-05,0.0,0.04973,0.385639,0.0,1.1e-05,0.0,3682863
downwards_rotate,downwards_sensor_sweep_120_cubesizeDR-20260626-215239,TesolloDownwardsRotateZ,TesolloDownwardsRotateZ-20260627-032809-downwardsrotatez_sb_propriotarget_s0,proprio.target,0,82,99,4.95,114.952,1.111941,63.7095,0.033849,2.4e-05,0.0,0.049719,0.385033,0.0,1.1e-05,0.0,3682863
downwards_rotate,downwards_sensor_sweep_120_cubesizeDR-20260626-215239,TesolloDownwardsRotateZ,TesolloDownwardsRotateZ-20260627-032809-downwardsrotatez_sb_propriotarget_s0,proprio.target,0,82,100,5.0,114.952,1.112435,63.7378,0.0338,3.6e-05,0.0,0.049698,0.384416,0.0,1.1e-05,0.0,3682863
downwards_rotate,downwards_sensor_sweep_120_cubesizeDR-20260626-215239,TesolloDownwardsRotateZ,TesolloDownwardsRotateZ-20260627-032809-downwardsrotatez_sb_propriotarget_s0,proprio.target,0,82,101,5.05,114.952,1.113039,63.7724,0.033747,2.9e-05,0.0,0.049673,0.383736,0.0,1.1e-05,0.0,3682863
downwards_rotate,downwards_sensor_sweep_120_cubesizeDR-20260626-215239,TesolloDownwardsRotateZ,TesolloDownwardsRotateZ-20260627-032809-downwardsrotatez_sb_propriotarget_s0,proprio.target,0,82,102,5.1,114.952,1.114475,63.8547,0.033744,2.4e-05,0.0,0.049612,0.383783,0.0,1e-05,0.0,3682863
downwards_rotate,downwards_sensor_sweep_120_cubesizeDR-20260626-215239,TesolloDownwardsRotateZ,TesolloDownwardsRotateZ-20260627-032809-downwardsrotatez_sb_propriotarget_s0,proprio.target,0,82,103,5.15,114.952,1.115042,63.8872,0.033661,4.9e-05,0.0,0.049588,0.382707,0.0,2e-05,0.0,3682863
downwards_rotate,downwards_sensor_sweep_120_cubesizeDR-20260626-215239,TesolloDownwardsRotateZ,TesolloDownwardsRotateZ-20260627-032809-downwardsrotatez_sb_propriotarget_s0,proprio.target,0,82,104,5.2,114.952,1.115575,63.9177,0.0336,1.9e-05,0.0,0.049566,0.381919,0.0,6.8e-05,0.0,3682863
downwards_rotate,downwards_sensor_sweep_120_cubesizeDR-20260626-215239,TesolloDownwardsRotateZ,TesolloDownwardsRotateZ-20260627-032809-downwardsrotatez_sb_propriotarget_s0,proprio.target,0,82,105,5.25,114.952,1.116099,63.9478,0.033548,2.1e-05,0.0,0.049543,0.381252,0.0,0.000177,0.0,3682863
downwards_rotate,downwards_sensor_sweep_120_cubesizeDR-20260626-215239,TesolloDownwardsRotateZ,TesolloDownwardsRotateZ-20260627-032809-downwardsrotatez_sb_propriotarget_s0,proprio.target,0,82,106,5.3,114.952,1.116626,63.9779,0.0335,2.2e-05,0.0,0.049521,0.380657,0.0,0.000343,0.0,3682863
downwards_rotate,downwards_sensor_sweep_120_cubesizeDR-20260626-215239,TesolloDownwardsRotateZ,TesolloDownwardsRotateZ-20260627-032809-downwardsrotatez_sb_propriotarget_s0,proprio.target,0,82,107,5.35,114.952,1.118443,64.082,0.033486,2.1e-05,0.0,0.049445,0.380566,0.0,0.000535,0.0,3682863
downwards_rotate,downwards_sensor_sweep_120_cubesizeDR-20260626-215239,TesolloDownwardsRotateZ,TesolloDownwardsRotateZ-20260627-032809-downwardsrotatez_sb_propriotarget_s0,proprio.target,0,82,108,5.4,114.952,1.117889,64.0503,0.033475,5.8e-05,0.0,0.049468,0.3804,0.0,0.000686,0.0,3682863
downwards_rotate,downwards_sensor_sweep_120_cubesizeDR-20260626-215239,TesolloDownwardsRotateZ,TesolloDownwardsRotateZ-20260627-032809-downwardsrotatez_sb_propriotarget_s0,proprio.target,0,82,109,5.45,114.952,1.118528,64.0869,0.033422,0.000128,0.0,0.049441,0.379758,0.0,0.000855,0.0,3682863
downwards_rotate,downwards_sensor_sweep_120_cubesizeDR-20260626-215239,TesolloDownwardsRotateZ,TesolloDownwardsRotateZ-20260627-032809-downwardsrotatez_sb_propriotarget_s0,proprio.target,0,82,110,5.5,114.952,1.119301,64.1312,0.03337,2.4e-05,0.0,0.049409,0.37908,0.0,0.001002,0.0,3682863
downwards_rotate,downwards_sensor_sweep_120_cubesizeDR-20260626-215239,TesolloDownwardsRotateZ,TesolloDownwardsRotateZ-20260627-032809-downwardsrotatez_sb_propriotarget_s0,proprio.target,0,82,111,5.55,114.952,1.120048,64.174,0.033316,2.3e-05,0.0,0.049377,0.378398,0.0,0.001119,0.0,3682863
downwards_rotate,downwards_sensor_sweep_120_cubesizeDR-20260626-215239,TesolloDownwardsRotateZ,TesolloDownwardsRotateZ-20260627-032809-downwardsrotatez_sb_propriotarget_s0,proprio.target,0,82,112,5.6,114.952,1.120756,64.2146,0.033264,2.4e-05,0.0,0.049348,0.377755,0.009376,0.00118,0.0,3682863
downwards_rotate,downwards_sensor_sweep_120_cubesizeDR-20260626-215239,TesolloDownwardsRotateZ,TesolloDownwardsRotateZ-20260627-032809-downwardsrotatez_sb_propriotarget_s0,proprio.target,0,82,113,5.65,114.952,1.123204,64.3548,0.033187,0.001473,0.0,0.049245,0.377346,0.0,0.001513,0.0,3682863
downwards_rotate,downwards_sensor_sweep_120_cubesizeDR-20260626-215239,TesolloDownwardsRotateZ,TesolloDownwardsRotateZ-20260627-032809-downwardsrotatez_sb_propriotarget_s0,proprio.target,0,82,114,5.7,114.952,1.123773,64.3874,0.033132,0.001065,0.0,0.049222,0.376503,0.0,0.001664,0.0,3682863
downwards_rotate,downwards_sensor_sweep_120_cubesizeDR-20260626-215239,TesolloDownwardsRotateZ,TesolloDownwardsRotateZ-20260627-032809-downwardsrotatez_sb_propriotarget_s0,proprio.target,0,82,115,5.75,114.952,1.12404,64.4027,0.033122,4.7e-05,0.0,0.049211,0.376055,0.0,0.001788,0.0,3682863
downwards_rotate,downwards_sensor_sweep_120_cubesizeDR-20260626-215239,TesolloDownwardsRotateZ,TesolloDownwardsRotateZ-20260627-032809-downwardsrotatez_sb_propriotarget_s0,proprio.target,0,82,116,5.8,114.952,1.124337,64.4197,0.033094,3e-05,0.0,0.049198,0.375696,0.0,0.001895,0.0,3682863
downwards_rotate,downwards_sensor_sweep_120_cubesizeDR-20260626-215239,TesolloDownwardsRotateZ,TesolloDownwardsRotateZ-20260627-032809-downwardsrotatez_sb_propriotarget_s0,proprio.target,0,82,117,5.85,114.952,1.124834,64.4482,0.033071,2.7e-05,0.0,0.049178,0.375414,0.0,0.002041,0.0,3682863
downwards_rotate,downwards_sensor_sweep_120_cubesizeDR-20260626-215239,TesolloDownwardsRotateZ,TesolloDownwardsRotateZ-20260627-032809-downwardsrotatez_sb_propriotarget_s0,proprio.target,0,82,118,5.9,114.952,1.126523,64.545,0.033024,2.1e-05,0.0,0.049107,0.374874,0.0,0.002216,0.0,3682863
downwards_rotate,downwards_sensor_sweep_120_cubesizeDR-20260626-215239,TesolloDownwardsRotateZ,TesolloDownwardsRotateZ-20260627-032809-downwardsrotatez_sb_propriotarget_s0,proprio.target,0,82,119,5.95,114.952,1.125604,64.4924,0.033086,0.000275,0.0,0.049146,0.37574,0.0,0.002203,0.0,3682863
