task,queue,env_name,exp_name,sensor_bundle,seed,rollout_seed,step,time_s,f_tip1,f_tip2,f_tip3,f_tip4,f_tip5,f_total,env_code_commit
downwards_rotate,downwards_sensor_sweep_120-20260625-124815,TesolloDownwardsRotateZ,TesolloDownwardsRotateZ-20260625-201219-downwardsrotatez_sb_baseline_s1,baseline,1,0,0,0.0,0.0,0.0,0.0,0.0,0.0,0.0,3682863
downwards_rotate,downwards_sensor_sweep_120-20260625-124815,TesolloDownwardsRotateZ,TesolloDownwardsRotateZ-20260625-201219-downwardsrotatez_sb_baseline_s1,baseline,1,0,1,0.05,0.0,0.0,0.0,0.0,0.0,0.0,3682863
downwards_rotate,downwards_sensor_sweep_120-20260625-124815,TesolloDownwardsRotateZ,TesolloDownwardsRotateZ-20260625-201219-downwardsrotatez_sb_baseline_s1,baseline,1,0,2,0.1,0.0,0.0,0.0,0.0,3.14405,3.14405,3682863
downwards_rotate,downwards_sensor_sweep_120-20260625-124815,TesolloDownwardsRotateZ,TesolloDownwardsRotateZ-20260625-201219-downwardsrotatez_sb_baseline_s1,baseline,1,0,3,0.15,0.0,0.0,0.0,0.0,3.19883,3.19883,3682863
downwards_rotate,downwards_sensor_sweep_120-20260625-124815,TesolloDownwardsRotateZ,TesolloDownwardsRotateZ-20260625-201219-downwardsrotatez_sb_baseline_s1,baseline,1,0,4,0.2,0.0,0.0,0.0,0.0,2.05747,2.05747,3682863
downwards_rotate,downwards_sensor_sweep_120-20260625-124815,TesolloDownwardsRotateZ,TesolloDownwardsRotateZ-20260625-201219-downwardsrotatez_sb_baseline_s1,baseline,1,0,5,0.25,0.0,0.0,0.0,0.0,2.70513,2.70513,3682863
downwards_rotate,downwards_sensor_sweep_120-20260625-124815,TesolloDownwardsRotateZ,TesolloDownwardsRotateZ-20260625-201219-downwardsrotatez_sb_baseline_s1,baseline,1,0,6,0.3,0.0,0.0,0.0,0.0,1.79179,1.79179,3682863
downwards_rotate,downwards_sensor_sweep_120-20260625-124815,TesolloDownwardsRotateZ,TesolloDownwardsRotateZ-20260625-201219-downwardsrotatez_sb_baseline_s1,baseline,1,0,7,0.35,0.0,0.0,0.0,1.11376,0.0,1.11376,3682863
downwards_rotate,downwards_sensor_sweep_120-20260625-124815,TesolloDownwardsRotateZ,TesolloDownwardsRotateZ-20260625-201219-downwardsrotatez_sb_baseline_s1,baseline,1,0,8,0.4,3.18618,0.0,0.0,2.77336,1.07199,7.03153,3682863
downwards_rotate,downwards_sensor_sweep_120-20260625-124815,TesolloDownwardsRotateZ,TesolloDownwardsRotateZ-20260625-201219-downwardsrotatez_sb_baseline_s1,baseline,1,0,9,0.45,2.01715,0.0,0.0,2.78376,0.0,4.80091,3682863
downwards_rotate,downwards_sensor_sweep_120-20260625-124815,TesolloDownwardsRotateZ,TesolloDownwardsRotateZ-20260625-201219-downwardsrotatez_sb_baseline_s1,baseline,1,0,10,0.5,0.73218,0.0,0.0,0.0,0.0,0.73218,3682863
downwards_rotate,downwards_sensor_sweep_120-20260625-124815,TesolloDownwardsRotateZ,TesolloDownwardsRotateZ-20260625-201219-downwardsrotatez_sb_baseline_s1,baseline,1,0,11,0.55,1.91743,0.0,0.0,1.79458,0.0,3.71201,3682863
downwards_rotate,downwards_sensor_sweep_120-20260625-124815,TesolloDownwardsRotateZ,TesolloDownwardsRotateZ-20260625-201219-downwardsrotatez_sb_baseline_s1,baseline,1,0,12,0.6,0.0,0.0,0.0,1.95659,0.0,1.95659,3682863
downwards_rotate,downwards_sensor_sweep_120-20260625-124815,TesolloDownwardsRotateZ,TesolloDownwardsRotateZ-20260625-201219-downwardsrotatez_sb_baseline_s1,baseline,1,0,13,0.65,0.0,0.0,0.0,2.4103,0.0,2.4103,3682863
downwards_rotate,downwards_sensor_sweep_120-20260625-124815,TesolloDownwardsRotateZ,TesolloDownwardsRotateZ-20260625-201219-downwardsrotatez_sb_baseline_s1,baseline,1,0,14,0.7,0.0,0.0,0.0,2.58036,0.0,2.58036,3682863
downwards_rotate,downwards_sensor_sweep_120-20260625-124815,TesolloDownwardsRotateZ,TesolloDownwardsRotateZ-20260625-201219-downwardsrotatez_sb_baseline_s1,baseline,1,0,15,0.75,1.28069,0.0,1.27185,2.5375,0.0,5.09004,3682863
downwards_rotate,downwards_sensor_sweep_120-20260625-124815,TesolloDownwardsRotateZ,TesolloDownwardsRotateZ-20260625-201219-downwardsrotatez_sb_baseline_s1,baseline,1,0,16,0.8,1.24356,0.0,1.85878,1.97766,0.0,5.08,3682863
downwards_rotate,downwards_sensor_sweep_120-20260625-124815,TesolloDownwardsRotateZ,TesolloDownwardsRotateZ-20260625-201219-downwardsrotatez_sb_baseline_s1,baseline,1,0,17,0.85,1.0443,0.0,1.92844,2.10524,0.0,5.07798,3682863
downwards_rotate,downwards_sensor_sweep_120-20260625-124815,TesolloDownwardsRotateZ,TesolloDownwardsRotateZ-20260625-201219-downwardsrotatez_sb_baseline_s1,baseline,1,0,18,0.9,1.10176,0.0,1.95142,2.15394,0.0,5.20713,3682863
downwards_rotate,downwards_sensor_sweep_120-20260625-124815,TesolloDownwardsRotateZ,TesolloDownwardsRotateZ-20260625-201219-downwardsrotatez_sb_baseline_s1,baseline,1,0,19,0.95,1.41401,0.0,1.72133,2.22106,0.0,5.35639,3682863
downwards_rotate,downwards_sensor_sweep_120-20260625-124815,TesolloDownwardsRotateZ,TesolloDownwardsRotateZ-20260625-201219-downwardsrotatez_sb_baseline_s1,baseline,1,0,20,1.0,1.611,0.0,1.63074,2.34467,0.0,5.58641,3682863
downwards_rotate,downwards_sensor_sweep_120-20260625-124815,TesolloDownwardsRotateZ,TesolloDownwardsRotateZ-20260625-201219-downwardsrotatez_sb_baseline_s1,baseline,1,0,21,1.05,1.94982,0.0,2.12437,1.85219,0.0,5.92638,3682863
downwards_rotate,downwards_sensor_sweep_120-20260625-124815,TesolloDownwardsRotateZ,TesolloDownwardsRotateZ-20260625-201219-downwardsrotatez_sb_baseline_s1,baseline,1,0,22,1.1,2.17027,0.0,1.40117,2.439,0.0,6.01044,3682863
downwards_rotate,downwards_sensor_sweep_120-20260625-124815,TesolloDownwardsRotateZ,TesolloDownwardsRotateZ-20260625-201219-downwardsrotatez_sb_baseline_s1,baseline,1,0,23,1.15,1.96052,0.0,1.62417,2.40563,0.0,5.99031,3682863
downwards_rotate,downwards_sensor_sweep_120-20260625-124815,TesolloDownwardsRotateZ,TesolloDownwardsRotateZ-20260625-201219-downwardsrotatez_sb_baseline_s1,baseline,1,0,24,1.2,2.21778,0.0,1.57472,2.80279,0.0,6.59528,3682863
downwards_rotate,downwards_sensor_sweep_120-20260625-124815,TesolloDownwardsRotateZ,TesolloDownwardsRotateZ-20260625-201219-downwardsrotatez_sb_baseline_s1,baseline,1,0,25,1.25,2.46507,0.0,1.93934,2.81357,0.0,7.21798,3682863
downwards_rotate,downwards_sensor_sweep_120-20260625-124815,TesolloDownwardsRotateZ,TesolloDownwardsRotateZ-20260625-201219-downwardsrotatez_sb_baseline_s1,baseline,1,0,26,1.3,2.70835,0.16961,1.11074,2.77586,0.0,6.76457,3682863
downwards_rotate,downwards_sensor_sweep_120-20260625-124815,TesolloDownwardsRotateZ,TesolloDownwardsRotateZ-20260625-201219-downwardsrotatez_sb_baseline_s1,baseline,1,0,27,1.35,3.61482,0.38903,0.0,2.80773,0.0,6.81158,3682863
downwards_rotate,downwards_sensor_sweep_120-20260625-124815,TesolloDownwardsRotateZ,TesolloDownwardsRotateZ-20260625-201219-downwardsrotatez_sb_baseline_s1,baseline,1,0,28,1.4,3.29287,0.0,0.0,2.8819,0.0,6.17477,3682863
downwards_rotate,downwards_sensor_sweep_120-20260625-124815,TesolloDownwardsRotateZ,TesolloDownwardsRotateZ-20260625-201219-downwardsrotatez_sb_baseline_s1,baseline,1,0,29,1.45,3.21514,0.0,0.0,2.9931,0.0,6.20824,3682863
downwards_rotate,downwards_sensor_sweep_120-20260625-124815,TesolloDownwardsRotateZ,TesolloDownwardsRotateZ-20260625-201219-downwardsrotatez_sb_baseline_s1,baseline,1,0,30,1.5,2.79771,0.0,0.0,3.28873,0.0,6.08644,3682863
downwards_rotate,downwards_sensor_sweep_120-20260625-124815,TesolloDownwardsRotateZ,TesolloDownwardsRotateZ-20260625-201219-downwardsrotatez_sb_baseline_s1,baseline,1,0,31,1.55,3.14672,0.0,0.0,3.00831,0.0,6.15503,3682863
downwards_rotate,downwards_sensor_sweep_120-20260625-124815,TesolloDownwardsRotateZ,TesolloDownwardsRotateZ-20260625-201219-downwardsrotatez_sb_baseline_s1,baseline,1,0,32,1.6,2.80082,0.0,0.0,3.40333,0.0,6.20414,3682863
downwards_rotate,downwards_sensor_sweep_120-20260625-124815,TesolloDownwardsRotateZ,TesolloDownwardsRotateZ-20260625-201219-downwardsrotatez_sb_baseline_s1,baseline,1,0,33,1.65,2.50062,0.0,0.0,3.89491,0.0,6.39553,3682863
downwards_rotate,downwards_sensor_sweep_120-20260625-124815,TesolloDownwardsRotateZ,TesolloDownwardsRotateZ-20260625-201219-downwardsrotatez_sb_baseline_s1,baseline,1,0,34,1.7,2.55196,0.0,1.96651,2.40595,0.0,6.92443,3682863
downwards_rotate,downwards_sensor_sweep_120-20260625-124815,TesolloDownwardsRotateZ,TesolloDownwardsRotateZ-20260625-201219-downwardsrotatez_sb_baseline_s1,baseline,1,0,35,1.75,2.90482,0.0,1.83448,2.2781,0.0,7.0174,3682863
downwards_rotate,downwards_sensor_sweep_120-20260625-124815,TesolloDownwardsRotateZ,TesolloDownwardsRotateZ-20260625-201219-downwardsrotatez_sb_baseline_s1,baseline,1,0,36,1.8,3.18046,0.0,1.76064,2.18595,0.0,7.12706,3682863
downwards_rotate,downwards_sensor_sweep_120-20260625-124815,TesolloDownwardsRotateZ,TesolloDownwardsRotateZ-20260625-201219-downwardsrotatez_sb_baseline_s1,baseline,1,0,37,1.85,3.24199,0.0,1.80547,2.20703,0.0,7.25449,3682863
downwards_rotate,downwards_sensor_sweep_120-20260625-124815,TesolloDownwardsRotateZ,TesolloDownwardsRotateZ-20260625-201219-downwardsrotatez_sb_baseline_s1,baseline,1,0,38,1.9,3.20782,0.0,1.87078,2.25151,0.0,7.33011,3682863
downwards_rotate,downwards_sensor_sweep_120-20260625-124815,TesolloDownwardsRotateZ,TesolloDownwardsRotateZ-20260625-201219-downwardsrotatez_sb_baseline_s1,baseline,1,0,39,1.95,3.15784,0.0,1.94668,2.3303,0.0,7.43482,3682863
downwards_rotate,downwards_sensor_sweep_120-20260625-124815,TesolloDownwardsRotateZ,TesolloDownwardsRotateZ-20260625-201219-downwardsrotatez_sb_baseline_s1,baseline,1,0,40,2.0,3.09056,0.0,2.01864,2.40033,0.0,7.50953,3682863
downwards_rotate,downwards_sensor_sweep_120-20260625-124815,TesolloDownwardsRotateZ,TesolloDownwardsRotateZ-20260625-201219-downwardsrotatez_sb_baseline_s1,baseline,1,0,41,2.05,3.03069,0.0,2.07021,2.43504,0.0,7.53595,3682863
downwards_rotate,downwards_sensor_sweep_120-20260625-124815,TesolloDownwardsRotateZ,TesolloDownwardsRotateZ-20260625-201219-downwardsrotatez_sb_baseline_s1,baseline,1,0,42,2.1,2.95938,0.0,2.03905,2.43491,0.0,7.43334,3682863
downwards_rotate,downwards_sensor_sweep_120-20260625-124815,TesolloDownwardsRotateZ,TesolloDownwardsRotateZ-20260625-201219-downwardsrotatez_sb_baseline_s1,baseline,1,0,43,2.15,2.88541,0.0,2.08643,2.42316,0.0,7.395,3682863
downwards_rotate,downwards_sensor_sweep_120-20260625-124815,TesolloDownwardsRotateZ,TesolloDownwardsRotateZ-20260625-201219-downwardsrotatez_sb_baseline_s1,baseline,1,0,44,2.2,2.75527,0.0,2.10649,2.38349,0.0,7.24526,3682863
downwards_rotate,downwards_sensor_sweep_120-20260625-124815,TesolloDownwardsRotateZ,TesolloDownwardsRotateZ-20260625-201219-downwardsrotatez_sb_baseline_s1,baseline,1,0,45,2.25,2.63153,0.0,2.08996,2.37942,0.0,7.10091,3682863
downwards_rotate,downwards_sensor_sweep_120-20260625-124815,TesolloDownwardsRotateZ,TesolloDownwardsRotateZ-20260625-201219-downwardsrotatez_sb_baseline_s1,baseline,1,0,46,2.3,2.53562,0.0,2.06774,2.38192,0.0,6.98528,3682863
downwards_rotate,downwards_sensor_sweep_120-20260625-124815,TesolloDownwardsRotateZ,TesolloDownwardsRotateZ-20260625-201219-downwardsrotatez_sb_baseline_s1,baseline,1,0,47,2.35,2.46079,0.0,2.06323,2.39855,0.0,6.92257,3682863
downwards_rotate,downwards_sensor_sweep_120-20260625-124815,TesolloDownwardsRotateZ,TesolloDownwardsRotateZ-20260625-201219-downwardsrotatez_sb_baseline_s1,baseline,1,0,48,2.4,2.49475,0.0,1.63091,2.59625,0.0,6.72191,3682863
downwards_rotate,downwards_sensor_sweep_120-20260625-124815,TesolloDownwardsRotateZ,TesolloDownwardsRotateZ-20260625-201219-downwardsrotatez_sb_baseline_s1,baseline,1,0,49,2.45,2.66342,0.0,1.36047,2.8142,0.0,6.8381,3682863
downwards_rotate,downwards_sensor_sweep_120-20260625-124815,TesolloDownwardsRotateZ,TesolloDownwardsRotateZ-20260625-201219-downwardsrotatez_sb_baseline_s1,baseline,1,0,50,2.5,2.63202,0.0,1.55027,2.87232,0.0,7.05461,3682863
downwards_rotate,downwards_sensor_sweep_120-20260625-124815,TesolloDownwardsRotateZ,TesolloDownwardsRotateZ-20260625-201219-downwardsrotatez_sb_baseline_s1,baseline,1,0,51,2.55,2.49579,0.0,2.09674,2.7189,0.0,7.31143,3682863
downwards_rotate,downwards_sensor_sweep_120-20260625-124815,TesolloDownwardsRotateZ,TesolloDownwardsRotateZ-20260625-201219-downwardsrotatez_sb_baseline_s1,baseline,1,0,52,2.6,2.38887,0.0,2.19832,2.74452,0.0,7.33172,3682863
downwards_rotate,downwards_sensor_sweep_120-20260625-124815,TesolloDownwardsRotateZ,TesolloDownwardsRotateZ-20260625-201219-downwardsrotatez_sb_baseline_s1,baseline,1,0,53,2.65,2.42581,0.0,2.17527,2.75281,0.0,7.3539,3682863
downwards_rotate,downwards_sensor_sweep_120-20260625-124815,TesolloDownwardsRotateZ,TesolloDownwardsRotateZ-20260625-201219-downwardsrotatez_sb_baseline_s1,baseline,1,0,54,2.7,2.59436,0.0,2.12763,2.71529,0.0,7.43728,3682863
downwards_rotate,downwards_sensor_sweep_120-20260625-124815,TesolloDownwardsRotateZ,TesolloDownwardsRotateZ-20260625-201219-downwardsrotatez_sb_baseline_s1,baseline,1,0,55,2.75,2.75171,0.0,2.12995,2.67139,0.0,7.55306,3682863
downwards_rotate,downwards_sensor_sweep_120-20260625-124815,TesolloDownwardsRotateZ,TesolloDownwardsRotateZ-20260625-201219-downwardsrotatez_sb_baseline_s1,baseline,1,0,56,2.8,2.81531,0.0,2.36625,2.65476,0.0,7.83632,3682863
downwards_rotate,downwards_sensor_sweep_120-20260625-124815,TesolloDownwardsRotateZ,TesolloDownwardsRotateZ-20260625-201219-downwardsrotatez_sb_baseline_s1,baseline,1,0,57,2.85,2.75525,0.0,2.43279,2.64158,0.0,7.82962,3682863
downwards_rotate,downwards_sensor_sweep_120-20260625-124815,TesolloDownwardsRotateZ,TesolloDownwardsRotateZ-20260625-201219-downwardsrotatez_sb_baseline_s1,baseline,1,0,58,2.9,2.63567,0.0,2.32679,2.5567,0.0,7.51916,3682863
downwards_rotate,downwards_sensor_sweep_120-20260625-124815,TesolloDownwardsRotateZ,TesolloDownwardsRotateZ-20260625-201219-downwardsrotatez_sb_baseline_s1,baseline,1,0,59,2.95,2.51315,0.0,2.28769,2.46556,0.0,7.2664,3682863
downwards_rotate,downwards_sensor_sweep_120-20260625-124815,TesolloDownwardsRotateZ,TesolloDownwardsRotateZ-20260625-201219-downwardsrotatez_sb_baseline_s1,baseline,1,0,60,3.0,2.78945,0.0,1.13869,2.84708,0.0,6.77522,3682863
downwards_rotate,downwards_sensor_sweep_120-20260625-124815,TesolloDownwardsRotateZ,TesolloDownwardsRotateZ-20260625-201219-downwardsrotatez_sb_baseline_s1,baseline,1,0,61,3.05,2.98126,0.0,0.0,3.28458,0.0,6.26584,3682863
downwards_rotate,downwards_sensor_sweep_120-20260625-124815,TesolloDownwardsRotateZ,TesolloDownwardsRotateZ-20260625-201219-downwardsrotatez_sb_baseline_s1,baseline,1,0,62,3.1,2.68977,0.48109,0.0,3.00483,0.0,6.17569,3682863
downwards_rotate,downwards_sensor_sweep_120-20260625-124815,TesolloDownwardsRotateZ,TesolloDownwardsRotateZ-20260625-201219-downwardsrotatez_sb_baseline_s1,baseline,1,0,63,3.15,2.84041,0.0,0.0,2.87698,0.0,5.71739,3682863
downwards_rotate,downwards_sensor_sweep_120-20260625-124815,TesolloDownwardsRotateZ,TesolloDownwardsRotateZ-20260625-201219-downwardsrotatez_sb_baseline_s1,baseline,1,0,64,3.2,2.99775,0.31763,0.0,2.87946,0.0,6.19484,3682863
downwards_rotate,downwards_sensor_sweep_120-20260625-124815,TesolloDownwardsRotateZ,TesolloDownwardsRotateZ-20260625-201219-downwardsrotatez_sb_baseline_s1,baseline,1,0,65,3.25,2.9822,0.0,0.0,3.15194,0.0,6.13414,3682863
downwards_rotate,downwards_sensor_sweep_120-20260625-124815,TesolloDownwardsRotateZ,TesolloDownwardsRotateZ-20260625-201219-downwardsrotatez_sb_baseline_s1,baseline,1,0,66,3.3,2.73648,0.0,1.14652,3.01557,0.0,6.89857,3682863
downwards_rotate,downwards_sensor_sweep_120-20260625-124815,TesolloDownwardsRotateZ,TesolloDownwardsRotateZ-20260625-201219-downwardsrotatez_sb_baseline_s1,baseline,1,0,67,3.35,2.75389,0.0,1.40904,2.87494,0.0,7.03787,3682863
downwards_rotate,downwards_sensor_sweep_120-20260625-124815,TesolloDownwardsRotateZ,TesolloDownwardsRotateZ-20260625-201219-downwardsrotatez_sb_baseline_s1,baseline,1,0,68,3.4,2.80031,0.0,1.53789,2.92444,0.0,7.26264,3682863
downwards_rotate,downwards_sensor_sweep_120-20260625-124815,TesolloDownwardsRotateZ,TesolloDownwardsRotateZ-20260625-201219-downwardsrotatez_sb_baseline_s1,baseline,1,0,69,3.45,2.89013,0.0,1.59441,2.89631,0.0,7.38085,3682863
downwards_rotate,downwards_sensor_sweep_120-20260625-124815,TesolloDownwardsRotateZ,TesolloDownwardsRotateZ-20260625-201219-downwardsrotatez_sb_baseline_s1,baseline,1,0,70,3.5,2.8607,0.0,1.65032,2.9043,0.0,7.41532,3682863
downwards_rotate,downwards_sensor_sweep_120-20260625-124815,TesolloDownwardsRotateZ,TesolloDownwardsRotateZ-20260625-201219-downwardsrotatez_sb_baseline_s1,baseline,1,0,71,3.55,2.80535,0.0,1.71813,2.90946,0.0,7.43294,3682863
downwards_rotate,downwards_sensor_sweep_120-20260625-124815,TesolloDownwardsRotateZ,TesolloDownwardsRotateZ-20260625-201219-downwardsrotatez_sb_baseline_s1,baseline,1,0,72,3.6,2.5991,0.0,1.80665,3.00413,0.0,7.40989,3682863
downwards_rotate,downwards_sensor_sweep_120-20260625-124815,TesolloDownwardsRotateZ,TesolloDownwardsRotateZ-20260625-201219-downwardsrotatez_sb_baseline_s1,baseline,1,0,73,3.65,2.41523,0.0,1.74974,3.0168,0.0,7.18177,3682863
downwards_rotate,downwards_sensor_sweep_120-20260625-124815,TesolloDownwardsRotateZ,TesolloDownwardsRotateZ-20260625-201219-downwardsrotatez_sb_baseline_s1,baseline,1,0,74,3.7,2.48396,0.0,1.73687,2.77173,0.0,6.99255,3682863
downwards_rotate,downwards_sensor_sweep_120-20260625-124815,TesolloDownwardsRotateZ,TesolloDownwardsRotateZ-20260625-201219-downwardsrotatez_sb_baseline_s1,baseline,1,0,75,3.75,2.2155,0.0,1.81483,2.74062,0.0,6.77095,3682863
downwards_rotate,downwards_sensor_sweep_120-20260625-124815,TesolloDownwardsRotateZ,TesolloDownwardsRotateZ-20260625-201219-downwardsrotatez_sb_baseline_s1,baseline,1,0,76,3.8,2.1131,0.0,1.86889,2.6913,0.0,6.6733,3682863
downwards_rotate,downwards_sensor_sweep_120-20260625-124815,TesolloDownwardsRotateZ,TesolloDownwardsRotateZ-20260625-201219-downwardsrotatez_sb_baseline_s1,baseline,1,0,77,3.85,2.57758,0.0,0.30119,3.29066,0.0,6.16943,3682863
downwards_rotate,downwards_sensor_sweep_120-20260625-124815,TesolloDownwardsRotateZ,TesolloDownwardsRotateZ-20260625-201219-downwardsrotatez_sb_baseline_s1,baseline,1,0,78,3.9,2.66829,0.0,0.0,3.39337,0.0,6.06166,3682863
downwards_rotate,downwards_sensor_sweep_120-20260625-124815,TesolloDownwardsRotateZ,TesolloDownwardsRotateZ-20260625-201219-downwardsrotatez_sb_baseline_s1,baseline,1,0,79,3.95,2.58639,0.0,0.0,3.41598,0.0,6.00237,3682863
downwards_rotate,downwards_sensor_sweep_120-20260625-124815,TesolloDownwardsRotateZ,TesolloDownwardsRotateZ-20260625-201219-downwardsrotatez_sb_baseline_s1,baseline,1,0,80,4.0,2.59661,0.5177,0.0,3.46901,0.0,6.58332,3682863
downwards_rotate,downwards_sensor_sweep_120-20260625-124815,TesolloDownwardsRotateZ,TesolloDownwardsRotateZ-20260625-201219-downwardsrotatez_sb_baseline_s1,baseline,1,0,81,4.05,2.81009,0.22198,0.0,3.49745,0.0,6.52952,3682863
downwards_rotate,downwards_sensor_sweep_120-20260625-124815,TesolloDownwardsRotateZ,TesolloDownwardsRotateZ-20260625-201219-downwardsrotatez_sb_baseline_s1,baseline,1,0,82,4.1,2.75681,0.0,1.48448,2.83859,0.0,7.07988,3682863
downwards_rotate,downwards_sensor_sweep_120-20260625-124815,TesolloDownwardsRotateZ,TesolloDownwardsRotateZ-20260625-201219-downwardsrotatez_sb_baseline_s1,baseline,1,0,83,4.15,2.50108,0.0,1.76569,2.88214,0.0,7.14891,3682863
downwards_rotate,downwards_sensor_sweep_120-20260625-124815,TesolloDownwardsRotateZ,TesolloDownwardsRotateZ-20260625-201219-downwardsrotatez_sb_baseline_s1,baseline,1,0,84,4.2,2.50035,0.0,1.70036,2.96186,0.0,7.16256,3682863
downwards_rotate,downwards_sensor_sweep_120-20260625-124815,TesolloDownwardsRotateZ,TesolloDownwardsRotateZ-20260625-201219-downwardsrotatez_sb_baseline_s1,baseline,1,0,85,4.25,2.49624,0.0,1.68468,3.12265,0.0,7.30357,3682863
downwards_rotate,downwards_sensor_sweep_120-20260625-124815,TesolloDownwardsRotateZ,TesolloDownwardsRotateZ-20260625-201219-downwardsrotatez_sb_baseline_s1,baseline,1,0,86,4.3,2.76873,0.0,1.68043,3.02466,0.0,7.47381,3682863
downwards_rotate,downwards_sensor_sweep_120-20260625-124815,TesolloDownwardsRotateZ,TesolloDownwardsRotateZ-20260625-201219-downwardsrotatez_sb_baseline_s1,baseline,1,0,87,4.35,2.57326,0.0,2.26168,2.99614,0.0,7.83108,3682863
downwards_rotate,downwards_sensor_sweep_120-20260625-124815,TesolloDownwardsRotateZ,TesolloDownwardsRotateZ-20260625-201219-downwardsrotatez_sb_baseline_s1,baseline,1,0,88,4.4,2.59215,0.0,1.75063,3.02316,0.0,7.36593,3682863
downwards_rotate,downwards_sensor_sweep_120-20260625-124815,TesolloDownwardsRotateZ,TesolloDownwardsRotateZ-20260625-201219-downwardsrotatez_sb_baseline_s1,baseline,1,0,89,4.45,2.49095,0.0,1.86228,3.0168,0.0,7.37003,3682863
downwards_rotate,downwards_sensor_sweep_120-20260625-124815,TesolloDownwardsRotateZ,TesolloDownwardsRotateZ-20260625-201219-downwardsrotatez_sb_baseline_s1,baseline,1,0,90,4.5,2.34489,0.0,1.82795,2.90082,0.0,7.07366,3682863
downwards_rotate,downwards_sensor_sweep_120-20260625-124815,TesolloDownwardsRotateZ,TesolloDownwardsRotateZ-20260625-201219-downwardsrotatez_sb_baseline_s1,baseline,1,0,91,4.55,2.27012,0.0,1.80205,2.84605,0.0,6.91823,3682863
downwards_rotate,downwards_sensor_sweep_120-20260625-124815,TesolloDownwardsRotateZ,TesolloDownwardsRotateZ-20260625-201219-downwardsrotatez_sb_baseline_s1,baseline,1,0,92,4.6,2.03026,0.0,1.58739,2.95721,0.0,6.57486,3682863
downwards_rotate,downwards_sensor_sweep_120-20260625-124815,TesolloDownwardsRotateZ,TesolloDownwardsRotateZ-20260625-201219-downwardsrotatez_sb_baseline_s1,baseline,1,0,93,4.65,2.11921,0.0,1.25072,3.13697,0.0,6.5069,3682863
downwards_rotate,downwards_sensor_sweep_120-20260625-124815,TesolloDownwardsRotateZ,TesolloDownwardsRotateZ-20260625-201219-downwardsrotatez_sb_baseline_s1,baseline,1,0,94,4.7,2.21835,0.0,0.0,3.65485,0.0,5.8732,3682863
downwards_rotate,downwards_sensor_sweep_120-20260625-124815,TesolloDownwardsRotateZ,TesolloDownwardsRotateZ-20260625-201219-downwardsrotatez_sb_baseline_s1,baseline,1,0,95,4.75,2.33805,0.0,0.0,3.5607,0.0,5.89875,3682863
downwards_rotate,downwards_sensor_sweep_120-20260625-124815,TesolloDownwardsRotateZ,TesolloDownwardsRotateZ-20260625-201219-downwardsrotatez_sb_baseline_s1,baseline,1,0,96,4.8,2.67933,0.52004,0.0,3.22906,0.0,6.42843,3682863
downwards_rotate,downwards_sensor_sweep_120-20260625-124815,TesolloDownwardsRotateZ,TesolloDownwardsRotateZ-20260625-201219-downwardsrotatez_sb_baseline_s1,baseline,1,0,97,4.85,2.72501,0.42056,0.0,3.33046,0.0,6.47603,3682863
downwards_rotate,downwards_sensor_sweep_120-20260625-124815,TesolloDownwardsRotateZ,TesolloDownwardsRotateZ-20260625-201219-downwardsrotatez_sb_baseline_s1,baseline,1,0,98,4.9,3.01733,0.25889,0.0,3.25705,0.0,6.53328,3682863
downwards_rotate,downwards_sensor_sweep_120-20260625-124815,TesolloDownwardsRotateZ,TesolloDownwardsRotateZ-20260625-201219-downwardsrotatez_sb_baseline_s1,baseline,1,0,99,4.95,2.75184,0.0,1.79518,2.89007,0.0,7.4371,3682863
downwards_rotate,downwards_sensor_sweep_120-20260625-124815,TesolloDownwardsRotateZ,TesolloDownwardsRotateZ-20260625-201219-downwardsrotatez_sb_baseline_s1,baseline,1,0,100,5.0,2.49062,0.0,1.95304,2.87293,0.0,7.31658,3682863
downwards_rotate,downwards_sensor_sweep_120-20260625-124815,TesolloDownwardsRotateZ,TesolloDownwardsRotateZ-20260625-201219-downwardsrotatez_sb_baseline_s1,baseline,1,0,101,5.05,2.40585,0.0,1.84426,2.99224,0.0,7.24234,3682863
downwards_rotate,downwards_sensor_sweep_120-20260625-124815,TesolloDownwardsRotateZ,TesolloDownwardsRotateZ-20260625-201219-downwardsrotatez_sb_baseline_s1,baseline,1,0,102,5.1,2.56636,0.0,1.80594,2.96773,0.0,7.34004,3682863
downwards_rotate,downwards_sensor_sweep_120-20260625-124815,TesolloDownwardsRotateZ,TesolloDownwardsRotateZ-20260625-201219-downwardsrotatez_sb_baseline_s1,baseline,1,0,103,5.15,2.65365,0.0,1.81212,3.0035,0.0,7.46928,3682863
downwards_rotate,downwards_sensor_sweep_120-20260625-124815,TesolloDownwardsRotateZ,TesolloDownwardsRotateZ-20260625-201219-downwardsrotatez_sb_baseline_s1,baseline,1,0,104,5.2,2.53612,0.0,2.29608,2.97795,0.0,7.81015,3682863
downwards_rotate,downwards_sensor_sweep_120-20260625-124815,TesolloDownwardsRotateZ,TesolloDownwardsRotateZ-20260625-201219-downwardsrotatez_sb_baseline_s1,baseline,1,0,105,5.25,2.48856,0.0,1.88457,3.00157,0.0,7.3747,3682863
downwards_rotate,downwards_sensor_sweep_120-20260625-124815,TesolloDownwardsRotateZ,TesolloDownwardsRotateZ-20260625-201219-downwardsrotatez_sb_baseline_s1,baseline,1,0,106,5.3,2.53123,0.0,1.986,2.84818,0.0,7.3654,3682863
downwards_rotate,downwards_sensor_sweep_120-20260625-124815,TesolloDownwardsRotateZ,TesolloDownwardsRotateZ-20260625-201219-downwardsrotatez_sb_baseline_s1,baseline,1,0,107,5.35,2.35078,0.0,2.01889,2.66319,0.0,7.03286,3682863
downwards_rotate,downwards_sensor_sweep_120-20260625-124815,TesolloDownwardsRotateZ,TesolloDownwardsRotateZ-20260625-201219-downwardsrotatez_sb_baseline_s1,baseline,1,0,108,5.4,2.20868,0.0,1.96791,2.70659,0.0,6.88318,3682863
downwards_rotate,downwards_sensor_sweep_120-20260625-124815,TesolloDownwardsRotateZ,TesolloDownwardsRotateZ-20260625-201219-downwardsrotatez_sb_baseline_s1,baseline,1,0,109,5.45,1.97742,0.0,1.67256,3.00094,0.0,6.65092,3682863
downwards_rotate,downwards_sensor_sweep_120-20260625-124815,TesolloDownwardsRotateZ,TesolloDownwardsRotateZ-20260625-201219-downwardsrotatez_sb_baseline_s1,baseline,1,0,110,5.5,2.27348,0.23876,0.88002,3.08039,0.0,6.47264,3682863
downwards_rotate,downwards_sensor_sweep_120-20260625-124815,TesolloDownwardsRotateZ,TesolloDownwardsRotateZ-20260625-201219-downwardsrotatez_sb_baseline_s1,baseline,1,0,111,5.55,2.23358,0.0,0.0,3.58152,0.0,5.8151,3682863
downwards_rotate,downwards_sensor_sweep_120-20260625-124815,TesolloDownwardsRotateZ,TesolloDownwardsRotateZ-20260625-201219-downwardsrotatez_sb_baseline_s1,baseline,1,0,112,5.6,2.20898,0.0,0.0,3.55397,0.0,5.76295,3682863
downwards_rotate,downwards_sensor_sweep_120-20260625-124815,TesolloDownwardsRotateZ,TesolloDownwardsRotateZ-20260625-201219-downwardsrotatez_sb_baseline_s1,baseline,1,0,113,5.65,2.11636,0.0,0.0,3.55825,0.0,5.67461,3682863
downwards_rotate,downwards_sensor_sweep_120-20260625-124815,TesolloDownwardsRotateZ,TesolloDownwardsRotateZ-20260625-201219-downwardsrotatez_sb_baseline_s1,baseline,1,0,114,5.7,2.31666,0.0,0.0,3.57354,0.0,5.8902,3682863
downwards_rotate,downwards_sensor_sweep_120-20260625-124815,TesolloDownwardsRotateZ,TesolloDownwardsRotateZ-20260625-201219-downwardsrotatez_sb_baseline_s1,baseline,1,0,115,5.75,2.54861,0.18861,0.0,3.61924,0.0,6.35646,3682863
downwards_rotate,downwards_sensor_sweep_120-20260625-124815,TesolloDownwardsRotateZ,TesolloDownwardsRotateZ-20260625-201219-downwardsrotatez_sb_baseline_s1,baseline,1,0,116,5.8,2.39777,0.0,1.67146,3.09319,0.0,7.16243,3682863
downwards_rotate,downwards_sensor_sweep_120-20260625-124815,TesolloDownwardsRotateZ,TesolloDownwardsRotateZ-20260625-201219-downwardsrotatez_sb_baseline_s1,baseline,1,0,117,5.85,2.10719,0.0,1.93374,3.11216,0.0,7.15309,3682863
downwards_rotate,downwards_sensor_sweep_120-20260625-124815,TesolloDownwardsRotateZ,TesolloDownwardsRotateZ-20260625-201219-downwardsrotatez_sb_baseline_s1,baseline,1,0,118,5.9,2.17948,0.0,2.0212,2.96441,0.0,7.16509,3682863
downwards_rotate,downwards_sensor_sweep_120-20260625-124815,TesolloDownwardsRotateZ,TesolloDownwardsRotateZ-20260625-201219-downwardsrotatez_sb_baseline_s1,baseline,1,0,119,5.95,2.29879,0.0,2.08084,2.89488,0.0,7.2745,3682863
downwards_rotate,downwards_sensor_sweep_120-20260625-124815,TesolloDownwardsRotateZ,TesolloDownwardsRotateZ-20260625-201219-downwardsrotatez_sb_baseline_s1,baseline,1,1,0,0.0,0.0,0.0,0.0,0.0,0.0,0.0,3682863
downwards_rotate,downwards_sensor_sweep_120-20260625-124815,TesolloDownwardsRotateZ,TesolloDownwardsRotateZ-20260625-201219-downwardsrotatez_sb_baseline_s1,baseline,1,1,1,0.05,0.0,0.0,0.0,0.0,0.0,0.0,3682863
downwards_rotate,downwards_sensor_sweep_120-20260625-124815,TesolloDownwardsRotateZ,TesolloDownwardsRotateZ-20260625-201219-downwardsrotatez_sb_baseline_s1,baseline,1,1,2,0.1,0.0,0.0,0.0,0.0,0.0,0.0,3682863
downwards_rotate,downwards_sensor_sweep_120-20260625-124815,TesolloDownwardsRotateZ,TesolloDownwardsRotateZ-20260625-201219-downwardsrotatez_sb_baseline_s1,baseline,1,1,3,0.15,0.0,0.0,0.0,0.0,2.04058,2.04058,3682863
downwards_rotate,downwards_sensor_sweep_120-20260625-124815,TesolloDownwardsRotateZ,TesolloDownwardsRotateZ-20260625-201219-downwardsrotatez_sb_baseline_s1,baseline,1,1,4,0.2,0.0,0.0,0.0,0.0,2.57152,2.57152,3682863
downwards_rotate,downwards_sensor_sweep_120-20260625-124815,TesolloDownwardsRotateZ,TesolloDownwardsRotateZ-20260625-201219-downwardsrotatez_sb_baseline_s1,baseline,1,1,5,0.25,0.0,0.0,0.0,0.0,0.88088,0.88088,3682863
downwards_rotate,downwards_sensor_sweep_120-20260625-124815,TesolloDownwardsRotateZ,TesolloDownwardsRotateZ-20260625-201219-downwardsrotatez_sb_baseline_s1,baseline,1,1,6,0.3,0.0,0.0,0.0,0.0,0.0,0.0,3682863
downwards_rotate,downwards_sensor_sweep_120-20260625-124815,TesolloDownwardsRotateZ,TesolloDownwardsRotateZ-20260625-201219-downwardsrotatez_sb_baseline_s1,baseline,1,1,7,0.35,2.92997,1.22594,0.0,2.67326,0.0,6.82917,3682863
downwards_rotate,downwards_sensor_sweep_120-20260625-124815,TesolloDownwardsRotateZ,TesolloDownwardsRotateZ-20260625-201219-downwardsrotatez_sb_baseline_s1,baseline,1,1,8,0.4,3.18285,0.79885,1.77148,2.55268,0.0,8.30586,3682863
downwards_rotate,downwards_sensor_sweep_120-20260625-124815,TesolloDownwardsRotateZ,TesolloDownwardsRotateZ-20260625-201219-downwardsrotatez_sb_baseline_s1,baseline,1,1,9,0.45,3.61755,0.0,1.88665,1.94532,0.0,7.44952,3682863
downwards_rotate,downwards_sensor_sweep_120-20260625-124815,TesolloDownwardsRotateZ,TesolloDownwardsRotateZ-20260625-201219-downwardsrotatez_sb_baseline_s1,baseline,1,1,10,0.5,2.95913,0.0,1.6004,2.62273,0.0,7.18225,3682863
downwards_rotate,downwards_sensor_sweep_120-20260625-124815,TesolloDownwardsRotateZ,TesolloDownwardsRotateZ-20260625-201219-downwardsrotatez_sb_baseline_s1,baseline,1,1,11,0.55,2.87677,0.0,1.46108,2.21967,0.0,6.55752,3682863
downwards_rotate,downwards_sensor_sweep_120-20260625-124815,TesolloDownwardsRotateZ,TesolloDownwardsRotateZ-20260625-201219-downwardsrotatez_sb_baseline_s1,baseline,1,1,12,0.6,2.44601,0.0,0.0,2.79332,0.0,5.23933,3682863
downwards_rotate,downwards_sensor_sweep_120-20260625-124815,TesolloDownwardsRotateZ,TesolloDownwardsRotateZ-20260625-201219-downwardsrotatez_sb_baseline_s1,baseline,1,1,13,0.65,2.68504,0.0,0.0,2.56914,0.0,5.25418,3682863
downwards_rotate,downwards_sensor_sweep_120-20260625-124815,TesolloDownwardsRotateZ,TesolloDownwardsRotateZ-20260625-201219-downwardsrotatez_sb_baseline_s1,baseline,1,1,14,0.7,2.40303,0.0,0.0,2.33665,0.0,4.73968,3682863
downwards_rotate,downwards_sensor_sweep_120-20260625-124815,TesolloDownwardsRotateZ,TesolloDownwardsRotateZ-20260625-201219-downwardsrotatez_sb_baseline_s1,baseline,1,1,15,0.75,2.52391,0.0,0.0,2.57355,0.0,5.09746,3682863
downwards_rotate,downwards_sensor_sweep_120-20260625-124815,TesolloDownwardsRotateZ,TesolloDownwardsRotateZ-20260625-201219-downwardsrotatez_sb_baseline_s1,baseline,1,1,16,0.8,1.92297,0.0,0.0,2.84362,0.0,4.76659,3682863
downwards_rotate,downwards_sensor_sweep_120-20260625-124815,TesolloDownwardsRotateZ,TesolloDownwardsRotateZ-20260625-201219-downwardsrotatez_sb_baseline_s1,baseline,1,1,17,0.85,1.87901,0.0,0.0,2.37553,0.0,4.25453,3682863
downwards_rotate,downwards_sensor_sweep_120-20260625-124815,TesolloDownwardsRotateZ,TesolloDownwardsRotateZ-20260625-201219-downwardsrotatez_sb_baseline_s1,baseline,1,1,18,0.9,0.0,0.0,1.37789,1.6792,0.0,3.05708,3682863
downwards_rotate,downwards_sensor_sweep_120-20260625-124815,TesolloDownwardsRotateZ,TesolloDownwardsRotateZ-20260625-201219-downwardsrotatez_sb_baseline_s1,baseline,1,1,19,0.95,0.0,0.0,1.45498,2.32127,0.0,3.77625,3682863
downwards_rotate,downwards_sensor_sweep_120-20260625-124815,TesolloDownwardsRotateZ,TesolloDownwardsRotateZ-20260625-201219-downwardsrotatez_sb_baseline_s1,baseline,1,1,20,1.0,0.75603,0.0,0.93801,2.55313,0.0,4.24716,3682863
downwards_rotate,downwards_sensor_sweep_120-20260625-124815,TesolloDownwardsRotateZ,TesolloDownwardsRotateZ-20260625-201219-downwardsrotatez_sb_baseline_s1,baseline,1,1,21,1.05,1.03398,0.0,0.87586,2.70545,0.0,4.61529,3682863
downwards_rotate,downwards_sensor_sweep_120-20260625-124815,TesolloDownwardsRotateZ,TesolloDownwardsRotateZ-20260625-201219-downwardsrotatez_sb_baseline_s1,baseline,1,1,22,1.1,1.35015,0.0,0.0,3.10178,0.0,4.45192,3682863
downwards_rotate,downwards_sensor_sweep_120-20260625-124815,TesolloDownwardsRotateZ,TesolloDownwardsRotateZ-20260625-201219-downwardsrotatez_sb_baseline_s1,baseline,1,1,23,1.15,1.83704,0.0,1.09837,2.44376,0.0,5.37917,3682863
downwards_rotate,downwards_sensor_sweep_120-20260625-124815,TesolloDownwardsRotateZ,TesolloDownwardsRotateZ-20260625-201219-downwardsrotatez_sb_baseline_s1,baseline,1,1,24,1.2,1.99479,0.0,0.95235,2.52315,0.0,5.47029,3682863
downwards_rotate,downwards_sensor_sweep_120-20260625-124815,TesolloDownwardsRotateZ,TesolloDownwardsRotateZ-20260625-201219-downwardsrotatez_sb_baseline_s1,baseline,1,1,25,1.25,2.40674,0.0,0.99929,2.76976,0.0,6.17578,3682863
downwards_rotate,downwards_sensor_sweep_120-20260625-124815,TesolloDownwardsRotateZ,TesolloDownwardsRotateZ-20260625-201219-downwardsrotatez_sb_baseline_s1,baseline,1,1,26,1.3,2.35699,0.0,1.43806,2.93982,0.0,6.73488,3682863
downwards_rotate,downwards_sensor_sweep_120-20260625-124815,TesolloDownwardsRotateZ,TesolloDownwardsRotateZ-20260625-201219-downwardsrotatez_sb_baseline_s1,baseline,1,1,27,1.35,2.25846,0.12208,1.4635,2.88169,0.0,6.72573,3682863
downwards_rotate,downwards_sensor_sweep_120-20260625-124815,TesolloDownwardsRotateZ,TesolloDownwardsRotateZ-20260625-201219-downwardsrotatez_sb_baseline_s1,baseline,1,1,28,1.4,2.39085,0.0,1.57559,2.71052,0.0,6.67697,3682863
downwards_rotate,downwards_sensor_sweep_120-20260625-124815,TesolloDownwardsRotateZ,TesolloDownwardsRotateZ-20260625-201219-downwardsrotatez_sb_baseline_s1,baseline,1,1,29,1.45,2.51376,0.02585,1.24606,2.50969,0.0,6.29537,3682863
downwards_rotate,downwards_sensor_sweep_120-20260625-124815,TesolloDownwardsRotateZ,TesolloDownwardsRotateZ-20260625-201219-downwardsrotatez_sb_baseline_s1,baseline,1,1,30,1.5,2.97655,0.0,0.41235,2.7997,0.0,6.18861,3682863
downwards_rotate,downwards_sensor_sweep_120-20260625-124815,TesolloDownwardsRotateZ,TesolloDownwardsRotateZ-20260625-201219-downwardsrotatez_sb_baseline_s1,baseline,1,1,31,1.55,3.19163,0.31149,0.0,3.0242,0.0,6.52732,3682863
downwards_rotate,downwards_sensor_sweep_120-20260625-124815,TesolloDownwardsRotateZ,TesolloDownwardsRotateZ-20260625-201219-downwardsrotatez_sb_baseline_s1,baseline,1,1,32,1.6,3.01294,0.0,0.0,3.53215,0.0,6.54509,3682863
downwards_rotate,downwards_sensor_sweep_120-20260625-124815,TesolloDownwardsRotateZ,TesolloDownwardsRotateZ-20260625-201219-downwardsrotatez_sb_baseline_s1,baseline,1,1,33,1.65,3.62297,0.0,0.0,3.10456,0.0,6.72753,3682863
downwards_rotate,downwards_sensor_sweep_120-20260625-124815,TesolloDownwardsRotateZ,TesolloDownwardsRotateZ-20260625-201219-downwardsrotatez_sb_baseline_s1,baseline,1,1,34,1.7,3.53459,0.0,0.0,3.37156,0.0,6.90615,3682863
downwards_rotate,downwards_sensor_sweep_120-20260625-124815,TesolloDownwardsRotateZ,TesolloDownwardsRotateZ-20260625-201219-downwardsrotatez_sb_baseline_s1,baseline,1,1,35,1.75,2.95069,0.0,0.85833,2.62011,0.0,6.42913,3682863
downwards_rotate,downwards_sensor_sweep_120-20260625-124815,TesolloDownwardsRotateZ,TesolloDownwardsRotateZ-20260625-201219-downwardsrotatez_sb_baseline_s1,baseline,1,1,36,1.8,2.94065,0.0,0.96,2.58335,0.0,6.48401,3682863
downwards_rotate,downwards_sensor_sweep_120-20260625-124815,TesolloDownwardsRotateZ,TesolloDownwardsRotateZ-20260625-201219-downwardsrotatez_sb_baseline_s1,baseline,1,1,37,1.85,3.13294,0.0,0.77797,2.71702,0.0,6.62792,3682863
downwards_rotate,downwards_sensor_sweep_120-20260625-124815,TesolloDownwardsRotateZ,TesolloDownwardsRotateZ-20260625-201219-downwardsrotatez_sb_baseline_s1,baseline,1,1,38,1.9,3.16548,0.0,0.79022,2.81196,0.0,6.76766,3682863
downwards_rotate,downwards_sensor_sweep_120-20260625-124815,TesolloDownwardsRotateZ,TesolloDownwardsRotateZ-20260625-201219-downwardsrotatez_sb_baseline_s1,baseline,1,1,39,1.95,2.91535,0.0,0.4319,3.99357,0.0,7.34082,3682863
downwards_rotate,downwards_sensor_sweep_120-20260625-124815,TesolloDownwardsRotateZ,TesolloDownwardsRotateZ-20260625-201219-downwardsrotatez_sb_baseline_s1,baseline,1,1,40,2.0,2.87359,0.0,1.31381,2.41053,0.0,6.59793,3682863
downwards_rotate,downwards_sensor_sweep_120-20260625-124815,TesolloDownwardsRotateZ,TesolloDownwardsRotateZ-20260625-201219-downwardsrotatez_sb_baseline_s1,baseline,1,1,41,2.05,2.82751,0.0,1.10256,2.69734,0.0,6.6274,3682863
downwards_rotate,downwards_sensor_sweep_120-20260625-124815,TesolloDownwardsRotateZ,TesolloDownwardsRotateZ-20260625-201219-downwardsrotatez_sb_baseline_s1,baseline,1,1,42,2.1,2.70729,0.0,1.06396,2.81104,0.0,6.58228,3682863
downwards_rotate,downwards_sensor_sweep_120-20260625-124815,TesolloDownwardsRotateZ,TesolloDownwardsRotateZ-20260625-201219-downwardsrotatez_sb_baseline_s1,baseline,1,1,43,2.15,2.61119,0.0,1.05039,2.88994,0.0,6.55152,3682863
downwards_rotate,downwards_sensor_sweep_120-20260625-124815,TesolloDownwardsRotateZ,TesolloDownwardsRotateZ-20260625-201219-downwardsrotatez_sb_baseline_s1,baseline,1,1,44,2.2,2.51724,0.0,1.05493,2.94699,0.0,6.51917,3682863
downwards_rotate,downwards_sensor_sweep_120-20260625-124815,TesolloDownwardsRotateZ,TesolloDownwardsRotateZ-20260625-201219-downwardsrotatez_sb_baseline_s1,baseline,1,1,45,2.25,2.48689,0.0,0.0,3.97414,0.0,6.46103,3682863
downwards_rotate,downwards_sensor_sweep_120-20260625-124815,TesolloDownwardsRotateZ,TesolloDownwardsRotateZ-20260625-201219-downwardsrotatez_sb_baseline_s1,baseline,1,1,46,2.3,2.67774,0.0,1.38672,2.54095,0.0,6.60541,3682863
downwards_rotate,downwards_sensor_sweep_120-20260625-124815,TesolloDownwardsRotateZ,TesolloDownwardsRotateZ-20260625-201219-downwardsrotatez_sb_baseline_s1,baseline,1,1,47,2.35,2.40515,0.0,1.20635,2.6964,0.0,6.3079,3682863
downwards_rotate,downwards_sensor_sweep_120-20260625-124815,TesolloDownwardsRotateZ,TesolloDownwardsRotateZ-20260625-201219-downwardsrotatez_sb_baseline_s1,baseline,1,1,48,2.4,2.12353,0.0,1.15406,2.77796,0.0,6.05554,3682863
downwards_rotate,downwards_sensor_sweep_120-20260625-124815,TesolloDownwardsRotateZ,TesolloDownwardsRotateZ-20260625-201219-downwardsrotatez_sb_baseline_s1,baseline,1,1,49,2.45,2.48228,0.0,0.54289,3.11232,0.0,6.13749,3682863
downwards_rotate,downwards_sensor_sweep_120-20260625-124815,TesolloDownwardsRotateZ,TesolloDownwardsRotateZ-20260625-201219-downwardsrotatez_sb_baseline_s1,baseline,1,1,50,2.5,2.82618,0.30482,0.0,3.02147,0.0,6.15247,3682863
downwards_rotate,downwards_sensor_sweep_120-20260625-124815,TesolloDownwardsRotateZ,TesolloDownwardsRotateZ-20260625-201219-downwardsrotatez_sb_baseline_s1,baseline,1,1,51,2.55,2.64315,0.0,0.0,3.66077,0.0,6.30392,3682863
downwards_rotate,downwards_sensor_sweep_120-20260625-124815,TesolloDownwardsRotateZ,TesolloDownwardsRotateZ-20260625-201219-downwardsrotatez_sb_baseline_s1,baseline,1,1,52,2.6,2.86753,0.44398,0.0,3.29102,0.0,6.60253,3682863
downwards_rotate,downwards_sensor_sweep_120-20260625-124815,TesolloDownwardsRotateZ,TesolloDownwardsRotateZ-20260625-201219-downwardsrotatez_sb_baseline_s1,baseline,1,1,53,2.65,3.08558,0.0,0.0,3.61278,0.0,6.69836,3682863
downwards_rotate,downwards_sensor_sweep_120-20260625-124815,TesolloDownwardsRotateZ,TesolloDownwardsRotateZ-20260625-201219-downwardsrotatez_sb_baseline_s1,baseline,1,1,54,2.7,2.5614,0.0,0.0,4.36332,0.0,6.92471,3682863
downwards_rotate,downwards_sensor_sweep_120-20260625-124815,TesolloDownwardsRotateZ,TesolloDownwardsRotateZ-20260625-201219-downwardsrotatez_sb_baseline_s1,baseline,1,1,55,2.75,2.50556,0.0,0.63609,3.06626,0.0,6.20791,3682863
downwards_rotate,downwards_sensor_sweep_120-20260625-124815,TesolloDownwardsRotateZ,TesolloDownwardsRotateZ-20260625-201219-downwardsrotatez_sb_baseline_s1,baseline,1,1,56,2.8,2.80479,0.0,0.63337,2.91789,0.0,6.35605,3682863
downwards_rotate,downwards_sensor_sweep_120-20260625-124815,TesolloDownwardsRotateZ,TesolloDownwardsRotateZ-20260625-201219-downwardsrotatez_sb_baseline_s1,baseline,1,1,57,2.85,2.91375,0.0,0.64663,2.92661,0.0,6.48699,3682863
downwards_rotate,downwards_sensor_sweep_120-20260625-124815,TesolloDownwardsRotateZ,TesolloDownwardsRotateZ-20260625-201219-downwardsrotatez_sb_baseline_s1,baseline,1,1,58,2.9,2.60204,0.0,0.0,4.06592,0.0,6.66796,3682863
downwards_rotate,downwards_sensor_sweep_120-20260625-124815,TesolloDownwardsRotateZ,TesolloDownwardsRotateZ-20260625-201219-downwardsrotatez_sb_baseline_s1,baseline,1,1,59,2.95,3.08775,0.0,0.74899,2.80095,0.0,6.63769,3682863
downwards_rotate,downwards_sensor_sweep_120-20260625-124815,TesolloDownwardsRotateZ,TesolloDownwardsRotateZ-20260625-201219-downwardsrotatez_sb_baseline_s1,baseline,1,1,60,3.0,2.89523,0.0,0.77502,2.93993,0.0,6.61017,3682863
downwards_rotate,downwards_sensor_sweep_120-20260625-124815,TesolloDownwardsRotateZ,TesolloDownwardsRotateZ-20260625-201219-downwardsrotatez_sb_baseline_s1,baseline,1,1,61,3.05,2.5702,0.0,0.80862,2.96136,0.0,6.34018,3682863
downwards_rotate,downwards_sensor_sweep_120-20260625-124815,TesolloDownwardsRotateZ,TesolloDownwardsRotateZ-20260625-201219-downwardsrotatez_sb_baseline_s1,baseline,1,1,62,3.1,2.19476,0.0,0.79132,3.01161,0.0,5.99769,3682863
downwards_rotate,downwards_sensor_sweep_120-20260625-124815,TesolloDownwardsRotateZ,TesolloDownwardsRotateZ-20260625-201219-downwardsrotatez_sb_baseline_s1,baseline,1,1,63,3.15,1.64438,0.0,0.83712,3.01172,0.0,5.49322,3682863
downwards_rotate,downwards_sensor_sweep_120-20260625-124815,TesolloDownwardsRotateZ,TesolloDownwardsRotateZ-20260625-201219-downwardsrotatez_sb_baseline_s1,baseline,1,1,64,3.2,1.80366,0.0,0.85422,2.61554,0.0,5.27342,3682863
downwards_rotate,downwards_sensor_sweep_120-20260625-124815,TesolloDownwardsRotateZ,TesolloDownwardsRotateZ-20260625-201219-downwardsrotatez_sb_baseline_s1,baseline,1,1,65,3.25,2.14714,0.0,0.27825,2.89077,0.0,5.31616,3682863
downwards_rotate,downwards_sensor_sweep_120-20260625-124815,TesolloDownwardsRotateZ,TesolloDownwardsRotateZ-20260625-201219-downwardsrotatez_sb_baseline_s1,baseline,1,1,66,3.3,2.68681,0.07046,0.0,2.69073,0.0,5.44799,3682863
downwards_rotate,downwards_sensor_sweep_120-20260625-124815,TesolloDownwardsRotateZ,TesolloDownwardsRotateZ-20260625-201219-downwardsrotatez_sb_baseline_s1,baseline,1,1,67,3.35,2.44703,0.0,0.0,3.25803,0.0,5.70506,3682863
downwards_rotate,downwards_sensor_sweep_120-20260625-124815,TesolloDownwardsRotateZ,TesolloDownwardsRotateZ-20260625-201219-downwardsrotatez_sb_baseline_s1,baseline,1,1,68,3.4,2.36401,0.0,0.0,3.4583,0.0,5.82231,3682863
downwards_rotate,downwards_sensor_sweep_120-20260625-124815,TesolloDownwardsRotateZ,TesolloDownwardsRotateZ-20260625-201219-downwardsrotatez_sb_baseline_s1,baseline,1,1,69,3.45,2.35701,0.0,0.0,3.99285,0.0,6.34987,3682863
downwards_rotate,downwards_sensor_sweep_120-20260625-124815,TesolloDownwardsRotateZ,TesolloDownwardsRotateZ-20260625-201219-downwardsrotatez_sb_baseline_s1,baseline,1,1,70,3.5,2.54032,0.0,0.0,4.34644,0.0,6.88677,3682863
downwards_rotate,downwards_sensor_sweep_120-20260625-124815,TesolloDownwardsRotateZ,TesolloDownwardsRotateZ-20260625-201219-downwardsrotatez_sb_baseline_s1,baseline,1,1,71,3.55,2.5028,0.0,0.0,3.12205,0.0,5.62484,3682863
downwards_rotate,downwards_sensor_sweep_120-20260625-124815,TesolloDownwardsRotateZ,TesolloDownwardsRotateZ-20260625-201219-downwardsrotatez_sb_baseline_s1,baseline,1,1,72,3.6,2.56249,0.0,0.67718,2.99312,0.0,6.2328,3682863
downwards_rotate,downwards_sensor_sweep_120-20260625-124815,TesolloDownwardsRotateZ,TesolloDownwardsRotateZ-20260625-201219-downwardsrotatez_sb_baseline_s1,baseline,1,1,73,3.65,2.56254,0.0,0.67191,3.04925,0.0,6.28371,3682863
downwards_rotate,downwards_sensor_sweep_120-20260625-124815,TesolloDownwardsRotateZ,TesolloDownwardsRotateZ-20260625-201219-downwardsrotatez_sb_baseline_s1,baseline,1,1,74,3.7,2.54569,0.0,0.66992,3.10555,0.0,6.32116,3682863
downwards_rotate,downwards_sensor_sweep_120-20260625-124815,TesolloDownwardsRotateZ,TesolloDownwardsRotateZ-20260625-201219-downwardsrotatez_sb_baseline_s1,baseline,1,1,75,3.75,2.4289,0.0,0.0,4.20996,0.0,6.63886,3682863
downwards_rotate,downwards_sensor_sweep_120-20260625-124815,TesolloDownwardsRotateZ,TesolloDownwardsRotateZ-20260625-201219-downwardsrotatez_sb_baseline_s1,baseline,1,1,76,3.8,2.19983,0.0,0.76865,2.86298,0.0,5.83147,3682863
downwards_rotate,downwards_sensor_sweep_120-20260625-124815,TesolloDownwardsRotateZ,TesolloDownwardsRotateZ-20260625-201219-downwardsrotatez_sb_baseline_s1,baseline,1,1,77,3.85,2.00856,0.0,0.69391,3.03681,0.0,5.73928,3682863
downwards_rotate,downwards_sensor_sweep_120-20260625-124815,TesolloDownwardsRotateZ,TesolloDownwardsRotateZ-20260625-201219-downwardsrotatez_sb_baseline_s1,baseline,1,1,78,3.9,1.76611,0.0,0.69174,3.0646,0.0,5.52245,3682863
downwards_rotate,downwards_sensor_sweep_120-20260625-124815,TesolloDownwardsRotateZ,TesolloDownwardsRotateZ-20260625-201219-downwardsrotatez_sb_baseline_s1,baseline,1,1,79,3.95,1.29903,0.0,0.70171,3.14734,0.0,5.14808,3682863
downwards_rotate,downwards_sensor_sweep_120-20260625-124815,TesolloDownwardsRotateZ,TesolloDownwardsRotateZ-20260625-201219-downwardsrotatez_sb_baseline_s1,baseline,1,1,80,4.0,1.55938,0.0,0.0,3.51223,0.0,5.07161,3682863
downwards_rotate,downwards_sensor_sweep_120-20260625-124815,TesolloDownwardsRotateZ,TesolloDownwardsRotateZ-20260625-201219-downwardsrotatez_sb_baseline_s1,baseline,1,1,81,4.05,2.06957,0.0,0.0,3.63768,0.0,5.70725,3682863
downwards_rotate,downwards_sensor_sweep_120-20260625-124815,TesolloDownwardsRotateZ,TesolloDownwardsRotateZ-20260625-201219-downwardsrotatez_sb_baseline_s1,baseline,1,1,82,4.1,2.47196,0.36158,0.0,3.10635,0.0,5.93989,3682863
downwards_rotate,downwards_sensor_sweep_120-20260625-124815,TesolloDownwardsRotateZ,TesolloDownwardsRotateZ-20260625-201219-downwardsrotatez_sb_baseline_s1,baseline,1,1,83,4.15,2.26544,0.0,0.0,3.41681,0.0,5.68225,3682863
downwards_rotate,downwards_sensor_sweep_120-20260625-124815,TesolloDownwardsRotateZ,TesolloDownwardsRotateZ-20260625-201219-downwardsrotatez_sb_baseline_s1,baseline,1,1,84,4.2,2.21986,0.0,0.0,3.12489,0.0,5.34476,3682863
downwards_rotate,downwards_sensor_sweep_120-20260625-124815,TesolloDownwardsRotateZ,TesolloDownwardsRotateZ-20260625-201219-downwardsrotatez_sb_baseline_s1,baseline,1,1,85,4.25,2.34554,0.0,0.0,3.50359,0.0,5.84913,3682863
downwards_rotate,downwards_sensor_sweep_120-20260625-124815,TesolloDownwardsRotateZ,TesolloDownwardsRotateZ-20260625-201219-downwardsrotatez_sb_baseline_s1,baseline,1,1,86,4.3,2.55635,0.0,0.0,4.39751,0.0,6.95386,3682863
downwards_rotate,downwards_sensor_sweep_120-20260625-124815,TesolloDownwardsRotateZ,TesolloDownwardsRotateZ-20260625-201219-downwardsrotatez_sb_baseline_s1,baseline,1,1,87,4.35,2.54253,0.0,0.64425,3.00328,0.0,6.19006,3682863
downwards_rotate,downwards_sensor_sweep_120-20260625-124815,TesolloDownwardsRotateZ,TesolloDownwardsRotateZ-20260625-201219-downwardsrotatez_sb_baseline_s1,baseline,1,1,88,4.4,2.52171,0.0,0.70505,3.00164,0.0,6.2284,3682863
downwards_rotate,downwards_sensor_sweep_120-20260625-124815,TesolloDownwardsRotateZ,TesolloDownwardsRotateZ-20260625-201219-downwardsrotatez_sb_baseline_s1,baseline,1,1,89,4.45,2.41296,0.0,0.69255,3.09813,0.0,6.20364,3682863
downwards_rotate,downwards_sensor_sweep_120-20260625-124815,TesolloDownwardsRotateZ,TesolloDownwardsRotateZ-20260625-201219-downwardsrotatez_sb_baseline_s1,baseline,1,1,90,4.5,2.26342,0.0,0.68046,3.13518,0.0,6.07906,3682863
downwards_rotate,downwards_sensor_sweep_120-20260625-124815,TesolloDownwardsRotateZ,TesolloDownwardsRotateZ-20260625-201219-downwardsrotatez_sb_baseline_s1,baseline,1,1,91,4.55,2.3823,0.0,0.72404,2.38591,0.0,5.49224,3682863
downwards_rotate,downwards_sensor_sweep_120-20260625-124815,TesolloDownwardsRotateZ,TesolloDownwardsRotateZ-20260625-201219-downwardsrotatez_sb_baseline_s1,baseline,1,1,92,4.6,1.92096,0.0,0.74028,2.99425,0.0,5.65549,3682863
downwards_rotate,downwards_sensor_sweep_120-20260625-124815,TesolloDownwardsRotateZ,TesolloDownwardsRotateZ-20260625-201219-downwardsrotatez_sb_baseline_s1,baseline,1,1,93,4.65,1.85255,0.0,0.76148,3.11367,0.0,5.72771,3682863
downwards_rotate,downwards_sensor_sweep_120-20260625-124815,TesolloDownwardsRotateZ,TesolloDownwardsRotateZ-20260625-201219-downwardsrotatez_sb_baseline_s1,baseline,1,1,94,4.7,1.61677,0.0,0.77758,3.18307,0.0,5.57742,3682863
downwards_rotate,downwards_sensor_sweep_120-20260625-124815,TesolloDownwardsRotateZ,TesolloDownwardsRotateZ-20260625-201219-downwardsrotatez_sb_baseline_s1,baseline,1,1,95,4.75,1.47596,0.0,0.71967,3.14507,0.0,5.3407,3682863
downwards_rotate,downwards_sensor_sweep_120-20260625-124815,TesolloDownwardsRotateZ,TesolloDownwardsRotateZ-20260625-201219-downwardsrotatez_sb_baseline_s1,baseline,1,1,96,4.8,1.58607,0.0,0.23923,3.31365,0.0,5.13894,3682863
downwards_rotate,downwards_sensor_sweep_120-20260625-124815,TesolloDownwardsRotateZ,TesolloDownwardsRotateZ-20260625-201219-downwardsrotatez_sb_baseline_s1,baseline,1,1,97,4.85,1.80656,0.0,0.0,3.139,0.0,4.94556,3682863
downwards_rotate,downwards_sensor_sweep_120-20260625-124815,TesolloDownwardsRotateZ,TesolloDownwardsRotateZ-20260625-201219-downwardsrotatez_sb_baseline_s1,baseline,1,1,98,4.9,1.83715,0.0,0.0,3.13893,0.0,4.97608,3682863
downwards_rotate,downwards_sensor_sweep_120-20260625-124815,TesolloDownwardsRotateZ,TesolloDownwardsRotateZ-20260625-201219-downwardsrotatez_sb_baseline_s1,baseline,1,1,99,4.95,1.83669,0.0,0.0,3.44445,0.0,5.28114,3682863
downwards_rotate,downwards_sensor_sweep_120-20260625-124815,TesolloDownwardsRotateZ,TesolloDownwardsRotateZ-20260625-201219-downwardsrotatez_sb_baseline_s1,baseline,1,1,100,5.0,1.90633,0.26083,0.0,3.21322,0.0,5.38039,3682863
downwards_rotate,downwards_sensor_sweep_120-20260625-124815,TesolloDownwardsRotateZ,TesolloDownwardsRotateZ-20260625-201219-downwardsrotatez_sb_baseline_s1,baseline,1,1,101,5.05,2.3175,0.14506,0.0,3.55459,0.0,6.01715,3682863
downwards_rotate,downwards_sensor_sweep_120-20260625-124815,TesolloDownwardsRotateZ,TesolloDownwardsRotateZ-20260625-201219-downwardsrotatez_sb_baseline_s1,baseline,1,1,102,5.1,2.37491,0.0,0.47835,3.07657,0.0,5.92982,3682863
downwards_rotate,downwards_sensor_sweep_120-20260625-124815,TesolloDownwardsRotateZ,TesolloDownwardsRotateZ-20260625-201219-downwardsrotatez_sb_baseline_s1,baseline,1,1,103,5.15,2.1399,0.0,0.65915,3.11943,0.0,5.91849,3682863
downwards_rotate,downwards_sensor_sweep_120-20260625-124815,TesolloDownwardsRotateZ,TesolloDownwardsRotateZ-20260625-201219-downwardsrotatez_sb_baseline_s1,baseline,1,1,104,5.2,1.83369,0.0,0.78297,2.47029,0.0,5.08696,3682863
downwards_rotate,downwards_sensor_sweep_120-20260625-124815,TesolloDownwardsRotateZ,TesolloDownwardsRotateZ-20260625-201219-downwardsrotatez_sb_baseline_s1,baseline,1,1,105,5.25,1.9365,0.0,0.72377,2.93918,0.0,5.59945,3682863
downwards_rotate,downwards_sensor_sweep_120-20260625-124815,TesolloDownwardsRotateZ,TesolloDownwardsRotateZ-20260625-201219-downwardsrotatez_sb_baseline_s1,baseline,1,1,106,5.3,1.67117,0.0,0.70939,3.11928,0.0,5.49984,3682863
downwards_rotate,downwards_sensor_sweep_120-20260625-124815,TesolloDownwardsRotateZ,TesolloDownwardsRotateZ-20260625-201219-downwardsrotatez_sb_baseline_s1,baseline,1,1,107,5.35,1.53826,0.0,0.69362,3.22516,0.0,5.45703,3682863
downwards_rotate,downwards_sensor_sweep_120-20260625-124815,TesolloDownwardsRotateZ,TesolloDownwardsRotateZ-20260625-201219-downwardsrotatez_sb_baseline_s1,baseline,1,1,108,5.4,1.64525,0.0,0.89987,2.86934,0.0,5.41446,3682863
downwards_rotate,downwards_sensor_sweep_120-20260625-124815,TesolloDownwardsRotateZ,TesolloDownwardsRotateZ-20260625-201219-downwardsrotatez_sb_baseline_s1,baseline,1,1,109,5.45,1.59349,0.0,0.82208,3.08958,0.0,5.50515,3682863
downwards_rotate,downwards_sensor_sweep_120-20260625-124815,TesolloDownwardsRotateZ,TesolloDownwardsRotateZ-20260625-201219-downwardsrotatez_sb_baseline_s1,baseline,1,1,110,5.5,1.44006,0.0,0.81369,3.18182,0.0,5.43557,3682863
downwards_rotate,downwards_sensor_sweep_120-20260625-124815,TesolloDownwardsRotateZ,TesolloDownwardsRotateZ-20260625-201219-downwardsrotatez_sb_baseline_s1,baseline,1,1,111,5.55,1.90367,0.0,0.0,3.39721,0.0,5.30088,3682863
downwards_rotate,downwards_sensor_sweep_120-20260625-124815,TesolloDownwardsRotateZ,TesolloDownwardsRotateZ-20260625-201219-downwardsrotatez_sb_baseline_s1,baseline,1,1,112,5.6,1.89215,0.0,0.0,3.29324,0.0,5.1854,3682863
downwards_rotate,downwards_sensor_sweep_120-20260625-124815,TesolloDownwardsRotateZ,TesolloDownwardsRotateZ-20260625-201219-downwardsrotatez_sb_baseline_s1,baseline,1,1,113,5.65,1.67431,0.09434,0.0,3.3107,0.0,5.07935,3682863
downwards_rotate,downwards_sensor_sweep_120-20260625-124815,TesolloDownwardsRotateZ,TesolloDownwardsRotateZ-20260625-201219-downwardsrotatez_sb_baseline_s1,baseline,1,1,114,5.7,1.91786,0.0,0.0,3.27509,0.0,5.19295,3682863
downwards_rotate,downwards_sensor_sweep_120-20260625-124815,TesolloDownwardsRotateZ,TesolloDownwardsRotateZ-20260625-201219-downwardsrotatez_sb_baseline_s1,baseline,1,1,115,5.75,1.83862,0.0,0.0,3.60091,0.0,5.43953,3682863
downwards_rotate,downwards_sensor_sweep_120-20260625-124815,TesolloDownwardsRotateZ,TesolloDownwardsRotateZ-20260625-201219-downwardsrotatez_sb_baseline_s1,baseline,1,1,116,5.8,1.89264,0.0,0.0,3.71931,0.0,5.61196,3682863
downwards_rotate,downwards_sensor_sweep_120-20260625-124815,TesolloDownwardsRotateZ,TesolloDownwardsRotateZ-20260625-201219-downwardsrotatez_sb_baseline_s1,baseline,1,1,117,5.85,1.89087,0.0,0.6083,2.97022,0.0,5.46938,3682863
downwards_rotate,downwards_sensor_sweep_120-20260625-124815,TesolloDownwardsRotateZ,TesolloDownwardsRotateZ-20260625-201219-downwardsrotatez_sb_baseline_s1,baseline,1,1,118,5.9,1.44003,0.0,0.71026,2.9045,0.0,5.05479,3682863
downwards_rotate,downwards_sensor_sweep_120-20260625-124815,TesolloDownwardsRotateZ,TesolloDownwardsRotateZ-20260625-201219-downwardsrotatez_sb_baseline_s1,baseline,1,1,119,5.95,1.22228,0.0,0.69644,3.00182,0.0,4.92054,3682863
downwards_rotate,downwards_sensor_sweep_120-20260625-124815,TesolloDownwardsRotateZ,TesolloDownwardsRotateZ-20260625-201219-downwardsrotatez_sb_baseline_s1,baseline,1,2,0,0.0,0.0,0.0,0.0,0.0,0.0,0.0,3682863
downwards_rotate,downwards_sensor_sweep_120-20260625-124815,TesolloDownwardsRotateZ,TesolloDownwardsRotateZ-20260625-201219-downwardsrotatez_sb_baseline_s1,baseline,1,2,1,0.05,0.0,0.0,0.0,0.0,0.0,0.0,3682863
downwards_rotate,downwards_sensor_sweep_120-20260625-124815,TesolloDownwardsRotateZ,TesolloDownwardsRotateZ-20260625-201219-downwardsrotatez_sb_baseline_s1,baseline,1,2,2,0.1,0.0,0.0,0.0,0.0,0.0,0.0,3682863
downwards_rotate,downwards_sensor_sweep_120-20260625-124815,TesolloDownwardsRotateZ,TesolloDownwardsRotateZ-20260625-201219-downwardsrotatez_sb_baseline_s1,baseline,1,2,3,0.15,0.0,0.0,0.0,0.0,2.9952,2.9952,3682863
downwards_rotate,downwards_sensor_sweep_120-20260625-124815,TesolloDownwardsRotateZ,TesolloDownwardsRotateZ-20260625-201219-downwardsrotatez_sb_baseline_s1,baseline,1,2,4,0.2,0.0,0.0,0.0,0.0,2.36154,2.36154,3682863
downwards_rotate,downwards_sensor_sweep_120-20260625-124815,TesolloDownwardsRotateZ,TesolloDownwardsRotateZ-20260625-201219-downwardsrotatez_sb_baseline_s1,baseline,1,2,5,0.25,0.0,0.0,0.0,0.0,0.0,0.0,3682863
downwards_rotate,downwards_sensor_sweep_120-20260625-124815,TesolloDownwardsRotateZ,TesolloDownwardsRotateZ-20260625-201219-downwardsrotatez_sb_baseline_s1,baseline,1,2,6,0.3,0.0,0.0,0.0,0.0,0.0,0.0,3682863
downwards_rotate,downwards_sensor_sweep_120-20260625-124815,TesolloDownwardsRotateZ,TesolloDownwardsRotateZ-20260625-201219-downwardsrotatez_sb_baseline_s1,baseline,1,2,7,0.35,0.0,2.21843,1.57296,2.31235,0.0,6.10374,3682863
downwards_rotate,downwards_sensor_sweep_120-20260625-124815,TesolloDownwardsRotateZ,TesolloDownwardsRotateZ-20260625-201219-downwardsrotatez_sb_baseline_s1,baseline,1,2,8,0.4,3.14916,1.88492,2.37458,1.90053,0.0,9.30918,3682863
downwards_rotate,downwards_sensor_sweep_120-20260625-124815,TesolloDownwardsRotateZ,TesolloDownwardsRotateZ-20260625-201219-downwardsrotatez_sb_baseline_s1,baseline,1,2,9,0.45,2.88033,1.7333,2.27365,1.88898,0.0,8.77626,3682863
downwards_rotate,downwards_sensor_sweep_120-20260625-124815,TesolloDownwardsRotateZ,TesolloDownwardsRotateZ-20260625-201219-downwardsrotatez_sb_baseline_s1,baseline,1,2,10,0.5,2.70509,1.55981,2.25971,1.85587,0.0,8.38047,3682863
downwards_rotate,downwards_sensor_sweep_120-20260625-124815,TesolloDownwardsRotateZ,TesolloDownwardsRotateZ-20260625-201219-downwardsrotatez_sb_baseline_s1,baseline,1,2,11,0.55,2.67654,1.57876,1.99766,2.16212,0.0,8.41509,3682863
downwards_rotate,downwards_sensor_sweep_120-20260625-124815,TesolloDownwardsRotateZ,TesolloDownwardsRotateZ-20260625-201219-downwardsrotatez_sb_baseline_s1,baseline,1,2,12,0.6,3.02641,0.0,2.38161,2.21637,0.0,7.62439,3682863
downwards_rotate,downwards_sensor_sweep_120-20260625-124815,TesolloDownwardsRotateZ,TesolloDownwardsRotateZ-20260625-201219-downwardsrotatez_sb_baseline_s1,baseline,1,2,13,0.65,2.85299,0.0,2.2559,2.23176,0.0,7.34066,3682863
downwards_rotate,downwards_sensor_sweep_120-20260625-124815,TesolloDownwardsRotateZ,TesolloDownwardsRotateZ-20260625-201219-downwardsrotatez_sb_baseline_s1,baseline,1,2,14,0.7,2.86109,0.0,1.78439,2.24914,0.0,6.89462,3682863
downwards_rotate,downwards_sensor_sweep_120-20260625-124815,TesolloDownwardsRotateZ,TesolloDownwardsRotateZ-20260625-201219-downwardsrotatez_sb_baseline_s1,baseline,1,2,15,0.75,3.08875,0.0,1.03504,3.2865,0.0,7.41029,3682863
downwards_rotate,downwards_sensor_sweep_120-20260625-124815,TesolloDownwardsRotateZ,TesolloDownwardsRotateZ-20260625-201219-downwardsrotatez_sb_baseline_s1,baseline,1,2,16,0.8,0.0,0.0,0.0,0.88567,0.0,0.88567,3682863
downwards_rotate,downwards_sensor_sweep_120-20260625-124815,TesolloDownwardsRotateZ,TesolloDownwardsRotateZ-20260625-201219-downwardsrotatez_sb_baseline_s1,baseline,1,2,17,0.85,2.40683,0.0,0.0,2.78284,0.0,5.18967,3682863
downwards_rotate,downwards_sensor_sweep_120-20260625-124815,TesolloDownwardsRotateZ,TesolloDownwardsRotateZ-20260625-201219-downwardsrotatez_sb_baseline_s1,baseline,1,2,18,0.9,1.50388,0.0,0.0,3.12104,0.0,4.62492,3682863
downwards_rotate,downwards_sensor_sweep_120-20260625-124815,TesolloDownwardsRotateZ,TesolloDownwardsRotateZ-20260625-201219-downwardsrotatez_sb_baseline_s1,baseline,1,2,19,0.95,2.39196,0.0,0.0,2.83601,0.0,5.22797,3682863
downwards_rotate,downwards_sensor_sweep_120-20260625-124815,TesolloDownwardsRotateZ,TesolloDownwardsRotateZ-20260625-201219-downwardsrotatez_sb_baseline_s1,baseline,1,2,20,1.0,0.0,0.0,0.0,2.93835,0.0,2.93835,3682863
downwards_rotate,downwards_sensor_sweep_120-20260625-124815,TesolloDownwardsRotateZ,TesolloDownwardsRotateZ-20260625-201219-downwardsrotatez_sb_baseline_s1,baseline,1,2,21,1.05,0.0,0.0,0.0,2.94549,0.0,2.94549,3682863
downwards_rotate,downwards_sensor_sweep_120-20260625-124815,TesolloDownwardsRotateZ,TesolloDownwardsRotateZ-20260625-201219-downwardsrotatez_sb_baseline_s1,baseline,1,2,22,1.1,0.0,0.0,0.0,4.16831,0.0,4.16831,3682863
downwards_rotate,downwards_sensor_sweep_120-20260625-124815,TesolloDownwardsRotateZ,TesolloDownwardsRotateZ-20260625-201219-downwardsrotatez_sb_baseline_s1,baseline,1,2,23,1.15,0.0,0.0,0.0,4.35321,0.0,4.35321,3682863
downwards_rotate,downwards_sensor_sweep_120-20260625-124815,TesolloDownwardsRotateZ,TesolloDownwardsRotateZ-20260625-201219-downwardsrotatez_sb_baseline_s1,baseline,1,2,24,1.2,0.81179,0.0,0.0,2.88013,0.0,3.69192,3682863
downwards_rotate,downwards_sensor_sweep_120-20260625-124815,TesolloDownwardsRotateZ,TesolloDownwardsRotateZ-20260625-201219-downwardsrotatez_sb_baseline_s1,baseline,1,2,25,1.25,1.03106,0.0,0.0,2.81048,0.0,3.84154,3682863
downwards_rotate,downwards_sensor_sweep_120-20260625-124815,TesolloDownwardsRotateZ,TesolloDownwardsRotateZ-20260625-201219-downwardsrotatez_sb_baseline_s1,baseline,1,2,26,1.3,1.14423,0.0,0.0,2.66645,0.0,3.81068,3682863
downwards_rotate,downwards_sensor_sweep_120-20260625-124815,TesolloDownwardsRotateZ,TesolloDownwardsRotateZ-20260625-201219-downwardsrotatez_sb_baseline_s1,baseline,1,2,27,1.35,1.16106,0.0,0.0,3.45829,0.0,4.61935,3682863
downwards_rotate,downwards_sensor_sweep_120-20260625-124815,TesolloDownwardsRotateZ,TesolloDownwardsRotateZ-20260625-201219-downwardsrotatez_sb_baseline_s1,baseline,1,2,28,1.4,1.48328,0.0,0.0,2.36211,0.0,3.84539,3682863
downwards_rotate,downwards_sensor_sweep_120-20260625-124815,TesolloDownwardsRotateZ,TesolloDownwardsRotateZ-20260625-201219-downwardsrotatez_sb_baseline_s1,baseline,1,2,29,1.45,1.74288,0.0,0.0,2.17149,0.0,3.91437,3682863
downwards_rotate,downwards_sensor_sweep_120-20260625-124815,TesolloDownwardsRotateZ,TesolloDownwardsRotateZ-20260625-201219-downwardsrotatez_sb_baseline_s1,baseline,1,2,30,1.5,1.64715,0.0,0.0,2.50927,0.0,4.15642,3682863
downwards_rotate,downwards_sensor_sweep_120-20260625-124815,TesolloDownwardsRotateZ,TesolloDownwardsRotateZ-20260625-201219-downwardsrotatez_sb_baseline_s1,baseline,1,2,31,1.55,1.65884,0.0,0.0,2.73298,0.0,4.39182,3682863
downwards_rotate,downwards_sensor_sweep_120-20260625-124815,TesolloDownwardsRotateZ,TesolloDownwardsRotateZ-20260625-201219-downwardsrotatez_sb_baseline_s1,baseline,1,2,32,1.6,1.73135,0.0,0.0,2.7957,0.0,4.52706,3682863
downwards_rotate,downwards_sensor_sweep_120-20260625-124815,TesolloDownwardsRotateZ,TesolloDownwardsRotateZ-20260625-201219-downwardsrotatez_sb_baseline_s1,baseline,1,2,33,1.65,1.62681,0.0,0.0,3.0588,0.0,4.68561,3682863
downwards_rotate,downwards_sensor_sweep_120-20260625-124815,TesolloDownwardsRotateZ,TesolloDownwardsRotateZ-20260625-201219-downwardsrotatez_sb_baseline_s1,baseline,1,2,34,1.7,1.61097,0.0,0.0,3.00577,0.0,4.61674,3682863
downwards_rotate,downwards_sensor_sweep_120-20260625-124815,TesolloDownwardsRotateZ,TesolloDownwardsRotateZ-20260625-201219-downwardsrotatez_sb_baseline_s1,baseline,1,2,35,1.75,1.53111,0.0,0.0,2.83906,0.0,4.37017,3682863
downwards_rotate,downwards_sensor_sweep_120-20260625-124815,TesolloDownwardsRotateZ,TesolloDownwardsRotateZ-20260625-201219-downwardsrotatez_sb_baseline_s1,baseline,1,2,36,1.8,1.74921,0.24998,0.0,3.11814,0.0,5.11733,3682863
downwards_rotate,downwards_sensor_sweep_120-20260625-124815,TesolloDownwardsRotateZ,TesolloDownwardsRotateZ-20260625-201219-downwardsrotatez_sb_baseline_s1,baseline,1,2,37,1.85,1.81779,0.0,0.0,3.51804,0.0,5.33583,3682863
downwards_rotate,downwards_sensor_sweep_120-20260625-124815,TesolloDownwardsRotateZ,TesolloDownwardsRotateZ-20260625-201219-downwardsrotatez_sb_baseline_s1,baseline,1,2,38,1.9,1.57839,0.0,0.0,3.5593,0.0,5.13769,3682863
downwards_rotate,downwards_sensor_sweep_120-20260625-124815,TesolloDownwardsRotateZ,TesolloDownwardsRotateZ-20260625-201219-downwardsrotatez_sb_baseline_s1,baseline,1,2,39,1.95,1.55848,0.0,0.0,2.46213,0.0,4.02061,3682863
downwards_rotate,downwards_sensor_sweep_120-20260625-124815,TesolloDownwardsRotateZ,TesolloDownwardsRotateZ-20260625-201219-downwardsrotatez_sb_baseline_s1,baseline,1,2,40,2.0,1.75366,0.0,0.0,1.97003,0.0,3.72369,3682863
downwards_rotate,downwards_sensor_sweep_120-20260625-124815,TesolloDownwardsRotateZ,TesolloDownwardsRotateZ-20260625-201219-downwardsrotatez_sb_baseline_s1,baseline,1,2,41,2.05,1.80746,0.0,0.0,2.03544,0.0,3.8429,3682863
downwards_rotate,downwards_sensor_sweep_120-20260625-124815,TesolloDownwardsRotateZ,TesolloDownwardsRotateZ-20260625-201219-downwardsrotatez_sb_baseline_s1,baseline,1,2,42,2.1,1.7761,0.0,0.0,1.98327,0.0,3.75937,3682863
downwards_rotate,downwards_sensor_sweep_120-20260625-124815,TesolloDownwardsRotateZ,TesolloDownwardsRotateZ-20260625-201219-downwardsrotatez_sb_baseline_s1,baseline,1,2,43,2.15,1.74713,0.0,0.0,2.01903,0.0,3.76616,3682863
downwards_rotate,downwards_sensor_sweep_120-20260625-124815,TesolloDownwardsRotateZ,TesolloDownwardsRotateZ-20260625-201219-downwardsrotatez_sb_baseline_s1,baseline,1,2,44,2.2,1.74098,0.0,0.0,2.06208,0.0,3.80306,3682863
downwards_rotate,downwards_sensor_sweep_120-20260625-124815,TesolloDownwardsRotateZ,TesolloDownwardsRotateZ-20260625-201219-downwardsrotatez_sb_baseline_s1,baseline,1,2,45,2.25,1.74162,0.0,0.0,2.14391,0.0,3.88554,3682863
downwards_rotate,downwards_sensor_sweep_120-20260625-124815,TesolloDownwardsRotateZ,TesolloDownwardsRotateZ-20260625-201219-downwardsrotatez_sb_baseline_s1,baseline,1,2,46,2.3,1.87652,0.0,0.0,2.26043,0.0,4.13695,3682863
downwards_rotate,downwards_sensor_sweep_120-20260625-124815,TesolloDownwardsRotateZ,TesolloDownwardsRotateZ-20260625-201219-downwardsrotatez_sb_baseline_s1,baseline,1,2,47,2.35,1.75357,0.0,0.0,2.50868,0.0,4.26225,3682863
downwards_rotate,downwards_sensor_sweep_120-20260625-124815,TesolloDownwardsRotateZ,TesolloDownwardsRotateZ-20260625-201219-downwardsrotatez_sb_baseline_s1,baseline,1,2,48,2.4,1.80704,0.0,0.0,2.88077,0.0,4.68781,3682863
downwards_rotate,downwards_sensor_sweep_120-20260625-124815,TesolloDownwardsRotateZ,TesolloDownwardsRotateZ-20260625-201219-downwardsrotatez_sb_baseline_s1,baseline,1,2,49,2.45,2.06021,0.72695,0.0,3.73361,0.0,6.52077,3682863
downwards_rotate,downwards_sensor_sweep_120-20260625-124815,TesolloDownwardsRotateZ,TesolloDownwardsRotateZ-20260625-201219-downwardsrotatez_sb_baseline_s1,baseline,1,2,50,2.5,1.80527,0.0,0.0,3.70838,0.0,5.51365,3682863
downwards_rotate,downwards_sensor_sweep_120-20260625-124815,TesolloDownwardsRotateZ,TesolloDownwardsRotateZ-20260625-201219-downwardsrotatez_sb_baseline_s1,baseline,1,2,51,2.55,1.64081,0.0,0.0,3.68439,0.0,5.3252,3682863
downwards_rotate,downwards_sensor_sweep_120-20260625-124815,TesolloDownwardsRotateZ,TesolloDownwardsRotateZ-20260625-201219-downwardsrotatez_sb_baseline_s1,baseline,1,2,52,2.6,1.65115,0.0,0.0,3.3372,0.0,4.98836,3682863
downwards_rotate,downwards_sensor_sweep_120-20260625-124815,TesolloDownwardsRotateZ,TesolloDownwardsRotateZ-20260625-201219-downwardsrotatez_sb_baseline_s1,baseline,1,2,53,2.65,1.61715,0.0,0.0,2.98843,0.0,4.60557,3682863
downwards_rotate,downwards_sensor_sweep_120-20260625-124815,TesolloDownwardsRotateZ,TesolloDownwardsRotateZ-20260625-201219-downwardsrotatez_sb_baseline_s1,baseline,1,2,54,2.7,1.66729,0.0,0.0,2.33073,0.0,3.99802,3682863
downwards_rotate,downwards_sensor_sweep_120-20260625-124815,TesolloDownwardsRotateZ,TesolloDownwardsRotateZ-20260625-201219-downwardsrotatez_sb_baseline_s1,baseline,1,2,55,2.75,1.87589,0.0,0.0,2.05439,0.0,3.93027,3682863
downwards_rotate,downwards_sensor_sweep_120-20260625-124815,TesolloDownwardsRotateZ,TesolloDownwardsRotateZ-20260625-201219-downwardsrotatez_sb_baseline_s1,baseline,1,2,56,2.8,2.41068,0.0,0.0,2.04944,0.0,4.46013,3682863
downwards_rotate,downwards_sensor_sweep_120-20260625-124815,TesolloDownwardsRotateZ,TesolloDownwardsRotateZ-20260625-201219-downwardsrotatez_sb_baseline_s1,baseline,1,2,57,2.85,2.03385,0.0,0.0,1.55044,0.0,3.58428,3682863
downwards_rotate,downwards_sensor_sweep_120-20260625-124815,TesolloDownwardsRotateZ,TesolloDownwardsRotateZ-20260625-201219-downwardsrotatez_sb_baseline_s1,baseline,1,2,58,2.9,2.23153,0.0,0.0,1.60912,0.0,3.84065,3682863
downwards_rotate,downwards_sensor_sweep_120-20260625-124815,TesolloDownwardsRotateZ,TesolloDownwardsRotateZ-20260625-201219-downwardsrotatez_sb_baseline_s1,baseline,1,2,59,2.95,2.20723,0.0,0.0,1.7142,0.0,3.92144,3682863
downwards_rotate,downwards_sensor_sweep_120-20260625-124815,TesolloDownwardsRotateZ,TesolloDownwardsRotateZ-20260625-201219-downwardsrotatez_sb_baseline_s1,baseline,1,2,60,3.0,2.19461,0.0,0.0,1.90182,0.0,4.09643,3682863
downwards_rotate,downwards_sensor_sweep_120-20260625-124815,TesolloDownwardsRotateZ,TesolloDownwardsRotateZ-20260625-201219-downwardsrotatez_sb_baseline_s1,baseline,1,2,61,3.05,2.14201,0.0,0.0,2.07658,0.0,4.21859,3682863
downwards_rotate,downwards_sensor_sweep_120-20260625-124815,TesolloDownwardsRotateZ,TesolloDownwardsRotateZ-20260625-201219-downwardsrotatez_sb_baseline_s1,baseline,1,2,62,3.1,2.19334,0.11213,0.0,2.20462,0.0,4.51008,3682863
downwards_rotate,downwards_sensor_sweep_120-20260625-124815,TesolloDownwardsRotateZ,TesolloDownwardsRotateZ-20260625-201219-downwardsrotatez_sb_baseline_s1,baseline,1,2,63,3.15,2.14394,0.19406,0.0,2.37832,0.0,4.71632,3682863
downwards_rotate,downwards_sensor_sweep_120-20260625-124815,TesolloDownwardsRotateZ,TesolloDownwardsRotateZ-20260625-201219-downwardsrotatez_sb_baseline_s1,baseline,1,2,64,3.2,2.13675,0.23807,0.0,2.58767,0.0,4.96248,3682863
downwards_rotate,downwards_sensor_sweep_120-20260625-124815,TesolloDownwardsRotateZ,TesolloDownwardsRotateZ-20260625-201219-downwardsrotatez_sb_baseline_s1,baseline,1,2,65,3.25,2.1476,0.22001,0.0,2.77999,0.0,5.14759,3682863
downwards_rotate,downwards_sensor_sweep_120-20260625-124815,TesolloDownwardsRotateZ,TesolloDownwardsRotateZ-20260625-201219-downwardsrotatez_sb_baseline_s1,baseline,1,2,66,3.3,1.51818,0.0,0.0,3.60136,0.0,5.11954,3682863
downwards_rotate,downwards_sensor_sweep_120-20260625-124815,TesolloDownwardsRotateZ,TesolloDownwardsRotateZ-20260625-201219-downwardsrotatez_sb_baseline_s1,baseline,1,2,67,3.35,2.10896,0.0,0.0,2.69113,0.0,4.80009,3682863
downwards_rotate,downwards_sensor_sweep_120-20260625-124815,TesolloDownwardsRotateZ,TesolloDownwardsRotateZ-20260625-201219-downwardsrotatez_sb_baseline_s1,baseline,1,2,68,3.4,2.16527,0.0,0.0,2.36057,0.0,4.52585,3682863
downwards_rotate,downwards_sensor_sweep_120-20260625-124815,TesolloDownwardsRotateZ,TesolloDownwardsRotateZ-20260625-201219-downwardsrotatez_sb_baseline_s1,baseline,1,2,69,3.45,2.16442,0.0,0.0,2.17026,0.0,4.33468,3682863
downwards_rotate,downwards_sensor_sweep_120-20260625-124815,TesolloDownwardsRotateZ,TesolloDownwardsRotateZ-20260625-201219-downwardsrotatez_sb_baseline_s1,baseline,1,2,70,3.5,2.2024,0.0,0.0,2.01195,0.0,4.21435,3682863
downwards_rotate,downwards_sensor_sweep_120-20260625-124815,TesolloDownwardsRotateZ,TesolloDownwardsRotateZ-20260625-201219-downwardsrotatez_sb_baseline_s1,baseline,1,2,71,3.55,2.27162,0.0,0.0,1.94661,0.0,4.21824,3682863
downwards_rotate,downwards_sensor_sweep_120-20260625-124815,TesolloDownwardsRotateZ,TesolloDownwardsRotateZ-20260625-201219-downwardsrotatez_sb_baseline_s1,baseline,1,2,72,3.6,2.29909,0.0,0.0,1.86244,0.0,4.16153,3682863
downwards_rotate,downwards_sensor_sweep_120-20260625-124815,TesolloDownwardsRotateZ,TesolloDownwardsRotateZ-20260625-201219-downwardsrotatez_sb_baseline_s1,baseline,1,2,73,3.65,2.45055,0.0,0.0,1.7759,0.0,4.22645,3682863
downwards_rotate,downwards_sensor_sweep_120-20260625-124815,TesolloDownwardsRotateZ,TesolloDownwardsRotateZ-20260625-201219-downwardsrotatez_sb_baseline_s1,baseline,1,2,74,3.7,2.39948,0.0,0.0,1.78647,0.0,4.18594,3682863
downwards_rotate,downwards_sensor_sweep_120-20260625-124815,TesolloDownwardsRotateZ,TesolloDownwardsRotateZ-20260625-201219-downwardsrotatez_sb_baseline_s1,baseline,1,2,75,3.75,2.3626,0.0,0.0,1.85908,0.0,4.22168,3682863
downwards_rotate,downwards_sensor_sweep_120-20260625-124815,TesolloDownwardsRotateZ,TesolloDownwardsRotateZ-20260625-201219-downwardsrotatez_sb_baseline_s1,baseline,1,2,76,3.8,2.33025,0.0,0.0,1.95985,0.0,4.29009,3682863
downwards_rotate,downwards_sensor_sweep_120-20260625-124815,TesolloDownwardsRotateZ,TesolloDownwardsRotateZ-20260625-201219-downwardsrotatez_sb_baseline_s1,baseline,1,2,77,3.85,2.30186,0.0,0.0,2.10172,0.0,4.40358,3682863
downwards_rotate,downwards_sensor_sweep_120-20260625-124815,TesolloDownwardsRotateZ,TesolloDownwardsRotateZ-20260625-201219-downwardsrotatez_sb_baseline_s1,baseline,1,2,78,3.9,2.32238,0.2463,0.0,2.18158,0.0,4.75026,3682863
downwards_rotate,downwards_sensor_sweep_120-20260625-124815,TesolloDownwardsRotateZ,TesolloDownwardsRotateZ-20260625-201219-downwardsrotatez_sb_baseline_s1,baseline,1,2,79,3.95,2.30874,0.34005,0.0,2.38023,0.0,5.02902,3682863
downwards_rotate,downwards_sensor_sweep_120-20260625-124815,TesolloDownwardsRotateZ,TesolloDownwardsRotateZ-20260625-201219-downwardsrotatez_sb_baseline_s1,baseline,1,2,80,4.0,2.30441,0.39169,0.0,2.53236,0.0,5.22846,3682863
downwards_rotate,downwards_sensor_sweep_120-20260625-124815,TesolloDownwardsRotateZ,TesolloDownwardsRotateZ-20260625-201219-downwardsrotatez_sb_baseline_s1,baseline,1,2,81,4.05,2.16191,0.0,0.0,2.84334,0.0,5.00525,3682863
downwards_rotate,downwards_sensor_sweep_120-20260625-124815,TesolloDownwardsRotateZ,TesolloDownwardsRotateZ-20260625-201219-downwardsrotatez_sb_baseline_s1,baseline,1,2,82,4.1,2.03885,0.44245,0.0,2.69548,0.0,5.17678,3682863
downwards_rotate,downwards_sensor_sweep_120-20260625-124815,TesolloDownwardsRotateZ,TesolloDownwardsRotateZ-20260625-201219-downwardsrotatez_sb_baseline_s1,baseline,1,2,83,4.15,2.11104,0.0,0.0,2.57898,0.0,4.69003,3682863
downwards_rotate,downwards_sensor_sweep_120-20260625-124815,TesolloDownwardsRotateZ,TesolloDownwardsRotateZ-20260625-201219-downwardsrotatez_sb_baseline_s1,baseline,1,2,84,4.2,2.2448,0.0,0.0,2.3998,0.0,4.64461,3682863
downwards_rotate,downwards_sensor_sweep_120-20260625-124815,TesolloDownwardsRotateZ,TesolloDownwardsRotateZ-20260625-201219-downwardsrotatez_sb_baseline_s1,baseline,1,2,85,4.25,2.22293,0.0,0.0,2.09719,0.0,4.32012,3682863
downwards_rotate,downwards_sensor_sweep_120-20260625-124815,TesolloDownwardsRotateZ,TesolloDownwardsRotateZ-20260625-201219-downwardsrotatez_sb_baseline_s1,baseline,1,2,86,4.3,2.2365,0.0,0.0,1.64,0.0,3.87649,3682863
downwards_rotate,downwards_sensor_sweep_120-20260625-124815,TesolloDownwardsRotateZ,TesolloDownwardsRotateZ-20260625-201219-downwardsrotatez_sb_baseline_s1,baseline,1,2,87,4.35,2.43128,0.0,0.0,1.28825,0.0,3.71953,3682863
downwards_rotate,downwards_sensor_sweep_120-20260625-124815,TesolloDownwardsRotateZ,TesolloDownwardsRotateZ-20260625-201219-downwardsrotatez_sb_baseline_s1,baseline,1,2,88,4.4,2.67529,0.0,0.0,1.25858,0.0,3.93387,3682863
downwards_rotate,downwards_sensor_sweep_120-20260625-124815,TesolloDownwardsRotateZ,TesolloDownwardsRotateZ-20260625-201219-downwardsrotatez_sb_baseline_s1,baseline,1,2,89,4.45,2.81522,0.0,0.0,1.49284,0.0,4.30806,3682863
downwards_rotate,downwards_sensor_sweep_120-20260625-124815,TesolloDownwardsRotateZ,TesolloDownwardsRotateZ-20260625-201219-downwardsrotatez_sb_baseline_s1,baseline,1,2,90,4.5,2.27105,0.0,0.0,1.5351,0.0,3.80615,3682863
downwards_rotate,downwards_sensor_sweep_120-20260625-124815,TesolloDownwardsRotateZ,TesolloDownwardsRotateZ-20260625-201219-downwardsrotatez_sb_baseline_s1,baseline,1,2,91,4.55,2.55927,0.0,0.0,1.43609,0.0,3.99536,3682863
downwards_rotate,downwards_sensor_sweep_120-20260625-124815,TesolloDownwardsRotateZ,TesolloDownwardsRotateZ-20260625-201219-downwardsrotatez_sb_baseline_s1,baseline,1,2,92,4.6,2.48357,0.0,0.0,1.7235,0.0,4.20707,3682863
downwards_rotate,downwards_sensor_sweep_120-20260625-124815,TesolloDownwardsRotateZ,TesolloDownwardsRotateZ-20260625-201219-downwardsrotatez_sb_baseline_s1,baseline,1,2,93,4.65,2.50275,0.46883,0.0,1.90494,0.0,4.87652,3682863
downwards_rotate,downwards_sensor_sweep_120-20260625-124815,TesolloDownwardsRotateZ,TesolloDownwardsRotateZ-20260625-201219-downwardsrotatez_sb_baseline_s1,baseline,1,2,94,4.7,2.41561,0.67251,0.0,2.3182,0.0,5.40632,3682863
downwards_rotate,downwards_sensor_sweep_120-20260625-124815,TesolloDownwardsRotateZ,TesolloDownwardsRotateZ-20260625-201219-downwardsrotatez_sb_baseline_s1,baseline,1,2,95,4.75,2.48861,0.85391,0.0,2.66505,0.0,6.00757,3682863
downwards_rotate,downwards_sensor_sweep_120-20260625-124815,TesolloDownwardsRotateZ,TesolloDownwardsRotateZ-20260625-201219-downwardsrotatez_sb_baseline_s1,baseline,1,2,96,4.8,2.28069,0.0,0.0,3.05941,0.0,5.3401,3682863
downwards_rotate,downwards_sensor_sweep_120-20260625-124815,TesolloDownwardsRotateZ,TesolloDownwardsRotateZ-20260625-201219-downwardsrotatez_sb_baseline_s1,baseline,1,2,97,4.85,2.34325,0.64855,0.0,2.70892,0.0,5.70071,3682863
downwards_rotate,downwards_sensor_sweep_120-20260625-124815,TesolloDownwardsRotateZ,TesolloDownwardsRotateZ-20260625-201219-downwardsrotatez_sb_baseline_s1,baseline,1,2,98,4.9,2.33807,0.0,0.0,2.78737,0.0,5.12543,3682863
downwards_rotate,downwards_sensor_sweep_120-20260625-124815,TesolloDownwardsRotateZ,TesolloDownwardsRotateZ-20260625-201219-downwardsrotatez_sb_baseline_s1,baseline,1,2,99,4.95,2.08958,0.0,0.0,2.35261,0.0,4.44219,3682863
downwards_rotate,downwards_sensor_sweep_120-20260625-124815,TesolloDownwardsRotateZ,TesolloDownwardsRotateZ-20260625-201219-downwardsrotatez_sb_baseline_s1,baseline,1,2,100,5.0,2.065,0.0,0.0,1.51367,0.0,3.57868,3682863
downwards_rotate,downwards_sensor_sweep_120-20260625-124815,TesolloDownwardsRotateZ,TesolloDownwardsRotateZ-20260625-201219-downwardsrotatez_sb_baseline_s1,baseline,1,2,101,5.05,2.3588,0.0,0.0,1.17544,0.0,3.53424,3682863
downwards_rotate,downwards_sensor_sweep_120-20260625-124815,TesolloDownwardsRotateZ,TesolloDownwardsRotateZ-20260625-201219-downwardsrotatez_sb_baseline_s1,baseline,1,2,102,5.1,3.33084,0.0,0.0,1.18664,0.0,4.51748,3682863
downwards_rotate,downwards_sensor_sweep_120-20260625-124815,TesolloDownwardsRotateZ,TesolloDownwardsRotateZ-20260625-201219-downwardsrotatez_sb_baseline_s1,baseline,1,2,103,5.15,2.41874,0.0,0.0,0.9267,0.0,3.34544,3682863
downwards_rotate,downwards_sensor_sweep_120-20260625-124815,TesolloDownwardsRotateZ,TesolloDownwardsRotateZ-20260625-201219-downwardsrotatez_sb_baseline_s1,baseline,1,2,104,5.2,2.45464,0.0,0.0,0.86807,0.0,3.32271,3682863
downwards_rotate,downwards_sensor_sweep_120-20260625-124815,TesolloDownwardsRotateZ,TesolloDownwardsRotateZ-20260625-201219-downwardsrotatez_sb_baseline_s1,baseline,1,2,105,5.25,2.54295,0.0,0.0,1.03159,0.0,3.57454,3682863
downwards_rotate,downwards_sensor_sweep_120-20260625-124815,TesolloDownwardsRotateZ,TesolloDownwardsRotateZ-20260625-201219-downwardsrotatez_sb_baseline_s1,baseline,1,2,106,5.3,2.5164,0.0,0.0,1.19884,0.0,3.71524,3682863
downwards_rotate,downwards_sensor_sweep_120-20260625-124815,TesolloDownwardsRotateZ,TesolloDownwardsRotateZ-20260625-201219-downwardsrotatez_sb_baseline_s1,baseline,1,2,107,5.35,2.51356,0.21203,0.0,1.4495,0.0,4.17509,3682863
downwards_rotate,downwards_sensor_sweep_120-20260625-124815,TesolloDownwardsRotateZ,TesolloDownwardsRotateZ-20260625-201219-downwardsrotatez_sb_baseline_s1,baseline,1,2,108,5.4,2.561,0.50809,0.0,1.70694,0.0,4.77604,3682863
downwards_rotate,downwards_sensor_sweep_120-20260625-124815,TesolloDownwardsRotateZ,TesolloDownwardsRotateZ-20260625-201219-downwardsrotatez_sb_baseline_s1,baseline,1,2,109,5.45,2.57799,0.75574,0.0,1.95303,0.0,5.28676,3682863
downwards_rotate,downwards_sensor_sweep_120-20260625-124815,TesolloDownwardsRotateZ,TesolloDownwardsRotateZ-20260625-201219-downwardsrotatez_sb_baseline_s1,baseline,1,2,110,5.5,2.60601,1.05974,0.0,2.42953,0.0,6.09528,3682863
downwards_rotate,downwards_sensor_sweep_120-20260625-124815,TesolloDownwardsRotateZ,TesolloDownwardsRotateZ-20260625-201219-downwardsrotatez_sb_baseline_s1,baseline,1,2,111,5.55,2.73267,1.36871,0.0,2.44327,0.0,6.54466,3682863
downwards_rotate,downwards_sensor_sweep_120-20260625-124815,TesolloDownwardsRotateZ,TesolloDownwardsRotateZ-20260625-201219-downwardsrotatez_sb_baseline_s1,baseline,1,2,112,5.6,2.68,1.39251,0.0,2.34528,0.0,6.41779,3682863
downwards_rotate,downwards_sensor_sweep_120-20260625-124815,TesolloDownwardsRotateZ,TesolloDownwardsRotateZ-20260625-201219-downwardsrotatez_sb_baseline_s1,baseline,1,2,113,5.65,2.5993,1.0614,0.0,2.74912,0.0,6.40982,3682863
downwards_rotate,downwards_sensor_sweep_120-20260625-124815,TesolloDownwardsRotateZ,TesolloDownwardsRotateZ-20260625-201219-downwardsrotatez_sb_baseline_s1,baseline,1,2,114,5.7,2.14766,0.0,0.0,3.46841,0.0,5.61607,3682863
downwards_rotate,downwards_sensor_sweep_120-20260625-124815,TesolloDownwardsRotateZ,TesolloDownwardsRotateZ-20260625-201219-downwardsrotatez_sb_baseline_s1,baseline,1,2,115,5.75,1.96188,0.0,0.0,2.06996,0.0,4.03183,3682863
downwards_rotate,downwards_sensor_sweep_120-20260625-124815,TesolloDownwardsRotateZ,TesolloDownwardsRotateZ-20260625-201219-downwardsrotatez_sb_baseline_s1,baseline,1,2,116,5.8,2.18425,0.0,0.0,1.21576,0.0,3.40001,3682863
downwards_rotate,downwards_sensor_sweep_120-20260625-124815,TesolloDownwardsRotateZ,TesolloDownwardsRotateZ-20260625-201219-downwardsrotatez_sb_baseline_s1,baseline,1,2,117,5.85,2.1397,0.0,0.0,1.18411,0.0,3.32381,3682863
downwards_rotate,downwards_sensor_sweep_120-20260625-124815,TesolloDownwardsRotateZ,TesolloDownwardsRotateZ-20260625-201219-downwardsrotatez_sb_baseline_s1,baseline,1,2,118,5.9,2.1518,0.0,0.0,0.9514,0.0,3.10319,3682863
downwards_rotate,downwards_sensor_sweep_120-20260625-124815,TesolloDownwardsRotateZ,TesolloDownwardsRotateZ-20260625-201219-downwardsrotatez_sb_baseline_s1,baseline,1,2,119,5.95,2.35623,0.0,0.0,0.94282,0.0,3.29905,3682863
downwards_rotate,downwards_sensor_sweep_120-20260625-124815,TesolloDownwardsRotateZ,TesolloDownwardsRotateZ-20260625-201219-downwardsrotatez_sb_baseline_s1,baseline,1,3,0,0.0,0.0,0.0,0.0,0.0,0.0,0.0,3682863
downwards_rotate,downwards_sensor_sweep_120-20260625-124815,TesolloDownwardsRotateZ,TesolloDownwardsRotateZ-20260625-201219-downwardsrotatez_sb_baseline_s1,baseline,1,3,1,0.05,0.0,0.0,0.0,0.0,0.0,0.0,3682863
downwards_rotate,downwards_sensor_sweep_120-20260625-124815,TesolloDownwardsRotateZ,TesolloDownwardsRotateZ-20260625-201219-downwardsrotatez_sb_baseline_s1,baseline,1,3,2,0.1,0.0,0.0,0.0,0.0,3.34397,3.34397,3682863
downwards_rotate,downwards_sensor_sweep_120-20260625-124815,TesolloDownwardsRotateZ,TesolloDownwardsRotateZ-20260625-201219-downwardsrotatez_sb_baseline_s1,baseline,1,3,3,0.15,3.47165,0.0,0.0,0.0,1.80873,5.28038,3682863
downwards_rotate,downwards_sensor_sweep_120-20260625-124815,TesolloDownwardsRotateZ,TesolloDownwardsRotateZ-20260625-201219-downwardsrotatez_sb_baseline_s1,baseline,1,3,4,0.2,2.38556,0.0,0.0,0.0,0.0,2.38556,3682863
downwards_rotate,downwards_sensor_sweep_120-20260625-124815,TesolloDownwardsRotateZ,TesolloDownwardsRotateZ-20260625-201219-downwardsrotatez_sb_baseline_s1,baseline,1,3,5,0.25,1.95955,0.0,2.91968,2.30993,0.0,7.18917,3682863
downwards_rotate,downwards_sensor_sweep_120-20260625-124815,TesolloDownwardsRotateZ,TesolloDownwardsRotateZ-20260625-201219-downwardsrotatez_sb_baseline_s1,baseline,1,3,6,0.3,2.19982,1.17079,2.84847,2.42268,0.0,8.64176,3682863
downwards_rotate,downwards_sensor_sweep_120-20260625-124815,TesolloDownwardsRotateZ,TesolloDownwardsRotateZ-20260625-201219-downwardsrotatez_sb_baseline_s1,baseline,1,3,7,0.35,2.13836,2.26313,2.62264,2.77956,0.0,9.80369,3682863
downwards_rotate,downwards_sensor_sweep_120-20260625-124815,TesolloDownwardsRotateZ,TesolloDownwardsRotateZ-20260625-201219-downwardsrotatez_sb_baseline_s1,baseline,1,3,8,0.4,1.88752,2.72743,2.16705,2.21621,0.0,8.99821,3682863
downwards_rotate,downwards_sensor_sweep_120-20260625-124815,TesolloDownwardsRotateZ,TesolloDownwardsRotateZ-20260625-201219-downwardsrotatez_sb_baseline_s1,baseline,1,3,9,0.45,2.54057,2.99611,2.40029,0.29764,0.0,8.23461,3682863
downwards_rotate,downwards_sensor_sweep_120-20260625-124815,TesolloDownwardsRotateZ,TesolloDownwardsRotateZ-20260625-201219-downwardsrotatez_sb_baseline_s1,baseline,1,3,10,0.5,2.20294,2.54717,2.10179,2.18527,0.0,9.03717,3682863
downwards_rotate,downwards_sensor_sweep_120-20260625-124815,TesolloDownwardsRotateZ,TesolloDownwardsRotateZ-20260625-201219-downwardsrotatez_sb_baseline_s1,baseline,1,3,11,0.55,2.44862,3.22837,1.96172,0.0,0.0,7.63871,3682863
downwards_rotate,downwards_sensor_sweep_120-20260625-124815,TesolloDownwardsRotateZ,TesolloDownwardsRotateZ-20260625-201219-downwardsrotatez_sb_baseline_s1,baseline,1,3,12,0.6,3.94012,3.74234,1.99775,0.0,0.0,9.6802,3682863
downwards_rotate,downwards_sensor_sweep_120-20260625-124815,TesolloDownwardsRotateZ,TesolloDownwardsRotateZ-20260625-201219-downwardsrotatez_sb_baseline_s1,baseline,1,3,13,0.65,4.12036,4.58947,1.30111,0.79946,0.0,10.8104,3682863
downwards_rotate,downwards_sensor_sweep_120-20260625-124815,TesolloDownwardsRotateZ,TesolloDownwardsRotateZ-20260625-201219-downwardsrotatez_sb_baseline_s1,baseline,1,3,14,0.7,4.20029,3.85711,1.44193,2.01029,0.0,11.50962,3682863
downwards_rotate,downwards_sensor_sweep_120-20260625-124815,TesolloDownwardsRotateZ,TesolloDownwardsRotateZ-20260625-201219-downwardsrotatez_sb_baseline_s1,baseline,1,3,15,0.75,4.02528,3.61291,1.74315,0.92417,0.0,10.30552,3682863
downwards_rotate,downwards_sensor_sweep_120-20260625-124815,TesolloDownwardsRotateZ,TesolloDownwardsRotateZ-20260625-201219-downwardsrotatez_sb_baseline_s1,baseline,1,3,16,0.8,4.50495,3.46102,1.93471,0.5899,0.0,10.49058,3682863
downwards_rotate,downwards_sensor_sweep_120-20260625-124815,TesolloDownwardsRotateZ,TesolloDownwardsRotateZ-20260625-201219-downwardsrotatez_sb_baseline_s1,baseline,1,3,17,0.85,4.47711,3.59211,2.05175,0.49031,0.0,10.61128,3682863
downwards_rotate,downwards_sensor_sweep_120-20260625-124815,TesolloDownwardsRotateZ,TesolloDownwardsRotateZ-20260625-201219-downwardsrotatez_sb_baseline_s1,baseline,1,3,18,0.9,4.56948,3.50665,2.07658,0.48412,0.0,10.63684,3682863
downwards_rotate,downwards_sensor_sweep_120-20260625-124815,TesolloDownwardsRotateZ,TesolloDownwardsRotateZ-20260625-201219-downwardsrotatez_sb_baseline_s1,baseline,1,3,19,0.95,4.49048,3.55803,1.22328,0.92224,0.0,10.19403,3682863
downwards_rotate,downwards_sensor_sweep_120-20260625-124815,TesolloDownwardsRotateZ,TesolloDownwardsRotateZ-20260625-201219-downwardsrotatez_sb_baseline_s1,baseline,1,3,20,1.0,5.10372,4.64959,1.2395,0.0,0.0,10.99282,3682863
downwards_rotate,downwards_sensor_sweep_120-20260625-124815,TesolloDownwardsRotateZ,TesolloDownwardsRotateZ-20260625-201219-downwardsrotatez_sb_baseline_s1,baseline,1,3,21,1.05,4.05239,3.95146,0.0,1.48327,0.0,9.48713,3682863
downwards_rotate,downwards_sensor_sweep_120-20260625-124815,TesolloDownwardsRotateZ,TesolloDownwardsRotateZ-20260625-201219-downwardsrotatez_sb_baseline_s1,baseline,1,3,22,1.1,4.08883,3.8459,0.0,1.87828,0.0,9.813,3682863
downwards_rotate,downwards_sensor_sweep_120-20260625-124815,TesolloDownwardsRotateZ,TesolloDownwardsRotateZ-20260625-201219-downwardsrotatez_sb_baseline_s1,baseline,1,3,23,1.15,4.10564,3.9138,0.0,1.92147,0.0,9.94092,3682863
downwards_rotate,downwards_sensor_sweep_120-20260625-124815,TesolloDownwardsRotateZ,TesolloDownwardsRotateZ-20260625-201219-downwardsrotatez_sb_baseline_s1,baseline,1,3,24,1.2,4.45415,3.82883,0.0,1.72005,0.0,10.00303,3682863
downwards_rotate,downwards_sensor_sweep_120-20260625-124815,TesolloDownwardsRotateZ,TesolloDownwardsRotateZ-20260625-201219-downwardsrotatez_sb_baseline_s1,baseline,1,3,25,1.25,4.71203,3.54114,1.09073,1.35106,0.0,10.69496,3682863
downwards_rotate,downwards_sensor_sweep_120-20260625-124815,TesolloDownwardsRotateZ,TesolloDownwardsRotateZ-20260625-201219-downwardsrotatez_sb_baseline_s1,baseline,1,3,26,1.3,4.73608,3.13571,2.19036,0.64398,0.0,10.70612,3682863
downwards_rotate,downwards_sensor_sweep_120-20260625-124815,TesolloDownwardsRotateZ,TesolloDownwardsRotateZ-20260625-201219-downwardsrotatez_sb_baseline_s1,baseline,1,3,27,1.35,4.70802,2.59659,3.21249,0.19685,0.0,10.71394,3682863
downwards_rotate,downwards_sensor_sweep_120-20260625-124815,TesolloDownwardsRotateZ,TesolloDownwardsRotateZ-20260625-201219-downwardsrotatez_sb_baseline_s1,baseline,1,3,28,1.4,4.71263,2.50946,3.5784,0.0327,0.0,10.83319,3682863
downwards_rotate,downwards_sensor_sweep_120-20260625-124815,TesolloDownwardsRotateZ,TesolloDownwardsRotateZ-20260625-201219-downwardsrotatez_sb_baseline_s1,baseline,1,3,29,1.45,4.75152,2.50593,3.70071,0.0,0.0,10.95817,3682863
downwards_rotate,downwards_sensor_sweep_120-20260625-124815,TesolloDownwardsRotateZ,TesolloDownwardsRotateZ-20260625-201219-downwardsrotatez_sb_baseline_s1,baseline,1,3,30,1.5,4.80782,2.52969,3.72267,0.0,0.0,11.06017,3682863
downwards_rotate,downwards_sensor_sweep_120-20260625-124815,TesolloDownwardsRotateZ,TesolloDownwardsRotateZ-20260625-201219-downwardsrotatez_sb_baseline_s1,baseline,1,3,31,1.55,4.85969,2.55762,3.63647,0.13409,0.0,11.18788,3682863
downwards_rotate,downwards_sensor_sweep_120-20260625-124815,TesolloDownwardsRotateZ,TesolloDownwardsRotateZ-20260625-201219-downwardsrotatez_sb_baseline_s1,baseline,1,3,32,1.6,4.89716,2.60222,3.56647,0.20463,0.0,11.27048,3682863
downwards_rotate,downwards_sensor_sweep_120-20260625-124815,TesolloDownwardsRotateZ,TesolloDownwardsRotateZ-20260625-201219-downwardsrotatez_sb_baseline_s1,baseline,1,3,33,1.65,4.93463,2.65755,3.47157,0.27133,0.0,11.33508,3682863
downwards_rotate,downwards_sensor_sweep_120-20260625-124815,TesolloDownwardsRotateZ,TesolloDownwardsRotateZ-20260625-201219-downwardsrotatez_sb_baseline_s1,baseline,1,3,34,1.7,4.9482,2.71932,3.37988,0.31394,0.0,11.36133,3682863
downwards_rotate,downwards_sensor_sweep_120-20260625-124815,TesolloDownwardsRotateZ,TesolloDownwardsRotateZ-20260625-201219-downwardsrotatez_sb_baseline_s1,baseline,1,3,35,1.75,4.94575,2.76787,3.312,0.33729,0.0,11.36291,3682863
downwards_rotate,downwards_sensor_sweep_120-20260625-124815,TesolloDownwardsRotateZ,TesolloDownwardsRotateZ-20260625-201219-downwardsrotatez_sb_baseline_s1,baseline,1,3,36,1.8,4.87124,2.79301,3.21774,0.25066,0.28495,11.41761,3682863
downwards_rotate,downwards_sensor_sweep_120-20260625-124815,TesolloDownwardsRotateZ,TesolloDownwardsRotateZ-20260625-201219-downwardsrotatez_sb_baseline_s1,baseline,1,3,37,1.85,4.82672,2.81976,3.16169,0.20949,0.35398,11.37163,3682863
downwards_rotate,downwards_sensor_sweep_120-20260625-124815,TesolloDownwardsRotateZ,TesolloDownwardsRotateZ-20260625-201219-downwardsrotatez_sb_baseline_s1,baseline,1,3,38,1.9,4.78362,2.83709,3.12516,0.17744,0.42765,11.35096,3682863
downwards_rotate,downwards_sensor_sweep_120-20260625-124815,TesolloDownwardsRotateZ,TesolloDownwardsRotateZ-20260625-201219-downwardsrotatez_sb_baseline_s1,baseline,1,3,39,1.95,4.75759,2.85704,3.09825,0.15698,0.48758,11.35744,3682863
downwards_rotate,downwards_sensor_sweep_120-20260625-124815,TesolloDownwardsRotateZ,TesolloDownwardsRotateZ-20260625-201219-downwardsrotatez_sb_baseline_s1,baseline,1,3,40,2.0,4.72112,2.87219,3.0716,0.13609,0.52626,11.32726,3682863
downwards_rotate,downwards_sensor_sweep_120-20260625-124815,TesolloDownwardsRotateZ,TesolloDownwardsRotateZ-20260625-201219-downwardsrotatez_sb_baseline_s1,baseline,1,3,41,2.05,4.69166,2.87977,3.05877,0.12095,0.55307,11.30421,3682863
downwards_rotate,downwards_sensor_sweep_120-20260625-124815,TesolloDownwardsRotateZ,TesolloDownwardsRotateZ-20260625-201219-downwardsrotatez_sb_baseline_s1,baseline,1,3,42,2.1,4.67555,2.84541,3.05689,0.1165,0.5728,11.26715,3682863
downwards_rotate,downwards_sensor_sweep_120-20260625-124815,TesolloDownwardsRotateZ,TesolloDownwardsRotateZ-20260625-201219-downwardsrotatez_sb_baseline_s1,baseline,1,3,43,2.15,4.67897,2.7595,3.09348,0.12057,0.58931,11.24182,3682863
downwards_rotate,downwards_sensor_sweep_120-20260625-124815,TesolloDownwardsRotateZ,TesolloDownwardsRotateZ-20260625-201219-downwardsrotatez_sb_baseline_s1,baseline,1,3,44,2.2,4.6748,2.63569,3.15353,0.12558,0.59618,11.18578,3682863
downwards_rotate,downwards_sensor_sweep_120-20260625-124815,TesolloDownwardsRotateZ,TesolloDownwardsRotateZ-20260625-201219-downwardsrotatez_sb_baseline_s1,baseline,1,3,45,2.25,4.65484,2.47293,3.24978,0.12576,0.6045,11.10781,3682863
downwards_rotate,downwards_sensor_sweep_120-20260625-124815,TesolloDownwardsRotateZ,TesolloDownwardsRotateZ-20260625-201219-downwardsrotatez_sb_baseline_s1,baseline,1,3,46,2.3,4.64138,2.25936,3.36005,0.12901,0.62279,11.0126,3682863
downwards_rotate,downwards_sensor_sweep_120-20260625-124815,TesolloDownwardsRotateZ,TesolloDownwardsRotateZ-20260625-201219-downwardsrotatez_sb_baseline_s1,baseline,1,3,47,2.35,4.62901,2.00944,3.48932,0.13116,0.65008,10.90901,3682863
downwards_rotate,downwards_sensor_sweep_120-20260625-124815,TesolloDownwardsRotateZ,TesolloDownwardsRotateZ-20260625-201219-downwardsrotatez_sb_baseline_s1,baseline,1,3,48,2.4,4.61387,1.93291,3.5475,0.12895,0.66764,10.89085,3682863
downwards_rotate,downwards_sensor_sweep_120-20260625-124815,TesolloDownwardsRotateZ,TesolloDownwardsRotateZ-20260625-201219-downwardsrotatez_sb_baseline_s1,baseline,1,3,49,2.45,4.60128,1.90133,3.60358,0.12637,0.67823,10.91079,3682863
downwards_rotate,downwards_sensor_sweep_120-20260625-124815,TesolloDownwardsRotateZ,TesolloDownwardsRotateZ-20260625-201219-downwardsrotatez_sb_baseline_s1,baseline,1,3,50,2.5,4.55167,1.9419,3.77369,0.19319,0.62566,11.0861,3682863
downwards_rotate,downwards_sensor_sweep_120-20260625-124815,TesolloDownwardsRotateZ,TesolloDownwardsRotateZ-20260625-201219-downwardsrotatez_sb_baseline_s1,baseline,1,3,51,2.55,4.4571,1.78875,4.01448,0.06524,0.48098,10.80656,3682863
downwards_rotate,downwards_sensor_sweep_120-20260625-124815,TesolloDownwardsRotateZ,TesolloDownwardsRotateZ-20260625-201219-downwardsrotatez_sb_baseline_s1,baseline,1,3,52,2.6,4.30471,1.6286,4.0614,0.07914,0.52639,10.60024,3682863
downwards_rotate,downwards_sensor_sweep_120-20260625-124815,TesolloDownwardsRotateZ,TesolloDownwardsRotateZ-20260625-201219-downwardsrotatez_sb_baseline_s1,baseline,1,3,53,2.65,4.14081,1.68262,4.01867,0.13324,0.62932,10.60466,3682863
downwards_rotate,downwards_sensor_sweep_120-20260625-124815,TesolloDownwardsRotateZ,TesolloDownwardsRotateZ-20260625-201219-downwardsrotatez_sb_baseline_s1,baseline,1,3,54,2.7,4.26099,1.89723,3.93541,0.20158,0.701,10.99621,3682863
downwards_rotate,downwards_sensor_sweep_120-20260625-124815,TesolloDownwardsRotateZ,TesolloDownwardsRotateZ-20260625-201219-downwardsrotatez_sb_baseline_s1,baseline,1,3,55,2.75,4.33877,1.85836,3.94373,0.23324,0.72133,11.09544,3682863
downwards_rotate,downwards_sensor_sweep_120-20260625-124815,TesolloDownwardsRotateZ,TesolloDownwardsRotateZ-20260625-201219-downwardsrotatez_sb_baseline_s1,baseline,1,3,56,2.8,4.42164,2.36943,3.74428,0.13634,0.68847,11.36016,3682863
downwards_rotate,downwards_sensor_sweep_120-20260625-124815,TesolloDownwardsRotateZ,TesolloDownwardsRotateZ-20260625-201219-downwardsrotatez_sb_baseline_s1,baseline,1,3,57,2.85,4.39488,2.66115,3.302,0.09764,0.7833,11.23897,3682863
downwards_rotate,downwards_sensor_sweep_120-20260625-124815,TesolloDownwardsRotateZ,TesolloDownwardsRotateZ-20260625-201219-downwardsrotatez_sb_baseline_s1,baseline,1,3,58,2.9,4.36279,3.09111,2.88589,0.20919,0.7435,11.29249,3682863
downwards_rotate,downwards_sensor_sweep_120-20260625-124815,TesolloDownwardsRotateZ,TesolloDownwardsRotateZ-20260625-201219-downwardsrotatez_sb_baseline_s1,baseline,1,3,59,2.95,4.49341,2.99112,2.84898,0.27623,0.75219,11.36192,3682863
downwards_rotate,downwards_sensor_sweep_120-20260625-124815,TesolloDownwardsRotateZ,TesolloDownwardsRotateZ-20260625-201219-downwardsrotatez_sb_baseline_s1,baseline,1,3,60,3.0,4.46679,3.41055,2.45054,0.3571,0.46033,11.14531,3682863
downwards_rotate,downwards_sensor_sweep_120-20260625-124815,TesolloDownwardsRotateZ,TesolloDownwardsRotateZ-20260625-201219-downwardsrotatez_sb_baseline_s1,baseline,1,3,61,3.05,4.55436,3.33892,2.34382,0.46925,0.38171,11.08805,3682863
downwards_rotate,downwards_sensor_sweep_120-20260625-124815,TesolloDownwardsRotateZ,TesolloDownwardsRotateZ-20260625-201219-downwardsrotatez_sb_baseline_s1,baseline,1,3,62,3.1,4.56928,3.31348,1.82391,0.70286,0.38531,10.79484,3682863
downwards_rotate,downwards_sensor_sweep_120-20260625-124815,TesolloDownwardsRotateZ,TesolloDownwardsRotateZ-20260625-201219-downwardsrotatez_sb_baseline_s1,baseline,1,3,63,3.15,4.24084,3.63493,0.61747,2.30728,2.41887,13.21939,3682863
downwards_rotate,downwards_sensor_sweep_120-20260625-124815,TesolloDownwardsRotateZ,TesolloDownwardsRotateZ-20260625-201219-downwardsrotatez_sb_baseline_s1,baseline,1,3,64,3.2,4.06657,3.73681,0.0,1.61444,0.1623,9.58012,3682863
downwards_rotate,downwards_sensor_sweep_120-20260625-124815,TesolloDownwardsRotateZ,TesolloDownwardsRotateZ-20260625-201219-downwardsrotatez_sb_baseline_s1,baseline,1,3,65,3.25,4.4419,2.68314,0.0,2.97746,0.0,10.1025,3682863
downwards_rotate,downwards_sensor_sweep_120-20260625-124815,TesolloDownwardsRotateZ,TesolloDownwardsRotateZ-20260625-201219-downwardsrotatez_sb_baseline_s1,baseline,1,3,66,3.3,4.22398,4.00352,0.0,1.95729,0.14918,10.33397,3682863
downwards_rotate,downwards_sensor_sweep_120-20260625-124815,TesolloDownwardsRotateZ,TesolloDownwardsRotateZ-20260625-201219-downwardsrotatez_sb_baseline_s1,baseline,1,3,67,3.35,4.46588,3.59028,0.97855,1.7238,0.10335,10.86186,3682863
downwards_rotate,downwards_sensor_sweep_120-20260625-124815,TesolloDownwardsRotateZ,TesolloDownwardsRotateZ-20260625-201219-downwardsrotatez_sb_baseline_s1,baseline,1,3,68,3.4,4.49744,3.58644,1.09043,1.56871,0.14537,10.88838,3682863
downwards_rotate,downwards_sensor_sweep_120-20260625-124815,TesolloDownwardsRotateZ,TesolloDownwardsRotateZ-20260625-201219-downwardsrotatez_sb_baseline_s1,baseline,1,3,69,3.45,4.61609,3.45261,1.63572,1.08521,0.15777,10.94741,3682863
downwards_rotate,downwards_sensor_sweep_120-20260625-124815,TesolloDownwardsRotateZ,TesolloDownwardsRotateZ-20260625-201219-downwardsrotatez_sb_baseline_s1,baseline,1,3,70,3.5,4.54058,2.90581,2.55422,0.52986,0.1083,10.63878,3682863
downwards_rotate,downwards_sensor_sweep_120-20260625-124815,TesolloDownwardsRotateZ,TesolloDownwardsRotateZ-20260625-201219-downwardsrotatez_sb_baseline_s1,baseline,1,3,71,3.55,4.59251,2.53172,3.39114,0.10329,0.0,10.61866,3682863
downwards_rotate,downwards_sensor_sweep_120-20260625-124815,TesolloDownwardsRotateZ,TesolloDownwardsRotateZ-20260625-201219-downwardsrotatez_sb_baseline_s1,baseline,1,3,72,3.6,4.56876,2.43873,3.60398,0.00355,0.0,10.61503,3682863
downwards_rotate,downwards_sensor_sweep_120-20260625-124815,TesolloDownwardsRotateZ,TesolloDownwardsRotateZ-20260625-201219-downwardsrotatez_sb_baseline_s1,baseline,1,3,73,3.65,4.64976,2.42453,3.6397,0.0,0.0,10.71399,3682863
downwards_rotate,downwards_sensor_sweep_120-20260625-124815,TesolloDownwardsRotateZ,TesolloDownwardsRotateZ-20260625-201219-downwardsrotatez_sb_baseline_s1,baseline,1,3,74,3.7,4.68905,2.41255,3.66738,0.0,0.0,10.76898,3682863
downwards_rotate,downwards_sensor_sweep_120-20260625-124815,TesolloDownwardsRotateZ,TesolloDownwardsRotateZ-20260625-201219-downwardsrotatez_sb_baseline_s1,baseline,1,3,75,3.75,4.58321,2.43544,4.34608,0.0,0.0,11.36473,3682863
downwards_rotate,downwards_sensor_sweep_120-20260625-124815,TesolloDownwardsRotateZ,TesolloDownwardsRotateZ-20260625-201219-downwardsrotatez_sb_baseline_s1,baseline,1,3,76,3.8,4.97946,2.07217,3.43044,0.22942,0.10809,10.81957,3682863
downwards_rotate,downwards_sensor_sweep_120-20260625-124815,TesolloDownwardsRotateZ,TesolloDownwardsRotateZ-20260625-201219-downwardsrotatez_sb_baseline_s1,baseline,1,3,77,3.85,4.92764,1.96497,3.85346,0.0,0.03982,10.78591,3682863
downwards_rotate,downwards_sensor_sweep_120-20260625-124815,TesolloDownwardsRotateZ,TesolloDownwardsRotateZ-20260625-201219-downwardsrotatez_sb_baseline_s1,baseline,1,3,78,3.9,4.85257,1.69334,3.88969,0.0,0.0,10.4356,3682863
downwards_rotate,downwards_sensor_sweep_120-20260625-124815,TesolloDownwardsRotateZ,TesolloDownwardsRotateZ-20260625-201219-downwardsrotatez_sb_baseline_s1,baseline,1,3,79,3.95,4.6638,1.57606,3.86825,0.07301,0.0,10.18112,3682863
downwards_rotate,downwards_sensor_sweep_120-20260625-124815,TesolloDownwardsRotateZ,TesolloDownwardsRotateZ-20260625-201219-downwardsrotatez_sb_baseline_s1,baseline,1,3,80,4.0,4.74674,1.59338,3.95916,0.0,0.0,10.29928,3682863
downwards_rotate,downwards_sensor_sweep_120-20260625-124815,TesolloDownwardsRotateZ,TesolloDownwardsRotateZ-20260625-201219-downwardsrotatez_sb_baseline_s1,baseline,1,3,81,4.05,4.63429,1.62078,3.88768,0.16798,0.17415,10.48488,3682863
downwards_rotate,downwards_sensor_sweep_120-20260625-124815,TesolloDownwardsRotateZ,TesolloDownwardsRotateZ-20260625-201219-downwardsrotatez_sb_baseline_s1,baseline,1,3,82,4.1,4.33061,1.43013,2.89394,1.99688,1.71955,12.37111,3682863
downwards_rotate,downwards_sensor_sweep_120-20260625-124815,TesolloDownwardsRotateZ,TesolloDownwardsRotateZ-20260625-201219-downwardsrotatez_sb_baseline_s1,baseline,1,3,83,4.15,4.7667,2.18941,3.79919,0.30096,0.17705,11.23331,3682863
downwards_rotate,downwards_sensor_sweep_120-20260625-124815,TesolloDownwardsRotateZ,TesolloDownwardsRotateZ-20260625-201219-downwardsrotatez_sb_baseline_s1,baseline,1,3,84,4.2,4.74301,2.40179,3.57751,0.15986,0.0,10.88217,3682863
downwards_rotate,downwards_sensor_sweep_120-20260625-124815,TesolloDownwardsRotateZ,TesolloDownwardsRotateZ-20260625-201219-downwardsrotatez_sb_baseline_s1,baseline,1,3,85,4.25,4.77969,2.85701,2.9862,0.17333,0.0,10.79622,3682863
downwards_rotate,downwards_sensor_sweep_120-20260625-124815,TesolloDownwardsRotateZ,TesolloDownwardsRotateZ-20260625-201219-downwardsrotatez_sb_baseline_s1,baseline,1,3,86,4.3,4.75465,3.07821,2.69031,0.20807,0.0,10.73125,3682863
downwards_rotate,downwards_sensor_sweep_120-20260625-124815,TesolloDownwardsRotateZ,TesolloDownwardsRotateZ-20260625-201219-downwardsrotatez_sb_baseline_s1,baseline,1,3,87,4.35,4.73512,3.09816,2.67849,0.2252,0.0,10.73696,3682863
downwards_rotate,downwards_sensor_sweep_120-20260625-124815,TesolloDownwardsRotateZ,TesolloDownwardsRotateZ-20260625-201219-downwardsrotatez_sb_baseline_s1,baseline,1,3,88,4.4,4.7359,3.06736,2.72179,0.26106,0.0,10.7861,3682863
downwards_rotate,downwards_sensor_sweep_120-20260625-124815,TesolloDownwardsRotateZ,TesolloDownwardsRotateZ-20260625-201219-downwardsrotatez_sb_baseline_s1,baseline,1,3,89,4.45,4.85307,3.17271,2.55875,0.30043,0.0,10.88495,3682863
downwards_rotate,downwards_sensor_sweep_120-20260625-124815,TesolloDownwardsRotateZ,TesolloDownwardsRotateZ-20260625-201219-downwardsrotatez_sb_baseline_s1,baseline,1,3,90,4.5,4.78534,3.27161,2.48681,0.32199,0.0,10.86575,3682863
downwards_rotate,downwards_sensor_sweep_120-20260625-124815,TesolloDownwardsRotateZ,TesolloDownwardsRotateZ-20260625-201219-downwardsrotatez_sb_baseline_s1,baseline,1,3,91,4.55,4.77277,3.23622,2.47548,0.41613,0.0,10.9006,3682863
downwards_rotate,downwards_sensor_sweep_120-20260625-124815,TesolloDownwardsRotateZ,TesolloDownwardsRotateZ-20260625-201219-downwardsrotatez_sb_baseline_s1,baseline,1,3,92,4.6,4.76676,3.20572,2.44673,0.47962,0.0,10.89883,3682863
downwards_rotate,downwards_sensor_sweep_120-20260625-124815,TesolloDownwardsRotateZ,TesolloDownwardsRotateZ-20260625-201219-downwardsrotatez_sb_baseline_s1,baseline,1,3,93,4.65,4.76003,3.18256,2.42515,0.53063,0.0,10.89837,3682863
downwards_rotate,downwards_sensor_sweep_120-20260625-124815,TesolloDownwardsRotateZ,TesolloDownwardsRotateZ-20260625-201219-downwardsrotatez_sb_baseline_s1,baseline,1,3,94,4.7,4.75469,3.16963,2.41685,0.57392,0.0,10.9151,3682863
downwards_rotate,downwards_sensor_sweep_120-20260625-124815,TesolloDownwardsRotateZ,TesolloDownwardsRotateZ-20260625-201219-downwardsrotatez_sb_baseline_s1,baseline,1,3,95,4.75,4.80784,3.33678,2.24372,0.55951,0.0,10.94785,3682863
downwards_rotate,downwards_sensor_sweep_120-20260625-124815,TesolloDownwardsRotateZ,TesolloDownwardsRotateZ-20260625-201219-downwardsrotatez_sb_baseline_s1,baseline,1,3,96,4.8,4.76578,3.32316,2.28616,0.58308,0.0,10.95818,3682863
downwards_rotate,downwards_sensor_sweep_120-20260625-124815,TesolloDownwardsRotateZ,TesolloDownwardsRotateZ-20260625-201219-downwardsrotatez_sb_baseline_s1,baseline,1,3,97,4.85,4.76727,3.2531,2.32859,0.5932,0.0,10.94216,3682863
downwards_rotate,downwards_sensor_sweep_120-20260625-124815,TesolloDownwardsRotateZ,TesolloDownwardsRotateZ-20260625-201219-downwardsrotatez_sb_baseline_s1,baseline,1,3,98,4.9,4.78914,3.19699,2.28695,0.62356,0.0,10.89664,3682863
downwards_rotate,downwards_sensor_sweep_120-20260625-124815,TesolloDownwardsRotateZ,TesolloDownwardsRotateZ-20260625-201219-downwardsrotatez_sb_baseline_s1,baseline,1,3,99,4.95,4.79133,3.17343,2.09869,0.71183,0.0,10.77527,3682863
downwards_rotate,downwards_sensor_sweep_120-20260625-124815,TesolloDownwardsRotateZ,TesolloDownwardsRotateZ-20260625-201219-downwardsrotatez_sb_baseline_s1,baseline,1,3,100,5.0,4.75498,3.17909,1.78744,0.85985,0.0,10.58136,3682863
downwards_rotate,downwards_sensor_sweep_120-20260625-124815,TesolloDownwardsRotateZ,TesolloDownwardsRotateZ-20260625-201219-downwardsrotatez_sb_baseline_s1,baseline,1,3,101,5.05,4.7585,3.21137,1.59413,0.99727,0.0,10.56127,3682863
downwards_rotate,downwards_sensor_sweep_120-20260625-124815,TesolloDownwardsRotateZ,TesolloDownwardsRotateZ-20260625-201219-downwardsrotatez_sb_baseline_s1,baseline,1,3,102,5.1,4.8139,3.43033,1.31199,1.07305,0.0,10.62928,3682863
downwards_rotate,downwards_sensor_sweep_120-20260625-124815,TesolloDownwardsRotateZ,TesolloDownwardsRotateZ-20260625-201219-downwardsrotatez_sb_baseline_s1,baseline,1,3,103,5.15,4.6228,3.51976,0.97549,1.15924,0.0,10.27729,3682863
downwards_rotate,downwards_sensor_sweep_120-20260625-124815,TesolloDownwardsRotateZ,TesolloDownwardsRotateZ-20260625-201219-downwardsrotatez_sb_baseline_s1,baseline,1,3,104,5.2,4.46769,3.47688,0.9343,1.34709,0.0,10.22596,3682863
downwards_rotate,downwards_sensor_sweep_120-20260625-124815,TesolloDownwardsRotateZ,TesolloDownwardsRotateZ-20260625-201219-downwardsrotatez_sb_baseline_s1,baseline,1,3,105,5.25,4.19748,3.81759,0.0,1.85377,0.0,9.86884,3682863
downwards_rotate,downwards_sensor_sweep_120-20260625-124815,TesolloDownwardsRotateZ,TesolloDownwardsRotateZ-20260625-201219-downwardsrotatez_sb_baseline_s1,baseline,1,3,106,5.3,4.27852,3.87136,0.0,1.78726,0.0,9.93715,3682863
downwards_rotate,downwards_sensor_sweep_120-20260625-124815,TesolloDownwardsRotateZ,TesolloDownwardsRotateZ-20260625-201219-downwardsrotatez_sb_baseline_s1,baseline,1,3,107,5.35,5.28471,2.54116,1.9501,1.89005,0.0,11.66602,3682863
downwards_rotate,downwards_sensor_sweep_120-20260625-124815,TesolloDownwardsRotateZ,TesolloDownwardsRotateZ-20260625-201219-downwardsrotatez_sb_baseline_s1,baseline,1,3,108,5.4,4.65591,3.56395,1.10985,1.36484,0.0,10.69455,3682863
downwards_rotate,downwards_sensor_sweep_120-20260625-124815,TesolloDownwardsRotateZ,TesolloDownwardsRotateZ-20260625-201219-downwardsrotatez_sb_baseline_s1,baseline,1,3,109,5.45,4.61013,3.01929,2.26134,0.63567,0.0,10.52643,3682863
downwards_rotate,downwards_sensor_sweep_120-20260625-124815,TesolloDownwardsRotateZ,TesolloDownwardsRotateZ-20260625-201219-downwardsrotatez_sb_baseline_s1,baseline,1,3,110,5.5,4.39513,2.46707,3.25618,0.01243,0.0,10.1308,3682863
downwards_rotate,downwards_sensor_sweep_120-20260625-124815,TesolloDownwardsRotateZ,TesolloDownwardsRotateZ-20260625-201219-downwardsrotatez_sb_baseline_s1,baseline,1,3,111,5.55,4.702,2.34549,3.29159,0.0,0.0,10.33909,3682863
downwards_rotate,downwards_sensor_sweep_120-20260625-124815,TesolloDownwardsRotateZ,TesolloDownwardsRotateZ-20260625-201219-downwardsrotatez_sb_baseline_s1,baseline,1,3,112,5.6,4.86341,1.9059,3.46261,0.0,0.0,10.23192,3682863
downwards_rotate,downwards_sensor_sweep_120-20260625-124815,TesolloDownwardsRotateZ,TesolloDownwardsRotateZ-20260625-201219-downwardsrotatez_sb_baseline_s1,baseline,1,3,113,5.65,4.76317,1.40278,3.19872,0.36209,0.0,9.72675,3682863
downwards_rotate,downwards_sensor_sweep_120-20260625-124815,TesolloDownwardsRotateZ,TesolloDownwardsRotateZ-20260625-201219-downwardsrotatez_sb_baseline_s1,baseline,1,3,114,5.7,4.15631,0.0,4.10937,0.0,0.0,8.26568,3682863
downwards_rotate,downwards_sensor_sweep_120-20260625-124815,TesolloDownwardsRotateZ,TesolloDownwardsRotateZ-20260625-201219-downwardsrotatez_sb_baseline_s1,baseline,1,3,115,5.75,5.01786,1.6592,4.04455,0.0,0.0,10.72161,3682863
downwards_rotate,downwards_sensor_sweep_120-20260625-124815,TesolloDownwardsRotateZ,TesolloDownwardsRotateZ-20260625-201219-downwardsrotatez_sb_baseline_s1,baseline,1,3,116,5.8,5.1774,2.04799,3.44114,0.0,0.0,10.66653,3682863
downwards_rotate,downwards_sensor_sweep_120-20260625-124815,TesolloDownwardsRotateZ,TesolloDownwardsRotateZ-20260625-201219-downwardsrotatez_sb_baseline_s1,baseline,1,3,117,5.85,5.23154,1.87801,3.59199,0.0,0.0,10.70154,3682863
downwards_rotate,downwards_sensor_sweep_120-20260625-124815,TesolloDownwardsRotateZ,TesolloDownwardsRotateZ-20260625-201219-downwardsrotatez_sb_baseline_s1,baseline,1,3,118,5.9,4.95365,1.84731,3.63462,0.0,0.0,10.43559,3682863
downwards_rotate,downwards_sensor_sweep_120-20260625-124815,TesolloDownwardsRotateZ,TesolloDownwardsRotateZ-20260625-201219-downwardsrotatez_sb_baseline_s1,baseline,1,3,119,5.95,4.99762,2.11513,3.60532,0.0,0.0,10.71806,3682863
downwards_rotate,downwards_sensor_sweep_120-20260625-124815,TesolloDownwardsRotateZ,TesolloDownwardsRotateZ-20260625-201219-downwardsrotatez_sb_baseline_s1,baseline,1,4,0,0.0,0.0,0.0,0.0,0.0,0.0,0.0,3682863
downwards_rotate,downwards_sensor_sweep_120-20260625-124815,TesolloDownwardsRotateZ,TesolloDownwardsRotateZ-20260625-201219-downwardsrotatez_sb_baseline_s1,baseline,1,4,1,0.05,0.0,0.0,0.0,0.0,0.0,0.0,3682863
downwards_rotate,downwards_sensor_sweep_120-20260625-124815,TesolloDownwardsRotateZ,TesolloDownwardsRotateZ-20260625-201219-downwardsrotatez_sb_baseline_s1,baseline,1,4,2,0.1,0.0,0.0,0.0,0.0,0.0,0.0,3682863
downwards_rotate,downwards_sensor_sweep_120-20260625-124815,TesolloDownwardsRotateZ,TesolloDownwardsRotateZ-20260625-201219-downwardsrotatez_sb_baseline_s1,baseline,1,4,3,0.15,0.0,0.0,0.0,0.0,0.0,0.0,3682863
downwards_rotate,downwards_sensor_sweep_120-20260625-124815,TesolloDownwardsRotateZ,TesolloDownwardsRotateZ-20260625-201219-downwardsrotatez_sb_baseline_s1,baseline,1,4,4,0.2,0.0,0.0,0.0,0.0,0.0,0.0,3682863
downwards_rotate,downwards_sensor_sweep_120-20260625-124815,TesolloDownwardsRotateZ,TesolloDownwardsRotateZ-20260625-201219-downwardsrotatez_sb_baseline_s1,baseline,1,4,5,0.25,0.0,0.0,0.0,0.0,0.0,0.0,3682863
downwards_rotate,downwards_sensor_sweep_120-20260625-124815,TesolloDownwardsRotateZ,TesolloDownwardsRotateZ-20260625-201219-downwardsrotatez_sb_baseline_s1,baseline,1,4,6,0.3,0.0,0.0,0.0,0.0,1.33144,1.33144,3682863
downwards_rotate,downwards_sensor_sweep_120-20260625-124815,TesolloDownwardsRotateZ,TesolloDownwardsRotateZ-20260625-201219-downwardsrotatez_sb_baseline_s1,baseline,1,4,7,0.35,0.0,0.0,0.0,0.0,1.10902,1.10902,3682863
downwards_rotate,downwards_sensor_sweep_120-20260625-124815,TesolloDownwardsRotateZ,TesolloDownwardsRotateZ-20260625-201219-downwardsrotatez_sb_baseline_s1,baseline,1,4,8,0.4,0.0,0.0,0.0,0.0,1.18597,1.18597,3682863
downwards_rotate,downwards_sensor_sweep_120-20260625-124815,TesolloDownwardsRotateZ,TesolloDownwardsRotateZ-20260625-201219-downwardsrotatez_sb_baseline_s1,baseline,1,4,9,0.45,0.06931,0.0,0.86021,0.0,0.0,0.92952,3682863
downwards_rotate,downwards_sensor_sweep_120-20260625-124815,TesolloDownwardsRotateZ,TesolloDownwardsRotateZ-20260625-201219-downwardsrotatez_sb_baseline_s1,baseline,1,4,10,0.5,4.3149,0.0,1.63831,1.61072,1.09654,8.66049,3682863
downwards_rotate,downwards_sensor_sweep_120-20260625-124815,TesolloDownwardsRotateZ,TesolloDownwardsRotateZ-20260625-201219-downwardsrotatez_sb_baseline_s1,baseline,1,4,11,0.55,3.18002,0.0,0.0,2.00553,1.19897,6.38452,3682863
downwards_rotate,downwards_sensor_sweep_120-20260625-124815,TesolloDownwardsRotateZ,TesolloDownwardsRotateZ-20260625-201219-downwardsrotatez_sb_baseline_s1,baseline,1,4,12,0.6,3.75563,1.6192,1.48177,1.3962,1.01693,9.26973,3682863
downwards_rotate,downwards_sensor_sweep_120-20260625-124815,TesolloDownwardsRotateZ,TesolloDownwardsRotateZ-20260625-201219-downwardsrotatez_sb_baseline_s1,baseline,1,4,13,0.65,3.98562,1.37629,1.79441,1.07968,1.18934,9.42533,3682863
downwards_rotate,downwards_sensor_sweep_120-20260625-124815,TesolloDownwardsRotateZ,TesolloDownwardsRotateZ-20260625-201219-downwardsrotatez_sb_baseline_s1,baseline,1,4,14,0.7,3.90155,1.38823,1.85883,0.87157,0.95628,8.97646,3682863
downwards_rotate,downwards_sensor_sweep_120-20260625-124815,TesolloDownwardsRotateZ,TesolloDownwardsRotateZ-20260625-201219-downwardsrotatez_sb_baseline_s1,baseline,1,4,15,0.75,4.0324,1.24987,1.83668,0.99668,0.0,8.11564,3682863
downwards_rotate,downwards_sensor_sweep_120-20260625-124815,TesolloDownwardsRotateZ,TesolloDownwardsRotateZ-20260625-201219-downwardsrotatez_sb_baseline_s1,baseline,1,4,16,0.8,2.54792,1.03938,2.23451,1.0342,0.0,6.85602,3682863
downwards_rotate,downwards_sensor_sweep_120-20260625-124815,TesolloDownwardsRotateZ,TesolloDownwardsRotateZ-20260625-201219-downwardsrotatez_sb_baseline_s1,baseline,1,4,17,0.85,2.16851,0.94566,2.43454,0.82674,0.0,6.37545,3682863
downwards_rotate,downwards_sensor_sweep_120-20260625-124815,TesolloDownwardsRotateZ,TesolloDownwardsRotateZ-20260625-201219-downwardsrotatez_sb_baseline_s1,baseline,1,4,18,0.9,2.05736,0.7779,2.52405,0.91805,0.0,6.27737,3682863
downwards_rotate,downwards_sensor_sweep_120-20260625-124815,TesolloDownwardsRotateZ,TesolloDownwardsRotateZ-20260625-201219-downwardsrotatez_sb_baseline_s1,baseline,1,4,19,0.95,3.7929,0.0,2.57751,1.19618,0.0,7.56659,3682863
downwards_rotate,downwards_sensor_sweep_120-20260625-124815,TesolloDownwardsRotateZ,TesolloDownwardsRotateZ-20260625-201219-downwardsrotatez_sb_baseline_s1,baseline,1,4,20,1.0,2.5391,0.63111,2.74115,1.4817,0.0,7.39305,3682863
downwards_rotate,downwards_sensor_sweep_120-20260625-124815,TesolloDownwardsRotateZ,TesolloDownwardsRotateZ-20260625-201219-downwardsrotatez_sb_baseline_s1,baseline,1,4,21,1.05,4.58736,0.0,2.46933,2.22787,0.0,9.28456,3682863
downwards_rotate,downwards_sensor_sweep_120-20260625-124815,TesolloDownwardsRotateZ,TesolloDownwardsRotateZ-20260625-201219-downwardsrotatez_sb_baseline_s1,baseline,1,4,22,1.1,3.86504,0.0,2.04954,2.61845,0.0,8.53303,3682863
downwards_rotate,downwards_sensor_sweep_120-20260625-124815,TesolloDownwardsRotateZ,TesolloDownwardsRotateZ-20260625-201219-downwardsrotatez_sb_baseline_s1,baseline,1,4,23,1.15,4.36409,0.0,0.65193,3.70041,0.0,8.71643,3682863
downwards_rotate,downwards_sensor_sweep_120-20260625-124815,TesolloDownwardsRotateZ,TesolloDownwardsRotateZ-20260625-201219-downwardsrotatez_sb_baseline_s1,baseline,1,4,24,1.2,3.90472,0.0,0.95773,2.91013,0.0,7.77258,3682863
downwards_rotate,downwards_sensor_sweep_120-20260625-124815,TesolloDownwardsRotateZ,TesolloDownwardsRotateZ-20260625-201219-downwardsrotatez_sb_baseline_s1,baseline,1,4,25,1.25,3.35561,0.0,0.0,3.22717,0.0,6.58278,3682863
downwards_rotate,downwards_sensor_sweep_120-20260625-124815,TesolloDownwardsRotateZ,TesolloDownwardsRotateZ-20260625-201219-downwardsrotatez_sb_baseline_s1,baseline,1,4,26,1.3,3.08596,0.0,0.0,2.85368,0.0,5.93964,3682863
downwards_rotate,downwards_sensor_sweep_120-20260625-124815,TesolloDownwardsRotateZ,TesolloDownwardsRotateZ-20260625-201219-downwardsrotatez_sb_baseline_s1,baseline,1,4,27,1.35,2.85702,0.0,0.0,2.84337,0.0,5.70039,3682863
downwards_rotate,downwards_sensor_sweep_120-20260625-124815,TesolloDownwardsRotateZ,TesolloDownwardsRotateZ-20260625-201219-downwardsrotatez_sb_baseline_s1,baseline,1,4,28,1.4,2.9601,0.0,0.0,2.8635,0.0,5.8236,3682863
downwards_rotate,downwards_sensor_sweep_120-20260625-124815,TesolloDownwardsRotateZ,TesolloDownwardsRotateZ-20260625-201219-downwardsrotatez_sb_baseline_s1,baseline,1,4,29,1.45,2.95924,0.0,0.0,2.66755,0.0,5.62679,3682863
downwards_rotate,downwards_sensor_sweep_120-20260625-124815,TesolloDownwardsRotateZ,TesolloDownwardsRotateZ-20260625-201219-downwardsrotatez_sb_baseline_s1,baseline,1,4,30,1.5,2.8807,0.0,0.0,2.57036,0.0,5.45106,3682863
downwards_rotate,downwards_sensor_sweep_120-20260625-124815,TesolloDownwardsRotateZ,TesolloDownwardsRotateZ-20260625-201219-downwardsrotatez_sb_baseline_s1,baseline,1,4,31,1.55,2.81811,0.0,0.0,2.4838,0.0,5.30192,3682863
downwards_rotate,downwards_sensor_sweep_120-20260625-124815,TesolloDownwardsRotateZ,TesolloDownwardsRotateZ-20260625-201219-downwardsrotatez_sb_baseline_s1,baseline,1,4,32,1.6,2.78685,0.0,0.0,2.4234,0.0,5.21025,3682863
downwards_rotate,downwards_sensor_sweep_120-20260625-124815,TesolloDownwardsRotateZ,TesolloDownwardsRotateZ-20260625-201219-downwardsrotatez_sb_baseline_s1,baseline,1,4,33,1.65,2.59662,0.0,0.0,2.61102,0.0,5.20764,3682863
downwards_rotate,downwards_sensor_sweep_120-20260625-124815,TesolloDownwardsRotateZ,TesolloDownwardsRotateZ-20260625-201219-downwardsrotatez_sb_baseline_s1,baseline,1,4,34,1.7,2.61203,0.0,0.0,2.43237,0.0,5.04441,3682863
downwards_rotate,downwards_sensor_sweep_120-20260625-124815,TesolloDownwardsRotateZ,TesolloDownwardsRotateZ-20260625-201219-downwardsrotatez_sb_baseline_s1,baseline,1,4,35,1.75,2.54979,0.0,0.0,2.44675,0.0,4.99654,3682863
downwards_rotate,downwards_sensor_sweep_120-20260625-124815,TesolloDownwardsRotateZ,TesolloDownwardsRotateZ-20260625-201219-downwardsrotatez_sb_baseline_s1,baseline,1,4,36,1.8,2.46808,0.0,0.0,2.37285,0.0,4.84093,3682863
downwards_rotate,downwards_sensor_sweep_120-20260625-124815,TesolloDownwardsRotateZ,TesolloDownwardsRotateZ-20260625-201219-downwardsrotatez_sb_baseline_s1,baseline,1,4,37,1.85,2.38623,0.0,0.0,2.30824,0.77571,5.47019,3682863
downwards_rotate,downwards_sensor_sweep_120-20260625-124815,TesolloDownwardsRotateZ,TesolloDownwardsRotateZ-20260625-201219-downwardsrotatez_sb_baseline_s1,baseline,1,4,38,1.9,2.31536,0.0,0.0,2.22017,0.0,4.53553,3682863
downwards_rotate,downwards_sensor_sweep_120-20260625-124815,TesolloDownwardsRotateZ,TesolloDownwardsRotateZ-20260625-201219-downwardsrotatez_sb_baseline_s1,baseline,1,4,39,1.95,2.59248,0.0,0.0,2.31012,0.0,4.9026,3682863
downwards_rotate,downwards_sensor_sweep_120-20260625-124815,TesolloDownwardsRotateZ,TesolloDownwardsRotateZ-20260625-201219-downwardsrotatez_sb_baseline_s1,baseline,1,4,40,2.0,2.53236,0.0,0.0,2.26655,0.0,4.7989,3682863
downwards_rotate,downwards_sensor_sweep_120-20260625-124815,TesolloDownwardsRotateZ,TesolloDownwardsRotateZ-20260625-201219-downwardsrotatez_sb_baseline_s1,baseline,1,4,41,2.05,1.04402,0.0,0.0,2.60817,0.0,3.65219,3682863
downwards_rotate,downwards_sensor_sweep_120-20260625-124815,TesolloDownwardsRotateZ,TesolloDownwardsRotateZ-20260625-201219-downwardsrotatez_sb_baseline_s1,baseline,1,4,42,2.1,1.14673,0.0,0.0,2.68541,0.0,3.83214,3682863
downwards_rotate,downwards_sensor_sweep_120-20260625-124815,TesolloDownwardsRotateZ,TesolloDownwardsRotateZ-20260625-201219-downwardsrotatez_sb_baseline_s1,baseline,1,4,43,2.15,0.0,0.0,0.0,3.10406,0.0,3.10406,3682863
downwards_rotate,downwards_sensor_sweep_120-20260625-124815,TesolloDownwardsRotateZ,TesolloDownwardsRotateZ-20260625-201219-downwardsrotatez_sb_baseline_s1,baseline,1,4,44,2.2,0.0,0.0,0.0,3.33211,0.0,3.33211,3682863
downwards_rotate,downwards_sensor_sweep_120-20260625-124815,TesolloDownwardsRotateZ,TesolloDownwardsRotateZ-20260625-201219-downwardsrotatez_sb_baseline_s1,baseline,1,4,45,2.25,0.0,0.0,0.0,3.78281,0.0,3.78281,3682863
downwards_rotate,downwards_sensor_sweep_120-20260625-124815,TesolloDownwardsRotateZ,TesolloDownwardsRotateZ-20260625-201219-downwardsrotatez_sb_baseline_s1,baseline,1,4,46,2.3,0.0,0.0,0.0,1.60462,2.76464,4.36926,3682863
downwards_rotate,downwards_sensor_sweep_120-20260625-124815,TesolloDownwardsRotateZ,TesolloDownwardsRotateZ-20260625-201219-downwardsrotatez_sb_baseline_s1,baseline,1,4,47,2.35,0.0,0.0,0.0,1.8431,2.74638,4.58948,3682863
downwards_rotate,downwards_sensor_sweep_120-20260625-124815,TesolloDownwardsRotateZ,TesolloDownwardsRotateZ-20260625-201219-downwardsrotatez_sb_baseline_s1,baseline,1,4,48,2.4,0.0,0.0,0.0,1.26015,2.73856,3.9987,3682863
downwards_rotate,downwards_sensor_sweep_120-20260625-124815,TesolloDownwardsRotateZ,TesolloDownwardsRotateZ-20260625-201219-downwardsrotatez_sb_baseline_s1,baseline,1,4,49,2.45,0.0,0.0,0.0,1.34166,2.4186,3.76026,3682863
downwards_rotate,downwards_sensor_sweep_120-20260625-124815,TesolloDownwardsRotateZ,TesolloDownwardsRotateZ-20260625-201219-downwardsrotatez_sb_baseline_s1,baseline,1,4,50,2.5,0.0,0.0,0.0,1.08222,2.89015,3.97237,3682863
downwards_rotate,downwards_sensor_sweep_120-20260625-124815,TesolloDownwardsRotateZ,TesolloDownwardsRotateZ-20260625-201219-downwardsrotatez_sb_baseline_s1,baseline,1,4,51,2.55,0.0,0.0,0.0,0.95089,3.06424,4.01513,3682863
downwards_rotate,downwards_sensor_sweep_120-20260625-124815,TesolloDownwardsRotateZ,TesolloDownwardsRotateZ-20260625-201219-downwardsrotatez_sb_baseline_s1,baseline,1,4,52,2.6,0.0,0.0,0.0,0.85747,3.12412,3.98159,3682863
downwards_rotate,downwards_sensor_sweep_120-20260625-124815,TesolloDownwardsRotateZ,TesolloDownwardsRotateZ-20260625-201219-downwardsrotatez_sb_baseline_s1,baseline,1,4,53,2.65,0.0,0.0,0.0,0.82665,3.18951,4.01615,3682863
downwards_rotate,downwards_sensor_sweep_120-20260625-124815,TesolloDownwardsRotateZ,TesolloDownwardsRotateZ-20260625-201219-downwardsrotatez_sb_baseline_s1,baseline,1,4,54,2.7,0.0,0.0,0.0,0.76594,3.0979,3.86384,3682863
downwards_rotate,downwards_sensor_sweep_120-20260625-124815,TesolloDownwardsRotateZ,TesolloDownwardsRotateZ-20260625-201219-downwardsrotatez_sb_baseline_s1,baseline,1,4,55,2.75,0.0,0.0,0.0,0.71451,3.04852,3.76303,3682863
downwards_rotate,downwards_sensor_sweep_120-20260625-124815,TesolloDownwardsRotateZ,TesolloDownwardsRotateZ-20260625-201219-downwardsrotatez_sb_baseline_s1,baseline,1,4,56,2.8,0.0,0.0,0.0,0.6759,3.03121,3.70711,3682863
downwards_rotate,downwards_sensor_sweep_120-20260625-124815,TesolloDownwardsRotateZ,TesolloDownwardsRotateZ-20260625-201219-downwardsrotatez_sb_baseline_s1,baseline,1,4,57,2.85,0.0,0.0,0.0,0.64896,3.02212,3.67107,3682863
downwards_rotate,downwards_sensor_sweep_120-20260625-124815,TesolloDownwardsRotateZ,TesolloDownwardsRotateZ-20260625-201219-downwardsrotatez_sb_baseline_s1,baseline,1,4,58,2.9,0.0,0.0,0.0,0.62836,3.02482,3.65317,3682863
downwards_rotate,downwards_sensor_sweep_120-20260625-124815,TesolloDownwardsRotateZ,TesolloDownwardsRotateZ-20260625-201219-downwardsrotatez_sb_baseline_s1,baseline,1,4,59,2.95,0.0,0.0,0.0,0.60447,3.04026,3.64473,3682863
downwards_rotate,downwards_sensor_sweep_120-20260625-124815,TesolloDownwardsRotateZ,TesolloDownwardsRotateZ-20260625-201219-downwardsrotatez_sb_baseline_s1,baseline,1,4,60,3.0,0.0,0.0,0.0,0.57491,3.05715,3.63207,3682863
downwards_rotate,downwards_sensor_sweep_120-20260625-124815,TesolloDownwardsRotateZ,TesolloDownwardsRotateZ-20260625-201219-downwardsrotatez_sb_baseline_s1,baseline,1,4,61,3.05,0.0,0.0,0.0,0.55462,3.07621,3.63084,3682863
downwards_rotate,downwards_sensor_sweep_120-20260625-124815,TesolloDownwardsRotateZ,TesolloDownwardsRotateZ-20260625-201219-downwardsrotatez_sb_baseline_s1,baseline,1,4,62,3.1,0.0,0.0,0.0,0.53087,3.1084,3.63927,3682863
downwards_rotate,downwards_sensor_sweep_120-20260625-124815,TesolloDownwardsRotateZ,TesolloDownwardsRotateZ-20260625-201219-downwardsrotatez_sb_baseline_s1,baseline,1,4,63,3.15,0.0,0.0,0.0,0.50176,3.14365,3.6454,3682863
downwards_rotate,downwards_sensor_sweep_120-20260625-124815,TesolloDownwardsRotateZ,TesolloDownwardsRotateZ-20260625-201219-downwardsrotatez_sb_baseline_s1,baseline,1,4,64,3.2,0.0,0.0,0.0,0.33731,3.25515,3.59246,3682863
downwards_rotate,downwards_sensor_sweep_120-20260625-124815,TesolloDownwardsRotateZ,TesolloDownwardsRotateZ-20260625-201219-downwardsrotatez_sb_baseline_s1,baseline,1,4,65,3.25,0.0,0.0,0.0,0.30489,3.50599,3.81088,3682863
downwards_rotate,downwards_sensor_sweep_120-20260625-124815,TesolloDownwardsRotateZ,TesolloDownwardsRotateZ-20260625-201219-downwardsrotatez_sb_baseline_s1,baseline,1,4,66,3.3,0.0,0.0,0.0,0.11059,3.33021,3.44081,3682863
downwards_rotate,downwards_sensor_sweep_120-20260625-124815,TesolloDownwardsRotateZ,TesolloDownwardsRotateZ-20260625-201219-downwardsrotatez_sb_baseline_s1,baseline,1,4,67,3.35,0.0,0.0,0.0,0.12017,3.30407,3.42425,3682863
downwards_rotate,downwards_sensor_sweep_120-20260625-124815,TesolloDownwardsRotateZ,TesolloDownwardsRotateZ-20260625-201219-downwardsrotatez_sb_baseline_s1,baseline,1,4,68,3.4,0.36782,0.0,0.0,0.0,3.28889,3.65671,3682863
downwards_rotate,downwards_sensor_sweep_120-20260625-124815,TesolloDownwardsRotateZ,TesolloDownwardsRotateZ-20260625-201219-downwardsrotatez_sb_baseline_s1,baseline,1,4,69,3.45,0.41332,0.0,0.0,0.0,3.23554,3.64886,3682863
downwards_rotate,downwards_sensor_sweep_120-20260625-124815,TesolloDownwardsRotateZ,TesolloDownwardsRotateZ-20260625-201219-downwardsrotatez_sb_baseline_s1,baseline,1,4,70,3.5,0.44318,0.0,0.0,0.0,3.14083,3.584,3682863
downwards_rotate,downwards_sensor_sweep_120-20260625-124815,TesolloDownwardsRotateZ,TesolloDownwardsRotateZ-20260625-201219-downwardsrotatez_sb_baseline_s1,baseline,1,4,71,3.55,0.46785,0.0,0.0,0.0,3.05651,3.52436,3682863
downwards_rotate,downwards_sensor_sweep_120-20260625-124815,TesolloDownwardsRotateZ,TesolloDownwardsRotateZ-20260625-201219-downwardsrotatez_sb_baseline_s1,baseline,1,4,72,3.6,0.48942,0.0,0.0,0.0,2.99631,3.48573,3682863
downwards_rotate,downwards_sensor_sweep_120-20260625-124815,TesolloDownwardsRotateZ,TesolloDownwardsRotateZ-20260625-201219-downwardsrotatez_sb_baseline_s1,baseline,1,4,73,3.65,0.50644,0.0,0.0,0.0,2.93919,3.44564,3682863
downwards_rotate,downwards_sensor_sweep_120-20260625-124815,TesolloDownwardsRotateZ,TesolloDownwardsRotateZ-20260625-201219-downwardsrotatez_sb_baseline_s1,baseline,1,4,74,3.7,0.52092,0.0,0.0,0.0,2.88442,3.40534,3682863
downwards_rotate,downwards_sensor_sweep_120-20260625-124815,TesolloDownwardsRotateZ,TesolloDownwardsRotateZ-20260625-201219-downwardsrotatez_sb_baseline_s1,baseline,1,4,75,3.75,0.53179,0.0,0.0,0.0,2.83447,3.36626,3682863
downwards_rotate,downwards_sensor_sweep_120-20260625-124815,TesolloDownwardsRotateZ,TesolloDownwardsRotateZ-20260625-201219-downwardsrotatez_sb_baseline_s1,baseline,1,4,76,3.8,0.5409,0.0,0.0,0.0,2.78583,3.32673,3682863
downwards_rotate,downwards_sensor_sweep_120-20260625-124815,TesolloDownwardsRotateZ,TesolloDownwardsRotateZ-20260625-201219-downwardsrotatez_sb_baseline_s1,baseline,1,4,77,3.85,0.55179,0.0,0.0,0.0,2.74186,3.29365,3682863
downwards_rotate,downwards_sensor_sweep_120-20260625-124815,TesolloDownwardsRotateZ,TesolloDownwardsRotateZ-20260625-201219-downwardsrotatez_sb_baseline_s1,baseline,1,4,78,3.9,0.56178,0.0,0.0,0.0,2.70371,3.26548,3682863
downwards_rotate,downwards_sensor_sweep_120-20260625-124815,TesolloDownwardsRotateZ,TesolloDownwardsRotateZ-20260625-201219-downwardsrotatez_sb_baseline_s1,baseline,1,4,79,3.95,0.57047,0.0,0.0,0.0,2.66943,3.23989,3682863
downwards_rotate,downwards_sensor_sweep_120-20260625-124815,TesolloDownwardsRotateZ,TesolloDownwardsRotateZ-20260625-201219-downwardsrotatez_sb_baseline_s1,baseline,1,4,80,4.0,0.57806,0.0,0.0,0.0,2.64249,3.22055,3682863
downwards_rotate,downwards_sensor_sweep_120-20260625-124815,TesolloDownwardsRotateZ,TesolloDownwardsRotateZ-20260625-201219-downwardsrotatez_sb_baseline_s1,baseline,1,4,81,4.05,0.58479,0.0,0.0,0.0,2.61803,3.20281,3682863
downwards_rotate,downwards_sensor_sweep_120-20260625-124815,TesolloDownwardsRotateZ,TesolloDownwardsRotateZ-20260625-201219-downwardsrotatez_sb_baseline_s1,baseline,1,4,82,4.1,0.58974,0.0,0.0,0.0,2.59492,3.18466,3682863
downwards_rotate,downwards_sensor_sweep_120-20260625-124815,TesolloDownwardsRotateZ,TesolloDownwardsRotateZ-20260625-201219-downwardsrotatez_sb_baseline_s1,baseline,1,4,83,4.15,0.59423,0.0,0.0,0.0,2.57782,3.17205,3682863
downwards_rotate,downwards_sensor_sweep_120-20260625-124815,TesolloDownwardsRotateZ,TesolloDownwardsRotateZ-20260625-201219-downwardsrotatez_sb_baseline_s1,baseline,1,4,84,4.2,0.59816,0.0,0.0,0.0,2.56085,3.15901,3682863
downwards_rotate,downwards_sensor_sweep_120-20260625-124815,TesolloDownwardsRotateZ,TesolloDownwardsRotateZ-20260625-201219-downwardsrotatez_sb_baseline_s1,baseline,1,4,85,4.25,0.60071,0.0,0.0,0.0,2.5453,3.14601,3682863
downwards_rotate,downwards_sensor_sweep_120-20260625-124815,TesolloDownwardsRotateZ,TesolloDownwardsRotateZ-20260625-201219-downwardsrotatez_sb_baseline_s1,baseline,1,4,86,4.3,0.60216,0.0,0.0,0.0,2.53146,3.13362,3682863
downwards_rotate,downwards_sensor_sweep_120-20260625-124815,TesolloDownwardsRotateZ,TesolloDownwardsRotateZ-20260625-201219-downwardsrotatez_sb_baseline_s1,baseline,1,4,87,4.35,0.60273,0.0,0.05513,0.0,2.50018,3.15804,3682863
downwards_rotate,downwards_sensor_sweep_120-20260625-124815,TesolloDownwardsRotateZ,TesolloDownwardsRotateZ-20260625-201219-downwardsrotatez_sb_baseline_s1,baseline,1,4,88,4.4,0.60142,0.0,0.07533,0.0,2.47177,3.14852,3682863
downwards_rotate,downwards_sensor_sweep_120-20260625-124815,TesolloDownwardsRotateZ,TesolloDownwardsRotateZ-20260625-201219-downwardsrotatez_sb_baseline_s1,baseline,1,4,89,4.45,0.60067,0.0,0.09334,0.0,2.44891,3.14292,3682863
downwards_rotate,downwards_sensor_sweep_120-20260625-124815,TesolloDownwardsRotateZ,TesolloDownwardsRotateZ-20260625-201219-downwardsrotatez_sb_baseline_s1,baseline,1,4,90,4.5,0.59947,0.0,0.11086,0.0,2.42878,3.13911,3682863
downwards_rotate,downwards_sensor_sweep_120-20260625-124815,TesolloDownwardsRotateZ,TesolloDownwardsRotateZ-20260625-201219-downwardsrotatez_sb_baseline_s1,baseline,1,4,91,4.55,0.59793,0.0,0.12665,0.0,2.41136,3.13594,3682863
downwards_rotate,downwards_sensor_sweep_120-20260625-124815,TesolloDownwardsRotateZ,TesolloDownwardsRotateZ-20260625-201219-downwardsrotatez_sb_baseline_s1,baseline,1,4,92,4.6,0.59619,0.0,0.14119,0.0,2.39596,3.13334,3682863
downwards_rotate,downwards_sensor_sweep_120-20260625-124815,TesolloDownwardsRotateZ,TesolloDownwardsRotateZ-20260625-201219-downwardsrotatez_sb_baseline_s1,baseline,1,4,93,4.65,0.59409,0.0,0.1549,0.0,2.38225,3.13124,3682863
downwards_rotate,downwards_sensor_sweep_120-20260625-124815,TesolloDownwardsRotateZ,TesolloDownwardsRotateZ-20260625-201219-downwardsrotatez_sb_baseline_s1,baseline,1,4,94,4.7,0.59189,0.0,0.16782,0.0,2.3704,3.1301,3682863
downwards_rotate,downwards_sensor_sweep_120-20260625-124815,TesolloDownwardsRotateZ,TesolloDownwardsRotateZ-20260625-201219-downwardsrotatez_sb_baseline_s1,baseline,1,4,95,4.75,0.58922,0.0,0.18052,0.0,2.35939,3.12913,3682863
downwards_rotate,downwards_sensor_sweep_120-20260625-124815,TesolloDownwardsRotateZ,TesolloDownwardsRotateZ-20260625-201219-downwardsrotatez_sb_baseline_s1,baseline,1,4,96,4.8,0.58659,0.0,0.19188,0.0,2.34997,3.12844,3682863
downwards_rotate,downwards_sensor_sweep_120-20260625-124815,TesolloDownwardsRotateZ,TesolloDownwardsRotateZ-20260625-201219-downwardsrotatez_sb_baseline_s1,baseline,1,4,97,4.85,0.5835,0.0,0.20264,0.0,2.34117,3.12731,3682863
downwards_rotate,downwards_sensor_sweep_120-20260625-124815,TesolloDownwardsRotateZ,TesolloDownwardsRotateZ-20260625-201219-downwardsrotatez_sb_baseline_s1,baseline,1,4,98,4.9,0.58033,0.0,0.2128,0.0,2.33363,3.12676,3682863
downwards_rotate,downwards_sensor_sweep_120-20260625-124815,TesolloDownwardsRotateZ,TesolloDownwardsRotateZ-20260625-201219-downwardsrotatez_sb_baseline_s1,baseline,1,4,99,4.95,0.57692,0.0,0.22208,0.0,2.32639,3.1254,3682863
downwards_rotate,downwards_sensor_sweep_120-20260625-124815,TesolloDownwardsRotateZ,TesolloDownwardsRotateZ-20260625-201219-downwardsrotatez_sb_baseline_s1,baseline,1,4,100,5.0,0.57353,0.0,0.23063,0.0,2.31989,3.12404,3682863
downwards_rotate,downwards_sensor_sweep_120-20260625-124815,TesolloDownwardsRotateZ,TesolloDownwardsRotateZ-20260625-201219-downwardsrotatez_sb_baseline_s1,baseline,1,4,101,5.05,0.57015,0.0,0.23897,0.0,2.31389,3.12301,3682863
downwards_rotate,downwards_sensor_sweep_120-20260625-124815,TesolloDownwardsRotateZ,TesolloDownwardsRotateZ-20260625-201219-downwardsrotatez_sb_baseline_s1,baseline,1,4,102,5.1,0.56678,0.0,0.24664,0.0,2.30877,3.12219,3682863
downwards_rotate,downwards_sensor_sweep_120-20260625-124815,TesolloDownwardsRotateZ,TesolloDownwardsRotateZ-20260625-201219-downwardsrotatez_sb_baseline_s1,baseline,1,4,103,5.15,0.56347,0.0,0.25345,0.0,2.30434,3.12126,3682863
downwards_rotate,downwards_sensor_sweep_120-20260625-124815,TesolloDownwardsRotateZ,TesolloDownwardsRotateZ-20260625-201219-downwardsrotatez_sb_baseline_s1,baseline,1,4,104,5.2,0.56103,0.0,0.25822,0.0,2.30175,3.121,3682863
downwards_rotate,downwards_sensor_sweep_120-20260625-124815,TesolloDownwardsRotateZ,TesolloDownwardsRotateZ-20260625-201219-downwardsrotatez_sb_baseline_s1,baseline,1,4,105,5.25,0.55861,0.0,0.26214,0.0,2.29967,3.12041,3682863
downwards_rotate,downwards_sensor_sweep_120-20260625-124815,TesolloDownwardsRotateZ,TesolloDownwardsRotateZ-20260625-201219-downwardsrotatez_sb_baseline_s1,baseline,1,4,106,5.3,0.55616,0.0,0.26594,0.0,2.29822,3.12032,3682863
downwards_rotate,downwards_sensor_sweep_120-20260625-124815,TesolloDownwardsRotateZ,TesolloDownwardsRotateZ-20260625-201219-downwardsrotatez_sb_baseline_s1,baseline,1,4,107,5.35,0.55385,0.0,0.26951,0.0,2.29713,3.12049,3682863
downwards_rotate,downwards_sensor_sweep_120-20260625-124815,TesolloDownwardsRotateZ,TesolloDownwardsRotateZ-20260625-201219-downwardsrotatez_sb_baseline_s1,baseline,1,4,108,5.4,0.55174,0.0,0.272,0.0,2.29645,3.12019,3682863
downwards_rotate,downwards_sensor_sweep_120-20260625-124815,TesolloDownwardsRotateZ,TesolloDownwardsRotateZ-20260625-201219-downwardsrotatez_sb_baseline_s1,baseline,1,4,109,5.45,0.54983,0.0,0.27447,0.0,2.29624,3.12053,3682863
downwards_rotate,downwards_sensor_sweep_120-20260625-124815,TesolloDownwardsRotateZ,TesolloDownwardsRotateZ-20260625-201219-downwardsrotatez_sb_baseline_s1,baseline,1,4,110,5.5,0.54801,0.0,0.27637,0.0,2.29611,3.12049,3682863
downwards_rotate,downwards_sensor_sweep_120-20260625-124815,TesolloDownwardsRotateZ,TesolloDownwardsRotateZ-20260625-201219-downwardsrotatez_sb_baseline_s1,baseline,1,4,111,5.55,0.54636,0.0,0.27735,0.0,2.29604,3.11975,3682863
downwards_rotate,downwards_sensor_sweep_120-20260625-124815,TesolloDownwardsRotateZ,TesolloDownwardsRotateZ-20260625-201219-downwardsrotatez_sb_baseline_s1,baseline,1,4,112,5.6,0.5449,0.0,0.27748,0.0,2.29593,3.11831,3682863
downwards_rotate,downwards_sensor_sweep_120-20260625-124815,TesolloDownwardsRotateZ,TesolloDownwardsRotateZ-20260625-201219-downwardsrotatez_sb_baseline_s1,baseline,1,4,113,5.65,0.54341,0.0,0.27789,0.0,2.29644,3.11773,3682863
downwards_rotate,downwards_sensor_sweep_120-20260625-124815,TesolloDownwardsRotateZ,TesolloDownwardsRotateZ-20260625-201219-downwardsrotatez_sb_baseline_s1,baseline,1,4,114,5.7,0.54206,0.0,0.27799,0.0,2.29678,3.11683,3682863
downwards_rotate,downwards_sensor_sweep_120-20260625-124815,TesolloDownwardsRotateZ,TesolloDownwardsRotateZ-20260625-201219-downwardsrotatez_sb_baseline_s1,baseline,1,4,115,5.75,0.54082,0.0,0.27746,0.0,2.2975,3.11579,3682863
downwards_rotate,downwards_sensor_sweep_120-20260625-124815,TesolloDownwardsRotateZ,TesolloDownwardsRotateZ-20260625-201219-downwardsrotatez_sb_baseline_s1,baseline,1,4,116,5.8,0.53961,0.0,0.27768,0.0,2.29808,3.11536,3682863
downwards_rotate,downwards_sensor_sweep_120-20260625-124815,TesolloDownwardsRotateZ,TesolloDownwardsRotateZ-20260625-201219-downwardsrotatez_sb_baseline_s1,baseline,1,4,117,5.85,0.53842,0.0,0.2781,0.0,2.29895,3.11547,3682863
downwards_rotate,downwards_sensor_sweep_120-20260625-124815,TesolloDownwardsRotateZ,TesolloDownwardsRotateZ-20260625-201219-downwardsrotatez_sb_baseline_s1,baseline,1,4,118,5.9,0.53715,0.0,0.27838,0.0,2.29979,3.11533,3682863
downwards_rotate,downwards_sensor_sweep_120-20260625-124815,TesolloDownwardsRotateZ,TesolloDownwardsRotateZ-20260625-201219-downwardsrotatez_sb_baseline_s1,baseline,1,4,119,5.95,0.53602,0.0,0.27856,0.0,2.30042,3.115,3682863
downwards_rotate,downwards_sensor_sweep_120-20260625-124815,TesolloDownwardsRotateZ,TesolloDownwardsRotateZ-20260625-201219-downwardsrotatez_sb_baseline_s1,baseline,1,5,0,0.0,0.0,0.0,0.0,0.0,0.0,0.0,3682863
downwards_rotate,downwards_sensor_sweep_120-20260625-124815,TesolloDownwardsRotateZ,TesolloDownwardsRotateZ-20260625-201219-downwardsrotatez_sb_baseline_s1,baseline,1,5,1,0.05,0.0,0.0,0.0,0.0,0.0,0.0,3682863
downwards_rotate,downwards_sensor_sweep_120-20260625-124815,TesolloDownwardsRotateZ,TesolloDownwardsRotateZ-20260625-201219-downwardsrotatez_sb_baseline_s1,baseline,1,5,2,0.1,0.0,0.0,0.0,0.0,0.0,0.0,3682863
downwards_rotate,downwards_sensor_sweep_120-20260625-124815,TesolloDownwardsRotateZ,TesolloDownwardsRotateZ-20260625-201219-downwardsrotatez_sb_baseline_s1,baseline,1,5,3,0.15,0.0,0.0,0.0,0.0,2.56752,2.56752,3682863
downwards_rotate,downwards_sensor_sweep_120-20260625-124815,TesolloDownwardsRotateZ,TesolloDownwardsRotateZ-20260625-201219-downwardsrotatez_sb_baseline_s1,baseline,1,5,4,0.2,0.0,0.0,0.0,0.0,2.16384,2.16384,3682863
downwards_rotate,downwards_sensor_sweep_120-20260625-124815,TesolloDownwardsRotateZ,TesolloDownwardsRotateZ-20260625-201219-downwardsrotatez_sb_baseline_s1,baseline,1,5,5,0.25,2.47988,0.0,0.0,0.0,2.11537,4.59525,3682863
downwards_rotate,downwards_sensor_sweep_120-20260625-124815,TesolloDownwardsRotateZ,TesolloDownwardsRotateZ-20260625-201219-downwardsrotatez_sb_baseline_s1,baseline,1,5,6,0.3,1.75908,0.0,0.0,0.0,0.0,1.75908,3682863
downwards_rotate,downwards_sensor_sweep_120-20260625-124815,TesolloDownwardsRotateZ,TesolloDownwardsRotateZ-20260625-201219-downwardsrotatez_sb_baseline_s1,baseline,1,5,7,0.35,0.0,0.0,0.0,0.0,1.04751,1.04751,3682863
downwards_rotate,downwards_sensor_sweep_120-20260625-124815,TesolloDownwardsRotateZ,TesolloDownwardsRotateZ-20260625-201219-downwardsrotatez_sb_baseline_s1,baseline,1,5,8,0.4,2.08866,0.0,0.0,0.0,0.0,2.08866,3682863
downwards_rotate,downwards_sensor_sweep_120-20260625-124815,TesolloDownwardsRotateZ,TesolloDownwardsRotateZ-20260625-201219-downwardsrotatez_sb_baseline_s1,baseline,1,5,9,0.45,3.86196,1.69894,1.04502,1.62761,0.0,8.23353,3682863
downwards_rotate,downwards_sensor_sweep_120-20260625-124815,TesolloDownwardsRotateZ,TesolloDownwardsRotateZ-20260625-201219-downwardsrotatez_sb_baseline_s1,baseline,1,5,10,0.5,3.88713,1.43766,1.41007,1.15392,0.0,7.88878,3682863
downwards_rotate,downwards_sensor_sweep_120-20260625-124815,TesolloDownwardsRotateZ,TesolloDownwardsRotateZ-20260625-201219-downwardsrotatez_sb_baseline_s1,baseline,1,5,11,0.55,3.88697,1.36038,1.6001,0.89788,0.0,7.74532,3682863
downwards_rotate,downwards_sensor_sweep_120-20260625-124815,TesolloDownwardsRotateZ,TesolloDownwardsRotateZ-20260625-201219-downwardsrotatez_sb_baseline_s1,baseline,1,5,12,0.6,3.90477,1.24728,1.53687,1.23234,0.0,7.92125,3682863
downwards_rotate,downwards_sensor_sweep_120-20260625-124815,TesolloDownwardsRotateZ,TesolloDownwardsRotateZ-20260625-201219-downwardsrotatez_sb_baseline_s1,baseline,1,5,13,0.65,2.89193,1.55424,1.76725,1.66622,0.0,7.87963,3682863
downwards_rotate,downwards_sensor_sweep_120-20260625-124815,TesolloDownwardsRotateZ,TesolloDownwardsRotateZ-20260625-201219-downwardsrotatez_sb_baseline_s1,baseline,1,5,14,0.7,3.83338,0.90744,1.65928,1.57149,0.0,7.97159,3682863
downwards_rotate,downwards_sensor_sweep_120-20260625-124815,TesolloDownwardsRotateZ,TesolloDownwardsRotateZ-20260625-201219-downwardsrotatez_sb_baseline_s1,baseline,1,5,15,0.75,2.68382,0.93149,2.12462,1.91997,0.0,7.6599,3682863
downwards_rotate,downwards_sensor_sweep_120-20260625-124815,TesolloDownwardsRotateZ,TesolloDownwardsRotateZ-20260625-201219-downwardsrotatez_sb_baseline_s1,baseline,1,5,16,0.8,3.84544,0.0,2.279,1.79918,0.0,7.92361,3682863
downwards_rotate,downwards_sensor_sweep_120-20260625-124815,TesolloDownwardsRotateZ,TesolloDownwardsRotateZ-20260625-201219-downwardsrotatez_sb_baseline_s1,baseline,1,5,17,0.85,2.95337,0.0,2.71151,1.58143,0.0,7.2463,3682863
downwards_rotate,downwards_sensor_sweep_120-20260625-124815,TesolloDownwardsRotateZ,TesolloDownwardsRotateZ-20260625-201219-downwardsrotatez_sb_baseline_s1,baseline,1,5,18,0.9,3.88212,0.0,2.05708,2.09348,0.0,8.03268,3682863
downwards_rotate,downwards_sensor_sweep_120-20260625-124815,TesolloDownwardsRotateZ,TesolloDownwardsRotateZ-20260625-201219-downwardsrotatez_sb_baseline_s1,baseline,1,5,19,0.95,3.62534,0.0,0.0,3.53557,0.0,7.1609,3682863
downwards_rotate,downwards_sensor_sweep_120-20260625-124815,TesolloDownwardsRotateZ,TesolloDownwardsRotateZ-20260625-201219-downwardsrotatez_sb_baseline_s1,baseline,1,5,20,1.0,3.61172,0.0,1.42709,2.55183,0.49217,8.08281,3682863
downwards_rotate,downwards_sensor_sweep_120-20260625-124815,TesolloDownwardsRotateZ,TesolloDownwardsRotateZ-20260625-201219-downwardsrotatez_sb_baseline_s1,baseline,1,5,21,1.05,3.45126,0.0,0.25179,3.16707,0.0,6.87013,3682863
downwards_rotate,downwards_sensor_sweep_120-20260625-124815,TesolloDownwardsRotateZ,TesolloDownwardsRotateZ-20260625-201219-downwardsrotatez_sb_baseline_s1,baseline,1,5,22,1.1,3.23662,0.0,0.0,3.10888,0.0,6.3455,3682863
downwards_rotate,downwards_sensor_sweep_120-20260625-124815,TesolloDownwardsRotateZ,TesolloDownwardsRotateZ-20260625-201219-downwardsrotatez_sb_baseline_s1,baseline,1,5,23,1.15,3.13167,0.0,0.0,3.01991,0.22846,6.38005,3682863
downwards_rotate,downwards_sensor_sweep_120-20260625-124815,TesolloDownwardsRotateZ,TesolloDownwardsRotateZ-20260625-201219-downwardsrotatez_sb_baseline_s1,baseline,1,5,24,1.2,3.27213,0.0,0.0,3.19597,0.0,6.46811,3682863
downwards_rotate,downwards_sensor_sweep_120-20260625-124815,TesolloDownwardsRotateZ,TesolloDownwardsRotateZ-20260625-201219-downwardsrotatez_sb_baseline_s1,baseline,1,5,25,1.25,3.13009,0.0,0.0,3.13788,0.234,6.50197,3682863
downwards_rotate,downwards_sensor_sweep_120-20260625-124815,TesolloDownwardsRotateZ,TesolloDownwardsRotateZ-20260625-201219-downwardsrotatez_sb_baseline_s1,baseline,1,5,26,1.3,2.90516,0.0,0.0,2.90641,0.0,5.81157,3682863
downwards_rotate,downwards_sensor_sweep_120-20260625-124815,TesolloDownwardsRotateZ,TesolloDownwardsRotateZ-20260625-201219-downwardsrotatez_sb_baseline_s1,baseline,1,5,27,1.35,2.90171,0.0,0.0,2.56242,0.37032,5.83445,3682863
downwards_rotate,downwards_sensor_sweep_120-20260625-124815,TesolloDownwardsRotateZ,TesolloDownwardsRotateZ-20260625-201219-downwardsrotatez_sb_baseline_s1,baseline,1,5,28,1.4,2.69814,0.0,0.0,2.61526,0.0,5.3134,3682863
downwards_rotate,downwards_sensor_sweep_120-20260625-124815,TesolloDownwardsRotateZ,TesolloDownwardsRotateZ-20260625-201219-downwardsrotatez_sb_baseline_s1,baseline,1,5,29,1.45,2.5174,0.0,0.0,2.33158,0.0,4.84898,3682863
downwards_rotate,downwards_sensor_sweep_120-20260625-124815,TesolloDownwardsRotateZ,TesolloDownwardsRotateZ-20260625-201219-downwardsrotatez_sb_baseline_s1,baseline,1,5,30,1.5,0.0,0.0,0.0,3.06819,0.0,3.06819,3682863
downwards_rotate,downwards_sensor_sweep_120-20260625-124815,TesolloDownwardsRotateZ,TesolloDownwardsRotateZ-20260625-201219-downwardsrotatez_sb_baseline_s1,baseline,1,5,31,1.55,1.82002,0.0,0.0,2.33125,0.68562,4.83689,3682863
downwards_rotate,downwards_sensor_sweep_120-20260625-124815,TesolloDownwardsRotateZ,TesolloDownwardsRotateZ-20260625-201219-downwardsrotatez_sb_baseline_s1,baseline,1,5,32,1.6,0.0,0.0,0.0,3.2365,0.0,3.2365,3682863
downwards_rotate,downwards_sensor_sweep_120-20260625-124815,TesolloDownwardsRotateZ,TesolloDownwardsRotateZ-20260625-201219-downwardsrotatez_sb_baseline_s1,baseline,1,5,33,1.65,0.0,0.0,0.0,3.3392,0.0,3.3392,3682863
downwards_rotate,downwards_sensor_sweep_120-20260625-124815,TesolloDownwardsRotateZ,TesolloDownwardsRotateZ-20260625-201219-downwardsrotatez_sb_baseline_s1,baseline,1,5,34,1.7,0.0,0.0,0.0,3.82578,0.0,3.82578,3682863
downwards_rotate,downwards_sensor_sweep_120-20260625-124815,TesolloDownwardsRotateZ,TesolloDownwardsRotateZ-20260625-201219-downwardsrotatez_sb_baseline_s1,baseline,1,5,35,1.75,0.0,0.0,0.87926,2.90104,0.0,3.7803,3682863
downwards_rotate,downwards_sensor_sweep_120-20260625-124815,TesolloDownwardsRotateZ,TesolloDownwardsRotateZ-20260625-201219-downwardsrotatez_sb_baseline_s1,baseline,1,5,36,1.8,0.0,0.0,0.91562,1.92527,0.9398,3.78069,3682863
downwards_rotate,downwards_sensor_sweep_120-20260625-124815,TesolloDownwardsRotateZ,TesolloDownwardsRotateZ-20260625-201219-downwardsrotatez_sb_baseline_s1,baseline,1,5,37,1.85,0.0,0.0,0.89355,1.29817,1.72631,3.91803,3682863
downwards_rotate,downwards_sensor_sweep_120-20260625-124815,TesolloDownwardsRotateZ,TesolloDownwardsRotateZ-20260625-201219-downwardsrotatez_sb_baseline_s1,baseline,1,5,38,1.9,0.0,0.0,0.74161,1.477,1.59811,3.81673,3682863
downwards_rotate,downwards_sensor_sweep_120-20260625-124815,TesolloDownwardsRotateZ,TesolloDownwardsRotateZ-20260625-201219-downwardsrotatez_sb_baseline_s1,baseline,1,5,39,1.95,0.0,0.0,0.69266,1.40137,1.77735,3.87138,3682863
downwards_rotate,downwards_sensor_sweep_120-20260625-124815,TesolloDownwardsRotateZ,TesolloDownwardsRotateZ-20260625-201219-downwardsrotatez_sb_baseline_s1,baseline,1,5,40,2.0,0.0,0.0,0.0,2.05467,1.87246,3.92713,3682863
downwards_rotate,downwards_sensor_sweep_120-20260625-124815,TesolloDownwardsRotateZ,TesolloDownwardsRotateZ-20260625-201219-downwardsrotatez_sb_baseline_s1,baseline,1,5,41,2.05,0.0,0.0,0.0,2.36853,1.51772,3.88625,3682863
downwards_rotate,downwards_sensor_sweep_120-20260625-124815,TesolloDownwardsRotateZ,TesolloDownwardsRotateZ-20260625-201219-downwardsrotatez_sb_baseline_s1,baseline,1,5,42,2.1,0.0,0.0,0.0,1.99226,1.70758,3.69984,3682863
downwards_rotate,downwards_sensor_sweep_120-20260625-124815,TesolloDownwardsRotateZ,TesolloDownwardsRotateZ-20260625-201219-downwardsrotatez_sb_baseline_s1,baseline,1,5,43,2.15,0.53895,0.0,0.0,1.81139,1.74881,4.09915,3682863
downwards_rotate,downwards_sensor_sweep_120-20260625-124815,TesolloDownwardsRotateZ,TesolloDownwardsRotateZ-20260625-201219-downwardsrotatez_sb_baseline_s1,baseline,1,5,44,2.2,0.64481,0.0,0.0,1.58978,1.88666,4.12126,3682863
downwards_rotate,downwards_sensor_sweep_120-20260625-124815,TesolloDownwardsRotateZ,TesolloDownwardsRotateZ-20260625-201219-downwardsrotatez_sb_baseline_s1,baseline,1,5,45,2.25,0.67101,0.0,0.34451,1.39894,1.75767,4.17214,3682863
downwards_rotate,downwards_sensor_sweep_120-20260625-124815,TesolloDownwardsRotateZ,TesolloDownwardsRotateZ-20260625-201219-downwardsrotatez_sb_baseline_s1,baseline,1,5,46,2.3,0.72483,0.0,0.35762,1.37967,1.70548,4.16761,3682863
downwards_rotate,downwards_sensor_sweep_120-20260625-124815,TesolloDownwardsRotateZ,TesolloDownwardsRotateZ-20260625-201219-downwardsrotatez_sb_baseline_s1,baseline,1,5,47,2.35,0.79158,0.0,0.39187,1.22456,1.73032,4.13833,3682863
downwards_rotate,downwards_sensor_sweep_120-20260625-124815,TesolloDownwardsRotateZ,TesolloDownwardsRotateZ-20260625-201219-downwardsrotatez_sb_baseline_s1,baseline,1,5,48,2.4,0.83575,0.0,0.48084,1.10319,1.69951,4.1193,3682863
downwards_rotate,downwards_sensor_sweep_120-20260625-124815,TesolloDownwardsRotateZ,TesolloDownwardsRotateZ-20260625-201219-downwardsrotatez_sb_baseline_s1,baseline,1,5,49,2.45,0.89082,0.0,0.68662,0.92546,1.66251,4.16541,3682863
downwards_rotate,downwards_sensor_sweep_120-20260625-124815,TesolloDownwardsRotateZ,TesolloDownwardsRotateZ-20260625-201219-downwardsrotatez_sb_baseline_s1,baseline,1,5,50,2.5,0.905,0.0,0.662,0.776,1.76419,4.10719,3682863
downwards_rotate,downwards_sensor_sweep_120-20260625-124815,TesolloDownwardsRotateZ,TesolloDownwardsRotateZ-20260625-201219-downwardsrotatez_sb_baseline_s1,baseline,1,5,51,2.55,0.85437,0.0,0.0,1.23493,1.75537,3.84467,3682863
downwards_rotate,downwards_sensor_sweep_120-20260625-124815,TesolloDownwardsRotateZ,TesolloDownwardsRotateZ-20260625-201219-downwardsrotatez_sb_baseline_s1,baseline,1,5,52,2.6,0.88268,0.0,0.92104,0.71342,1.60394,4.12108,3682863
downwards_rotate,downwards_sensor_sweep_120-20260625-124815,TesolloDownwardsRotateZ,TesolloDownwardsRotateZ-20260625-201219-downwardsrotatez_sb_baseline_s1,baseline,1,5,53,2.65,0.95612,0.0,0.96082,0.50994,1.73948,4.16636,3682863
downwards_rotate,downwards_sensor_sweep_120-20260625-124815,TesolloDownwardsRotateZ,TesolloDownwardsRotateZ-20260625-201219-downwardsrotatez_sb_baseline_s1,baseline,1,5,54,2.7,1.06514,0.0,1.01921,0.46385,1.62042,4.16861,3682863
downwards_rotate,downwards_sensor_sweep_120-20260625-124815,TesolloDownwardsRotateZ,TesolloDownwardsRotateZ-20260625-201219-downwardsrotatez_sb_baseline_s1,baseline,1,5,55,2.75,1.09604,0.0,1.07088,0.44587,1.56452,4.17731,3682863
downwards_rotate,downwards_sensor_sweep_120-20260625-124815,TesolloDownwardsRotateZ,TesolloDownwardsRotateZ-20260625-201219-downwardsrotatez_sb_baseline_s1,baseline,1,5,56,2.8,1.16067,0.0,1.07993,0.38196,1.56115,4.18371,3682863
downwards_rotate,downwards_sensor_sweep_120-20260625-124815,TesolloDownwardsRotateZ,TesolloDownwardsRotateZ-20260625-201219-downwardsrotatez_sb_baseline_s1,baseline,1,5,57,2.85,1.19029,0.0,1.10984,0.36423,1.5479,4.21227,3682863
downwards_rotate,downwards_sensor_sweep_120-20260625-124815,TesolloDownwardsRotateZ,TesolloDownwardsRotateZ-20260625-201219-downwardsrotatez_sb_baseline_s1,baseline,1,5,58,2.9,1.23923,0.0,1.13409,0.34273,1.52327,4.23932,3682863
downwards_rotate,downwards_sensor_sweep_120-20260625-124815,TesolloDownwardsRotateZ,TesolloDownwardsRotateZ-20260625-201219-downwardsrotatez_sb_baseline_s1,baseline,1,5,59,2.95,1.28804,0.0,1.14766,0.27265,1.55192,4.26027,3682863
downwards_rotate,downwards_sensor_sweep_120-20260625-124815,TesolloDownwardsRotateZ,TesolloDownwardsRotateZ-20260625-201219-downwardsrotatez_sb_baseline_s1,baseline,1,5,60,3.0,1.32516,0.0,1.19899,0.24252,1.54411,4.31079,3682863
downwards_rotate,downwards_sensor_sweep_120-20260625-124815,TesolloDownwardsRotateZ,TesolloDownwardsRotateZ-20260625-201219-downwardsrotatez_sb_baseline_s1,baseline,1,5,61,3.05,1.38549,0.0,1.24301,0.21073,1.52766,4.36689,3682863
downwards_rotate,downwards_sensor_sweep_120-20260625-124815,TesolloDownwardsRotateZ,TesolloDownwardsRotateZ-20260625-201219-downwardsrotatez_sb_baseline_s1,baseline,1,5,62,3.1,1.54057,0.0,1.28084,0.16331,1.46415,4.44887,3682863
downwards_rotate,downwards_sensor_sweep_120-20260625-124815,TesolloDownwardsRotateZ,TesolloDownwardsRotateZ-20260625-201219-downwardsrotatez_sb_baseline_s1,baseline,1,5,63,3.15,1.56224,0.0,1.30594,0.13557,1.47724,4.48099,3682863
downwards_rotate,downwards_sensor_sweep_120-20260625-124815,TesolloDownwardsRotateZ,TesolloDownwardsRotateZ-20260625-201219-downwardsrotatez_sb_baseline_s1,baseline,1,5,64,3.2,1.58563,0.0,1.33504,0.12897,1.46583,4.51547,3682863
downwards_rotate,downwards_sensor_sweep_120-20260625-124815,TesolloDownwardsRotateZ,TesolloDownwardsRotateZ-20260625-201219-downwardsrotatez_sb_baseline_s1,baseline,1,5,65,3.25,1.59885,0.0,1.34097,0.10001,1.48283,4.52267,3682863
downwards_rotate,downwards_sensor_sweep_120-20260625-124815,TesolloDownwardsRotateZ,TesolloDownwardsRotateZ-20260625-201219-downwardsrotatez_sb_baseline_s1,baseline,1,5,66,3.3,1.61711,0.0,1.35418,0.08732,1.48749,4.5461,3682863
downwards_rotate,downwards_sensor_sweep_120-20260625-124815,TesolloDownwardsRotateZ,TesolloDownwardsRotateZ-20260625-201219-downwardsrotatez_sb_baseline_s1,baseline,1,5,67,3.35,1.63207,0.0,1.35935,0.06875,1.49928,4.55946,3682863
downwards_rotate,downwards_sensor_sweep_120-20260625-124815,TesolloDownwardsRotateZ,TesolloDownwardsRotateZ-20260625-201219-downwardsrotatez_sb_baseline_s1,baseline,1,5,68,3.4,1.64908,0.0,1.37637,0.0,1.54246,4.56791,3682863
downwards_rotate,downwards_sensor_sweep_120-20260625-124815,TesolloDownwardsRotateZ,TesolloDownwardsRotateZ-20260625-201219-downwardsrotatez_sb_baseline_s1,baseline,1,5,69,3.45,1.66296,0.0,1.37149,0.0,1.54778,4.58222,3682863
downwards_rotate,downwards_sensor_sweep_120-20260625-124815,TesolloDownwardsRotateZ,TesolloDownwardsRotateZ-20260625-201219-downwardsrotatez_sb_baseline_s1,baseline,1,5,70,3.5,1.67858,0.0,1.37269,0.0,1.55001,4.60128,3682863
downwards_rotate,downwards_sensor_sweep_120-20260625-124815,TesolloDownwardsRotateZ,TesolloDownwardsRotateZ-20260625-201219-downwardsrotatez_sb_baseline_s1,baseline,1,5,71,3.55,1.69361,0.0,1.37364,0.0,1.55201,4.61926,3682863
downwards_rotate,downwards_sensor_sweep_120-20260625-124815,TesolloDownwardsRotateZ,TesolloDownwardsRotateZ-20260625-201219-downwardsrotatez_sb_baseline_s1,baseline,1,5,72,3.6,1.70755,0.0,1.37406,0.0,1.55411,4.63572,3682863
downwards_rotate,downwards_sensor_sweep_120-20260625-124815,TesolloDownwardsRotateZ,TesolloDownwardsRotateZ-20260625-201219-downwardsrotatez_sb_baseline_s1,baseline,1,5,73,3.65,1.72213,0.0,1.37512,0.0,1.55626,4.65351,3682863
downwards_rotate,downwards_sensor_sweep_120-20260625-124815,TesolloDownwardsRotateZ,TesolloDownwardsRotateZ-20260625-201219-downwardsrotatez_sb_baseline_s1,baseline,1,5,74,3.7,1.74427,0.0,1.36838,0.0,1.58169,4.69434,3682863
downwards_rotate,downwards_sensor_sweep_120-20260625-124815,TesolloDownwardsRotateZ,TesolloDownwardsRotateZ-20260625-201219-downwardsrotatez_sb_baseline_s1,baseline,1,5,75,3.75,1.74658,0.0,1.37226,0.0,1.56113,4.67997,3682863
downwards_rotate,downwards_sensor_sweep_120-20260625-124815,TesolloDownwardsRotateZ,TesolloDownwardsRotateZ-20260625-201219-downwardsrotatez_sb_baseline_s1,baseline,1,5,76,3.8,1.76062,0.0,1.37337,0.0,1.56488,4.69886,3682863
downwards_rotate,downwards_sensor_sweep_120-20260625-124815,TesolloDownwardsRotateZ,TesolloDownwardsRotateZ-20260625-201219-downwardsrotatez_sb_baseline_s1,baseline,1,5,77,3.85,1.7727,0.0,1.37323,0.0,1.56743,4.71336,3682863
downwards_rotate,downwards_sensor_sweep_120-20260625-124815,TesolloDownwardsRotateZ,TesolloDownwardsRotateZ-20260625-201219-downwardsrotatez_sb_baseline_s1,baseline,1,5,78,3.9,1.78395,0.0,1.37179,0.0,1.57062,4.72636,3682863
downwards_rotate,downwards_sensor_sweep_120-20260625-124815,TesolloDownwardsRotateZ,TesolloDownwardsRotateZ-20260625-201219-downwardsrotatez_sb_baseline_s1,baseline,1,5,79,3.95,1.80256,0.0,1.36704,0.0,1.59035,4.75995,3682863
downwards_rotate,downwards_sensor_sweep_120-20260625-124815,TesolloDownwardsRotateZ,TesolloDownwardsRotateZ-20260625-201219-downwardsrotatez_sb_baseline_s1,baseline,1,5,80,4.0,1.80624,0.0,1.36993,0.0,1.57652,4.75268,3682863
downwards_rotate,downwards_sensor_sweep_120-20260625-124815,TesolloDownwardsRotateZ,TesolloDownwardsRotateZ-20260625-201219-downwardsrotatez_sb_baseline_s1,baseline,1,5,81,4.05,1.81765,0.0,1.36958,0.0,1.58017,4.7674,3682863
downwards_rotate,downwards_sensor_sweep_120-20260625-124815,TesolloDownwardsRotateZ,TesolloDownwardsRotateZ-20260625-201219-downwardsrotatez_sb_baseline_s1,baseline,1,5,82,4.1,1.82831,0.0,1.36936,0.0,1.58298,4.78065,3682863
downwards_rotate,downwards_sensor_sweep_120-20260625-124815,TesolloDownwardsRotateZ,TesolloDownwardsRotateZ-20260625-201219-downwardsrotatez_sb_baseline_s1,baseline,1,5,83,4.15,1.83885,0.0,1.36904,0.0,1.58579,4.79368,3682863
downwards_rotate,downwards_sensor_sweep_120-20260625-124815,TesolloDownwardsRotateZ,TesolloDownwardsRotateZ-20260625-201219-downwardsrotatez_sb_baseline_s1,baseline,1,5,84,4.2,1.84856,0.0,1.36765,0.0,1.58817,4.80438,3682863
downwards_rotate,downwards_sensor_sweep_120-20260625-124815,TesolloDownwardsRotateZ,TesolloDownwardsRotateZ-20260625-201219-downwardsrotatez_sb_baseline_s1,baseline,1,5,85,4.25,1.85751,0.0,1.36776,0.0,1.58972,4.81499,3682863
downwards_rotate,downwards_sensor_sweep_120-20260625-124815,TesolloDownwardsRotateZ,TesolloDownwardsRotateZ-20260625-201219-downwardsrotatez_sb_baseline_s1,baseline,1,5,86,4.3,1.86635,0.0,1.3672,0.0,1.59115,4.8247,3682863
downwards_rotate,downwards_sensor_sweep_120-20260625-124815,TesolloDownwardsRotateZ,TesolloDownwardsRotateZ-20260625-201219-downwardsrotatez_sb_baseline_s1,baseline,1,5,87,4.35,1.88013,0.0,1.36157,0.0,1.60739,4.84909,3682863
downwards_rotate,downwards_sensor_sweep_120-20260625-124815,TesolloDownwardsRotateZ,TesolloDownwardsRotateZ-20260625-201219-downwardsrotatez_sb_baseline_s1,baseline,1,5,88,4.4,1.88329,0.0,1.36673,0.0,1.59332,4.84334,3682863
downwards_rotate,downwards_sensor_sweep_120-20260625-124815,TesolloDownwardsRotateZ,TesolloDownwardsRotateZ-20260625-201219-downwardsrotatez_sb_baseline_s1,baseline,1,5,89,4.45,1.89125,0.0,1.36645,0.0,1.59299,4.85069,3682863
downwards_rotate,downwards_sensor_sweep_120-20260625-124815,TesolloDownwardsRotateZ,TesolloDownwardsRotateZ-20260625-201219-downwardsrotatez_sb_baseline_s1,baseline,1,5,90,4.5,1.89968,0.0,1.36651,0.0,1.59577,4.86196,3682863
downwards_rotate,downwards_sensor_sweep_120-20260625-124815,TesolloDownwardsRotateZ,TesolloDownwardsRotateZ-20260625-201219-downwardsrotatez_sb_baseline_s1,baseline,1,5,91,4.55,1.90723,0.0,1.3658,0.0,1.59706,4.87009,3682863
downwards_rotate,downwards_sensor_sweep_120-20260625-124815,TesolloDownwardsRotateZ,TesolloDownwardsRotateZ-20260625-201219-downwardsrotatez_sb_baseline_s1,baseline,1,5,92,4.6,1.9194,0.0,1.36041,0.0,1.61198,4.8918,3682863
downwards_rotate,downwards_sensor_sweep_120-20260625-124815,TesolloDownwardsRotateZ,TesolloDownwardsRotateZ-20260625-201219-downwardsrotatez_sb_baseline_s1,baseline,1,5,93,4.65,1.92147,0.0,1.36427,0.0,1.59935,4.88509,3682863
downwards_rotate,downwards_sensor_sweep_120-20260625-124815,TesolloDownwardsRotateZ,TesolloDownwardsRotateZ-20260625-201219-downwardsrotatez_sb_baseline_s1,baseline,1,5,94,4.7,1.92922,0.0,1.36475,0.0,1.60006,4.89403,3682863
downwards_rotate,downwards_sensor_sweep_120-20260625-124815,TesolloDownwardsRotateZ,TesolloDownwardsRotateZ-20260625-201219-downwardsrotatez_sb_baseline_s1,baseline,1,5,95,4.75,1.93558,0.0,1.3648,0.0,1.60072,4.9011,3682863
downwards_rotate,downwards_sensor_sweep_120-20260625-124815,TesolloDownwardsRotateZ,TesolloDownwardsRotateZ-20260625-201219-downwardsrotatez_sb_baseline_s1,baseline,1,5,96,4.8,1.94233,0.0,1.36376,0.0,1.60202,4.90811,3682863
downwards_rotate,downwards_sensor_sweep_120-20260625-124815,TesolloDownwardsRotateZ,TesolloDownwardsRotateZ-20260625-201219-downwardsrotatez_sb_baseline_s1,baseline,1,5,97,4.85,1.94839,0.0,1.36408,0.0,1.60255,4.91501,3682863
downwards_rotate,downwards_sensor_sweep_120-20260625-124815,TesolloDownwardsRotateZ,TesolloDownwardsRotateZ-20260625-201219-downwardsrotatez_sb_baseline_s1,baseline,1,5,98,4.9,1.95501,0.0,1.36323,0.0,1.6039,4.92214,3682863
downwards_rotate,downwards_sensor_sweep_120-20260625-124815,TesolloDownwardsRotateZ,TesolloDownwardsRotateZ-20260625-201219-downwardsrotatez_sb_baseline_s1,baseline,1,5,99,4.95,1.96054,0.0,1.36315,0.0,1.60463,4.92832,3682863
downwards_rotate,downwards_sensor_sweep_120-20260625-124815,TesolloDownwardsRotateZ,TesolloDownwardsRotateZ-20260625-201219-downwardsrotatez_sb_baseline_s1,baseline,1,5,100,5.0,1.96645,0.0,1.36264,0.0,1.60597,4.93506,3682863
downwards_rotate,downwards_sensor_sweep_120-20260625-124815,TesolloDownwardsRotateZ,TesolloDownwardsRotateZ-20260625-201219-downwardsrotatez_sb_baseline_s1,baseline,1,5,101,5.05,1.97207,0.0,1.3623,0.0,1.6069,4.94127,3682863
downwards_rotate,downwards_sensor_sweep_120-20260625-124815,TesolloDownwardsRotateZ,TesolloDownwardsRotateZ-20260625-201219-downwardsrotatez_sb_baseline_s1,baseline,1,5,102,5.1,1.97751,0.0,1.3621,0.0,1.60767,4.94728,3682863
downwards_rotate,downwards_sensor_sweep_120-20260625-124815,TesolloDownwardsRotateZ,TesolloDownwardsRotateZ-20260625-201219-downwardsrotatez_sb_baseline_s1,baseline,1,5,103,5.15,1.98318,0.0,1.36134,0.0,1.60889,4.95342,3682863
downwards_rotate,downwards_sensor_sweep_120-20260625-124815,TesolloDownwardsRotateZ,TesolloDownwardsRotateZ-20260625-201219-downwardsrotatez_sb_baseline_s1,baseline,1,5,104,5.2,1.9879,0.0,1.36145,0.0,1.60948,4.95882,3682863
downwards_rotate,downwards_sensor_sweep_120-20260625-124815,TesolloDownwardsRotateZ,TesolloDownwardsRotateZ-20260625-201219-downwardsrotatez_sb_baseline_s1,baseline,1,5,105,5.25,1.99275,0.0,1.36086,0.0,1.61053,4.96414,3682863
downwards_rotate,downwards_sensor_sweep_120-20260625-124815,TesolloDownwardsRotateZ,TesolloDownwardsRotateZ-20260625-201219-downwardsrotatez_sb_baseline_s1,baseline,1,5,106,5.3,1.99802,0.0,1.36002,0.0,1.61185,4.96988,3682863
downwards_rotate,downwards_sensor_sweep_120-20260625-124815,TesolloDownwardsRotateZ,TesolloDownwardsRotateZ-20260625-201219-downwardsrotatez_sb_baseline_s1,baseline,1,5,107,5.35,2.00202,0.0,1.3603,0.0,1.61192,4.97425,3682863
downwards_rotate,downwards_sensor_sweep_120-20260625-124815,TesolloDownwardsRotateZ,TesolloDownwardsRotateZ-20260625-201219-downwardsrotatez_sb_baseline_s1,baseline,1,5,108,5.4,2.00606,0.0,1.35928,0.0,1.61451,4.97984,3682863
downwards_rotate,downwards_sensor_sweep_120-20260625-124815,TesolloDownwardsRotateZ,TesolloDownwardsRotateZ-20260625-201219-downwardsrotatez_sb_baseline_s1,baseline,1,5,109,5.45,2.0097,0.0,1.35902,0.0,1.61567,4.98439,3682863
downwards_rotate,downwards_sensor_sweep_120-20260625-124815,TesolloDownwardsRotateZ,TesolloDownwardsRotateZ-20260625-201219-downwardsrotatez_sb_baseline_s1,baseline,1,5,110,5.5,2.01284,0.0,1.35892,0.0,1.61616,4.98792,3682863
downwards_rotate,downwards_sensor_sweep_120-20260625-124815,TesolloDownwardsRotateZ,TesolloDownwardsRotateZ-20260625-201219-downwardsrotatez_sb_baseline_s1,baseline,1,5,111,5.55,2.01599,0.0,1.35878,0.0,1.61689,4.99167,3682863
downwards_rotate,downwards_sensor_sweep_120-20260625-124815,TesolloDownwardsRotateZ,TesolloDownwardsRotateZ-20260625-201219-downwardsrotatez_sb_baseline_s1,baseline,1,5,112,5.6,2.01895,0.0,1.35856,0.0,1.61759,4.9951,3682863
downwards_rotate,downwards_sensor_sweep_120-20260625-124815,TesolloDownwardsRotateZ,TesolloDownwardsRotateZ-20260625-201219-downwardsrotatez_sb_baseline_s1,baseline,1,5,113,5.65,2.02212,0.0,1.35894,0.0,1.61768,4.99874,3682863
downwards_rotate,downwards_sensor_sweep_120-20260625-124815,TesolloDownwardsRotateZ,TesolloDownwardsRotateZ-20260625-201219-downwardsrotatez_sb_baseline_s1,baseline,1,5,114,5.7,2.02483,0.0,1.36086,0.0,1.6167,5.00239,3682863
downwards_rotate,downwards_sensor_sweep_120-20260625-124815,TesolloDownwardsRotateZ,TesolloDownwardsRotateZ-20260625-201219-downwardsrotatez_sb_baseline_s1,baseline,1,5,115,5.75,2.02795,0.0,1.3637,0.0,1.61535,5.007,3682863
downwards_rotate,downwards_sensor_sweep_120-20260625-124815,TesolloDownwardsRotateZ,TesolloDownwardsRotateZ-20260625-201219-downwardsrotatez_sb_baseline_s1,baseline,1,5,116,5.8,2.031,0.0,1.36541,0.0,1.61487,5.01128,3682863
downwards_rotate,downwards_sensor_sweep_120-20260625-124815,TesolloDownwardsRotateZ,TesolloDownwardsRotateZ-20260625-201219-downwardsrotatez_sb_baseline_s1,baseline,1,5,117,5.85,2.03388,0.0,1.36788,0.0,1.61371,5.01547,3682863
downwards_rotate,downwards_sensor_sweep_120-20260625-124815,TesolloDownwardsRotateZ,TesolloDownwardsRotateZ-20260625-201219-downwardsrotatez_sb_baseline_s1,baseline,1,5,118,5.9,2.03651,0.0,1.36978,0.0,1.61231,5.0186,3682863
downwards_rotate,downwards_sensor_sweep_120-20260625-124815,TesolloDownwardsRotateZ,TesolloDownwardsRotateZ-20260625-201219-downwardsrotatez_sb_baseline_s1,baseline,1,5,119,5.95,2.03895,0.0,1.37198,0.0,1.61125,5.02218,3682863
downwards_rotate,downwards_sensor_sweep_120-20260625-124815,TesolloDownwardsRotateZ,TesolloDownwardsRotateZ-20260625-201219-downwardsrotatez_sb_baseline_s1,baseline,1,6,0,0.0,0.0,0.0,0.0,0.0,0.0,0.0,3682863
downwards_rotate,downwards_sensor_sweep_120-20260625-124815,TesolloDownwardsRotateZ,TesolloDownwardsRotateZ-20260625-201219-downwardsrotatez_sb_baseline_s1,baseline,1,6,1,0.05,0.0,0.0,0.0,0.0,0.0,0.0,3682863
downwards_rotate,downwards_sensor_sweep_120-20260625-124815,TesolloDownwardsRotateZ,TesolloDownwardsRotateZ-20260625-201219-downwardsrotatez_sb_baseline_s1,baseline,1,6,2,0.1,0.0,0.0,0.0,0.0,0.0,0.0,3682863
downwards_rotate,downwards_sensor_sweep_120-20260625-124815,TesolloDownwardsRotateZ,TesolloDownwardsRotateZ-20260625-201219-downwardsrotatez_sb_baseline_s1,baseline,1,6,3,0.15,1.25441,0.0,0.0,0.0,2.04292,3.29732,3682863
downwards_rotate,downwards_sensor_sweep_120-20260625-124815,TesolloDownwardsRotateZ,TesolloDownwardsRotateZ-20260625-201219-downwardsrotatez_sb_baseline_s1,baseline,1,6,4,0.2,0.0,1.25643,0.0,0.0,0.0,1.25643,3682863
downwards_rotate,downwards_sensor_sweep_120-20260625-124815,TesolloDownwardsRotateZ,TesolloDownwardsRotateZ-20260625-201219-downwardsrotatez_sb_baseline_s1,baseline,1,6,5,0.25,0.0,1.20779,0.0,0.0,0.19489,1.40268,3682863
downwards_rotate,downwards_sensor_sweep_120-20260625-124815,TesolloDownwardsRotateZ,TesolloDownwardsRotateZ-20260625-201219-downwardsrotatez_sb_baseline_s1,baseline,1,6,6,0.3,3.01041,3.12989,0.0,0.0,0.0,6.1403,3682863
downwards_rotate,downwards_sensor_sweep_120-20260625-124815,TesolloDownwardsRotateZ,TesolloDownwardsRotateZ-20260625-201219-downwardsrotatez_sb_baseline_s1,baseline,1,6,7,0.35,0.93565,3.32253,0.0,0.0,0.0,4.25818,3682863
downwards_rotate,downwards_sensor_sweep_120-20260625-124815,TesolloDownwardsRotateZ,TesolloDownwardsRotateZ-20260625-201219-downwardsrotatez_sb_baseline_s1,baseline,1,6,8,0.4,0.0,2.80476,0.0,0.0,0.0,2.80476,3682863
downwards_rotate,downwards_sensor_sweep_120-20260625-124815,TesolloDownwardsRotateZ,TesolloDownwardsRotateZ-20260625-201219-downwardsrotatez_sb_baseline_s1,baseline,1,6,9,0.45,0.0,3.18497,0.0,0.0,0.0,3.18497,3682863
downwards_rotate,downwards_sensor_sweep_120-20260625-124815,TesolloDownwardsRotateZ,TesolloDownwardsRotateZ-20260625-201219-downwardsrotatez_sb_baseline_s1,baseline,1,6,10,0.5,0.0,3.7476,0.0,0.0,0.0,3.7476,3682863
downwards_rotate,downwards_sensor_sweep_120-20260625-124815,TesolloDownwardsRotateZ,TesolloDownwardsRotateZ-20260625-201219-downwardsrotatez_sb_baseline_s1,baseline,1,6,11,0.55,1.10677,3.38997,0.50164,0.57265,0.0,5.57104,3682863
downwards_rotate,downwards_sensor_sweep_120-20260625-124815,TesolloDownwardsRotateZ,TesolloDownwardsRotateZ-20260625-201219-downwardsrotatez_sb_baseline_s1,baseline,1,6,12,0.6,1.89413,3.13603,1.14941,0.82409,1.48694,8.49059,3682863
downwards_rotate,downwards_sensor_sweep_120-20260625-124815,TesolloDownwardsRotateZ,TesolloDownwardsRotateZ-20260625-201219-downwardsrotatez_sb_baseline_s1,baseline,1,6,13,0.65,2.00533,3.27968,2.06048,1.52076,2.73012,11.59636,3682863
downwards_rotate,downwards_sensor_sweep_120-20260625-124815,TesolloDownwardsRotateZ,TesolloDownwardsRotateZ-20260625-201219-downwardsrotatez_sb_baseline_s1,baseline,1,6,14,0.7,2.62387,2.8268,1.80835,1.75668,2.9625,11.97821,3682863
downwards_rotate,downwards_sensor_sweep_120-20260625-124815,TesolloDownwardsRotateZ,TesolloDownwardsRotateZ-20260625-201219-downwardsrotatez_sb_baseline_s1,baseline,1,6,15,0.75,2.8321,2.33377,2.26651,1.59249,3.03476,12.05964,3682863
downwards_rotate,downwards_sensor_sweep_120-20260625-124815,TesolloDownwardsRotateZ,TesolloDownwardsRotateZ-20260625-201219-downwardsrotatez_sb_baseline_s1,baseline,1,6,16,0.8,2.57376,3.22244,1.99986,1.3454,2.69239,11.83385,3682863
downwards_rotate,downwards_sensor_sweep_120-20260625-124815,TesolloDownwardsRotateZ,TesolloDownwardsRotateZ-20260625-201219-downwardsrotatez_sb_baseline_s1,baseline,1,6,17,0.85,3.00507,1.82438,2.76499,1.31366,2.61375,11.52186,3682863
downwards_rotate,downwards_sensor_sweep_120-20260625-124815,TesolloDownwardsRotateZ,TesolloDownwardsRotateZ-20260625-201219-downwardsrotatez_sb_baseline_s1,baseline,1,6,18,0.9,3.05635,1.74985,2.65244,1.64244,2.94705,12.04813,3682863
downwards_rotate,downwards_sensor_sweep_120-20260625-124815,TesolloDownwardsRotateZ,TesolloDownwardsRotateZ-20260625-201219-downwardsrotatez_sb_baseline_s1,baseline,1,6,19,0.95,4.05329,2.29523,2.89717,1.96674,3.07372,14.28615,3682863
downwards_rotate,downwards_sensor_sweep_120-20260625-124815,TesolloDownwardsRotateZ,TesolloDownwardsRotateZ-20260625-201219-downwardsrotatez_sb_baseline_s1,baseline,1,6,20,1.0,4.12842,2.16772,3.24656,2.3143,2.93767,14.79467,3682863
downwards_rotate,downwards_sensor_sweep_120-20260625-124815,TesolloDownwardsRotateZ,TesolloDownwardsRotateZ-20260625-201219-downwardsrotatez_sb_baseline_s1,baseline,1,6,21,1.05,3.98457,2.09204,3.18344,2.01772,2.49624,13.77401,3682863
downwards_rotate,downwards_sensor_sweep_120-20260625-124815,TesolloDownwardsRotateZ,TesolloDownwardsRotateZ-20260625-201219-downwardsrotatez_sb_baseline_s1,baseline,1,6,22,1.1,4.27116,2.11883,3.21593,0.95772,0.47136,11.035,3682863
downwards_rotate,downwards_sensor_sweep_120-20260625-124815,TesolloDownwardsRotateZ,TesolloDownwardsRotateZ-20260625-201219-downwardsrotatez_sb_baseline_s1,baseline,1,6,23,1.15,4.73333,1.87348,3.14884,0.64092,0.10892,10.50549,3682863
downwards_rotate,downwards_sensor_sweep_120-20260625-124815,TesolloDownwardsRotateZ,TesolloDownwardsRotateZ-20260625-201219-downwardsrotatez_sb_baseline_s1,baseline,1,6,24,1.2,4.96328,1.64788,3.25513,0.63559,0.0,10.50189,3682863
downwards_rotate,downwards_sensor_sweep_120-20260625-124815,TesolloDownwardsRotateZ,TesolloDownwardsRotateZ-20260625-201219-downwardsrotatez_sb_baseline_s1,baseline,1,6,25,1.25,5.22184,1.54856,3.14831,0.68812,0.0,10.60684,3682863
downwards_rotate,downwards_sensor_sweep_120-20260625-124815,TesolloDownwardsRotateZ,TesolloDownwardsRotateZ-20260625-201219-downwardsrotatez_sb_baseline_s1,baseline,1,6,26,1.3,4.91069,1.67755,3.08945,0.68053,0.0,10.35823,3682863
downwards_rotate,downwards_sensor_sweep_120-20260625-124815,TesolloDownwardsRotateZ,TesolloDownwardsRotateZ-20260625-201219-downwardsrotatez_sb_baseline_s1,baseline,1,6,27,1.35,4.93397,1.61455,3.17744,0.57569,0.0,10.30164,3682863
downwards_rotate,downwards_sensor_sweep_120-20260625-124815,TesolloDownwardsRotateZ,TesolloDownwardsRotateZ-20260625-201219-downwardsrotatez_sb_baseline_s1,baseline,1,6,28,1.4,5.18923,1.63371,3.14186,0.52763,0.0,10.49243,3682863
downwards_rotate,downwards_sensor_sweep_120-20260625-124815,TesolloDownwardsRotateZ,TesolloDownwardsRotateZ-20260625-201219-downwardsrotatez_sb_baseline_s1,baseline,1,6,29,1.45,4.88888,1.68233,3.11185,0.57439,0.0,10.25744,3682863
downwards_rotate,downwards_sensor_sweep_120-20260625-124815,TesolloDownwardsRotateZ,TesolloDownwardsRotateZ-20260625-201219-downwardsrotatez_sb_baseline_s1,baseline,1,6,30,1.5,4.86175,1.67902,3.08831,0.63317,0.0,10.26224,3682863
downwards_rotate,downwards_sensor_sweep_120-20260625-124815,TesolloDownwardsRotateZ,TesolloDownwardsRotateZ-20260625-201219-downwardsrotatez_sb_baseline_s1,baseline,1,6,31,1.55,4.85042,1.68683,3.07761,0.64851,0.0,10.26337,3682863
downwards_rotate,downwards_sensor_sweep_120-20260625-124815,TesolloDownwardsRotateZ,TesolloDownwardsRotateZ-20260625-201219-downwardsrotatez_sb_baseline_s1,baseline,1,6,32,1.6,4.87786,1.63046,3.18553,0.60026,0.0,10.29412,3682863
downwards_rotate,downwards_sensor_sweep_120-20260625-124815,TesolloDownwardsRotateZ,TesolloDownwardsRotateZ-20260625-201219-downwardsrotatez_sb_baseline_s1,baseline,1,6,33,1.65,4.80642,1.74953,3.14861,0.53988,0.0,10.24443,3682863
downwards_rotate,downwards_sensor_sweep_120-20260625-124815,TesolloDownwardsRotateZ,TesolloDownwardsRotateZ-20260625-201219-downwardsrotatez_sb_baseline_s1,baseline,1,6,34,1.7,4.76941,1.87043,3.11897,0.51575,0.0,10.27456,3682863
downwards_rotate,downwards_sensor_sweep_120-20260625-124815,TesolloDownwardsRotateZ,TesolloDownwardsRotateZ-20260625-201219-downwardsrotatez_sb_baseline_s1,baseline,1,6,35,1.75,4.7087,1.91629,3.10255,0.53814,0.0,10.26569,3682863
downwards_rotate,downwards_sensor_sweep_120-20260625-124815,TesolloDownwardsRotateZ,TesolloDownwardsRotateZ-20260625-201219-downwardsrotatez_sb_baseline_s1,baseline,1,6,36,1.8,4.6632,1.92944,3.08826,0.56982,0.0,10.25072,3682863
downwards_rotate,downwards_sensor_sweep_120-20260625-124815,TesolloDownwardsRotateZ,TesolloDownwardsRotateZ-20260625-201219-downwardsrotatez_sb_baseline_s1,baseline,1,6,37,1.85,4.61265,1.95809,3.08222,0.59189,0.0,10.24484,3682863
downwards_rotate,downwards_sensor_sweep_120-20260625-124815,TesolloDownwardsRotateZ,TesolloDownwardsRotateZ-20260625-201219-downwardsrotatez_sb_baseline_s1,baseline,1,6,38,1.9,4.60089,1.8699,3.21269,0.57107,0.0,10.25455,3682863
downwards_rotate,downwards_sensor_sweep_120-20260625-124815,TesolloDownwardsRotateZ,TesolloDownwardsRotateZ-20260625-201219-downwardsrotatez_sb_baseline_s1,baseline,1,6,39,1.95,4.53222,1.92127,3.17391,0.56565,0.0,10.19305,3682863
downwards_rotate,downwards_sensor_sweep_120-20260625-124815,TesolloDownwardsRotateZ,TesolloDownwardsRotateZ-20260625-201219-downwardsrotatez_sb_baseline_s1,baseline,1,6,40,2.0,4.48357,1.97563,3.1355,0.56776,0.0,10.16247,3682863
downwards_rotate,downwards_sensor_sweep_120-20260625-124815,TesolloDownwardsRotateZ,TesolloDownwardsRotateZ-20260625-201219-downwardsrotatez_sb_baseline_s1,baseline,1,6,41,2.05,4.43111,1.9898,3.11661,0.57867,0.0,10.11619,3682863
downwards_rotate,downwards_sensor_sweep_120-20260625-124815,TesolloDownwardsRotateZ,TesolloDownwardsRotateZ-20260625-201219-downwardsrotatez_sb_baseline_s1,baseline,1,6,42,2.1,4.39228,1.98047,3.10641,0.58913,0.0,10.0683,3682863
downwards_rotate,downwards_sensor_sweep_120-20260625-124815,TesolloDownwardsRotateZ,TesolloDownwardsRotateZ-20260625-201219-downwardsrotatez_sb_baseline_s1,baseline,1,6,43,2.15,4.35487,1.97719,3.10165,0.5962,0.0,10.02991,3682863
downwards_rotate,downwards_sensor_sweep_120-20260625-124815,TesolloDownwardsRotateZ,TesolloDownwardsRotateZ-20260625-201219-downwardsrotatez_sb_baseline_s1,baseline,1,6,44,2.2,4.3172,1.97241,3.10184,0.62148,0.12467,10.1376,3682863
downwards_rotate,downwards_sensor_sweep_120-20260625-124815,TesolloDownwardsRotateZ,TesolloDownwardsRotateZ-20260625-201219-downwardsrotatez_sb_baseline_s1,baseline,1,6,45,2.25,4.29058,1.85768,3.22527,0.61884,0.15569,10.14806,3682863
downwards_rotate,downwards_sensor_sweep_120-20260625-124815,TesolloDownwardsRotateZ,TesolloDownwardsRotateZ-20260625-201219-downwardsrotatez_sb_baseline_s1,baseline,1,6,46,2.3,4.26159,1.87088,3.18771,0.64632,0.15135,10.11784,3682863
downwards_rotate,downwards_sensor_sweep_120-20260625-124815,TesolloDownwardsRotateZ,TesolloDownwardsRotateZ-20260625-201219-downwardsrotatez_sb_baseline_s1,baseline,1,6,47,2.35,4.24202,1.88826,3.15333,0.65805,0.15265,10.09431,3682863
downwards_rotate,downwards_sensor_sweep_120-20260625-124815,TesolloDownwardsRotateZ,TesolloDownwardsRotateZ-20260625-201219-downwardsrotatez_sb_baseline_s1,baseline,1,6,48,2.4,4.21424,1.89675,3.13795,0.66876,0.16022,10.07792,3682863
downwards_rotate,downwards_sensor_sweep_120-20260625-124815,TesolloDownwardsRotateZ,TesolloDownwardsRotateZ-20260625-201219-downwardsrotatez_sb_baseline_s1,baseline,1,6,49,2.45,4.18923,1.89436,3.12623,0.68029,0.17069,10.06079,3682863
downwards_rotate,downwards_sensor_sweep_120-20260625-124815,TesolloDownwardsRotateZ,TesolloDownwardsRotateZ-20260625-201219-downwardsrotatez_sb_baseline_s1,baseline,1,6,50,2.5,4.16247,1.89492,3.12048,0.68817,0.18258,10.04862,3682863
downwards_rotate,downwards_sensor_sweep_120-20260625-124815,TesolloDownwardsRotateZ,TesolloDownwardsRotateZ-20260625-201219-downwardsrotatez_sb_baseline_s1,baseline,1,6,51,2.55,4.13821,1.89179,3.11613,0.66538,0.1945,10.00602,3682863
downwards_rotate,downwards_sensor_sweep_120-20260625-124815,TesolloDownwardsRotateZ,TesolloDownwardsRotateZ-20260625-201219-downwardsrotatez_sb_baseline_s1,baseline,1,6,52,2.6,4.11563,1.89537,3.11221,0.66865,0.19976,9.99162,3682863
downwards_rotate,downwards_sensor_sweep_120-20260625-124815,TesolloDownwardsRotateZ,TesolloDownwardsRotateZ-20260625-201219-downwardsrotatez_sb_baseline_s1,baseline,1,6,53,2.65,4.09646,1.80113,3.19808,0.65217,0.21018,9.95801,3682863
downwards_rotate,downwards_sensor_sweep_120-20260625-124815,TesolloDownwardsRotateZ,TesolloDownwardsRotateZ-20260625-201219-downwardsrotatez_sb_baseline_s1,baseline,1,6,54,2.7,4.08614,1.8071,3.19096,0.66342,0.18885,9.93647,3682863
downwards_rotate,downwards_sensor_sweep_120-20260625-124815,TesolloDownwardsRotateZ,TesolloDownwardsRotateZ-20260625-201219-downwardsrotatez_sb_baseline_s1,baseline,1,6,55,2.75,4.06708,1.83759,3.16535,0.66146,0.17813,9.9096,3682863
downwards_rotate,downwards_sensor_sweep_120-20260625-124815,TesolloDownwardsRotateZ,TesolloDownwardsRotateZ-20260625-201219-downwardsrotatez_sb_baseline_s1,baseline,1,6,56,2.8,4.03717,1.86245,3.14356,0.66227,0.17187,9.87732,3682863
downwards_rotate,downwards_sensor_sweep_120-20260625-124815,TesolloDownwardsRotateZ,TesolloDownwardsRotateZ-20260625-201219-downwardsrotatez_sb_baseline_s1,baseline,1,6,57,2.85,3.99488,1.90408,3.0646,0.67679,0.17215,9.81251,3682863
downwards_rotate,downwards_sensor_sweep_120-20260625-124815,TesolloDownwardsRotateZ,TesolloDownwardsRotateZ-20260625-201219-downwardsrotatez_sb_baseline_s1,baseline,1,6,58,2.9,3.9735,1.9474,2.91748,0.69557,0.1858,9.71974,3682863
downwards_rotate,downwards_sensor_sweep_120-20260625-124815,TesolloDownwardsRotateZ,TesolloDownwardsRotateZ-20260625-201219-downwardsrotatez_sb_baseline_s1,baseline,1,6,59,2.95,3.95771,1.98755,2.83197,0.70523,0.19603,9.67849,3682863
downwards_rotate,downwards_sensor_sweep_120-20260625-124815,TesolloDownwardsRotateZ,TesolloDownwardsRotateZ-20260625-201219-downwardsrotatez_sb_baseline_s1,baseline,1,6,60,3.0,3.95629,1.99492,2.83197,0.69,0.20726,9.68045,3682863
downwards_rotate,downwards_sensor_sweep_120-20260625-124815,TesolloDownwardsRotateZ,TesolloDownwardsRotateZ-20260625-201219-downwardsrotatez_sb_baseline_s1,baseline,1,6,61,3.05,3.96315,1.97676,2.82721,0.69681,0.18832,9.65224,3682863
downwards_rotate,downwards_sensor_sweep_120-20260625-124815,TesolloDownwardsRotateZ,TesolloDownwardsRotateZ-20260625-201219-downwardsrotatez_sb_baseline_s1,baseline,1,6,62,3.1,3.95473,2.03261,2.71742,0.7025,0.18123,9.58849,3682863
downwards_rotate,downwards_sensor_sweep_120-20260625-124815,TesolloDownwardsRotateZ,TesolloDownwardsRotateZ-20260625-201219-downwardsrotatez_sb_baseline_s1,baseline,1,6,63,3.15,3.93851,2.08188,2.62382,0.71591,0.17289,9.53301,3682863
downwards_rotate,downwards_sensor_sweep_120-20260625-124815,TesolloDownwardsRotateZ,TesolloDownwardsRotateZ-20260625-201219-downwardsrotatez_sb_baseline_s1,baseline,1,6,64,3.2,3.93267,2.12043,2.54896,0.72689,0.16624,9.49519,3682863
downwards_rotate,downwards_sensor_sweep_120-20260625-124815,TesolloDownwardsRotateZ,TesolloDownwardsRotateZ-20260625-201219-downwardsrotatez_sb_baseline_s1,baseline,1,6,65,3.25,3.92901,2.15453,2.48578,0.73547,0.16437,9.46918,3682863
downwards_rotate,downwards_sensor_sweep_120-20260625-124815,TesolloDownwardsRotateZ,TesolloDownwardsRotateZ-20260625-201219-downwardsrotatez_sb_baseline_s1,baseline,1,6,66,3.3,3.93883,2.34175,2.1549,0.75339,0.18421,9.37309,3682863
downwards_rotate,downwards_sensor_sweep_120-20260625-124815,TesolloDownwardsRotateZ,TesolloDownwardsRotateZ-20260625-201219-downwardsrotatez_sb_baseline_s1,baseline,1,6,67,3.35,3.94673,2.15129,2.46297,0.75725,0.23852,9.55676,3682863
downwards_rotate,downwards_sensor_sweep_120-20260625-124815,TesolloDownwardsRotateZ,TesolloDownwardsRotateZ-20260625-201219-downwardsrotatez_sb_baseline_s1,baseline,1,6,68,3.4,3.91602,2.17671,2.44828,0.77167,0.2745,9.58718,3682863
downwards_rotate,downwards_sensor_sweep_120-20260625-124815,TesolloDownwardsRotateZ,TesolloDownwardsRotateZ-20260625-201219-downwardsrotatez_sb_baseline_s1,baseline,1,6,69,3.45,3.89455,2.2089,2.36166,0.79044,0.28087,9.53642,3682863
downwards_rotate,downwards_sensor_sweep_120-20260625-124815,TesolloDownwardsRotateZ,TesolloDownwardsRotateZ-20260625-201219-downwardsrotatez_sb_baseline_s1,baseline,1,6,70,3.5,3.87848,2.22512,2.30026,0.80457,0.28268,9.49111,3682863
downwards_rotate,downwards_sensor_sweep_120-20260625-124815,TesolloDownwardsRotateZ,TesolloDownwardsRotateZ-20260625-201219-downwardsrotatez_sb_baseline_s1,baseline,1,6,71,3.55,3.8696,2.23934,2.24834,0.77871,0.28006,9.41605,3682863
downwards_rotate,downwards_sensor_sweep_120-20260625-124815,TesolloDownwardsRotateZ,TesolloDownwardsRotateZ-20260625-201219-downwardsrotatez_sb_baseline_s1,baseline,1,6,72,3.6,3.85526,2.36647,2.18025,0.73191,0.30454,9.43843,3682863
downwards_rotate,downwards_sensor_sweep_120-20260625-124815,TesolloDownwardsRotateZ,TesolloDownwardsRotateZ-20260625-201219-downwardsrotatez_sb_baseline_s1,baseline,1,6,73,3.65,3.88727,2.15616,2.25681,0.72083,0.34094,9.362,3682863
downwards_rotate,downwards_sensor_sweep_120-20260625-124815,TesolloDownwardsRotateZ,TesolloDownwardsRotateZ-20260625-201219-downwardsrotatez_sb_baseline_s1,baseline,1,6,74,3.7,3.85974,2.24873,2.1635,0.71189,0.34586,9.32972,3682863
downwards_rotate,downwards_sensor_sweep_120-20260625-124815,TesolloDownwardsRotateZ,TesolloDownwardsRotateZ-20260625-201219-downwardsrotatez_sb_baseline_s1,baseline,1,6,75,3.75,3.83272,2.34448,2.01803,0.71508,0.32782,9.23813,3682863
downwards_rotate,downwards_sensor_sweep_120-20260625-124815,TesolloDownwardsRotateZ,TesolloDownwardsRotateZ-20260625-201219-downwardsrotatez_sb_baseline_s1,baseline,1,6,76,3.8,3.81932,2.39628,1.91522,0.72529,0.30921,9.16532,3682863
downwards_rotate,downwards_sensor_sweep_120-20260625-124815,TesolloDownwardsRotateZ,TesolloDownwardsRotateZ-20260625-201219-downwardsrotatez_sb_baseline_s1,baseline,1,6,77,3.85,3.82264,2.40759,1.83245,0.74018,0.29622,9.09908,3682863
downwards_rotate,downwards_sensor_sweep_120-20260625-124815,TesolloDownwardsRotateZ,TesolloDownwardsRotateZ-20260625-201219-downwardsrotatez_sb_baseline_s1,baseline,1,6,78,3.9,3.83807,2.38593,1.82989,0.71395,0.3246,9.09244,3682863
downwards_rotate,downwards_sensor_sweep_120-20260625-124815,TesolloDownwardsRotateZ,TesolloDownwardsRotateZ-20260625-201219-downwardsrotatez_sb_baseline_s1,baseline,1,6,79,3.95,3.81872,2.39009,1.79953,0.72945,0.35873,9.09651,3682863
downwards_rotate,downwards_sensor_sweep_120-20260625-124815,TesolloDownwardsRotateZ,TesolloDownwardsRotateZ-20260625-201219-downwardsrotatez_sb_baseline_s1,baseline,1,6,80,4.0,3.83117,2.64018,1.15318,0.77488,0.31665,8.71605,3682863
downwards_rotate,downwards_sensor_sweep_120-20260625-124815,TesolloDownwardsRotateZ,TesolloDownwardsRotateZ-20260625-201219-downwardsrotatez_sb_baseline_s1,baseline,1,6,81,4.05,3.96204,2.95311,0.0,1.00538,0.28297,8.2035,3682863
downwards_rotate,downwards_sensor_sweep_120-20260625-124815,TesolloDownwardsRotateZ,TesolloDownwardsRotateZ-20260625-201219-downwardsrotatez_sb_baseline_s1,baseline,1,6,82,4.1,4.24022,2.70677,0.0,1.116,0.38334,8.44633,3682863
downwards_rotate,downwards_sensor_sweep_120-20260625-124815,TesolloDownwardsRotateZ,TesolloDownwardsRotateZ-20260625-201219-downwardsrotatez_sb_baseline_s1,baseline,1,6,83,4.15,4.3738,2.76216,0.0,1.16305,0.44461,8.74362,3682863
downwards_rotate,downwards_sensor_sweep_120-20260625-124815,TesolloDownwardsRotateZ,TesolloDownwardsRotateZ-20260625-201219-downwardsrotatez_sb_baseline_s1,baseline,1,6,84,4.2,4.52163,3.08176,0.0,1.29713,0.50548,9.406,3682863
downwards_rotate,downwards_sensor_sweep_120-20260625-124815,TesolloDownwardsRotateZ,TesolloDownwardsRotateZ-20260625-201219-downwardsrotatez_sb_baseline_s1,baseline,1,6,85,4.25,5.2271,3.41204,0.0,1.26504,0.59235,10.49653,3682863
downwards_rotate,downwards_sensor_sweep_120-20260625-124815,TesolloDownwardsRotateZ,TesolloDownwardsRotateZ-20260625-201219-downwardsrotatez_sb_baseline_s1,baseline,1,6,86,4.3,4.57115,3.21813,0.0,1.18721,0.34867,9.32516,3682863
downwards_rotate,downwards_sensor_sweep_120-20260625-124815,TesolloDownwardsRotateZ,TesolloDownwardsRotateZ-20260625-201219-downwardsrotatez_sb_baseline_s1,baseline,1,6,87,4.35,4.61838,2.68134,1.87759,0.95825,0.34226,10.47782,3682863
downwards_rotate,downwards_sensor_sweep_120-20260625-124815,TesolloDownwardsRotateZ,TesolloDownwardsRotateZ-20260625-201219-downwardsrotatez_sb_baseline_s1,baseline,1,6,88,4.4,4.2613,2.11626,3.08726,0.57096,0.13849,10.17427,3682863
downwards_rotate,downwards_sensor_sweep_120-20260625-124815,TesolloDownwardsRotateZ,TesolloDownwardsRotateZ-20260625-201219-downwardsrotatez_sb_baseline_s1,baseline,1,6,89,4.45,4.27777,1.94773,3.29375,0.44589,0.0,9.96514,3682863
downwards_rotate,downwards_sensor_sweep_120-20260625-124815,TesolloDownwardsRotateZ,TesolloDownwardsRotateZ-20260625-201219-downwardsrotatez_sb_baseline_s1,baseline,1,6,90,4.5,4.17088,1.69558,3.29301,0.29015,0.0,9.44963,3682863
downwards_rotate,downwards_sensor_sweep_120-20260625-124815,TesolloDownwardsRotateZ,TesolloDownwardsRotateZ-20260625-201219-downwardsrotatez_sb_baseline_s1,baseline,1,6,91,4.55,3.99009,1.63981,3.34198,0.0,0.0,8.97189,3682863
downwards_rotate,downwards_sensor_sweep_120-20260625-124815,TesolloDownwardsRotateZ,TesolloDownwardsRotateZ-20260625-201219-downwardsrotatez_sb_baseline_s1,baseline,1,6,92,4.6,4.02782,1.45444,3.43399,0.18609,0.0,9.10234,3682863
downwards_rotate,downwards_sensor_sweep_120-20260625-124815,TesolloDownwardsRotateZ,TesolloDownwardsRotateZ-20260625-201219-downwardsrotatez_sb_baseline_s1,baseline,1,6,93,4.65,4.03199,1.50207,3.38307,0.25176,0.0,9.16889,3682863
downwards_rotate,downwards_sensor_sweep_120-20260625-124815,TesolloDownwardsRotateZ,TesolloDownwardsRotateZ-20260625-201219-downwardsrotatez_sb_baseline_s1,baseline,1,6,94,4.7,4.04389,1.55926,3.35213,0.31821,0.0,9.27349,3682863
downwards_rotate,downwards_sensor_sweep_120-20260625-124815,TesolloDownwardsRotateZ,TesolloDownwardsRotateZ-20260625-201219-downwardsrotatez_sb_baseline_s1,baseline,1,6,95,4.75,4.01523,1.61152,3.35917,0.37605,0.0,9.36196,3682863
downwards_rotate,downwards_sensor_sweep_120-20260625-124815,TesolloDownwardsRotateZ,TesolloDownwardsRotateZ-20260625-201219-downwardsrotatez_sb_baseline_s1,baseline,1,6,96,4.8,3.96619,1.55145,3.45843,0.38058,0.0,9.35667,3682863
downwards_rotate,downwards_sensor_sweep_120-20260625-124815,TesolloDownwardsRotateZ,TesolloDownwardsRotateZ-20260625-201219-downwardsrotatez_sb_baseline_s1,baseline,1,6,97,4.85,3.9146,1.62986,3.43544,0.39827,0.0,9.37817,3682863
downwards_rotate,downwards_sensor_sweep_120-20260625-124815,TesolloDownwardsRotateZ,TesolloDownwardsRotateZ-20260625-201219-downwardsrotatez_sb_baseline_s1,baseline,1,6,98,4.9,3.89184,1.69996,3.40502,0.40236,0.0,9.39917,3682863
downwards_rotate,downwards_sensor_sweep_120-20260625-124815,TesolloDownwardsRotateZ,TesolloDownwardsRotateZ-20260625-201219-downwardsrotatez_sb_baseline_s1,baseline,1,6,99,4.95,3.90254,1.73041,3.39153,0.4554,0.0,9.47989,3682863
downwards_rotate,downwards_sensor_sweep_120-20260625-124815,TesolloDownwardsRotateZ,TesolloDownwardsRotateZ-20260625-201219-downwardsrotatez_sb_baseline_s1,baseline,1,6,100,5.0,3.92256,1.74588,3.38131,0.51805,0.0,9.56781,3682863
downwards_rotate,downwards_sensor_sweep_120-20260625-124815,TesolloDownwardsRotateZ,TesolloDownwardsRotateZ-20260625-201219-downwardsrotatez_sb_baseline_s1,baseline,1,6,101,5.05,3.91611,1.65923,3.49127,0.56541,0.0,9.63202,3682863
downwards_rotate,downwards_sensor_sweep_120-20260625-124815,TesolloDownwardsRotateZ,TesolloDownwardsRotateZ-20260625-201219-downwardsrotatez_sb_baseline_s1,baseline,1,6,102,5.1,3.89295,1.75735,3.46007,0.5985,0.0,9.70887,3682863
downwards_rotate,downwards_sensor_sweep_120-20260625-124815,TesolloDownwardsRotateZ,TesolloDownwardsRotateZ-20260625-201219-downwardsrotatez_sb_baseline_s1,baseline,1,6,103,5.15,3.81228,1.86156,3.43356,0.62188,0.0,9.72929,3682863
downwards_rotate,downwards_sensor_sweep_120-20260625-124815,TesolloDownwardsRotateZ,TesolloDownwardsRotateZ-20260625-201219-downwardsrotatez_sb_baseline_s1,baseline,1,6,104,5.2,3.70595,1.96716,3.4194,0.6345,0.0,9.727,3682863
downwards_rotate,downwards_sensor_sweep_120-20260625-124815,TesolloDownwardsRotateZ,TesolloDownwardsRotateZ-20260625-201219-downwardsrotatez_sb_baseline_s1,baseline,1,6,105,5.25,3.60205,2.04146,3.32569,0.65077,0.0,9.61998,3682863
downwards_rotate,downwards_sensor_sweep_120-20260625-124815,TesolloDownwardsRotateZ,TesolloDownwardsRotateZ-20260625-201219-downwardsrotatez_sb_baseline_s1,baseline,1,6,106,5.3,3.10749,3.29617,2.929,0.41335,0.32224,10.06826,3682863
downwards_rotate,downwards_sensor_sweep_120-20260625-124815,TesolloDownwardsRotateZ,TesolloDownwardsRotateZ-20260625-201219-downwardsrotatez_sb_baseline_s1,baseline,1,6,107,5.35,3.41645,2.32127,2.35476,0.45236,0.17826,8.7231,3682863
downwards_rotate,downwards_sensor_sweep_120-20260625-124815,TesolloDownwardsRotateZ,TesolloDownwardsRotateZ-20260625-201219-downwardsrotatez_sb_baseline_s1,baseline,1,6,108,5.4,3.45653,2.41152,2.40047,0.46858,0.14114,8.87823,3682863
downwards_rotate,downwards_sensor_sweep_120-20260625-124815,TesolloDownwardsRotateZ,TesolloDownwardsRotateZ-20260625-201219-downwardsrotatez_sb_baseline_s1,baseline,1,6,109,5.45,3.50311,2.47138,2.14809,0.50663,0.16456,8.79377,3682863
downwards_rotate,downwards_sensor_sweep_120-20260625-124815,TesolloDownwardsRotateZ,TesolloDownwardsRotateZ-20260625-201219-downwardsrotatez_sb_baseline_s1,baseline,1,6,110,5.5,3.51327,2.49877,2.04338,0.52096,0.16783,8.74421,3682863
downwards_rotate,downwards_sensor_sweep_120-20260625-124815,TesolloDownwardsRotateZ,TesolloDownwardsRotateZ-20260625-201219-downwardsrotatez_sb_baseline_s1,baseline,1,6,111,5.55,3.51574,2.51555,1.96246,0.52937,0.16699,8.69011,3682863
downwards_rotate,downwards_sensor_sweep_120-20260625-124815,TesolloDownwardsRotateZ,TesolloDownwardsRotateZ-20260625-201219-downwardsrotatez_sb_baseline_s1,baseline,1,6,112,5.6,3.51647,2.54356,1.86354,0.54109,0.16989,8.63456,3682863
downwards_rotate,downwards_sensor_sweep_120-20260625-124815,TesolloDownwardsRotateZ,TesolloDownwardsRotateZ-20260625-201219-downwardsrotatez_sb_baseline_s1,baseline,1,6,113,5.65,3.50946,2.49926,1.85925,0.5141,0.19951,8.58158,3682863
downwards_rotate,downwards_sensor_sweep_120-20260625-124815,TesolloDownwardsRotateZ,TesolloDownwardsRotateZ-20260625-201219-downwardsrotatez_sb_baseline_s1,baseline,1,6,114,5.7,3.49124,2.47924,1.85637,0.50579,0.22918,8.56183,3682863
downwards_rotate,downwards_sensor_sweep_120-20260625-124815,TesolloDownwardsRotateZ,TesolloDownwardsRotateZ-20260625-201219-downwardsrotatez_sb_baseline_s1,baseline,1,6,115,5.75,3.49505,2.48189,1.72291,0.52248,0.2366,8.45893,3682863
downwards_rotate,downwards_sensor_sweep_120-20260625-124815,TesolloDownwardsRotateZ,TesolloDownwardsRotateZ-20260625-201219-downwardsrotatez_sb_baseline_s1,baseline,1,6,116,5.8,3.49071,2.48902,1.60185,0.56566,0.2238,8.37104,3682863
downwards_rotate,downwards_sensor_sweep_120-20260625-124815,TesolloDownwardsRotateZ,TesolloDownwardsRotateZ-20260625-201219-downwardsrotatez_sb_baseline_s1,baseline,1,6,117,5.85,3.5334,2.67297,0.90858,0.62311,0.18928,7.92735,3682863
downwards_rotate,downwards_sensor_sweep_120-20260625-124815,TesolloDownwardsRotateZ,TesolloDownwardsRotateZ-20260625-201219-downwardsrotatez_sb_baseline_s1,baseline,1,6,118,5.9,3.73579,2.8801,0.0,0.75404,0.18021,7.55014,3682863
downwards_rotate,downwards_sensor_sweep_120-20260625-124815,TesolloDownwardsRotateZ,TesolloDownwardsRotateZ-20260625-201219-downwardsrotatez_sb_baseline_s1,baseline,1,6,119,5.95,4.02203,2.5,0.0,0.8987,0.31441,7.73514,3682863
downwards_rotate,downwards_sensor_sweep_120-20260625-124815,TesolloDownwardsRotateZ,TesolloDownwardsRotateZ-20260625-201219-downwardsrotatez_sb_baseline_s1,baseline,1,7,0,0.0,0.0,0.0,0.0,0.0,0.0,0.0,3682863
downwards_rotate,downwards_sensor_sweep_120-20260625-124815,TesolloDownwardsRotateZ,TesolloDownwardsRotateZ-20260625-201219-downwardsrotatez_sb_baseline_s1,baseline,1,7,1,0.05,0.0,0.0,0.0,0.0,0.0,0.0,3682863
downwards_rotate,downwards_sensor_sweep_120-20260625-124815,TesolloDownwardsRotateZ,TesolloDownwardsRotateZ-20260625-201219-downwardsrotatez_sb_baseline_s1,baseline,1,7,2,0.1,0.0,0.0,0.0,0.0,0.0,0.0,3682863
downwards_rotate,downwards_sensor_sweep_120-20260625-124815,TesolloDownwardsRotateZ,TesolloDownwardsRotateZ-20260625-201219-downwardsrotatez_sb_baseline_s1,baseline,1,7,3,0.15,0.0,0.0,0.0,0.0,0.0,0.0,3682863
downwards_rotate,downwards_sensor_sweep_120-20260625-124815,TesolloDownwardsRotateZ,TesolloDownwardsRotateZ-20260625-201219-downwardsrotatez_sb_baseline_s1,baseline,1,7,4,0.2,0.0,0.0,0.0,0.0,0.0,0.0,3682863
downwards_rotate,downwards_sensor_sweep_120-20260625-124815,TesolloDownwardsRotateZ,TesolloDownwardsRotateZ-20260625-201219-downwardsrotatez_sb_baseline_s1,baseline,1,7,5,0.25,0.0,0.0,0.0,0.0,0.0,0.0,3682863
downwards_rotate,downwards_sensor_sweep_120-20260625-124815,TesolloDownwardsRotateZ,TesolloDownwardsRotateZ-20260625-201219-downwardsrotatez_sb_baseline_s1,baseline,1,7,6,0.3,0.0,0.0,0.0,0.0,0.0,0.0,3682863
downwards_rotate,downwards_sensor_sweep_120-20260625-124815,TesolloDownwardsRotateZ,TesolloDownwardsRotateZ-20260625-201219-downwardsrotatez_sb_baseline_s1,baseline,1,7,7,0.35,0.0,0.0,0.0,0.0,0.0,0.0,3682863
downwards_rotate,downwards_sensor_sweep_120-20260625-124815,TesolloDownwardsRotateZ,TesolloDownwardsRotateZ-20260625-201219-downwardsrotatez_sb_baseline_s1,baseline,1,7,8,0.4,0.0,0.0,0.0,0.0,0.0,0.0,3682863
downwards_rotate,downwards_sensor_sweep_120-20260625-124815,TesolloDownwardsRotateZ,TesolloDownwardsRotateZ-20260625-201219-downwardsrotatez_sb_baseline_s1,baseline,1,7,9,0.45,0.0,0.0,0.56163,0.86782,0.0,1.42944,3682863
downwards_rotate,downwards_sensor_sweep_120-20260625-124815,TesolloDownwardsRotateZ,TesolloDownwardsRotateZ-20260625-201219-downwardsrotatez_sb_baseline_s1,baseline,1,7,10,0.5,0.0,0.0,2.1173,1.66647,0.0,3.78376,3682863
downwards_rotate,downwards_sensor_sweep_120-20260625-124815,TesolloDownwardsRotateZ,TesolloDownwardsRotateZ-20260625-201219-downwardsrotatez_sb_baseline_s1,baseline,1,7,11,0.55,2.70045,1.42628,2.19852,1.59583,1.207,9.12807,3682863
downwards_rotate,downwards_sensor_sweep_120-20260625-124815,TesolloDownwardsRotateZ,TesolloDownwardsRotateZ-20260625-201219-downwardsrotatez_sb_baseline_s1,baseline,1,7,12,0.6,2.71799,0.0,2.34249,0.0,1.60231,6.66279,3682863
downwards_rotate,downwards_sensor_sweep_120-20260625-124815,TesolloDownwardsRotateZ,TesolloDownwardsRotateZ-20260625-201219-downwardsrotatez_sb_baseline_s1,baseline,1,7,13,0.65,3.16836,1.20288,2.02564,1.86975,0.0,8.26663,3682863
downwards_rotate,downwards_sensor_sweep_120-20260625-124815,TesolloDownwardsRotateZ,TesolloDownwardsRotateZ-20260625-201219-downwardsrotatez_sb_baseline_s1,baseline,1,7,14,0.7,4.35414,1.21997,1.90789,1.54038,1.3505,10.37289,3682863
downwards_rotate,downwards_sensor_sweep_120-20260625-124815,TesolloDownwardsRotateZ,TesolloDownwardsRotateZ-20260625-201219-downwardsrotatez_sb_baseline_s1,baseline,1,7,15,0.75,3.40531,1.51913,1.97017,1.2716,1.20572,9.37193,3682863
downwards_rotate,downwards_sensor_sweep_120-20260625-124815,TesolloDownwardsRotateZ,TesolloDownwardsRotateZ-20260625-201219-downwardsrotatez_sb_baseline_s1,baseline,1,7,16,0.8,1.98551,1.491,1.98508,1.02463,0.0,6.48621,3682863
downwards_rotate,downwards_sensor_sweep_120-20260625-124815,TesolloDownwardsRotateZ,TesolloDownwardsRotateZ-20260625-201219-downwardsrotatez_sb_baseline_s1,baseline,1,7,17,0.85,1.31836,1.68504,1.97247,0.80641,0.0,5.78228,3682863
downwards_rotate,downwards_sensor_sweep_120-20260625-124815,TesolloDownwardsRotateZ,TesolloDownwardsRotateZ-20260625-201219-downwardsrotatez_sb_baseline_s1,baseline,1,7,18,0.9,1.01146,1.74915,1.98668,0.64984,0.0,5.39712,3682863
downwards_rotate,downwards_sensor_sweep_120-20260625-124815,TesolloDownwardsRotateZ,TesolloDownwardsRotateZ-20260625-201219-downwardsrotatez_sb_baseline_s1,baseline,1,7,19,0.95,0.83751,1.6319,2.22517,0.4805,0.0,5.17508,3682863
downwards_rotate,downwards_sensor_sweep_120-20260625-124815,TesolloDownwardsRotateZ,TesolloDownwardsRotateZ-20260625-201219-downwardsrotatez_sb_baseline_s1,baseline,1,7,20,1.0,0.74091,1.6976,2.21632,0.4913,0.0,5.14612,3682863
downwards_rotate,downwards_sensor_sweep_120-20260625-124815,TesolloDownwardsRotateZ,TesolloDownwardsRotateZ-20260625-201219-downwardsrotatez_sb_baseline_s1,baseline,1,7,21,1.05,0.8402,1.57684,2.07101,0.73713,0.0,5.22518,3682863
downwards_rotate,downwards_sensor_sweep_120-20260625-124815,TesolloDownwardsRotateZ,TesolloDownwardsRotateZ-20260625-201219-downwardsrotatez_sb_baseline_s1,baseline,1,7,22,1.1,1.03767,1.36909,2.12583,0.86035,0.0,5.39295,3682863
downwards_rotate,downwards_sensor_sweep_120-20260625-124815,TesolloDownwardsRotateZ,TesolloDownwardsRotateZ-20260625-201219-downwardsrotatez_sb_baseline_s1,baseline,1,7,23,1.15,1.88947,1.18302,1.47601,1.70047,0.0,6.24897,3682863
downwards_rotate,downwards_sensor_sweep_120-20260625-124815,TesolloDownwardsRotateZ,TesolloDownwardsRotateZ-20260625-201219-downwardsrotatez_sb_baseline_s1,baseline,1,7,24,1.2,2.73059,0.0,2.18375,1.55938,0.0,6.47372,3682863
downwards_rotate,downwards_sensor_sweep_120-20260625-124815,TesolloDownwardsRotateZ,TesolloDownwardsRotateZ-20260625-201219-downwardsrotatez_sb_baseline_s1,baseline,1,7,25,1.25,2.96194,0.0,1.99437,1.91759,0.0,6.8739,3682863
downwards_rotate,downwards_sensor_sweep_120-20260625-124815,TesolloDownwardsRotateZ,TesolloDownwardsRotateZ-20260625-201219-downwardsrotatez_sb_baseline_s1,baseline,1,7,26,1.3,3.32957,0.0,1.57776,2.21264,0.0,7.11997,3682863
downwards_rotate,downwards_sensor_sweep_120-20260625-124815,TesolloDownwardsRotateZ,TesolloDownwardsRotateZ-20260625-201219-downwardsrotatez_sb_baseline_s1,baseline,1,7,27,1.35,3.63647,0.0,1.17442,2.46446,0.0,7.27536,3682863
downwards_rotate,downwards_sensor_sweep_120-20260625-124815,TesolloDownwardsRotateZ,TesolloDownwardsRotateZ-20260625-201219-downwardsrotatez_sb_baseline_s1,baseline,1,7,28,1.4,3.26566,0.0,0.0,3.12243,0.0,6.38809,3682863
downwards_rotate,downwards_sensor_sweep_120-20260625-124815,TesolloDownwardsRotateZ,TesolloDownwardsRotateZ-20260625-201219-downwardsrotatez_sb_baseline_s1,baseline,1,7,29,1.45,3.21833,0.0,0.0,3.06502,0.0,6.28335,3682863
downwards_rotate,downwards_sensor_sweep_120-20260625-124815,TesolloDownwardsRotateZ,TesolloDownwardsRotateZ-20260625-201219-downwardsrotatez_sb_baseline_s1,baseline,1,7,30,1.5,3.4178,0.0,0.0,3.42108,0.0,6.83888,3682863
downwards_rotate,downwards_sensor_sweep_120-20260625-124815,TesolloDownwardsRotateZ,TesolloDownwardsRotateZ-20260625-201219-downwardsrotatez_sb_baseline_s1,baseline,1,7,31,1.55,2.95033,0.0,0.0,2.64485,0.0,5.59519,3682863
downwards_rotate,downwards_sensor_sweep_120-20260625-124815,TesolloDownwardsRotateZ,TesolloDownwardsRotateZ-20260625-201219-downwardsrotatez_sb_baseline_s1,baseline,1,7,32,1.6,2.88636,0.0,0.0,2.59153,0.0,5.47789,3682863
downwards_rotate,downwards_sensor_sweep_120-20260625-124815,TesolloDownwardsRotateZ,TesolloDownwardsRotateZ-20260625-201219-downwardsrotatez_sb_baseline_s1,baseline,1,7,33,1.65,3.30631,0.0,0.0,3.26422,0.0,6.57053,3682863
downwards_rotate,downwards_sensor_sweep_120-20260625-124815,TesolloDownwardsRotateZ,TesolloDownwardsRotateZ-20260625-201219-downwardsrotatez_sb_baseline_s1,baseline,1,7,34,1.7,2.88638,0.0,0.0,2.61699,0.0,5.50338,3682863
downwards_rotate,downwards_sensor_sweep_120-20260625-124815,TesolloDownwardsRotateZ,TesolloDownwardsRotateZ-20260625-201219-downwardsrotatez_sb_baseline_s1,baseline,1,7,35,1.75,2.8285,0.0,0.0,2.64875,0.0,5.47726,3682863
downwards_rotate,downwards_sensor_sweep_120-20260625-124815,TesolloDownwardsRotateZ,TesolloDownwardsRotateZ-20260625-201219-downwardsrotatez_sb_baseline_s1,baseline,1,7,36,1.8,2.80691,0.0,0.0,2.53557,0.0,5.34248,3682863
downwards_rotate,downwards_sensor_sweep_120-20260625-124815,TesolloDownwardsRotateZ,TesolloDownwardsRotateZ-20260625-201219-downwardsrotatez_sb_baseline_s1,baseline,1,7,37,1.85,2.77644,0.0,0.0,2.48059,0.0,5.25704,3682863
downwards_rotate,downwards_sensor_sweep_120-20260625-124815,TesolloDownwardsRotateZ,TesolloDownwardsRotateZ-20260625-201219-downwardsrotatez_sb_baseline_s1,baseline,1,7,38,1.9,3.03785,0.0,0.0,2.86931,0.0,5.90715,3682863
downwards_rotate,downwards_sensor_sweep_120-20260625-124815,TesolloDownwardsRotateZ,TesolloDownwardsRotateZ-20260625-201219-downwardsrotatez_sb_baseline_s1,baseline,1,7,39,1.95,2.78827,0.0,0.0,2.45236,0.0,5.24062,3682863
downwards_rotate,downwards_sensor_sweep_120-20260625-124815,TesolloDownwardsRotateZ,TesolloDownwardsRotateZ-20260625-201219-downwardsrotatez_sb_baseline_s1,baseline,1,7,40,2.0,2.9737,0.0,0.0,2.62734,0.0,5.60105,3682863
downwards_rotate,downwards_sensor_sweep_120-20260625-124815,TesolloDownwardsRotateZ,TesolloDownwardsRotateZ-20260625-201219-downwardsrotatez_sb_baseline_s1,baseline,1,7,41,2.05,2.71606,0.0,0.0,2.34634,0.0,5.0624,3682863
downwards_rotate,downwards_sensor_sweep_120-20260625-124815,TesolloDownwardsRotateZ,TesolloDownwardsRotateZ-20260625-201219-downwardsrotatez_sb_baseline_s1,baseline,1,7,42,2.1,2.69141,0.0,0.0,2.30755,0.0,4.99895,3682863
downwards_rotate,downwards_sensor_sweep_120-20260625-124815,TesolloDownwardsRotateZ,TesolloDownwardsRotateZ-20260625-201219-downwardsrotatez_sb_baseline_s1,baseline,1,7,43,2.15,2.63234,0.0,0.0,2.25567,0.0,4.88801,3682863
downwards_rotate,downwards_sensor_sweep_120-20260625-124815,TesolloDownwardsRotateZ,TesolloDownwardsRotateZ-20260625-201219-downwardsrotatez_sb_baseline_s1,baseline,1,7,44,2.2,2.66368,0.0,0.0,2.38813,0.0,5.05181,3682863
downwards_rotate,downwards_sensor_sweep_120-20260625-124815,TesolloDownwardsRotateZ,TesolloDownwardsRotateZ-20260625-201219-downwardsrotatez_sb_baseline_s1,baseline,1,7,45,2.25,2.67969,0.15313,0.0,2.44683,0.0,5.27965,3682863
downwards_rotate,downwards_sensor_sweep_120-20260625-124815,TesolloDownwardsRotateZ,TesolloDownwardsRotateZ-20260625-201219-downwardsrotatez_sb_baseline_s1,baseline,1,7,46,2.3,2.68521,0.0,0.0,2.45921,0.0,5.14442,3682863
downwards_rotate,downwards_sensor_sweep_120-20260625-124815,TesolloDownwardsRotateZ,TesolloDownwardsRotateZ-20260625-201219-downwardsrotatez_sb_baseline_s1,baseline,1,7,47,2.35,2.5972,0.15179,0.0,2.32967,0.0,5.07865,3682863
downwards_rotate,downwards_sensor_sweep_120-20260625-124815,TesolloDownwardsRotateZ,TesolloDownwardsRotateZ-20260625-201219-downwardsrotatez_sb_baseline_s1,baseline,1,7,48,2.4,2.57311,0.0,0.0,2.37245,0.0,4.94556,3682863
downwards_rotate,downwards_sensor_sweep_120-20260625-124815,TesolloDownwardsRotateZ,TesolloDownwardsRotateZ-20260625-201219-downwardsrotatez_sb_baseline_s1,baseline,1,7,49,2.45,2.55616,0.18536,0.0,2.34801,0.0,5.08953,3682863
downwards_rotate,downwards_sensor_sweep_120-20260625-124815,TesolloDownwardsRotateZ,TesolloDownwardsRotateZ-20260625-201219-downwardsrotatez_sb_baseline_s1,baseline,1,7,50,2.5,1.29503,0.0,0.0,2.23752,0.0,3.53255,3682863
downwards_rotate,downwards_sensor_sweep_120-20260625-124815,TesolloDownwardsRotateZ,TesolloDownwardsRotateZ-20260625-201219-downwardsrotatez_sb_baseline_s1,baseline,1,7,51,2.55,1.2065,0.26874,0.0,2.69432,0.0,4.16956,3682863
downwards_rotate,downwards_sensor_sweep_120-20260625-124815,TesolloDownwardsRotateZ,TesolloDownwardsRotateZ-20260625-201219-downwardsrotatez_sb_baseline_s1,baseline,1,7,52,2.6,0.0,0.0,0.0,3.48918,0.0,3.48918,3682863
downwards_rotate,downwards_sensor_sweep_120-20260625-124815,TesolloDownwardsRotateZ,TesolloDownwardsRotateZ-20260625-201219-downwardsrotatez_sb_baseline_s1,baseline,1,7,53,2.65,0.0,0.0,0.0,3.37343,0.0,3.37343,3682863
downwards_rotate,downwards_sensor_sweep_120-20260625-124815,TesolloDownwardsRotateZ,TesolloDownwardsRotateZ-20260625-201219-downwardsrotatez_sb_baseline_s1,baseline,1,7,54,2.7,0.0,0.0,0.0,3.16871,0.0,3.16871,3682863
downwards_rotate,downwards_sensor_sweep_120-20260625-124815,TesolloDownwardsRotateZ,TesolloDownwardsRotateZ-20260625-201219-downwardsrotatez_sb_baseline_s1,baseline,1,7,55,2.75,0.14716,0.0,0.0,3.87674,0.0,4.0239,3682863
downwards_rotate,downwards_sensor_sweep_120-20260625-124815,TesolloDownwardsRotateZ,TesolloDownwardsRotateZ-20260625-201219-downwardsrotatez_sb_baseline_s1,baseline,1,7,56,2.8,0.0,0.0,0.0,4.24066,0.0,4.24066,3682863
downwards_rotate,downwards_sensor_sweep_120-20260625-124815,TesolloDownwardsRotateZ,TesolloDownwardsRotateZ-20260625-201219-downwardsrotatez_sb_baseline_s1,baseline,1,7,57,2.85,0.0,0.0,0.0,0.54787,3.70998,4.25785,3682863
downwards_rotate,downwards_sensor_sweep_120-20260625-124815,TesolloDownwardsRotateZ,TesolloDownwardsRotateZ-20260625-201219-downwardsrotatez_sb_baseline_s1,baseline,1,7,58,2.9,0.0,0.0,0.0,0.62296,3.47212,4.09508,3682863
downwards_rotate,downwards_sensor_sweep_120-20260625-124815,TesolloDownwardsRotateZ,TesolloDownwardsRotateZ-20260625-201219-downwardsrotatez_sb_baseline_s1,baseline,1,7,59,2.95,0.0,0.0,0.0,0.44341,3.61614,4.05955,3682863
downwards_rotate,downwards_sensor_sweep_120-20260625-124815,TesolloDownwardsRotateZ,TesolloDownwardsRotateZ-20260625-201219-downwardsrotatez_sb_baseline_s1,baseline,1,7,60,3.0,0.0,0.0,0.0,0.36412,3.72437,4.08849,3682863
downwards_rotate,downwards_sensor_sweep_120-20260625-124815,TesolloDownwardsRotateZ,TesolloDownwardsRotateZ-20260625-201219-downwardsrotatez_sb_baseline_s1,baseline,1,7,61,3.05,0.0,0.0,0.0,0.2958,3.81385,4.10965,3682863
downwards_rotate,downwards_sensor_sweep_120-20260625-124815,TesolloDownwardsRotateZ,TesolloDownwardsRotateZ-20260625-201219-downwardsrotatez_sb_baseline_s1,baseline,1,7,62,3.1,0.0,0.0,0.0,0.21601,3.91449,4.13051,3682863
downwards_rotate,downwards_sensor_sweep_120-20260625-124815,TesolloDownwardsRotateZ,TesolloDownwardsRotateZ-20260625-201219-downwardsrotatez_sb_baseline_s1,baseline,1,7,63,3.15,0.0,0.0,0.0,0.16082,3.98617,4.14699,3682863
downwards_rotate,downwards_sensor_sweep_120-20260625-124815,TesolloDownwardsRotateZ,TesolloDownwardsRotateZ-20260625-201219-downwardsrotatez_sb_baseline_s1,baseline,1,7,64,3.2,0.0,0.0,0.0,0.0,4.16399,4.16399,3682863
downwards_rotate,downwards_sensor_sweep_120-20260625-124815,TesolloDownwardsRotateZ,TesolloDownwardsRotateZ-20260625-201219-downwardsrotatez_sb_baseline_s1,baseline,1,7,65,3.25,0.0,0.0,0.0,0.0,3.99679,3.99679,3682863
downwards_rotate,downwards_sensor_sweep_120-20260625-124815,TesolloDownwardsRotateZ,TesolloDownwardsRotateZ-20260625-201219-downwardsrotatez_sb_baseline_s1,baseline,1,7,66,3.3,0.0,0.0,0.0,0.0,3.91626,3.91626,3682863
downwards_rotate,downwards_sensor_sweep_120-20260625-124815,TesolloDownwardsRotateZ,TesolloDownwardsRotateZ-20260625-201219-downwardsrotatez_sb_baseline_s1,baseline,1,7,67,3.35,0.0,0.0,0.0,0.0,3.88702,3.88702,3682863
downwards_rotate,downwards_sensor_sweep_120-20260625-124815,TesolloDownwardsRotateZ,TesolloDownwardsRotateZ-20260625-201219-downwardsrotatez_sb_baseline_s1,baseline,1,7,68,3.4,0.0,0.0,0.0,0.0,3.8304,3.8304,3682863
downwards_rotate,downwards_sensor_sweep_120-20260625-124815,TesolloDownwardsRotateZ,TesolloDownwardsRotateZ-20260625-201219-downwardsrotatez_sb_baseline_s1,baseline,1,7,69,3.45,0.0,0.0,0.0,0.0,3.76082,3.76082,3682863
downwards_rotate,downwards_sensor_sweep_120-20260625-124815,TesolloDownwardsRotateZ,TesolloDownwardsRotateZ-20260625-201219-downwardsrotatez_sb_baseline_s1,baseline,1,7,70,3.5,0.0,0.0,0.0,0.0,3.64456,3.64456,3682863
downwards_rotate,downwards_sensor_sweep_120-20260625-124815,TesolloDownwardsRotateZ,TesolloDownwardsRotateZ-20260625-201219-downwardsrotatez_sb_baseline_s1,baseline,1,7,71,3.55,0.41017,0.0,0.0,0.0,3.77547,4.18563,3682863
downwards_rotate,downwards_sensor_sweep_120-20260625-124815,TesolloDownwardsRotateZ,TesolloDownwardsRotateZ-20260625-201219-downwardsrotatez_sb_baseline_s1,baseline,1,7,72,3.6,0.54278,0.0,0.0,0.0,3.3138,3.85658,3682863
downwards_rotate,downwards_sensor_sweep_120-20260625-124815,TesolloDownwardsRotateZ,TesolloDownwardsRotateZ-20260625-201219-downwardsrotatez_sb_baseline_s1,baseline,1,7,73,3.65,0.65018,0.0,0.0,0.0,3.10579,3.75597,3682863
downwards_rotate,downwards_sensor_sweep_120-20260625-124815,TesolloDownwardsRotateZ,TesolloDownwardsRotateZ-20260625-201219-downwardsrotatez_sb_baseline_s1,baseline,1,7,74,3.7,0.74385,0.0,0.0,0.0,2.92682,3.67067,3682863
downwards_rotate,downwards_sensor_sweep_120-20260625-124815,TesolloDownwardsRotateZ,TesolloDownwardsRotateZ-20260625-201219-downwardsrotatez_sb_baseline_s1,baseline,1,7,75,3.75,0.89137,0.0,0.0,0.0,2.72151,3.61288,3682863
downwards_rotate,downwards_sensor_sweep_120-20260625-124815,TesolloDownwardsRotateZ,TesolloDownwardsRotateZ-20260625-201219-downwardsrotatez_sb_baseline_s1,baseline,1,7,76,3.8,0.86388,0.0,0.0,0.0,2.63489,3.49877,3682863
downwards_rotate,downwards_sensor_sweep_120-20260625-124815,TesolloDownwardsRotateZ,TesolloDownwardsRotateZ-20260625-201219-downwardsrotatez_sb_baseline_s1,baseline,1,7,77,3.85,0.84917,0.0,0.0,0.0,2.55856,3.40773,3682863
downwards_rotate,downwards_sensor_sweep_120-20260625-124815,TesolloDownwardsRotateZ,TesolloDownwardsRotateZ-20260625-201219-downwardsrotatez_sb_baseline_s1,baseline,1,7,78,3.9,0.83916,0.0,0.0,0.0,2.48656,3.32573,3682863
downwards_rotate,downwards_sensor_sweep_120-20260625-124815,TesolloDownwardsRotateZ,TesolloDownwardsRotateZ-20260625-201219-downwardsrotatez_sb_baseline_s1,baseline,1,7,79,3.95,0.83203,0.0,0.0,0.0,2.42222,3.25425,3682863
downwards_rotate,downwards_sensor_sweep_120-20260625-124815,TesolloDownwardsRotateZ,TesolloDownwardsRotateZ-20260625-201219-downwardsrotatez_sb_baseline_s1,baseline,1,7,80,4.0,0.82731,0.0,0.0,0.0,2.36961,3.19692,3682863
downwards_rotate,downwards_sensor_sweep_120-20260625-124815,TesolloDownwardsRotateZ,TesolloDownwardsRotateZ-20260625-201219-downwardsrotatez_sb_baseline_s1,baseline,1,7,81,4.05,0.8243,0.0,0.0,0.0,2.32678,3.15108,3682863
downwards_rotate,downwards_sensor_sweep_120-20260625-124815,TesolloDownwardsRotateZ,TesolloDownwardsRotateZ-20260625-201219-downwardsrotatez_sb_baseline_s1,baseline,1,7,82,4.1,0.82239,0.0,0.0,0.0,2.29033,3.11272,3682863
downwards_rotate,downwards_sensor_sweep_120-20260625-124815,TesolloDownwardsRotateZ,TesolloDownwardsRotateZ-20260625-201219-downwardsrotatez_sb_baseline_s1,baseline,1,7,83,4.15,0.82144,0.0,0.0,0.0,2.25979,3.08123,3682863
downwards_rotate,downwards_sensor_sweep_120-20260625-124815,TesolloDownwardsRotateZ,TesolloDownwardsRotateZ-20260625-201219-downwardsrotatez_sb_baseline_s1,baseline,1,7,84,4.2,0.82113,0.0,0.0,0.0,2.23363,3.05476,3682863
downwards_rotate,downwards_sensor_sweep_120-20260625-124815,TesolloDownwardsRotateZ,TesolloDownwardsRotateZ-20260625-201219-downwardsrotatez_sb_baseline_s1,baseline,1,7,85,4.25,0.82141,0.0,0.0,0.0,2.212,3.03341,3682863
downwards_rotate,downwards_sensor_sweep_120-20260625-124815,TesolloDownwardsRotateZ,TesolloDownwardsRotateZ-20260625-201219-downwardsrotatez_sb_baseline_s1,baseline,1,7,86,4.3,0.82202,0.0,0.0,0.0,2.19208,3.01409,3682863
downwards_rotate,downwards_sensor_sweep_120-20260625-124815,TesolloDownwardsRotateZ,TesolloDownwardsRotateZ-20260625-201219-downwardsrotatez_sb_baseline_s1,baseline,1,7,87,4.35,0.82304,0.0,0.0,0.0,2.17551,2.99855,3682863
downwards_rotate,downwards_sensor_sweep_120-20260625-124815,TesolloDownwardsRotateZ,TesolloDownwardsRotateZ-20260625-201219-downwardsrotatez_sb_baseline_s1,baseline,1,7,88,4.4,0.82435,0.0,0.0,0.0,2.1611,2.98544,3682863
downwards_rotate,downwards_sensor_sweep_120-20260625-124815,TesolloDownwardsRotateZ,TesolloDownwardsRotateZ-20260625-201219-downwardsrotatez_sb_baseline_s1,baseline,1,7,89,4.45,0.82599,0.0,0.0,0.0,2.14968,2.97567,3682863
downwards_rotate,downwards_sensor_sweep_120-20260625-124815,TesolloDownwardsRotateZ,TesolloDownwardsRotateZ-20260625-201219-downwardsrotatez_sb_baseline_s1,baseline,1,7,90,4.5,0.82767,0.0,0.0,0.0,2.13954,2.96722,3682863
downwards_rotate,downwards_sensor_sweep_120-20260625-124815,TesolloDownwardsRotateZ,TesolloDownwardsRotateZ-20260625-201219-downwardsrotatez_sb_baseline_s1,baseline,1,7,91,4.55,0.82966,0.0,0.0,0.0,2.13176,2.96142,3682863
downwards_rotate,downwards_sensor_sweep_120-20260625-124815,TesolloDownwardsRotateZ,TesolloDownwardsRotateZ-20260625-201219-downwardsrotatez_sb_baseline_s1,baseline,1,7,92,4.6,0.83176,0.0,0.0,0.0,2.12573,2.95749,3682863
downwards_rotate,downwards_sensor_sweep_120-20260625-124815,TesolloDownwardsRotateZ,TesolloDownwardsRotateZ-20260625-201219-downwardsrotatez_sb_baseline_s1,baseline,1,7,93,4.65,0.83383,0.0,0.0,0.0,2.12099,2.95482,3682863
downwards_rotate,downwards_sensor_sweep_120-20260625-124815,TesolloDownwardsRotateZ,TesolloDownwardsRotateZ-20260625-201219-downwardsrotatez_sb_baseline_s1,baseline,1,7,94,4.7,0.83521,0.0,0.0,0.0,2.11838,2.9536,3682863
downwards_rotate,downwards_sensor_sweep_120-20260625-124815,TesolloDownwardsRotateZ,TesolloDownwardsRotateZ-20260625-201219-downwardsrotatez_sb_baseline_s1,baseline,1,7,95,4.75,0.83651,0.0,0.0,0.0,2.11579,2.9523,3682863
downwards_rotate,downwards_sensor_sweep_120-20260625-124815,TesolloDownwardsRotateZ,TesolloDownwardsRotateZ-20260625-201219-downwardsrotatez_sb_baseline_s1,baseline,1,7,96,4.8,0.83769,0.0,0.0,0.0,2.11324,2.95092,3682863
downwards_rotate,downwards_sensor_sweep_120-20260625-124815,TesolloDownwardsRotateZ,TesolloDownwardsRotateZ-20260625-201219-downwardsrotatez_sb_baseline_s1,baseline,1,7,97,4.85,0.83894,0.0,0.0,0.0,2.11102,2.94996,3682863
downwards_rotate,downwards_sensor_sweep_120-20260625-124815,TesolloDownwardsRotateZ,TesolloDownwardsRotateZ-20260625-201219-downwardsrotatez_sb_baseline_s1,baseline,1,7,98,4.9,0.83964,0.0,0.0,0.0,2.1073,2.94694,3682863
downwards_rotate,downwards_sensor_sweep_120-20260625-124815,TesolloDownwardsRotateZ,TesolloDownwardsRotateZ-20260625-201219-downwardsrotatez_sb_baseline_s1,baseline,1,7,99,4.95,0.84041,0.0,0.0,0.0,2.10399,2.9444,3682863
downwards_rotate,downwards_sensor_sweep_120-20260625-124815,TesolloDownwardsRotateZ,TesolloDownwardsRotateZ-20260625-201219-downwardsrotatez_sb_baseline_s1,baseline,1,7,100,5.0,0.8435,0.0,0.0,0.0,2.09541,2.93892,3682863
downwards_rotate,downwards_sensor_sweep_120-20260625-124815,TesolloDownwardsRotateZ,TesolloDownwardsRotateZ-20260625-201219-downwardsrotatez_sb_baseline_s1,baseline,1,7,101,5.05,0.84543,0.0,0.0,0.0,2.08462,2.93005,3682863
downwards_rotate,downwards_sensor_sweep_120-20260625-124815,TesolloDownwardsRotateZ,TesolloDownwardsRotateZ-20260625-201219-downwardsrotatez_sb_baseline_s1,baseline,1,7,102,5.1,0.84782,0.0,0.0,0.0,2.07199,2.91981,3682863
downwards_rotate,downwards_sensor_sweep_120-20260625-124815,TesolloDownwardsRotateZ,TesolloDownwardsRotateZ-20260625-201219-downwardsrotatez_sb_baseline_s1,baseline,1,7,103,5.15,0.84933,0.0,0.0,0.0,2.0591,2.90844,3682863
downwards_rotate,downwards_sensor_sweep_120-20260625-124815,TesolloDownwardsRotateZ,TesolloDownwardsRotateZ-20260625-201219-downwardsrotatez_sb_baseline_s1,baseline,1,7,104,5.2,0.85061,0.0,0.0,0.0,2.04877,2.89938,3682863
downwards_rotate,downwards_sensor_sweep_120-20260625-124815,TesolloDownwardsRotateZ,TesolloDownwardsRotateZ-20260625-201219-downwardsrotatez_sb_baseline_s1,baseline,1,7,105,5.25,0.85238,0.0,0.0,0.0,2.04121,2.8936,3682863
downwards_rotate,downwards_sensor_sweep_120-20260625-124815,TesolloDownwardsRotateZ,TesolloDownwardsRotateZ-20260625-201219-downwardsrotatez_sb_baseline_s1,baseline,1,7,106,5.3,0.8559,0.0,0.0,0.0,2.03645,2.89235,3682863
downwards_rotate,downwards_sensor_sweep_120-20260625-124815,TesolloDownwardsRotateZ,TesolloDownwardsRotateZ-20260625-201219-downwardsrotatez_sb_baseline_s1,baseline,1,7,107,5.35,0.85953,0.0,0.0,0.0,2.03393,2.89346,3682863
downwards_rotate,downwards_sensor_sweep_120-20260625-124815,TesolloDownwardsRotateZ,TesolloDownwardsRotateZ-20260625-201219-downwardsrotatez_sb_baseline_s1,baseline,1,7,108,5.4,0.86312,0.0,0.0,0.0,2.03339,2.89651,3682863
downwards_rotate,downwards_sensor_sweep_120-20260625-124815,TesolloDownwardsRotateZ,TesolloDownwardsRotateZ-20260625-201219-downwardsrotatez_sb_baseline_s1,baseline,1,7,109,5.45,0.86662,0.0,0.0,0.0,2.03387,2.90049,3682863
downwards_rotate,downwards_sensor_sweep_120-20260625-124815,TesolloDownwardsRotateZ,TesolloDownwardsRotateZ-20260625-201219-downwardsrotatez_sb_baseline_s1,baseline,1,7,110,5.5,0.87017,0.0,0.0,0.0,2.035,2.90517,3682863
downwards_rotate,downwards_sensor_sweep_120-20260625-124815,TesolloDownwardsRotateZ,TesolloDownwardsRotateZ-20260625-201219-downwardsrotatez_sb_baseline_s1,baseline,1,7,111,5.55,0.87349,0.0,0.0,0.0,2.03683,2.91033,3682863
downwards_rotate,downwards_sensor_sweep_120-20260625-124815,TesolloDownwardsRotateZ,TesolloDownwardsRotateZ-20260625-201219-downwardsrotatez_sb_baseline_s1,baseline,1,7,112,5.6,0.87662,0.0,0.0,0.0,2.0382,2.91482,3682863
downwards_rotate,downwards_sensor_sweep_120-20260625-124815,TesolloDownwardsRotateZ,TesolloDownwardsRotateZ-20260625-201219-downwardsrotatez_sb_baseline_s1,baseline,1,7,113,5.65,0.87975,0.0,0.0,0.0,2.03983,2.91958,3682863
downwards_rotate,downwards_sensor_sweep_120-20260625-124815,TesolloDownwardsRotateZ,TesolloDownwardsRotateZ-20260625-201219-downwardsrotatez_sb_baseline_s1,baseline,1,7,114,5.7,0.88276,0.0,0.0,0.0,2.04159,2.92434,3682863
downwards_rotate,downwards_sensor_sweep_120-20260625-124815,TesolloDownwardsRotateZ,TesolloDownwardsRotateZ-20260625-201219-downwardsrotatez_sb_baseline_s1,baseline,1,7,115,5.75,0.88557,0.0,0.0,0.0,2.04285,2.92842,3682863
downwards_rotate,downwards_sensor_sweep_120-20260625-124815,TesolloDownwardsRotateZ,TesolloDownwardsRotateZ-20260625-201219-downwardsrotatez_sb_baseline_s1,baseline,1,7,116,5.8,0.88827,0.0,0.0,0.0,2.04401,2.93228,3682863
downwards_rotate,downwards_sensor_sweep_120-20260625-124815,TesolloDownwardsRotateZ,TesolloDownwardsRotateZ-20260625-201219-downwardsrotatez_sb_baseline_s1,baseline,1,7,117,5.85,0.89182,0.0,0.0,0.0,2.04357,2.93539,3682863
downwards_rotate,downwards_sensor_sweep_120-20260625-124815,TesolloDownwardsRotateZ,TesolloDownwardsRotateZ-20260625-201219-downwardsrotatez_sb_baseline_s1,baseline,1,7,118,5.9,0.89443,0.0,0.0,0.0,2.04398,2.93841,3682863
downwards_rotate,downwards_sensor_sweep_120-20260625-124815,TesolloDownwardsRotateZ,TesolloDownwardsRotateZ-20260625-201219-downwardsrotatez_sb_baseline_s1,baseline,1,7,119,5.95,0.89696,0.0,0.0,0.0,2.04496,2.94191,3682863
downwards_rotate,downwards_sensor_sweep_120-20260625-124815,TesolloDownwardsRotateZ,TesolloDownwardsRotateZ-20260626-053300-downwardsrotatez_sb_propriotarget_s0,proprio.target,0,0,0,0.0,0.0,0.0,0.0,0.0,0.0,0.0,3682863
downwards_rotate,downwards_sensor_sweep_120-20260625-124815,TesolloDownwardsRotateZ,TesolloDownwardsRotateZ-20260626-053300-downwardsrotatez_sb_propriotarget_s0,proprio.target,0,0,1,0.05,0.0,0.0,0.0,0.0,0.0,0.0,3682863
downwards_rotate,downwards_sensor_sweep_120-20260625-124815,TesolloDownwardsRotateZ,TesolloDownwardsRotateZ-20260626-053300-downwardsrotatez_sb_propriotarget_s0,proprio.target,0,0,2,0.1,0.0,0.0,0.0,0.0,3.64735,3.64735,3682863
downwards_rotate,downwards_sensor_sweep_120-20260625-124815,TesolloDownwardsRotateZ,TesolloDownwardsRotateZ-20260626-053300-downwardsrotatez_sb_propriotarget_s0,proprio.target,0,0,3,0.15,0.0,0.0,0.0,0.0,4.0213,4.0213,3682863
downwards_rotate,downwards_sensor_sweep_120-20260625-124815,TesolloDownwardsRotateZ,TesolloDownwardsRotateZ-20260626-053300-downwardsrotatez_sb_propriotarget_s0,proprio.target,0,0,4,0.2,1.544,0.0,0.0,0.0,0.0,1.544,3682863
downwards_rotate,downwards_sensor_sweep_120-20260625-124815,TesolloDownwardsRotateZ,TesolloDownwardsRotateZ-20260626-053300-downwardsrotatez_sb_propriotarget_s0,proprio.target,0,0,5,0.25,1.2632,0.0,0.0,0.0,0.0,1.2632,3682863
downwards_rotate,downwards_sensor_sweep_120-20260625-124815,TesolloDownwardsRotateZ,TesolloDownwardsRotateZ-20260626-053300-downwardsrotatez_sb_propriotarget_s0,proprio.target,0,0,6,0.3,3.58443,0.0,0.0,2.3984,2.51995,8.50278,3682863
downwards_rotate,downwards_sensor_sweep_120-20260625-124815,TesolloDownwardsRotateZ,TesolloDownwardsRotateZ-20260626-053300-downwardsrotatez_sb_propriotarget_s0,proprio.target,0,0,7,0.35,3.37954,0.0,0.0,2.15597,2.08237,7.61788,3682863
downwards_rotate,downwards_sensor_sweep_120-20260625-124815,TesolloDownwardsRotateZ,TesolloDownwardsRotateZ-20260626-053300-downwardsrotatez_sb_propriotarget_s0,proprio.target,0,0,8,0.4,2.83472,0.0,0.0,2.84441,0.0,5.67914,3682863
downwards_rotate,downwards_sensor_sweep_120-20260625-124815,TesolloDownwardsRotateZ,TesolloDownwardsRotateZ-20260626-053300-downwardsrotatez_sb_propriotarget_s0,proprio.target,0,0,9,0.45,2.82077,0.0,0.0,2.73749,0.0,5.55826,3682863
downwards_rotate,downwards_sensor_sweep_120-20260625-124815,TesolloDownwardsRotateZ,TesolloDownwardsRotateZ-20260626-053300-downwardsrotatez_sb_propriotarget_s0,proprio.target,0,0,10,0.5,2.69213,0.0,0.40643,2.41016,0.0,5.50872,3682863
downwards_rotate,downwards_sensor_sweep_120-20260625-124815,TesolloDownwardsRotateZ,TesolloDownwardsRotateZ-20260626-053300-downwardsrotatez_sb_propriotarget_s0,proprio.target,0,0,11,0.55,2.48199,0.0,0.0,1.98017,0.0,4.46216,3682863
downwards_rotate,downwards_sensor_sweep_120-20260625-124815,TesolloDownwardsRotateZ,TesolloDownwardsRotateZ-20260626-053300-downwardsrotatez_sb_propriotarget_s0,proprio.target,0,0,12,0.6,2.46526,0.0,0.0,2.46478,0.0,4.93004,3682863
downwards_rotate,downwards_sensor_sweep_120-20260625-124815,TesolloDownwardsRotateZ,TesolloDownwardsRotateZ-20260626-053300-downwardsrotatez_sb_propriotarget_s0,proprio.target,0,0,13,0.65,1.4631,0.0,0.0,2.33337,0.0,3.79647,3682863
downwards_rotate,downwards_sensor_sweep_120-20260625-124815,TesolloDownwardsRotateZ,TesolloDownwardsRotateZ-20260626-053300-downwardsrotatez_sb_propriotarget_s0,proprio.target,0,0,14,0.7,2.02511,0.0,0.0,1.60903,0.0,3.63414,3682863
downwards_rotate,downwards_sensor_sweep_120-20260625-124815,TesolloDownwardsRotateZ,TesolloDownwardsRotateZ-20260626-053300-downwardsrotatez_sb_propriotarget_s0,proprio.target,0,0,15,0.75,2.45862,0.32443,0.0,1.53111,0.0,4.31415,3682863
downwards_rotate,downwards_sensor_sweep_120-20260625-124815,TesolloDownwardsRotateZ,TesolloDownwardsRotateZ-20260626-053300-downwardsrotatez_sb_propriotarget_s0,proprio.target,0,0,16,0.8,2.18494,0.56709,0.0,1.68463,0.0,4.43666,3682863
downwards_rotate,downwards_sensor_sweep_120-20260625-124815,TesolloDownwardsRotateZ,TesolloDownwardsRotateZ-20260626-053300-downwardsrotatez_sb_propriotarget_s0,proprio.target,0,0,17,0.85,2.21424,0.51189,0.0,1.645,0.0,4.37113,3682863
downwards_rotate,downwards_sensor_sweep_120-20260625-124815,TesolloDownwardsRotateZ,TesolloDownwardsRotateZ-20260626-053300-downwardsrotatez_sb_propriotarget_s0,proprio.target,0,0,18,0.9,2.41883,0.0,0.46991,1.39551,0.0,4.28425,3682863
downwards_rotate,downwards_sensor_sweep_120-20260625-124815,TesolloDownwardsRotateZ,TesolloDownwardsRotateZ-20260626-053300-downwardsrotatez_sb_propriotarget_s0,proprio.target,0,0,19,0.95,2.59498,0.0,0.73803,1.25473,0.0,4.58775,3682863
downwards_rotate,downwards_sensor_sweep_120-20260625-124815,TesolloDownwardsRotateZ,TesolloDownwardsRotateZ-20260626-053300-downwardsrotatez_sb_propriotarget_s0,proprio.target,0,0,20,1.0,3.09116,0.0,0.47623,1.39584,0.0,4.96322,3682863
downwards_rotate,downwards_sensor_sweep_120-20260625-124815,TesolloDownwardsRotateZ,TesolloDownwardsRotateZ-20260626-053300-downwardsrotatez_sb_propriotarget_s0,proprio.target,0,0,21,1.05,2.91734,0.0,0.0,1.49269,0.0,4.41003,3682863
downwards_rotate,downwards_sensor_sweep_120-20260625-124815,TesolloDownwardsRotateZ,TesolloDownwardsRotateZ-20260626-053300-downwardsrotatez_sb_propriotarget_s0,proprio.target,0,0,22,1.1,3.53897,0.0,0.45471,1.22303,0.0,5.21671,3682863
downwards_rotate,downwards_sensor_sweep_120-20260625-124815,TesolloDownwardsRotateZ,TesolloDownwardsRotateZ-20260626-053300-downwardsrotatez_sb_propriotarget_s0,proprio.target,0,0,23,1.15,3.02669,0.0,0.56407,1.37574,0.0,4.96651,3682863
downwards_rotate,downwards_sensor_sweep_120-20260625-124815,TesolloDownwardsRotateZ,TesolloDownwardsRotateZ-20260626-053300-downwardsrotatez_sb_propriotarget_s0,proprio.target,0,0,24,1.2,3.07928,0.0,0.59968,1.29656,0.0,4.97551,3682863
downwards_rotate,downwards_sensor_sweep_120-20260625-124815,TesolloDownwardsRotateZ,TesolloDownwardsRotateZ-20260626-053300-downwardsrotatez_sb_propriotarget_s0,proprio.target,0,0,25,1.25,3.87317,0.0,0.98385,1.83928,0.0,6.6963,3682863
downwards_rotate,downwards_sensor_sweep_120-20260625-124815,TesolloDownwardsRotateZ,TesolloDownwardsRotateZ-20260626-053300-downwardsrotatez_sb_propriotarget_s0,proprio.target,0,0,26,1.3,3.90263,0.0,0.78046,2.0459,0.0,6.729,3682863
downwards_rotate,downwards_sensor_sweep_120-20260625-124815,TesolloDownwardsRotateZ,TesolloDownwardsRotateZ-20260626-053300-downwardsrotatez_sb_propriotarget_s0,proprio.target,0,0,27,1.35,4.1076,0.0,0.4451,2.12581,0.0,6.67851,3682863
downwards_rotate,downwards_sensor_sweep_120-20260625-124815,TesolloDownwardsRotateZ,TesolloDownwardsRotateZ-20260626-053300-downwardsrotatez_sb_propriotarget_s0,proprio.target,0,0,28,1.4,3.95887,0.0,0.40882,2.1366,0.0,6.50429,3682863
downwards_rotate,downwards_sensor_sweep_120-20260625-124815,TesolloDownwardsRotateZ,TesolloDownwardsRotateZ-20260626-053300-downwardsrotatez_sb_propriotarget_s0,proprio.target,0,0,29,1.45,4.01397,0.0,0.34855,2.30631,0.0,6.66883,3682863
downwards_rotate,downwards_sensor_sweep_120-20260625-124815,TesolloDownwardsRotateZ,TesolloDownwardsRotateZ-20260626-053300-downwardsrotatez_sb_propriotarget_s0,proprio.target,0,0,30,1.5,4.56639,0.43387,0.21945,1.94704,0.0,7.16675,3682863
downwards_rotate,downwards_sensor_sweep_120-20260625-124815,TesolloDownwardsRotateZ,TesolloDownwardsRotateZ-20260626-053300-downwardsrotatez_sb_propriotarget_s0,proprio.target,0,0,31,1.55,3.97856,0.40116,0.0,2.38832,0.0,6.76804,3682863
downwards_rotate,downwards_sensor_sweep_120-20260625-124815,TesolloDownwardsRotateZ,TesolloDownwardsRotateZ-20260626-053300-downwardsrotatez_sb_propriotarget_s0,proprio.target,0,0,32,1.6,3.92192,0.0,0.25826,2.31072,0.0,6.4909,3682863
downwards_rotate,downwards_sensor_sweep_120-20260625-124815,TesolloDownwardsRotateZ,TesolloDownwardsRotateZ-20260626-053300-downwardsrotatez_sb_propriotarget_s0,proprio.target,0,0,33,1.65,3.83983,0.0,0.23551,2.09046,0.0,6.16581,3682863
downwards_rotate,downwards_sensor_sweep_120-20260625-124815,TesolloDownwardsRotateZ,TesolloDownwardsRotateZ-20260626-053300-downwardsrotatez_sb_propriotarget_s0,proprio.target,0,0,34,1.7,3.82036,0.0,0.29823,1.95202,0.0,6.07061,3682863
downwards_rotate,downwards_sensor_sweep_120-20260625-124815,TesolloDownwardsRotateZ,TesolloDownwardsRotateZ-20260626-053300-downwardsrotatez_sb_propriotarget_s0,proprio.target,0,0,35,1.75,3.86541,0.0,0.4703,1.70389,0.0,6.03959,3682863
downwards_rotate,downwards_sensor_sweep_120-20260625-124815,TesolloDownwardsRotateZ,TesolloDownwardsRotateZ-20260626-053300-downwardsrotatez_sb_propriotarget_s0,proprio.target,0,0,36,1.8,3.97136,0.64578,0.26072,1.88829,0.0,6.76614,3682863
downwards_rotate,downwards_sensor_sweep_120-20260625-124815,TesolloDownwardsRotateZ,TesolloDownwardsRotateZ-20260626-053300-downwardsrotatez_sb_propriotarget_s0,proprio.target,0,0,37,1.85,3.97064,0.0,0.2093,1.99594,0.0,6.17589,3682863
downwards_rotate,downwards_sensor_sweep_120-20260625-124815,TesolloDownwardsRotateZ,TesolloDownwardsRotateZ-20260626-053300-downwardsrotatez_sb_propriotarget_s0,proprio.target,0,0,38,1.9,4.06241,0.6777,0.22892,1.99742,0.0,6.96645,3682863
downwards_rotate,downwards_sensor_sweep_120-20260625-124815,TesolloDownwardsRotateZ,TesolloDownwardsRotateZ-20260626-053300-downwardsrotatez_sb_propriotarget_s0,proprio.target,0,0,39,1.95,4.10239,0.0,0.0,2.2574,0.0,6.35979,3682863
downwards_rotate,downwards_sensor_sweep_120-20260625-124815,TesolloDownwardsRotateZ,TesolloDownwardsRotateZ-20260626-053300-downwardsrotatez_sb_propriotarget_s0,proprio.target,0,0,40,2.0,4.1218,0.7136,0.0,2.25559,0.0,7.09099,3682863
downwards_rotate,downwards_sensor_sweep_120-20260625-124815,TesolloDownwardsRotateZ,TesolloDownwardsRotateZ-20260626-053300-downwardsrotatez_sb_propriotarget_s0,proprio.target,0,0,41,2.05,4.19429,0.75299,0.0,2.318,0.0,7.26528,3682863
downwards_rotate,downwards_sensor_sweep_120-20260625-124815,TesolloDownwardsRotateZ,TesolloDownwardsRotateZ-20260626-053300-downwardsrotatez_sb_propriotarget_s0,proprio.target,0,0,42,2.1,4.2009,0.75082,0.0,2.31846,0.0,7.27018,3682863
downwards_rotate,downwards_sensor_sweep_120-20260625-124815,TesolloDownwardsRotateZ,TesolloDownwardsRotateZ-20260626-053300-downwardsrotatez_sb_propriotarget_s0,proprio.target,0,0,43,2.15,4.23607,0.75462,0.0,2.33712,0.0,7.32781,3682863
downwards_rotate,downwards_sensor_sweep_120-20260625-124815,TesolloDownwardsRotateZ,TesolloDownwardsRotateZ-20260626-053300-downwardsrotatez_sb_propriotarget_s0,proprio.target,0,0,44,2.2,3.92514,0.76351,0.0,2.40342,0.0,7.09206,3682863
downwards_rotate,downwards_sensor_sweep_120-20260625-124815,TesolloDownwardsRotateZ,TesolloDownwardsRotateZ-20260626-053300-downwardsrotatez_sb_propriotarget_s0,proprio.target,0,0,45,2.25,3.90131,0.77007,0.0,2.47047,0.0,7.14184,3682863
downwards_rotate,downwards_sensor_sweep_120-20260625-124815,TesolloDownwardsRotateZ,TesolloDownwardsRotateZ-20260626-053300-downwardsrotatez_sb_propriotarget_s0,proprio.target,0,0,46,2.3,3.91657,0.77723,0.0,2.51137,0.0,7.20517,3682863
downwards_rotate,downwards_sensor_sweep_120-20260625-124815,TesolloDownwardsRotateZ,TesolloDownwardsRotateZ-20260626-053300-downwardsrotatez_sb_propriotarget_s0,proprio.target,0,0,47,2.35,3.9313,0.78511,0.0,2.53827,0.0,7.25469,3682863
downwards_rotate,downwards_sensor_sweep_120-20260625-124815,TesolloDownwardsRotateZ,TesolloDownwardsRotateZ-20260626-053300-downwardsrotatez_sb_propriotarget_s0,proprio.target,0,0,48,2.4,3.89925,0.79399,0.0,2.5442,0.0,7.23744,3682863
downwards_rotate,downwards_sensor_sweep_120-20260625-124815,TesolloDownwardsRotateZ,TesolloDownwardsRotateZ-20260626-053300-downwardsrotatez_sb_propriotarget_s0,proprio.target,0,0,49,2.45,3.87224,0.80134,0.0,2.52853,0.0,7.2021,3682863
downwards_rotate,downwards_sensor_sweep_120-20260625-124815,TesolloDownwardsRotateZ,TesolloDownwardsRotateZ-20260626-053300-downwardsrotatez_sb_propriotarget_s0,proprio.target,0,0,50,2.5,3.84322,0.80449,0.0,2.48765,0.0,7.13536,3682863
downwards_rotate,downwards_sensor_sweep_120-20260625-124815,TesolloDownwardsRotateZ,TesolloDownwardsRotateZ-20260626-053300-downwardsrotatez_sb_propriotarget_s0,proprio.target,0,0,51,2.55,3.83867,0.81186,0.2519,2.33399,0.0,7.23642,3682863
downwards_rotate,downwards_sensor_sweep_120-20260625-124815,TesolloDownwardsRotateZ,TesolloDownwardsRotateZ-20260626-053300-downwardsrotatez_sb_propriotarget_s0,proprio.target,0,0,52,2.6,3.84262,0.89396,0.37008,2.21304,0.0,7.31971,3682863
downwards_rotate,downwards_sensor_sweep_120-20260625-124815,TesolloDownwardsRotateZ,TesolloDownwardsRotateZ-20260626-053300-downwardsrotatez_sb_propriotarget_s0,proprio.target,0,0,53,2.65,3.86412,0.86559,0.50038,2.09962,0.0,7.32971,3682863
downwards_rotate,downwards_sensor_sweep_120-20260625-124815,TesolloDownwardsRotateZ,TesolloDownwardsRotateZ-20260626-053300-downwardsrotatez_sb_propriotarget_s0,proprio.target,0,0,54,2.7,3.88186,0.86341,0.65799,1.98614,0.0,7.3894,3682863
downwards_rotate,downwards_sensor_sweep_120-20260625-124815,TesolloDownwardsRotateZ,TesolloDownwardsRotateZ-20260626-053300-downwardsrotatez_sb_propriotarget_s0,proprio.target,0,0,55,2.75,4.06391,0.86135,0.83348,1.85062,0.0,7.60936,3682863
downwards_rotate,downwards_sensor_sweep_120-20260625-124815,TesolloDownwardsRotateZ,TesolloDownwardsRotateZ-20260626-053300-downwardsrotatez_sb_propriotarget_s0,proprio.target,0,0,56,2.8,4.05744,0.87159,1.05164,1.72399,0.0,7.70465,3682863
downwards_rotate,downwards_sensor_sweep_120-20260625-124815,TesolloDownwardsRotateZ,TesolloDownwardsRotateZ-20260626-053300-downwardsrotatez_sb_propriotarget_s0,proprio.target,0,0,57,2.85,4.06804,0.80029,1.34457,1.5736,0.0,7.7865,3682863
downwards_rotate,downwards_sensor_sweep_120-20260625-124815,TesolloDownwardsRotateZ,TesolloDownwardsRotateZ-20260626-053300-downwardsrotatez_sb_propriotarget_s0,proprio.target,0,0,58,2.9,4.06472,0.0,2.06913,1.09905,0.0,7.23289,3682863
downwards_rotate,downwards_sensor_sweep_120-20260625-124815,TesolloDownwardsRotateZ,TesolloDownwardsRotateZ-20260626-053300-downwardsrotatez_sb_propriotarget_s0,proprio.target,0,0,59,2.95,4.00047,0.0,3.00832,1.11958,0.0,8.12837,3682863
downwards_rotate,downwards_sensor_sweep_120-20260625-124815,TesolloDownwardsRotateZ,TesolloDownwardsRotateZ-20260626-053300-downwardsrotatez_sb_propriotarget_s0,proprio.target,0,0,60,3.0,3.88454,0.0,2.93515,1.0723,0.0,7.89198,3682863
downwards_rotate,downwards_sensor_sweep_120-20260625-124815,TesolloDownwardsRotateZ,TesolloDownwardsRotateZ-20260626-053300-downwardsrotatez_sb_propriotarget_s0,proprio.target,0,0,61,3.05,4.13605,0.0,3.08581,1.1991,0.0,8.42095,3682863
downwards_rotate,downwards_sensor_sweep_120-20260625-124815,TesolloDownwardsRotateZ,TesolloDownwardsRotateZ-20260626-053300-downwardsrotatez_sb_propriotarget_s0,proprio.target,0,0,62,3.1,4.22723,0.0,3.07125,1.31844,0.0,8.61692,3682863
downwards_rotate,downwards_sensor_sweep_120-20260625-124815,TesolloDownwardsRotateZ,TesolloDownwardsRotateZ-20260626-053300-downwardsrotatez_sb_propriotarget_s0,proprio.target,0,0,63,3.15,3.9474,0.0,2.70133,1.36244,0.0,8.01117,3682863
downwards_rotate,downwards_sensor_sweep_120-20260625-124815,TesolloDownwardsRotateZ,TesolloDownwardsRotateZ-20260626-053300-downwardsrotatez_sb_propriotarget_s0,proprio.target,0,0,64,3.2,4.31824,0.0,2.6241,1.42004,0.0,8.36237,3682863
downwards_rotate,downwards_sensor_sweep_120-20260625-124815,TesolloDownwardsRotateZ,TesolloDownwardsRotateZ-20260626-053300-downwardsrotatez_sb_propriotarget_s0,proprio.target,0,0,65,3.25,4.62059,0.0,2.26043,1.50661,0.0,8.38763,3682863
downwards_rotate,downwards_sensor_sweep_120-20260625-124815,TesolloDownwardsRotateZ,TesolloDownwardsRotateZ-20260626-053300-downwardsrotatez_sb_propriotarget_s0,proprio.target,0,0,66,3.3,4.49344,0.0,1.04758,1.67963,0.0,7.22064,3682863
downwards_rotate,downwards_sensor_sweep_120-20260625-124815,TesolloDownwardsRotateZ,TesolloDownwardsRotateZ-20260626-053300-downwardsrotatez_sb_propriotarget_s0,proprio.target,0,0,67,3.35,4.46633,0.0,0.30248,1.97543,0.0,6.74424,3682863
downwards_rotate,downwards_sensor_sweep_120-20260625-124815,TesolloDownwardsRotateZ,TesolloDownwardsRotateZ-20260626-053300-downwardsrotatez_sb_propriotarget_s0,proprio.target,0,0,68,3.4,4.40815,0.0,0.0,2.11393,0.0,6.52208,3682863
downwards_rotate,downwards_sensor_sweep_120-20260625-124815,TesolloDownwardsRotateZ,TesolloDownwardsRotateZ-20260626-053300-downwardsrotatez_sb_propriotarget_s0,proprio.target,0,0,69,3.45,3.14824,0.0,0.0,2.97598,0.0,6.12422,3682863
downwards_rotate,downwards_sensor_sweep_120-20260625-124815,TesolloDownwardsRotateZ,TesolloDownwardsRotateZ-20260626-053300-downwardsrotatez_sb_propriotarget_s0,proprio.target,0,0,70,3.5,4.23944,0.88097,0.0,2.23726,0.0,7.35767,3682863
downwards_rotate,downwards_sensor_sweep_120-20260625-124815,TesolloDownwardsRotateZ,TesolloDownwardsRotateZ-20260626-053300-downwardsrotatez_sb_propriotarget_s0,proprio.target,0,0,71,3.55,4.60413,0.94306,0.0,2.63435,0.0,8.18155,3682863
downwards_rotate,downwards_sensor_sweep_120-20260625-124815,TesolloDownwardsRotateZ,TesolloDownwardsRotateZ-20260626-053300-downwardsrotatez_sb_propriotarget_s0,proprio.target,0,0,72,3.6,4.46445,0.9085,0.0,2.48552,0.0,7.85847,3682863
downwards_rotate,downwards_sensor_sweep_120-20260625-124815,TesolloDownwardsRotateZ,TesolloDownwardsRotateZ-20260626-053300-downwardsrotatez_sb_propriotarget_s0,proprio.target,0,0,73,3.65,4.1138,0.95125,0.0,2.53074,0.0,7.59579,3682863
downwards_rotate,downwards_sensor_sweep_120-20260625-124815,TesolloDownwardsRotateZ,TesolloDownwardsRotateZ-20260626-053300-downwardsrotatez_sb_propriotarget_s0,proprio.target,0,0,74,3.7,4.02065,0.94735,0.0,2.49064,0.0,7.45864,3682863
downwards_rotate,downwards_sensor_sweep_120-20260625-124815,TesolloDownwardsRotateZ,TesolloDownwardsRotateZ-20260626-053300-downwardsrotatez_sb_propriotarget_s0,proprio.target,0,0,75,3.75,3.95833,0.94608,0.0,2.46629,0.0,7.37071,3682863
downwards_rotate,downwards_sensor_sweep_120-20260625-124815,TesolloDownwardsRotateZ,TesolloDownwardsRotateZ-20260626-053300-downwardsrotatez_sb_propriotarget_s0,proprio.target,0,0,76,3.8,3.87252,0.93424,0.3071,2.24443,0.0,7.35829,3682863
downwards_rotate,downwards_sensor_sweep_120-20260625-124815,TesolloDownwardsRotateZ,TesolloDownwardsRotateZ-20260626-053300-downwardsrotatez_sb_propriotarget_s0,proprio.target,0,0,77,3.85,3.78139,0.96104,0.50232,2.13024,0.0,7.37499,3682863
downwards_rotate,downwards_sensor_sweep_120-20260625-124815,TesolloDownwardsRotateZ,TesolloDownwardsRotateZ-20260626-053300-downwardsrotatez_sb_propriotarget_s0,proprio.target,0,0,78,3.9,3.70504,0.93583,0.82732,1.91478,0.0,7.38297,3682863
downwards_rotate,downwards_sensor_sweep_120-20260625-124815,TesolloDownwardsRotateZ,TesolloDownwardsRotateZ-20260626-053300-downwardsrotatez_sb_propriotarget_s0,proprio.target,0,0,79,3.95,3.63636,0.9267,1.1229,1.71914,0.0,7.40511,3682863
downwards_rotate,downwards_sensor_sweep_120-20260625-124815,TesolloDownwardsRotateZ,TesolloDownwardsRotateZ-20260626-053300-downwardsrotatez_sb_propriotarget_s0,proprio.target,0,0,80,4.0,3.77504,0.65132,1.44488,1.48052,0.0,7.35177,3682863
downwards_rotate,downwards_sensor_sweep_120-20260625-124815,TesolloDownwardsRotateZ,TesolloDownwardsRotateZ-20260626-053300-downwardsrotatez_sb_propriotarget_s0,proprio.target,0,0,81,4.05,3.71763,0.0,2.38541,1.44766,0.0,7.5507,3682863
downwards_rotate,downwards_sensor_sweep_120-20260625-124815,TesolloDownwardsRotateZ,TesolloDownwardsRotateZ-20260626-053300-downwardsrotatez_sb_propriotarget_s0,proprio.target,0,0,82,4.1,3.84927,0.0,3.11578,1.22143,0.0,8.18647,3682863
downwards_rotate,downwards_sensor_sweep_120-20260625-124815,TesolloDownwardsRotateZ,TesolloDownwardsRotateZ-20260626-053300-downwardsrotatez_sb_propriotarget_s0,proprio.target,0,0,83,4.15,3.94572,0.0,2.9303,1.14594,0.0,8.02197,3682863
downwards_rotate,downwards_sensor_sweep_120-20260625-124815,TesolloDownwardsRotateZ,TesolloDownwardsRotateZ-20260626-053300-downwardsrotatez_sb_propriotarget_s0,proprio.target,0,0,84,4.2,4.23499,0.0,3.18727,1.21347,0.0,8.63573,3682863
downwards_rotate,downwards_sensor_sweep_120-20260625-124815,TesolloDownwardsRotateZ,TesolloDownwardsRotateZ-20260626-053300-downwardsrotatez_sb_propriotarget_s0,proprio.target,0,0,85,4.25,4.14282,0.0,2.87382,1.41073,0.0,8.42736,3682863
downwards_rotate,downwards_sensor_sweep_120-20260625-124815,TesolloDownwardsRotateZ,TesolloDownwardsRotateZ-20260626-053300-downwardsrotatez_sb_propriotarget_s0,proprio.target,0,0,86,4.3,4.05184,0.0,2.84909,1.3298,0.0,8.23073,3682863
downwards_rotate,downwards_sensor_sweep_120-20260625-124815,TesolloDownwardsRotateZ,TesolloDownwardsRotateZ-20260626-053300-downwardsrotatez_sb_propriotarget_s0,proprio.target,0,0,87,4.35,4.25712,0.0,2.69484,1.4299,0.0,8.38187,3682863
downwards_rotate,downwards_sensor_sweep_120-20260625-124815,TesolloDownwardsRotateZ,TesolloDownwardsRotateZ-20260626-053300-downwardsrotatez_sb_propriotarget_s0,proprio.target,0,0,88,4.4,4.5223,0.0,2.51884,1.3121,0.0,8.35323,3682863
downwards_rotate,downwards_sensor_sweep_120-20260625-124815,TesolloDownwardsRotateZ,TesolloDownwardsRotateZ-20260626-053300-downwardsrotatez_sb_propriotarget_s0,proprio.target,0,0,89,4.45,4.54569,0.0,1.56727,1.41628,0.0,7.52924,3682863
downwards_rotate,downwards_sensor_sweep_120-20260625-124815,TesolloDownwardsRotateZ,TesolloDownwardsRotateZ-20260626-053300-downwardsrotatez_sb_propriotarget_s0,proprio.target,0,0,90,4.5,4.3668,0.0,0.72189,1.67633,0.0,6.76502,3682863
downwards_rotate,downwards_sensor_sweep_120-20260625-124815,TesolloDownwardsRotateZ,TesolloDownwardsRotateZ-20260626-053300-downwardsrotatez_sb_propriotarget_s0,proprio.target,0,0,91,4.55,4.18352,0.77497,0.3727,1.97601,0.0,7.3072,3682863
downwards_rotate,downwards_sensor_sweep_120-20260625-124815,TesolloDownwardsRotateZ,TesolloDownwardsRotateZ-20260626-053300-downwardsrotatez_sb_propriotarget_s0,proprio.target,0,0,92,4.6,4.14762,0.0,0.60465,1.98643,0.0,6.7387,3682863
downwards_rotate,downwards_sensor_sweep_120-20260625-124815,TesolloDownwardsRotateZ,TesolloDownwardsRotateZ-20260626-053300-downwardsrotatez_sb_propriotarget_s0,proprio.target,0,0,93,4.65,4.15213,0.0,0.80441,1.62525,0.0,6.58179,3682863
downwards_rotate,downwards_sensor_sweep_120-20260625-124815,TesolloDownwardsRotateZ,TesolloDownwardsRotateZ-20260626-053300-downwardsrotatez_sb_propriotarget_s0,proprio.target,0,0,94,4.7,4.43221,0.95428,0.583,1.78244,0.0,7.75193,3682863
downwards_rotate,downwards_sensor_sweep_120-20260625-124815,TesolloDownwardsRotateZ,TesolloDownwardsRotateZ-20260626-053300-downwardsrotatez_sb_propriotarget_s0,proprio.target,0,0,95,4.75,4.33246,0.959,0.48425,1.91663,0.0,7.69234,3682863
downwards_rotate,downwards_sensor_sweep_120-20260625-124815,TesolloDownwardsRotateZ,TesolloDownwardsRotateZ-20260626-053300-downwardsrotatez_sb_propriotarget_s0,proprio.target,0,0,96,4.8,4.09565,0.94458,0.39102,2.01954,0.0,7.45078,3682863
downwards_rotate,downwards_sensor_sweep_120-20260625-124815,TesolloDownwardsRotateZ,TesolloDownwardsRotateZ-20260626-053300-downwardsrotatez_sb_propriotarget_s0,proprio.target,0,0,97,4.85,4.03351,0.95355,0.37724,2.03982,0.0,7.40412,3682863
downwards_rotate,downwards_sensor_sweep_120-20260625-124815,TesolloDownwardsRotateZ,TesolloDownwardsRotateZ-20260626-053300-downwardsrotatez_sb_propriotarget_s0,proprio.target,0,0,98,4.9,3.99559,0.99076,0.0,2.32645,0.0,7.3128,3682863
downwards_rotate,downwards_sensor_sweep_120-20260625-124815,TesolloDownwardsRotateZ,TesolloDownwardsRotateZ-20260626-053300-downwardsrotatez_sb_propriotarget_s0,proprio.target,0,0,99,4.95,3.9415,0.98723,0.0,2.354,0.0,7.28273,3682863
downwards_rotate,downwards_sensor_sweep_120-20260625-124815,TesolloDownwardsRotateZ,TesolloDownwardsRotateZ-20260626-053300-downwardsrotatez_sb_propriotarget_s0,proprio.target,0,0,100,5.0,3.89678,0.97683,0.28588,2.14383,0.0,7.30332,3682863
downwards_rotate,downwards_sensor_sweep_120-20260625-124815,TesolloDownwardsRotateZ,TesolloDownwardsRotateZ-20260626-053300-downwardsrotatez_sb_propriotarget_s0,proprio.target,0,0,101,5.05,3.76838,0.98702,0.30436,2.1095,0.0,7.16927,3682863
downwards_rotate,downwards_sensor_sweep_120-20260625-124815,TesolloDownwardsRotateZ,TesolloDownwardsRotateZ-20260626-053300-downwardsrotatez_sb_propriotarget_s0,proprio.target,0,0,102,5.1,3.44,0.97589,0.45032,1.96535,0.0,6.83156,3682863
downwards_rotate,downwards_sensor_sweep_120-20260625-124815,TesolloDownwardsRotateZ,TesolloDownwardsRotateZ-20260626-053300-downwardsrotatez_sb_propriotarget_s0,proprio.target,0,0,103,5.15,3.15977,0.96655,0.72504,1.82214,0.0,6.67349,3682863
downwards_rotate,downwards_sensor_sweep_120-20260625-124815,TesolloDownwardsRotateZ,TesolloDownwardsRotateZ-20260626-053300-downwardsrotatez_sb_propriotarget_s0,proprio.target,0,0,104,5.2,3.11615,0.98265,1.04641,1.65983,0.0,6.80504,3682863
downwards_rotate,downwards_sensor_sweep_120-20260625-124815,TesolloDownwardsRotateZ,TesolloDownwardsRotateZ-20260626-053300-downwardsrotatez_sb_propriotarget_s0,proprio.target,0,0,105,5.25,3.16595,1.01061,1.39683,1.4132,0.0,6.98658,3682863
downwards_rotate,downwards_sensor_sweep_120-20260625-124815,TesolloDownwardsRotateZ,TesolloDownwardsRotateZ-20260626-053300-downwardsrotatez_sb_propriotarget_s0,proprio.target,0,0,106,5.3,3.18673,0.61563,1.81238,1.0679,0.0,6.68265,3682863
downwards_rotate,downwards_sensor_sweep_120-20260625-124815,TesolloDownwardsRotateZ,TesolloDownwardsRotateZ-20260626-053300-downwardsrotatez_sb_propriotarget_s0,proprio.target,0,0,107,5.35,3.47812,0.0,2.83091,1.17639,0.0,7.48543,3682863
downwards_rotate,downwards_sensor_sweep_120-20260625-124815,TesolloDownwardsRotateZ,TesolloDownwardsRotateZ-20260626-053300-downwardsrotatez_sb_propriotarget_s0,proprio.target,0,0,108,5.4,3.83287,0.0,2.8895,1.08966,0.0,7.81203,3682863
downwards_rotate,downwards_sensor_sweep_120-20260625-124815,TesolloDownwardsRotateZ,TesolloDownwardsRotateZ-20260626-053300-downwardsrotatez_sb_propriotarget_s0,proprio.target,0,0,109,5.45,4.09303,0.0,2.93509,1.29595,0.0,8.32407,3682863
downwards_rotate,downwards_sensor_sweep_120-20260625-124815,TesolloDownwardsRotateZ,TesolloDownwardsRotateZ-20260626-053300-downwardsrotatez_sb_propriotarget_s0,proprio.target,0,0,110,5.5,3.96287,0.0,2.86255,1.52671,0.0,8.35214,3682863
downwards_rotate,downwards_sensor_sweep_120-20260625-124815,TesolloDownwardsRotateZ,TesolloDownwardsRotateZ-20260626-053300-downwardsrotatez_sb_propriotarget_s0,proprio.target,0,0,111,5.55,3.90012,0.0,2.85151,1.58673,0.0,8.33836,3682863
downwards_rotate,downwards_sensor_sweep_120-20260625-124815,TesolloDownwardsRotateZ,TesolloDownwardsRotateZ-20260626-053300-downwardsrotatez_sb_propriotarget_s0,proprio.target,0,0,112,5.6,3.90318,0.0,2.86643,1.56333,0.0,8.33294,3682863
downwards_rotate,downwards_sensor_sweep_120-20260625-124815,TesolloDownwardsRotateZ,TesolloDownwardsRotateZ-20260626-053300-downwardsrotatez_sb_propriotarget_s0,proprio.target,0,0,113,5.65,4.04746,0.0,2.68149,1.50664,0.0,8.23558,3682863
downwards_rotate,downwards_sensor_sweep_120-20260625-124815,TesolloDownwardsRotateZ,TesolloDownwardsRotateZ-20260626-053300-downwardsrotatez_sb_propriotarget_s0,proprio.target,0,0,114,5.7,4.08726,0.0,2.61209,1.43056,0.0,8.12991,3682863
downwards_rotate,downwards_sensor_sweep_120-20260625-124815,TesolloDownwardsRotateZ,TesolloDownwardsRotateZ-20260626-053300-downwardsrotatez_sb_propriotarget_s0,proprio.target,0,0,115,5.75,4.39121,0.0,2.36848,1.24499,0.0,8.00467,3682863
downwards_rotate,downwards_sensor_sweep_120-20260625-124815,TesolloDownwardsRotateZ,TesolloDownwardsRotateZ-20260626-053300-downwardsrotatez_sb_propriotarget_s0,proprio.target,0,0,116,5.8,4.18783,0.0,1.41948,1.31864,0.0,6.92595,3682863
downwards_rotate,downwards_sensor_sweep_120-20260625-124815,TesolloDownwardsRotateZ,TesolloDownwardsRotateZ-20260626-053300-downwardsrotatez_sb_propriotarget_s0,proprio.target,0,0,117,5.85,4.11508,0.49768,0.99234,1.6243,0.0,7.22939,3682863
downwards_rotate,downwards_sensor_sweep_120-20260625-124815,TesolloDownwardsRotateZ,TesolloDownwardsRotateZ-20260626-053300-downwardsrotatez_sb_propriotarget_s0,proprio.target,0,0,118,5.9,4.19982,1.13854,0.61801,1.85154,0.0,7.80792,3682863
downwards_rotate,downwards_sensor_sweep_120-20260625-124815,TesolloDownwardsRotateZ,TesolloDownwardsRotateZ-20260626-053300-downwardsrotatez_sb_propriotarget_s0,proprio.target,0,0,119,5.95,4.06152,0.88725,0.0,2.17255,0.0,7.12132,3682863
downwards_rotate,downwards_sensor_sweep_120-20260625-124815,TesolloDownwardsRotateZ,TesolloDownwardsRotateZ-20260626-053300-downwardsrotatez_sb_propriotarget_s0,proprio.target,0,1,0,0.0,0.0,0.0,0.0,0.0,0.0,0.0,3682863
downwards_rotate,downwards_sensor_sweep_120-20260625-124815,TesolloDownwardsRotateZ,TesolloDownwardsRotateZ-20260626-053300-downwardsrotatez_sb_propriotarget_s0,proprio.target,0,1,1,0.05,0.0,0.0,0.0,0.0,0.0,0.0,3682863
downwards_rotate,downwards_sensor_sweep_120-20260625-124815,TesolloDownwardsRotateZ,TesolloDownwardsRotateZ-20260626-053300-downwardsrotatez_sb_propriotarget_s0,proprio.target,0,1,2,0.1,0.0,0.0,0.0,0.0,0.0,0.0,3682863
downwards_rotate,downwards_sensor_sweep_120-20260625-124815,TesolloDownwardsRotateZ,TesolloDownwardsRotateZ-20260626-053300-downwardsrotatez_sb_propriotarget_s0,proprio.target,0,1,3,0.15,0.0,0.0,0.0,0.0,0.0,0.0,3682863
downwards_rotate,downwards_sensor_sweep_120-20260625-124815,TesolloDownwardsRotateZ,TesolloDownwardsRotateZ-20260626-053300-downwardsrotatez_sb_propriotarget_s0,proprio.target,0,1,4,0.2,0.0,0.0,0.0,0.0,2.15401,2.15401,3682863
downwards_rotate,downwards_sensor_sweep_120-20260625-124815,TesolloDownwardsRotateZ,TesolloDownwardsRotateZ-20260626-053300-downwardsrotatez_sb_propriotarget_s0,proprio.target,0,1,5,0.25,0.73842,0.0,0.0,0.0,0.0,0.73842,3682863
downwards_rotate,downwards_sensor_sweep_120-20260625-124815,TesolloDownwardsRotateZ,TesolloDownwardsRotateZ-20260626-053300-downwardsrotatez_sb_propriotarget_s0,proprio.target,0,1,6,0.3,0.0,0.0,1.35604,1.38814,1.74655,4.49073,3682863
downwards_rotate,downwards_sensor_sweep_120-20260625-124815,TesolloDownwardsRotateZ,TesolloDownwardsRotateZ-20260626-053300-downwardsrotatez_sb_propriotarget_s0,proprio.target,0,1,7,0.35,4.27104,0.0,2.73664,1.79741,1.24019,10.04528,3682863
downwards_rotate,downwards_sensor_sweep_120-20260625-124815,TesolloDownwardsRotateZ,TesolloDownwardsRotateZ-20260626-053300-downwardsrotatez_sb_propriotarget_s0,proprio.target,0,1,8,0.4,4.17626,0.0,2.74151,1.49175,0.0,8.40952,3682863
downwards_rotate,downwards_sensor_sweep_120-20260625-124815,TesolloDownwardsRotateZ,TesolloDownwardsRotateZ-20260626-053300-downwardsrotatez_sb_propriotarget_s0,proprio.target,0,1,9,0.45,3.74205,0.0,2.81615,1.88402,0.0,8.44222,3682863
downwards_rotate,downwards_sensor_sweep_120-20260625-124815,TesolloDownwardsRotateZ,TesolloDownwardsRotateZ-20260626-053300-downwardsrotatez_sb_propriotarget_s0,proprio.target,0,1,10,0.5,4.06442,0.0,2.54138,1.6327,0.0,8.2385,3682863
downwards_rotate,downwards_sensor_sweep_120-20260625-124815,TesolloDownwardsRotateZ,TesolloDownwardsRotateZ-20260626-053300-downwardsrotatez_sb_propriotarget_s0,proprio.target,0,1,11,0.55,0.0,0.0,0.44567,0.63615,0.0,1.08181,3682863
downwards_rotate,downwards_sensor_sweep_120-20260625-124815,TesolloDownwardsRotateZ,TesolloDownwardsRotateZ-20260626-053300-downwardsrotatez_sb_propriotarget_s0,proprio.target,0,1,12,0.6,2.43456,0.0,0.0,2.56291,0.0,4.99747,3682863
downwards_rotate,downwards_sensor_sweep_120-20260625-124815,TesolloDownwardsRotateZ,TesolloDownwardsRotateZ-20260626-053300-downwardsrotatez_sb_propriotarget_s0,proprio.target,0,1,13,0.65,3.10455,0.0,0.0,2.18916,0.0,5.29371,3682863
downwards_rotate,downwards_sensor_sweep_120-20260625-124815,TesolloDownwardsRotateZ,TesolloDownwardsRotateZ-20260626-053300-downwardsrotatez_sb_propriotarget_s0,proprio.target,0,1,14,0.7,2.43347,0.0,0.0,2.0324,0.0,4.46588,3682863
downwards_rotate,downwards_sensor_sweep_120-20260625-124815,TesolloDownwardsRotateZ,TesolloDownwardsRotateZ-20260626-053300-downwardsrotatez_sb_propriotarget_s0,proprio.target,0,1,15,0.75,2.39887,0.0,0.0,1.79411,0.0,4.19298,3682863
downwards_rotate,downwards_sensor_sweep_120-20260625-124815,TesolloDownwardsRotateZ,TesolloDownwardsRotateZ-20260626-053300-downwardsrotatez_sb_propriotarget_s0,proprio.target,0,1,16,0.8,2.07721,0.0,0.0,1.70922,0.0,3.78643,3682863
downwards_rotate,downwards_sensor_sweep_120-20260625-124815,TesolloDownwardsRotateZ,TesolloDownwardsRotateZ-20260626-053300-downwardsrotatez_sb_propriotarget_s0,proprio.target,0,1,17,0.85,1.7596,0.0,0.0,1.92635,0.0,3.68595,3682863
downwards_rotate,downwards_sensor_sweep_120-20260625-124815,TesolloDownwardsRotateZ,TesolloDownwardsRotateZ-20260626-053300-downwardsrotatez_sb_propriotarget_s0,proprio.target,0,1,18,0.9,0.0,0.0,0.0,2.48318,0.0,2.48318,3682863
downwards_rotate,downwards_sensor_sweep_120-20260625-124815,TesolloDownwardsRotateZ,TesolloDownwardsRotateZ-20260626-053300-downwardsrotatez_sb_propriotarget_s0,proprio.target,0,1,19,0.95,0.0,1.0887,0.0,2.47968,0.0,3.56838,3682863
downwards_rotate,downwards_sensor_sweep_120-20260625-124815,TesolloDownwardsRotateZ,TesolloDownwardsRotateZ-20260626-053300-downwardsrotatez_sb_propriotarget_s0,proprio.target,0,1,20,1.0,0.81093,2.15185,0.0,2.12811,0.0,5.0909,3682863
downwards_rotate,downwards_sensor_sweep_120-20260625-124815,TesolloDownwardsRotateZ,TesolloDownwardsRotateZ-20260626-053300-downwardsrotatez_sb_propriotarget_s0,proprio.target,0,1,21,1.05,1.20234,2.65682,0.0,1.76001,0.0,5.61918,3682863
downwards_rotate,downwards_sensor_sweep_120-20260625-124815,TesolloDownwardsRotateZ,TesolloDownwardsRotateZ-20260626-053300-downwardsrotatez_sb_propriotarget_s0,proprio.target,0,1,22,1.1,1.32605,2.57459,0.0,1.71149,0.0,5.61212,3682863
downwards_rotate,downwards_sensor_sweep_120-20260625-124815,TesolloDownwardsRotateZ,TesolloDownwardsRotateZ-20260626-053300-downwardsrotatez_sb_propriotarget_s0,proprio.target,0,1,23,1.15,1.61034,2.48966,0.0,1.11167,0.0,5.21167,3682863
downwards_rotate,downwards_sensor_sweep_120-20260625-124815,TesolloDownwardsRotateZ,TesolloDownwardsRotateZ-20260626-053300-downwardsrotatez_sb_propriotarget_s0,proprio.target,0,1,24,1.2,1.37951,2.38246,0.0,1.6033,0.0,5.36528,3682863
downwards_rotate,downwards_sensor_sweep_120-20260625-124815,TesolloDownwardsRotateZ,TesolloDownwardsRotateZ-20260626-053300-downwardsrotatez_sb_propriotarget_s0,proprio.target,0,1,25,1.25,1.97801,2.40921,0.0,0.97063,0.0,5.35785,3682863
downwards_rotate,downwards_sensor_sweep_120-20260625-124815,TesolloDownwardsRotateZ,TesolloDownwardsRotateZ-20260626-053300-downwardsrotatez_sb_propriotarget_s0,proprio.target,0,1,26,1.3,2.00528,2.32055,0.0,0.81194,0.0,5.13777,3682863
downwards_rotate,downwards_sensor_sweep_120-20260625-124815,TesolloDownwardsRotateZ,TesolloDownwardsRotateZ-20260626-053300-downwardsrotatez_sb_propriotarget_s0,proprio.target,0,1,27,1.35,2.06434,2.29053,0.0,0.73052,0.0,5.08539,3682863
downwards_rotate,downwards_sensor_sweep_120-20260625-124815,TesolloDownwardsRotateZ,TesolloDownwardsRotateZ-20260626-053300-downwardsrotatez_sb_propriotarget_s0,proprio.target,0,1,28,1.4,2.18045,2.26403,0.0,0.94586,0.0,5.39034,3682863
downwards_rotate,downwards_sensor_sweep_120-20260625-124815,TesolloDownwardsRotateZ,TesolloDownwardsRotateZ-20260626-053300-downwardsrotatez_sb_propriotarget_s0,proprio.target,0,1,29,1.45,2.24226,2.24687,0.0,0.87696,0.0,5.36609,3682863
downwards_rotate,downwards_sensor_sweep_120-20260625-124815,TesolloDownwardsRotateZ,TesolloDownwardsRotateZ-20260626-053300-downwardsrotatez_sb_propriotarget_s0,proprio.target,0,1,30,1.5,2.33544,2.36052,0.0,0.97212,0.0,5.66808,3682863
downwards_rotate,downwards_sensor_sweep_120-20260625-124815,TesolloDownwardsRotateZ,TesolloDownwardsRotateZ-20260626-053300-downwardsrotatez_sb_propriotarget_s0,proprio.target,0,1,31,1.55,2.04993,2.56404,0.0,1.23022,0.0,5.84419,3682863
downwards_rotate,downwards_sensor_sweep_120-20260625-124815,TesolloDownwardsRotateZ,TesolloDownwardsRotateZ-20260626-053300-downwardsrotatez_sb_propriotarget_s0,proprio.target,0,1,32,1.6,2.08781,2.63075,0.0,1.52397,0.0,6.24254,3682863
downwards_rotate,downwards_sensor_sweep_120-20260625-124815,TesolloDownwardsRotateZ,TesolloDownwardsRotateZ-20260626-053300-downwardsrotatez_sb_propriotarget_s0,proprio.target,0,1,33,1.65,1.5853,2.73636,0.0,1.95306,0.0,6.27472,3682863
downwards_rotate,downwards_sensor_sweep_120-20260625-124815,TesolloDownwardsRotateZ,TesolloDownwardsRotateZ-20260626-053300-downwardsrotatez_sb_propriotarget_s0,proprio.target,0,1,34,1.7,1.55654,2.7931,0.0,2.03295,0.0,6.38259,3682863
downwards_rotate,downwards_sensor_sweep_120-20260625-124815,TesolloDownwardsRotateZ,TesolloDownwardsRotateZ-20260626-053300-downwardsrotatez_sb_propriotarget_s0,proprio.target,0,1,35,1.75,1.70307,2.73135,0.0,1.77065,0.0,6.20508,3682863
downwards_rotate,downwards_sensor_sweep_120-20260625-124815,TesolloDownwardsRotateZ,TesolloDownwardsRotateZ-20260626-053300-downwardsrotatez_sb_propriotarget_s0,proprio.target,0,1,36,1.8,1.49396,2.7188,0.0,1.9981,0.0,6.21086,3682863
downwards_rotate,downwards_sensor_sweep_120-20260625-124815,TesolloDownwardsRotateZ,TesolloDownwardsRotateZ-20260626-053300-downwardsrotatez_sb_propriotarget_s0,proprio.target,0,1,37,1.85,1.82282,2.69994,0.0,1.76129,0.0,6.28405,3682863
downwards_rotate,downwards_sensor_sweep_120-20260625-124815,TesolloDownwardsRotateZ,TesolloDownwardsRotateZ-20260626-053300-downwardsrotatez_sb_propriotarget_s0,proprio.target,0,1,38,1.9,1.88598,2.61137,0.0,1.66822,0.0,6.16557,3682863
downwards_rotate,downwards_sensor_sweep_120-20260625-124815,TesolloDownwardsRotateZ,TesolloDownwardsRotateZ-20260626-053300-downwardsrotatez_sb_propriotarget_s0,proprio.target,0,1,39,1.95,1.95815,2.54998,0.0,1.6139,0.0,6.12204,3682863
downwards_rotate,downwards_sensor_sweep_120-20260625-124815,TesolloDownwardsRotateZ,TesolloDownwardsRotateZ-20260626-053300-downwardsrotatez_sb_propriotarget_s0,proprio.target,0,1,40,2.0,2.03144,2.48973,0.0,1.58412,0.0,6.1053,3682863
downwards_rotate,downwards_sensor_sweep_120-20260625-124815,TesolloDownwardsRotateZ,TesolloDownwardsRotateZ-20260626-053300-downwardsrotatez_sb_propriotarget_s0,proprio.target,0,1,41,2.05,2.11032,2.39714,0.0,1.57328,0.0,6.08073,3682863
downwards_rotate,downwards_sensor_sweep_120-20260625-124815,TesolloDownwardsRotateZ,TesolloDownwardsRotateZ-20260626-053300-downwardsrotatez_sb_propriotarget_s0,proprio.target,0,1,42,2.1,2.17102,2.3464,0.0,1.57619,0.0,6.0936,3682863
downwards_rotate,downwards_sensor_sweep_120-20260625-124815,TesolloDownwardsRotateZ,TesolloDownwardsRotateZ-20260626-053300-downwardsrotatez_sb_propriotarget_s0,proprio.target,0,1,43,2.15,2.20825,2.31866,0.0,1.58733,0.0,6.11424,3682863
downwards_rotate,downwards_sensor_sweep_120-20260625-124815,TesolloDownwardsRotateZ,TesolloDownwardsRotateZ-20260626-053300-downwardsrotatez_sb_propriotarget_s0,proprio.target,0,1,44,2.2,2.2257,2.2891,0.0,1.61065,0.0,6.12544,3682863
downwards_rotate,downwards_sensor_sweep_120-20260625-124815,TesolloDownwardsRotateZ,TesolloDownwardsRotateZ-20260626-053300-downwardsrotatez_sb_propriotarget_s0,proprio.target,0,1,45,2.25,2.21347,2.25991,0.0,1.63038,0.0,6.10377,3682863
downwards_rotate,downwards_sensor_sweep_120-20260625-124815,TesolloDownwardsRotateZ,TesolloDownwardsRotateZ-20260626-053300-downwardsrotatez_sb_propriotarget_s0,proprio.target,0,1,46,2.3,2.13527,2.22662,0.0,1.6986,0.0,6.0605,3682863
downwards_rotate,downwards_sensor_sweep_120-20260625-124815,TesolloDownwardsRotateZ,TesolloDownwardsRotateZ-20260626-053300-downwardsrotatez_sb_propriotarget_s0,proprio.target,0,1,47,2.35,2.11456,2.1908,0.0,1.72163,0.0,6.027,3682863
downwards_rotate,downwards_sensor_sweep_120-20260625-124815,TesolloDownwardsRotateZ,TesolloDownwardsRotateZ-20260626-053300-downwardsrotatez_sb_propriotarget_s0,proprio.target,0,1,48,2.4,2.03769,2.01793,0.0,1.81336,0.0,5.86898,3682863
downwards_rotate,downwards_sensor_sweep_120-20260625-124815,TesolloDownwardsRotateZ,TesolloDownwardsRotateZ-20260626-053300-downwardsrotatez_sb_propriotarget_s0,proprio.target,0,1,49,2.45,2.12065,1.60781,0.0,1.90883,0.0,5.63728,3682863
downwards_rotate,downwards_sensor_sweep_120-20260625-124815,TesolloDownwardsRotateZ,TesolloDownwardsRotateZ-20260626-053300-downwardsrotatez_sb_propriotarget_s0,proprio.target,0,1,50,2.5,2.14772,1.29909,0.0,1.77812,0.0,5.22494,3682863
downwards_rotate,downwards_sensor_sweep_120-20260625-124815,TesolloDownwardsRotateZ,TesolloDownwardsRotateZ-20260626-053300-downwardsrotatez_sb_propriotarget_s0,proprio.target,0,1,51,2.55,2.04197,1.0375,0.0,1.76454,0.0,4.84401,3682863
downwards_rotate,downwards_sensor_sweep_120-20260625-124815,TesolloDownwardsRotateZ,TesolloDownwardsRotateZ-20260626-053300-downwardsrotatez_sb_propriotarget_s0,proprio.target,0,1,52,2.6,2.0451,0.83226,0.0,1.72931,0.0,4.60667,3682863
downwards_rotate,downwards_sensor_sweep_120-20260625-124815,TesolloDownwardsRotateZ,TesolloDownwardsRotateZ-20260626-053300-downwardsrotatez_sb_propriotarget_s0,proprio.target,0,1,53,2.65,2.04428,0.65657,0.0,1.69125,0.0,4.39211,3682863
downwards_rotate,downwards_sensor_sweep_120-20260625-124815,TesolloDownwardsRotateZ,TesolloDownwardsRotateZ-20260626-053300-downwardsrotatez_sb_propriotarget_s0,proprio.target,0,1,54,2.7,2.04011,0.49394,0.0,1.66289,0.0,4.19693,3682863
downwards_rotate,downwards_sensor_sweep_120-20260625-124815,TesolloDownwardsRotateZ,TesolloDownwardsRotateZ-20260626-053300-downwardsrotatez_sb_propriotarget_s0,proprio.target,0,1,55,2.75,2.06743,0.3496,0.0,1.629,0.0,4.04604,3682863
downwards_rotate,downwards_sensor_sweep_120-20260625-124815,TesolloDownwardsRotateZ,TesolloDownwardsRotateZ-20260626-053300-downwardsrotatez_sb_propriotarget_s0,proprio.target,0,1,56,2.8,2.07659,0.21608,0.0,1.61222,0.0,3.90489,3682863
downwards_rotate,downwards_sensor_sweep_120-20260625-124815,TesolloDownwardsRotateZ,TesolloDownwardsRotateZ-20260626-053300-downwardsrotatez_sb_propriotarget_s0,proprio.target,0,1,57,2.85,2.07413,0.10269,0.0,1.62028,0.0,3.79711,3682863
downwards_rotate,downwards_sensor_sweep_120-20260625-124815,TesolloDownwardsRotateZ,TesolloDownwardsRotateZ-20260626-053300-downwardsrotatez_sb_propriotarget_s0,proprio.target,0,1,58,2.9,2.08899,0.0,0.0,1.6174,0.0,3.70639,3682863
downwards_rotate,downwards_sensor_sweep_120-20260625-124815,TesolloDownwardsRotateZ,TesolloDownwardsRotateZ-20260626-053300-downwardsrotatez_sb_propriotarget_s0,proprio.target,0,1,59,2.95,2.09123,0.0,0.0,1.63195,0.0,3.72318,3682863
downwards_rotate,downwards_sensor_sweep_120-20260625-124815,TesolloDownwardsRotateZ,TesolloDownwardsRotateZ-20260626-053300-downwardsrotatez_sb_propriotarget_s0,proprio.target,0,1,60,3.0,2.09092,0.0,0.0,1.64831,0.0,3.73923,3682863
downwards_rotate,downwards_sensor_sweep_120-20260625-124815,TesolloDownwardsRotateZ,TesolloDownwardsRotateZ-20260626-053300-downwardsrotatez_sb_propriotarget_s0,proprio.target,0,1,61,3.05,2.08832,0.0,0.0,1.66242,0.0,3.75074,3682863
downwards_rotate,downwards_sensor_sweep_120-20260625-124815,TesolloDownwardsRotateZ,TesolloDownwardsRotateZ-20260626-053300-downwardsrotatez_sb_propriotarget_s0,proprio.target,0,1,62,3.1,2.08807,0.0,0.0,1.67445,0.0,3.76252,3682863
downwards_rotate,downwards_sensor_sweep_120-20260625-124815,TesolloDownwardsRotateZ,TesolloDownwardsRotateZ-20260626-053300-downwardsrotatez_sb_propriotarget_s0,proprio.target,0,1,63,3.15,2.08652,0.0,0.0,1.68406,0.0,3.77059,3682863
downwards_rotate,downwards_sensor_sweep_120-20260625-124815,TesolloDownwardsRotateZ,TesolloDownwardsRotateZ-20260626-053300-downwardsrotatez_sb_propriotarget_s0,proprio.target,0,1,64,3.2,2.08782,0.0,0.0,1.69103,0.0,3.77885,3682863
downwards_rotate,downwards_sensor_sweep_120-20260625-124815,TesolloDownwardsRotateZ,TesolloDownwardsRotateZ-20260626-053300-downwardsrotatez_sb_propriotarget_s0,proprio.target,0,1,65,3.25,2.09034,0.0,0.0,1.6959,0.0,3.78625,3682863
downwards_rotate,downwards_sensor_sweep_120-20260625-124815,TesolloDownwardsRotateZ,TesolloDownwardsRotateZ-20260626-053300-downwardsrotatez_sb_propriotarget_s0,proprio.target,0,1,66,3.3,2.0933,0.0,0.0,1.69934,0.0,3.79264,3682863
downwards_rotate,downwards_sensor_sweep_120-20260625-124815,TesolloDownwardsRotateZ,TesolloDownwardsRotateZ-20260626-053300-downwardsrotatez_sb_propriotarget_s0,proprio.target,0,1,67,3.35,2.09797,0.0,0.0,1.70027,0.0,3.79824,3682863
downwards_rotate,downwards_sensor_sweep_120-20260625-124815,TesolloDownwardsRotateZ,TesolloDownwardsRotateZ-20260626-053300-downwardsrotatez_sb_propriotarget_s0,proprio.target,0,1,68,3.4,2.10438,0.0,0.0,1.69954,0.0,3.80392,3682863
downwards_rotate,downwards_sensor_sweep_120-20260625-124815,TesolloDownwardsRotateZ,TesolloDownwardsRotateZ-20260626-053300-downwardsrotatez_sb_propriotarget_s0,proprio.target,0,1,69,3.45,2.10984,0.0,0.0,1.69842,0.0,3.80825,3682863
downwards_rotate,downwards_sensor_sweep_120-20260625-124815,TesolloDownwardsRotateZ,TesolloDownwardsRotateZ-20260626-053300-downwardsrotatez_sb_propriotarget_s0,proprio.target,0,1,70,3.5,2.11745,0.0,0.0,1.69538,0.0,3.81283,3682863
downwards_rotate,downwards_sensor_sweep_120-20260625-124815,TesolloDownwardsRotateZ,TesolloDownwardsRotateZ-20260626-053300-downwardsrotatez_sb_propriotarget_s0,proprio.target,0,1,71,3.55,2.12595,0.0,0.0,1.6925,0.0,3.81845,3682863
downwards_rotate,downwards_sensor_sweep_120-20260625-124815,TesolloDownwardsRotateZ,TesolloDownwardsRotateZ-20260626-053300-downwardsrotatez_sb_propriotarget_s0,proprio.target,0,1,72,3.6,2.13087,0.0,0.0,1.6899,0.0,3.82077,3682863
downwards_rotate,downwards_sensor_sweep_120-20260625-124815,TesolloDownwardsRotateZ,TesolloDownwardsRotateZ-20260626-053300-downwardsrotatez_sb_propriotarget_s0,proprio.target,0,1,73,3.65,2.13787,0.0,0.0,1.68722,0.0,3.82509,3682863
downwards_rotate,downwards_sensor_sweep_120-20260625-124815,TesolloDownwardsRotateZ,TesolloDownwardsRotateZ-20260626-053300-downwardsrotatez_sb_propriotarget_s0,proprio.target,0,1,74,3.7,2.14408,0.0,0.0,1.68369,0.0,3.82777,3682863
downwards_rotate,downwards_sensor_sweep_120-20260625-124815,TesolloDownwardsRotateZ,TesolloDownwardsRotateZ-20260626-053300-downwardsrotatez_sb_propriotarget_s0,proprio.target,0,1,75,3.75,2.14972,0.0,0.0,1.68164,0.0,3.83137,3682863
downwards_rotate,downwards_sensor_sweep_120-20260625-124815,TesolloDownwardsRotateZ,TesolloDownwardsRotateZ-20260626-053300-downwardsrotatez_sb_propriotarget_s0,proprio.target,0,1,76,3.8,2.15525,0.0,0.0,1.67826,0.0,3.83351,3682863
downwards_rotate,downwards_sensor_sweep_120-20260625-124815,TesolloDownwardsRotateZ,TesolloDownwardsRotateZ-20260626-053300-downwardsrotatez_sb_propriotarget_s0,proprio.target,0,1,77,3.85,2.15991,0.0,0.0,1.6752,0.0,3.83512,3682863
downwards_rotate,downwards_sensor_sweep_120-20260625-124815,TesolloDownwardsRotateZ,TesolloDownwardsRotateZ-20260626-053300-downwardsrotatez_sb_propriotarget_s0,proprio.target,0,1,78,3.9,2.16374,0.0,0.0,1.67262,0.0,3.83636,3682863
downwards_rotate,downwards_sensor_sweep_120-20260625-124815,TesolloDownwardsRotateZ,TesolloDownwardsRotateZ-20260626-053300-downwardsrotatez_sb_propriotarget_s0,proprio.target,0,1,79,3.95,2.16707,0.0,0.0,1.67076,0.0,3.83783,3682863
downwards_rotate,downwards_sensor_sweep_120-20260625-124815,TesolloDownwardsRotateZ,TesolloDownwardsRotateZ-20260626-053300-downwardsrotatez_sb_propriotarget_s0,proprio.target,0,1,80,4.0,2.16714,0.12121,0.0,1.67356,0.0,3.96191,3682863
downwards_rotate,downwards_sensor_sweep_120-20260625-124815,TesolloDownwardsRotateZ,TesolloDownwardsRotateZ-20260626-053300-downwardsrotatez_sb_propriotarget_s0,proprio.target,0,1,81,4.05,2.16653,0.13706,0.0,1.67819,0.0,3.98178,3682863
downwards_rotate,downwards_sensor_sweep_120-20260625-124815,TesolloDownwardsRotateZ,TesolloDownwardsRotateZ-20260626-053300-downwardsrotatez_sb_propriotarget_s0,proprio.target,0,1,82,4.1,2.16546,0.15214,0.0,1.68263,0.0,4.00023,3682863
downwards_rotate,downwards_sensor_sweep_120-20260625-124815,TesolloDownwardsRotateZ,TesolloDownwardsRotateZ-20260626-053300-downwardsrotatez_sb_propriotarget_s0,proprio.target,0,1,83,4.15,2.16557,0.16773,0.0,1.68633,0.0,4.01963,3682863
downwards_rotate,downwards_sensor_sweep_120-20260625-124815,TesolloDownwardsRotateZ,TesolloDownwardsRotateZ-20260626-053300-downwardsrotatez_sb_propriotarget_s0,proprio.target,0,1,84,4.2,2.16568,0.18156,0.0,1.6895,0.0,4.03674,3682863
downwards_rotate,downwards_sensor_sweep_120-20260625-124815,TesolloDownwardsRotateZ,TesolloDownwardsRotateZ-20260626-053300-downwardsrotatez_sb_propriotarget_s0,proprio.target,0,1,85,4.25,2.16556,0.19583,0.0,1.69275,0.0,4.05415,3682863
downwards_rotate,downwards_sensor_sweep_120-20260625-124815,TesolloDownwardsRotateZ,TesolloDownwardsRotateZ-20260626-053300-downwardsrotatez_sb_propriotarget_s0,proprio.target,0,1,86,4.3,2.16718,0.2102,0.0,1.69508,0.0,4.07246,3682863
downwards_rotate,downwards_sensor_sweep_120-20260625-124815,TesolloDownwardsRotateZ,TesolloDownwardsRotateZ-20260626-053300-downwardsrotatez_sb_propriotarget_s0,proprio.target,0,1,87,4.35,2.16921,0.22468,0.0,1.69769,0.0,4.09159,3682863
downwards_rotate,downwards_sensor_sweep_120-20260625-124815,TesolloDownwardsRotateZ,TesolloDownwardsRotateZ-20260626-053300-downwardsrotatez_sb_propriotarget_s0,proprio.target,0,1,88,4.4,2.17028,0.23896,0.0,1.69898,0.0,4.10822,3682863
downwards_rotate,downwards_sensor_sweep_120-20260625-124815,TesolloDownwardsRotateZ,TesolloDownwardsRotateZ-20260626-053300-downwardsrotatez_sb_propriotarget_s0,proprio.target,0,1,89,4.45,2.17297,0.25284,0.0,1.70042,0.0,4.12623,3682863
downwards_rotate,downwards_sensor_sweep_120-20260625-124815,TesolloDownwardsRotateZ,TesolloDownwardsRotateZ-20260626-053300-downwardsrotatez_sb_propriotarget_s0,proprio.target,0,1,90,4.5,2.17514,0.26524,0.0,1.70109,0.0,4.14147,3682863
downwards_rotate,downwards_sensor_sweep_120-20260625-124815,TesolloDownwardsRotateZ,TesolloDownwardsRotateZ-20260626-053300-downwardsrotatez_sb_propriotarget_s0,proprio.target,0,1,91,4.55,2.17702,0.27848,0.0,1.7025,0.0,4.15799,3682863
downwards_rotate,downwards_sensor_sweep_120-20260625-124815,TesolloDownwardsRotateZ,TesolloDownwardsRotateZ-20260626-053300-downwardsrotatez_sb_propriotarget_s0,proprio.target,0,1,92,4.6,2.17944,0.28966,0.0,1.70308,0.0,4.17218,3682863
downwards_rotate,downwards_sensor_sweep_120-20260625-124815,TesolloDownwardsRotateZ,TesolloDownwardsRotateZ-20260626-053300-downwardsrotatez_sb_propriotarget_s0,proprio.target,0,1,93,4.65,2.18112,0.30121,0.0,1.70329,0.0,4.18563,3682863
downwards_rotate,downwards_sensor_sweep_120-20260625-124815,TesolloDownwardsRotateZ,TesolloDownwardsRotateZ-20260626-053300-downwardsrotatez_sb_propriotarget_s0,proprio.target,0,1,94,4.7,2.18406,0.31287,0.0,1.70346,0.0,4.20039,3682863
downwards_rotate,downwards_sensor_sweep_120-20260625-124815,TesolloDownwardsRotateZ,TesolloDownwardsRotateZ-20260626-053300-downwardsrotatez_sb_propriotarget_s0,proprio.target,0,1,95,4.75,2.1865,0.32289,0.0,1.70325,0.0,4.21263,3682863
downwards_rotate,downwards_sensor_sweep_120-20260625-124815,TesolloDownwardsRotateZ,TesolloDownwardsRotateZ-20260626-053300-downwardsrotatez_sb_propriotarget_s0,proprio.target,0,1,96,4.8,2.18826,0.33121,0.0,1.70262,0.0,4.22209,3682863
downwards_rotate,downwards_sensor_sweep_120-20260625-124815,TesolloDownwardsRotateZ,TesolloDownwardsRotateZ-20260626-053300-downwardsrotatez_sb_propriotarget_s0,proprio.target,0,1,97,4.85,2.19144,0.3413,0.0,1.70175,0.0,4.23449,3682863
downwards_rotate,downwards_sensor_sweep_120-20260625-124815,TesolloDownwardsRotateZ,TesolloDownwardsRotateZ-20260626-053300-downwardsrotatez_sb_propriotarget_s0,proprio.target,0,1,98,4.9,2.19412,0.34791,0.0,1.70077,0.0,4.2428,3682863
downwards_rotate,downwards_sensor_sweep_120-20260625-124815,TesolloDownwardsRotateZ,TesolloDownwardsRotateZ-20260626-053300-downwardsrotatez_sb_propriotarget_s0,proprio.target,0,1,99,4.95,2.196,0.35566,0.0,1.70008,0.0,4.25175,3682863
downwards_rotate,downwards_sensor_sweep_120-20260625-124815,TesolloDownwardsRotateZ,TesolloDownwardsRotateZ-20260626-053300-downwardsrotatez_sb_propriotarget_s0,proprio.target,0,1,100,5.0,2.1993,0.36154,0.0,1.69845,0.0,4.2593,3682863
downwards_rotate,downwards_sensor_sweep_120-20260625-124815,TesolloDownwardsRotateZ,TesolloDownwardsRotateZ-20260626-053300-downwardsrotatez_sb_propriotarget_s0,proprio.target,0,1,101,5.05,2.20184,0.36811,0.0,1.69691,0.0,4.26686,3682863
downwards_rotate,downwards_sensor_sweep_120-20260625-124815,TesolloDownwardsRotateZ,TesolloDownwardsRotateZ-20260626-053300-downwardsrotatez_sb_propriotarget_s0,proprio.target,0,1,102,5.1,2.20449,0.37379,0.0,1.6954,0.0,4.27367,3682863
downwards_rotate,downwards_sensor_sweep_120-20260625-124815,TesolloDownwardsRotateZ,TesolloDownwardsRotateZ-20260626-053300-downwardsrotatez_sb_propriotarget_s0,proprio.target,0,1,103,5.15,2.20739,0.37882,0.0,1.69351,0.0,4.27973,3682863
downwards_rotate,downwards_sensor_sweep_120-20260625-124815,TesolloDownwardsRotateZ,TesolloDownwardsRotateZ-20260626-053300-downwardsrotatez_sb_propriotarget_s0,proprio.target,0,1,104,5.2,2.21018,0.38395,0.0,1.69134,0.0,4.28546,3682863
downwards_rotate,downwards_sensor_sweep_120-20260625-124815,TesolloDownwardsRotateZ,TesolloDownwardsRotateZ-20260626-053300-downwardsrotatez_sb_propriotarget_s0,proprio.target,0,1,105,5.25,2.21313,0.389,0.0,1.68906,0.0,4.29119,3682863
downwards_rotate,downwards_sensor_sweep_120-20260625-124815,TesolloDownwardsRotateZ,TesolloDownwardsRotateZ-20260626-053300-downwardsrotatez_sb_propriotarget_s0,proprio.target,0,1,106,5.3,2.2147,0.39162,0.0,1.68745,0.0,4.29377,3682863
downwards_rotate,downwards_sensor_sweep_120-20260625-124815,TesolloDownwardsRotateZ,TesolloDownwardsRotateZ-20260626-053300-downwardsrotatez_sb_propriotarget_s0,proprio.target,0,1,107,5.35,2.21705,0.39459,0.0,1.68551,0.0,4.29715,3682863
downwards_rotate,downwards_sensor_sweep_120-20260625-124815,TesolloDownwardsRotateZ,TesolloDownwardsRotateZ-20260626-053300-downwardsrotatez_sb_propriotarget_s0,proprio.target,0,1,108,5.4,2.2187,0.39747,0.0,1.68357,0.0,4.29973,3682863
downwards_rotate,downwards_sensor_sweep_120-20260625-124815,TesolloDownwardsRotateZ,TesolloDownwardsRotateZ-20260626-053300-downwardsrotatez_sb_propriotarget_s0,proprio.target,0,1,109,5.45,2.22017,0.39956,0.0,1.68135,0.0,4.30108,3682863
downwards_rotate,downwards_sensor_sweep_120-20260625-124815,TesolloDownwardsRotateZ,TesolloDownwardsRotateZ-20260626-053300-downwardsrotatez_sb_propriotarget_s0,proprio.target,0,1,110,5.5,2.22317,0.40317,0.0,1.67893,0.0,4.30527,3682863
downwards_rotate,downwards_sensor_sweep_120-20260625-124815,TesolloDownwardsRotateZ,TesolloDownwardsRotateZ-20260626-053300-downwardsrotatez_sb_propriotarget_s0,proprio.target,0,1,111,5.55,2.22385,0.40534,0.0,1.67702,0.0,4.30621,3682863
downwards_rotate,downwards_sensor_sweep_120-20260625-124815,TesolloDownwardsRotateZ,TesolloDownwardsRotateZ-20260626-053300-downwardsrotatez_sb_propriotarget_s0,proprio.target,0,1,112,5.6,2.22578,0.40633,0.0,1.67472,0.0,4.30682,3682863
downwards_rotate,downwards_sensor_sweep_120-20260625-124815,TesolloDownwardsRotateZ,TesolloDownwardsRotateZ-20260626-053300-downwardsrotatez_sb_propriotarget_s0,proprio.target,0,1,113,5.65,2.22746,0.40838,0.0,1.67215,0.0,4.30799,3682863
downwards_rotate,downwards_sensor_sweep_120-20260625-124815,TesolloDownwardsRotateZ,TesolloDownwardsRotateZ-20260626-053300-downwardsrotatez_sb_propriotarget_s0,proprio.target,0,1,114,5.7,2.22948,0.40965,0.0,1.67001,0.0,4.30914,3682863
downwards_rotate,downwards_sensor_sweep_120-20260625-124815,TesolloDownwardsRotateZ,TesolloDownwardsRotateZ-20260626-053300-downwardsrotatez_sb_propriotarget_s0,proprio.target,0,1,115,5.75,2.23084,0.40991,0.0,1.66813,0.0,4.30887,3682863
downwards_rotate,downwards_sensor_sweep_120-20260625-124815,TesolloDownwardsRotateZ,TesolloDownwardsRotateZ-20260626-053300-downwardsrotatez_sb_propriotarget_s0,proprio.target,0,1,116,5.8,2.23251,0.41033,0.0,1.66652,0.0,4.30936,3682863
downwards_rotate,downwards_sensor_sweep_120-20260625-124815,TesolloDownwardsRotateZ,TesolloDownwardsRotateZ-20260626-053300-downwardsrotatez_sb_propriotarget_s0,proprio.target,0,1,117,5.85,2.23434,0.4121,0.0,1.6639,0.0,4.31034,3682863
downwards_rotate,downwards_sensor_sweep_120-20260625-124815,TesolloDownwardsRotateZ,TesolloDownwardsRotateZ-20260626-053300-downwardsrotatez_sb_propriotarget_s0,proprio.target,0,1,118,5.9,2.23531,0.41222,0.0,1.6615,0.0,4.30904,3682863
downwards_rotate,downwards_sensor_sweep_120-20260625-124815,TesolloDownwardsRotateZ,TesolloDownwardsRotateZ-20260626-053300-downwardsrotatez_sb_propriotarget_s0,proprio.target,0,1,119,5.95,2.23643,0.41145,0.0,1.65946,0.0,4.30734,3682863
downwards_rotate,downwards_sensor_sweep_120-20260625-124815,TesolloDownwardsRotateZ,TesolloDownwardsRotateZ-20260626-053300-downwardsrotatez_sb_propriotarget_s0,proprio.target,0,2,0,0.0,0.0,0.0,0.0,0.0,0.0,0.0,3682863
downwards_rotate,downwards_sensor_sweep_120-20260625-124815,TesolloDownwardsRotateZ,TesolloDownwardsRotateZ-20260626-053300-downwardsrotatez_sb_propriotarget_s0,proprio.target,0,2,1,0.05,0.0,0.0,0.0,0.0,0.0,0.0,3682863
downwards_rotate,downwards_sensor_sweep_120-20260625-124815,TesolloDownwardsRotateZ,TesolloDownwardsRotateZ-20260626-053300-downwardsrotatez_sb_propriotarget_s0,proprio.target,0,2,2,0.1,0.0,0.0,0.0,0.0,0.0,0.0,3682863
downwards_rotate,downwards_sensor_sweep_120-20260625-124815,TesolloDownwardsRotateZ,TesolloDownwardsRotateZ-20260626-053300-downwardsrotatez_sb_propriotarget_s0,proprio.target,0,2,3,0.15,0.0,0.0,1.91645,0.0,0.0,1.91645,3682863
downwards_rotate,downwards_sensor_sweep_120-20260625-124815,TesolloDownwardsRotateZ,TesolloDownwardsRotateZ-20260626-053300-downwardsrotatez_sb_propriotarget_s0,proprio.target,0,2,4,0.2,0.0,0.0,0.0,0.0,1.94371,1.94371,3682863
downwards_rotate,downwards_sensor_sweep_120-20260625-124815,TesolloDownwardsRotateZ,TesolloDownwardsRotateZ-20260626-053300-downwardsrotatez_sb_propriotarget_s0,proprio.target,0,2,5,0.25,0.0,0.0,0.65869,0.0,1.43561,2.0943,3682863
downwards_rotate,downwards_sensor_sweep_120-20260625-124815,TesolloDownwardsRotateZ,TesolloDownwardsRotateZ-20260626-053300-downwardsrotatez_sb_propriotarget_s0,proprio.target,0,2,6,0.3,0.61645,0.0,0.0,0.0,0.0,0.61645,3682863
downwards_rotate,downwards_sensor_sweep_120-20260625-124815,TesolloDownwardsRotateZ,TesolloDownwardsRotateZ-20260626-053300-downwardsrotatez_sb_propriotarget_s0,proprio.target,0,2,7,0.35,4.24803,0.0,0.0,1.94807,1.02029,7.21639,3682863
downwards_rotate,downwards_sensor_sweep_120-20260625-124815,TesolloDownwardsRotateZ,TesolloDownwardsRotateZ-20260626-053300-downwardsrotatez_sb_propriotarget_s0,proprio.target,0,2,8,0.4,4.06749,0.0,2.46281,1.8206,0.0,8.3509,3682863
downwards_rotate,downwards_sensor_sweep_120-20260625-124815,TesolloDownwardsRotateZ,TesolloDownwardsRotateZ-20260626-053300-downwardsrotatez_sb_propriotarget_s0,proprio.target,0,2,9,0.45,4.17109,0.0,2.47711,1.68061,0.0,8.32881,3682863
downwards_rotate,downwards_sensor_sweep_120-20260625-124815,TesolloDownwardsRotateZ,TesolloDownwardsRotateZ-20260626-053300-downwardsrotatez_sb_propriotarget_s0,proprio.target,0,2,10,0.5,4.1873,0.0,2.56046,1.61628,0.0,8.36404,3682863
downwards_rotate,downwards_sensor_sweep_120-20260625-124815,TesolloDownwardsRotateZ,TesolloDownwardsRotateZ-20260626-053300-downwardsrotatez_sb_propriotarget_s0,proprio.target,0,2,11,0.55,4.03837,0.0,1.98042,2.08833,0.0,8.10713,3682863
downwards_rotate,downwards_sensor_sweep_120-20260625-124815,TesolloDownwardsRotateZ,TesolloDownwardsRotateZ-20260626-053300-downwardsrotatez_sb_propriotarget_s0,proprio.target,0,2,12,0.6,3.29104,0.0,2.23969,2.03568,0.0,7.56641,3682863
downwards_rotate,downwards_sensor_sweep_120-20260625-124815,TesolloDownwardsRotateZ,TesolloDownwardsRotateZ-20260626-053300-downwardsrotatez_sb_propriotarget_s0,proprio.target,0,2,13,0.65,3.5486,0.0,1.47558,2.07593,0.0,7.1001,3682863
downwards_rotate,downwards_sensor_sweep_120-20260625-124815,TesolloDownwardsRotateZ,TesolloDownwardsRotateZ-20260626-053300-downwardsrotatez_sb_propriotarget_s0,proprio.target,0,2,14,0.7,2.84874,0.0,0.0,2.67526,0.0,5.524,3682863
downwards_rotate,downwards_sensor_sweep_120-20260625-124815,TesolloDownwardsRotateZ,TesolloDownwardsRotateZ-20260626-053300-downwardsrotatez_sb_propriotarget_s0,proprio.target,0,2,15,0.75,3.18952,0.0,0.0,2.84513,0.0,6.03465,3682863
downwards_rotate,downwards_sensor_sweep_120-20260625-124815,TesolloDownwardsRotateZ,TesolloDownwardsRotateZ-20260626-053300-downwardsrotatez_sb_propriotarget_s0,proprio.target,0,2,16,0.8,3.7738,0.0,0.0,2.57436,0.0,6.34816,3682863
downwards_rotate,downwards_sensor_sweep_120-20260625-124815,TesolloDownwardsRotateZ,TesolloDownwardsRotateZ-20260626-053300-downwardsrotatez_sb_propriotarget_s0,proprio.target,0,2,17,0.85,2.53793,0.0,0.0,2.67433,0.0,5.21226,3682863
downwards_rotate,downwards_sensor_sweep_120-20260625-124815,TesolloDownwardsRotateZ,TesolloDownwardsRotateZ-20260626-053300-downwardsrotatez_sb_propriotarget_s0,proprio.target,0,2,18,0.9,2.33503,0.0,0.0,2.36877,0.0,4.7038,3682863
downwards_rotate,downwards_sensor_sweep_120-20260625-124815,TesolloDownwardsRotateZ,TesolloDownwardsRotateZ-20260626-053300-downwardsrotatez_sb_propriotarget_s0,proprio.target,0,2,19,0.95,1.9609,0.0,0.0,1.51601,0.0,3.47691,3682863
downwards_rotate,downwards_sensor_sweep_120-20260625-124815,TesolloDownwardsRotateZ,TesolloDownwardsRotateZ-20260626-053300-downwardsrotatez_sb_propriotarget_s0,proprio.target,0,2,20,1.0,2.76345,0.0,0.0,1.9075,0.0,4.67094,3682863
downwards_rotate,downwards_sensor_sweep_120-20260625-124815,TesolloDownwardsRotateZ,TesolloDownwardsRotateZ-20260626-053300-downwardsrotatez_sb_propriotarget_s0,proprio.target,0,2,21,1.05,0.0,0.0,0.0,2.67928,0.0,2.67928,3682863
downwards_rotate,downwards_sensor_sweep_120-20260625-124815,TesolloDownwardsRotateZ,TesolloDownwardsRotateZ-20260626-053300-downwardsrotatez_sb_propriotarget_s0,proprio.target,0,2,22,1.1,0.0,0.0,0.0,3.18495,0.0,3.18495,3682863
downwards_rotate,downwards_sensor_sweep_120-20260625-124815,TesolloDownwardsRotateZ,TesolloDownwardsRotateZ-20260626-053300-downwardsrotatez_sb_propriotarget_s0,proprio.target,0,2,23,1.15,0.0,0.0,0.0,2.16641,0.0,2.16641,3682863
downwards_rotate,downwards_sensor_sweep_120-20260625-124815,TesolloDownwardsRotateZ,TesolloDownwardsRotateZ-20260626-053300-downwardsrotatez_sb_propriotarget_s0,proprio.target,0,2,24,1.2,0.0,0.0,0.0,2.48039,0.0,2.48039,3682863
downwards_rotate,downwards_sensor_sweep_120-20260625-124815,TesolloDownwardsRotateZ,TesolloDownwardsRotateZ-20260626-053300-downwardsrotatez_sb_propriotarget_s0,proprio.target,0,2,25,1.25,0.0,0.0,0.0,2.19697,0.0,2.19697,3682863
downwards_rotate,downwards_sensor_sweep_120-20260625-124815,TesolloDownwardsRotateZ,TesolloDownwardsRotateZ-20260626-053300-downwardsrotatez_sb_propriotarget_s0,proprio.target,0,2,26,1.3,0.0,0.0,0.0,2.09569,0.0,2.09569,3682863
downwards_rotate,downwards_sensor_sweep_120-20260625-124815,TesolloDownwardsRotateZ,TesolloDownwardsRotateZ-20260626-053300-downwardsrotatez_sb_propriotarget_s0,proprio.target,0,2,27,1.35,0.0,0.0,0.0,1.88909,0.0,1.88909,3682863
downwards_rotate,downwards_sensor_sweep_120-20260625-124815,TesolloDownwardsRotateZ,TesolloDownwardsRotateZ-20260626-053300-downwardsrotatez_sb_propriotarget_s0,proprio.target,0,2,28,1.4,0.0,0.0,0.0,1.71645,0.0,1.71645,3682863
downwards_rotate,downwards_sensor_sweep_120-20260625-124815,TesolloDownwardsRotateZ,TesolloDownwardsRotateZ-20260626-053300-downwardsrotatez_sb_propriotarget_s0,proprio.target,0,2,29,1.45,0.0,0.0,0.0,1.85279,0.0,1.85279,3682863
downwards_rotate,downwards_sensor_sweep_120-20260625-124815,TesolloDownwardsRotateZ,TesolloDownwardsRotateZ-20260626-053300-downwardsrotatez_sb_propriotarget_s0,proprio.target,0,2,30,1.5,0.0,0.14491,0.0,1.96313,0.0,2.10804,3682863
downwards_rotate,downwards_sensor_sweep_120-20260625-124815,TesolloDownwardsRotateZ,TesolloDownwardsRotateZ-20260626-053300-downwardsrotatez_sb_propriotarget_s0,proprio.target,0,2,31,1.55,0.0,0.18548,0.0,1.80488,0.0,1.99036,3682863
downwards_rotate,downwards_sensor_sweep_120-20260625-124815,TesolloDownwardsRotateZ,TesolloDownwardsRotateZ-20260626-053300-downwardsrotatez_sb_propriotarget_s0,proprio.target,0,2,32,1.6,0.0,0.21301,0.0,1.72191,0.0,1.93492,3682863
downwards_rotate,downwards_sensor_sweep_120-20260625-124815,TesolloDownwardsRotateZ,TesolloDownwardsRotateZ-20260626-053300-downwardsrotatez_sb_propriotarget_s0,proprio.target,0,2,33,1.65,0.0,0.22767,0.0,1.697,0.0,1.92467,3682863
downwards_rotate,downwards_sensor_sweep_120-20260625-124815,TesolloDownwardsRotateZ,TesolloDownwardsRotateZ-20260626-053300-downwardsrotatez_sb_propriotarget_s0,proprio.target,0,2,34,1.7,0.0,0.19051,0.0,1.67676,0.0,1.86727,3682863
downwards_rotate,downwards_sensor_sweep_120-20260625-124815,TesolloDownwardsRotateZ,TesolloDownwardsRotateZ-20260626-053300-downwardsrotatez_sb_propriotarget_s0,proprio.target,0,2,35,1.75,0.0,0.16739,0.0,1.67734,0.0,1.84472,3682863
downwards_rotate,downwards_sensor_sweep_120-20260625-124815,TesolloDownwardsRotateZ,TesolloDownwardsRotateZ-20260626-053300-downwardsrotatez_sb_propriotarget_s0,proprio.target,0,2,36,1.8,0.0,0.0,0.0,1.64729,0.0,1.64729,3682863
downwards_rotate,downwards_sensor_sweep_120-20260625-124815,TesolloDownwardsRotateZ,TesolloDownwardsRotateZ-20260626-053300-downwardsrotatez_sb_propriotarget_s0,proprio.target,0,2,37,1.85,0.0,0.0,0.0,1.68813,0.0,1.68813,3682863
downwards_rotate,downwards_sensor_sweep_120-20260625-124815,TesolloDownwardsRotateZ,TesolloDownwardsRotateZ-20260626-053300-downwardsrotatez_sb_propriotarget_s0,proprio.target,0,2,38,1.9,0.0,0.0,0.0,1.65862,0.0,1.65862,3682863
downwards_rotate,downwards_sensor_sweep_120-20260625-124815,TesolloDownwardsRotateZ,TesolloDownwardsRotateZ-20260626-053300-downwardsrotatez_sb_propriotarget_s0,proprio.target,0,2,39,1.95,0.0,0.0,0.0,1.66789,0.0,1.66789,3682863
downwards_rotate,downwards_sensor_sweep_120-20260625-124815,TesolloDownwardsRotateZ,TesolloDownwardsRotateZ-20260626-053300-downwardsrotatez_sb_propriotarget_s0,proprio.target,0,2,40,2.0,0.0,0.0,0.0,1.67244,0.0,1.67244,3682863
downwards_rotate,downwards_sensor_sweep_120-20260625-124815,TesolloDownwardsRotateZ,TesolloDownwardsRotateZ-20260626-053300-downwardsrotatez_sb_propriotarget_s0,proprio.target,0,2,41,2.05,0.0,0.0,0.0,1.67369,0.0,1.67369,3682863
downwards_rotate,downwards_sensor_sweep_120-20260625-124815,TesolloDownwardsRotateZ,TesolloDownwardsRotateZ-20260626-053300-downwardsrotatez_sb_propriotarget_s0,proprio.target,0,2,42,2.1,0.0,0.0,0.0,1.68249,0.0,1.68249,3682863
downwards_rotate,downwards_sensor_sweep_120-20260625-124815,TesolloDownwardsRotateZ,TesolloDownwardsRotateZ-20260626-053300-downwardsrotatez_sb_propriotarget_s0,proprio.target,0,2,43,2.15,0.0,0.0,0.0,1.69583,0.0,1.69583,3682863
downwards_rotate,downwards_sensor_sweep_120-20260625-124815,TesolloDownwardsRotateZ,TesolloDownwardsRotateZ-20260626-053300-downwardsrotatez_sb_propriotarget_s0,proprio.target,0,2,44,2.2,0.0,0.10498,0.0,1.73006,0.0,1.83504,3682863
downwards_rotate,downwards_sensor_sweep_120-20260625-124815,TesolloDownwardsRotateZ,TesolloDownwardsRotateZ-20260626-053300-downwardsrotatez_sb_propriotarget_s0,proprio.target,0,2,45,2.25,0.0,0.14809,0.0,1.73084,0.0,1.87893,3682863
downwards_rotate,downwards_sensor_sweep_120-20260625-124815,TesolloDownwardsRotateZ,TesolloDownwardsRotateZ-20260626-053300-downwardsrotatez_sb_propriotarget_s0,proprio.target,0,2,46,2.3,0.0,0.16504,0.0,1.73966,0.0,1.9047,3682863
downwards_rotate,downwards_sensor_sweep_120-20260625-124815,TesolloDownwardsRotateZ,TesolloDownwardsRotateZ-20260626-053300-downwardsrotatez_sb_propriotarget_s0,proprio.target,0,2,47,2.35,0.0,0.18424,0.0,1.74109,0.0,1.92533,3682863
downwards_rotate,downwards_sensor_sweep_120-20260625-124815,TesolloDownwardsRotateZ,TesolloDownwardsRotateZ-20260626-053300-downwardsrotatez_sb_propriotarget_s0,proprio.target,0,2,48,2.4,0.0,0.18974,0.0,1.75661,0.0,1.94634,3682863
downwards_rotate,downwards_sensor_sweep_120-20260625-124815,TesolloDownwardsRotateZ,TesolloDownwardsRotateZ-20260626-053300-downwardsrotatez_sb_propriotarget_s0,proprio.target,0,2,49,2.45,0.0,0.18178,0.0,1.77135,0.0,1.95313,3682863
downwards_rotate,downwards_sensor_sweep_120-20260625-124815,TesolloDownwardsRotateZ,TesolloDownwardsRotateZ-20260626-053300-downwardsrotatez_sb_propriotarget_s0,proprio.target,0,2,50,2.5,0.0,0.0,0.0,1.75746,0.0,1.75746,3682863
downwards_rotate,downwards_sensor_sweep_120-20260625-124815,TesolloDownwardsRotateZ,TesolloDownwardsRotateZ-20260626-053300-downwardsrotatez_sb_propriotarget_s0,proprio.target,0,2,51,2.55,0.0,0.0,0.0,1.80975,0.0,1.80975,3682863
downwards_rotate,downwards_sensor_sweep_120-20260625-124815,TesolloDownwardsRotateZ,TesolloDownwardsRotateZ-20260626-053300-downwardsrotatez_sb_propriotarget_s0,proprio.target,0,2,52,2.6,0.0,0.0,0.0,1.81472,0.0,1.81472,3682863
downwards_rotate,downwards_sensor_sweep_120-20260625-124815,TesolloDownwardsRotateZ,TesolloDownwardsRotateZ-20260626-053300-downwardsrotatez_sb_propriotarget_s0,proprio.target,0,2,53,2.65,0.0,0.15133,0.0,1.84971,0.0,2.00104,3682863
downwards_rotate,downwards_sensor_sweep_120-20260625-124815,TesolloDownwardsRotateZ,TesolloDownwardsRotateZ-20260626-053300-downwardsrotatez_sb_propriotarget_s0,proprio.target,0,2,54,2.7,0.0,0.16696,0.0,1.84564,0.0,2.0126,3682863
downwards_rotate,downwards_sensor_sweep_120-20260625-124815,TesolloDownwardsRotateZ,TesolloDownwardsRotateZ-20260626-053300-downwardsrotatez_sb_propriotarget_s0,proprio.target,0,2,55,2.75,0.0,0.16755,0.0,1.85336,0.0,2.02092,3682863
downwards_rotate,downwards_sensor_sweep_120-20260625-124815,TesolloDownwardsRotateZ,TesolloDownwardsRotateZ-20260626-053300-downwardsrotatez_sb_propriotarget_s0,proprio.target,0,2,56,2.8,0.0,0.17212,0.0,1.85777,0.0,2.02989,3682863
downwards_rotate,downwards_sensor_sweep_120-20260625-124815,TesolloDownwardsRotateZ,TesolloDownwardsRotateZ-20260626-053300-downwardsrotatez_sb_propriotarget_s0,proprio.target,0,2,57,2.85,0.0,0.1849,0.0,1.85792,0.0,2.04282,3682863
downwards_rotate,downwards_sensor_sweep_120-20260625-124815,TesolloDownwardsRotateZ,TesolloDownwardsRotateZ-20260626-053300-downwardsrotatez_sb_propriotarget_s0,proprio.target,0,2,58,2.9,0.0,0.18247,0.0,1.86326,0.0,2.04573,3682863
downwards_rotate,downwards_sensor_sweep_120-20260625-124815,TesolloDownwardsRotateZ,TesolloDownwardsRotateZ-20260626-053300-downwardsrotatez_sb_propriotarget_s0,proprio.target,0,2,59,2.95,0.0,0.18123,0.0,1.86906,0.0,2.05029,3682863
downwards_rotate,downwards_sensor_sweep_120-20260625-124815,TesolloDownwardsRotateZ,TesolloDownwardsRotateZ-20260626-053300-downwardsrotatez_sb_propriotarget_s0,proprio.target,0,2,60,3.0,0.0,0.18087,0.0,1.87431,0.0,2.05519,3682863
downwards_rotate,downwards_sensor_sweep_120-20260625-124815,TesolloDownwardsRotateZ,TesolloDownwardsRotateZ-20260626-053300-downwardsrotatez_sb_propriotarget_s0,proprio.target,0,2,61,3.05,0.0,0.18041,0.0,1.87997,0.0,2.06038,3682863
downwards_rotate,downwards_sensor_sweep_120-20260625-124815,TesolloDownwardsRotateZ,TesolloDownwardsRotateZ-20260626-053300-downwardsrotatez_sb_propriotarget_s0,proprio.target,0,2,62,3.1,0.0,0.18005,0.0,1.88586,0.0,2.06591,3682863
downwards_rotate,downwards_sensor_sweep_120-20260625-124815,TesolloDownwardsRotateZ,TesolloDownwardsRotateZ-20260626-053300-downwardsrotatez_sb_propriotarget_s0,proprio.target,0,2,63,3.15,0.0,0.18012,0.0,1.89231,0.0,2.07243,3682863
downwards_rotate,downwards_sensor_sweep_120-20260625-124815,TesolloDownwardsRotateZ,TesolloDownwardsRotateZ-20260626-053300-downwardsrotatez_sb_propriotarget_s0,proprio.target,0,2,64,3.2,0.0,0.1797,0.0,1.89872,0.0,2.07842,3682863
downwards_rotate,downwards_sensor_sweep_120-20260625-124815,TesolloDownwardsRotateZ,TesolloDownwardsRotateZ-20260626-053300-downwardsrotatez_sb_propriotarget_s0,proprio.target,0,2,65,3.25,0.0,0.18001,0.0,1.9047,0.0,2.08471,3682863
downwards_rotate,downwards_sensor_sweep_120-20260625-124815,TesolloDownwardsRotateZ,TesolloDownwardsRotateZ-20260626-053300-downwardsrotatez_sb_propriotarget_s0,proprio.target,0,2,66,3.3,0.0,0.18002,0.0,1.91097,0.0,2.09099,3682863
downwards_rotate,downwards_sensor_sweep_120-20260625-124815,TesolloDownwardsRotateZ,TesolloDownwardsRotateZ-20260626-053300-downwardsrotatez_sb_propriotarget_s0,proprio.target,0,2,67,3.35,0.0,0.17981,0.0,1.91722,0.0,2.09704,3682863
downwards_rotate,downwards_sensor_sweep_120-20260625-124815,TesolloDownwardsRotateZ,TesolloDownwardsRotateZ-20260626-053300-downwardsrotatez_sb_propriotarget_s0,proprio.target,0,2,68,3.4,0.0,0.17951,0.0,1.92371,0.0,2.10322,3682863
downwards_rotate,downwards_sensor_sweep_120-20260625-124815,TesolloDownwardsRotateZ,TesolloDownwardsRotateZ-20260626-053300-downwardsrotatez_sb_propriotarget_s0,proprio.target,0,2,69,3.45,0.0,0.17963,0.0,1.93025,0.0,2.10989,3682863
downwards_rotate,downwards_sensor_sweep_120-20260625-124815,TesolloDownwardsRotateZ,TesolloDownwardsRotateZ-20260626-053300-downwardsrotatez_sb_propriotarget_s0,proprio.target,0,2,70,3.5,0.0,0.17469,0.0,1.99438,0.0,2.16906,3682863
downwards_rotate,downwards_sensor_sweep_120-20260625-124815,TesolloDownwardsRotateZ,TesolloDownwardsRotateZ-20260626-053300-downwardsrotatez_sb_propriotarget_s0,proprio.target,0,2,71,3.55,0.0,0.17781,0.0,2.01924,0.0,2.19705,3682863
downwards_rotate,downwards_sensor_sweep_120-20260625-124815,TesolloDownwardsRotateZ,TesolloDownwardsRotateZ-20260626-053300-downwardsrotatez_sb_propriotarget_s0,proprio.target,0,2,72,3.6,0.0,0.16627,0.0,2.05063,0.0,2.21689,3682863
downwards_rotate,downwards_sensor_sweep_120-20260625-124815,TesolloDownwardsRotateZ,TesolloDownwardsRotateZ-20260626-053300-downwardsrotatez_sb_propriotarget_s0,proprio.target,0,2,73,3.65,0.0,0.16894,0.0,2.07203,0.0,2.24097,3682863
downwards_rotate,downwards_sensor_sweep_120-20260625-124815,TesolloDownwardsRotateZ,TesolloDownwardsRotateZ-20260626-053300-downwardsrotatez_sb_propriotarget_s0,proprio.target,0,2,74,3.7,0.0,0.16068,0.0,2.08521,0.0,2.24589,3682863
downwards_rotate,downwards_sensor_sweep_120-20260625-124815,TesolloDownwardsRotateZ,TesolloDownwardsRotateZ-20260626-053300-downwardsrotatez_sb_propriotarget_s0,proprio.target,0,2,75,3.75,0.0,0.16368,0.0,2.09398,0.0,2.25767,3682863
downwards_rotate,downwards_sensor_sweep_120-20260625-124815,TesolloDownwardsRotateZ,TesolloDownwardsRotateZ-20260626-053300-downwardsrotatez_sb_propriotarget_s0,proprio.target,0,2,76,3.8,0.0,0.0,0.0,2.10975,0.0,2.10975,3682863
downwards_rotate,downwards_sensor_sweep_120-20260625-124815,TesolloDownwardsRotateZ,TesolloDownwardsRotateZ-20260626-053300-downwardsrotatez_sb_propriotarget_s0,proprio.target,0,2,77,3.85,0.0,0.14655,0.0,2.11905,0.0,2.2656,3682863
downwards_rotate,downwards_sensor_sweep_120-20260625-124815,TesolloDownwardsRotateZ,TesolloDownwardsRotateZ-20260626-053300-downwardsrotatez_sb_propriotarget_s0,proprio.target,0,2,78,3.9,0.0,0.15851,0.0,2.12527,0.0,2.28378,3682863
downwards_rotate,downwards_sensor_sweep_120-20260625-124815,TesolloDownwardsRotateZ,TesolloDownwardsRotateZ-20260626-053300-downwardsrotatez_sb_propriotarget_s0,proprio.target,0,2,79,3.95,0.0,0.16539,0.0,2.13513,0.0,2.30052,3682863
downwards_rotate,downwards_sensor_sweep_120-20260625-124815,TesolloDownwardsRotateZ,TesolloDownwardsRotateZ-20260626-053300-downwardsrotatez_sb_propriotarget_s0,proprio.target,0,2,80,4.0,0.0,0.17265,0.0,2.13906,0.0,2.31171,3682863
downwards_rotate,downwards_sensor_sweep_120-20260625-124815,TesolloDownwardsRotateZ,TesolloDownwardsRotateZ-20260626-053300-downwardsrotatez_sb_propriotarget_s0,proprio.target,0,2,81,4.05,0.0,0.17954,0.0,2.14048,0.0,2.32002,3682863
downwards_rotate,downwards_sensor_sweep_120-20260625-124815,TesolloDownwardsRotateZ,TesolloDownwardsRotateZ-20260626-053300-downwardsrotatez_sb_propriotarget_s0,proprio.target,0,2,82,4.1,0.0,0.18542,0.0,2.14035,0.0,2.32577,3682863
downwards_rotate,downwards_sensor_sweep_120-20260625-124815,TesolloDownwardsRotateZ,TesolloDownwardsRotateZ-20260626-053300-downwardsrotatez_sb_propriotarget_s0,proprio.target,0,2,83,4.15,0.0,0.18999,0.0,2.13821,0.0,2.32821,3682863
downwards_rotate,downwards_sensor_sweep_120-20260625-124815,TesolloDownwardsRotateZ,TesolloDownwardsRotateZ-20260626-053300-downwardsrotatez_sb_propriotarget_s0,proprio.target,0,2,84,4.2,0.0,0.19357,0.0,2.13747,0.0,2.33104,3682863
downwards_rotate,downwards_sensor_sweep_120-20260625-124815,TesolloDownwardsRotateZ,TesolloDownwardsRotateZ-20260626-053300-downwardsrotatez_sb_propriotarget_s0,proprio.target,0,2,85,4.25,0.0,0.19685,0.0,2.13649,0.0,2.33334,3682863
downwards_rotate,downwards_sensor_sweep_120-20260625-124815,TesolloDownwardsRotateZ,TesolloDownwardsRotateZ-20260626-053300-downwardsrotatez_sb_propriotarget_s0,proprio.target,0,2,86,4.3,0.0,0.20032,0.0,2.13498,0.0,2.3353,3682863
downwards_rotate,downwards_sensor_sweep_120-20260625-124815,TesolloDownwardsRotateZ,TesolloDownwardsRotateZ-20260626-053300-downwardsrotatez_sb_propriotarget_s0,proprio.target,0,2,87,4.35,0.0,0.20254,0.0,2.13565,0.0,2.33819,3682863
downwards_rotate,downwards_sensor_sweep_120-20260625-124815,TesolloDownwardsRotateZ,TesolloDownwardsRotateZ-20260626-053300-downwardsrotatez_sb_propriotarget_s0,proprio.target,0,2,88,4.4,0.0,0.20494,0.0,2.1359,0.0,2.34084,3682863
downwards_rotate,downwards_sensor_sweep_120-20260625-124815,TesolloDownwardsRotateZ,TesolloDownwardsRotateZ-20260626-053300-downwardsrotatez_sb_propriotarget_s0,proprio.target,0,2,89,4.45,0.0,0.20714,0.0,2.13649,0.0,2.34364,3682863
downwards_rotate,downwards_sensor_sweep_120-20260625-124815,TesolloDownwardsRotateZ,TesolloDownwardsRotateZ-20260626-053300-downwardsrotatez_sb_propriotarget_s0,proprio.target,0,2,90,4.5,0.0,0.20908,0.0,2.13785,0.0,2.34693,3682863
downwards_rotate,downwards_sensor_sweep_120-20260625-124815,TesolloDownwardsRotateZ,TesolloDownwardsRotateZ-20260626-053300-downwardsrotatez_sb_propriotarget_s0,proprio.target,0,2,91,4.55,0.0,0.21113,0.0,2.13931,0.0,2.35044,3682863
downwards_rotate,downwards_sensor_sweep_120-20260625-124815,TesolloDownwardsRotateZ,TesolloDownwardsRotateZ-20260626-053300-downwardsrotatez_sb_propriotarget_s0,proprio.target,0,2,92,4.6,0.0,0.21282,0.0,2.14129,0.0,2.35411,3682863
downwards_rotate,downwards_sensor_sweep_120-20260625-124815,TesolloDownwardsRotateZ,TesolloDownwardsRotateZ-20260626-053300-downwardsrotatez_sb_propriotarget_s0,proprio.target,0,2,93,4.65,0.0,0.21442,0.0,2.14355,0.0,2.35797,3682863
downwards_rotate,downwards_sensor_sweep_120-20260625-124815,TesolloDownwardsRotateZ,TesolloDownwardsRotateZ-20260626-053300-downwardsrotatez_sb_propriotarget_s0,proprio.target,0,2,94,4.7,0.0,0.21567,0.0,2.14621,0.0,2.36187,3682863
downwards_rotate,downwards_sensor_sweep_120-20260625-124815,TesolloDownwardsRotateZ,TesolloDownwardsRotateZ-20260626-053300-downwardsrotatez_sb_propriotarget_s0,proprio.target,0,2,95,4.75,0.0,0.21734,0.0,2.14911,0.0,2.36646,3682863
downwards_rotate,downwards_sensor_sweep_120-20260625-124815,TesolloDownwardsRotateZ,TesolloDownwardsRotateZ-20260626-053300-downwardsrotatez_sb_propriotarget_s0,proprio.target,0,2,96,4.8,0.0,0.21856,0.0,2.15245,0.0,2.37102,3682863
downwards_rotate,downwards_sensor_sweep_120-20260625-124815,TesolloDownwardsRotateZ,TesolloDownwardsRotateZ-20260626-053300-downwardsrotatez_sb_propriotarget_s0,proprio.target,0,2,97,4.85,0.0,0.21954,0.0,2.15542,0.0,2.37497,3682863
downwards_rotate,downwards_sensor_sweep_120-20260625-124815,TesolloDownwardsRotateZ,TesolloDownwardsRotateZ-20260626-053300-downwardsrotatez_sb_propriotarget_s0,proprio.target,0,2,98,4.9,0.0,0.22079,0.0,2.15863,0.0,2.37943,3682863
downwards_rotate,downwards_sensor_sweep_120-20260625-124815,TesolloDownwardsRotateZ,TesolloDownwardsRotateZ-20260626-053300-downwardsrotatez_sb_propriotarget_s0,proprio.target,0,2,99,4.95,0.0,0.22191,0.0,2.16231,0.0,2.38422,3682863
downwards_rotate,downwards_sensor_sweep_120-20260625-124815,TesolloDownwardsRotateZ,TesolloDownwardsRotateZ-20260626-053300-downwardsrotatez_sb_propriotarget_s0,proprio.target,0,2,100,5.0,0.0,0.22273,0.0,2.16575,0.0,2.38848,3682863
downwards_rotate,downwards_sensor_sweep_120-20260625-124815,TesolloDownwardsRotateZ,TesolloDownwardsRotateZ-20260626-053300-downwardsrotatez_sb_propriotarget_s0,proprio.target,0,2,101,5.05,0.0,0.22312,0.0,2.16928,0.0,2.3924,3682863
downwards_rotate,downwards_sensor_sweep_120-20260625-124815,TesolloDownwardsRotateZ,TesolloDownwardsRotateZ-20260626-053300-downwardsrotatez_sb_propriotarget_s0,proprio.target,0,2,102,5.1,0.0,0.22365,0.0,2.17285,0.0,2.3965,3682863
downwards_rotate,downwards_sensor_sweep_120-20260625-124815,TesolloDownwardsRotateZ,TesolloDownwardsRotateZ-20260626-053300-downwardsrotatez_sb_propriotarget_s0,proprio.target,0,2,103,5.15,0.0,0.2238,0.0,2.17644,0.0,2.40023,3682863
downwards_rotate,downwards_sensor_sweep_120-20260625-124815,TesolloDownwardsRotateZ,TesolloDownwardsRotateZ-20260626-053300-downwardsrotatez_sb_propriotarget_s0,proprio.target,0,2,104,5.2,0.0,0.22413,0.0,2.18012,0.0,2.40425,3682863
downwards_rotate,downwards_sensor_sweep_120-20260625-124815,TesolloDownwardsRotateZ,TesolloDownwardsRotateZ-20260626-053300-downwardsrotatez_sb_propriotarget_s0,proprio.target,0,2,105,5.25,0.0,0.22435,0.0,2.18364,0.0,2.408,3682863
downwards_rotate,downwards_sensor_sweep_120-20260625-124815,TesolloDownwardsRotateZ,TesolloDownwardsRotateZ-20260626-053300-downwardsrotatez_sb_propriotarget_s0,proprio.target,0,2,106,5.3,0.0,0.22418,0.0,2.18733,0.0,2.41151,3682863
downwards_rotate,downwards_sensor_sweep_120-20260625-124815,TesolloDownwardsRotateZ,TesolloDownwardsRotateZ-20260626-053300-downwardsrotatez_sb_propriotarget_s0,proprio.target,0,2,107,5.35,0.0,0.22448,0.0,2.19137,0.0,2.41584,3682863
downwards_rotate,downwards_sensor_sweep_120-20260625-124815,TesolloDownwardsRotateZ,TesolloDownwardsRotateZ-20260626-053300-downwardsrotatez_sb_propriotarget_s0,proprio.target,0,2,108,5.4,0.0,0.22441,0.0,2.19493,0.0,2.41934,3682863
downwards_rotate,downwards_sensor_sweep_120-20260625-124815,TesolloDownwardsRotateZ,TesolloDownwardsRotateZ-20260626-053300-downwardsrotatez_sb_propriotarget_s0,proprio.target,0,2,109,5.45,0.0,0.22495,0.0,2.19911,0.0,2.42405,3682863
downwards_rotate,downwards_sensor_sweep_120-20260625-124815,TesolloDownwardsRotateZ,TesolloDownwardsRotateZ-20260626-053300-downwardsrotatez_sb_propriotarget_s0,proprio.target,0,2,110,5.5,0.0,0.22511,0.0,2.20312,0.0,2.42823,3682863
downwards_rotate,downwards_sensor_sweep_120-20260625-124815,TesolloDownwardsRotateZ,TesolloDownwardsRotateZ-20260626-053300-downwardsrotatez_sb_propriotarget_s0,proprio.target,0,2,111,5.55,0.0,0.22533,0.0,2.20738,0.0,2.43271,3682863
downwards_rotate,downwards_sensor_sweep_120-20260625-124815,TesolloDownwardsRotateZ,TesolloDownwardsRotateZ-20260626-053300-downwardsrotatez_sb_propriotarget_s0,proprio.target,0,2,112,5.6,0.0,0.22544,0.0,2.21146,0.0,2.43691,3682863
downwards_rotate,downwards_sensor_sweep_120-20260625-124815,TesolloDownwardsRotateZ,TesolloDownwardsRotateZ-20260626-053300-downwardsrotatez_sb_propriotarget_s0,proprio.target,0,2,113,5.65,0.0,0.23136,0.0,2.20763,0.0,2.43899,3682863
downwards_rotate,downwards_sensor_sweep_120-20260625-124815,TesolloDownwardsRotateZ,TesolloDownwardsRotateZ-20260626-053300-downwardsrotatez_sb_propriotarget_s0,proprio.target,0,2,114,5.7,0.0,0.23749,0.0,2.20257,0.0,2.44006,3682863
downwards_rotate,downwards_sensor_sweep_120-20260625-124815,TesolloDownwardsRotateZ,TesolloDownwardsRotateZ-20260626-053300-downwardsrotatez_sb_propriotarget_s0,proprio.target,0,2,115,5.75,0.0,0.24236,0.0,2.19861,0.0,2.44097,3682863
downwards_rotate,downwards_sensor_sweep_120-20260625-124815,TesolloDownwardsRotateZ,TesolloDownwardsRotateZ-20260626-053300-downwardsrotatez_sb_propriotarget_s0,proprio.target,0,2,116,5.8,0.0,0.24661,0.0,2.19373,0.0,2.44035,3682863
downwards_rotate,downwards_sensor_sweep_120-20260625-124815,TesolloDownwardsRotateZ,TesolloDownwardsRotateZ-20260626-053300-downwardsrotatez_sb_propriotarget_s0,proprio.target,0,2,117,5.85,0.0,0.2502,0.0,2.18857,0.0,2.43877,3682863
downwards_rotate,downwards_sensor_sweep_120-20260625-124815,TesolloDownwardsRotateZ,TesolloDownwardsRotateZ-20260626-053300-downwardsrotatez_sb_propriotarget_s0,proprio.target,0,2,118,5.9,0.0,0.25311,0.0,2.18446,0.0,2.43758,3682863
downwards_rotate,downwards_sensor_sweep_120-20260625-124815,TesolloDownwardsRotateZ,TesolloDownwardsRotateZ-20260626-053300-downwardsrotatez_sb_propriotarget_s0,proprio.target,0,2,119,5.95,0.0,0.25536,0.0,2.18049,0.0,2.43585,3682863
downwards_rotate,downwards_sensor_sweep_120-20260625-124815,TesolloDownwardsRotateZ,TesolloDownwardsRotateZ-20260626-053300-downwardsrotatez_sb_propriotarget_s0,proprio.target,0,3,0,0.0,0.0,0.0,0.0,0.0,0.0,0.0,3682863
downwards_rotate,downwards_sensor_sweep_120-20260625-124815,TesolloDownwardsRotateZ,TesolloDownwardsRotateZ-20260626-053300-downwardsrotatez_sb_propriotarget_s0,proprio.target,0,3,1,0.05,0.0,0.0,0.0,0.0,0.0,0.0,3682863
downwards_rotate,downwards_sensor_sweep_120-20260625-124815,TesolloDownwardsRotateZ,TesolloDownwardsRotateZ-20260626-053300-downwardsrotatez_sb_propriotarget_s0,proprio.target,0,3,2,0.1,0.0,0.0,0.0,0.0,3.25091,3.25091,3682863
downwards_rotate,downwards_sensor_sweep_120-20260625-124815,TesolloDownwardsRotateZ,TesolloDownwardsRotateZ-20260626-053300-downwardsrotatez_sb_propriotarget_s0,proprio.target,0,3,3,0.15,2.66171,0.0,0.0,0.0,0.0,2.66171,3682863
downwards_rotate,downwards_sensor_sweep_120-20260625-124815,TesolloDownwardsRotateZ,TesolloDownwardsRotateZ-20260626-053300-downwardsrotatez_sb_propriotarget_s0,proprio.target,0,3,4,0.2,2.39287,0.0,0.0,2.52765,1.20366,6.12417,3682863
downwards_rotate,downwards_sensor_sweep_120-20260625-124815,TesolloDownwardsRotateZ,TesolloDownwardsRotateZ-20260626-053300-downwardsrotatez_sb_propriotarget_s0,proprio.target,0,3,5,0.25,1.89283,0.0,0.0,0.0,0.0,1.89283,3682863
downwards_rotate,downwards_sensor_sweep_120-20260625-124815,TesolloDownwardsRotateZ,TesolloDownwardsRotateZ-20260626-053300-downwardsrotatez_sb_propriotarget_s0,proprio.target,0,3,6,0.3,2.76742,1.28779,0.0,3.5793,0.0,7.63451,3682863
downwards_rotate,downwards_sensor_sweep_120-20260625-124815,TesolloDownwardsRotateZ,TesolloDownwardsRotateZ-20260626-053300-downwardsrotatez_sb_propriotarget_s0,proprio.target,0,3,7,0.35,2.78558,0.0,2.84422,1.49484,0.0,7.12464,3682863
downwards_rotate,downwards_sensor_sweep_120-20260625-124815,TesolloDownwardsRotateZ,TesolloDownwardsRotateZ-20260626-053300-downwardsrotatez_sb_propriotarget_s0,proprio.target,0,3,8,0.4,3.23126,1.32049,2.69775,0.0475,0.0,7.29699,3682863
downwards_rotate,downwards_sensor_sweep_120-20260625-124815,TesolloDownwardsRotateZ,TesolloDownwardsRotateZ-20260626-053300-downwardsrotatez_sb_propriotarget_s0,proprio.target,0,3,9,0.45,3.05227,1.88309,2.57579,0.0,0.0,7.51116,3682863
downwards_rotate,downwards_sensor_sweep_120-20260625-124815,TesolloDownwardsRotateZ,TesolloDownwardsRotateZ-20260626-053300-downwardsrotatez_sb_propriotarget_s0,proprio.target,0,3,10,0.5,3.01697,2.6554,2.16007,0.0,0.0,7.83244,3682863
downwards_rotate,downwards_sensor_sweep_120-20260625-124815,TesolloDownwardsRotateZ,TesolloDownwardsRotateZ-20260626-053300-downwardsrotatez_sb_propriotarget_s0,proprio.target,0,3,11,0.55,2.93771,2.93439,1.72861,0.0,0.0,7.6007,3682863
downwards_rotate,downwards_sensor_sweep_120-20260625-124815,TesolloDownwardsRotateZ,TesolloDownwardsRotateZ-20260626-053300-downwardsrotatez_sb_propriotarget_s0,proprio.target,0,3,12,0.6,2.79248,3.06078,1.98295,0.0,0.0,7.83622,3682863
downwards_rotate,downwards_sensor_sweep_120-20260625-124815,TesolloDownwardsRotateZ,TesolloDownwardsRotateZ-20260626-053300-downwardsrotatez_sb_propriotarget_s0,proprio.target,0,3,13,0.65,2.77239,2.99722,2.05366,0.0,0.0,7.82327,3682863
downwards_rotate,downwards_sensor_sweep_120-20260625-124815,TesolloDownwardsRotateZ,TesolloDownwardsRotateZ-20260626-053300-downwardsrotatez_sb_propriotarget_s0,proprio.target,0,3,14,0.7,4.05209,3.20798,2.45833,0.0,0.0,9.71841,3682863
downwards_rotate,downwards_sensor_sweep_120-20260625-124815,TesolloDownwardsRotateZ,TesolloDownwardsRotateZ-20260626-053300-downwardsrotatez_sb_propriotarget_s0,proprio.target,0,3,15,0.75,4.06922,3.29264,2.53299,0.0,0.0,9.89485,3682863
downwards_rotate,downwards_sensor_sweep_120-20260625-124815,TesolloDownwardsRotateZ,TesolloDownwardsRotateZ-20260626-053300-downwardsrotatez_sb_propriotarget_s0,proprio.target,0,3,16,0.8,4.13047,3.27528,2.54718,0.0,0.0,9.95293,3682863
downwards_rotate,downwards_sensor_sweep_120-20260625-124815,TesolloDownwardsRotateZ,TesolloDownwardsRotateZ-20260626-053300-downwardsrotatez_sb_propriotarget_s0,proprio.target,0,3,17,0.85,4.10049,2.94854,2.49861,0.0,0.0,9.54764,3682863
downwards_rotate,downwards_sensor_sweep_120-20260625-124815,TesolloDownwardsRotateZ,TesolloDownwardsRotateZ-20260626-053300-downwardsrotatez_sb_propriotarget_s0,proprio.target,0,3,18,0.9,5.05974,2.78368,3.25248,0.94324,0.0,12.03914,3682863
downwards_rotate,downwards_sensor_sweep_120-20260625-124815,TesolloDownwardsRotateZ,TesolloDownwardsRotateZ-20260626-053300-downwardsrotatez_sb_propriotarget_s0,proprio.target,0,3,19,0.95,4.54143,3.50338,2.45357,0.89594,0.0,11.39433,3682863
downwards_rotate,downwards_sensor_sweep_120-20260625-124815,TesolloDownwardsRotateZ,TesolloDownwardsRotateZ-20260626-053300-downwardsrotatez_sb_propriotarget_s0,proprio.target,0,3,20,1.0,4.50527,3.43529,2.53992,0.59404,0.0,11.07453,3682863
downwards_rotate,downwards_sensor_sweep_120-20260625-124815,TesolloDownwardsRotateZ,TesolloDownwardsRotateZ-20260626-053300-downwardsrotatez_sb_propriotarget_s0,proprio.target,0,3,21,1.05,4.52261,3.32554,2.54116,0.58845,0.76265,11.74041,3682863
downwards_rotate,downwards_sensor_sweep_120-20260625-124815,TesolloDownwardsRotateZ,TesolloDownwardsRotateZ-20260626-053300-downwardsrotatez_sb_propriotarget_s0,proprio.target,0,3,22,1.1,4.62237,3.01125,2.06849,2.00534,1.13228,12.83974,3682863
downwards_rotate,downwards_sensor_sweep_120-20260625-124815,TesolloDownwardsRotateZ,TesolloDownwardsRotateZ-20260626-053300-downwardsrotatez_sb_propriotarget_s0,proprio.target,0,3,23,1.15,4.68521,3.32388,2.72918,0.40418,0.82097,11.96342,3682863
downwards_rotate,downwards_sensor_sweep_120-20260625-124815,TesolloDownwardsRotateZ,TesolloDownwardsRotateZ-20260626-053300-downwardsrotatez_sb_propriotarget_s0,proprio.target,0,3,24,1.2,5.07211,2.84257,3.52391,0.85942,1.17741,13.47543,3682863
downwards_rotate,downwards_sensor_sweep_120-20260625-124815,TesolloDownwardsRotateZ,TesolloDownwardsRotateZ-20260626-053300-downwardsrotatez_sb_propriotarget_s0,proprio.target,0,3,25,1.25,4.91911,3.50633,2.58786,0.47452,1.1326,12.62041,3682863
downwards_rotate,downwards_sensor_sweep_120-20260625-124815,TesolloDownwardsRotateZ,TesolloDownwardsRotateZ-20260626-053300-downwardsrotatez_sb_propriotarget_s0,proprio.target,0,3,26,1.3,4.89219,3.44998,2.58064,0.53676,1.33293,12.7925,3682863
downwards_rotate,downwards_sensor_sweep_120-20260625-124815,TesolloDownwardsRotateZ,TesolloDownwardsRotateZ-20260626-053300-downwardsrotatez_sb_propriotarget_s0,proprio.target,0,3,27,1.35,4.88008,3.41761,2.6412,0.60526,1.43641,12.98056,3682863
downwards_rotate,downwards_sensor_sweep_120-20260625-124815,TesolloDownwardsRotateZ,TesolloDownwardsRotateZ-20260626-053300-downwardsrotatez_sb_propriotarget_s0,proprio.target,0,3,28,1.4,4.87136,3.38805,2.65495,0.70823,1.5098,13.13241,3682863
downwards_rotate,downwards_sensor_sweep_120-20260625-124815,TesolloDownwardsRotateZ,TesolloDownwardsRotateZ-20260626-053300-downwardsrotatez_sb_propriotarget_s0,proprio.target,0,3,29,1.45,4.92856,3.43425,2.72374,0.80784,1.23534,13.12973,3682863
downwards_rotate,downwards_sensor_sweep_120-20260625-124815,TesolloDownwardsRotateZ,TesolloDownwardsRotateZ-20260626-053300-downwardsrotatez_sb_propriotarget_s0,proprio.target,0,3,30,1.5,4.99244,3.64828,2.64488,0.91505,1.02575,13.22641,3682863
downwards_rotate,downwards_sensor_sweep_120-20260625-124815,TesolloDownwardsRotateZ,TesolloDownwardsRotateZ-20260626-053300-downwardsrotatez_sb_propriotarget_s0,proprio.target,0,3,31,1.55,4.99334,3.60716,2.70431,0.97846,0.95707,13.24034,3682863
downwards_rotate,downwards_sensor_sweep_120-20260625-124815,TesolloDownwardsRotateZ,TesolloDownwardsRotateZ-20260626-053300-downwardsrotatez_sb_propriotarget_s0,proprio.target,0,3,32,1.6,4.99731,3.54667,2.79552,1.0557,1.28793,13.68313,3682863
downwards_rotate,downwards_sensor_sweep_120-20260625-124815,TesolloDownwardsRotateZ,TesolloDownwardsRotateZ-20260626-053300-downwardsrotatez_sb_propriotarget_s0,proprio.target,0,3,33,1.65,4.9771,3.50642,2.7985,1.0966,1.28907,13.66767,3682863
downwards_rotate,downwards_sensor_sweep_120-20260625-124815,TesolloDownwardsRotateZ,TesolloDownwardsRotateZ-20260626-053300-downwardsrotatez_sb_propriotarget_s0,proprio.target,0,3,34,1.7,5.02264,2.92585,3.35309,2.03786,2.41048,15.74992,3682863
downwards_rotate,downwards_sensor_sweep_120-20260625-124815,TesolloDownwardsRotateZ,TesolloDownwardsRotateZ-20260626-053300-downwardsrotatez_sb_propriotarget_s0,proprio.target,0,3,35,1.75,5.01464,3.73046,2.57971,1.16927,1.0353,13.52939,3682863
downwards_rotate,downwards_sensor_sweep_120-20260625-124815,TesolloDownwardsRotateZ,TesolloDownwardsRotateZ-20260626-053300-downwardsrotatez_sb_propriotarget_s0,proprio.target,0,3,36,1.8,4.95611,3.66625,2.61807,1.14935,0.98265,13.37243,3682863
downwards_rotate,downwards_sensor_sweep_120-20260625-124815,TesolloDownwardsRotateZ,TesolloDownwardsRotateZ-20260626-053300-downwardsrotatez_sb_propriotarget_s0,proprio.target,0,3,37,1.85,4.67775,3.35553,2.67395,2.08431,2.66963,15.46117,3682863
downwards_rotate,downwards_sensor_sweep_120-20260625-124815,TesolloDownwardsRotateZ,TesolloDownwardsRotateZ-20260626-053300-downwardsrotatez_sb_propriotarget_s0,proprio.target,0,3,38,1.9,4.8882,3.55576,2.69527,1.18657,1.06306,13.38887,3682863
downwards_rotate,downwards_sensor_sweep_120-20260625-124815,TesolloDownwardsRotateZ,TesolloDownwardsRotateZ-20260626-053300-downwardsrotatez_sb_propriotarget_s0,proprio.target,0,3,39,1.95,4.87977,3.51429,2.71205,1.08493,0.8904,13.08144,3682863
downwards_rotate,downwards_sensor_sweep_120-20260625-124815,TesolloDownwardsRotateZ,TesolloDownwardsRotateZ-20260626-053300-downwardsrotatez_sb_propriotarget_s0,proprio.target,0,3,40,2.0,4.87549,3.51414,2.74703,1.00143,0.78006,12.91816,3682863
downwards_rotate,downwards_sensor_sweep_120-20260625-124815,TesolloDownwardsRotateZ,TesolloDownwardsRotateZ-20260626-053300-downwardsrotatez_sb_propriotarget_s0,proprio.target,0,3,41,2.05,4.86139,3.50605,2.77331,0.95784,0.70997,12.80856,3682863
downwards_rotate,downwards_sensor_sweep_120-20260625-124815,TesolloDownwardsRotateZ,TesolloDownwardsRotateZ-20260626-053300-downwardsrotatez_sb_propriotarget_s0,proprio.target,0,3,42,2.1,4.85692,3.50275,2.78599,0.92526,0.66082,12.73174,3682863
downwards_rotate,downwards_sensor_sweep_120-20260625-124815,TesolloDownwardsRotateZ,TesolloDownwardsRotateZ-20260626-053300-downwardsrotatez_sb_propriotarget_s0,proprio.target,0,3,43,2.15,4.84396,3.49598,2.68096,0.97853,0.60742,12.60685,3682863
downwards_rotate,downwards_sensor_sweep_120-20260625-124815,TesolloDownwardsRotateZ,TesolloDownwardsRotateZ-20260626-053300-downwardsrotatez_sb_propriotarget_s0,proprio.target,0,3,44,2.2,4.83924,3.49133,2.66638,0.99291,0.58178,12.57163,3682863
downwards_rotate,downwards_sensor_sweep_120-20260625-124815,TesolloDownwardsRotateZ,TesolloDownwardsRotateZ-20260626-053300-downwardsrotatez_sb_propriotarget_s0,proprio.target,0,3,45,2.25,4.82194,3.49754,2.66581,0.98254,0.55116,12.51901,3682863
downwards_rotate,downwards_sensor_sweep_120-20260625-124815,TesolloDownwardsRotateZ,TesolloDownwardsRotateZ-20260626-053300-downwardsrotatez_sb_propriotarget_s0,proprio.target,0,3,46,2.3,4.80236,3.49794,2.67292,0.95663,0.5308,12.46066,3682863
downwards_rotate,downwards_sensor_sweep_120-20260625-124815,TesolloDownwardsRotateZ,TesolloDownwardsRotateZ-20260626-053300-downwardsrotatez_sb_propriotarget_s0,proprio.target,0,3,47,2.35,4.78496,3.49932,2.68094,0.92283,0.51468,12.40273,3682863
downwards_rotate,downwards_sensor_sweep_120-20260625-124815,TesolloDownwardsRotateZ,TesolloDownwardsRotateZ-20260626-053300-downwardsrotatez_sb_propriotarget_s0,proprio.target,0,3,48,2.4,4.76472,3.50169,2.69029,0.88961,0.50193,12.34822,3682863
downwards_rotate,downwards_sensor_sweep_120-20260625-124815,TesolloDownwardsRotateZ,TesolloDownwardsRotateZ-20260626-053300-downwardsrotatez_sb_propriotarget_s0,proprio.target,0,3,49,2.45,4.75409,3.5108,2.71473,0.82088,0.39646,12.19697,3682863
downwards_rotate,downwards_sensor_sweep_120-20260625-124815,TesolloDownwardsRotateZ,TesolloDownwardsRotateZ-20260626-053300-downwardsrotatez_sb_propriotarget_s0,proprio.target,0,3,50,2.5,4.72898,3.51532,2.72549,0.80464,0.35774,12.13217,3682863
downwards_rotate,downwards_sensor_sweep_120-20260625-124815,TesolloDownwardsRotateZ,TesolloDownwardsRotateZ-20260626-053300-downwardsrotatez_sb_propriotarget_s0,proprio.target,0,3,51,2.55,4.70569,3.52055,2.73306,0.78937,0.33043,12.07909,3682863
downwards_rotate,downwards_sensor_sweep_120-20260625-124815,TesolloDownwardsRotateZ,TesolloDownwardsRotateZ-20260626-053300-downwardsrotatez_sb_propriotarget_s0,proprio.target,0,3,52,2.6,4.69039,3.52947,2.78357,0.73346,0.30491,12.0418,3682863
downwards_rotate,downwards_sensor_sweep_120-20260625-124815,TesolloDownwardsRotateZ,TesolloDownwardsRotateZ-20260626-053300-downwardsrotatez_sb_propriotarget_s0,proprio.target,0,3,53,2.65,4.67207,3.536,2.79458,0.70457,0.31244,12.01966,3682863
downwards_rotate,downwards_sensor_sweep_120-20260625-124815,TesolloDownwardsRotateZ,TesolloDownwardsRotateZ-20260626-053300-downwardsrotatez_sb_propriotarget_s0,proprio.target,0,3,54,2.7,4.65075,3.53259,2.74001,0.73837,0.41805,12.07976,3682863
downwards_rotate,downwards_sensor_sweep_120-20260625-124815,TesolloDownwardsRotateZ,TesolloDownwardsRotateZ-20260626-053300-downwardsrotatez_sb_propriotarget_s0,proprio.target,0,3,55,2.75,4.63758,3.53373,2.73892,0.7116,0.44327,12.0651,3682863
downwards_rotate,downwards_sensor_sweep_120-20260625-124815,TesolloDownwardsRotateZ,TesolloDownwardsRotateZ-20260626-053300-downwardsrotatez_sb_propriotarget_s0,proprio.target,0,3,56,2.8,4.6263,3.53832,2.74193,0.68223,0.46147,12.05025,3682863
downwards_rotate,downwards_sensor_sweep_120-20260625-124815,TesolloDownwardsRotateZ,TesolloDownwardsRotateZ-20260626-053300-downwardsrotatez_sb_propriotarget_s0,proprio.target,0,3,57,2.85,4.61202,3.54444,2.74645,0.6535,0.47211,12.02852,3682863
downwards_rotate,downwards_sensor_sweep_120-20260625-124815,TesolloDownwardsRotateZ,TesolloDownwardsRotateZ-20260626-053300-downwardsrotatez_sb_propriotarget_s0,proprio.target,0,3,58,2.9,4.59729,3.54867,2.7526,0.62587,0.4796,12.00403,3682863
downwards_rotate,downwards_sensor_sweep_120-20260625-124815,TesolloDownwardsRotateZ,TesolloDownwardsRotateZ-20260626-053300-downwardsrotatez_sb_propriotarget_s0,proprio.target,0,3,59,2.95,4.5815,3.55246,2.75909,0.59885,0.48389,11.97578,3682863
downwards_rotate,downwards_sensor_sweep_120-20260625-124815,TesolloDownwardsRotateZ,TesolloDownwardsRotateZ-20260626-053300-downwardsrotatez_sb_propriotarget_s0,proprio.target,0,3,60,3.0,4.56668,3.55635,2.76598,0.57465,0.48772,11.95137,3682863
downwards_rotate,downwards_sensor_sweep_120-20260625-124815,TesolloDownwardsRotateZ,TesolloDownwardsRotateZ-20260626-053300-downwardsrotatez_sb_propriotarget_s0,proprio.target,0,3,61,3.05,4.55052,3.56144,2.7717,0.55184,0.48946,11.92497,3682863
downwards_rotate,downwards_sensor_sweep_120-20260625-124815,TesolloDownwardsRotateZ,TesolloDownwardsRotateZ-20260626-053300-downwardsrotatez_sb_propriotarget_s0,proprio.target,0,3,62,3.1,4.53435,3.5669,2.77689,0.53037,0.49031,11.89883,3682863
downwards_rotate,downwards_sensor_sweep_120-20260625-124815,TesolloDownwardsRotateZ,TesolloDownwardsRotateZ-20260626-053300-downwardsrotatez_sb_propriotarget_s0,proprio.target,0,3,63,3.15,4.51968,3.57359,2.78122,0.51495,0.49268,11.88211,3682863
downwards_rotate,downwards_sensor_sweep_120-20260625-124815,TesolloDownwardsRotateZ,TesolloDownwardsRotateZ-20260626-053300-downwardsrotatez_sb_propriotarget_s0,proprio.target,0,3,64,3.2,4.5047,3.57951,2.78533,0.49947,0.49439,11.86339,3682863
downwards_rotate,downwards_sensor_sweep_120-20260625-124815,TesolloDownwardsRotateZ,TesolloDownwardsRotateZ-20260626-053300-downwardsrotatez_sb_propriotarget_s0,proprio.target,0,3,65,3.25,4.48741,3.58233,2.79176,0.48403,0.4955,11.84104,3682863
downwards_rotate,downwards_sensor_sweep_120-20260625-124815,TesolloDownwardsRotateZ,TesolloDownwardsRotateZ-20260626-053300-downwardsrotatez_sb_propriotarget_s0,proprio.target,0,3,66,3.3,4.47012,3.58085,2.80099,0.47207,0.49663,11.82066,3682863
downwards_rotate,downwards_sensor_sweep_120-20260625-124815,TesolloDownwardsRotateZ,TesolloDownwardsRotateZ-20260626-053300-downwardsrotatez_sb_propriotarget_s0,proprio.target,0,3,67,3.35,4.45557,3.57929,2.81069,0.46116,0.49779,11.80449,3682863
downwards_rotate,downwards_sensor_sweep_120-20260625-124815,TesolloDownwardsRotateZ,TesolloDownwardsRotateZ-20260626-053300-downwardsrotatez_sb_propriotarget_s0,proprio.target,0,3,68,3.4,4.44213,3.57821,2.82038,0.44862,0.49885,11.78819,3682863
downwards_rotate,downwards_sensor_sweep_120-20260625-124815,TesolloDownwardsRotateZ,TesolloDownwardsRotateZ-20260626-053300-downwardsrotatez_sb_propriotarget_s0,proprio.target,0,3,69,3.45,4.43011,3.57662,2.83055,0.4388,0.50035,11.77643,3682863
downwards_rotate,downwards_sensor_sweep_120-20260625-124815,TesolloDownwardsRotateZ,TesolloDownwardsRotateZ-20260626-053300-downwardsrotatez_sb_propriotarget_s0,proprio.target,0,3,70,3.5,4.41919,3.57579,2.84035,0.42952,0.50175,11.76661,3682863
downwards_rotate,downwards_sensor_sweep_120-20260625-124815,TesolloDownwardsRotateZ,TesolloDownwardsRotateZ-20260626-053300-downwardsrotatez_sb_propriotarget_s0,proprio.target,0,3,71,3.55,4.40768,3.57276,2.85225,0.42148,0.50378,11.75796,3682863
downwards_rotate,downwards_sensor_sweep_120-20260625-124815,TesolloDownwardsRotateZ,TesolloDownwardsRotateZ-20260626-053300-downwardsrotatez_sb_propriotarget_s0,proprio.target,0,3,72,3.6,4.39783,3.56932,2.86812,0.42924,0.48092,11.74543,3682863
downwards_rotate,downwards_sensor_sweep_120-20260625-124815,TesolloDownwardsRotateZ,TesolloDownwardsRotateZ-20260626-053300-downwardsrotatez_sb_propriotarget_s0,proprio.target,0,3,73,3.65,4.37122,3.55229,2.87328,0.41284,0.50268,11.7123,3682863
downwards_rotate,downwards_sensor_sweep_120-20260625-124815,TesolloDownwardsRotateZ,TesolloDownwardsRotateZ-20260626-053300-downwardsrotatez_sb_propriotarget_s0,proprio.target,0,3,74,3.7,4.35798,3.54202,2.88856,0.40058,0.49399,11.68313,3682863
downwards_rotate,downwards_sensor_sweep_120-20260625-124815,TesolloDownwardsRotateZ,TesolloDownwardsRotateZ-20260626-053300-downwardsrotatez_sb_propriotarget_s0,proprio.target,0,3,75,3.75,4.34869,3.54417,2.90329,0.4012,0.4738,11.67115,3682863
downwards_rotate,downwards_sensor_sweep_120-20260625-124815,TesolloDownwardsRotateZ,TesolloDownwardsRotateZ-20260626-053300-downwardsrotatez_sb_propriotarget_s0,proprio.target,0,3,76,3.8,4.34341,3.54364,2.91941,0.40856,0.4489,11.66392,3682863
downwards_rotate,downwards_sensor_sweep_120-20260625-124815,TesolloDownwardsRotateZ,TesolloDownwardsRotateZ-20260626-053300-downwardsrotatez_sb_propriotarget_s0,proprio.target,0,3,77,3.85,4.33674,3.53977,2.93618,0.41808,0.42828,11.65905,3682863
downwards_rotate,downwards_sensor_sweep_120-20260625-124815,TesolloDownwardsRotateZ,TesolloDownwardsRotateZ-20260626-053300-downwardsrotatez_sb_propriotarget_s0,proprio.target,0,3,78,3.9,4.33127,3.53423,2.95273,0.43111,0.4125,11.66183,3682863
downwards_rotate,downwards_sensor_sweep_120-20260625-124815,TesolloDownwardsRotateZ,TesolloDownwardsRotateZ-20260626-053300-downwardsrotatez_sb_propriotarget_s0,proprio.target,0,3,79,3.95,4.34061,3.52354,2.97572,0.36334,0.37619,11.57939,3682863
downwards_rotate,downwards_sensor_sweep_120-20260625-124815,TesolloDownwardsRotateZ,TesolloDownwardsRotateZ-20260626-053300-downwardsrotatez_sb_propriotarget_s0,proprio.target,0,3,80,4.0,4.32403,3.50987,3.00276,0.40147,0.3396,11.57774,3682863
downwards_rotate,downwards_sensor_sweep_120-20260625-124815,TesolloDownwardsRotateZ,TesolloDownwardsRotateZ-20260626-053300-downwardsrotatez_sb_propriotarget_s0,proprio.target,0,3,81,4.05,4.31146,3.50247,3.02309,0.44144,0.30871,11.58718,3682863
downwards_rotate,downwards_sensor_sweep_120-20260625-124815,TesolloDownwardsRotateZ,TesolloDownwardsRotateZ-20260626-053300-downwardsrotatez_sb_propriotarget_s0,proprio.target,0,3,82,4.1,4.29977,3.48246,3.03997,0.49431,0.33035,11.64685,3682863
downwards_rotate,downwards_sensor_sweep_120-20260625-124815,TesolloDownwardsRotateZ,TesolloDownwardsRotateZ-20260626-053300-downwardsrotatez_sb_propriotarget_s0,proprio.target,0,3,83,4.15,4.28709,3.48577,3.06471,0.53467,0.27542,11.64766,3682863
downwards_rotate,downwards_sensor_sweep_120-20260625-124815,TesolloDownwardsRotateZ,TesolloDownwardsRotateZ-20260626-053300-downwardsrotatez_sb_propriotarget_s0,proprio.target,0,3,84,4.2,4.27809,3.46082,3.08799,0.57675,0.28362,11.68727,3682863
downwards_rotate,downwards_sensor_sweep_120-20260625-124815,TesolloDownwardsRotateZ,TesolloDownwardsRotateZ-20260626-053300-downwardsrotatez_sb_propriotarget_s0,proprio.target,0,3,85,4.25,4.26303,3.44093,3.12573,0.6132,0.26173,11.70462,3682863
downwards_rotate,downwards_sensor_sweep_120-20260625-124815,TesolloDownwardsRotateZ,TesolloDownwardsRotateZ-20260626-053300-downwardsrotatez_sb_propriotarget_s0,proprio.target,0,3,86,4.3,4.25259,3.41836,3.16758,0.64146,0.23714,11.71712,3682863
downwards_rotate,downwards_sensor_sweep_120-20260625-124815,TesolloDownwardsRotateZ,TesolloDownwardsRotateZ-20260626-053300-downwardsrotatez_sb_propriotarget_s0,proprio.target,0,3,87,4.35,4.24388,3.37732,3.21889,0.65992,0.21571,11.71572,3682863
downwards_rotate,downwards_sensor_sweep_120-20260625-124815,TesolloDownwardsRotateZ,TesolloDownwardsRotateZ-20260626-053300-downwardsrotatez_sb_propriotarget_s0,proprio.target,0,3,88,4.4,4.23474,3.33665,3.2728,0.67412,0.19632,11.71464,3682863
downwards_rotate,downwards_sensor_sweep_120-20260625-124815,TesolloDownwardsRotateZ,TesolloDownwardsRotateZ-20260626-053300-downwardsrotatez_sb_propriotarget_s0,proprio.target,0,3,89,4.45,4.22373,3.30472,3.32096,0.68663,0.17939,11.71543,3682863
downwards_rotate,downwards_sensor_sweep_120-20260625-124815,TesolloDownwardsRotateZ,TesolloDownwardsRotateZ-20260626-053300-downwardsrotatez_sb_propriotarget_s0,proprio.target,0,3,90,4.5,4.21159,3.29982,3.34416,0.69325,0.16143,11.71026,3682863
downwards_rotate,downwards_sensor_sweep_120-20260625-124815,TesolloDownwardsRotateZ,TesolloDownwardsRotateZ-20260626-053300-downwardsrotatez_sb_propriotarget_s0,proprio.target,0,3,91,4.55,4.1966,3.30122,3.36616,0.70066,0.14766,11.7123,3682863
downwards_rotate,downwards_sensor_sweep_120-20260625-124815,TesolloDownwardsRotateZ,TesolloDownwardsRotateZ-20260626-053300-downwardsrotatez_sb_propriotarget_s0,proprio.target,0,3,92,4.6,4.24948,3.04838,3.47433,0.68621,0.16324,11.62165,3682863
downwards_rotate,downwards_sensor_sweep_120-20260625-124815,TesolloDownwardsRotateZ,TesolloDownwardsRotateZ-20260626-053300-downwardsrotatez_sb_propriotarget_s0,proprio.target,0,3,93,4.65,4.00194,2.45222,4.17093,1.49094,0.47091,12.58694,3682863
downwards_rotate,downwards_sensor_sweep_120-20260625-124815,TesolloDownwardsRotateZ,TesolloDownwardsRotateZ-20260626-053300-downwardsrotatez_sb_propriotarget_s0,proprio.target,0,3,94,4.7,4.57116,2.77219,3.45208,1.01872,0.2442,12.05835,3682863
downwards_rotate,downwards_sensor_sweep_120-20260625-124815,TesolloDownwardsRotateZ,TesolloDownwardsRotateZ-20260626-053300-downwardsrotatez_sb_propriotarget_s0,proprio.target,0,3,95,4.75,4.12965,0.0,4.54054,1.85761,0.68071,11.20851,3682863
downwards_rotate,downwards_sensor_sweep_120-20260625-124815,TesolloDownwardsRotateZ,TesolloDownwardsRotateZ-20260626-053300-downwardsrotatez_sb_propriotarget_s0,proprio.target,0,3,96,4.8,4.15179,2.02084,2.91737,2.71107,2.42546,14.22653,3682863
downwards_rotate,downwards_sensor_sweep_120-20260625-124815,TesolloDownwardsRotateZ,TesolloDownwardsRotateZ-20260626-053300-downwardsrotatez_sb_propriotarget_s0,proprio.target,0,3,97,4.85,4.49356,2.27799,3.43338,1.63906,1.13525,12.97924,3682863
downwards_rotate,downwards_sensor_sweep_120-20260625-124815,TesolloDownwardsRotateZ,TesolloDownwardsRotateZ-20260626-053300-downwardsrotatez_sb_propriotarget_s0,proprio.target,0,3,98,4.9,4.09353,0.0,4.27402,2.16115,1.14659,11.67528,3682863
downwards_rotate,downwards_sensor_sweep_120-20260625-124815,TesolloDownwardsRotateZ,TesolloDownwardsRotateZ-20260626-053300-downwardsrotatez_sb_propriotarget_s0,proprio.target,0,3,99,4.95,3.761,1.8817,4.08619,3.27821,1.33364,14.34075,3682863
downwards_rotate,downwards_sensor_sweep_120-20260625-124815,TesolloDownwardsRotateZ,TesolloDownwardsRotateZ-20260626-053300-downwardsrotatez_sb_propriotarget_s0,proprio.target,0,3,100,5.0,4.35372,2.45193,3.73413,2.31532,1.26945,14.12455,3682863
downwards_rotate,downwards_sensor_sweep_120-20260625-124815,TesolloDownwardsRotateZ,TesolloDownwardsRotateZ-20260626-053300-downwardsrotatez_sb_propriotarget_s0,proprio.target,0,3,101,5.05,4.64938,2.89823,3.73042,1.12484,0.29051,12.69338,3682863
downwards_rotate,downwards_sensor_sweep_120-20260625-124815,TesolloDownwardsRotateZ,TesolloDownwardsRotateZ-20260626-053300-downwardsrotatez_sb_propriotarget_s0,proprio.target,0,3,102,5.1,4.19333,3.21244,3.01968,0.4653,0.41044,11.3012,3682863
downwards_rotate,downwards_sensor_sweep_120-20260625-124815,TesolloDownwardsRotateZ,TesolloDownwardsRotateZ-20260626-053300-downwardsrotatez_sb_propriotarget_s0,proprio.target,0,3,103,5.15,4.3683,3.37885,2.95811,0.1497,0.0,10.85496,3682863
downwards_rotate,downwards_sensor_sweep_120-20260625-124815,TesolloDownwardsRotateZ,TesolloDownwardsRotateZ-20260626-053300-downwardsrotatez_sb_propriotarget_s0,proprio.target,0,3,104,5.2,4.29327,3.35773,3.05976,0.0,0.0,10.71076,3682863
downwards_rotate,downwards_sensor_sweep_120-20260625-124815,TesolloDownwardsRotateZ,TesolloDownwardsRotateZ-20260626-053300-downwardsrotatez_sb_propriotarget_s0,proprio.target,0,3,105,5.25,5.19308,2.52419,4.6432,0.0,0.0,12.36047,3682863
downwards_rotate,downwards_sensor_sweep_120-20260625-124815,TesolloDownwardsRotateZ,TesolloDownwardsRotateZ-20260626-053300-downwardsrotatez_sb_propriotarget_s0,proprio.target,0,3,106,5.3,4.9129,3.56962,2.381,0.98953,0.0,11.85305,3682863
downwards_rotate,downwards_sensor_sweep_120-20260625-124815,TesolloDownwardsRotateZ,TesolloDownwardsRotateZ-20260626-053300-downwardsrotatez_sb_propriotarget_s0,proprio.target,0,3,107,5.35,4.32113,3.63338,2.50459,0.46658,0.0,10.92567,3682863
downwards_rotate,downwards_sensor_sweep_120-20260625-124815,TesolloDownwardsRotateZ,TesolloDownwardsRotateZ-20260626-053300-downwardsrotatez_sb_propriotarget_s0,proprio.target,0,3,108,5.4,4.12423,3.52392,2.7896,0.0,0.0,10.43775,3682863
downwards_rotate,downwards_sensor_sweep_120-20260625-124815,TesolloDownwardsRotateZ,TesolloDownwardsRotateZ-20260626-053300-downwardsrotatez_sb_propriotarget_s0,proprio.target,0,3,109,5.45,4.14339,3.39139,2.81934,0.0,0.0,10.35413,3682863
downwards_rotate,downwards_sensor_sweep_120-20260625-124815,TesolloDownwardsRotateZ,TesolloDownwardsRotateZ-20260626-053300-downwardsrotatez_sb_propriotarget_s0,proprio.target,0,3,110,5.5,4.20728,3.32525,3.05724,0.0,0.0,10.58977,3682863
downwards_rotate,downwards_sensor_sweep_120-20260625-124815,TesolloDownwardsRotateZ,TesolloDownwardsRotateZ-20260626-053300-downwardsrotatez_sb_propriotarget_s0,proprio.target,0,3,111,5.55,5.12715,2.49048,4.56497,0.0,0.0,12.18261,3682863
downwards_rotate,downwards_sensor_sweep_120-20260625-124815,TesolloDownwardsRotateZ,TesolloDownwardsRotateZ-20260626-053300-downwardsrotatez_sb_propriotarget_s0,proprio.target,0,3,112,5.6,4.88615,3.75514,2.15964,2.17963,0.0,12.98055,3682863
downwards_rotate,downwards_sensor_sweep_120-20260625-124815,TesolloDownwardsRotateZ,TesolloDownwardsRotateZ-20260626-053300-downwardsrotatez_sb_propriotarget_s0,proprio.target,0,3,113,5.65,4.38825,3.72022,2.288,0.91431,0.0,11.31078,3682863
downwards_rotate,downwards_sensor_sweep_120-20260625-124815,TesolloDownwardsRotateZ,TesolloDownwardsRotateZ-20260626-053300-downwardsrotatez_sb_propriotarget_s0,proprio.target,0,3,114,5.7,4.33539,3.61612,2.47727,0.30654,0.0,10.73531,3682863
downwards_rotate,downwards_sensor_sweep_120-20260625-124815,TesolloDownwardsRotateZ,TesolloDownwardsRotateZ-20260626-053300-downwardsrotatez_sb_propriotarget_s0,proprio.target,0,3,115,5.75,4.2629,3.53482,2.52902,0.25728,0.0,10.58401,3682863
downwards_rotate,downwards_sensor_sweep_120-20260625-124815,TesolloDownwardsRotateZ,TesolloDownwardsRotateZ-20260626-053300-downwardsrotatez_sb_propriotarget_s0,proprio.target,0,3,116,5.8,4.26885,3.45191,2.39616,0.3855,0.0,10.50242,3682863
downwards_rotate,downwards_sensor_sweep_120-20260625-124815,TesolloDownwardsRotateZ,TesolloDownwardsRotateZ-20260626-053300-downwardsrotatez_sb_propriotarget_s0,proprio.target,0,3,117,5.85,4.4072,3.42714,2.35155,0.61638,0.0,10.80227,3682863
downwards_rotate,downwards_sensor_sweep_120-20260625-124815,TesolloDownwardsRotateZ,TesolloDownwardsRotateZ-20260626-053300-downwardsrotatez_sb_propriotarget_s0,proprio.target,0,3,118,5.9,4.67472,3.73187,2.1026,0.81789,0.0,11.32708,3682863
downwards_rotate,downwards_sensor_sweep_120-20260625-124815,TesolloDownwardsRotateZ,TesolloDownwardsRotateZ-20260626-053300-downwardsrotatez_sb_propriotarget_s0,proprio.target,0,3,119,5.95,4.73063,3.68784,2.10762,0.87978,0.0,11.40587,3682863
downwards_rotate,downwards_sensor_sweep_120-20260625-124815,TesolloDownwardsRotateZ,TesolloDownwardsRotateZ-20260626-053300-downwardsrotatez_sb_propriotarget_s0,proprio.target,0,4,0,0.0,0.0,0.0,0.0,0.0,0.0,0.0,3682863
downwards_rotate,downwards_sensor_sweep_120-20260625-124815,TesolloDownwardsRotateZ,TesolloDownwardsRotateZ-20260626-053300-downwardsrotatez_sb_propriotarget_s0,proprio.target,0,4,1,0.05,0.0,0.0,0.0,0.0,0.0,0.0,3682863
downwards_rotate,downwards_sensor_sweep_120-20260625-124815,TesolloDownwardsRotateZ,TesolloDownwardsRotateZ-20260626-053300-downwardsrotatez_sb_propriotarget_s0,proprio.target,0,4,2,0.1,0.0,0.0,0.0,0.0,0.0,0.0,3682863
downwards_rotate,downwards_sensor_sweep_120-20260625-124815,TesolloDownwardsRotateZ,TesolloDownwardsRotateZ-20260626-053300-downwardsrotatez_sb_propriotarget_s0,proprio.target,0,4,3,0.15,0.0,0.0,0.0,0.0,0.0,0.0,3682863
downwards_rotate,downwards_sensor_sweep_120-20260625-124815,TesolloDownwardsRotateZ,TesolloDownwardsRotateZ-20260626-053300-downwardsrotatez_sb_propriotarget_s0,proprio.target,0,4,4,0.2,0.0,0.0,0.0,0.0,0.0,0.0,3682863
downwards_rotate,downwards_sensor_sweep_120-20260625-124815,TesolloDownwardsRotateZ,TesolloDownwardsRotateZ-20260626-053300-downwardsrotatez_sb_propriotarget_s0,proprio.target,0,4,5,0.25,0.0,0.0,0.0,0.0,0.0,0.0,3682863
downwards_rotate,downwards_sensor_sweep_120-20260625-124815,TesolloDownwardsRotateZ,TesolloDownwardsRotateZ-20260626-053300-downwardsrotatez_sb_propriotarget_s0,proprio.target,0,4,6,0.3,0.0,0.0,0.0,0.0,0.0,0.0,3682863
downwards_rotate,downwards_sensor_sweep_120-20260625-124815,TesolloDownwardsRotateZ,TesolloDownwardsRotateZ-20260626-053300-downwardsrotatez_sb_propriotarget_s0,proprio.target,0,4,7,0.35,0.0,0.0,0.0,0.0,0.0,0.0,3682863
downwards_rotate,downwards_sensor_sweep_120-20260625-124815,TesolloDownwardsRotateZ,TesolloDownwardsRotateZ-20260626-053300-downwardsrotatez_sb_propriotarget_s0,proprio.target,0,4,8,0.4,0.0,0.0,0.0,0.0,0.0,0.0,3682863
downwards_rotate,downwards_sensor_sweep_120-20260625-124815,TesolloDownwardsRotateZ,TesolloDownwardsRotateZ-20260626-053300-downwardsrotatez_sb_propriotarget_s0,proprio.target,0,4,9,0.45,0.0,0.0,0.0,0.0,0.0,0.0,3682863
downwards_rotate,downwards_sensor_sweep_120-20260625-124815,TesolloDownwardsRotateZ,TesolloDownwardsRotateZ-20260626-053300-downwardsrotatez_sb_propriotarget_s0,proprio.target,0,4,10,0.5,3.23078,0.0,0.0,0.0,0.0,3.23078,3682863
downwards_rotate,downwards_sensor_sweep_120-20260625-124815,TesolloDownwardsRotateZ,TesolloDownwardsRotateZ-20260626-053300-downwardsrotatez_sb_propriotarget_s0,proprio.target,0,4,11,0.55,2.02467,0.0,1.46788,0.0,0.0,3.49255,3682863
downwards_rotate,downwards_sensor_sweep_120-20260625-124815,TesolloDownwardsRotateZ,TesolloDownwardsRotateZ-20260626-053300-downwardsrotatez_sb_propriotarget_s0,proprio.target,0,4,12,0.6,2.7138,0.0,2.76715,0.0,0.0,5.48095,3682863
downwards_rotate,downwards_sensor_sweep_120-20260625-124815,TesolloDownwardsRotateZ,TesolloDownwardsRotateZ-20260626-053300-downwardsrotatez_sb_propriotarget_s0,proprio.target,0,4,13,0.65,3.81372,0.0,2.84234,1.42377,0.0,8.07983,3682863
downwards_rotate,downwards_sensor_sweep_120-20260625-124815,TesolloDownwardsRotateZ,TesolloDownwardsRotateZ-20260626-053300-downwardsrotatez_sb_propriotarget_s0,proprio.target,0,4,14,0.7,3.2066,0.0,2.67055,0.0,0.0,5.87715,3682863
downwards_rotate,downwards_sensor_sweep_120-20260625-124815,TesolloDownwardsRotateZ,TesolloDownwardsRotateZ-20260626-053300-downwardsrotatez_sb_propriotarget_s0,proprio.target,0,4,15,0.75,4.22354,0.0,2.7789,1.50635,0.0,8.50879,3682863
downwards_rotate,downwards_sensor_sweep_120-20260625-124815,TesolloDownwardsRotateZ,TesolloDownwardsRotateZ-20260626-053300-downwardsrotatez_sb_propriotarget_s0,proprio.target,0,4,16,0.8,4.19392,0.0,2.54494,1.61225,0.0,8.35112,3682863
downwards_rotate,downwards_sensor_sweep_120-20260625-124815,TesolloDownwardsRotateZ,TesolloDownwardsRotateZ-20260626-053300-downwardsrotatez_sb_propriotarget_s0,proprio.target,0,4,17,0.85,4.05792,0.0,2.4159,1.59944,0.0,8.07326,3682863
downwards_rotate,downwards_sensor_sweep_120-20260625-124815,TesolloDownwardsRotateZ,TesolloDownwardsRotateZ-20260626-053300-downwardsrotatez_sb_propriotarget_s0,proprio.target,0,4,18,0.9,4.03153,0.0,2.18173,1.77833,0.0,7.99158,3682863
downwards_rotate,downwards_sensor_sweep_120-20260625-124815,TesolloDownwardsRotateZ,TesolloDownwardsRotateZ-20260626-053300-downwardsrotatez_sb_propriotarget_s0,proprio.target,0,4,19,0.95,3.14386,0.0,2.08881,2.1603,0.0,7.39297,3682863
downwards_rotate,downwards_sensor_sweep_120-20260625-124815,TesolloDownwardsRotateZ,TesolloDownwardsRotateZ-20260626-053300-downwardsrotatez_sb_propriotarget_s0,proprio.target,0,4,20,1.0,3.02564,0.0,1.96991,2.1114,0.0,7.10694,3682863
downwards_rotate,downwards_sensor_sweep_120-20260625-124815,TesolloDownwardsRotateZ,TesolloDownwardsRotateZ-20260626-053300-downwardsrotatez_sb_propriotarget_s0,proprio.target,0,4,21,1.05,3.45627,0.0,1.22818,2.21411,0.0,6.89856,3682863
downwards_rotate,downwards_sensor_sweep_120-20260625-124815,TesolloDownwardsRotateZ,TesolloDownwardsRotateZ-20260626-053300-downwardsrotatez_sb_propriotarget_s0,proprio.target,0,4,22,1.1,2.93917,0.0,0.0,3.39265,0.0,6.33182,3682863
downwards_rotate,downwards_sensor_sweep_120-20260625-124815,TesolloDownwardsRotateZ,TesolloDownwardsRotateZ-20260626-053300-downwardsrotatez_sb_propriotarget_s0,proprio.target,0,4,23,1.15,3.04969,0.0,0.0,3.31096,0.0,6.36065,3682863
downwards_rotate,downwards_sensor_sweep_120-20260625-124815,TesolloDownwardsRotateZ,TesolloDownwardsRotateZ-20260626-053300-downwardsrotatez_sb_propriotarget_s0,proprio.target,0,4,24,1.2,2.76481,0.0,0.0,3.14023,0.0,5.90504,3682863
downwards_rotate,downwards_sensor_sweep_120-20260625-124815,TesolloDownwardsRotateZ,TesolloDownwardsRotateZ-20260626-053300-downwardsrotatez_sb_propriotarget_s0,proprio.target,0,4,25,1.25,2.81412,0.0,0.0,2.74796,0.0,5.56208,3682863
downwards_rotate,downwards_sensor_sweep_120-20260625-124815,TesolloDownwardsRotateZ,TesolloDownwardsRotateZ-20260626-053300-downwardsrotatez_sb_propriotarget_s0,proprio.target,0,4,26,1.3,2.90082,0.0,0.0,2.51993,0.0,5.42076,3682863
downwards_rotate,downwards_sensor_sweep_120-20260625-124815,TesolloDownwardsRotateZ,TesolloDownwardsRotateZ-20260626-053300-downwardsrotatez_sb_propriotarget_s0,proprio.target,0,4,27,1.35,2.47904,0.0,0.0,3.59271,0.0,6.07175,3682863
downwards_rotate,downwards_sensor_sweep_120-20260625-124815,TesolloDownwardsRotateZ,TesolloDownwardsRotateZ-20260626-053300-downwardsrotatez_sb_propriotarget_s0,proprio.target,0,4,28,1.4,1.53454,0.0,0.0,4.14895,0.0,5.68349,3682863
downwards_rotate,downwards_sensor_sweep_120-20260625-124815,TesolloDownwardsRotateZ,TesolloDownwardsRotateZ-20260626-053300-downwardsrotatez_sb_propriotarget_s0,proprio.target,0,4,29,1.45,1.54802,0.0,0.0,4.21673,0.0,5.76475,3682863
downwards_rotate,downwards_sensor_sweep_120-20260625-124815,TesolloDownwardsRotateZ,TesolloDownwardsRotateZ-20260626-053300-downwardsrotatez_sb_propriotarget_s0,proprio.target,0,4,30,1.5,0.0,0.0,0.0,4.47421,0.0,4.47421,3682863
downwards_rotate,downwards_sensor_sweep_120-20260625-124815,TesolloDownwardsRotateZ,TesolloDownwardsRotateZ-20260626-053300-downwardsrotatez_sb_propriotarget_s0,proprio.target,0,4,31,1.55,0.0,0.0,0.0,4.30582,0.0,4.30582,3682863
downwards_rotate,downwards_sensor_sweep_120-20260625-124815,TesolloDownwardsRotateZ,TesolloDownwardsRotateZ-20260626-053300-downwardsrotatez_sb_propriotarget_s0,proprio.target,0,4,32,1.6,0.0,0.0,0.0,4.21684,0.0,4.21684,3682863
downwards_rotate,downwards_sensor_sweep_120-20260625-124815,TesolloDownwardsRotateZ,TesolloDownwardsRotateZ-20260626-053300-downwardsrotatez_sb_propriotarget_s0,proprio.target,0,4,33,1.65,0.0,0.0,0.0,4.10353,0.0,4.10353,3682863
downwards_rotate,downwards_sensor_sweep_120-20260625-124815,TesolloDownwardsRotateZ,TesolloDownwardsRotateZ-20260626-053300-downwardsrotatez_sb_propriotarget_s0,proprio.target,0,4,34,1.7,0.0,0.0,0.0,3.73118,0.0,3.73118,3682863
downwards_rotate,downwards_sensor_sweep_120-20260625-124815,TesolloDownwardsRotateZ,TesolloDownwardsRotateZ-20260626-053300-downwardsrotatez_sb_propriotarget_s0,proprio.target,0,4,35,1.75,0.0,0.0,0.0,4.26024,0.0,4.26024,3682863
downwards_rotate,downwards_sensor_sweep_120-20260625-124815,TesolloDownwardsRotateZ,TesolloDownwardsRotateZ-20260626-053300-downwardsrotatez_sb_propriotarget_s0,proprio.target,0,4,36,1.8,0.0,0.0,0.0,4.66089,0.0,4.66089,3682863
downwards_rotate,downwards_sensor_sweep_120-20260625-124815,TesolloDownwardsRotateZ,TesolloDownwardsRotateZ-20260626-053300-downwardsrotatez_sb_propriotarget_s0,proprio.target,0,4,37,1.85,0.0,0.0,0.0,4.94762,0.0,4.94762,3682863
downwards_rotate,downwards_sensor_sweep_120-20260625-124815,TesolloDownwardsRotateZ,TesolloDownwardsRotateZ-20260626-053300-downwardsrotatez_sb_propriotarget_s0,proprio.target,0,4,38,1.9,0.0,0.0,0.0,3.64536,0.0,3.64536,3682863
downwards_rotate,downwards_sensor_sweep_120-20260625-124815,TesolloDownwardsRotateZ,TesolloDownwardsRotateZ-20260626-053300-downwardsrotatez_sb_propriotarget_s0,proprio.target,0,4,39,1.95,0.0,0.0,0.0,3.65134,0.0,3.65134,3682863
downwards_rotate,downwards_sensor_sweep_120-20260625-124815,TesolloDownwardsRotateZ,TesolloDownwardsRotateZ-20260626-053300-downwardsrotatez_sb_propriotarget_s0,proprio.target,0,4,40,2.0,0.0,0.0,0.0,1.99111,0.0,1.99111,3682863
downwards_rotate,downwards_sensor_sweep_120-20260625-124815,TesolloDownwardsRotateZ,TesolloDownwardsRotateZ-20260626-053300-downwardsrotatez_sb_propriotarget_s0,proprio.target,0,4,41,2.05,0.0,0.0,0.0,1.6674,0.0,1.6674,3682863
downwards_rotate,downwards_sensor_sweep_120-20260625-124815,TesolloDownwardsRotateZ,TesolloDownwardsRotateZ-20260626-053300-downwardsrotatez_sb_propriotarget_s0,proprio.target,0,4,42,2.1,0.0,0.0,0.0,0.71909,0.0,0.71909,3682863
downwards_rotate,downwards_sensor_sweep_120-20260625-124815,TesolloDownwardsRotateZ,TesolloDownwardsRotateZ-20260626-053300-downwardsrotatez_sb_propriotarget_s0,proprio.target,0,4,43,2.15,0.0,0.0,0.0,2.72495,0.0,2.72495,3682863
downwards_rotate,downwards_sensor_sweep_120-20260625-124815,TesolloDownwardsRotateZ,TesolloDownwardsRotateZ-20260626-053300-downwardsrotatez_sb_propriotarget_s0,proprio.target,0,4,44,2.2,0.0,0.0,0.0,2.55699,0.0,2.55699,3682863
downwards_rotate,downwards_sensor_sweep_120-20260625-124815,TesolloDownwardsRotateZ,TesolloDownwardsRotateZ-20260626-053300-downwardsrotatez_sb_propriotarget_s0,proprio.target,0,4,45,2.25,0.0,0.0,0.0,2.78287,0.0,2.78287,3682863
downwards_rotate,downwards_sensor_sweep_120-20260625-124815,TesolloDownwardsRotateZ,TesolloDownwardsRotateZ-20260626-053300-downwardsrotatez_sb_propriotarget_s0,proprio.target,0,4,46,2.3,0.0,0.0,0.0,2.80194,0.0,2.80194,3682863
downwards_rotate,downwards_sensor_sweep_120-20260625-124815,TesolloDownwardsRotateZ,TesolloDownwardsRotateZ-20260626-053300-downwardsrotatez_sb_propriotarget_s0,proprio.target,0,4,47,2.35,0.0,0.0,0.0,2.89816,0.0,2.89816,3682863
downwards_rotate,downwards_sensor_sweep_120-20260625-124815,TesolloDownwardsRotateZ,TesolloDownwardsRotateZ-20260626-053300-downwardsrotatez_sb_propriotarget_s0,proprio.target,0,4,48,2.4,0.0,0.0,0.0,2.93167,0.0,2.93167,3682863
downwards_rotate,downwards_sensor_sweep_120-20260625-124815,TesolloDownwardsRotateZ,TesolloDownwardsRotateZ-20260626-053300-downwardsrotatez_sb_propriotarget_s0,proprio.target,0,4,49,2.45,0.0,0.0,0.0,2.93199,0.0,2.93199,3682863
downwards_rotate,downwards_sensor_sweep_120-20260625-124815,TesolloDownwardsRotateZ,TesolloDownwardsRotateZ-20260626-053300-downwardsrotatez_sb_propriotarget_s0,proprio.target,0,4,50,2.5,0.0,0.0,0.0,2.92918,0.0,2.92918,3682863
downwards_rotate,downwards_sensor_sweep_120-20260625-124815,TesolloDownwardsRotateZ,TesolloDownwardsRotateZ-20260626-053300-downwardsrotatez_sb_propriotarget_s0,proprio.target,0,4,51,2.55,0.0,0.0,0.0,2.90495,0.0,2.90495,3682863
downwards_rotate,downwards_sensor_sweep_120-20260625-124815,TesolloDownwardsRotateZ,TesolloDownwardsRotateZ-20260626-053300-downwardsrotatez_sb_propriotarget_s0,proprio.target,0,4,52,2.6,0.0,0.0,0.0,2.88707,0.0,2.88707,3682863
downwards_rotate,downwards_sensor_sweep_120-20260625-124815,TesolloDownwardsRotateZ,TesolloDownwardsRotateZ-20260626-053300-downwardsrotatez_sb_propriotarget_s0,proprio.target,0,4,53,2.65,0.0,0.0,0.0,2.86882,0.0,2.86882,3682863
downwards_rotate,downwards_sensor_sweep_120-20260625-124815,TesolloDownwardsRotateZ,TesolloDownwardsRotateZ-20260626-053300-downwardsrotatez_sb_propriotarget_s0,proprio.target,0,4,54,2.7,0.0,0.0,0.0,2.81471,0.0,2.81471,3682863
downwards_rotate,downwards_sensor_sweep_120-20260625-124815,TesolloDownwardsRotateZ,TesolloDownwardsRotateZ-20260626-053300-downwardsrotatez_sb_propriotarget_s0,proprio.target,0,4,55,2.75,0.0,0.0,0.0,2.87819,0.0,2.87819,3682863
downwards_rotate,downwards_sensor_sweep_120-20260625-124815,TesolloDownwardsRotateZ,TesolloDownwardsRotateZ-20260626-053300-downwardsrotatez_sb_propriotarget_s0,proprio.target,0,4,56,2.8,0.0,0.0,0.0,2.89037,0.0,2.89037,3682863
downwards_rotate,downwards_sensor_sweep_120-20260625-124815,TesolloDownwardsRotateZ,TesolloDownwardsRotateZ-20260626-053300-downwardsrotatez_sb_propriotarget_s0,proprio.target,0,4,57,2.85,0.0,0.0,0.0,2.86574,0.0,2.86574,3682863
downwards_rotate,downwards_sensor_sweep_120-20260625-124815,TesolloDownwardsRotateZ,TesolloDownwardsRotateZ-20260626-053300-downwardsrotatez_sb_propriotarget_s0,proprio.target,0,4,58,2.9,0.0,0.0,0.0,2.89502,0.0,2.89502,3682863
downwards_rotate,downwards_sensor_sweep_120-20260625-124815,TesolloDownwardsRotateZ,TesolloDownwardsRotateZ-20260626-053300-downwardsrotatez_sb_propriotarget_s0,proprio.target,0,4,59,2.95,0.0,0.0,0.0,2.87808,0.0,2.87808,3682863
downwards_rotate,downwards_sensor_sweep_120-20260625-124815,TesolloDownwardsRotateZ,TesolloDownwardsRotateZ-20260626-053300-downwardsrotatez_sb_propriotarget_s0,proprio.target,0,4,60,3.0,0.0,0.0,0.0,2.88085,0.0,2.88085,3682863
downwards_rotate,downwards_sensor_sweep_120-20260625-124815,TesolloDownwardsRotateZ,TesolloDownwardsRotateZ-20260626-053300-downwardsrotatez_sb_propriotarget_s0,proprio.target,0,4,61,3.05,0.0,0.0,0.0,3.03849,0.0,3.03849,3682863
downwards_rotate,downwards_sensor_sweep_120-20260625-124815,TesolloDownwardsRotateZ,TesolloDownwardsRotateZ-20260626-053300-downwardsrotatez_sb_propriotarget_s0,proprio.target,0,4,62,3.1,0.0,0.0,0.0,3.09381,0.0,3.09381,3682863
downwards_rotate,downwards_sensor_sweep_120-20260625-124815,TesolloDownwardsRotateZ,TesolloDownwardsRotateZ-20260626-053300-downwardsrotatez_sb_propriotarget_s0,proprio.target,0,4,63,3.15,0.0,0.0,0.0,3.17296,0.0,3.17296,3682863
downwards_rotate,downwards_sensor_sweep_120-20260625-124815,TesolloDownwardsRotateZ,TesolloDownwardsRotateZ-20260626-053300-downwardsrotatez_sb_propriotarget_s0,proprio.target,0,4,64,3.2,0.0,0.0,0.0,3.23148,0.0,3.23148,3682863
downwards_rotate,downwards_sensor_sweep_120-20260625-124815,TesolloDownwardsRotateZ,TesolloDownwardsRotateZ-20260626-053300-downwardsrotatez_sb_propriotarget_s0,proprio.target,0,4,65,3.25,0.0,0.0,0.0,3.30703,0.0,3.30703,3682863
downwards_rotate,downwards_sensor_sweep_120-20260625-124815,TesolloDownwardsRotateZ,TesolloDownwardsRotateZ-20260626-053300-downwardsrotatez_sb_propriotarget_s0,proprio.target,0,4,66,3.3,0.0,0.0,0.0,3.37981,0.0,3.37981,3682863
downwards_rotate,downwards_sensor_sweep_120-20260625-124815,TesolloDownwardsRotateZ,TesolloDownwardsRotateZ-20260626-053300-downwardsrotatez_sb_propriotarget_s0,proprio.target,0,4,67,3.35,0.0,0.0,0.0,3.44625,0.0,3.44625,3682863
downwards_rotate,downwards_sensor_sweep_120-20260625-124815,TesolloDownwardsRotateZ,TesolloDownwardsRotateZ-20260626-053300-downwardsrotatez_sb_propriotarget_s0,proprio.target,0,4,68,3.4,0.0,0.0,0.0,3.5118,0.0,3.5118,3682863
downwards_rotate,downwards_sensor_sweep_120-20260625-124815,TesolloDownwardsRotateZ,TesolloDownwardsRotateZ-20260626-053300-downwardsrotatez_sb_propriotarget_s0,proprio.target,0,4,69,3.45,0.0,0.0,0.0,3.58882,0.0,3.58882,3682863
downwards_rotate,downwards_sensor_sweep_120-20260625-124815,TesolloDownwardsRotateZ,TesolloDownwardsRotateZ-20260626-053300-downwardsrotatez_sb_propriotarget_s0,proprio.target,0,4,70,3.5,0.0,0.0,0.0,3.66304,0.0,3.66304,3682863
downwards_rotate,downwards_sensor_sweep_120-20260625-124815,TesolloDownwardsRotateZ,TesolloDownwardsRotateZ-20260626-053300-downwardsrotatez_sb_propriotarget_s0,proprio.target,0,4,71,3.55,0.0,0.0,0.0,3.73452,0.0,3.73452,3682863
downwards_rotate,downwards_sensor_sweep_120-20260625-124815,TesolloDownwardsRotateZ,TesolloDownwardsRotateZ-20260626-053300-downwardsrotatez_sb_propriotarget_s0,proprio.target,0,4,72,3.6,0.0,0.0,0.0,3.80256,0.0,3.80256,3682863
downwards_rotate,downwards_sensor_sweep_120-20260625-124815,TesolloDownwardsRotateZ,TesolloDownwardsRotateZ-20260626-053300-downwardsrotatez_sb_propriotarget_s0,proprio.target,0,4,73,3.65,0.0,0.0,0.0,3.86763,0.0,3.86763,3682863
downwards_rotate,downwards_sensor_sweep_120-20260625-124815,TesolloDownwardsRotateZ,TesolloDownwardsRotateZ-20260626-053300-downwardsrotatez_sb_propriotarget_s0,proprio.target,0,4,74,3.7,0.0,0.0,0.0,3.93263,0.0,3.93263,3682863
downwards_rotate,downwards_sensor_sweep_120-20260625-124815,TesolloDownwardsRotateZ,TesolloDownwardsRotateZ-20260626-053300-downwardsrotatez_sb_propriotarget_s0,proprio.target,0,4,75,3.75,0.0,0.0,0.0,3.99566,0.0,3.99566,3682863
downwards_rotate,downwards_sensor_sweep_120-20260625-124815,TesolloDownwardsRotateZ,TesolloDownwardsRotateZ-20260626-053300-downwardsrotatez_sb_propriotarget_s0,proprio.target,0,4,76,3.8,0.0,0.0,0.0,4.05642,0.0,4.05642,3682863
downwards_rotate,downwards_sensor_sweep_120-20260625-124815,TesolloDownwardsRotateZ,TesolloDownwardsRotateZ-20260626-053300-downwardsrotatez_sb_propriotarget_s0,proprio.target,0,4,77,3.85,0.0,0.0,0.0,4.11905,0.0,4.11905,3682863
downwards_rotate,downwards_sensor_sweep_120-20260625-124815,TesolloDownwardsRotateZ,TesolloDownwardsRotateZ-20260626-053300-downwardsrotatez_sb_propriotarget_s0,proprio.target,0,4,78,3.9,0.0,0.0,0.0,4.18401,0.0,4.18401,3682863
downwards_rotate,downwards_sensor_sweep_120-20260625-124815,TesolloDownwardsRotateZ,TesolloDownwardsRotateZ-20260626-053300-downwardsrotatez_sb_propriotarget_s0,proprio.target,0,4,79,3.95,0.0,0.0,0.0,4.19681,0.0,4.19681,3682863
downwards_rotate,downwards_sensor_sweep_120-20260625-124815,TesolloDownwardsRotateZ,TesolloDownwardsRotateZ-20260626-053300-downwardsrotatez_sb_propriotarget_s0,proprio.target,0,4,80,4.0,0.0,0.0,0.0,4.12092,0.0,4.12092,3682863
downwards_rotate,downwards_sensor_sweep_120-20260625-124815,TesolloDownwardsRotateZ,TesolloDownwardsRotateZ-20260626-053300-downwardsrotatez_sb_propriotarget_s0,proprio.target,0,4,81,4.05,0.0,0.0,0.0,4.05243,0.0,4.05243,3682863
downwards_rotate,downwards_sensor_sweep_120-20260625-124815,TesolloDownwardsRotateZ,TesolloDownwardsRotateZ-20260626-053300-downwardsrotatez_sb_propriotarget_s0,proprio.target,0,4,82,4.1,0.0,0.0,0.0,3.98378,0.0,3.98378,3682863
downwards_rotate,downwards_sensor_sweep_120-20260625-124815,TesolloDownwardsRotateZ,TesolloDownwardsRotateZ-20260626-053300-downwardsrotatez_sb_propriotarget_s0,proprio.target,0,4,83,4.15,0.0,0.0,0.0,3.91854,0.0,3.91854,3682863
downwards_rotate,downwards_sensor_sweep_120-20260625-124815,TesolloDownwardsRotateZ,TesolloDownwardsRotateZ-20260626-053300-downwardsrotatez_sb_propriotarget_s0,proprio.target,0,4,84,4.2,0.0,0.0,0.0,3.86645,0.0,3.86645,3682863
downwards_rotate,downwards_sensor_sweep_120-20260625-124815,TesolloDownwardsRotateZ,TesolloDownwardsRotateZ-20260626-053300-downwardsrotatez_sb_propriotarget_s0,proprio.target,0,4,85,4.25,0.0,0.0,0.0,3.82304,0.0,3.82304,3682863
downwards_rotate,downwards_sensor_sweep_120-20260625-124815,TesolloDownwardsRotateZ,TesolloDownwardsRotateZ-20260626-053300-downwardsrotatez_sb_propriotarget_s0,proprio.target,0,4,86,4.3,0.0,0.0,0.0,3.7864,0.0,3.7864,3682863
downwards_rotate,downwards_sensor_sweep_120-20260625-124815,TesolloDownwardsRotateZ,TesolloDownwardsRotateZ-20260626-053300-downwardsrotatez_sb_propriotarget_s0,proprio.target,0,4,87,4.35,0.0,0.0,0.0,3.75415,0.0,3.75415,3682863
downwards_rotate,downwards_sensor_sweep_120-20260625-124815,TesolloDownwardsRotateZ,TesolloDownwardsRotateZ-20260626-053300-downwardsrotatez_sb_propriotarget_s0,proprio.target,0,4,88,4.4,0.0,0.0,0.0,3.73061,0.0,3.73061,3682863
downwards_rotate,downwards_sensor_sweep_120-20260625-124815,TesolloDownwardsRotateZ,TesolloDownwardsRotateZ-20260626-053300-downwardsrotatez_sb_propriotarget_s0,proprio.target,0,4,89,4.45,0.0,0.0,0.0,3.71,0.0,3.71,3682863
downwards_rotate,downwards_sensor_sweep_120-20260625-124815,TesolloDownwardsRotateZ,TesolloDownwardsRotateZ-20260626-053300-downwardsrotatez_sb_propriotarget_s0,proprio.target,0,4,90,4.5,0.0,0.0,0.0,3.69532,0.0,3.69532,3682863
downwards_rotate,downwards_sensor_sweep_120-20260625-124815,TesolloDownwardsRotateZ,TesolloDownwardsRotateZ-20260626-053300-downwardsrotatez_sb_propriotarget_s0,proprio.target,0,4,91,4.55,0.0,0.0,0.0,3.68313,0.0,3.68313,3682863
downwards_rotate,downwards_sensor_sweep_120-20260625-124815,TesolloDownwardsRotateZ,TesolloDownwardsRotateZ-20260626-053300-downwardsrotatez_sb_propriotarget_s0,proprio.target,0,4,92,4.6,0.0,0.0,0.0,3.67298,0.0,3.67298,3682863
downwards_rotate,downwards_sensor_sweep_120-20260625-124815,TesolloDownwardsRotateZ,TesolloDownwardsRotateZ-20260626-053300-downwardsrotatez_sb_propriotarget_s0,proprio.target,0,4,93,4.65,0.0,0.0,0.0,3.66567,0.0,3.66567,3682863
downwards_rotate,downwards_sensor_sweep_120-20260625-124815,TesolloDownwardsRotateZ,TesolloDownwardsRotateZ-20260626-053300-downwardsrotatez_sb_propriotarget_s0,proprio.target,0,4,94,4.7,0.0,0.0,0.0,3.65957,0.0,3.65957,3682863
downwards_rotate,downwards_sensor_sweep_120-20260625-124815,TesolloDownwardsRotateZ,TesolloDownwardsRotateZ-20260626-053300-downwardsrotatez_sb_propriotarget_s0,proprio.target,0,4,95,4.75,0.0,0.0,0.0,3.65707,0.0,3.65707,3682863
downwards_rotate,downwards_sensor_sweep_120-20260625-124815,TesolloDownwardsRotateZ,TesolloDownwardsRotateZ-20260626-053300-downwardsrotatez_sb_propriotarget_s0,proprio.target,0,4,96,4.8,0.0,0.0,0.0,3.65154,0.0,3.65154,3682863
downwards_rotate,downwards_sensor_sweep_120-20260625-124815,TesolloDownwardsRotateZ,TesolloDownwardsRotateZ-20260626-053300-downwardsrotatez_sb_propriotarget_s0,proprio.target,0,4,97,4.85,0.0,0.0,0.0,3.65141,0.0,3.65141,3682863
downwards_rotate,downwards_sensor_sweep_120-20260625-124815,TesolloDownwardsRotateZ,TesolloDownwardsRotateZ-20260626-053300-downwardsrotatez_sb_propriotarget_s0,proprio.target,0,4,98,4.9,0.0,0.0,0.0,3.65134,0.0,3.65134,3682863
downwards_rotate,downwards_sensor_sweep_120-20260625-124815,TesolloDownwardsRotateZ,TesolloDownwardsRotateZ-20260626-053300-downwardsrotatez_sb_propriotarget_s0,proprio.target,0,4,99,4.95,0.0,0.0,0.0,3.65183,0.0,3.65183,3682863
downwards_rotate,downwards_sensor_sweep_120-20260625-124815,TesolloDownwardsRotateZ,TesolloDownwardsRotateZ-20260626-053300-downwardsrotatez_sb_propriotarget_s0,proprio.target,0,4,100,5.0,0.0,0.0,0.0,3.65099,0.0,3.65099,3682863
downwards_rotate,downwards_sensor_sweep_120-20260625-124815,TesolloDownwardsRotateZ,TesolloDownwardsRotateZ-20260626-053300-downwardsrotatez_sb_propriotarget_s0,proprio.target,0,4,101,5.05,0.0,0.0,0.0,3.65166,0.0,3.65166,3682863
downwards_rotate,downwards_sensor_sweep_120-20260625-124815,TesolloDownwardsRotateZ,TesolloDownwardsRotateZ-20260626-053300-downwardsrotatez_sb_propriotarget_s0,proprio.target,0,4,102,5.1,0.0,0.0,0.0,3.65232,0.0,3.65232,3682863
downwards_rotate,downwards_sensor_sweep_120-20260625-124815,TesolloDownwardsRotateZ,TesolloDownwardsRotateZ-20260626-053300-downwardsrotatez_sb_propriotarget_s0,proprio.target,0,4,103,5.15,0.0,0.0,0.0,3.6535,0.0,3.6535,3682863
downwards_rotate,downwards_sensor_sweep_120-20260625-124815,TesolloDownwardsRotateZ,TesolloDownwardsRotateZ-20260626-053300-downwardsrotatez_sb_propriotarget_s0,proprio.target,0,4,104,5.2,0.0,0.0,0.0,3.65731,0.0,3.65731,3682863
downwards_rotate,downwards_sensor_sweep_120-20260625-124815,TesolloDownwardsRotateZ,TesolloDownwardsRotateZ-20260626-053300-downwardsrotatez_sb_propriotarget_s0,proprio.target,0,4,105,5.25,0.0,0.0,0.0,3.65884,0.0,3.65884,3682863
downwards_rotate,downwards_sensor_sweep_120-20260625-124815,TesolloDownwardsRotateZ,TesolloDownwardsRotateZ-20260626-053300-downwardsrotatez_sb_propriotarget_s0,proprio.target,0,4,106,5.3,0.0,0.0,0.0,3.65985,0.0,3.65985,3682863
downwards_rotate,downwards_sensor_sweep_120-20260625-124815,TesolloDownwardsRotateZ,TesolloDownwardsRotateZ-20260626-053300-downwardsrotatez_sb_propriotarget_s0,proprio.target,0,4,107,5.35,0.0,0.0,0.0,3.66222,0.0,3.66222,3682863
downwards_rotate,downwards_sensor_sweep_120-20260625-124815,TesolloDownwardsRotateZ,TesolloDownwardsRotateZ-20260626-053300-downwardsrotatez_sb_propriotarget_s0,proprio.target,0,4,108,5.4,0.0,0.0,0.0,3.66494,0.0,3.66494,3682863
downwards_rotate,downwards_sensor_sweep_120-20260625-124815,TesolloDownwardsRotateZ,TesolloDownwardsRotateZ-20260626-053300-downwardsrotatez_sb_propriotarget_s0,proprio.target,0,4,109,5.45,0.0,0.0,0.0,3.66793,0.0,3.66793,3682863
downwards_rotate,downwards_sensor_sweep_120-20260625-124815,TesolloDownwardsRotateZ,TesolloDownwardsRotateZ-20260626-053300-downwardsrotatez_sb_propriotarget_s0,proprio.target,0,4,110,5.5,0.0,0.0,0.0,3.67099,0.0,3.67099,3682863
downwards_rotate,downwards_sensor_sweep_120-20260625-124815,TesolloDownwardsRotateZ,TesolloDownwardsRotateZ-20260626-053300-downwardsrotatez_sb_propriotarget_s0,proprio.target,0,4,111,5.55,0.0,0.0,0.0,3.6745,0.0,3.6745,3682863
downwards_rotate,downwards_sensor_sweep_120-20260625-124815,TesolloDownwardsRotateZ,TesolloDownwardsRotateZ-20260626-053300-downwardsrotatez_sb_propriotarget_s0,proprio.target,0,4,112,5.6,0.0,0.0,0.0,3.67804,0.0,3.67804,3682863
downwards_rotate,downwards_sensor_sweep_120-20260625-124815,TesolloDownwardsRotateZ,TesolloDownwardsRotateZ-20260626-053300-downwardsrotatez_sb_propriotarget_s0,proprio.target,0,4,113,5.65,0.0,0.0,0.0,3.68149,0.0,3.68149,3682863
downwards_rotate,downwards_sensor_sweep_120-20260625-124815,TesolloDownwardsRotateZ,TesolloDownwardsRotateZ-20260626-053300-downwardsrotatez_sb_propriotarget_s0,proprio.target,0,4,114,5.7,0.0,0.0,0.0,3.68504,0.0,3.68504,3682863
downwards_rotate,downwards_sensor_sweep_120-20260625-124815,TesolloDownwardsRotateZ,TesolloDownwardsRotateZ-20260626-053300-downwardsrotatez_sb_propriotarget_s0,proprio.target,0,4,115,5.75,0.0,0.0,0.0,3.68851,0.0,3.68851,3682863
downwards_rotate,downwards_sensor_sweep_120-20260625-124815,TesolloDownwardsRotateZ,TesolloDownwardsRotateZ-20260626-053300-downwardsrotatez_sb_propriotarget_s0,proprio.target,0,4,116,5.8,0.0,0.0,0.0,3.69221,0.0,3.69221,3682863
downwards_rotate,downwards_sensor_sweep_120-20260625-124815,TesolloDownwardsRotateZ,TesolloDownwardsRotateZ-20260626-053300-downwardsrotatez_sb_propriotarget_s0,proprio.target,0,4,117,5.85,0.0,0.0,0.0,3.69542,0.0,3.69542,3682863
downwards_rotate,downwards_sensor_sweep_120-20260625-124815,TesolloDownwardsRotateZ,TesolloDownwardsRotateZ-20260626-053300-downwardsrotatez_sb_propriotarget_s0,proprio.target,0,4,118,5.9,0.0,0.0,0.0,3.69879,0.0,3.69879,3682863
downwards_rotate,downwards_sensor_sweep_120-20260625-124815,TesolloDownwardsRotateZ,TesolloDownwardsRotateZ-20260626-053300-downwardsrotatez_sb_propriotarget_s0,proprio.target,0,4,119,5.95,0.0,0.0,0.0,3.70243,0.0,3.70243,3682863
downwards_rotate,downwards_sensor_sweep_120-20260625-124815,TesolloDownwardsRotateZ,TesolloDownwardsRotateZ-20260626-053300-downwardsrotatez_sb_propriotarget_s0,proprio.target,0,5,0,0.0,0.0,0.0,0.0,0.0,0.0,0.0,3682863
downwards_rotate,downwards_sensor_sweep_120-20260625-124815,TesolloDownwardsRotateZ,TesolloDownwardsRotateZ-20260626-053300-downwardsrotatez_sb_propriotarget_s0,proprio.target,0,5,1,0.05,0.0,0.0,0.0,0.0,0.0,0.0,3682863
downwards_rotate,downwards_sensor_sweep_120-20260625-124815,TesolloDownwardsRotateZ,TesolloDownwardsRotateZ-20260626-053300-downwardsrotatez_sb_propriotarget_s0,proprio.target,0,5,2,0.1,0.0,0.0,0.0,0.0,0.0,0.0,3682863
downwards_rotate,downwards_sensor_sweep_120-20260625-124815,TesolloDownwardsRotateZ,TesolloDownwardsRotateZ-20260626-053300-downwardsrotatez_sb_propriotarget_s0,proprio.target,0,5,3,0.15,0.0,0.0,0.0,0.0,0.0,0.0,3682863
downwards_rotate,downwards_sensor_sweep_120-20260625-124815,TesolloDownwardsRotateZ,TesolloDownwardsRotateZ-20260626-053300-downwardsrotatez_sb_propriotarget_s0,proprio.target,0,5,4,0.2,0.0,0.0,0.0,0.0,2.0183,2.0183,3682863
downwards_rotate,downwards_sensor_sweep_120-20260625-124815,TesolloDownwardsRotateZ,TesolloDownwardsRotateZ-20260626-053300-downwardsrotatez_sb_propriotarget_s0,proprio.target,0,5,5,0.25,0.0,0.0,0.0,0.0,1.30391,1.30391,3682863
downwards_rotate,downwards_sensor_sweep_120-20260625-124815,TesolloDownwardsRotateZ,TesolloDownwardsRotateZ-20260626-053300-downwardsrotatez_sb_propriotarget_s0,proprio.target,0,5,6,0.3,1.58758,0.0,0.0,0.0,1.7273,3.31487,3682863
downwards_rotate,downwards_sensor_sweep_120-20260625-124815,TesolloDownwardsRotateZ,TesolloDownwardsRotateZ-20260626-053300-downwardsrotatez_sb_propriotarget_s0,proprio.target,0,5,7,0.35,0.83502,0.0,0.0,0.0,0.0,0.83502,3682863
downwards_rotate,downwards_sensor_sweep_120-20260625-124815,TesolloDownwardsRotateZ,TesolloDownwardsRotateZ-20260626-053300-downwardsrotatez_sb_propriotarget_s0,proprio.target,0,5,8,0.4,0.48767,0.0,0.0,0.0,0.0,0.48767,3682863
downwards_rotate,downwards_sensor_sweep_120-20260625-124815,TesolloDownwardsRotateZ,TesolloDownwardsRotateZ-20260626-053300-downwardsrotatez_sb_propriotarget_s0,proprio.target,0,5,9,0.45,1.617,0.0,0.0,0.0,1.76493,3.38194,3682863
downwards_rotate,downwards_sensor_sweep_120-20260625-124815,TesolloDownwardsRotateZ,TesolloDownwardsRotateZ-20260626-053300-downwardsrotatez_sb_propriotarget_s0,proprio.target,0,5,10,0.5,4.29437,0.0,1.47957,0.0,1.18187,6.9558,3682863
downwards_rotate,downwards_sensor_sweep_120-20260625-124815,TesolloDownwardsRotateZ,TesolloDownwardsRotateZ-20260626-053300-downwardsrotatez_sb_propriotarget_s0,proprio.target,0,5,11,0.55,3.98712,0.0,2.10712,1.97596,0.0,8.0702,3682863
downwards_rotate,downwards_sensor_sweep_120-20260625-124815,TesolloDownwardsRotateZ,TesolloDownwardsRotateZ-20260626-053300-downwardsrotatez_sb_propriotarget_s0,proprio.target,0,5,12,0.6,4.20322,0.0,2.23522,1.97621,0.0,8.41465,3682863
downwards_rotate,downwards_sensor_sweep_120-20260625-124815,TesolloDownwardsRotateZ,TesolloDownwardsRotateZ-20260626-053300-downwardsrotatez_sb_propriotarget_s0,proprio.target,0,5,13,0.65,4.27036,0.0,2.33282,1.88794,0.0,8.49112,3682863
downwards_rotate,downwards_sensor_sweep_120-20260625-124815,TesolloDownwardsRotateZ,TesolloDownwardsRotateZ-20260626-053300-downwardsrotatez_sb_propriotarget_s0,proprio.target,0,5,14,0.7,4.26814,0.0,1.7554,2.47201,0.0,8.49555,3682863
downwards_rotate,downwards_sensor_sweep_120-20260625-124815,TesolloDownwardsRotateZ,TesolloDownwardsRotateZ-20260626-053300-downwardsrotatez_sb_propriotarget_s0,proprio.target,0,5,15,0.75,3.37428,0.0,2.18521,2.46691,0.0,8.0264,3682863
downwards_rotate,downwards_sensor_sweep_120-20260625-124815,TesolloDownwardsRotateZ,TesolloDownwardsRotateZ-20260626-053300-downwardsrotatez_sb_propriotarget_s0,proprio.target,0,5,16,0.8,4.0247,0.0,1.74043,2.38279,0.0,8.14792,3682863
downwards_rotate,downwards_sensor_sweep_120-20260625-124815,TesolloDownwardsRotateZ,TesolloDownwardsRotateZ-20260626-053300-downwardsrotatez_sb_propriotarget_s0,proprio.target,0,5,17,0.85,3.45324,0.0,0.93422,3.07621,0.0,7.46367,3682863
downwards_rotate,downwards_sensor_sweep_120-20260625-124815,TesolloDownwardsRotateZ,TesolloDownwardsRotateZ-20260626-053300-downwardsrotatez_sb_propriotarget_s0,proprio.target,0,5,18,0.9,3.41124,0.0,0.68792,2.75402,0.0,6.85318,3682863
downwards_rotate,downwards_sensor_sweep_120-20260625-124815,TesolloDownwardsRotateZ,TesolloDownwardsRotateZ-20260626-053300-downwardsrotatez_sb_propriotarget_s0,proprio.target,0,5,19,0.95,3.32443,0.0,0.0,3.25489,0.0,6.57932,3682863
downwards_rotate,downwards_sensor_sweep_120-20260625-124815,TesolloDownwardsRotateZ,TesolloDownwardsRotateZ-20260626-053300-downwardsrotatez_sb_propriotarget_s0,proprio.target,0,5,20,1.0,3.19046,0.0,0.0,3.00713,0.0,6.19759,3682863
downwards_rotate,downwards_sensor_sweep_120-20260625-124815,TesolloDownwardsRotateZ,TesolloDownwardsRotateZ-20260626-053300-downwardsrotatez_sb_propriotarget_s0,proprio.target,0,5,21,1.05,2.91778,0.0,0.0,2.79801,0.0,5.7158,3682863
downwards_rotate,downwards_sensor_sweep_120-20260625-124815,TesolloDownwardsRotateZ,TesolloDownwardsRotateZ-20260626-053300-downwardsrotatez_sb_propriotarget_s0,proprio.target,0,5,22,1.1,2.64732,0.0,0.0,2.45963,0.0,5.10695,3682863
downwards_rotate,downwards_sensor_sweep_120-20260625-124815,TesolloDownwardsRotateZ,TesolloDownwardsRotateZ-20260626-053300-downwardsrotatez_sb_propriotarget_s0,proprio.target,0,5,23,1.15,3.17049,0.0,0.0,3.05563,0.0,6.22612,3682863
downwards_rotate,downwards_sensor_sweep_120-20260625-124815,TesolloDownwardsRotateZ,TesolloDownwardsRotateZ-20260626-053300-downwardsrotatez_sb_propriotarget_s0,proprio.target,0,5,24,1.2,3.1125,0.0,0.0,3.2806,0.0,6.39311,3682863
downwards_rotate,downwards_sensor_sweep_120-20260625-124815,TesolloDownwardsRotateZ,TesolloDownwardsRotateZ-20260626-053300-downwardsrotatez_sb_propriotarget_s0,proprio.target,0,5,25,1.25,3.02182,0.0,0.0,2.93008,0.0,5.9519,3682863
downwards_rotate,downwards_sensor_sweep_120-20260625-124815,TesolloDownwardsRotateZ,TesolloDownwardsRotateZ-20260626-053300-downwardsrotatez_sb_propriotarget_s0,proprio.target,0,5,26,1.3,2.95651,0.0,0.0,2.86358,0.0,5.82009,3682863
downwards_rotate,downwards_sensor_sweep_120-20260625-124815,TesolloDownwardsRotateZ,TesolloDownwardsRotateZ-20260626-053300-downwardsrotatez_sb_propriotarget_s0,proprio.target,0,5,27,1.35,0.0,0.0,0.0,3.47102,0.0,3.47102,3682863
downwards_rotate,downwards_sensor_sweep_120-20260625-124815,TesolloDownwardsRotateZ,TesolloDownwardsRotateZ-20260626-053300-downwardsrotatez_sb_propriotarget_s0,proprio.target,0,5,28,1.4,0.0,0.0,0.0,3.25163,0.0,3.25163,3682863
downwards_rotate,downwards_sensor_sweep_120-20260625-124815,TesolloDownwardsRotateZ,TesolloDownwardsRotateZ-20260626-053300-downwardsrotatez_sb_propriotarget_s0,proprio.target,0,5,29,1.45,0.0,0.0,0.0,4.26576,0.0,4.26576,3682863
downwards_rotate,downwards_sensor_sweep_120-20260625-124815,TesolloDownwardsRotateZ,TesolloDownwardsRotateZ-20260626-053300-downwardsrotatez_sb_propriotarget_s0,proprio.target,0,5,30,1.5,0.0,0.0,0.0,3.68429,0.0,3.68429,3682863
downwards_rotate,downwards_sensor_sweep_120-20260625-124815,TesolloDownwardsRotateZ,TesolloDownwardsRotateZ-20260626-053300-downwardsrotatez_sb_propriotarget_s0,proprio.target,0,5,31,1.55,0.0,0.0,0.0,3.96999,0.0,3.96999,3682863
downwards_rotate,downwards_sensor_sweep_120-20260625-124815,TesolloDownwardsRotateZ,TesolloDownwardsRotateZ-20260626-053300-downwardsrotatez_sb_propriotarget_s0,proprio.target,0,5,32,1.6,0.0,0.0,0.0,2.79947,0.0,2.79947,3682863
downwards_rotate,downwards_sensor_sweep_120-20260625-124815,TesolloDownwardsRotateZ,TesolloDownwardsRotateZ-20260626-053300-downwardsrotatez_sb_propriotarget_s0,proprio.target,0,5,33,1.65,0.0,0.0,0.0,2.68824,0.0,2.68824,3682863
downwards_rotate,downwards_sensor_sweep_120-20260625-124815,TesolloDownwardsRotateZ,TesolloDownwardsRotateZ-20260626-053300-downwardsrotatez_sb_propriotarget_s0,proprio.target,0,5,34,1.7,0.0,0.0,0.0,2.59452,0.0,2.59452,3682863
downwards_rotate,downwards_sensor_sweep_120-20260625-124815,TesolloDownwardsRotateZ,TesolloDownwardsRotateZ-20260626-053300-downwardsrotatez_sb_propriotarget_s0,proprio.target,0,5,35,1.75,0.0,0.0,0.0,2.40478,0.0,2.40478,3682863
downwards_rotate,downwards_sensor_sweep_120-20260625-124815,TesolloDownwardsRotateZ,TesolloDownwardsRotateZ-20260626-053300-downwardsrotatez_sb_propriotarget_s0,proprio.target,0,5,36,1.8,0.0,0.0,0.0,3.45874,0.0,3.45874,3682863
downwards_rotate,downwards_sensor_sweep_120-20260625-124815,TesolloDownwardsRotateZ,TesolloDownwardsRotateZ-20260626-053300-downwardsrotatez_sb_propriotarget_s0,proprio.target,0,5,37,1.85,0.0,0.0,0.0,4.00949,0.0,4.00949,3682863
downwards_rotate,downwards_sensor_sweep_120-20260625-124815,TesolloDownwardsRotateZ,TesolloDownwardsRotateZ-20260626-053300-downwardsrotatez_sb_propriotarget_s0,proprio.target,0,5,38,1.9,0.0,0.0,0.0,4.13761,0.0,4.13761,3682863
downwards_rotate,downwards_sensor_sweep_120-20260625-124815,TesolloDownwardsRotateZ,TesolloDownwardsRotateZ-20260626-053300-downwardsrotatez_sb_propriotarget_s0,proprio.target,0,5,39,1.95,0.0,0.0,0.0,2.63895,0.0,2.63895,3682863
downwards_rotate,downwards_sensor_sweep_120-20260625-124815,TesolloDownwardsRotateZ,TesolloDownwardsRotateZ-20260626-053300-downwardsrotatez_sb_propriotarget_s0,proprio.target,0,5,40,2.0,0.0,0.0,0.0,4.45024,0.0,4.45024,3682863
downwards_rotate,downwards_sensor_sweep_120-20260625-124815,TesolloDownwardsRotateZ,TesolloDownwardsRotateZ-20260626-053300-downwardsrotatez_sb_propriotarget_s0,proprio.target,0,5,41,2.05,0.0,0.0,0.0,3.70915,0.0,3.70915,3682863
downwards_rotate,downwards_sensor_sweep_120-20260625-124815,TesolloDownwardsRotateZ,TesolloDownwardsRotateZ-20260626-053300-downwardsrotatez_sb_propriotarget_s0,proprio.target,0,5,42,2.1,0.0,0.0,0.0,3.7855,0.0,3.7855,3682863
downwards_rotate,downwards_sensor_sweep_120-20260625-124815,TesolloDownwardsRotateZ,TesolloDownwardsRotateZ-20260626-053300-downwardsrotatez_sb_propriotarget_s0,proprio.target,0,5,43,2.15,0.0,0.0,0.0,3.76289,0.0,3.76289,3682863
downwards_rotate,downwards_sensor_sweep_120-20260625-124815,TesolloDownwardsRotateZ,TesolloDownwardsRotateZ-20260626-053300-downwardsrotatez_sb_propriotarget_s0,proprio.target,0,5,44,2.2,0.0,0.0,0.0,3.61721,0.0,3.61721,3682863
downwards_rotate,downwards_sensor_sweep_120-20260625-124815,TesolloDownwardsRotateZ,TesolloDownwardsRotateZ-20260626-053300-downwardsrotatez_sb_propriotarget_s0,proprio.target,0,5,45,2.25,0.0,0.0,0.0,3.59904,0.0,3.59904,3682863
downwards_rotate,downwards_sensor_sweep_120-20260625-124815,TesolloDownwardsRotateZ,TesolloDownwardsRotateZ-20260626-053300-downwardsrotatez_sb_propriotarget_s0,proprio.target,0,5,46,2.3,0.0,0.0,0.0,3.47307,0.0,3.47307,3682863
downwards_rotate,downwards_sensor_sweep_120-20260625-124815,TesolloDownwardsRotateZ,TesolloDownwardsRotateZ-20260626-053300-downwardsrotatez_sb_propriotarget_s0,proprio.target,0,5,47,2.35,0.0,0.14801,0.0,3.30983,0.0,3.45783,3682863
downwards_rotate,downwards_sensor_sweep_120-20260625-124815,TesolloDownwardsRotateZ,TesolloDownwardsRotateZ-20260626-053300-downwardsrotatez_sb_propriotarget_s0,proprio.target,0,5,48,2.4,0.0,0.0,0.0,3.40762,0.0,3.40762,3682863
downwards_rotate,downwards_sensor_sweep_120-20260625-124815,TesolloDownwardsRotateZ,TesolloDownwardsRotateZ-20260626-053300-downwardsrotatez_sb_propriotarget_s0,proprio.target,0,5,49,2.45,0.0,0.0,0.0,3.0769,0.0,3.0769,3682863
downwards_rotate,downwards_sensor_sweep_120-20260625-124815,TesolloDownwardsRotateZ,TesolloDownwardsRotateZ-20260626-053300-downwardsrotatez_sb_propriotarget_s0,proprio.target,0,5,50,2.5,0.0,0.12105,0.0,2.90666,0.0,3.02771,3682863
downwards_rotate,downwards_sensor_sweep_120-20260625-124815,TesolloDownwardsRotateZ,TesolloDownwardsRotateZ-20260626-053300-downwardsrotatez_sb_propriotarget_s0,proprio.target,0,5,51,2.55,0.0,0.0,0.0,2.81433,0.0,2.81433,3682863
downwards_rotate,downwards_sensor_sweep_120-20260625-124815,TesolloDownwardsRotateZ,TesolloDownwardsRotateZ-20260626-053300-downwardsrotatez_sb_propriotarget_s0,proprio.target,0,5,52,2.6,0.0,0.0,0.0,2.66491,0.0,2.66491,3682863
downwards_rotate,downwards_sensor_sweep_120-20260625-124815,TesolloDownwardsRotateZ,TesolloDownwardsRotateZ-20260626-053300-downwardsrotatez_sb_propriotarget_s0,proprio.target,0,5,53,2.65,0.0,0.0,0.0,2.6061,0.0,2.6061,3682863
downwards_rotate,downwards_sensor_sweep_120-20260625-124815,TesolloDownwardsRotateZ,TesolloDownwardsRotateZ-20260626-053300-downwardsrotatez_sb_propriotarget_s0,proprio.target,0,5,54,2.7,0.0,0.0,0.0,2.48491,0.0,2.48491,3682863
downwards_rotate,downwards_sensor_sweep_120-20260625-124815,TesolloDownwardsRotateZ,TesolloDownwardsRotateZ-20260626-053300-downwardsrotatez_sb_propriotarget_s0,proprio.target,0,5,55,2.75,0.0,0.0,0.0,2.4338,0.0,2.4338,3682863
downwards_rotate,downwards_sensor_sweep_120-20260625-124815,TesolloDownwardsRotateZ,TesolloDownwardsRotateZ-20260626-053300-downwardsrotatez_sb_propriotarget_s0,proprio.target,0,5,56,2.8,0.0,0.0,0.0,2.37652,0.0,2.37652,3682863
downwards_rotate,downwards_sensor_sweep_120-20260625-124815,TesolloDownwardsRotateZ,TesolloDownwardsRotateZ-20260626-053300-downwardsrotatez_sb_propriotarget_s0,proprio.target,0,5,57,2.85,0.0,0.0,0.0,2.3184,0.0,2.3184,3682863
downwards_rotate,downwards_sensor_sweep_120-20260625-124815,TesolloDownwardsRotateZ,TesolloDownwardsRotateZ-20260626-053300-downwardsrotatez_sb_propriotarget_s0,proprio.target,0,5,58,2.9,0.0,0.0,0.0,2.27998,0.0,2.27998,3682863
downwards_rotate,downwards_sensor_sweep_120-20260625-124815,TesolloDownwardsRotateZ,TesolloDownwardsRotateZ-20260626-053300-downwardsrotatez_sb_propriotarget_s0,proprio.target,0,5,59,2.95,0.0,0.0,0.0,2.25533,0.0,2.25533,3682863
downwards_rotate,downwards_sensor_sweep_120-20260625-124815,TesolloDownwardsRotateZ,TesolloDownwardsRotateZ-20260626-053300-downwardsrotatez_sb_propriotarget_s0,proprio.target,0,5,60,3.0,0.0,0.0,0.0,2.24972,0.0,2.24972,3682863
downwards_rotate,downwards_sensor_sweep_120-20260625-124815,TesolloDownwardsRotateZ,TesolloDownwardsRotateZ-20260626-053300-downwardsrotatez_sb_propriotarget_s0,proprio.target,0,5,61,3.05,0.0,0.0,0.0,2.2311,0.0,2.2311,3682863
downwards_rotate,downwards_sensor_sweep_120-20260625-124815,TesolloDownwardsRotateZ,TesolloDownwardsRotateZ-20260626-053300-downwardsrotatez_sb_propriotarget_s0,proprio.target,0,5,62,3.1,0.0,0.0,0.0,2.23474,0.0,2.23474,3682863
downwards_rotate,downwards_sensor_sweep_120-20260625-124815,TesolloDownwardsRotateZ,TesolloDownwardsRotateZ-20260626-053300-downwardsrotatez_sb_propriotarget_s0,proprio.target,0,5,63,3.15,0.0,0.0,0.0,2.24341,0.0,2.24341,3682863
downwards_rotate,downwards_sensor_sweep_120-20260625-124815,TesolloDownwardsRotateZ,TesolloDownwardsRotateZ-20260626-053300-downwardsrotatez_sb_propriotarget_s0,proprio.target,0,5,64,3.2,0.0,0.0,0.0,2.25795,0.0,2.25795,3682863
downwards_rotate,downwards_sensor_sweep_120-20260625-124815,TesolloDownwardsRotateZ,TesolloDownwardsRotateZ-20260626-053300-downwardsrotatez_sb_propriotarget_s0,proprio.target,0,5,65,3.25,0.0,0.0,0.0,2.27638,0.0,2.27638,3682863
downwards_rotate,downwards_sensor_sweep_120-20260625-124815,TesolloDownwardsRotateZ,TesolloDownwardsRotateZ-20260626-053300-downwardsrotatez_sb_propriotarget_s0,proprio.target,0,5,66,3.3,0.0,0.0,0.0,2.30067,0.0,2.30067,3682863
downwards_rotate,downwards_sensor_sweep_120-20260625-124815,TesolloDownwardsRotateZ,TesolloDownwardsRotateZ-20260626-053300-downwardsrotatez_sb_propriotarget_s0,proprio.target,0,5,67,3.35,0.0,0.0,0.0,2.33087,0.0,2.33087,3682863
downwards_rotate,downwards_sensor_sweep_120-20260625-124815,TesolloDownwardsRotateZ,TesolloDownwardsRotateZ-20260626-053300-downwardsrotatez_sb_propriotarget_s0,proprio.target,0,5,68,3.4,0.0,0.0,0.0,2.36633,0.0,2.36633,3682863
downwards_rotate,downwards_sensor_sweep_120-20260625-124815,TesolloDownwardsRotateZ,TesolloDownwardsRotateZ-20260626-053300-downwardsrotatez_sb_propriotarget_s0,proprio.target,0,5,69,3.45,0.0,0.0,0.0,2.40175,0.0,2.40175,3682863
downwards_rotate,downwards_sensor_sweep_120-20260625-124815,TesolloDownwardsRotateZ,TesolloDownwardsRotateZ-20260626-053300-downwardsrotatez_sb_propriotarget_s0,proprio.target,0,5,70,3.5,0.0,0.0,0.0,2.43528,0.0,2.43528,3682863
downwards_rotate,downwards_sensor_sweep_120-20260625-124815,TesolloDownwardsRotateZ,TesolloDownwardsRotateZ-20260626-053300-downwardsrotatez_sb_propriotarget_s0,proprio.target,0,5,71,3.55,0.0,0.0,0.0,2.46816,0.0,2.46816,3682863
downwards_rotate,downwards_sensor_sweep_120-20260625-124815,TesolloDownwardsRotateZ,TesolloDownwardsRotateZ-20260626-053300-downwardsrotatez_sb_propriotarget_s0,proprio.target,0,5,72,3.6,0.0,0.0,0.0,2.49962,0.0,2.49962,3682863
downwards_rotate,downwards_sensor_sweep_120-20260625-124815,TesolloDownwardsRotateZ,TesolloDownwardsRotateZ-20260626-053300-downwardsrotatez_sb_propriotarget_s0,proprio.target,0,5,73,3.65,0.0,0.0,0.0,2.53205,0.0,2.53205,3682863
downwards_rotate,downwards_sensor_sweep_120-20260625-124815,TesolloDownwardsRotateZ,TesolloDownwardsRotateZ-20260626-053300-downwardsrotatez_sb_propriotarget_s0,proprio.target,0,5,74,3.7,0.0,0.0,0.0,2.56408,0.0,2.56408,3682863
downwards_rotate,downwards_sensor_sweep_120-20260625-124815,TesolloDownwardsRotateZ,TesolloDownwardsRotateZ-20260626-053300-downwardsrotatez_sb_propriotarget_s0,proprio.target,0,5,75,3.75,0.0,0.0,0.0,2.59629,0.0,2.59629,3682863
downwards_rotate,downwards_sensor_sweep_120-20260625-124815,TesolloDownwardsRotateZ,TesolloDownwardsRotateZ-20260626-053300-downwardsrotatez_sb_propriotarget_s0,proprio.target,0,5,76,3.8,0.0,0.0,0.0,2.62942,0.0,2.62942,3682863
downwards_rotate,downwards_sensor_sweep_120-20260625-124815,TesolloDownwardsRotateZ,TesolloDownwardsRotateZ-20260626-053300-downwardsrotatez_sb_propriotarget_s0,proprio.target,0,5,77,3.85,0.0,0.0,0.0,2.66244,0.0,2.66244,3682863
downwards_rotate,downwards_sensor_sweep_120-20260625-124815,TesolloDownwardsRotateZ,TesolloDownwardsRotateZ-20260626-053300-downwardsrotatez_sb_propriotarget_s0,proprio.target,0,5,78,3.9,0.0,0.0,0.0,2.69705,0.0,2.69705,3682863
downwards_rotate,downwards_sensor_sweep_120-20260625-124815,TesolloDownwardsRotateZ,TesolloDownwardsRotateZ-20260626-053300-downwardsrotatez_sb_propriotarget_s0,proprio.target,0,5,79,3.95,0.0,0.0,0.0,2.73245,0.0,2.73245,3682863
downwards_rotate,downwards_sensor_sweep_120-20260625-124815,TesolloDownwardsRotateZ,TesolloDownwardsRotateZ-20260626-053300-downwardsrotatez_sb_propriotarget_s0,proprio.target,0,5,80,4.0,0.0,0.0,0.0,2.76757,0.0,2.76757,3682863
downwards_rotate,downwards_sensor_sweep_120-20260625-124815,TesolloDownwardsRotateZ,TesolloDownwardsRotateZ-20260626-053300-downwardsrotatez_sb_propriotarget_s0,proprio.target,0,5,81,4.05,0.0,0.0,0.0,2.80257,0.0,2.80257,3682863
downwards_rotate,downwards_sensor_sweep_120-20260625-124815,TesolloDownwardsRotateZ,TesolloDownwardsRotateZ-20260626-053300-downwardsrotatez_sb_propriotarget_s0,proprio.target,0,5,82,4.1,0.0,0.0,0.0,2.83806,0.0,2.83806,3682863
downwards_rotate,downwards_sensor_sweep_120-20260625-124815,TesolloDownwardsRotateZ,TesolloDownwardsRotateZ-20260626-053300-downwardsrotatez_sb_propriotarget_s0,proprio.target,0,5,83,4.15,0.0,0.0,0.0,2.87461,0.0,2.87461,3682863
downwards_rotate,downwards_sensor_sweep_120-20260625-124815,TesolloDownwardsRotateZ,TesolloDownwardsRotateZ-20260626-053300-downwardsrotatez_sb_propriotarget_s0,proprio.target,0,5,84,4.2,0.0,0.0,0.0,2.91084,0.0,2.91084,3682863
downwards_rotate,downwards_sensor_sweep_120-20260625-124815,TesolloDownwardsRotateZ,TesolloDownwardsRotateZ-20260626-053300-downwardsrotatez_sb_propriotarget_s0,proprio.target,0,5,85,4.25,0.0,0.0,0.0,2.94712,0.0,2.94712,3682863
downwards_rotate,downwards_sensor_sweep_120-20260625-124815,TesolloDownwardsRotateZ,TesolloDownwardsRotateZ-20260626-053300-downwardsrotatez_sb_propriotarget_s0,proprio.target,0,5,86,4.3,0.0,0.0,0.0,2.98314,0.0,2.98314,3682863
downwards_rotate,downwards_sensor_sweep_120-20260625-124815,TesolloDownwardsRotateZ,TesolloDownwardsRotateZ-20260626-053300-downwardsrotatez_sb_propriotarget_s0,proprio.target,0,5,87,4.35,0.0,0.0,0.0,3.01905,0.0,3.01905,3682863
downwards_rotate,downwards_sensor_sweep_120-20260625-124815,TesolloDownwardsRotateZ,TesolloDownwardsRotateZ-20260626-053300-downwardsrotatez_sb_propriotarget_s0,proprio.target,0,5,88,4.4,0.0,0.0,0.0,3.05447,0.0,3.05447,3682863
downwards_rotate,downwards_sensor_sweep_120-20260625-124815,TesolloDownwardsRotateZ,TesolloDownwardsRotateZ-20260626-053300-downwardsrotatez_sb_propriotarget_s0,proprio.target,0,5,89,4.45,0.0,0.0,0.0,3.09035,0.0,3.09035,3682863
downwards_rotate,downwards_sensor_sweep_120-20260625-124815,TesolloDownwardsRotateZ,TesolloDownwardsRotateZ-20260626-053300-downwardsrotatez_sb_propriotarget_s0,proprio.target,0,5,90,4.5,0.0,0.0,0.0,3.12337,0.0,3.12337,3682863
downwards_rotate,downwards_sensor_sweep_120-20260625-124815,TesolloDownwardsRotateZ,TesolloDownwardsRotateZ-20260626-053300-downwardsrotatez_sb_propriotarget_s0,proprio.target,0,5,91,4.55,0.0,0.0,0.0,3.15551,0.0,3.15551,3682863
downwards_rotate,downwards_sensor_sweep_120-20260625-124815,TesolloDownwardsRotateZ,TesolloDownwardsRotateZ-20260626-053300-downwardsrotatez_sb_propriotarget_s0,proprio.target,0,5,92,4.6,0.0,0.0,0.0,3.18674,0.0,3.18674,3682863
downwards_rotate,downwards_sensor_sweep_120-20260625-124815,TesolloDownwardsRotateZ,TesolloDownwardsRotateZ-20260626-053300-downwardsrotatez_sb_propriotarget_s0,proprio.target,0,5,93,4.65,0.0,0.0,0.0,3.21671,0.0,3.21671,3682863
downwards_rotate,downwards_sensor_sweep_120-20260625-124815,TesolloDownwardsRotateZ,TesolloDownwardsRotateZ-20260626-053300-downwardsrotatez_sb_propriotarget_s0,proprio.target,0,5,94,4.7,0.0,0.0,0.0,3.24637,0.0,3.24637,3682863
downwards_rotate,downwards_sensor_sweep_120-20260625-124815,TesolloDownwardsRotateZ,TesolloDownwardsRotateZ-20260626-053300-downwardsrotatez_sb_propriotarget_s0,proprio.target,0,5,95,4.75,0.0,0.0,0.0,3.27498,0.0,3.27498,3682863
downwards_rotate,downwards_sensor_sweep_120-20260625-124815,TesolloDownwardsRotateZ,TesolloDownwardsRotateZ-20260626-053300-downwardsrotatez_sb_propriotarget_s0,proprio.target,0,5,96,4.8,0.0,0.0,0.0,3.30256,0.0,3.30256,3682863
downwards_rotate,downwards_sensor_sweep_120-20260625-124815,TesolloDownwardsRotateZ,TesolloDownwardsRotateZ-20260626-053300-downwardsrotatez_sb_propriotarget_s0,proprio.target,0,5,97,4.85,0.0,0.0,0.0,3.32934,0.0,3.32934,3682863
downwards_rotate,downwards_sensor_sweep_120-20260625-124815,TesolloDownwardsRotateZ,TesolloDownwardsRotateZ-20260626-053300-downwardsrotatez_sb_propriotarget_s0,proprio.target,0,5,98,4.9,0.0,0.0,0.0,3.35552,0.0,3.35552,3682863
downwards_rotate,downwards_sensor_sweep_120-20260625-124815,TesolloDownwardsRotateZ,TesolloDownwardsRotateZ-20260626-053300-downwardsrotatez_sb_propriotarget_s0,proprio.target,0,5,99,4.95,0.0,0.0,0.0,3.3812,0.0,3.3812,3682863
downwards_rotate,downwards_sensor_sweep_120-20260625-124815,TesolloDownwardsRotateZ,TesolloDownwardsRotateZ-20260626-053300-downwardsrotatez_sb_propriotarget_s0,proprio.target,0,5,100,5.0,0.0,0.0,0.0,3.40553,0.0,3.40553,3682863
downwards_rotate,downwards_sensor_sweep_120-20260625-124815,TesolloDownwardsRotateZ,TesolloDownwardsRotateZ-20260626-053300-downwardsrotatez_sb_propriotarget_s0,proprio.target,0,5,101,5.05,0.0,0.0,0.0,3.42885,0.0,3.42885,3682863
downwards_rotate,downwards_sensor_sweep_120-20260625-124815,TesolloDownwardsRotateZ,TesolloDownwardsRotateZ-20260626-053300-downwardsrotatez_sb_propriotarget_s0,proprio.target,0,5,102,5.1,0.0,0.0,0.0,3.45228,0.0,3.45228,3682863
downwards_rotate,downwards_sensor_sweep_120-20260625-124815,TesolloDownwardsRotateZ,TesolloDownwardsRotateZ-20260626-053300-downwardsrotatez_sb_propriotarget_s0,proprio.target,0,5,103,5.15,0.0,0.0,0.0,3.47457,0.0,3.47457,3682863
downwards_rotate,downwards_sensor_sweep_120-20260625-124815,TesolloDownwardsRotateZ,TesolloDownwardsRotateZ-20260626-053300-downwardsrotatez_sb_propriotarget_s0,proprio.target,0,5,104,5.2,0.0,0.0,0.0,3.49588,0.0,3.49588,3682863
downwards_rotate,downwards_sensor_sweep_120-20260625-124815,TesolloDownwardsRotateZ,TesolloDownwardsRotateZ-20260626-053300-downwardsrotatez_sb_propriotarget_s0,proprio.target,0,5,105,5.25,0.0,0.0,0.0,3.51688,0.0,3.51688,3682863
downwards_rotate,downwards_sensor_sweep_120-20260625-124815,TesolloDownwardsRotateZ,TesolloDownwardsRotateZ-20260626-053300-downwardsrotatez_sb_propriotarget_s0,proprio.target,0,5,106,5.3,0.0,0.0,0.0,3.53674,0.0,3.53674,3682863
downwards_rotate,downwards_sensor_sweep_120-20260625-124815,TesolloDownwardsRotateZ,TesolloDownwardsRotateZ-20260626-053300-downwardsrotatez_sb_propriotarget_s0,proprio.target,0,5,107,5.35,0.0,0.0,0.0,3.55645,0.0,3.55645,3682863
downwards_rotate,downwards_sensor_sweep_120-20260625-124815,TesolloDownwardsRotateZ,TesolloDownwardsRotateZ-20260626-053300-downwardsrotatez_sb_propriotarget_s0,proprio.target,0,5,108,5.4,0.0,0.0,0.0,3.5737,0.0,3.5737,3682863
downwards_rotate,downwards_sensor_sweep_120-20260625-124815,TesolloDownwardsRotateZ,TesolloDownwardsRotateZ-20260626-053300-downwardsrotatez_sb_propriotarget_s0,proprio.target,0,5,109,5.45,0.0,0.0,0.0,3.59102,0.0,3.59102,3682863
downwards_rotate,downwards_sensor_sweep_120-20260625-124815,TesolloDownwardsRotateZ,TesolloDownwardsRotateZ-20260626-053300-downwardsrotatez_sb_propriotarget_s0,proprio.target,0,5,110,5.5,0.0,0.0,0.0,3.60823,0.0,3.60823,3682863
downwards_rotate,downwards_sensor_sweep_120-20260625-124815,TesolloDownwardsRotateZ,TesolloDownwardsRotateZ-20260626-053300-downwardsrotatez_sb_propriotarget_s0,proprio.target,0,5,111,5.55,0.0,0.0,0.0,3.62482,0.0,3.62482,3682863
downwards_rotate,downwards_sensor_sweep_120-20260625-124815,TesolloDownwardsRotateZ,TesolloDownwardsRotateZ-20260626-053300-downwardsrotatez_sb_propriotarget_s0,proprio.target,0,5,112,5.6,0.0,0.0,0.0,3.64059,0.0,3.64059,3682863
downwards_rotate,downwards_sensor_sweep_120-20260625-124815,TesolloDownwardsRotateZ,TesolloDownwardsRotateZ-20260626-053300-downwardsrotatez_sb_propriotarget_s0,proprio.target,0,5,113,5.65,0.0,0.0,0.0,3.65623,0.0,3.65623,3682863
downwards_rotate,downwards_sensor_sweep_120-20260625-124815,TesolloDownwardsRotateZ,TesolloDownwardsRotateZ-20260626-053300-downwardsrotatez_sb_propriotarget_s0,proprio.target,0,5,114,5.7,0.0,0.0,0.0,3.67113,0.0,3.67113,3682863
downwards_rotate,downwards_sensor_sweep_120-20260625-124815,TesolloDownwardsRotateZ,TesolloDownwardsRotateZ-20260626-053300-downwardsrotatez_sb_propriotarget_s0,proprio.target,0,5,115,5.75,0.0,0.0,0.0,3.68519,0.0,3.68519,3682863
downwards_rotate,downwards_sensor_sweep_120-20260625-124815,TesolloDownwardsRotateZ,TesolloDownwardsRotateZ-20260626-053300-downwardsrotatez_sb_propriotarget_s0,proprio.target,0,5,116,5.8,0.0,0.0,0.0,3.69877,0.0,3.69877,3682863
downwards_rotate,downwards_sensor_sweep_120-20260625-124815,TesolloDownwardsRotateZ,TesolloDownwardsRotateZ-20260626-053300-downwardsrotatez_sb_propriotarget_s0,proprio.target,0,5,117,5.85,0.0,0.0,0.0,3.71201,0.0,3.71201,3682863
downwards_rotate,downwards_sensor_sweep_120-20260625-124815,TesolloDownwardsRotateZ,TesolloDownwardsRotateZ-20260626-053300-downwardsrotatez_sb_propriotarget_s0,proprio.target,0,5,118,5.9,0.0,0.0,0.0,3.72501,0.0,3.72501,3682863
downwards_rotate,downwards_sensor_sweep_120-20260625-124815,TesolloDownwardsRotateZ,TesolloDownwardsRotateZ-20260626-053300-downwardsrotatez_sb_propriotarget_s0,proprio.target,0,5,119,5.95,0.0,0.0,0.0,3.73793,0.0,3.73793,3682863
downwards_rotate,downwards_sensor_sweep_120-20260625-124815,TesolloDownwardsRotateZ,TesolloDownwardsRotateZ-20260626-053300-downwardsrotatez_sb_propriotarget_s0,proprio.target,0,6,0,0.0,0.0,0.0,0.0,0.0,0.0,0.0,3682863
downwards_rotate,downwards_sensor_sweep_120-20260625-124815,TesolloDownwardsRotateZ,TesolloDownwardsRotateZ-20260626-053300-downwardsrotatez_sb_propriotarget_s0,proprio.target,0,6,1,0.05,0.0,0.0,0.0,0.0,0.0,0.0,3682863
downwards_rotate,downwards_sensor_sweep_120-20260625-124815,TesolloDownwardsRotateZ,TesolloDownwardsRotateZ-20260626-053300-downwardsrotatez_sb_propriotarget_s0,proprio.target,0,6,2,0.1,0.0,0.0,0.0,0.0,0.0,0.0,3682863
downwards_rotate,downwards_sensor_sweep_120-20260625-124815,TesolloDownwardsRotateZ,TesolloDownwardsRotateZ-20260626-053300-downwardsrotatez_sb_propriotarget_s0,proprio.target,0,6,3,0.15,2.6352,0.0,0.0,0.0,0.0,2.6352,3682863
downwards_rotate,downwards_sensor_sweep_120-20260625-124815,TesolloDownwardsRotateZ,TesolloDownwardsRotateZ-20260626-053300-downwardsrotatez_sb_propriotarget_s0,proprio.target,0,6,4,0.2,0.0,0.0,0.0,0.0,0.0,0.0,3682863
downwards_rotate,downwards_sensor_sweep_120-20260625-124815,TesolloDownwardsRotateZ,TesolloDownwardsRotateZ-20260626-053300-downwardsrotatez_sb_propriotarget_s0,proprio.target,0,6,5,0.25,2.85706,3.20532,0.0,0.0,0.0,6.06238,3682863
downwards_rotate,downwards_sensor_sweep_120-20260625-124815,TesolloDownwardsRotateZ,TesolloDownwardsRotateZ-20260626-053300-downwardsrotatez_sb_propriotarget_s0,proprio.target,0,6,6,0.3,2.09797,3.04693,0.0,0.0,0.0,5.1449,3682863
downwards_rotate,downwards_sensor_sweep_120-20260625-124815,TesolloDownwardsRotateZ,TesolloDownwardsRotateZ-20260626-053300-downwardsrotatez_sb_propriotarget_s0,proprio.target,0,6,7,0.35,1.85606,2.47231,0.0,0.0,0.0,4.32837,3682863
downwards_rotate,downwards_sensor_sweep_120-20260625-124815,TesolloDownwardsRotateZ,TesolloDownwardsRotateZ-20260626-053300-downwardsrotatez_sb_propriotarget_s0,proprio.target,0,6,8,0.4,0.0,2.41801,0.0,0.0,0.0,2.41801,3682863
downwards_rotate,downwards_sensor_sweep_120-20260625-124815,TesolloDownwardsRotateZ,TesolloDownwardsRotateZ-20260626-053300-downwardsrotatez_sb_propriotarget_s0,proprio.target,0,6,9,0.45,0.0,2.6405,1.24416,0.72855,0.0,4.61321,3682863
downwards_rotate,downwards_sensor_sweep_120-20260625-124815,TesolloDownwardsRotateZ,TesolloDownwardsRotateZ-20260626-053300-downwardsrotatez_sb_propriotarget_s0,proprio.target,0,6,10,0.5,1.63135,2.62039,1.17191,0.38893,0.0,5.81258,3682863
downwards_rotate,downwards_sensor_sweep_120-20260625-124815,TesolloDownwardsRotateZ,TesolloDownwardsRotateZ-20260626-053300-downwardsrotatez_sb_propriotarget_s0,proprio.target,0,6,11,0.55,2.10527,2.26842,1.63262,0.89552,0.0,6.90183,3682863
downwards_rotate,downwards_sensor_sweep_120-20260625-124815,TesolloDownwardsRotateZ,TesolloDownwardsRotateZ-20260626-053300-downwardsrotatez_sb_propriotarget_s0,proprio.target,0,6,12,0.6,1.92982,2.44869,1.63497,0.80896,0.0,6.82244,3682863
downwards_rotate,downwards_sensor_sweep_120-20260625-124815,TesolloDownwardsRotateZ,TesolloDownwardsRotateZ-20260626-053300-downwardsrotatez_sb_propriotarget_s0,proprio.target,0,6,13,0.65,2.06214,2.36273,1.65416,0.52512,0.0,6.60416,3682863
downwards_rotate,downwards_sensor_sweep_120-20260625-124815,TesolloDownwardsRotateZ,TesolloDownwardsRotateZ-20260626-053300-downwardsrotatez_sb_propriotarget_s0,proprio.target,0,6,14,0.7,2.14977,2.34678,1.805,0.0,0.0,6.30155,3682863
downwards_rotate,downwards_sensor_sweep_120-20260625-124815,TesolloDownwardsRotateZ,TesolloDownwardsRotateZ-20260626-053300-downwardsrotatez_sb_propriotarget_s0,proprio.target,0,6,15,0.75,2.73639,2.3656,1.9585,0.0,0.0,7.06048,3682863
downwards_rotate,downwards_sensor_sweep_120-20260625-124815,TesolloDownwardsRotateZ,TesolloDownwardsRotateZ-20260626-053300-downwardsrotatez_sb_propriotarget_s0,proprio.target,0,6,16,0.8,3.10992,2.17665,2.28669,0.62165,0.20873,8.40364,3682863
downwards_rotate,downwards_sensor_sweep_120-20260625-124815,TesolloDownwardsRotateZ,TesolloDownwardsRotateZ-20260626-053300-downwardsrotatez_sb_propriotarget_s0,proprio.target,0,6,17,0.85,3.4498,1.62249,2.62568,1.06936,1.20102,9.96834,3682863
downwards_rotate,downwards_sensor_sweep_120-20260625-124815,TesolloDownwardsRotateZ,TesolloDownwardsRotateZ-20260626-053300-downwardsrotatez_sb_propriotarget_s0,proprio.target,0,6,18,0.9,3.5643,1.15175,3.06907,1.4883,1.47333,10.74675,3682863
downwards_rotate,downwards_sensor_sweep_120-20260625-124815,TesolloDownwardsRotateZ,TesolloDownwardsRotateZ-20260626-053300-downwardsrotatez_sb_propriotarget_s0,proprio.target,0,6,19,0.95,5.19732,1.16731,3.46759,2.01269,1.69118,13.53608,3682863
downwards_rotate,downwards_sensor_sweep_120-20260625-124815,TesolloDownwardsRotateZ,TesolloDownwardsRotateZ-20260626-053300-downwardsrotatez_sb_propriotarget_s0,proprio.target,0,6,20,1.0,5.7182,1.09131,3.30786,2.90451,1.65949,14.68137,3682863
downwards_rotate,downwards_sensor_sweep_120-20260625-124815,TesolloDownwardsRotateZ,TesolloDownwardsRotateZ-20260626-053300-downwardsrotatez_sb_propriotarget_s0,proprio.target,0,6,21,1.05,4.25242,2.63468,2.60946,2.75194,1.45047,13.69897,3682863
downwards_rotate,downwards_sensor_sweep_120-20260625-124815,TesolloDownwardsRotateZ,TesolloDownwardsRotateZ-20260626-053300-downwardsrotatez_sb_propriotarget_s0,proprio.target,0,6,22,1.1,4.9111,1.36648,3.28388,2.99765,1.63686,14.19597,3682863
downwards_rotate,downwards_sensor_sweep_120-20260625-124815,TesolloDownwardsRotateZ,TesolloDownwardsRotateZ-20260626-053300-downwardsrotatez_sb_propriotarget_s0,proprio.target,0,6,23,1.15,4.766,1.55655,3.30693,2.95194,1.59447,14.17589,3682863
downwards_rotate,downwards_sensor_sweep_120-20260625-124815,TesolloDownwardsRotateZ,TesolloDownwardsRotateZ-20260626-053300-downwardsrotatez_sb_propriotarget_s0,proprio.target,0,6,24,1.2,4.70554,1.63194,3.28476,2.9147,1.57323,14.11017,3682863
downwards_rotate,downwards_sensor_sweep_120-20260625-124815,TesolloDownwardsRotateZ,TesolloDownwardsRotateZ-20260626-053300-downwardsrotatez_sb_propriotarget_s0,proprio.target,0,6,25,1.25,4.67432,1.69833,3.29133,2.9022,1.57659,14.14277,3682863
downwards_rotate,downwards_sensor_sweep_120-20260625-124815,TesolloDownwardsRotateZ,TesolloDownwardsRotateZ-20260626-053300-downwardsrotatez_sb_propriotarget_s0,proprio.target,0,6,26,1.3,4.33829,1.8586,3.55966,2.59144,1.53612,13.88411,3682863
downwards_rotate,downwards_sensor_sweep_120-20260625-124815,TesolloDownwardsRotateZ,TesolloDownwardsRotateZ-20260626-053300-downwardsrotatez_sb_propriotarget_s0,proprio.target,0,6,27,1.35,4.59898,1.6836,3.35603,2.95582,1.62307,14.21751,3682863
downwards_rotate,downwards_sensor_sweep_120-20260625-124815,TesolloDownwardsRotateZ,TesolloDownwardsRotateZ-20260626-053300-downwardsrotatez_sb_propriotarget_s0,proprio.target,0,6,28,1.4,4.59536,1.73345,3.3518,2.92907,1.68628,14.29597,3682863
downwards_rotate,downwards_sensor_sweep_120-20260625-124815,TesolloDownwardsRotateZ,TesolloDownwardsRotateZ-20260626-053300-downwardsrotatez_sb_propriotarget_s0,proprio.target,0,6,29,1.45,4.57138,1.7745,3.35017,2.91134,1.71767,14.32506,3682863
downwards_rotate,downwards_sensor_sweep_120-20260625-124815,TesolloDownwardsRotateZ,TesolloDownwardsRotateZ-20260626-053300-downwardsrotatez_sb_propriotarget_s0,proprio.target,0,6,30,1.5,4.55043,1.82248,3.35311,2.90085,1.74442,14.37129,3682863
downwards_rotate,downwards_sensor_sweep_120-20260625-124815,TesolloDownwardsRotateZ,TesolloDownwardsRotateZ-20260626-053300-downwardsrotatez_sb_propriotarget_s0,proprio.target,0,6,31,1.55,4.28129,1.95424,3.4955,2.62334,1.71766,14.07203,3682863
downwards_rotate,downwards_sensor_sweep_120-20260625-124815,TesolloDownwardsRotateZ,TesolloDownwardsRotateZ-20260626-053300-downwardsrotatez_sb_propriotarget_s0,proprio.target,0,6,32,1.6,4.47015,1.79556,3.43604,2.94367,1.77441,14.41983,3682863
downwards_rotate,downwards_sensor_sweep_120-20260625-124815,TesolloDownwardsRotateZ,TesolloDownwardsRotateZ-20260626-053300-downwardsrotatez_sb_propriotarget_s0,proprio.target,0,6,33,1.65,4.45664,1.85405,3.42477,2.92084,1.81927,14.47556,3682863
downwards_rotate,downwards_sensor_sweep_120-20260625-124815,TesolloDownwardsRotateZ,TesolloDownwardsRotateZ-20260626-053300-downwardsrotatez_sb_propriotarget_s0,proprio.target,0,6,34,1.7,4.38463,1.92369,3.42721,2.81381,1.83411,14.38345,3682863
downwards_rotate,downwards_sensor_sweep_120-20260625-124815,TesolloDownwardsRotateZ,TesolloDownwardsRotateZ-20260626-053300-downwardsrotatez_sb_propriotarget_s0,proprio.target,0,6,35,1.75,4.48716,1.86882,3.41257,2.04349,1.33952,13.15156,3682863
downwards_rotate,downwards_sensor_sweep_120-20260625-124815,TesolloDownwardsRotateZ,TesolloDownwardsRotateZ-20260626-053300-downwardsrotatez_sb_propriotarget_s0,proprio.target,0,6,36,1.8,4.02349,2.10953,3.59877,2.02618,1.65853,13.4165,3682863
downwards_rotate,downwards_sensor_sweep_120-20260625-124815,TesolloDownwardsRotateZ,TesolloDownwardsRotateZ-20260626-053300-downwardsrotatez_sb_propriotarget_s0,proprio.target,0,6,37,1.85,4.49172,1.83406,3.48795,1.62896,0.94948,12.39217,3682863
downwards_rotate,downwards_sensor_sweep_120-20260625-124815,TesolloDownwardsRotateZ,TesolloDownwardsRotateZ-20260626-053300-downwardsrotatez_sb_propriotarget_s0,proprio.target,0,6,38,1.9,4.53761,1.9337,3.48267,1.46826,0.8418,12.26405,3682863
downwards_rotate,downwards_sensor_sweep_120-20260625-124815,TesolloDownwardsRotateZ,TesolloDownwardsRotateZ-20260626-053300-downwardsrotatez_sb_propriotarget_s0,proprio.target,0,6,39,1.95,4.58224,2.02018,3.48323,1.31611,0.79139,12.19315,3682863
downwards_rotate,downwards_sensor_sweep_120-20260625-124815,TesolloDownwardsRotateZ,TesolloDownwardsRotateZ-20260626-053300-downwardsrotatez_sb_propriotarget_s0,proprio.target,0,6,40,2.0,4.59829,2.11696,3.48909,1.24056,0.71551,12.1604,3682863
downwards_rotate,downwards_sensor_sweep_120-20260625-124815,TesolloDownwardsRotateZ,TesolloDownwardsRotateZ-20260626-053300-downwardsrotatez_sb_propriotarget_s0,proprio.target,0,6,41,2.05,4.59772,2.17157,3.44075,1.21223,0.65772,12.07998,3682863
downwards_rotate,downwards_sensor_sweep_120-20260625-124815,TesolloDownwardsRotateZ,TesolloDownwardsRotateZ-20260626-053300-downwardsrotatez_sb_propriotarget_s0,proprio.target,0,6,42,2.1,4.51303,2.18379,3.4122,1.31245,0.64005,12.06152,3682863
downwards_rotate,downwards_sensor_sweep_120-20260625-124815,TesolloDownwardsRotateZ,TesolloDownwardsRotateZ-20260626-053300-downwardsrotatez_sb_propriotarget_s0,proprio.target,0,6,43,2.15,4.54335,2.25075,3.37253,1.22773,0.56418,11.95855,3682863
downwards_rotate,downwards_sensor_sweep_120-20260625-124815,TesolloDownwardsRotateZ,TesolloDownwardsRotateZ-20260626-053300-downwardsrotatez_sb_propriotarget_s0,proprio.target,0,6,44,2.2,4.57873,2.30425,3.28774,1.24819,0.51313,11.93204,3682863
downwards_rotate,downwards_sensor_sweep_120-20260625-124815,TesolloDownwardsRotateZ,TesolloDownwardsRotateZ-20260626-053300-downwardsrotatez_sb_propriotarget_s0,proprio.target,0,6,45,2.25,4.60581,2.3228,2.86717,1.47554,0.46497,11.7363,3682863
downwards_rotate,downwards_sensor_sweep_120-20260625-124815,TesolloDownwardsRotateZ,TesolloDownwardsRotateZ-20260626-053300-downwardsrotatez_sb_propriotarget_s0,proprio.target,0,6,46,2.3,4.6004,2.39638,2.51791,1.60922,0.40903,11.53294,3682863
downwards_rotate,downwards_sensor_sweep_120-20260625-124815,TesolloDownwardsRotateZ,TesolloDownwardsRotateZ-20260626-053300-downwardsrotatez_sb_propriotarget_s0,proprio.target,0,6,47,2.35,4.59201,2.49163,2.23883,1.67514,0.36038,11.358,3682863
downwards_rotate,downwards_sensor_sweep_120-20260625-124815,TesolloDownwardsRotateZ,TesolloDownwardsRotateZ-20260626-053300-downwardsrotatez_sb_propriotarget_s0,proprio.target,0,6,48,2.4,4.61008,2.63487,1.94799,1.73803,0.30891,11.23988,3682863
downwards_rotate,downwards_sensor_sweep_120-20260625-124815,TesolloDownwardsRotateZ,TesolloDownwardsRotateZ-20260626-053300-downwardsrotatez_sb_propriotarget_s0,proprio.target,0,6,49,2.45,4.67176,2.75058,1.5074,1.77627,0.30369,11.0097,3682863
downwards_rotate,downwards_sensor_sweep_120-20260625-124815,TesolloDownwardsRotateZ,TesolloDownwardsRotateZ-20260626-053300-downwardsrotatez_sb_propriotarget_s0,proprio.target,0,6,50,2.5,4.6581,3.08748,0.50059,2.1288,0.27961,10.65457,3682863
downwards_rotate,downwards_sensor_sweep_120-20260625-124815,TesolloDownwardsRotateZ,TesolloDownwardsRotateZ-20260626-053300-downwardsrotatez_sb_propriotarget_s0,proprio.target,0,6,51,2.55,4.65942,2.66681,0.0,2.24749,0.46551,10.03924,3682863
downwards_rotate,downwards_sensor_sweep_120-20260625-124815,TesolloDownwardsRotateZ,TesolloDownwardsRotateZ-20260626-053300-downwardsrotatez_sb_propriotarget_s0,proprio.target,0,6,52,2.6,4.58878,3.10864,0.0,2.22019,0.56405,10.48166,3682863
downwards_rotate,downwards_sensor_sweep_120-20260625-124815,TesolloDownwardsRotateZ,TesolloDownwardsRotateZ-20260626-053300-downwardsrotatez_sb_propriotarget_s0,proprio.target,0,6,53,2.65,4.54892,3.1377,0.0,2.25409,0.68763,10.62834,3682863
downwards_rotate,downwards_sensor_sweep_120-20260625-124815,TesolloDownwardsRotateZ,TesolloDownwardsRotateZ-20260626-053300-downwardsrotatez_sb_propriotarget_s0,proprio.target,0,6,54,2.7,4.4798,3.14171,0.0,2.14979,0.4854,10.2567,3682863
downwards_rotate,downwards_sensor_sweep_120-20260625-124815,TesolloDownwardsRotateZ,TesolloDownwardsRotateZ-20260626-053300-downwardsrotatez_sb_propriotarget_s0,proprio.target,0,6,55,2.75,4.29503,3.2524,0.0,2.00934,0.64817,10.20494,3682863
downwards_rotate,downwards_sensor_sweep_120-20260625-124815,TesolloDownwardsRotateZ,TesolloDownwardsRotateZ-20260626-053300-downwardsrotatez_sb_propriotarget_s0,proprio.target,0,6,56,2.8,4.84027,2.99176,1.50317,1.89255,0.38561,11.61336,3682863
downwards_rotate,downwards_sensor_sweep_120-20260625-124815,TesolloDownwardsRotateZ,TesolloDownwardsRotateZ-20260626-053300-downwardsrotatez_sb_propriotarget_s0,proprio.target,0,6,57,2.85,4.69809,2.38379,3.01971,1.17906,0.33946,11.62011,3682863
downwards_rotate,downwards_sensor_sweep_120-20260625-124815,TesolloDownwardsRotateZ,TesolloDownwardsRotateZ-20260626-053300-downwardsrotatez_sb_propriotarget_s0,proprio.target,0,6,58,2.9,4.63648,2.18997,3.36954,0.92979,0.26083,11.38661,3682863
downwards_rotate,downwards_sensor_sweep_120-20260625-124815,TesolloDownwardsRotateZ,TesolloDownwardsRotateZ-20260626-053300-downwardsrotatez_sb_propriotarget_s0,proprio.target,0,6,59,2.95,4.75073,1.73761,3.38518,0.69168,0.0,10.56519,3682863
downwards_rotate,downwards_sensor_sweep_120-20260625-124815,TesolloDownwardsRotateZ,TesolloDownwardsRotateZ-20260626-053300-downwardsrotatez_sb_propriotarget_s0,proprio.target,0,6,60,3.0,4.80834,1.64243,3.36985,1.05721,0.60991,11.48773,3682863
downwards_rotate,downwards_sensor_sweep_120-20260625-124815,TesolloDownwardsRotateZ,TesolloDownwardsRotateZ-20260626-053300-downwardsrotatez_sb_propriotarget_s0,proprio.target,0,6,61,3.05,4.91917,1.49376,3.38859,0.7113,0.0,10.51282,3682863
downwards_rotate,downwards_sensor_sweep_120-20260625-124815,TesolloDownwardsRotateZ,TesolloDownwardsRotateZ-20260626-053300-downwardsrotatez_sb_propriotarget_s0,proprio.target,0,6,62,3.1,4.92286,1.52277,3.38138,0.67981,0.0,10.50683,3682863
downwards_rotate,downwards_sensor_sweep_120-20260625-124815,TesolloDownwardsRotateZ,TesolloDownwardsRotateZ-20260626-053300-downwardsrotatez_sb_propriotarget_s0,proprio.target,0,6,63,3.15,4.94095,1.57925,3.3765,0.68688,0.0,10.58358,3682863
downwards_rotate,downwards_sensor_sweep_120-20260625-124815,TesolloDownwardsRotateZ,TesolloDownwardsRotateZ-20260626-053300-downwardsrotatez_sb_propriotarget_s0,proprio.target,0,6,64,3.2,4.84722,1.54926,3.45244,0.67616,0.04825,10.57333,3682863
downwards_rotate,downwards_sensor_sweep_120-20260625-124815,TesolloDownwardsRotateZ,TesolloDownwardsRotateZ-20260626-053300-downwardsrotatez_sb_propriotarget_s0,proprio.target,0,6,65,3.25,4.80369,1.66379,3.44163,0.67835,0.10003,10.68748,3682863
downwards_rotate,downwards_sensor_sweep_120-20260625-124815,TesolloDownwardsRotateZ,TesolloDownwardsRotateZ-20260626-053300-downwardsrotatez_sb_propriotarget_s0,proprio.target,0,6,66,3.3,4.7499,1.73272,3.43393,0.66251,0.13277,10.71184,3682863
downwards_rotate,downwards_sensor_sweep_120-20260625-124815,TesolloDownwardsRotateZ,TesolloDownwardsRotateZ-20260626-053300-downwardsrotatez_sb_propriotarget_s0,proprio.target,0,6,67,3.35,4.71841,1.76076,3.4297,0.67431,0.14805,10.73123,3682863
downwards_rotate,downwards_sensor_sweep_120-20260625-124815,TesolloDownwardsRotateZ,TesolloDownwardsRotateZ-20260626-053300-downwardsrotatez_sb_propriotarget_s0,proprio.target,0,6,68,3.4,4.67219,1.72144,3.49571,0.69492,0.14362,10.72788,3682863
downwards_rotate,downwards_sensor_sweep_120-20260625-124815,TesolloDownwardsRotateZ,TesolloDownwardsRotateZ-20260626-053300-downwardsrotatez_sb_propriotarget_s0,proprio.target,0,6,69,3.45,4.66433,1.96449,3.48131,0.71708,0.14493,10.97214,3682863
downwards_rotate,downwards_sensor_sweep_120-20260625-124815,TesolloDownwardsRotateZ,TesolloDownwardsRotateZ-20260626-053300-downwardsrotatez_sb_propriotarget_s0,proprio.target,0,6,70,3.5,4.67347,2.12339,3.5215,0.77161,0.15165,11.24162,3682863
downwards_rotate,downwards_sensor_sweep_120-20260625-124815,TesolloDownwardsRotateZ,TesolloDownwardsRotateZ-20260626-053300-downwardsrotatez_sb_propriotarget_s0,proprio.target,0,6,71,3.55,4.64985,2.18149,3.54646,0.80233,0.17513,11.35525,3682863
downwards_rotate,downwards_sensor_sweep_120-20260625-124815,TesolloDownwardsRotateZ,TesolloDownwardsRotateZ-20260626-053300-downwardsrotatez_sb_propriotarget_s0,proprio.target,0,6,72,3.6,4.61371,2.21543,3.56526,0.84781,0.20065,11.44285,3682863
downwards_rotate,downwards_sensor_sweep_120-20260625-124815,TesolloDownwardsRotateZ,TesolloDownwardsRotateZ-20260626-053300-downwardsrotatez_sb_propriotarget_s0,proprio.target,0,6,73,3.65,4.50498,2.19441,3.61828,0.91557,0.22359,11.45683,3682863
downwards_rotate,downwards_sensor_sweep_120-20260625-124815,TesolloDownwardsRotateZ,TesolloDownwardsRotateZ-20260626-053300-downwardsrotatez_sb_propriotarget_s0,proprio.target,0,6,74,3.7,4.50221,2.24929,3.63459,0.95108,0.23634,11.5735,3682863
downwards_rotate,downwards_sensor_sweep_120-20260625-124815,TesolloDownwardsRotateZ,TesolloDownwardsRotateZ-20260626-053300-downwardsrotatez_sb_propriotarget_s0,proprio.target,0,6,75,3.75,4.49163,2.2604,3.66058,1.002,0.25684,11.67146,3682863
downwards_rotate,downwards_sensor_sweep_120-20260625-124815,TesolloDownwardsRotateZ,TesolloDownwardsRotateZ-20260626-053300-downwardsrotatez_sb_propriotarget_s0,proprio.target,0,6,76,3.8,4.53244,2.28348,3.32158,1.21132,0.2557,11.60452,3682863
downwards_rotate,downwards_sensor_sweep_120-20260625-124815,TesolloDownwardsRotateZ,TesolloDownwardsRotateZ-20260626-053300-downwardsrotatez_sb_propriotarget_s0,proprio.target,0,6,77,3.85,4.49381,2.36755,2.68622,1.37644,0.22351,11.14754,3682863
downwards_rotate,downwards_sensor_sweep_120-20260625-124815,TesolloDownwardsRotateZ,TesolloDownwardsRotateZ-20260626-053300-downwardsrotatez_sb_propriotarget_s0,proprio.target,0,6,78,3.9,4.50284,2.48364,2.20621,1.56373,0.17349,10.9299,3682863
downwards_rotate,downwards_sensor_sweep_120-20260625-124815,TesolloDownwardsRotateZ,TesolloDownwardsRotateZ-20260626-053300-downwardsrotatez_sb_propriotarget_s0,proprio.target,0,6,79,3.95,4.00787,3.65697,1.43619,1.99356,1.1425,12.23709,3682863
downwards_rotate,downwards_sensor_sweep_120-20260625-124815,TesolloDownwardsRotateZ,TesolloDownwardsRotateZ-20260626-053300-downwardsrotatez_sb_propriotarget_s0,proprio.target,0,6,80,4.0,4.49749,2.95411,0.0,2.22039,0.24855,9.92054,3682863
downwards_rotate,downwards_sensor_sweep_120-20260625-124815,TesolloDownwardsRotateZ,TesolloDownwardsRotateZ-20260626-053300-downwardsrotatez_sb_propriotarget_s0,proprio.target,0,6,81,4.05,4.35087,2.78597,0.0,2.06172,0.55636,9.75491,3682863
downwards_rotate,downwards_sensor_sweep_120-20260625-124815,TesolloDownwardsRotateZ,TesolloDownwardsRotateZ-20260626-053300-downwardsrotatez_sb_propriotarget_s0,proprio.target,0,6,82,4.1,4.43489,3.10001,0.0,2.17211,0.53599,10.24301,3682863
downwards_rotate,downwards_sensor_sweep_120-20260625-124815,TesolloDownwardsRotateZ,TesolloDownwardsRotateZ-20260626-053300-downwardsrotatez_sb_propriotarget_s0,proprio.target,0,6,83,4.15,4.4464,3.17902,0.0,2.17635,0.43501,10.23677,3682863
downwards_rotate,downwards_sensor_sweep_120-20260625-124815,TesolloDownwardsRotateZ,TesolloDownwardsRotateZ-20260626-053300-downwardsrotatez_sb_propriotarget_s0,proprio.target,0,6,84,4.2,4.21748,3.28438,0.0,2.06335,0.95417,10.51937,3682863
downwards_rotate,downwards_sensor_sweep_120-20260625-124815,TesolloDownwardsRotateZ,TesolloDownwardsRotateZ-20260626-053300-downwardsrotatez_sb_propriotarget_s0,proprio.target,0,6,85,4.25,4.52846,3.16762,0.0,2.05522,0.28793,10.03923,3682863
downwards_rotate,downwards_sensor_sweep_120-20260625-124815,TesolloDownwardsRotateZ,TesolloDownwardsRotateZ-20260626-053300-downwardsrotatez_sb_propriotarget_s0,proprio.target,0,6,86,4.3,4.78756,3.02784,1.18903,1.79087,0.27434,11.06964,3682863
downwards_rotate,downwards_sensor_sweep_120-20260625-124815,TesolloDownwardsRotateZ,TesolloDownwardsRotateZ-20260626-053300-downwardsrotatez_sb_propriotarget_s0,proprio.target,0,6,87,4.35,4.65149,2.56783,2.79611,1.13034,0.2409,11.38667,3682863
downwards_rotate,downwards_sensor_sweep_120-20260625-124815,TesolloDownwardsRotateZ,TesolloDownwardsRotateZ-20260626-053300-downwardsrotatez_sb_propriotarget_s0,proprio.target,0,6,88,4.4,4.6243,2.23902,3.31494,0.73074,0.0,10.909,3682863
downwards_rotate,downwards_sensor_sweep_120-20260625-124815,TesolloDownwardsRotateZ,TesolloDownwardsRotateZ-20260626-053300-downwardsrotatez_sb_propriotarget_s0,proprio.target,0,6,89,4.45,4.80363,1.81362,3.30267,0.69076,0.0,10.61068,3682863
downwards_rotate,downwards_sensor_sweep_120-20260625-124815,TesolloDownwardsRotateZ,TesolloDownwardsRotateZ-20260626-053300-downwardsrotatez_sb_propriotarget_s0,proprio.target,0,6,90,4.5,4.7554,1.5874,3.3779,0.4218,0.0,10.1425,3682863
downwards_rotate,downwards_sensor_sweep_120-20260625-124815,TesolloDownwardsRotateZ,TesolloDownwardsRotateZ-20260626-053300-downwardsrotatez_sb_propriotarget_s0,proprio.target,0,6,91,4.55,4.86306,1.52099,3.36839,0.56126,0.0,10.31371,3682863
downwards_rotate,downwards_sensor_sweep_120-20260625-124815,TesolloDownwardsRotateZ,TesolloDownwardsRotateZ-20260626-053300-downwardsrotatez_sb_propriotarget_s0,proprio.target,0,6,92,4.6,4.73698,2.44766,2.88069,0.79712,0.0,10.86245,3682863
downwards_rotate,downwards_sensor_sweep_120-20260625-124815,TesolloDownwardsRotateZ,TesolloDownwardsRotateZ-20260626-053300-downwardsrotatez_sb_propriotarget_s0,proprio.target,0,6,93,4.65,4.8438,1.40356,3.41263,0.82507,0.0,10.48505,3682863
downwards_rotate,downwards_sensor_sweep_120-20260625-124815,TesolloDownwardsRotateZ,TesolloDownwardsRotateZ-20260626-053300-downwardsrotatez_sb_propriotarget_s0,proprio.target,0,6,94,4.7,4.81117,1.55964,3.41158,0.59211,0.0,10.3745,3682863
downwards_rotate,downwards_sensor_sweep_120-20260625-124815,TesolloDownwardsRotateZ,TesolloDownwardsRotateZ-20260626-053300-downwardsrotatez_sb_propriotarget_s0,proprio.target,0,6,95,4.75,4.77969,1.67666,3.40335,0.54649,0.0,10.40619,3682863
downwards_rotate,downwards_sensor_sweep_120-20260625-124815,TesolloDownwardsRotateZ,TesolloDownwardsRotateZ-20260626-053300-downwardsrotatez_sb_propriotarget_s0,proprio.target,0,6,96,4.8,4.6856,1.68259,3.4684,0.47068,0.0,10.30727,3682863
downwards_rotate,downwards_sensor_sweep_120-20260625-124815,TesolloDownwardsRotateZ,TesolloDownwardsRotateZ-20260626-053300-downwardsrotatez_sb_propriotarget_s0,proprio.target,0,6,97,4.85,4.66538,1.77991,3.47848,0.47979,0.0,10.40356,3682863
downwards_rotate,downwards_sensor_sweep_120-20260625-124815,TesolloDownwardsRotateZ,TesolloDownwardsRotateZ-20260626-053300-downwardsrotatez_sb_propriotarget_s0,proprio.target,0,6,98,4.9,4.66112,2.05849,3.46183,0.49808,0.0,10.67952,3682863
downwards_rotate,downwards_sensor_sweep_120-20260625-124815,TesolloDownwardsRotateZ,TesolloDownwardsRotateZ-20260626-053300-downwardsrotatez_sb_propriotarget_s0,proprio.target,0,6,99,4.95,4.63116,2.2101,3.44793,0.5209,0.0,10.81009,3682863
downwards_rotate,downwards_sensor_sweep_120-20260625-124815,TesolloDownwardsRotateZ,TesolloDownwardsRotateZ-20260626-053300-downwardsrotatez_sb_propriotarget_s0,proprio.target,0,6,100,5.0,4.59238,2.26225,3.43532,0.56438,0.0,10.85433,3682863
downwards_rotate,downwards_sensor_sweep_120-20260625-124815,TesolloDownwardsRotateZ,TesolloDownwardsRotateZ-20260626-053300-downwardsrotatez_sb_propriotarget_s0,proprio.target,0,6,101,5.05,4.57666,2.2102,3.52158,0.61076,0.08352,11.00271,3682863
downwards_rotate,downwards_sensor_sweep_120-20260625-124815,TesolloDownwardsRotateZ,TesolloDownwardsRotateZ-20260626-053300-downwardsrotatez_sb_propriotarget_s0,proprio.target,0,6,102,5.1,4.53393,2.25421,3.52159,0.70857,0.12189,11.14019,3682863
downwards_rotate,downwards_sensor_sweep_120-20260625-124815,TesolloDownwardsRotateZ,TesolloDownwardsRotateZ-20260626-053300-downwardsrotatez_sb_propriotarget_s0,proprio.target,0,6,103,5.15,4.51571,2.26447,3.51758,0.81795,0.15543,11.27114,3682863
downwards_rotate,downwards_sensor_sweep_120-20260625-124815,TesolloDownwardsRotateZ,TesolloDownwardsRotateZ-20260626-053300-downwardsrotatez_sb_propriotarget_s0,proprio.target,0,6,104,5.2,4.47769,2.27719,3.51476,0.88918,0.18526,11.34408,3682863
downwards_rotate,downwards_sensor_sweep_120-20260625-124815,TesolloDownwardsRotateZ,TesolloDownwardsRotateZ-20260626-053300-downwardsrotatez_sb_propriotarget_s0,proprio.target,0,6,105,5.25,4.43485,2.28727,3.43754,0.97062,0.21548,11.34577,3682863
downwards_rotate,downwards_sensor_sweep_120-20260625-124815,TesolloDownwardsRotateZ,TesolloDownwardsRotateZ-20260626-053300-downwardsrotatez_sb_propriotarget_s0,proprio.target,0,6,106,5.3,4.43814,2.2703,3.01408,1.28122,0.20835,11.21209,3682863
downwards_rotate,downwards_sensor_sweep_120-20260625-124815,TesolloDownwardsRotateZ,TesolloDownwardsRotateZ-20260626-053300-downwardsrotatez_sb_propriotarget_s0,proprio.target,0,6,107,5.35,4.45339,2.38337,2.54921,1.46664,0.18193,11.03454,3682863
downwards_rotate,downwards_sensor_sweep_120-20260625-124815,TesolloDownwardsRotateZ,TesolloDownwardsRotateZ-20260626-053300-downwardsrotatez_sb_propriotarget_s0,proprio.target,0,6,108,5.4,4.48787,2.48135,2.05123,1.67118,0.13037,10.82199,3682863
downwards_rotate,downwards_sensor_sweep_120-20260625-124815,TesolloDownwardsRotateZ,TesolloDownwardsRotateZ-20260626-053300-downwardsrotatez_sb_propriotarget_s0,proprio.target,0,6,109,5.45,4.66479,2.79367,1.35225,1.9892,0.13581,10.93571,3682863
downwards_rotate,downwards_sensor_sweep_120-20260625-124815,TesolloDownwardsRotateZ,TesolloDownwardsRotateZ-20260626-053300-downwardsrotatez_sb_propriotarget_s0,proprio.target,0,6,110,5.5,4.51707,2.88089,0.0,2.12446,0.27737,9.79979,3682863
downwards_rotate,downwards_sensor_sweep_120-20260625-124815,TesolloDownwardsRotateZ,TesolloDownwardsRotateZ-20260626-053300-downwardsrotatez_sb_propriotarget_s0,proprio.target,0,6,111,5.55,4.16724,2.88589,0.0,2.05644,0.2968,9.40636,3682863
downwards_rotate,downwards_sensor_sweep_120-20260625-124815,TesolloDownwardsRotateZ,TesolloDownwardsRotateZ-20260626-053300-downwardsrotatez_sb_propriotarget_s0,proprio.target,0,6,112,5.6,4.47037,3.14585,0.0,2.33907,0.35144,10.30673,3682863
downwards_rotate,downwards_sensor_sweep_120-20260625-124815,TesolloDownwardsRotateZ,TesolloDownwardsRotateZ-20260626-053300-downwardsrotatez_sb_propriotarget_s0,proprio.target,0,6,113,5.65,4.69812,3.41466,0.0,2.41365,0.67673,11.20316,3682863
downwards_rotate,downwards_sensor_sweep_120-20260625-124815,TesolloDownwardsRotateZ,TesolloDownwardsRotateZ-20260626-053300-downwardsrotatez_sb_propriotarget_s0,proprio.target,0,6,114,5.7,4.7838,3.14611,0.88422,2.26086,0.46762,11.54261,3682863
downwards_rotate,downwards_sensor_sweep_120-20260625-124815,TesolloDownwardsRotateZ,TesolloDownwardsRotateZ-20260626-053300-downwardsrotatez_sb_propriotarget_s0,proprio.target,0,6,115,5.75,4.71161,3.13639,0.0,2.02341,0.40097,10.27237,3682863
downwards_rotate,downwards_sensor_sweep_120-20260625-124815,TesolloDownwardsRotateZ,TesolloDownwardsRotateZ-20260626-053300-downwardsrotatez_sb_propriotarget_s0,proprio.target,0,6,116,5.8,4.84907,3.01821,1.30743,1.79196,0.22199,11.18865,3682863
downwards_rotate,downwards_sensor_sweep_120-20260625-124815,TesolloDownwardsRotateZ,TesolloDownwardsRotateZ-20260626-053300-downwardsrotatez_sb_propriotarget_s0,proprio.target,0,6,117,5.85,4.65421,2.37459,3.0428,1.07876,0.13497,11.28533,3682863
downwards_rotate,downwards_sensor_sweep_120-20260625-124815,TesolloDownwardsRotateZ,TesolloDownwardsRotateZ-20260626-053300-downwardsrotatez_sb_propriotarget_s0,proprio.target,0,6,118,5.9,4.50513,2.1758,3.37819,0.48324,0.0,10.54236,3682863
downwards_rotate,downwards_sensor_sweep_120-20260625-124815,TesolloDownwardsRotateZ,TesolloDownwardsRotateZ-20260626-053300-downwardsrotatez_sb_propriotarget_s0,proprio.target,0,6,119,5.95,4.47525,1.73735,3.37073,0.29645,0.0,9.87979,3682863
downwards_rotate,downwards_sensor_sweep_120-20260625-124815,TesolloDownwardsRotateZ,TesolloDownwardsRotateZ-20260626-053300-downwardsrotatez_sb_propriotarget_s0,proprio.target,0,7,0,0.0,0.0,0.0,0.0,0.0,0.0,0.0,3682863
downwards_rotate,downwards_sensor_sweep_120-20260625-124815,TesolloDownwardsRotateZ,TesolloDownwardsRotateZ-20260626-053300-downwardsrotatez_sb_propriotarget_s0,proprio.target,0,7,1,0.05,0.0,0.0,0.0,0.0,0.0,0.0,3682863
downwards_rotate,downwards_sensor_sweep_120-20260625-124815,TesolloDownwardsRotateZ,TesolloDownwardsRotateZ-20260626-053300-downwardsrotatez_sb_propriotarget_s0,proprio.target,0,7,2,0.1,0.0,0.0,0.0,0.0,0.0,0.0,3682863
downwards_rotate,downwards_sensor_sweep_120-20260625-124815,TesolloDownwardsRotateZ,TesolloDownwardsRotateZ-20260626-053300-downwardsrotatez_sb_propriotarget_s0,proprio.target,0,7,3,0.15,0.0,0.0,0.0,0.0,0.0,0.0,3682863
downwards_rotate,downwards_sensor_sweep_120-20260625-124815,TesolloDownwardsRotateZ,TesolloDownwardsRotateZ-20260626-053300-downwardsrotatez_sb_propriotarget_s0,proprio.target,0,7,4,0.2,0.0,0.0,0.0,0.0,0.0,0.0,3682863
downwards_rotate,downwards_sensor_sweep_120-20260625-124815,TesolloDownwardsRotateZ,TesolloDownwardsRotateZ-20260626-053300-downwardsrotatez_sb_propriotarget_s0,proprio.target,0,7,5,0.25,0.0,0.0,0.0,0.0,0.0,0.0,3682863
downwards_rotate,downwards_sensor_sweep_120-20260625-124815,TesolloDownwardsRotateZ,TesolloDownwardsRotateZ-20260626-053300-downwardsrotatez_sb_propriotarget_s0,proprio.target,0,7,6,0.3,0.0,0.0,0.0,0.0,0.0,0.0,3682863
downwards_rotate,downwards_sensor_sweep_120-20260625-124815,TesolloDownwardsRotateZ,TesolloDownwardsRotateZ-20260626-053300-downwardsrotatez_sb_propriotarget_s0,proprio.target,0,7,7,0.35,0.0,0.0,0.0,0.0,0.0,0.0,3682863
downwards_rotate,downwards_sensor_sweep_120-20260625-124815,TesolloDownwardsRotateZ,TesolloDownwardsRotateZ-20260626-053300-downwardsrotatez_sb_propriotarget_s0,proprio.target,0,7,8,0.4,0.0,0.0,0.0,0.0,0.0,0.0,3682863
downwards_rotate,downwards_sensor_sweep_120-20260625-124815,TesolloDownwardsRotateZ,TesolloDownwardsRotateZ-20260626-053300-downwardsrotatez_sb_propriotarget_s0,proprio.target,0,7,9,0.45,0.0,0.0,0.0,0.0,0.0,0.0,3682863
downwards_rotate,downwards_sensor_sweep_120-20260625-124815,TesolloDownwardsRotateZ,TesolloDownwardsRotateZ-20260626-053300-downwardsrotatez_sb_propriotarget_s0,proprio.target,0,7,10,0.5,0.0,0.0,0.0,0.0,0.0,0.0,3682863
downwards_rotate,downwards_sensor_sweep_120-20260625-124815,TesolloDownwardsRotateZ,TesolloDownwardsRotateZ-20260626-053300-downwardsrotatez_sb_propriotarget_s0,proprio.target,0,7,11,0.55,0.62699,0.0,0.0,0.0,0.0,0.62699,3682863
downwards_rotate,downwards_sensor_sweep_120-20260625-124815,TesolloDownwardsRotateZ,TesolloDownwardsRotateZ-20260626-053300-downwardsrotatez_sb_propriotarget_s0,proprio.target,0,7,12,0.6,1.88086,0.0,1.89662,0.0,0.0,3.77747,3682863
downwards_rotate,downwards_sensor_sweep_120-20260625-124815,TesolloDownwardsRotateZ,TesolloDownwardsRotateZ-20260626-053300-downwardsrotatez_sb_propriotarget_s0,proprio.target,0,7,13,0.65,1.52413,0.0,0.0,0.0,0.0,1.52413,3682863
downwards_rotate,downwards_sensor_sweep_120-20260625-124815,TesolloDownwardsRotateZ,TesolloDownwardsRotateZ-20260626-053300-downwardsrotatez_sb_propriotarget_s0,proprio.target,0,7,14,0.7,2.81723,0.0,3.16722,0.0,0.0,5.98445,3682863
downwards_rotate,downwards_sensor_sweep_120-20260625-124815,TesolloDownwardsRotateZ,TesolloDownwardsRotateZ-20260626-053300-downwardsrotatez_sb_propriotarget_s0,proprio.target,0,7,15,0.75,2.3878,0.0,2.8156,0.0,0.0,5.2034,3682863
downwards_rotate,downwards_sensor_sweep_120-20260625-124815,TesolloDownwardsRotateZ,TesolloDownwardsRotateZ-20260626-053300-downwardsrotatez_sb_propriotarget_s0,proprio.target,0,7,16,0.8,2.41094,0.0,3.09398,0.0,0.0,5.50492,3682863
downwards_rotate,downwards_sensor_sweep_120-20260625-124815,TesolloDownwardsRotateZ,TesolloDownwardsRotateZ-20260626-053300-downwardsrotatez_sb_propriotarget_s0,proprio.target,0,7,17,0.85,3.30446,0.0,3.18806,0.0,0.0,6.49253,3682863
downwards_rotate,downwards_sensor_sweep_120-20260625-124815,TesolloDownwardsRotateZ,TesolloDownwardsRotateZ-20260626-053300-downwardsrotatez_sb_propriotarget_s0,proprio.target,0,7,18,0.9,3.19391,0.0,3.17118,1.0952,0.0,7.4603,3682863
downwards_rotate,downwards_sensor_sweep_120-20260625-124815,TesolloDownwardsRotateZ,TesolloDownwardsRotateZ-20260626-053300-downwardsrotatez_sb_propriotarget_s0,proprio.target,0,7,19,0.95,4.13339,0.0,2.00808,2.65084,0.0,8.79231,3682863
downwards_rotate,downwards_sensor_sweep_120-20260625-124815,TesolloDownwardsRotateZ,TesolloDownwardsRotateZ-20260626-053300-downwardsrotatez_sb_propriotarget_s0,proprio.target,0,7,20,1.0,4.17124,0.0,2.90289,1.23753,0.0,8.31166,3682863
downwards_rotate,downwards_sensor_sweep_120-20260625-124815,TesolloDownwardsRotateZ,TesolloDownwardsRotateZ-20260626-053300-downwardsrotatez_sb_propriotarget_s0,proprio.target,0,7,21,1.05,4.77851,0.0,3.34607,1.0066,0.0,9.13118,3682863
downwards_rotate,downwards_sensor_sweep_120-20260625-124815,TesolloDownwardsRotateZ,TesolloDownwardsRotateZ-20260626-053300-downwardsrotatez_sb_propriotarget_s0,proprio.target,0,7,22,1.1,3.89152,0.0,2.38039,1.82696,0.0,8.09886,3682863
downwards_rotate,downwards_sensor_sweep_120-20260625-124815,TesolloDownwardsRotateZ,TesolloDownwardsRotateZ-20260626-053300-downwardsrotatez_sb_propriotarget_s0,proprio.target,0,7,23,1.15,4.60801,0.0,2.44643,2.05141,0.0,9.10584,3682863
downwards_rotate,downwards_sensor_sweep_120-20260625-124815,TesolloDownwardsRotateZ,TesolloDownwardsRotateZ-20260626-053300-downwardsrotatez_sb_propriotarget_s0,proprio.target,0,7,24,1.2,4.35942,0.0,1.69318,2.51443,0.0,8.56703,3682863
downwards_rotate,downwards_sensor_sweep_120-20260625-124815,TesolloDownwardsRotateZ,TesolloDownwardsRotateZ-20260626-053300-downwardsrotatez_sb_propriotarget_s0,proprio.target,0,7,25,1.25,2.31448,0.0,0.0,0.0,0.0,2.31448,3682863
downwards_rotate,downwards_sensor_sweep_120-20260625-124815,TesolloDownwardsRotateZ,TesolloDownwardsRotateZ-20260626-053300-downwardsrotatez_sb_propriotarget_s0,proprio.target,0,7,26,1.3,3.40386,0.0,0.0,3.97332,0.0,7.37718,3682863
downwards_rotate,downwards_sensor_sweep_120-20260625-124815,TesolloDownwardsRotateZ,TesolloDownwardsRotateZ-20260626-053300-downwardsrotatez_sb_propriotarget_s0,proprio.target,0,7,27,1.35,2.9891,0.0,0.0,3.71723,0.0,6.70633,3682863
downwards_rotate,downwards_sensor_sweep_120-20260625-124815,TesolloDownwardsRotateZ,TesolloDownwardsRotateZ-20260626-053300-downwardsrotatez_sb_propriotarget_s0,proprio.target,0,7,28,1.4,3.20371,0.0,0.0,3.56717,0.0,6.77088,3682863
downwards_rotate,downwards_sensor_sweep_120-20260625-124815,TesolloDownwardsRotateZ,TesolloDownwardsRotateZ-20260626-053300-downwardsrotatez_sb_propriotarget_s0,proprio.target,0,7,29,1.45,3.32805,0.0,0.0,3.12242,0.0,6.45047,3682863
downwards_rotate,downwards_sensor_sweep_120-20260625-124815,TesolloDownwardsRotateZ,TesolloDownwardsRotateZ-20260626-053300-downwardsrotatez_sb_propriotarget_s0,proprio.target,0,7,30,1.5,2.87471,0.0,0.0,2.78097,0.0,5.65569,3682863
downwards_rotate,downwards_sensor_sweep_120-20260625-124815,TesolloDownwardsRotateZ,TesolloDownwardsRotateZ-20260626-053300-downwardsrotatez_sb_propriotarget_s0,proprio.target,0,7,31,1.55,3.31126,0.0,0.0,3.01772,0.0,6.32899,3682863
downwards_rotate,downwards_sensor_sweep_120-20260625-124815,TesolloDownwardsRotateZ,TesolloDownwardsRotateZ-20260626-053300-downwardsrotatez_sb_propriotarget_s0,proprio.target,0,7,32,1.6,3.26129,0.0,0.0,2.99631,0.0,6.2576,3682863
downwards_rotate,downwards_sensor_sweep_120-20260625-124815,TesolloDownwardsRotateZ,TesolloDownwardsRotateZ-20260626-053300-downwardsrotatez_sb_propriotarget_s0,proprio.target,0,7,33,1.65,3.17922,0.0,0.0,2.91553,0.0,6.09475,3682863
downwards_rotate,downwards_sensor_sweep_120-20260625-124815,TesolloDownwardsRotateZ,TesolloDownwardsRotateZ-20260626-053300-downwardsrotatez_sb_propriotarget_s0,proprio.target,0,7,34,1.7,2.938,0.0,0.0,2.84577,0.0,5.78377,3682863
downwards_rotate,downwards_sensor_sweep_120-20260625-124815,TesolloDownwardsRotateZ,TesolloDownwardsRotateZ-20260626-053300-downwardsrotatez_sb_propriotarget_s0,proprio.target,0,7,35,1.75,1.79198,0.0,0.0,3.74738,0.0,5.53936,3682863
downwards_rotate,downwards_sensor_sweep_120-20260625-124815,TesolloDownwardsRotateZ,TesolloDownwardsRotateZ-20260626-053300-downwardsrotatez_sb_propriotarget_s0,proprio.target,0,7,36,1.8,1.08231,0.0,0.0,3.81307,0.0,4.89538,3682863
downwards_rotate,downwards_sensor_sweep_120-20260625-124815,TesolloDownwardsRotateZ,TesolloDownwardsRotateZ-20260626-053300-downwardsrotatez_sb_propriotarget_s0,proprio.target,0,7,37,1.85,0.0,0.0,0.0,4.44354,0.0,4.44354,3682863
downwards_rotate,downwards_sensor_sweep_120-20260625-124815,TesolloDownwardsRotateZ,TesolloDownwardsRotateZ-20260626-053300-downwardsrotatez_sb_propriotarget_s0,proprio.target,0,7,38,1.9,0.0,0.0,0.0,4.48508,0.0,4.48508,3682863
downwards_rotate,downwards_sensor_sweep_120-20260625-124815,TesolloDownwardsRotateZ,TesolloDownwardsRotateZ-20260626-053300-downwardsrotatez_sb_propriotarget_s0,proprio.target,0,7,39,1.95,0.0,0.0,0.0,4.32555,0.0,4.32555,3682863
downwards_rotate,downwards_sensor_sweep_120-20260625-124815,TesolloDownwardsRotateZ,TesolloDownwardsRotateZ-20260626-053300-downwardsrotatez_sb_propriotarget_s0,proprio.target,0,7,40,2.0,0.0,0.0,0.0,4.99982,0.0,4.99982,3682863
downwards_rotate,downwards_sensor_sweep_120-20260625-124815,TesolloDownwardsRotateZ,TesolloDownwardsRotateZ-20260626-053300-downwardsrotatez_sb_propriotarget_s0,proprio.target,0,7,41,2.05,0.0,0.0,0.0,3.60799,0.0,3.60799,3682863
downwards_rotate,downwards_sensor_sweep_120-20260625-124815,TesolloDownwardsRotateZ,TesolloDownwardsRotateZ-20260626-053300-downwardsrotatez_sb_propriotarget_s0,proprio.target,0,7,42,2.1,0.0,0.0,0.0,3.98229,0.0,3.98229,3682863
downwards_rotate,downwards_sensor_sweep_120-20260625-124815,TesolloDownwardsRotateZ,TesolloDownwardsRotateZ-20260626-053300-downwardsrotatez_sb_propriotarget_s0,proprio.target,0,7,43,2.15,0.0,0.0,0.0,4.17086,0.0,4.17086,3682863
downwards_rotate,downwards_sensor_sweep_120-20260625-124815,TesolloDownwardsRotateZ,TesolloDownwardsRotateZ-20260626-053300-downwardsrotatez_sb_propriotarget_s0,proprio.target,0,7,44,2.2,0.0,0.0,0.0,5.12709,0.0,5.12709,3682863
downwards_rotate,downwards_sensor_sweep_120-20260625-124815,TesolloDownwardsRotateZ,TesolloDownwardsRotateZ-20260626-053300-downwardsrotatez_sb_propriotarget_s0,proprio.target,0,7,45,2.25,0.0,0.0,0.0,5.10576,0.0,5.10576,3682863
downwards_rotate,downwards_sensor_sweep_120-20260625-124815,TesolloDownwardsRotateZ,TesolloDownwardsRotateZ-20260626-053300-downwardsrotatez_sb_propriotarget_s0,proprio.target,0,7,46,2.3,0.0,0.0,0.0,4.97247,0.0,4.97247,3682863
downwards_rotate,downwards_sensor_sweep_120-20260625-124815,TesolloDownwardsRotateZ,TesolloDownwardsRotateZ-20260626-053300-downwardsrotatez_sb_propriotarget_s0,proprio.target,0,7,47,2.35,0.0,0.0,0.0,4.92438,0.0,4.92438,3682863
downwards_rotate,downwards_sensor_sweep_120-20260625-124815,TesolloDownwardsRotateZ,TesolloDownwardsRotateZ-20260626-053300-downwardsrotatez_sb_propriotarget_s0,proprio.target,0,7,48,2.4,0.0,0.0,0.0,4.87282,0.0,4.87282,3682863
downwards_rotate,downwards_sensor_sweep_120-20260625-124815,TesolloDownwardsRotateZ,TesolloDownwardsRotateZ-20260626-053300-downwardsrotatez_sb_propriotarget_s0,proprio.target,0,7,49,2.45,0.0,0.0,0.0,2.8059,0.0,2.8059,3682863
downwards_rotate,downwards_sensor_sweep_120-20260625-124815,TesolloDownwardsRotateZ,TesolloDownwardsRotateZ-20260626-053300-downwardsrotatez_sb_propriotarget_s0,proprio.target,0,7,50,2.5,0.0,0.0,0.0,0.48018,0.0,0.48018,3682863
downwards_rotate,downwards_sensor_sweep_120-20260625-124815,TesolloDownwardsRotateZ,TesolloDownwardsRotateZ-20260626-053300-downwardsrotatez_sb_propriotarget_s0,proprio.target,0,7,51,2.55,0.0,0.0,0.0,1.87076,0.0,1.87076,3682863
downwards_rotate,downwards_sensor_sweep_120-20260625-124815,TesolloDownwardsRotateZ,TesolloDownwardsRotateZ-20260626-053300-downwardsrotatez_sb_propriotarget_s0,proprio.target,0,7,52,2.6,0.0,0.0,0.0,0.64979,0.0,0.64979,3682863
downwards_rotate,downwards_sensor_sweep_120-20260625-124815,TesolloDownwardsRotateZ,TesolloDownwardsRotateZ-20260626-053300-downwardsrotatez_sb_propriotarget_s0,proprio.target,0,7,53,2.65,0.0,0.0,0.0,0.6273,0.0,0.6273,3682863
downwards_rotate,downwards_sensor_sweep_120-20260625-124815,TesolloDownwardsRotateZ,TesolloDownwardsRotateZ-20260626-053300-downwardsrotatez_sb_propriotarget_s0,proprio.target,0,7,54,2.7,0.0,0.0,0.0,0.59629,0.0,0.59629,3682863
downwards_rotate,downwards_sensor_sweep_120-20260625-124815,TesolloDownwardsRotateZ,TesolloDownwardsRotateZ-20260626-053300-downwardsrotatez_sb_propriotarget_s0,proprio.target,0,7,55,2.75,0.0,0.0,0.0,0.97875,0.0,0.97875,3682863
downwards_rotate,downwards_sensor_sweep_120-20260625-124815,TesolloDownwardsRotateZ,TesolloDownwardsRotateZ-20260626-053300-downwardsrotatez_sb_propriotarget_s0,proprio.target,0,7,56,2.8,0.0,0.0,0.0,1.99451,0.0,1.99451,3682863
downwards_rotate,downwards_sensor_sweep_120-20260625-124815,TesolloDownwardsRotateZ,TesolloDownwardsRotateZ-20260626-053300-downwardsrotatez_sb_propriotarget_s0,proprio.target,0,7,57,2.85,0.0,0.0,0.0,3.09365,0.0,3.09365,3682863
downwards_rotate,downwards_sensor_sweep_120-20260625-124815,TesolloDownwardsRotateZ,TesolloDownwardsRotateZ-20260626-053300-downwardsrotatez_sb_propriotarget_s0,proprio.target,0,7,58,2.9,0.0,0.0,0.0,3.73741,0.0,3.73741,3682863
downwards_rotate,downwards_sensor_sweep_120-20260625-124815,TesolloDownwardsRotateZ,TesolloDownwardsRotateZ-20260626-053300-downwardsrotatez_sb_propriotarget_s0,proprio.target,0,7,59,2.95,0.0,0.0,0.0,4.06333,0.0,4.06333,3682863
downwards_rotate,downwards_sensor_sweep_120-20260625-124815,TesolloDownwardsRotateZ,TesolloDownwardsRotateZ-20260626-053300-downwardsrotatez_sb_propriotarget_s0,proprio.target,0,7,60,3.0,0.0,0.0,0.0,4.30911,0.0,4.30911,3682863
downwards_rotate,downwards_sensor_sweep_120-20260625-124815,TesolloDownwardsRotateZ,TesolloDownwardsRotateZ-20260626-053300-downwardsrotatez_sb_propriotarget_s0,proprio.target,0,7,61,3.05,0.0,0.0,0.0,4.49138,0.0,4.49138,3682863
downwards_rotate,downwards_sensor_sweep_120-20260625-124815,TesolloDownwardsRotateZ,TesolloDownwardsRotateZ-20260626-053300-downwardsrotatez_sb_propriotarget_s0,proprio.target,0,7,62,3.1,0.0,0.0,0.0,4.63104,0.0,4.63104,3682863
downwards_rotate,downwards_sensor_sweep_120-20260625-124815,TesolloDownwardsRotateZ,TesolloDownwardsRotateZ-20260626-053300-downwardsrotatez_sb_propriotarget_s0,proprio.target,0,7,63,3.15,0.0,0.0,0.0,4.76387,0.0,4.76387,3682863
downwards_rotate,downwards_sensor_sweep_120-20260625-124815,TesolloDownwardsRotateZ,TesolloDownwardsRotateZ-20260626-053300-downwardsrotatez_sb_propriotarget_s0,proprio.target,0,7,64,3.2,0.0,0.0,0.0,4.87459,0.0,4.87459,3682863
downwards_rotate,downwards_sensor_sweep_120-20260625-124815,TesolloDownwardsRotateZ,TesolloDownwardsRotateZ-20260626-053300-downwardsrotatez_sb_propriotarget_s0,proprio.target,0,7,65,3.25,0.0,0.0,0.0,4.97111,0.0,4.97111,3682863
downwards_rotate,downwards_sensor_sweep_120-20260625-124815,TesolloDownwardsRotateZ,TesolloDownwardsRotateZ-20260626-053300-downwardsrotatez_sb_propriotarget_s0,proprio.target,0,7,66,3.3,0.0,0.0,0.0,5.03529,0.0,5.03529,3682863
downwards_rotate,downwards_sensor_sweep_120-20260625-124815,TesolloDownwardsRotateZ,TesolloDownwardsRotateZ-20260626-053300-downwardsrotatez_sb_propriotarget_s0,proprio.target,0,7,67,3.35,0.0,0.0,0.0,5.08905,0.0,5.08905,3682863
downwards_rotate,downwards_sensor_sweep_120-20260625-124815,TesolloDownwardsRotateZ,TesolloDownwardsRotateZ-20260626-053300-downwardsrotatez_sb_propriotarget_s0,proprio.target,0,7,68,3.4,0.0,0.0,0.0,5.10283,0.0,5.10283,3682863
downwards_rotate,downwards_sensor_sweep_120-20260625-124815,TesolloDownwardsRotateZ,TesolloDownwardsRotateZ-20260626-053300-downwardsrotatez_sb_propriotarget_s0,proprio.target,0,7,69,3.45,0.0,0.0,0.0,5.11452,0.0,5.11452,3682863
downwards_rotate,downwards_sensor_sweep_120-20260625-124815,TesolloDownwardsRotateZ,TesolloDownwardsRotateZ-20260626-053300-downwardsrotatez_sb_propriotarget_s0,proprio.target,0,7,70,3.5,0.0,0.0,0.0,5.12567,0.0,5.12567,3682863
downwards_rotate,downwards_sensor_sweep_120-20260625-124815,TesolloDownwardsRotateZ,TesolloDownwardsRotateZ-20260626-053300-downwardsrotatez_sb_propriotarget_s0,proprio.target,0,7,71,3.55,0.0,0.0,0.0,5.14419,0.0,5.14419,3682863
downwards_rotate,downwards_sensor_sweep_120-20260625-124815,TesolloDownwardsRotateZ,TesolloDownwardsRotateZ-20260626-053300-downwardsrotatez_sb_propriotarget_s0,proprio.target,0,7,72,3.6,0.0,0.0,0.0,5.518,0.0,5.518,3682863
downwards_rotate,downwards_sensor_sweep_120-20260625-124815,TesolloDownwardsRotateZ,TesolloDownwardsRotateZ-20260626-053300-downwardsrotatez_sb_propriotarget_s0,proprio.target,0,7,73,3.65,0.0,0.0,0.0,5.24436,0.0,5.24436,3682863
downwards_rotate,downwards_sensor_sweep_120-20260625-124815,TesolloDownwardsRotateZ,TesolloDownwardsRotateZ-20260626-053300-downwardsrotatez_sb_propriotarget_s0,proprio.target,0,7,74,3.7,0.0,0.0,0.0,5.21828,0.0,5.21828,3682863
downwards_rotate,downwards_sensor_sweep_120-20260625-124815,TesolloDownwardsRotateZ,TesolloDownwardsRotateZ-20260626-053300-downwardsrotatez_sb_propriotarget_s0,proprio.target,0,7,75,3.75,0.0,0.0,0.0,5.21922,0.0,5.21922,3682863
downwards_rotate,downwards_sensor_sweep_120-20260625-124815,TesolloDownwardsRotateZ,TesolloDownwardsRotateZ-20260626-053300-downwardsrotatez_sb_propriotarget_s0,proprio.target,0,7,76,3.8,0.0,0.0,0.0,5.21921,0.0,5.21921,3682863
downwards_rotate,downwards_sensor_sweep_120-20260625-124815,TesolloDownwardsRotateZ,TesolloDownwardsRotateZ-20260626-053300-downwardsrotatez_sb_propriotarget_s0,proprio.target,0,7,77,3.85,0.0,0.0,0.0,5.22249,0.0,5.22249,3682863
downwards_rotate,downwards_sensor_sweep_120-20260625-124815,TesolloDownwardsRotateZ,TesolloDownwardsRotateZ-20260626-053300-downwardsrotatez_sb_propriotarget_s0,proprio.target,0,7,78,3.9,0.0,0.0,0.0,5.2282,0.0,5.2282,3682863
downwards_rotate,downwards_sensor_sweep_120-20260625-124815,TesolloDownwardsRotateZ,TesolloDownwardsRotateZ-20260626-053300-downwardsrotatez_sb_propriotarget_s0,proprio.target,0,7,79,3.95,0.0,0.0,0.0,5.23727,0.0,5.23727,3682863
downwards_rotate,downwards_sensor_sweep_120-20260625-124815,TesolloDownwardsRotateZ,TesolloDownwardsRotateZ-20260626-053300-downwardsrotatez_sb_propriotarget_s0,proprio.target,0,7,80,4.0,0.0,0.0,0.0,5.77839,0.0,5.77839,3682863
downwards_rotate,downwards_sensor_sweep_120-20260625-124815,TesolloDownwardsRotateZ,TesolloDownwardsRotateZ-20260626-053300-downwardsrotatez_sb_propriotarget_s0,proprio.target,0,7,81,4.05,0.0,0.0,0.0,5.55096,0.0,5.55096,3682863
downwards_rotate,downwards_sensor_sweep_120-20260625-124815,TesolloDownwardsRotateZ,TesolloDownwardsRotateZ-20260626-053300-downwardsrotatez_sb_propriotarget_s0,proprio.target,0,7,82,4.1,0.0,0.0,0.0,5.33701,0.0,5.33701,3682863
downwards_rotate,downwards_sensor_sweep_120-20260625-124815,TesolloDownwardsRotateZ,TesolloDownwardsRotateZ-20260626-053300-downwardsrotatez_sb_propriotarget_s0,proprio.target,0,7,83,4.15,0.0,0.0,0.0,5.31939,0.0,5.31939,3682863
downwards_rotate,downwards_sensor_sweep_120-20260625-124815,TesolloDownwardsRotateZ,TesolloDownwardsRotateZ-20260626-053300-downwardsrotatez_sb_propriotarget_s0,proprio.target,0,7,84,4.2,0.0,0.0,0.0,5.31424,0.0,5.31424,3682863
downwards_rotate,downwards_sensor_sweep_120-20260625-124815,TesolloDownwardsRotateZ,TesolloDownwardsRotateZ-20260626-053300-downwardsrotatez_sb_propriotarget_s0,proprio.target,0,7,85,4.25,0.0,0.0,0.0,5.31427,0.0,5.31427,3682863
downwards_rotate,downwards_sensor_sweep_120-20260625-124815,TesolloDownwardsRotateZ,TesolloDownwardsRotateZ-20260626-053300-downwardsrotatez_sb_propriotarget_s0,proprio.target,0,7,86,4.3,0.0,0.0,0.0,5.31604,0.0,5.31604,3682863
downwards_rotate,downwards_sensor_sweep_120-20260625-124815,TesolloDownwardsRotateZ,TesolloDownwardsRotateZ-20260626-053300-downwardsrotatez_sb_propriotarget_s0,proprio.target,0,7,87,4.35,0.0,0.0,0.0,5.32107,0.0,5.32107,3682863
downwards_rotate,downwards_sensor_sweep_120-20260625-124815,TesolloDownwardsRotateZ,TesolloDownwardsRotateZ-20260626-053300-downwardsrotatez_sb_propriotarget_s0,proprio.target,0,7,88,4.4,0.0,0.0,0.0,5.32806,0.0,5.32806,3682863
downwards_rotate,downwards_sensor_sweep_120-20260625-124815,TesolloDownwardsRotateZ,TesolloDownwardsRotateZ-20260626-053300-downwardsrotatez_sb_propriotarget_s0,proprio.target,0,7,89,4.45,0.0,0.0,0.0,5.33679,0.0,5.33679,3682863
downwards_rotate,downwards_sensor_sweep_120-20260625-124815,TesolloDownwardsRotateZ,TesolloDownwardsRotateZ-20260626-053300-downwardsrotatez_sb_propriotarget_s0,proprio.target,0,7,90,4.5,0.0,0.0,0.0,5.34806,0.0,5.34806,3682863
downwards_rotate,downwards_sensor_sweep_120-20260625-124815,TesolloDownwardsRotateZ,TesolloDownwardsRotateZ-20260626-053300-downwardsrotatez_sb_propriotarget_s0,proprio.target,0,7,91,4.55,0.0,0.0,0.0,5.3643,0.0,5.3643,3682863
downwards_rotate,downwards_sensor_sweep_120-20260625-124815,TesolloDownwardsRotateZ,TesolloDownwardsRotateZ-20260626-053300-downwardsrotatez_sb_propriotarget_s0,proprio.target,0,7,92,4.6,0.0,0.0,0.0,5.66262,0.0,5.66262,3682863
downwards_rotate,downwards_sensor_sweep_120-20260625-124815,TesolloDownwardsRotateZ,TesolloDownwardsRotateZ-20260626-053300-downwardsrotatez_sb_propriotarget_s0,proprio.target,0,7,93,4.65,0.0,0.0,0.0,5.67464,0.0,5.67464,3682863
downwards_rotate,downwards_sensor_sweep_120-20260625-124815,TesolloDownwardsRotateZ,TesolloDownwardsRotateZ-20260626-053300-downwardsrotatez_sb_propriotarget_s0,proprio.target,0,7,94,4.7,0.0,0.0,0.0,5.56422,0.0,5.56422,3682863
downwards_rotate,downwards_sensor_sweep_120-20260625-124815,TesolloDownwardsRotateZ,TesolloDownwardsRotateZ-20260626-053300-downwardsrotatez_sb_propriotarget_s0,proprio.target,0,7,95,4.75,0.0,0.0,0.0,5.5469,0.0,5.5469,3682863
downwards_rotate,downwards_sensor_sweep_120-20260625-124815,TesolloDownwardsRotateZ,TesolloDownwardsRotateZ-20260626-053300-downwardsrotatez_sb_propriotarget_s0,proprio.target,0,7,96,4.8,0.0,0.0,0.0,5.5428,0.0,5.5428,3682863
downwards_rotate,downwards_sensor_sweep_120-20260625-124815,TesolloDownwardsRotateZ,TesolloDownwardsRotateZ-20260626-053300-downwardsrotatez_sb_propriotarget_s0,proprio.target,0,7,97,4.85,0.0,0.0,0.0,5.54546,0.0,5.54546,3682863
downwards_rotate,downwards_sensor_sweep_120-20260625-124815,TesolloDownwardsRotateZ,TesolloDownwardsRotateZ-20260626-053300-downwardsrotatez_sb_propriotarget_s0,proprio.target,0,7,98,4.9,0.0,0.0,0.0,5.54908,0.0,5.54908,3682863
downwards_rotate,downwards_sensor_sweep_120-20260625-124815,TesolloDownwardsRotateZ,TesolloDownwardsRotateZ-20260626-053300-downwardsrotatez_sb_propriotarget_s0,proprio.target,0,7,99,4.95,0.0,0.0,0.0,5.55807,0.0,5.55807,3682863
downwards_rotate,downwards_sensor_sweep_120-20260625-124815,TesolloDownwardsRotateZ,TesolloDownwardsRotateZ-20260626-053300-downwardsrotatez_sb_propriotarget_s0,proprio.target,0,7,100,5.0,0.0,0.0,0.0,5.57159,0.0,5.57159,3682863
downwards_rotate,downwards_sensor_sweep_120-20260625-124815,TesolloDownwardsRotateZ,TesolloDownwardsRotateZ-20260626-053300-downwardsrotatez_sb_propriotarget_s0,proprio.target,0,7,101,5.05,0.0,0.0,0.0,5.5865,0.0,5.5865,3682863
downwards_rotate,downwards_sensor_sweep_120-20260625-124815,TesolloDownwardsRotateZ,TesolloDownwardsRotateZ-20260626-053300-downwardsrotatez_sb_propriotarget_s0,proprio.target,0,7,102,5.1,0.0,0.0,0.0,5.60337,0.0,5.60337,3682863
downwards_rotate,downwards_sensor_sweep_120-20260625-124815,TesolloDownwardsRotateZ,TesolloDownwardsRotateZ-20260626-053300-downwardsrotatez_sb_propriotarget_s0,proprio.target,0,7,103,5.15,0.0,0.0,0.0,5.617,0.0,5.617,3682863
downwards_rotate,downwards_sensor_sweep_120-20260625-124815,TesolloDownwardsRotateZ,TesolloDownwardsRotateZ-20260626-053300-downwardsrotatez_sb_propriotarget_s0,proprio.target,0,7,104,5.2,0.0,0.0,0.0,5.62694,0.0,5.62694,3682863
downwards_rotate,downwards_sensor_sweep_120-20260625-124815,TesolloDownwardsRotateZ,TesolloDownwardsRotateZ-20260626-053300-downwardsrotatez_sb_propriotarget_s0,proprio.target,0,7,105,5.25,0.0,0.0,0.0,5.64039,0.0,5.64039,3682863
downwards_rotate,downwards_sensor_sweep_120-20260625-124815,TesolloDownwardsRotateZ,TesolloDownwardsRotateZ-20260626-053300-downwardsrotatez_sb_propriotarget_s0,proprio.target,0,7,106,5.3,0.0,0.0,0.0,5.6555,0.0,5.6555,3682863
downwards_rotate,downwards_sensor_sweep_120-20260625-124815,TesolloDownwardsRotateZ,TesolloDownwardsRotateZ-20260626-053300-downwardsrotatez_sb_propriotarget_s0,proprio.target,0,7,107,5.35,0.0,0.0,0.0,5.6719,0.0,5.6719,3682863
downwards_rotate,downwards_sensor_sweep_120-20260625-124815,TesolloDownwardsRotateZ,TesolloDownwardsRotateZ-20260626-053300-downwardsrotatez_sb_propriotarget_s0,proprio.target,0,7,108,5.4,0.0,0.0,0.0,5.68892,0.0,5.68892,3682863
downwards_rotate,downwards_sensor_sweep_120-20260625-124815,TesolloDownwardsRotateZ,TesolloDownwardsRotateZ-20260626-053300-downwardsrotatez_sb_propriotarget_s0,proprio.target,0,7,109,5.45,0.0,0.0,0.0,5.70697,0.0,5.70697,3682863
downwards_rotate,downwards_sensor_sweep_120-20260625-124815,TesolloDownwardsRotateZ,TesolloDownwardsRotateZ-20260626-053300-downwardsrotatez_sb_propriotarget_s0,proprio.target,0,7,110,5.5,0.0,0.0,0.0,5.72497,0.0,5.72497,3682863
downwards_rotate,downwards_sensor_sweep_120-20260625-124815,TesolloDownwardsRotateZ,TesolloDownwardsRotateZ-20260626-053300-downwardsrotatez_sb_propriotarget_s0,proprio.target,0,7,111,5.55,0.0,0.0,0.0,5.7417,0.0,5.7417,3682863
downwards_rotate,downwards_sensor_sweep_120-20260625-124815,TesolloDownwardsRotateZ,TesolloDownwardsRotateZ-20260626-053300-downwardsrotatez_sb_propriotarget_s0,proprio.target,0,7,112,5.6,0.0,0.0,0.0,5.75773,0.0,5.75773,3682863
downwards_rotate,downwards_sensor_sweep_120-20260625-124815,TesolloDownwardsRotateZ,TesolloDownwardsRotateZ-20260626-053300-downwardsrotatez_sb_propriotarget_s0,proprio.target,0,7,113,5.65,0.0,0.0,0.0,5.77354,0.0,5.77354,3682863
downwards_rotate,downwards_sensor_sweep_120-20260625-124815,TesolloDownwardsRotateZ,TesolloDownwardsRotateZ-20260626-053300-downwardsrotatez_sb_propriotarget_s0,proprio.target,0,7,114,5.7,0.0,0.0,0.0,5.79,0.0,5.79,3682863
downwards_rotate,downwards_sensor_sweep_120-20260625-124815,TesolloDownwardsRotateZ,TesolloDownwardsRotateZ-20260626-053300-downwardsrotatez_sb_propriotarget_s0,proprio.target,0,7,115,5.75,0.0,0.0,0.0,5.80569,0.0,5.80569,3682863
downwards_rotate,downwards_sensor_sweep_120-20260625-124815,TesolloDownwardsRotateZ,TesolloDownwardsRotateZ-20260626-053300-downwardsrotatez_sb_propriotarget_s0,proprio.target,0,7,116,5.8,0.0,0.0,0.0,5.82149,0.0,5.82149,3682863
downwards_rotate,downwards_sensor_sweep_120-20260625-124815,TesolloDownwardsRotateZ,TesolloDownwardsRotateZ-20260626-053300-downwardsrotatez_sb_propriotarget_s0,proprio.target,0,7,117,5.85,0.0,0.0,0.0,5.83585,0.0,5.83585,3682863
downwards_rotate,downwards_sensor_sweep_120-20260625-124815,TesolloDownwardsRotateZ,TesolloDownwardsRotateZ-20260626-053300-downwardsrotatez_sb_propriotarget_s0,proprio.target,0,7,118,5.9,0.0,0.0,0.0,5.85628,0.0,5.85628,3682863
downwards_rotate,downwards_sensor_sweep_120-20260625-124815,TesolloDownwardsRotateZ,TesolloDownwardsRotateZ-20260626-053300-downwardsrotatez_sb_propriotarget_s0,proprio.target,0,7,119,5.95,0.0,0.0,0.0,5.87546,0.0,5.87546,3682863
downwards_rotate,downwards_sensor_sweep_120-20260625-124815,TesolloDownwardsRotateZ,TesolloDownwardsRotateZ-20260626-033945-downwardsrotatez_sb_propriodelta_s2,proprio.delta,2,0,0,0.0,0.0,0.0,0.0,0.0,0.0,0.0,3682863
downwards_rotate,downwards_sensor_sweep_120-20260625-124815,TesolloDownwardsRotateZ,TesolloDownwardsRotateZ-20260626-033945-downwardsrotatez_sb_propriodelta_s2,proprio.delta,2,0,1,0.05,0.0,0.0,0.0,0.0,0.0,0.0,3682863
downwards_rotate,downwards_sensor_sweep_120-20260625-124815,TesolloDownwardsRotateZ,TesolloDownwardsRotateZ-20260626-033945-downwardsrotatez_sb_propriodelta_s2,proprio.delta,2,0,2,0.1,0.0,0.0,0.0,0.0,3.4963,3.4963,3682863
downwards_rotate,downwards_sensor_sweep_120-20260625-124815,TesolloDownwardsRotateZ,TesolloDownwardsRotateZ-20260626-033945-downwardsrotatez_sb_propriodelta_s2,proprio.delta,2,0,3,0.15,0.0,0.0,0.0,0.0,3.62046,3.62046,3682863
downwards_rotate,downwards_sensor_sweep_120-20260625-124815,TesolloDownwardsRotateZ,TesolloDownwardsRotateZ-20260626-033945-downwardsrotatez_sb_propriodelta_s2,proprio.delta,2,0,4,0.2,0.0,0.0,0.0,0.0,2.11307,2.11307,3682863
downwards_rotate,downwards_sensor_sweep_120-20260625-124815,TesolloDownwardsRotateZ,TesolloDownwardsRotateZ-20260626-033945-downwardsrotatez_sb_propriodelta_s2,proprio.delta,2,0,5,0.25,0.0,0.0,0.0,0.0,2.98231,2.98231,3682863
downwards_rotate,downwards_sensor_sweep_120-20260625-124815,TesolloDownwardsRotateZ,TesolloDownwardsRotateZ-20260626-033945-downwardsrotatez_sb_propriodelta_s2,proprio.delta,2,0,6,0.3,0.0,0.0,0.0,0.0,0.0,0.0,3682863
downwards_rotate,downwards_sensor_sweep_120-20260625-124815,TesolloDownwardsRotateZ,TesolloDownwardsRotateZ-20260626-033945-downwardsrotatez_sb_propriodelta_s2,proprio.delta,2,0,7,0.35,3.83143,0.0,0.0,3.03634,1.14886,8.01662,3682863
downwards_rotate,downwards_sensor_sweep_120-20260625-124815,TesolloDownwardsRotateZ,TesolloDownwardsRotateZ-20260626-033945-downwardsrotatez_sb_propriodelta_s2,proprio.delta,2,0,8,0.4,3.24955,0.0,0.0,2.89932,0.0,6.14886,3682863
downwards_rotate,downwards_sensor_sweep_120-20260625-124815,TesolloDownwardsRotateZ,TesolloDownwardsRotateZ-20260626-033945-downwardsrotatez_sb_propriodelta_s2,proprio.delta,2,0,9,0.45,3.49273,0.0,0.0,3.54195,0.0,7.03468,3682863
downwards_rotate,downwards_sensor_sweep_120-20260625-124815,TesolloDownwardsRotateZ,TesolloDownwardsRotateZ-20260626-033945-downwardsrotatez_sb_propriodelta_s2,proprio.delta,2,0,10,0.5,0.0,0.0,0.0,3.32476,0.0,3.32476,3682863
downwards_rotate,downwards_sensor_sweep_120-20260625-124815,TesolloDownwardsRotateZ,TesolloDownwardsRotateZ-20260626-033945-downwardsrotatez_sb_propriodelta_s2,proprio.delta,2,0,11,0.55,2.6376,0.0,0.0,2.56254,0.0,5.20014,3682863
downwards_rotate,downwards_sensor_sweep_120-20260625-124815,TesolloDownwardsRotateZ,TesolloDownwardsRotateZ-20260626-033945-downwardsrotatez_sb_propriodelta_s2,proprio.delta,2,0,12,0.6,2.55821,0.0,0.0,2.92932,0.0,5.48753,3682863
downwards_rotate,downwards_sensor_sweep_120-20260625-124815,TesolloDownwardsRotateZ,TesolloDownwardsRotateZ-20260626-033945-downwardsrotatez_sb_propriodelta_s2,proprio.delta,2,0,13,0.65,2.67339,0.0,0.877,2.27159,0.0,5.82198,3682863
downwards_rotate,downwards_sensor_sweep_120-20260625-124815,TesolloDownwardsRotateZ,TesolloDownwardsRotateZ-20260626-033945-downwardsrotatez_sb_propriodelta_s2,proprio.delta,2,0,14,0.7,0.0,0.0,0.96545,2.48139,0.0,3.44684,3682863
downwards_rotate,downwards_sensor_sweep_120-20260625-124815,TesolloDownwardsRotateZ,TesolloDownwardsRotateZ-20260626-033945-downwardsrotatez_sb_propriodelta_s2,proprio.delta,2,0,15,0.75,3.07603,0.0,0.0,3.06922,0.0,6.14525,3682863
downwards_rotate,downwards_sensor_sweep_120-20260625-124815,TesolloDownwardsRotateZ,TesolloDownwardsRotateZ-20260626-033945-downwardsrotatez_sb_propriodelta_s2,proprio.delta,2,0,16,0.8,2.62216,0.0,0.0,2.95893,0.0,5.58109,3682863
downwards_rotate,downwards_sensor_sweep_120-20260625-124815,TesolloDownwardsRotateZ,TesolloDownwardsRotateZ-20260626-033945-downwardsrotatez_sb_propriodelta_s2,proprio.delta,2,0,17,0.85,2.52148,0.0,0.0,2.72663,0.0,5.24811,3682863
downwards_rotate,downwards_sensor_sweep_120-20260625-124815,TesolloDownwardsRotateZ,TesolloDownwardsRotateZ-20260626-033945-downwardsrotatez_sb_propriodelta_s2,proprio.delta,2,0,18,0.9,2.46036,0.1593,0.0,2.85781,0.0,5.47747,3682863
downwards_rotate,downwards_sensor_sweep_120-20260625-124815,TesolloDownwardsRotateZ,TesolloDownwardsRotateZ-20260626-033945-downwardsrotatez_sb_propriodelta_s2,proprio.delta,2,0,19,0.95,3.0298,0.0,0.0,3.14419,0.0,6.17399,3682863
downwards_rotate,downwards_sensor_sweep_120-20260625-124815,TesolloDownwardsRotateZ,TesolloDownwardsRotateZ-20260626-033945-downwardsrotatez_sb_propriodelta_s2,proprio.delta,2,0,20,1.0,3.22671,0.0,0.0,2.87384,0.0,6.10055,3682863
downwards_rotate,downwards_sensor_sweep_120-20260625-124815,TesolloDownwardsRotateZ,TesolloDownwardsRotateZ-20260626-033945-downwardsrotatez_sb_propriodelta_s2,proprio.delta,2,0,21,1.05,3.16939,0.0,0.0,3.21445,0.0,6.38384,3682863
downwards_rotate,downwards_sensor_sweep_120-20260625-124815,TesolloDownwardsRotateZ,TesolloDownwardsRotateZ-20260626-033945-downwardsrotatez_sb_propriodelta_s2,proprio.delta,2,0,22,1.1,3.18278,0.0,0.0,3.20134,0.0,6.38412,3682863
downwards_rotate,downwards_sensor_sweep_120-20260625-124815,TesolloDownwardsRotateZ,TesolloDownwardsRotateZ-20260626-033945-downwardsrotatez_sb_propriodelta_s2,proprio.delta,2,0,23,1.15,3.19764,0.0,0.0,3.12624,0.0,6.32388,3682863
downwards_rotate,downwards_sensor_sweep_120-20260625-124815,TesolloDownwardsRotateZ,TesolloDownwardsRotateZ-20260626-033945-downwardsrotatez_sb_propriodelta_s2,proprio.delta,2,0,24,1.2,4.03084,0.0,0.0,3.68364,0.0,7.71449,3682863
downwards_rotate,downwards_sensor_sweep_120-20260625-124815,TesolloDownwardsRotateZ,TesolloDownwardsRotateZ-20260626-033945-downwardsrotatez_sb_propriodelta_s2,proprio.delta,2,0,25,1.25,4.21834,0.13453,0.0,3.75241,0.0,8.10528,3682863
downwards_rotate,downwards_sensor_sweep_120-20260625-124815,TesolloDownwardsRotateZ,TesolloDownwardsRotateZ-20260626-033945-downwardsrotatez_sb_propriodelta_s2,proprio.delta,2,0,26,1.3,4.29249,0.13307,0.0,5.0964,0.0,9.52195,3682863
downwards_rotate,downwards_sensor_sweep_120-20260625-124815,TesolloDownwardsRotateZ,TesolloDownwardsRotateZ-20260626-033945-downwardsrotatez_sb_propriodelta_s2,proprio.delta,2,0,27,1.35,4.30572,0.0,0.0,3.85611,0.0,8.16183,3682863
downwards_rotate,downwards_sensor_sweep_120-20260625-124815,TesolloDownwardsRotateZ,TesolloDownwardsRotateZ-20260626-033945-downwardsrotatez_sb_propriodelta_s2,proprio.delta,2,0,28,1.4,4.22631,0.0,0.0,3.97721,0.0,8.20352,3682863
downwards_rotate,downwards_sensor_sweep_120-20260625-124815,TesolloDownwardsRotateZ,TesolloDownwardsRotateZ-20260626-033945-downwardsrotatez_sb_propriodelta_s2,proprio.delta,2,0,29,1.45,4.14054,0.40627,0.0,4.02795,0.0,8.57476,3682863
downwards_rotate,downwards_sensor_sweep_120-20260625-124815,TesolloDownwardsRotateZ,TesolloDownwardsRotateZ-20260626-033945-downwardsrotatez_sb_propriodelta_s2,proprio.delta,2,0,30,1.5,4.09776,0.0,0.0,4.00596,0.0,8.10371,3682863
downwards_rotate,downwards_sensor_sweep_120-20260625-124815,TesolloDownwardsRotateZ,TesolloDownwardsRotateZ-20260626-033945-downwardsrotatez_sb_propriodelta_s2,proprio.delta,2,0,31,1.55,3.52431,0.0,0.0,4.37831,0.0,7.90262,3682863
downwards_rotate,downwards_sensor_sweep_120-20260625-124815,TesolloDownwardsRotateZ,TesolloDownwardsRotateZ-20260626-033945-downwardsrotatez_sb_propriodelta_s2,proprio.delta,2,0,32,1.6,3.75409,0.0,0.0,3.85535,0.0,7.60945,3682863
downwards_rotate,downwards_sensor_sweep_120-20260625-124815,TesolloDownwardsRotateZ,TesolloDownwardsRotateZ-20260626-033945-downwardsrotatez_sb_propriodelta_s2,proprio.delta,2,0,33,1.65,3.69393,0.16521,0.0,3.75577,0.0,7.61491,3682863
downwards_rotate,downwards_sensor_sweep_120-20260625-124815,TesolloDownwardsRotateZ,TesolloDownwardsRotateZ-20260626-033945-downwardsrotatez_sb_propriodelta_s2,proprio.delta,2,0,34,1.7,3.61629,0.0,0.0,3.69271,0.0,7.309,3682863
downwards_rotate,downwards_sensor_sweep_120-20260625-124815,TesolloDownwardsRotateZ,TesolloDownwardsRotateZ-20260626-033945-downwardsrotatez_sb_propriodelta_s2,proprio.delta,2,0,35,1.75,3.53917,0.0,0.0,3.64126,0.0,7.18043,3682863
downwards_rotate,downwards_sensor_sweep_120-20260625-124815,TesolloDownwardsRotateZ,TesolloDownwardsRotateZ-20260626-033945-downwardsrotatez_sb_propriodelta_s2,proprio.delta,2,0,36,1.8,3.46943,0.0,0.0,3.61747,0.0,7.0869,3682863
downwards_rotate,downwards_sensor_sweep_120-20260625-124815,TesolloDownwardsRotateZ,TesolloDownwardsRotateZ-20260626-033945-downwardsrotatez_sb_propriodelta_s2,proprio.delta,2,0,37,1.85,3.38755,0.0,0.32301,3.49036,0.0,7.20092,3682863
downwards_rotate,downwards_sensor_sweep_120-20260625-124815,TesolloDownwardsRotateZ,TesolloDownwardsRotateZ-20260626-033945-downwardsrotatez_sb_propriodelta_s2,proprio.delta,2,0,38,1.9,3.30668,0.0,0.3525,3.40459,0.0,7.06376,3682863
downwards_rotate,downwards_sensor_sweep_120-20260625-124815,TesolloDownwardsRotateZ,TesolloDownwardsRotateZ-20260626-033945-downwardsrotatez_sb_propriodelta_s2,proprio.delta,2,0,39,1.95,3.24577,0.0,0.41003,3.35488,0.0,7.01068,3682863
downwards_rotate,downwards_sensor_sweep_120-20260625-124815,TesolloDownwardsRotateZ,TesolloDownwardsRotateZ-20260626-033945-downwardsrotatez_sb_propriodelta_s2,proprio.delta,2,0,40,2.0,3.19011,0.0,0.45752,3.31292,0.0,6.96055,3682863
downwards_rotate,downwards_sensor_sweep_120-20260625-124815,TesolloDownwardsRotateZ,TesolloDownwardsRotateZ-20260626-033945-downwardsrotatez_sb_propriodelta_s2,proprio.delta,2,0,41,2.05,3.14015,0.0,0.49725,3.2763,0.0,6.9137,3682863
downwards_rotate,downwards_sensor_sweep_120-20260625-124815,TesolloDownwardsRotateZ,TesolloDownwardsRotateZ-20260626-033945-downwardsrotatez_sb_propriodelta_s2,proprio.delta,2,0,42,2.1,3.09603,0.0,0.53987,3.23167,0.0,6.86757,3682863
downwards_rotate,downwards_sensor_sweep_120-20260625-124815,TesolloDownwardsRotateZ,TesolloDownwardsRotateZ-20260626-033945-downwardsrotatez_sb_propriodelta_s2,proprio.delta,2,0,43,2.15,3.05553,0.0,0.58479,3.1863,0.0,6.82662,3682863
downwards_rotate,downwards_sensor_sweep_120-20260625-124815,TesolloDownwardsRotateZ,TesolloDownwardsRotateZ-20260626-033945-downwardsrotatez_sb_propriodelta_s2,proprio.delta,2,0,44,2.2,3.02002,0.0,0.63541,3.14214,0.0,6.79756,3682863
downwards_rotate,downwards_sensor_sweep_120-20260625-124815,TesolloDownwardsRotateZ,TesolloDownwardsRotateZ-20260626-033945-downwardsrotatez_sb_propriodelta_s2,proprio.delta,2,0,45,2.25,2.98764,0.0,0.67071,3.10578,0.0,6.76413,3682863
downwards_rotate,downwards_sensor_sweep_120-20260625-124815,TesolloDownwardsRotateZ,TesolloDownwardsRotateZ-20260626-033945-downwardsrotatez_sb_propriodelta_s2,proprio.delta,2,0,46,2.3,2.95971,0.0,0.70088,3.07279,0.0,6.73338,3682863
downwards_rotate,downwards_sensor_sweep_120-20260625-124815,TesolloDownwardsRotateZ,TesolloDownwardsRotateZ-20260626-033945-downwardsrotatez_sb_propriodelta_s2,proprio.delta,2,0,47,2.35,2.93719,0.0,0.73195,3.04566,0.0,6.7148,3682863
downwards_rotate,downwards_sensor_sweep_120-20260625-124815,TesolloDownwardsRotateZ,TesolloDownwardsRotateZ-20260626-033945-downwardsrotatez_sb_propriodelta_s2,proprio.delta,2,0,48,2.4,2.90358,0.0,0.77068,2.98509,0.0,6.65935,3682863
downwards_rotate,downwards_sensor_sweep_120-20260625-124815,TesolloDownwardsRotateZ,TesolloDownwardsRotateZ-20260626-033945-downwardsrotatez_sb_propriodelta_s2,proprio.delta,2,0,49,2.45,2.91295,0.0,0.79624,2.97137,0.0,6.68056,3682863
downwards_rotate,downwards_sensor_sweep_120-20260625-124815,TesolloDownwardsRotateZ,TesolloDownwardsRotateZ-20260626-033945-downwardsrotatez_sb_propriodelta_s2,proprio.delta,2,0,50,2.5,2.8845,0.0,0.84153,2.9207,0.0,6.64673,3682863
downwards_rotate,downwards_sensor_sweep_120-20260625-124815,TesolloDownwardsRotateZ,TesolloDownwardsRotateZ-20260626-033945-downwardsrotatez_sb_propriodelta_s2,proprio.delta,2,0,51,2.55,2.88284,0.0,0.87005,2.88863,0.0,6.64153,3682863
downwards_rotate,downwards_sensor_sweep_120-20260625-124815,TesolloDownwardsRotateZ,TesolloDownwardsRotateZ-20260626-033945-downwardsrotatez_sb_propriodelta_s2,proprio.delta,2,0,52,2.6,2.88671,0.0,0.8939,2.87443,0.0,6.65504,3682863
downwards_rotate,downwards_sensor_sweep_120-20260625-124815,TesolloDownwardsRotateZ,TesolloDownwardsRotateZ-20260626-033945-downwardsrotatez_sb_propriodelta_s2,proprio.delta,2,0,53,2.65,2.87446,0.0,0.92804,2.83054,0.0,6.63304,3682863
downwards_rotate,downwards_sensor_sweep_120-20260625-124815,TesolloDownwardsRotateZ,TesolloDownwardsRotateZ-20260626-033945-downwardsrotatez_sb_propriodelta_s2,proprio.delta,2,0,54,2.7,2.86716,0.0,0.95647,2.80092,0.0,6.62455,3682863
downwards_rotate,downwards_sensor_sweep_120-20260625-124815,TesolloDownwardsRotateZ,TesolloDownwardsRotateZ-20260626-033945-downwardsrotatez_sb_propriodelta_s2,proprio.delta,2,0,55,2.75,2.86091,0.0,0.99148,2.77274,0.0,6.62513,3682863
downwards_rotate,downwards_sensor_sweep_120-20260625-124815,TesolloDownwardsRotateZ,TesolloDownwardsRotateZ-20260626-033945-downwardsrotatez_sb_propriodelta_s2,proprio.delta,2,0,56,2.8,2.85842,0.0,1.02433,2.74766,0.0,6.63041,3682863
downwards_rotate,downwards_sensor_sweep_120-20260625-124815,TesolloDownwardsRotateZ,TesolloDownwardsRotateZ-20260626-033945-downwardsrotatez_sb_propriodelta_s2,proprio.delta,2,0,57,2.85,2.85728,0.0,1.05996,2.72207,0.0,6.63931,3682863
downwards_rotate,downwards_sensor_sweep_120-20260625-124815,TesolloDownwardsRotateZ,TesolloDownwardsRotateZ-20260626-033945-downwardsrotatez_sb_propriodelta_s2,proprio.delta,2,0,58,2.9,2.8588,0.0,1.09339,2.6989,0.0,6.65109,3682863
downwards_rotate,downwards_sensor_sweep_120-20260625-124815,TesolloDownwardsRotateZ,TesolloDownwardsRotateZ-20260626-033945-downwardsrotatez_sb_propriodelta_s2,proprio.delta,2,0,59,2.95,2.86075,0.0,1.12785,2.67842,0.0,6.66702,3682863
downwards_rotate,downwards_sensor_sweep_120-20260625-124815,TesolloDownwardsRotateZ,TesolloDownwardsRotateZ-20260626-033945-downwardsrotatez_sb_propriodelta_s2,proprio.delta,2,0,60,3.0,2.86644,0.0,1.16039,2.65847,0.0,6.6853,3682863
downwards_rotate,downwards_sensor_sweep_120-20260625-124815,TesolloDownwardsRotateZ,TesolloDownwardsRotateZ-20260626-033945-downwardsrotatez_sb_propriodelta_s2,proprio.delta,2,0,61,3.05,2.86983,0.0,1.19523,2.63636,0.0,6.70142,3682863
downwards_rotate,downwards_sensor_sweep_120-20260625-124815,TesolloDownwardsRotateZ,TesolloDownwardsRotateZ-20260626-033945-downwardsrotatez_sb_propriodelta_s2,proprio.delta,2,0,62,3.1,2.87708,0.0,1.22697,2.61605,0.0,6.7201,3682863
downwards_rotate,downwards_sensor_sweep_120-20260625-124815,TesolloDownwardsRotateZ,TesolloDownwardsRotateZ-20260626-033945-downwardsrotatez_sb_propriodelta_s2,proprio.delta,2,0,63,3.15,2.88282,0.0,1.25972,2.59546,0.0,6.738,3682863
downwards_rotate,downwards_sensor_sweep_120-20260625-124815,TesolloDownwardsRotateZ,TesolloDownwardsRotateZ-20260626-033945-downwardsrotatez_sb_propriodelta_s2,proprio.delta,2,0,64,3.2,2.88819,0.0,1.29091,2.57481,0.0,6.7539,3682863
downwards_rotate,downwards_sensor_sweep_120-20260625-124815,TesolloDownwardsRotateZ,TesolloDownwardsRotateZ-20260626-033945-downwardsrotatez_sb_propriodelta_s2,proprio.delta,2,0,65,3.25,2.89498,0.0,1.32169,2.55329,0.0,6.76996,3682863
downwards_rotate,downwards_sensor_sweep_120-20260625-124815,TesolloDownwardsRotateZ,TesolloDownwardsRotateZ-20260626-033945-downwardsrotatez_sb_propriodelta_s2,proprio.delta,2,0,66,3.3,2.89955,0.0,1.35258,2.53188,0.0,6.78401,3682863
downwards_rotate,downwards_sensor_sweep_120-20260625-124815,TesolloDownwardsRotateZ,TesolloDownwardsRotateZ-20260626-033945-downwardsrotatez_sb_propriodelta_s2,proprio.delta,2,0,67,3.35,2.90634,0.0,1.3831,2.5108,0.0,6.80024,3682863
downwards_rotate,downwards_sensor_sweep_120-20260625-124815,TesolloDownwardsRotateZ,TesolloDownwardsRotateZ-20260626-033945-downwardsrotatez_sb_propriodelta_s2,proprio.delta,2,0,68,3.4,2.91256,0.0,1.41375,2.48923,0.0,6.81555,3682863
downwards_rotate,downwards_sensor_sweep_120-20260625-124815,TesolloDownwardsRotateZ,TesolloDownwardsRotateZ-20260626-033945-downwardsrotatez_sb_propriodelta_s2,proprio.delta,2,0,69,3.45,2.91784,0.0,1.44441,2.46945,0.0,6.83171,3682863
downwards_rotate,downwards_sensor_sweep_120-20260625-124815,TesolloDownwardsRotateZ,TesolloDownwardsRotateZ-20260626-033945-downwardsrotatez_sb_propriodelta_s2,proprio.delta,2,0,70,3.5,2.92348,0.0,1.47507,2.44883,0.0,6.84738,3682863
downwards_rotate,downwards_sensor_sweep_120-20260625-124815,TesolloDownwardsRotateZ,TesolloDownwardsRotateZ-20260626-033945-downwardsrotatez_sb_propriodelta_s2,proprio.delta,2,0,71,3.55,2.92847,0.0,1.5068,2.42836,0.0,6.86362,3682863
downwards_rotate,downwards_sensor_sweep_120-20260625-124815,TesolloDownwardsRotateZ,TesolloDownwardsRotateZ-20260626-033945-downwardsrotatez_sb_propriodelta_s2,proprio.delta,2,0,72,3.6,2.93386,0.0,1.53871,2.40668,0.0,6.87925,3682863
downwards_rotate,downwards_sensor_sweep_120-20260625-124815,TesolloDownwardsRotateZ,TesolloDownwardsRotateZ-20260626-033945-downwardsrotatez_sb_propriodelta_s2,proprio.delta,2,0,73,3.65,2.93909,0.0,1.57124,2.3844,0.0,6.89474,3682863
downwards_rotate,downwards_sensor_sweep_120-20260625-124815,TesolloDownwardsRotateZ,TesolloDownwardsRotateZ-20260626-033945-downwardsrotatez_sb_propriodelta_s2,proprio.delta,2,0,74,3.7,2.94528,0.0,1.60269,2.36426,0.0,6.91222,3682863
downwards_rotate,downwards_sensor_sweep_120-20260625-124815,TesolloDownwardsRotateZ,TesolloDownwardsRotateZ-20260626-033945-downwardsrotatez_sb_propriodelta_s2,proprio.delta,2,0,75,3.75,2.94925,0.0,1.63671,2.34205,0.0,6.92801,3682863
downwards_rotate,downwards_sensor_sweep_120-20260625-124815,TesolloDownwardsRotateZ,TesolloDownwardsRotateZ-20260626-033945-downwardsrotatez_sb_propriodelta_s2,proprio.delta,2,0,76,3.8,2.95371,0.0,1.67114,2.31949,0.0,6.94434,3682863
downwards_rotate,downwards_sensor_sweep_120-20260625-124815,TesolloDownwardsRotateZ,TesolloDownwardsRotateZ-20260626-033945-downwardsrotatez_sb_propriodelta_s2,proprio.delta,2,0,77,3.85,2.95875,0.0,1.70371,2.30044,0.0,6.96289,3682863
downwards_rotate,downwards_sensor_sweep_120-20260625-124815,TesolloDownwardsRotateZ,TesolloDownwardsRotateZ-20260626-033945-downwardsrotatez_sb_propriodelta_s2,proprio.delta,2,0,78,3.9,2.96858,0.0,1.73951,2.27908,0.0,6.98718,3682863
downwards_rotate,downwards_sensor_sweep_120-20260625-124815,TesolloDownwardsRotateZ,TesolloDownwardsRotateZ-20260626-033945-downwardsrotatez_sb_propriodelta_s2,proprio.delta,2,0,79,3.95,2.97735,0.0,1.77424,2.25969,0.0,7.01128,3682863
downwards_rotate,downwards_sensor_sweep_120-20260625-124815,TesolloDownwardsRotateZ,TesolloDownwardsRotateZ-20260626-033945-downwardsrotatez_sb_propriodelta_s2,proprio.delta,2,0,80,4.0,2.98242,0.0,1.81084,2.24089,0.0,7.03415,3682863
downwards_rotate,downwards_sensor_sweep_120-20260625-124815,TesolloDownwardsRotateZ,TesolloDownwardsRotateZ-20260626-033945-downwardsrotatez_sb_propriodelta_s2,proprio.delta,2,0,81,4.05,2.98548,0.0,1.8466,2.22047,0.0,7.05256,3682863
downwards_rotate,downwards_sensor_sweep_120-20260625-124815,TesolloDownwardsRotateZ,TesolloDownwardsRotateZ-20260626-033945-downwardsrotatez_sb_propriodelta_s2,proprio.delta,2,0,82,4.1,2.98574,0.0,1.88127,2.20053,0.0,7.06755,3682863
downwards_rotate,downwards_sensor_sweep_120-20260625-124815,TesolloDownwardsRotateZ,TesolloDownwardsRotateZ-20260626-033945-downwardsrotatez_sb_propriodelta_s2,proprio.delta,2,0,83,4.15,2.98719,0.0,1.91589,2.18184,0.0,7.08491,3682863
downwards_rotate,downwards_sensor_sweep_120-20260625-124815,TesolloDownwardsRotateZ,TesolloDownwardsRotateZ-20260626-033945-downwardsrotatez_sb_propriodelta_s2,proprio.delta,2,0,84,4.2,2.98735,0.0,1.95051,2.16446,0.0,7.10232,3682863
downwards_rotate,downwards_sensor_sweep_120-20260625-124815,TesolloDownwardsRotateZ,TesolloDownwardsRotateZ-20260626-033945-downwardsrotatez_sb_propriodelta_s2,proprio.delta,2,0,85,4.25,2.98902,0.0,1.98345,2.14819,0.0,7.12066,3682863
downwards_rotate,downwards_sensor_sweep_120-20260625-124815,TesolloDownwardsRotateZ,TesolloDownwardsRotateZ-20260626-033945-downwardsrotatez_sb_propriodelta_s2,proprio.delta,2,0,86,4.3,2.98912,0.0,2.01842,2.13049,0.0,7.13802,3682863
downwards_rotate,downwards_sensor_sweep_120-20260625-124815,TesolloDownwardsRotateZ,TesolloDownwardsRotateZ-20260626-033945-downwardsrotatez_sb_propriodelta_s2,proprio.delta,2,0,87,4.35,2.9868,0.0,2.0528,2.11449,0.0,7.15408,3682863
downwards_rotate,downwards_sensor_sweep_120-20260625-124815,TesolloDownwardsRotateZ,TesolloDownwardsRotateZ-20260626-033945-downwardsrotatez_sb_propriodelta_s2,proprio.delta,2,0,88,4.4,2.98181,0.0,2.08741,2.0991,0.0,7.16832,3682863
downwards_rotate,downwards_sensor_sweep_120-20260625-124815,TesolloDownwardsRotateZ,TesolloDownwardsRotateZ-20260626-033945-downwardsrotatez_sb_propriodelta_s2,proprio.delta,2,0,89,4.45,2.97973,0.0,2.12015,2.08558,0.0,7.18546,3682863
downwards_rotate,downwards_sensor_sweep_120-20260625-124815,TesolloDownwardsRotateZ,TesolloDownwardsRotateZ-20260626-033945-downwardsrotatez_sb_propriodelta_s2,proprio.delta,2,0,90,4.5,2.97707,0.0,2.15191,2.06953,0.0,7.19852,3682863
downwards_rotate,downwards_sensor_sweep_120-20260625-124815,TesolloDownwardsRotateZ,TesolloDownwardsRotateZ-20260626-033945-downwardsrotatez_sb_propriodelta_s2,proprio.delta,2,0,91,4.55,2.97166,0.0,2.18317,2.05694,0.0,7.21177,3682863
downwards_rotate,downwards_sensor_sweep_120-20260625-124815,TesolloDownwardsRotateZ,TesolloDownwardsRotateZ-20260626-033945-downwardsrotatez_sb_propriodelta_s2,proprio.delta,2,0,92,4.6,2.96621,0.0,2.21072,2.04704,0.0,7.22397,3682863
downwards_rotate,downwards_sensor_sweep_120-20260625-124815,TesolloDownwardsRotateZ,TesolloDownwardsRotateZ-20260626-033945-downwardsrotatez_sb_propriodelta_s2,proprio.delta,2,0,93,4.65,2.95818,0.0,2.23951,2.03749,0.0,7.23518,3682863
downwards_rotate,downwards_sensor_sweep_120-20260625-124815,TesolloDownwardsRotateZ,TesolloDownwardsRotateZ-20260626-033945-downwardsrotatez_sb_propriodelta_s2,proprio.delta,2,0,94,4.7,2.95048,0.0,2.26777,2.02752,0.0,7.24577,3682863
downwards_rotate,downwards_sensor_sweep_120-20260625-124815,TesolloDownwardsRotateZ,TesolloDownwardsRotateZ-20260626-033945-downwardsrotatez_sb_propriodelta_s2,proprio.delta,2,0,95,4.75,2.94171,0.0,2.29594,2.01834,0.0,7.25599,3682863
downwards_rotate,downwards_sensor_sweep_120-20260625-124815,TesolloDownwardsRotateZ,TesolloDownwardsRotateZ-20260626-033945-downwardsrotatez_sb_propriodelta_s2,proprio.delta,2,0,96,4.8,2.93008,0.0,2.32554,2.01007,0.0,7.26569,3682863
downwards_rotate,downwards_sensor_sweep_120-20260625-124815,TesolloDownwardsRotateZ,TesolloDownwardsRotateZ-20260626-033945-downwardsrotatez_sb_propriodelta_s2,proprio.delta,2,0,97,4.85,2.91831,0.0,2.3526,2.00258,0.0,7.27348,3682863
downwards_rotate,downwards_sensor_sweep_120-20260625-124815,TesolloDownwardsRotateZ,TesolloDownwardsRotateZ-20260626-033945-downwardsrotatez_sb_propriodelta_s2,proprio.delta,2,0,98,4.9,2.90481,0.0,2.38115,1.99599,0.0,7.28195,3682863
downwards_rotate,downwards_sensor_sweep_120-20260625-124815,TesolloDownwardsRotateZ,TesolloDownwardsRotateZ-20260626-033945-downwardsrotatez_sb_propriodelta_s2,proprio.delta,2,0,99,4.95,2.8906,0.0,2.41095,1.98886,0.0,7.29041,3682863
downwards_rotate,downwards_sensor_sweep_120-20260625-124815,TesolloDownwardsRotateZ,TesolloDownwardsRotateZ-20260626-033945-downwardsrotatez_sb_propriodelta_s2,proprio.delta,2,0,100,5.0,2.88034,0.0,2.43919,1.98125,0.0,7.30078,3682863
downwards_rotate,downwards_sensor_sweep_120-20260625-124815,TesolloDownwardsRotateZ,TesolloDownwardsRotateZ-20260626-033945-downwardsrotatez_sb_propriodelta_s2,proprio.delta,2,0,101,5.05,2.8697,0.0,2.46786,1.97214,0.0,7.3097,3682863
downwards_rotate,downwards_sensor_sweep_120-20260625-124815,TesolloDownwardsRotateZ,TesolloDownwardsRotateZ-20260626-033945-downwardsrotatez_sb_propriodelta_s2,proprio.delta,2,0,102,5.1,2.85936,0.0,2.49695,1.96282,0.0,7.31913,3682863
downwards_rotate,downwards_sensor_sweep_120-20260625-124815,TesolloDownwardsRotateZ,TesolloDownwardsRotateZ-20260626-033945-downwardsrotatez_sb_propriodelta_s2,proprio.delta,2,0,103,5.15,2.85321,0.0,2.52505,1.95293,0.0,7.33118,3682863
downwards_rotate,downwards_sensor_sweep_120-20260625-124815,TesolloDownwardsRotateZ,TesolloDownwardsRotateZ-20260626-033945-downwardsrotatez_sb_propriodelta_s2,proprio.delta,2,0,104,5.2,2.84606,0.0,2.55399,1.94356,0.0,7.34361,3682863
downwards_rotate,downwards_sensor_sweep_120-20260625-124815,TesolloDownwardsRotateZ,TesolloDownwardsRotateZ-20260626-033945-downwardsrotatez_sb_propriodelta_s2,proprio.delta,2,0,105,5.25,2.84068,0.0,2.5799,1.93455,0.0,7.35513,3682863
downwards_rotate,downwards_sensor_sweep_120-20260625-124815,TesolloDownwardsRotateZ,TesolloDownwardsRotateZ-20260626-033945-downwardsrotatez_sb_propriodelta_s2,proprio.delta,2,0,106,5.3,2.83506,0.0,2.60588,1.92486,0.0,7.3658,3682863
downwards_rotate,downwards_sensor_sweep_120-20260625-124815,TesolloDownwardsRotateZ,TesolloDownwardsRotateZ-20260626-033945-downwardsrotatez_sb_propriodelta_s2,proprio.delta,2,0,107,5.35,2.83102,0.0,2.6297,1.91489,0.0,7.37562,3682863
downwards_rotate,downwards_sensor_sweep_120-20260625-124815,TesolloDownwardsRotateZ,TesolloDownwardsRotateZ-20260626-033945-downwardsrotatez_sb_propriodelta_s2,proprio.delta,2,0,108,5.4,2.83082,0.0,2.67565,1.89442,0.0,7.40089,3682863
downwards_rotate,downwards_sensor_sweep_120-20260625-124815,TesolloDownwardsRotateZ,TesolloDownwardsRotateZ-20260626-033945-downwardsrotatez_sb_propriodelta_s2,proprio.delta,2,0,109,5.45,2.84682,0.0,2.85589,1.88195,0.0,7.58465,3682863
downwards_rotate,downwards_sensor_sweep_120-20260625-124815,TesolloDownwardsRotateZ,TesolloDownwardsRotateZ-20260626-033945-downwardsrotatez_sb_propriodelta_s2,proprio.delta,2,0,110,5.5,2.85188,0.0,2.87917,1.86411,0.0,7.59515,3682863
downwards_rotate,downwards_sensor_sweep_120-20260625-124815,TesolloDownwardsRotateZ,TesolloDownwardsRotateZ-20260626-033945-downwardsrotatez_sb_propriodelta_s2,proprio.delta,2,0,111,5.55,2.84901,0.0,2.8889,1.8579,0.0,7.59581,3682863
downwards_rotate,downwards_sensor_sweep_120-20260625-124815,TesolloDownwardsRotateZ,TesolloDownwardsRotateZ-20260626-033945-downwardsrotatez_sb_propriodelta_s2,proprio.delta,2,0,112,5.6,2.84509,0.0,2.89983,1.85331,0.0,7.59823,3682863
downwards_rotate,downwards_sensor_sweep_120-20260625-124815,TesolloDownwardsRotateZ,TesolloDownwardsRotateZ-20260626-033945-downwardsrotatez_sb_propriodelta_s2,proprio.delta,2,0,113,5.65,2.83893,0.0,2.90542,1.85148,0.0,7.59583,3682863
downwards_rotate,downwards_sensor_sweep_120-20260625-124815,TesolloDownwardsRotateZ,TesolloDownwardsRotateZ-20260626-033945-downwardsrotatez_sb_propriodelta_s2,proprio.delta,2,0,114,5.7,2.82863,0.0,2.90305,1.8565,0.0,7.58817,3682863
downwards_rotate,downwards_sensor_sweep_120-20260625-124815,TesolloDownwardsRotateZ,TesolloDownwardsRotateZ-20260626-033945-downwardsrotatez_sb_propriodelta_s2,proprio.delta,2,0,115,5.75,2.81455,0.0,2.89636,1.86454,0.0,7.57545,3682863
downwards_rotate,downwards_sensor_sweep_120-20260625-124815,TesolloDownwardsRotateZ,TesolloDownwardsRotateZ-20260626-033945-downwardsrotatez_sb_propriodelta_s2,proprio.delta,2,0,116,5.8,2.80667,0.0,2.89315,1.86495,0.0,7.56477,3682863
downwards_rotate,downwards_sensor_sweep_120-20260625-124815,TesolloDownwardsRotateZ,TesolloDownwardsRotateZ-20260626-033945-downwardsrotatez_sb_propriodelta_s2,proprio.delta,2,0,117,5.85,2.79133,0.0,2.8815,1.87678,0.0,7.54962,3682863
downwards_rotate,downwards_sensor_sweep_120-20260625-124815,TesolloDownwardsRotateZ,TesolloDownwardsRotateZ-20260626-033945-downwardsrotatez_sb_propriodelta_s2,proprio.delta,2,0,118,5.9,2.77899,0.0,2.87004,1.88387,0.0,7.5329,3682863
downwards_rotate,downwards_sensor_sweep_120-20260625-124815,TesolloDownwardsRotateZ,TesolloDownwardsRotateZ-20260626-033945-downwardsrotatez_sb_propriodelta_s2,proprio.delta,2,0,119,5.95,2.7635,0.0,2.80795,1.92995,0.0,7.5014,3682863
downwards_rotate,downwards_sensor_sweep_120-20260625-124815,TesolloDownwardsRotateZ,TesolloDownwardsRotateZ-20260626-033945-downwardsrotatez_sb_propriodelta_s2,proprio.delta,2,1,0,0.0,0.0,0.0,0.0,0.0,0.0,0.0,3682863
downwards_rotate,downwards_sensor_sweep_120-20260625-124815,TesolloDownwardsRotateZ,TesolloDownwardsRotateZ-20260626-033945-downwardsrotatez_sb_propriodelta_s2,proprio.delta,2,1,1,0.05,0.0,0.0,0.0,0.0,0.0,0.0,3682863
downwards_rotate,downwards_sensor_sweep_120-20260625-124815,TesolloDownwardsRotateZ,TesolloDownwardsRotateZ-20260626-033945-downwardsrotatez_sb_propriodelta_s2,proprio.delta,2,1,2,0.1,0.0,0.0,0.0,0.0,0.0,0.0,3682863
downwards_rotate,downwards_sensor_sweep_120-20260625-124815,TesolloDownwardsRotateZ,TesolloDownwardsRotateZ-20260626-033945-downwardsrotatez_sb_propriodelta_s2,proprio.delta,2,1,3,0.15,0.0,0.0,0.0,0.0,2.38341,2.38341,3682863
downwards_rotate,downwards_sensor_sweep_120-20260625-124815,TesolloDownwardsRotateZ,TesolloDownwardsRotateZ-20260626-033945-downwardsrotatez_sb_propriodelta_s2,proprio.delta,2,1,4,0.2,0.0,0.0,0.0,0.0,0.0,0.0,3682863
downwards_rotate,downwards_sensor_sweep_120-20260625-124815,TesolloDownwardsRotateZ,TesolloDownwardsRotateZ-20260626-033945-downwardsrotatez_sb_propriodelta_s2,proprio.delta,2,1,5,0.25,0.0,0.0,0.0,0.0,1.33318,1.33318,3682863
downwards_rotate,downwards_sensor_sweep_120-20260625-124815,TesolloDownwardsRotateZ,TesolloDownwardsRotateZ-20260626-033945-downwardsrotatez_sb_propriodelta_s2,proprio.delta,2,1,6,0.3,0.0,0.0,0.0,0.0,0.0,0.0,3682863
downwards_rotate,downwards_sensor_sweep_120-20260625-124815,TesolloDownwardsRotateZ,TesolloDownwardsRotateZ-20260626-033945-downwardsrotatez_sb_propriodelta_s2,proprio.delta,2,1,7,0.35,3.74773,0.0,1.46674,2.31412,0.0,7.5286,3682863
downwards_rotate,downwards_sensor_sweep_120-20260625-124815,TesolloDownwardsRotateZ,TesolloDownwardsRotateZ-20260626-033945-downwardsrotatez_sb_propriodelta_s2,proprio.delta,2,1,8,0.4,2.95934,0.0,0.0,3.04668,0.0,6.00601,3682863
downwards_rotate,downwards_sensor_sweep_120-20260625-124815,TesolloDownwardsRotateZ,TesolloDownwardsRotateZ-20260626-033945-downwardsrotatez_sb_propriodelta_s2,proprio.delta,2,1,9,0.45,2.79425,0.0,1.47763,2.59417,0.0,6.86605,3682863
downwards_rotate,downwards_sensor_sweep_120-20260625-124815,TesolloDownwardsRotateZ,TesolloDownwardsRotateZ-20260626-033945-downwardsrotatez_sb_propriodelta_s2,proprio.delta,2,1,10,0.5,2.97381,0.0,0.0,2.92285,0.0,5.89666,3682863
downwards_rotate,downwards_sensor_sweep_120-20260625-124815,TesolloDownwardsRotateZ,TesolloDownwardsRotateZ-20260626-033945-downwardsrotatez_sb_propriodelta_s2,proprio.delta,2,1,11,0.55,3.21476,0.0,1.4186,2.4534,0.0,7.08676,3682863
downwards_rotate,downwards_sensor_sweep_120-20260625-124815,TesolloDownwardsRotateZ,TesolloDownwardsRotateZ-20260626-033945-downwardsrotatez_sb_propriodelta_s2,proprio.delta,2,1,12,0.6,2.94924,0.0,0.63045,2.98217,0.0,6.56187,3682863
downwards_rotate,downwards_sensor_sweep_120-20260625-124815,TesolloDownwardsRotateZ,TesolloDownwardsRotateZ-20260626-033945-downwardsrotatez_sb_propriodelta_s2,proprio.delta,2,1,13,0.65,2.94637,0.0,0.0,2.73223,0.0,5.67859,3682863
downwards_rotate,downwards_sensor_sweep_120-20260625-124815,TesolloDownwardsRotateZ,TesolloDownwardsRotateZ-20260626-033945-downwardsrotatez_sb_propriodelta_s2,proprio.delta,2,1,14,0.7,2.88147,0.0,0.0,3.22795,0.0,6.10942,3682863
downwards_rotate,downwards_sensor_sweep_120-20260625-124815,TesolloDownwardsRotateZ,TesolloDownwardsRotateZ-20260626-033945-downwardsrotatez_sb_propriodelta_s2,proprio.delta,2,1,15,0.75,2.90148,0.0,0.0,3.27748,0.0,6.17896,3682863
downwards_rotate,downwards_sensor_sweep_120-20260625-124815,TesolloDownwardsRotateZ,TesolloDownwardsRotateZ-20260626-033945-downwardsrotatez_sb_propriodelta_s2,proprio.delta,2,1,16,0.8,1.71836,0.0,0.0,3.33429,0.0,5.05265,3682863
downwards_rotate,downwards_sensor_sweep_120-20260625-124815,TesolloDownwardsRotateZ,TesolloDownwardsRotateZ-20260626-033945-downwardsrotatez_sb_propriodelta_s2,proprio.delta,2,1,17,0.85,0.0,0.0,0.0,3.58934,0.0,3.58934,3682863
downwards_rotate,downwards_sensor_sweep_120-20260625-124815,TesolloDownwardsRotateZ,TesolloDownwardsRotateZ-20260626-033945-downwardsrotatez_sb_propriodelta_s2,proprio.delta,2,1,18,0.9,0.0,0.0,0.0,4.18566,0.0,4.18566,3682863
downwards_rotate,downwards_sensor_sweep_120-20260625-124815,TesolloDownwardsRotateZ,TesolloDownwardsRotateZ-20260626-033945-downwardsrotatez_sb_propriodelta_s2,proprio.delta,2,1,19,0.95,0.0,0.88273,0.0,3.46387,0.0,4.3466,3682863
downwards_rotate,downwards_sensor_sweep_120-20260625-124815,TesolloDownwardsRotateZ,TesolloDownwardsRotateZ-20260626-033945-downwardsrotatez_sb_propriodelta_s2,proprio.delta,2,1,20,1.0,0.0,1.01478,0.0,3.18799,0.0,4.20278,3682863
downwards_rotate,downwards_sensor_sweep_120-20260625-124815,TesolloDownwardsRotateZ,TesolloDownwardsRotateZ-20260626-033945-downwardsrotatez_sb_propriodelta_s2,proprio.delta,2,1,21,1.05,0.0,1.0905,0.0,3.21045,0.0,4.30095,3682863
downwards_rotate,downwards_sensor_sweep_120-20260625-124815,TesolloDownwardsRotateZ,TesolloDownwardsRotateZ-20260626-033945-downwardsrotatez_sb_propriodelta_s2,proprio.delta,2,1,22,1.1,0.93859,0.0,0.0,3.75838,0.0,4.69697,3682863
downwards_rotate,downwards_sensor_sweep_120-20260625-124815,TesolloDownwardsRotateZ,TesolloDownwardsRotateZ-20260626-033945-downwardsrotatez_sb_propriodelta_s2,proprio.delta,2,1,23,1.15,1.89325,0.48157,0.0,3.0494,0.0,5.42422,3682863
downwards_rotate,downwards_sensor_sweep_120-20260625-124815,TesolloDownwardsRotateZ,TesolloDownwardsRotateZ-20260626-033945-downwardsrotatez_sb_propriodelta_s2,proprio.delta,2,1,24,1.2,2.037,0.34432,0.0,3.10185,0.0,5.48317,3682863
downwards_rotate,downwards_sensor_sweep_120-20260625-124815,TesolloDownwardsRotateZ,TesolloDownwardsRotateZ-20260626-033945-downwardsrotatez_sb_propriodelta_s2,proprio.delta,2,1,25,1.25,2.14728,0.38952,0.0,3.02968,0.0,5.56648,3682863
downwards_rotate,downwards_sensor_sweep_120-20260625-124815,TesolloDownwardsRotateZ,TesolloDownwardsRotateZ-20260626-033945-downwardsrotatez_sb_propriodelta_s2,proprio.delta,2,1,26,1.3,2.18537,0.44074,0.0,2.98927,0.0,5.61538,3682863
downwards_rotate,downwards_sensor_sweep_120-20260625-124815,TesolloDownwardsRotateZ,TesolloDownwardsRotateZ-20260626-033945-downwardsrotatez_sb_propriodelta_s2,proprio.delta,2,1,27,1.35,2.23976,0.47329,0.0,2.94451,0.0,5.65756,3682863
downwards_rotate,downwards_sensor_sweep_120-20260625-124815,TesolloDownwardsRotateZ,TesolloDownwardsRotateZ-20260626-033945-downwardsrotatez_sb_propriodelta_s2,proprio.delta,2,1,28,1.4,2.4312,0.40295,0.36283,2.46976,0.0,5.66674,3682863
downwards_rotate,downwards_sensor_sweep_120-20260625-124815,TesolloDownwardsRotateZ,TesolloDownwardsRotateZ-20260626-033945-downwardsrotatez_sb_propriodelta_s2,proprio.delta,2,1,29,1.45,2.45416,0.31639,0.52983,2.29335,0.0,5.59373,3682863
downwards_rotate,downwards_sensor_sweep_120-20260625-124815,TesolloDownwardsRotateZ,TesolloDownwardsRotateZ-20260626-033945-downwardsrotatez_sb_propriodelta_s2,proprio.delta,2,1,30,1.5,2.47289,0.2114,0.65658,2.20533,0.0,5.5462,3682863
downwards_rotate,downwards_sensor_sweep_120-20260625-124815,TesolloDownwardsRotateZ,TesolloDownwardsRotateZ-20260626-033945-downwardsrotatez_sb_propriodelta_s2,proprio.delta,2,1,31,1.55,2.53151,0.22306,0.91541,2.56327,0.0,6.23325,3682863
downwards_rotate,downwards_sensor_sweep_120-20260625-124815,TesolloDownwardsRotateZ,TesolloDownwardsRotateZ-20260626-033945-downwardsrotatez_sb_propriodelta_s2,proprio.delta,2,1,32,1.6,2.44531,0.27038,1.00135,2.53572,0.0,6.25276,3682863
downwards_rotate,downwards_sensor_sweep_120-20260625-124815,TesolloDownwardsRotateZ,TesolloDownwardsRotateZ-20260626-033945-downwardsrotatez_sb_propriodelta_s2,proprio.delta,2,1,33,1.65,2.37796,0.28837,1.06007,2.47168,0.0,6.19808,3682863
downwards_rotate,downwards_sensor_sweep_120-20260625-124815,TesolloDownwardsRotateZ,TesolloDownwardsRotateZ-20260626-033945-downwardsrotatez_sb_propriodelta_s2,proprio.delta,2,1,34,1.7,2.33708,0.30333,1.08961,2.43542,0.0,6.16543,3682863
downwards_rotate,downwards_sensor_sweep_120-20260625-124815,TesolloDownwardsRotateZ,TesolloDownwardsRotateZ-20260626-033945-downwardsrotatez_sb_propriodelta_s2,proprio.delta,2,1,35,1.75,2.31364,0.31876,1.10179,2.4126,0.0,6.14678,3682863
downwards_rotate,downwards_sensor_sweep_120-20260625-124815,TesolloDownwardsRotateZ,TesolloDownwardsRotateZ-20260626-033945-downwardsrotatez_sb_propriodelta_s2,proprio.delta,2,1,36,1.8,2.30402,0.32789,1.10372,2.40061,0.0,6.13623,3682863
downwards_rotate,downwards_sensor_sweep_120-20260625-124815,TesolloDownwardsRotateZ,TesolloDownwardsRotateZ-20260626-033945-downwardsrotatez_sb_propriodelta_s2,proprio.delta,2,1,37,1.85,2.30209,0.33161,1.10189,2.39409,0.0,6.12967,3682863
downwards_rotate,downwards_sensor_sweep_120-20260625-124815,TesolloDownwardsRotateZ,TesolloDownwardsRotateZ-20260626-033945-downwardsrotatez_sb_propriodelta_s2,proprio.delta,2,1,38,1.9,2.29868,0.32647,1.10022,2.3975,0.0,6.12287,3682863
downwards_rotate,downwards_sensor_sweep_120-20260625-124815,TesolloDownwardsRotateZ,TesolloDownwardsRotateZ-20260626-033945-downwardsrotatez_sb_propriodelta_s2,proprio.delta,2,1,39,1.95,2.29666,0.31957,1.10002,2.40079,0.0,6.11704,3682863
downwards_rotate,downwards_sensor_sweep_120-20260625-124815,TesolloDownwardsRotateZ,TesolloDownwardsRotateZ-20260626-033945-downwardsrotatez_sb_propriodelta_s2,proprio.delta,2,1,40,2.0,2.29514,0.31064,1.10094,2.40514,0.0,6.11186,3682863
downwards_rotate,downwards_sensor_sweep_120-20260625-124815,TesolloDownwardsRotateZ,TesolloDownwardsRotateZ-20260626-033945-downwardsrotatez_sb_propriodelta_s2,proprio.delta,2,1,41,2.05,2.29523,0.30059,1.10339,2.40632,0.0,6.10554,3682863
downwards_rotate,downwards_sensor_sweep_120-20260625-124815,TesolloDownwardsRotateZ,TesolloDownwardsRotateZ-20260626-033945-downwardsrotatez_sb_propriodelta_s2,proprio.delta,2,1,42,2.1,2.29557,0.28876,1.10715,2.40844,0.0,6.09992,3682863
downwards_rotate,downwards_sensor_sweep_120-20260625-124815,TesolloDownwardsRotateZ,TesolloDownwardsRotateZ-20260626-033945-downwardsrotatez_sb_propriodelta_s2,proprio.delta,2,1,43,2.15,2.29529,0.27758,1.111,2.4115,0.0,6.09537,3682863
downwards_rotate,downwards_sensor_sweep_120-20260625-124815,TesolloDownwardsRotateZ,TesolloDownwardsRotateZ-20260626-033945-downwardsrotatez_sb_propriodelta_s2,proprio.delta,2,1,44,2.2,2.29276,0.27545,1.11411,2.41308,0.0,6.09541,3682863
downwards_rotate,downwards_sensor_sweep_120-20260625-124815,TesolloDownwardsRotateZ,TesolloDownwardsRotateZ-20260626-033945-downwardsrotatez_sb_propriodelta_s2,proprio.delta,2,1,45,2.25,2.29132,0.27267,1.11884,2.41167,0.0,6.09451,3682863
downwards_rotate,downwards_sensor_sweep_120-20260625-124815,TesolloDownwardsRotateZ,TesolloDownwardsRotateZ-20260626-033945-downwardsrotatez_sb_propriodelta_s2,proprio.delta,2,1,46,2.3,2.29092,0.26535,1.12837,2.40577,0.0,6.09041,3682863
downwards_rotate,downwards_sensor_sweep_120-20260625-124815,TesolloDownwardsRotateZ,TesolloDownwardsRotateZ-20260626-033945-downwardsrotatez_sb_propriodelta_s2,proprio.delta,2,1,47,2.35,2.29404,0.25519,1.14542,2.39062,0.0,6.08528,3682863
downwards_rotate,downwards_sensor_sweep_120-20260625-124815,TesolloDownwardsRotateZ,TesolloDownwardsRotateZ-20260626-033945-downwardsrotatez_sb_propriodelta_s2,proprio.delta,2,1,48,2.4,2.29737,0.24664,1.16196,2.37463,0.0,6.0806,3682863
downwards_rotate,downwards_sensor_sweep_120-20260625-124815,TesolloDownwardsRotateZ,TesolloDownwardsRotateZ-20260626-033945-downwardsrotatez_sb_propriodelta_s2,proprio.delta,2,1,49,2.45,2.30061,0.23534,1.18128,2.35714,0.0,6.07437,3682863
downwards_rotate,downwards_sensor_sweep_120-20260625-124815,TesolloDownwardsRotateZ,TesolloDownwardsRotateZ-20260626-033945-downwardsrotatez_sb_propriodelta_s2,proprio.delta,2,1,50,2.5,2.30646,0.2225,1.20277,2.33782,0.0,6.06956,3682863
downwards_rotate,downwards_sensor_sweep_120-20260625-124815,TesolloDownwardsRotateZ,TesolloDownwardsRotateZ-20260626-033945-downwardsrotatez_sb_propriodelta_s2,proprio.delta,2,1,51,2.55,2.31169,0.21326,1.22416,2.31814,0.0,6.06726,3682863
downwards_rotate,downwards_sensor_sweep_120-20260625-124815,TesolloDownwardsRotateZ,TesolloDownwardsRotateZ-20260626-033945-downwardsrotatez_sb_propriodelta_s2,proprio.delta,2,1,52,2.6,2.31858,0.20475,1.24621,2.29619,0.0,6.06574,3682863
downwards_rotate,downwards_sensor_sweep_120-20260625-124815,TesolloDownwardsRotateZ,TesolloDownwardsRotateZ-20260626-033945-downwardsrotatez_sb_propriodelta_s2,proprio.delta,2,1,53,2.65,2.32465,0.19572,1.26902,2.27311,0.0,6.0625,3682863
downwards_rotate,downwards_sensor_sweep_120-20260625-124815,TesolloDownwardsRotateZ,TesolloDownwardsRotateZ-20260626-033945-downwardsrotatez_sb_propriodelta_s2,proprio.delta,2,1,54,2.7,2.33182,0.18585,1.29288,2.24962,0.0,6.06018,3682863
downwards_rotate,downwards_sensor_sweep_120-20260625-124815,TesolloDownwardsRotateZ,TesolloDownwardsRotateZ-20260626-033945-downwardsrotatez_sb_propriodelta_s2,proprio.delta,2,1,55,2.75,2.33787,0.1801,1.31616,2.22557,0.0,6.05969,3682863
downwards_rotate,downwards_sensor_sweep_120-20260625-124815,TesolloDownwardsRotateZ,TesolloDownwardsRotateZ-20260626-033945-downwardsrotatez_sb_propriodelta_s2,proprio.delta,2,1,56,2.8,2.34327,0.17096,1.34184,2.20195,0.0,6.05801,3682863
downwards_rotate,downwards_sensor_sweep_120-20260625-124815,TesolloDownwardsRotateZ,TesolloDownwardsRotateZ-20260626-033945-downwardsrotatez_sb_propriodelta_s2,proprio.delta,2,1,57,2.85,2.34954,0.16211,1.36725,2.17827,0.0,6.05718,3682863
downwards_rotate,downwards_sensor_sweep_120-20260625-124815,TesolloDownwardsRotateZ,TesolloDownwardsRotateZ-20260626-033945-downwardsrotatez_sb_propriodelta_s2,proprio.delta,2,1,58,2.9,2.35568,0.1551,1.39275,2.15427,0.0,6.0578,3682863
downwards_rotate,downwards_sensor_sweep_120-20260625-124815,TesolloDownwardsRotateZ,TesolloDownwardsRotateZ-20260626-033945-downwardsrotatez_sb_propriodelta_s2,proprio.delta,2,1,59,2.95,2.35987,0.14592,1.4201,2.13138,0.0,6.05727,3682863
downwards_rotate,downwards_sensor_sweep_120-20260625-124815,TesolloDownwardsRotateZ,TesolloDownwardsRotateZ-20260626-033945-downwardsrotatez_sb_propriodelta_s2,proprio.delta,2,1,60,3.0,2.36534,0.13963,1.44576,2.10823,0.0,6.05896,3682863
downwards_rotate,downwards_sensor_sweep_120-20260625-124815,TesolloDownwardsRotateZ,TesolloDownwardsRotateZ-20260626-033945-downwardsrotatez_sb_propriodelta_s2,proprio.delta,2,1,61,3.05,2.37113,0.13434,1.47155,2.08497,0.0,6.06199,3682863
downwards_rotate,downwards_sensor_sweep_120-20260625-124815,TesolloDownwardsRotateZ,TesolloDownwardsRotateZ-20260626-033945-downwardsrotatez_sb_propriodelta_s2,proprio.delta,2,1,62,3.1,2.37718,0.13011,1.49585,2.06329,0.0,6.06643,3682863
downwards_rotate,downwards_sensor_sweep_120-20260625-124815,TesolloDownwardsRotateZ,TesolloDownwardsRotateZ-20260626-033945-downwardsrotatez_sb_propriodelta_s2,proprio.delta,2,1,63,3.15,2.38203,0.12204,1.52236,2.04234,0.0,6.06877,3682863
downwards_rotate,downwards_sensor_sweep_120-20260625-124815,TesolloDownwardsRotateZ,TesolloDownwardsRotateZ-20260626-033945-downwardsrotatez_sb_propriodelta_s2,proprio.delta,2,1,64,3.2,2.38632,0.11594,1.54762,2.02247,0.0,6.07234,3682863
downwards_rotate,downwards_sensor_sweep_120-20260625-124815,TesolloDownwardsRotateZ,TesolloDownwardsRotateZ-20260626-033945-downwardsrotatez_sb_propriodelta_s2,proprio.delta,2,1,65,3.25,2.38982,0.11071,1.57342,2.00214,0.0,6.07609,3682863
downwards_rotate,downwards_sensor_sweep_120-20260625-124815,TesolloDownwardsRotateZ,TesolloDownwardsRotateZ-20260626-033945-downwardsrotatez_sb_propriodelta_s2,proprio.delta,2,1,66,3.3,2.39458,0.10394,1.59828,1.98302,0.0,6.07982,3682863
downwards_rotate,downwards_sensor_sweep_120-20260625-124815,TesolloDownwardsRotateZ,TesolloDownwardsRotateZ-20260626-033945-downwardsrotatez_sb_propriodelta_s2,proprio.delta,2,1,67,3.35,2.3977,0.09816,1.62272,1.96509,0.0,6.08367,3682863
downwards_rotate,downwards_sensor_sweep_120-20260625-124815,TesolloDownwardsRotateZ,TesolloDownwardsRotateZ-20260626-033945-downwardsrotatez_sb_propriodelta_s2,proprio.delta,2,1,68,3.4,2.40104,0.09317,1.6461,1.94743,0.0,6.08773,3682863
downwards_rotate,downwards_sensor_sweep_120-20260625-124815,TesolloDownwardsRotateZ,TesolloDownwardsRotateZ-20260626-033945-downwardsrotatez_sb_propriodelta_s2,proprio.delta,2,1,69,3.45,2.40206,0.09038,1.66966,1.92923,0.0,6.09134,3682863
downwards_rotate,downwards_sensor_sweep_120-20260625-124815,TesolloDownwardsRotateZ,TesolloDownwardsRotateZ-20260626-033945-downwardsrotatez_sb_propriodelta_s2,proprio.delta,2,1,70,3.5,2.40345,0.08804,1.69195,1.91226,0.0,6.0957,3682863
downwards_rotate,downwards_sensor_sweep_120-20260625-124815,TesolloDownwardsRotateZ,TesolloDownwardsRotateZ-20260626-033945-downwardsrotatez_sb_propriodelta_s2,proprio.delta,2,1,71,3.55,2.40371,0.08417,1.7144,1.89652,0.0,6.0988,3682863
downwards_rotate,downwards_sensor_sweep_120-20260625-124815,TesolloDownwardsRotateZ,TesolloDownwardsRotateZ-20260626-033945-downwardsrotatez_sb_propriodelta_s2,proprio.delta,2,1,72,3.6,2.40417,0.08389,1.73657,1.87963,0.0,6.10426,3682863
downwards_rotate,downwards_sensor_sweep_120-20260625-124815,TesolloDownwardsRotateZ,TesolloDownwardsRotateZ-20260626-033945-downwardsrotatez_sb_propriodelta_s2,proprio.delta,2,1,73,3.65,2.4041,0.07877,1.75853,1.86347,0.0,6.10487,3682863
downwards_rotate,downwards_sensor_sweep_120-20260625-124815,TesolloDownwardsRotateZ,TesolloDownwardsRotateZ-20260626-033945-downwardsrotatez_sb_propriodelta_s2,proprio.delta,2,1,74,3.7,2.40314,0.07426,1.77936,1.8489,0.0,6.10567,3682863
downwards_rotate,downwards_sensor_sweep_120-20260625-124815,TesolloDownwardsRotateZ,TesolloDownwardsRotateZ-20260626-033945-downwardsrotatez_sb_propriodelta_s2,proprio.delta,2,1,75,3.75,2.40129,0.07002,1.79999,1.83528,0.0,6.10658,3682863
downwards_rotate,downwards_sensor_sweep_120-20260625-124815,TesolloDownwardsRotateZ,TesolloDownwardsRotateZ-20260626-033945-downwardsrotatez_sb_propriodelta_s2,proprio.delta,2,1,76,3.8,2.40061,0.0672,1.81854,1.8244,0.0,6.11076,3682863
downwards_rotate,downwards_sensor_sweep_120-20260625-124815,TesolloDownwardsRotateZ,TesolloDownwardsRotateZ-20260626-033945-downwardsrotatez_sb_propriodelta_s2,proprio.delta,2,1,77,3.85,2.39937,0.0543,1.83681,1.81862,0.0,6.1091,3682863
downwards_rotate,downwards_sensor_sweep_120-20260625-124815,TesolloDownwardsRotateZ,TesolloDownwardsRotateZ-20260626-033945-downwardsrotatez_sb_propriodelta_s2,proprio.delta,2,1,78,3.9,2.39225,0.0,1.86451,1.83336,0.0,6.09012,3682863
downwards_rotate,downwards_sensor_sweep_120-20260625-124815,TesolloDownwardsRotateZ,TesolloDownwardsRotateZ-20260626-033945-downwardsrotatez_sb_propriodelta_s2,proprio.delta,2,1,79,3.95,2.38687,0.0,1.88396,1.82541,0.0,6.09623,3682863
downwards_rotate,downwards_sensor_sweep_120-20260625-124815,TesolloDownwardsRotateZ,TesolloDownwardsRotateZ-20260626-033945-downwardsrotatez_sb_propriodelta_s2,proprio.delta,2,1,80,4.0,2.38314,0.0,1.90317,1.81698,0.0,6.10329,3682863
downwards_rotate,downwards_sensor_sweep_120-20260625-124815,TesolloDownwardsRotateZ,TesolloDownwardsRotateZ-20260626-033945-downwardsrotatez_sb_propriodelta_s2,proprio.delta,2,1,81,4.05,2.37994,0.0,1.92212,1.80946,0.0,6.11152,3682863
downwards_rotate,downwards_sensor_sweep_120-20260625-124815,TesolloDownwardsRotateZ,TesolloDownwardsRotateZ-20260626-033945-downwardsrotatez_sb_propriodelta_s2,proprio.delta,2,1,82,4.1,2.38105,0.02925,1.93076,1.79346,0.0,6.13452,3682863
downwards_rotate,downwards_sensor_sweep_120-20260625-124815,TesolloDownwardsRotateZ,TesolloDownwardsRotateZ-20260626-033945-downwardsrotatez_sb_propriodelta_s2,proprio.delta,2,1,83,4.15,2.38048,0.03982,1.9438,1.7839,0.0,6.14799,3682863
downwards_rotate,downwards_sensor_sweep_120-20260625-124815,TesolloDownwardsRotateZ,TesolloDownwardsRotateZ-20260626-033945-downwardsrotatez_sb_propriodelta_s2,proprio.delta,2,1,84,4.2,2.37835,0.04164,1.96185,1.77728,0.0,6.15913,3682863
downwards_rotate,downwards_sensor_sweep_120-20260625-124815,TesolloDownwardsRotateZ,TesolloDownwardsRotateZ-20260626-033945-downwardsrotatez_sb_propriodelta_s2,proprio.delta,2,1,85,4.25,2.37507,0.03931,1.9858,1.76887,0.0,6.16904,3682863
downwards_rotate,downwards_sensor_sweep_120-20260625-124815,TesolloDownwardsRotateZ,TesolloDownwardsRotateZ-20260626-033945-downwardsrotatez_sb_propriodelta_s2,proprio.delta,2,1,86,4.3,2.37014,0.0,2.0109,1.77989,0.0,6.16093,3682863
downwards_rotate,downwards_sensor_sweep_120-20260625-124815,TesolloDownwardsRotateZ,TesolloDownwardsRotateZ-20260626-033945-downwardsrotatez_sb_propriodelta_s2,proprio.delta,2,1,87,4.35,2.36396,0.0,2.03163,1.7758,0.0,6.17139,3682863
downwards_rotate,downwards_sensor_sweep_120-20260625-124815,TesolloDownwardsRotateZ,TesolloDownwardsRotateZ-20260626-033945-downwardsrotatez_sb_propriodelta_s2,proprio.delta,2,1,88,4.4,2.35998,0.0,2.04788,1.77337,0.0,6.18123,3682863
downwards_rotate,downwards_sensor_sweep_120-20260625-124815,TesolloDownwardsRotateZ,TesolloDownwardsRotateZ-20260626-033945-downwardsrotatez_sb_propriodelta_s2,proprio.delta,2,1,89,4.45,2.35658,0.0,2.06303,1.76965,0.0,6.18926,3682863
downwards_rotate,downwards_sensor_sweep_120-20260625-124815,TesolloDownwardsRotateZ,TesolloDownwardsRotateZ-20260626-033945-downwardsrotatez_sb_propriodelta_s2,proprio.delta,2,1,90,4.5,2.35608,0.0,2.0691,1.772,0.0,6.19718,3682863
downwards_rotate,downwards_sensor_sweep_120-20260625-124815,TesolloDownwardsRotateZ,TesolloDownwardsRotateZ-20260626-033945-downwardsrotatez_sb_propriodelta_s2,proprio.delta,2,1,91,4.55,2.35415,0.0,2.09368,1.76073,0.0,6.20855,3682863
downwards_rotate,downwards_sensor_sweep_120-20260625-124815,TesolloDownwardsRotateZ,TesolloDownwardsRotateZ-20260626-033945-downwardsrotatez_sb_propriodelta_s2,proprio.delta,2,1,92,4.6,2.35433,0.0,2.10394,1.76016,0.0,6.21843,3682863
downwards_rotate,downwards_sensor_sweep_120-20260625-124815,TesolloDownwardsRotateZ,TesolloDownwardsRotateZ-20260626-033945-downwardsrotatez_sb_propriodelta_s2,proprio.delta,2,1,93,4.65,2.35818,0.0,2.14249,1.7411,0.0,6.24177,3682863
downwards_rotate,downwards_sensor_sweep_120-20260625-124815,TesolloDownwardsRotateZ,TesolloDownwardsRotateZ-20260626-033945-downwardsrotatez_sb_propriodelta_s2,proprio.delta,2,1,94,4.7,2.36734,0.0,2.32847,1.73795,0.0,6.43376,3682863
downwards_rotate,downwards_sensor_sweep_120-20260625-124815,TesolloDownwardsRotateZ,TesolloDownwardsRotateZ-20260626-033945-downwardsrotatez_sb_propriodelta_s2,proprio.delta,2,1,95,4.75,2.37188,0.0,2.34542,1.71706,0.0,6.43436,3682863
downwards_rotate,downwards_sensor_sweep_120-20260625-124815,TesolloDownwardsRotateZ,TesolloDownwardsRotateZ-20260626-033945-downwardsrotatez_sb_propriodelta_s2,proprio.delta,2,1,96,4.8,2.37643,0.0,2.34451,1.71261,0.0,6.43355,3682863
downwards_rotate,downwards_sensor_sweep_120-20260625-124815,TesolloDownwardsRotateZ,TesolloDownwardsRotateZ-20260626-033945-downwardsrotatez_sb_propriodelta_s2,proprio.delta,2,1,97,4.85,2.37738,0.0,2.35692,1.70166,0.0,6.43596,3682863
downwards_rotate,downwards_sensor_sweep_120-20260625-124815,TesolloDownwardsRotateZ,TesolloDownwardsRotateZ-20260626-033945-downwardsrotatez_sb_propriodelta_s2,proprio.delta,2,1,98,4.9,2.38003,0.0,2.35846,1.69722,0.0,6.43572,3682863
downwards_rotate,downwards_sensor_sweep_120-20260625-124815,TesolloDownwardsRotateZ,TesolloDownwardsRotateZ-20260626-033945-downwardsrotatez_sb_propriodelta_s2,proprio.delta,2,1,99,4.95,2.38093,0.0,2.3609,1.69226,0.0,6.43409,3682863
downwards_rotate,downwards_sensor_sweep_120-20260625-124815,TesolloDownwardsRotateZ,TesolloDownwardsRotateZ-20260626-033945-downwardsrotatez_sb_propriodelta_s2,proprio.delta,2,1,100,5.0,2.38155,0.03416,2.35877,1.67476,0.0,6.44925,3682863
downwards_rotate,downwards_sensor_sweep_120-20260625-124815,TesolloDownwardsRotateZ,TesolloDownwardsRotateZ-20260626-033945-downwardsrotatez_sb_propriodelta_s2,proprio.delta,2,1,101,5.05,2.38168,0.0,2.36107,1.68934,0.0,6.43209,3682863
downwards_rotate,downwards_sensor_sweep_120-20260625-124815,TesolloDownwardsRotateZ,TesolloDownwardsRotateZ-20260626-033945-downwardsrotatez_sb_propriodelta_s2,proprio.delta,2,1,102,5.1,2.37986,0.0,2.36767,1.68226,0.0,6.42979,3682863
downwards_rotate,downwards_sensor_sweep_120-20260625-124815,TesolloDownwardsRotateZ,TesolloDownwardsRotateZ-20260626-033945-downwardsrotatez_sb_propriodelta_s2,proprio.delta,2,1,103,5.15,2.37895,0.0,2.37064,1.6784,0.0,6.428,3682863
downwards_rotate,downwards_sensor_sweep_120-20260625-124815,TesolloDownwardsRotateZ,TesolloDownwardsRotateZ-20260626-033945-downwardsrotatez_sb_propriodelta_s2,proprio.delta,2,1,104,5.2,2.37936,0.03642,2.3666,1.6599,0.0,6.44228,3682863
downwards_rotate,downwards_sensor_sweep_120-20260625-124815,TesolloDownwardsRotateZ,TesolloDownwardsRotateZ-20260626-033945-downwardsrotatez_sb_propriodelta_s2,proprio.delta,2,1,105,5.25,2.37942,0.03956,2.3651,1.65783,0.0,6.4419,3682863
downwards_rotate,downwards_sensor_sweep_120-20260625-124815,TesolloDownwardsRotateZ,TesolloDownwardsRotateZ-20260626-033945-downwardsrotatez_sb_propriodelta_s2,proprio.delta,2,1,106,5.3,2.50994,0.04554,2.36149,1.58852,0.0,6.5055,3682863
downwards_rotate,downwards_sensor_sweep_120-20260625-124815,TesolloDownwardsRotateZ,TesolloDownwardsRotateZ-20260626-033945-downwardsrotatez_sb_propriodelta_s2,proprio.delta,2,1,107,5.35,2.37469,0.0455,2.36946,1.65076,0.0,6.44041,3682863
downwards_rotate,downwards_sensor_sweep_120-20260625-124815,TesolloDownwardsRotateZ,TesolloDownwardsRotateZ-20260626-033945-downwardsrotatez_sb_propriodelta_s2,proprio.delta,2,1,108,5.4,2.37051,0.04441,2.3707,1.65049,0.0,6.43611,3682863
downwards_rotate,downwards_sensor_sweep_120-20260625-124815,TesolloDownwardsRotateZ,TesolloDownwardsRotateZ-20260626-033945-downwardsrotatez_sb_propriodelta_s2,proprio.delta,2,1,109,5.45,2.49884,0.04664,2.36069,1.5885,0.0,6.49467,3682863
downwards_rotate,downwards_sensor_sweep_120-20260625-124815,TesolloDownwardsRotateZ,TesolloDownwardsRotateZ-20260626-033945-downwardsrotatez_sb_propriodelta_s2,proprio.delta,2,1,110,5.5,2.36351,0.04658,2.37106,1.65132,0.0,6.43248,3682863
downwards_rotate,downwards_sensor_sweep_120-20260625-124815,TesolloDownwardsRotateZ,TesolloDownwardsRotateZ-20260626-033945-downwardsrotatez_sb_propriodelta_s2,proprio.delta,2,1,111,5.55,2.36004,0.05236,2.33168,1.68402,0.0,6.4281,3682863
downwards_rotate,downwards_sensor_sweep_120-20260625-124815,TesolloDownwardsRotateZ,TesolloDownwardsRotateZ-20260626-033945-downwardsrotatez_sb_propriodelta_s2,proprio.delta,2,1,112,5.6,2.35138,0.0,2.39057,1.66335,0.0,6.40531,3682863
downwards_rotate,downwards_sensor_sweep_120-20260625-124815,TesolloDownwardsRotateZ,TesolloDownwardsRotateZ-20260626-033945-downwardsrotatez_sb_propriodelta_s2,proprio.delta,2,1,113,5.65,2.34619,0.0,2.39524,1.65975,0.0,6.40118,3682863
downwards_rotate,downwards_sensor_sweep_120-20260625-124815,TesolloDownwardsRotateZ,TesolloDownwardsRotateZ-20260626-033945-downwardsrotatez_sb_propriodelta_s2,proprio.delta,2,1,114,5.7,2.34415,0.04362,2.37957,1.64668,0.0,6.41402,3682863
downwards_rotate,downwards_sensor_sweep_120-20260625-124815,TesolloDownwardsRotateZ,TesolloDownwardsRotateZ-20260626-033945-downwardsrotatez_sb_propriodelta_s2,proprio.delta,2,1,115,5.75,2.47745,0.0,2.3838,1.60251,0.0,6.46376,3682863
downwards_rotate,downwards_sensor_sweep_120-20260625-124815,TesolloDownwardsRotateZ,TesolloDownwardsRotateZ-20260626-033945-downwardsrotatez_sb_propriodelta_s2,proprio.delta,2,1,116,5.8,2.3325,0.0401,2.38355,1.6473,0.0,6.40345,3682863
downwards_rotate,downwards_sensor_sweep_120-20260625-124815,TesolloDownwardsRotateZ,TesolloDownwardsRotateZ-20260626-033945-downwardsrotatez_sb_propriodelta_s2,proprio.delta,2,1,117,5.85,2.32756,0.05573,2.36799,1.65264,0.0,6.40392,3682863
downwards_rotate,downwards_sensor_sweep_120-20260625-124815,TesolloDownwardsRotateZ,TesolloDownwardsRotateZ-20260626-033945-downwardsrotatez_sb_propriodelta_s2,proprio.delta,2,1,118,5.9,2.32668,0.05846,2.32954,1.68517,0.0,6.39985,3682863
downwards_rotate,downwards_sensor_sweep_120-20260625-124815,TesolloDownwardsRotateZ,TesolloDownwardsRotateZ-20260626-033945-downwardsrotatez_sb_propriodelta_s2,proprio.delta,2,1,119,5.95,2.31908,0.05568,2.37989,1.64292,0.0,6.39757,3682863
downwards_rotate,downwards_sensor_sweep_120-20260625-124815,TesolloDownwardsRotateZ,TesolloDownwardsRotateZ-20260626-033945-downwardsrotatez_sb_propriodelta_s2,proprio.delta,2,2,0,0.0,0.0,0.0,0.0,0.0,0.0,0.0,3682863
downwards_rotate,downwards_sensor_sweep_120-20260625-124815,TesolloDownwardsRotateZ,TesolloDownwardsRotateZ-20260626-033945-downwardsrotatez_sb_propriodelta_s2,proprio.delta,2,2,1,0.05,0.0,0.0,0.0,0.0,0.0,0.0,3682863
downwards_rotate,downwards_sensor_sweep_120-20260625-124815,TesolloDownwardsRotateZ,TesolloDownwardsRotateZ-20260626-033945-downwardsrotatez_sb_propriodelta_s2,proprio.delta,2,2,2,0.1,0.0,0.0,0.0,0.0,0.0,0.0,3682863
downwards_rotate,downwards_sensor_sweep_120-20260625-124815,TesolloDownwardsRotateZ,TesolloDownwardsRotateZ-20260626-033945-downwardsrotatez_sb_propriodelta_s2,proprio.delta,2,2,3,0.15,0.0,1.48736,0.0,0.0,3.39506,4.88242,3682863
downwards_rotate,downwards_sensor_sweep_120-20260625-124815,TesolloDownwardsRotateZ,TesolloDownwardsRotateZ-20260626-033945-downwardsrotatez_sb_propriodelta_s2,proprio.delta,2,2,4,0.2,0.0,0.0,0.0,0.0,2.12248,2.12248,3682863
downwards_rotate,downwards_sensor_sweep_120-20260625-124815,TesolloDownwardsRotateZ,TesolloDownwardsRotateZ-20260626-033945-downwardsrotatez_sb_propriodelta_s2,proprio.delta,2,2,5,0.25,0.0,0.0,0.0,0.0,2.76667,2.76667,3682863
downwards_rotate,downwards_sensor_sweep_120-20260625-124815,TesolloDownwardsRotateZ,TesolloDownwardsRotateZ-20260626-033945-downwardsrotatez_sb_propriodelta_s2,proprio.delta,2,2,6,0.3,1.2972,0.0,0.0,0.0,0.0,1.2972,3682863
downwards_rotate,downwards_sensor_sweep_120-20260625-124815,TesolloDownwardsRotateZ,TesolloDownwardsRotateZ-20260626-033945-downwardsrotatez_sb_propriodelta_s2,proprio.delta,2,2,7,0.35,3.01255,0.0,2.55379,2.07931,0.0,7.64565,3682863
downwards_rotate,downwards_sensor_sweep_120-20260625-124815,TesolloDownwardsRotateZ,TesolloDownwardsRotateZ-20260626-033945-downwardsrotatez_sb_propriodelta_s2,proprio.delta,2,2,8,0.4,2.99183,0.0,2.93934,2.50024,0.0,8.43141,3682863
downwards_rotate,downwards_sensor_sweep_120-20260625-124815,TesolloDownwardsRotateZ,TesolloDownwardsRotateZ-20260626-033945-downwardsrotatez_sb_propriodelta_s2,proprio.delta,2,2,9,0.45,4.09797,0.0,2.5231,1.81606,0.0,8.43713,3682863
downwards_rotate,downwards_sensor_sweep_120-20260625-124815,TesolloDownwardsRotateZ,TesolloDownwardsRotateZ-20260626-033945-downwardsrotatez_sb_propriodelta_s2,proprio.delta,2,2,10,0.5,2.78353,0.0,2.85384,2.00827,0.0,7.64563,3682863
downwards_rotate,downwards_sensor_sweep_120-20260625-124815,TesolloDownwardsRotateZ,TesolloDownwardsRotateZ-20260626-033945-downwardsrotatez_sb_propriodelta_s2,proprio.delta,2,2,11,0.55,3.56119,0.0,0.0,3.73506,0.0,7.29626,3682863
downwards_rotate,downwards_sensor_sweep_120-20260625-124815,TesolloDownwardsRotateZ,TesolloDownwardsRotateZ-20260626-033945-downwardsrotatez_sb_propriodelta_s2,proprio.delta,2,2,12,0.6,3.35693,0.0,1.68748,2.8745,0.0,7.91891,3682863
downwards_rotate,downwards_sensor_sweep_120-20260625-124815,TesolloDownwardsRotateZ,TesolloDownwardsRotateZ-20260626-033945-downwardsrotatez_sb_propriodelta_s2,proprio.delta,2,2,13,0.65,2.7922,0.0,1.38219,2.36457,0.0,6.53896,3682863
downwards_rotate,downwards_sensor_sweep_120-20260625-124815,TesolloDownwardsRotateZ,TesolloDownwardsRotateZ-20260626-033945-downwardsrotatez_sb_propriodelta_s2,proprio.delta,2,2,14,0.7,3.00451,0.0,0.36811,2.85343,0.0,6.22606,3682863
downwards_rotate,downwards_sensor_sweep_120-20260625-124815,TesolloDownwardsRotateZ,TesolloDownwardsRotateZ-20260626-033945-downwardsrotatez_sb_propriodelta_s2,proprio.delta,2,2,15,0.75,0.0,0.0,0.0,0.7311,0.0,0.7311,3682863
downwards_rotate,downwards_sensor_sweep_120-20260625-124815,TesolloDownwardsRotateZ,TesolloDownwardsRotateZ-20260626-033945-downwardsrotatez_sb_propriodelta_s2,proprio.delta,2,2,16,0.8,3.29485,0.0,0.0,4.51214,0.0,7.80699,3682863
downwards_rotate,downwards_sensor_sweep_120-20260625-124815,TesolloDownwardsRotateZ,TesolloDownwardsRotateZ-20260626-033945-downwardsrotatez_sb_propriodelta_s2,proprio.delta,2,2,17,0.85,3.2113,0.0,0.0,3.18578,0.0,6.39708,3682863
downwards_rotate,downwards_sensor_sweep_120-20260625-124815,TesolloDownwardsRotateZ,TesolloDownwardsRotateZ-20260626-033945-downwardsrotatez_sb_propriodelta_s2,proprio.delta,2,2,18,0.9,2.8995,0.0,0.0,2.87522,0.0,5.77472,3682863
downwards_rotate,downwards_sensor_sweep_120-20260625-124815,TesolloDownwardsRotateZ,TesolloDownwardsRotateZ-20260626-033945-downwardsrotatez_sb_propriodelta_s2,proprio.delta,2,2,19,0.95,0.0,0.0,0.0,3.38948,0.0,3.38948,3682863
downwards_rotate,downwards_sensor_sweep_120-20260625-124815,TesolloDownwardsRotateZ,TesolloDownwardsRotateZ-20260626-033945-downwardsrotatez_sb_propriodelta_s2,proprio.delta,2,2,20,1.0,0.0,0.0,0.0,3.31048,0.0,3.31048,3682863
downwards_rotate,downwards_sensor_sweep_120-20260625-124815,TesolloDownwardsRotateZ,TesolloDownwardsRotateZ-20260626-033945-downwardsrotatez_sb_propriodelta_s2,proprio.delta,2,2,21,1.05,0.0,0.0,0.0,3.58312,0.0,3.58312,3682863
downwards_rotate,downwards_sensor_sweep_120-20260625-124815,TesolloDownwardsRotateZ,TesolloDownwardsRotateZ-20260626-033945-downwardsrotatez_sb_propriodelta_s2,proprio.delta,2,2,22,1.1,0.0,0.0,0.0,3.62228,0.0,3.62228,3682863
downwards_rotate,downwards_sensor_sweep_120-20260625-124815,TesolloDownwardsRotateZ,TesolloDownwardsRotateZ-20260626-033945-downwardsrotatez_sb_propriodelta_s2,proprio.delta,2,2,23,1.15,0.0,0.0,0.0,3.60164,0.0,3.60164,3682863
downwards_rotate,downwards_sensor_sweep_120-20260625-124815,TesolloDownwardsRotateZ,TesolloDownwardsRotateZ-20260626-033945-downwardsrotatez_sb_propriodelta_s2,proprio.delta,2,2,24,1.2,0.0,0.0,0.0,4.27745,0.0,4.27745,3682863
downwards_rotate,downwards_sensor_sweep_120-20260625-124815,TesolloDownwardsRotateZ,TesolloDownwardsRotateZ-20260626-033945-downwardsrotatez_sb_propriodelta_s2,proprio.delta,2,2,25,1.25,0.0,0.66362,0.0,3.56963,0.0,4.23325,3682863
downwards_rotate,downwards_sensor_sweep_120-20260625-124815,TesolloDownwardsRotateZ,TesolloDownwardsRotateZ-20260626-033945-downwardsrotatez_sb_propriodelta_s2,proprio.delta,2,2,26,1.3,0.91788,0.5888,0.0,3.03468,0.0,4.54136,3682863
downwards_rotate,downwards_sensor_sweep_120-20260625-124815,TesolloDownwardsRotateZ,TesolloDownwardsRotateZ-20260626-033945-downwardsrotatez_sb_propriodelta_s2,proprio.delta,2,2,27,1.35,1.06345,0.40493,0.0,3.01471,0.0,4.48309,3682863
downwards_rotate,downwards_sensor_sweep_120-20260625-124815,TesolloDownwardsRotateZ,TesolloDownwardsRotateZ-20260626-033945-downwardsrotatez_sb_propriodelta_s2,proprio.delta,2,2,28,1.4,1.12237,0.18475,0.0,2.97935,0.0,4.28646,3682863
downwards_rotate,downwards_sensor_sweep_120-20260625-124815,TesolloDownwardsRotateZ,TesolloDownwardsRotateZ-20260626-033945-downwardsrotatez_sb_propriodelta_s2,proprio.delta,2,2,29,1.45,1.21277,0.0769,0.0,2.66615,0.0,3.95582,3682863
downwards_rotate,downwards_sensor_sweep_120-20260625-124815,TesolloDownwardsRotateZ,TesolloDownwardsRotateZ-20260626-033945-downwardsrotatez_sb_propriodelta_s2,proprio.delta,2,2,30,1.5,1.21603,0.0,0.0,2.5863,0.0,3.80233,3682863
downwards_rotate,downwards_sensor_sweep_120-20260625-124815,TesolloDownwardsRotateZ,TesolloDownwardsRotateZ-20260626-033945-downwardsrotatez_sb_propriodelta_s2,proprio.delta,2,2,31,1.55,1.103,0.0,0.0,2.57554,0.0,3.67854,3682863
downwards_rotate,downwards_sensor_sweep_120-20260625-124815,TesolloDownwardsRotateZ,TesolloDownwardsRotateZ-20260626-033945-downwardsrotatez_sb_propriodelta_s2,proprio.delta,2,2,32,1.6,1.08006,0.0,0.0,2.58024,0.0,3.6603,3682863
downwards_rotate,downwards_sensor_sweep_120-20260625-124815,TesolloDownwardsRotateZ,TesolloDownwardsRotateZ-20260626-033945-downwardsrotatez_sb_propriodelta_s2,proprio.delta,2,2,33,1.65,1.13356,0.0,0.0,2.31313,0.0,3.44669,3682863
downwards_rotate,downwards_sensor_sweep_120-20260625-124815,TesolloDownwardsRotateZ,TesolloDownwardsRotateZ-20260626-033945-downwardsrotatez_sb_propriodelta_s2,proprio.delta,2,2,34,1.7,1.13533,0.0,0.0,2.27781,0.0,3.41313,3682863
downwards_rotate,downwards_sensor_sweep_120-20260625-124815,TesolloDownwardsRotateZ,TesolloDownwardsRotateZ-20260626-033945-downwardsrotatez_sb_propriodelta_s2,proprio.delta,2,2,35,1.75,1.14396,0.0,0.0,2.25047,0.0,3.39443,3682863
downwards_rotate,downwards_sensor_sweep_120-20260625-124815,TesolloDownwardsRotateZ,TesolloDownwardsRotateZ-20260626-033945-downwardsrotatez_sb_propriodelta_s2,proprio.delta,2,2,36,1.8,1.15135,0.0,0.0,2.23111,0.0,3.38246,3682863
downwards_rotate,downwards_sensor_sweep_120-20260625-124815,TesolloDownwardsRotateZ,TesolloDownwardsRotateZ-20260626-033945-downwardsrotatez_sb_propriodelta_s2,proprio.delta,2,2,37,1.85,1.28527,0.0,0.0,2.40926,0.0,3.69452,3682863
downwards_rotate,downwards_sensor_sweep_120-20260625-124815,TesolloDownwardsRotateZ,TesolloDownwardsRotateZ-20260626-033945-downwardsrotatez_sb_propriodelta_s2,proprio.delta,2,2,38,1.9,1.17803,0.0,0.0,2.40606,0.0,3.58409,3682863
downwards_rotate,downwards_sensor_sweep_120-20260625-124815,TesolloDownwardsRotateZ,TesolloDownwardsRotateZ-20260626-033945-downwardsrotatez_sb_propriodelta_s2,proprio.delta,2,2,39,1.95,1.19834,0.0,0.0,2.38571,0.0,3.58404,3682863
downwards_rotate,downwards_sensor_sweep_120-20260625-124815,TesolloDownwardsRotateZ,TesolloDownwardsRotateZ-20260626-033945-downwardsrotatez_sb_propriodelta_s2,proprio.delta,2,2,40,2.0,1.18343,0.0,0.0,2.40299,0.0,3.58642,3682863
downwards_rotate,downwards_sensor_sweep_120-20260625-124815,TesolloDownwardsRotateZ,TesolloDownwardsRotateZ-20260626-033945-downwardsrotatez_sb_propriodelta_s2,proprio.delta,2,2,41,2.05,1.16798,0.0,0.0,2.42611,0.0,3.59409,3682863
downwards_rotate,downwards_sensor_sweep_120-20260625-124815,TesolloDownwardsRotateZ,TesolloDownwardsRotateZ-20260626-033945-downwardsrotatez_sb_propriodelta_s2,proprio.delta,2,2,42,2.1,1.1498,0.0,0.0,2.44309,0.0,3.59289,3682863
downwards_rotate,downwards_sensor_sweep_120-20260625-124815,TesolloDownwardsRotateZ,TesolloDownwardsRotateZ-20260626-033945-downwardsrotatez_sb_propriodelta_s2,proprio.delta,2,2,43,2.15,1.13191,0.0,0.0,2.45864,0.0,3.59055,3682863
downwards_rotate,downwards_sensor_sweep_120-20260625-124815,TesolloDownwardsRotateZ,TesolloDownwardsRotateZ-20260626-033945-downwardsrotatez_sb_propriodelta_s2,proprio.delta,2,2,44,2.2,1.11476,0.0,0.0,2.47307,0.0,3.58783,3682863
downwards_rotate,downwards_sensor_sweep_120-20260625-124815,TesolloDownwardsRotateZ,TesolloDownwardsRotateZ-20260626-033945-downwardsrotatez_sb_propriodelta_s2,proprio.delta,2,2,45,2.25,1.09997,0.0,0.0,2.48471,0.0,3.58468,3682863
downwards_rotate,downwards_sensor_sweep_120-20260625-124815,TesolloDownwardsRotateZ,TesolloDownwardsRotateZ-20260626-033945-downwardsrotatez_sb_propriodelta_s2,proprio.delta,2,2,46,2.3,1.08509,0.0,0.0,2.4966,0.0,3.58168,3682863
downwards_rotate,downwards_sensor_sweep_120-20260625-124815,TesolloDownwardsRotateZ,TesolloDownwardsRotateZ-20260626-033945-downwardsrotatez_sb_propriodelta_s2,proprio.delta,2,2,47,2.35,1.07259,0.0,0.0,2.50483,0.0,3.57742,3682863
downwards_rotate,downwards_sensor_sweep_120-20260625-124815,TesolloDownwardsRotateZ,TesolloDownwardsRotateZ-20260626-033945-downwardsrotatez_sb_propriodelta_s2,proprio.delta,2,2,48,2.4,1.06043,0.0,0.0,2.51244,0.0,3.57288,3682863
downwards_rotate,downwards_sensor_sweep_120-20260625-124815,TesolloDownwardsRotateZ,TesolloDownwardsRotateZ-20260626-033945-downwardsrotatez_sb_propriodelta_s2,proprio.delta,2,2,49,2.45,1.04853,0.0,0.0,2.51893,0.0,3.56746,3682863
downwards_rotate,downwards_sensor_sweep_120-20260625-124815,TesolloDownwardsRotateZ,TesolloDownwardsRotateZ-20260626-033945-downwardsrotatez_sb_propriodelta_s2,proprio.delta,2,2,50,2.5,1.03787,0.0,0.0,2.52273,0.0,3.5606,3682863
downwards_rotate,downwards_sensor_sweep_120-20260625-124815,TesolloDownwardsRotateZ,TesolloDownwardsRotateZ-20260626-033945-downwardsrotatez_sb_propriodelta_s2,proprio.delta,2,2,51,2.55,1.02681,0.0,0.0,2.52841,0.0,3.55523,3682863
downwards_rotate,downwards_sensor_sweep_120-20260625-124815,TesolloDownwardsRotateZ,TesolloDownwardsRotateZ-20260626-033945-downwardsrotatez_sb_propriodelta_s2,proprio.delta,2,2,52,2.6,1.01507,0.0,0.0,2.53621,0.0,3.55128,3682863
downwards_rotate,downwards_sensor_sweep_120-20260625-124815,TesolloDownwardsRotateZ,TesolloDownwardsRotateZ-20260626-033945-downwardsrotatez_sb_propriodelta_s2,proprio.delta,2,2,53,2.65,1.00724,0.0,0.0,2.53532,0.0,3.54257,3682863
downwards_rotate,downwards_sensor_sweep_120-20260625-124815,TesolloDownwardsRotateZ,TesolloDownwardsRotateZ-20260626-033945-downwardsrotatez_sb_propriodelta_s2,proprio.delta,2,2,54,2.7,1.00249,0.0,0.0,2.52698,0.0,3.52948,3682863
downwards_rotate,downwards_sensor_sweep_120-20260625-124815,TesolloDownwardsRotateZ,TesolloDownwardsRotateZ-20260626-033945-downwardsrotatez_sb_propriodelta_s2,proprio.delta,2,2,55,2.75,0.99873,0.0,0.0,2.51196,0.0,3.51069,3682863
downwards_rotate,downwards_sensor_sweep_120-20260625-124815,TesolloDownwardsRotateZ,TesolloDownwardsRotateZ-20260626-033945-downwardsrotatez_sb_propriodelta_s2,proprio.delta,2,2,56,2.8,0.9956,0.0,0.0,2.49571,0.0,3.49131,3682863
downwards_rotate,downwards_sensor_sweep_120-20260625-124815,TesolloDownwardsRotateZ,TesolloDownwardsRotateZ-20260626-033945-downwardsrotatez_sb_propriodelta_s2,proprio.delta,2,2,57,2.85,0.99207,0.0,0.0,2.47735,0.0,3.46942,3682863
downwards_rotate,downwards_sensor_sweep_120-20260625-124815,TesolloDownwardsRotateZ,TesolloDownwardsRotateZ-20260626-033945-downwardsrotatez_sb_propriodelta_s2,proprio.delta,2,2,58,2.9,0.98841,0.0,0.0,2.45993,0.0,3.44834,3682863
downwards_rotate,downwards_sensor_sweep_120-20260625-124815,TesolloDownwardsRotateZ,TesolloDownwardsRotateZ-20260626-033945-downwardsrotatez_sb_propriodelta_s2,proprio.delta,2,2,59,2.95,0.98649,0.0,0.0,2.44199,0.0,3.42848,3682863
downwards_rotate,downwards_sensor_sweep_120-20260625-124815,TesolloDownwardsRotateZ,TesolloDownwardsRotateZ-20260626-033945-downwardsrotatez_sb_propriodelta_s2,proprio.delta,2,2,60,3.0,0.98579,0.0,0.0,2.41945,0.0,3.40524,3682863
downwards_rotate,downwards_sensor_sweep_120-20260625-124815,TesolloDownwardsRotateZ,TesolloDownwardsRotateZ-20260626-033945-downwardsrotatez_sb_propriodelta_s2,proprio.delta,2,2,61,3.05,0.98688,0.0,0.0,2.41031,0.0,3.39718,3682863
downwards_rotate,downwards_sensor_sweep_120-20260625-124815,TesolloDownwardsRotateZ,TesolloDownwardsRotateZ-20260626-033945-downwardsrotatez_sb_propriodelta_s2,proprio.delta,2,2,62,3.1,0.98686,0.0,0.0,2.38405,0.0,3.37091,3682863
downwards_rotate,downwards_sensor_sweep_120-20260625-124815,TesolloDownwardsRotateZ,TesolloDownwardsRotateZ-20260626-033945-downwardsrotatez_sb_propriodelta_s2,proprio.delta,2,2,63,3.15,0.98989,0.0,0.0,2.36478,0.0,3.35467,3682863
downwards_rotate,downwards_sensor_sweep_120-20260625-124815,TesolloDownwardsRotateZ,TesolloDownwardsRotateZ-20260626-033945-downwardsrotatez_sb_propriodelta_s2,proprio.delta,2,2,64,3.2,0.99144,0.0,0.0,2.3449,0.0,3.33635,3682863
downwards_rotate,downwards_sensor_sweep_120-20260625-124815,TesolloDownwardsRotateZ,TesolloDownwardsRotateZ-20260626-033945-downwardsrotatez_sb_propriodelta_s2,proprio.delta,2,2,65,3.25,0.99501,0.0,0.0,2.33789,0.0,3.3329,3682863
downwards_rotate,downwards_sensor_sweep_120-20260625-124815,TesolloDownwardsRotateZ,TesolloDownwardsRotateZ-20260626-033945-downwardsrotatez_sb_propriodelta_s2,proprio.delta,2,2,66,3.3,0.99633,0.0,0.0,2.31478,0.0,3.31111,3682863
downwards_rotate,downwards_sensor_sweep_120-20260625-124815,TesolloDownwardsRotateZ,TesolloDownwardsRotateZ-20260626-033945-downwardsrotatez_sb_propriodelta_s2,proprio.delta,2,2,67,3.35,1.0002,0.0,0.0,2.29379,0.0,3.29399,3682863
downwards_rotate,downwards_sensor_sweep_120-20260625-124815,TesolloDownwardsRotateZ,TesolloDownwardsRotateZ-20260626-033945-downwardsrotatez_sb_propriodelta_s2,proprio.delta,2,2,68,3.4,1.00665,0.0,0.0,2.27909,0.0,3.28574,3682863
downwards_rotate,downwards_sensor_sweep_120-20260625-124815,TesolloDownwardsRotateZ,TesolloDownwardsRotateZ-20260626-033945-downwardsrotatez_sb_propriodelta_s2,proprio.delta,2,2,69,3.45,1.01313,0.0,0.0,2.2661,0.0,3.27922,3682863
downwards_rotate,downwards_sensor_sweep_120-20260625-124815,TesolloDownwardsRotateZ,TesolloDownwardsRotateZ-20260626-033945-downwardsrotatez_sb_propriodelta_s2,proprio.delta,2,2,70,3.5,1.01931,0.0,0.0,2.25344,0.0,3.27274,3682863
downwards_rotate,downwards_sensor_sweep_120-20260625-124815,TesolloDownwardsRotateZ,TesolloDownwardsRotateZ-20260626-033945-downwardsrotatez_sb_propriodelta_s2,proprio.delta,2,2,71,3.55,1.02427,0.0,0.0,2.24982,0.0,3.27409,3682863
downwards_rotate,downwards_sensor_sweep_120-20260625-124815,TesolloDownwardsRotateZ,TesolloDownwardsRotateZ-20260626-033945-downwardsrotatez_sb_propriodelta_s2,proprio.delta,2,2,72,3.6,1.0275,0.0,0.0,2.24233,0.0,3.26983,3682863
downwards_rotate,downwards_sensor_sweep_120-20260625-124815,TesolloDownwardsRotateZ,TesolloDownwardsRotateZ-20260626-033945-downwardsrotatez_sb_propriodelta_s2,proprio.delta,2,2,73,3.65,1.03595,0.0,0.0,2.21913,0.0,3.25509,3682863
downwards_rotate,downwards_sensor_sweep_120-20260625-124815,TesolloDownwardsRotateZ,TesolloDownwardsRotateZ-20260626-033945-downwardsrotatez_sb_propriodelta_s2,proprio.delta,2,2,74,3.7,1.04197,0.0,0.0,2.2071,0.0,3.24906,3682863
downwards_rotate,downwards_sensor_sweep_120-20260625-124815,TesolloDownwardsRotateZ,TesolloDownwardsRotateZ-20260626-033945-downwardsrotatez_sb_propriodelta_s2,proprio.delta,2,2,75,3.75,1.0432,0.0,0.0,1.93341,0.0,2.97662,3682863
downwards_rotate,downwards_sensor_sweep_120-20260625-124815,TesolloDownwardsRotateZ,TesolloDownwardsRotateZ-20260626-033945-downwardsrotatez_sb_propriodelta_s2,proprio.delta,2,2,76,3.8,1.11855,0.0,0.0,1.92111,0.0,3.03966,3682863
downwards_rotate,downwards_sensor_sweep_120-20260625-124815,TesolloDownwardsRotateZ,TesolloDownwardsRotateZ-20260626-033945-downwardsrotatez_sb_propriodelta_s2,proprio.delta,2,2,77,3.85,1.20999,0.0,0.0,1.90529,0.0,3.11528,3682863
downwards_rotate,downwards_sensor_sweep_120-20260625-124815,TesolloDownwardsRotateZ,TesolloDownwardsRotateZ-20260626-033945-downwardsrotatez_sb_propriodelta_s2,proprio.delta,2,2,78,3.9,1.21616,0.0,0.0,2.07656,0.0,3.29271,3682863
downwards_rotate,downwards_sensor_sweep_120-20260625-124815,TesolloDownwardsRotateZ,TesolloDownwardsRotateZ-20260626-033945-downwardsrotatez_sb_propriodelta_s2,proprio.delta,2,2,79,3.95,1.13739,0.0,0.0,2.12164,0.0,3.25902,3682863
downwards_rotate,downwards_sensor_sweep_120-20260625-124815,TesolloDownwardsRotateZ,TesolloDownwardsRotateZ-20260626-033945-downwardsrotatez_sb_propriodelta_s2,proprio.delta,2,2,80,4.0,1.12975,0.0,0.0,2.14284,0.0,3.27258,3682863
downwards_rotate,downwards_sensor_sweep_120-20260625-124815,TesolloDownwardsRotateZ,TesolloDownwardsRotateZ-20260626-033945-downwardsrotatez_sb_propriodelta_s2,proprio.delta,2,2,81,4.05,1.11943,0.0,0.0,2.15685,0.0,3.27627,3682863
downwards_rotate,downwards_sensor_sweep_120-20260625-124815,TesolloDownwardsRotateZ,TesolloDownwardsRotateZ-20260626-033945-downwardsrotatez_sb_propriodelta_s2,proprio.delta,2,2,82,4.1,1.24034,0.0,0.0,2.09871,0.0,3.33904,3682863
downwards_rotate,downwards_sensor_sweep_120-20260625-124815,TesolloDownwardsRotateZ,TesolloDownwardsRotateZ-20260626-033945-downwardsrotatez_sb_propriodelta_s2,proprio.delta,2,2,83,4.15,1.11295,0.0,0.0,2.10537,0.0,3.21832,3682863
downwards_rotate,downwards_sensor_sweep_120-20260625-124815,TesolloDownwardsRotateZ,TesolloDownwardsRotateZ-20260626-033945-downwardsrotatez_sb_propriodelta_s2,proprio.delta,2,2,84,4.2,1.2138,0.0,0.0,1.97872,0.0,3.19252,3682863
downwards_rotate,downwards_sensor_sweep_120-20260625-124815,TesolloDownwardsRotateZ,TesolloDownwardsRotateZ-20260626-033945-downwardsrotatez_sb_propriodelta_s2,proprio.delta,2,2,85,4.25,1.22263,0.0,0.0,2.02168,0.0,3.24431,3682863
downwards_rotate,downwards_sensor_sweep_120-20260625-124815,TesolloDownwardsRotateZ,TesolloDownwardsRotateZ-20260626-033945-downwardsrotatez_sb_propriodelta_s2,proprio.delta,2,2,86,4.3,1.23449,0.0,0.0,2.00911,0.0,3.24359,3682863
downwards_rotate,downwards_sensor_sweep_120-20260625-124815,TesolloDownwardsRotateZ,TesolloDownwardsRotateZ-20260626-033945-downwardsrotatez_sb_propriodelta_s2,proprio.delta,2,2,87,4.35,1.24219,0.0,0.0,2.01795,0.0,3.26014,3682863
downwards_rotate,downwards_sensor_sweep_120-20260625-124815,TesolloDownwardsRotateZ,TesolloDownwardsRotateZ-20260626-033945-downwardsrotatez_sb_propriodelta_s2,proprio.delta,2,2,88,4.4,1.24744,0.0,0.0,2.02898,0.0,3.27643,3682863
downwards_rotate,downwards_sensor_sweep_120-20260625-124815,TesolloDownwardsRotateZ,TesolloDownwardsRotateZ-20260626-033945-downwardsrotatez_sb_propriodelta_s2,proprio.delta,2,2,89,4.45,1.25048,0.0,0.0,2.03513,0.0,3.28561,3682863
downwards_rotate,downwards_sensor_sweep_120-20260625-124815,TesolloDownwardsRotateZ,TesolloDownwardsRotateZ-20260626-033945-downwardsrotatez_sb_propriodelta_s2,proprio.delta,2,2,90,4.5,1.16913,0.0,0.0,2.04198,0.0,3.21111,3682863
downwards_rotate,downwards_sensor_sweep_120-20260625-124815,TesolloDownwardsRotateZ,TesolloDownwardsRotateZ-20260626-033945-downwardsrotatez_sb_propriodelta_s2,proprio.delta,2,2,91,4.55,1.14008,0.0,0.27293,1.9473,0.0,3.36031,3682863
downwards_rotate,downwards_sensor_sweep_120-20260625-124815,TesolloDownwardsRotateZ,TesolloDownwardsRotateZ-20260626-033945-downwardsrotatez_sb_propriodelta_s2,proprio.delta,2,2,92,4.6,1.20337,0.15131,0.38691,2.0027,0.0,3.74429,3682863
downwards_rotate,downwards_sensor_sweep_120-20260625-124815,TesolloDownwardsRotateZ,TesolloDownwardsRotateZ-20260626-033945-downwardsrotatez_sb_propriodelta_s2,proprio.delta,2,2,93,4.65,1.20815,0.13802,0.45207,2.05756,0.0,3.8558,3682863
downwards_rotate,downwards_sensor_sweep_120-20260625-124815,TesolloDownwardsRotateZ,TesolloDownwardsRotateZ-20260626-033945-downwardsrotatez_sb_propriodelta_s2,proprio.delta,2,2,94,4.7,1.21073,0.10293,0.55021,2.0697,0.0,3.93357,3682863
downwards_rotate,downwards_sensor_sweep_120-20260625-124815,TesolloDownwardsRotateZ,TesolloDownwardsRotateZ-20260626-033945-downwardsrotatez_sb_propriodelta_s2,proprio.delta,2,2,95,4.75,1.20788,0.07773,0.6652,2.09361,0.0,4.04442,3682863
downwards_rotate,downwards_sensor_sweep_120-20260625-124815,TesolloDownwardsRotateZ,TesolloDownwardsRotateZ-20260626-033945-downwardsrotatez_sb_propriodelta_s2,proprio.delta,2,2,96,4.8,1.20258,0.05676,0.79936,2.11358,0.0,4.17229,3682863
downwards_rotate,downwards_sensor_sweep_120-20260625-124815,TesolloDownwardsRotateZ,TesolloDownwardsRotateZ-20260626-033945-downwardsrotatez_sb_propriodelta_s2,proprio.delta,2,2,97,4.85,1.19531,0.04583,0.93372,2.11992,0.0,4.29477,3682863
downwards_rotate,downwards_sensor_sweep_120-20260625-124815,TesolloDownwardsRotateZ,TesolloDownwardsRotateZ-20260626-033945-downwardsrotatez_sb_propriodelta_s2,proprio.delta,2,2,98,4.9,1.18676,0.03995,1.11279,2.06037,0.0,4.39987,3682863
downwards_rotate,downwards_sensor_sweep_120-20260625-124815,TesolloDownwardsRotateZ,TesolloDownwardsRotateZ-20260626-033945-downwardsrotatez_sb_propriodelta_s2,proprio.delta,2,2,99,4.95,1.17594,0.04561,1.27217,2.02889,0.0,4.52261,3682863
downwards_rotate,downwards_sensor_sweep_120-20260625-124815,TesolloDownwardsRotateZ,TesolloDownwardsRotateZ-20260626-033945-downwardsrotatez_sb_propriodelta_s2,proprio.delta,2,2,100,5.0,0.98945,0.0,1.62386,2.12634,0.0,4.73965,3682863
downwards_rotate,downwards_sensor_sweep_120-20260625-124815,TesolloDownwardsRotateZ,TesolloDownwardsRotateZ-20260626-033945-downwardsrotatez_sb_propriodelta_s2,proprio.delta,2,2,101,5.05,1.03958,0.0,1.5111,2.02695,0.0,4.57763,3682863
downwards_rotate,downwards_sensor_sweep_120-20260625-124815,TesolloDownwardsRotateZ,TesolloDownwardsRotateZ-20260626-033945-downwardsrotatez_sb_propriodelta_s2,proprio.delta,2,2,102,5.1,1.0736,0.10509,1.48573,1.96997,0.0,4.63438,3682863
downwards_rotate,downwards_sensor_sweep_120-20260625-124815,TesolloDownwardsRotateZ,TesolloDownwardsRotateZ-20260626-033945-downwardsrotatez_sb_propriodelta_s2,proprio.delta,2,2,103,5.15,1.10518,0.1003,1.65672,1.98514,0.0,4.84734,3682863
downwards_rotate,downwards_sensor_sweep_120-20260625-124815,TesolloDownwardsRotateZ,TesolloDownwardsRotateZ-20260626-033945-downwardsrotatez_sb_propriodelta_s2,proprio.delta,2,2,104,5.2,1.09951,0.07261,1.54681,1.94599,0.0,4.66491,3682863
downwards_rotate,downwards_sensor_sweep_120-20260625-124815,TesolloDownwardsRotateZ,TesolloDownwardsRotateZ-20260626-033945-downwardsrotatez_sb_propriodelta_s2,proprio.delta,2,2,105,5.25,1.09088,0.05161,1.72417,1.98732,0.0,4.85398,3682863
downwards_rotate,downwards_sensor_sweep_120-20260625-124815,TesolloDownwardsRotateZ,TesolloDownwardsRotateZ-20260626-033945-downwardsrotatez_sb_propriodelta_s2,proprio.delta,2,2,106,5.3,1.08388,0.04047,1.76,1.97356,0.0,4.85791,3682863
downwards_rotate,downwards_sensor_sweep_120-20260625-124815,TesolloDownwardsRotateZ,TesolloDownwardsRotateZ-20260626-033945-downwardsrotatez_sb_propriodelta_s2,proprio.delta,2,2,107,5.35,1.07736,0.04605,1.83794,1.91141,0.0,4.87276,3682863
downwards_rotate,downwards_sensor_sweep_120-20260625-124815,TesolloDownwardsRotateZ,TesolloDownwardsRotateZ-20260626-033945-downwardsrotatez_sb_propriodelta_s2,proprio.delta,2,2,108,5.4,1.06922,0.05288,1.8632,1.88656,0.0,4.87186,3682863
downwards_rotate,downwards_sensor_sweep_120-20260625-124815,TesolloDownwardsRotateZ,TesolloDownwardsRotateZ-20260626-033945-downwardsrotatez_sb_propriodelta_s2,proprio.delta,2,2,109,5.45,1.06226,0.04711,1.88229,1.87318,0.0,4.86485,3682863
downwards_rotate,downwards_sensor_sweep_120-20260625-124815,TesolloDownwardsRotateZ,TesolloDownwardsRotateZ-20260626-033945-downwardsrotatez_sb_propriodelta_s2,proprio.delta,2,2,110,5.5,1.05653,0.04257,1.89562,1.86485,0.0,4.85956,3682863
downwards_rotate,downwards_sensor_sweep_120-20260625-124815,TesolloDownwardsRotateZ,TesolloDownwardsRotateZ-20260626-033945-downwardsrotatez_sb_propriodelta_s2,proprio.delta,2,2,111,5.55,1.05017,0.03988,1.90475,1.85837,0.0,4.85317,3682863
downwards_rotate,downwards_sensor_sweep_120-20260625-124815,TesolloDownwardsRotateZ,TesolloDownwardsRotateZ-20260626-033945-downwardsrotatez_sb_propriodelta_s2,proprio.delta,2,2,112,5.6,1.04488,0.03998,1.90094,1.86787,0.0,4.85367,3682863
downwards_rotate,downwards_sensor_sweep_120-20260625-124815,TesolloDownwardsRotateZ,TesolloDownwardsRotateZ-20260626-033945-downwardsrotatez_sb_propriodelta_s2,proprio.delta,2,2,113,5.65,1.03859,0.0366,1.92826,1.84228,0.0,4.84574,3682863
downwards_rotate,downwards_sensor_sweep_120-20260625-124815,TesolloDownwardsRotateZ,TesolloDownwardsRotateZ-20260626-033945-downwardsrotatez_sb_propriodelta_s2,proprio.delta,2,2,114,5.7,1.03383,0.02675,1.92572,1.84792,0.0,4.83422,3682863
downwards_rotate,downwards_sensor_sweep_120-20260625-124815,TesolloDownwardsRotateZ,TesolloDownwardsRotateZ-20260626-033945-downwardsrotatez_sb_propriodelta_s2,proprio.delta,2,2,115,5.75,1.02846,0.02611,1.92946,1.84831,0.0,4.83234,3682863
downwards_rotate,downwards_sensor_sweep_120-20260625-124815,TesolloDownwardsRotateZ,TesolloDownwardsRotateZ-20260626-033945-downwardsrotatez_sb_propriodelta_s2,proprio.delta,2,2,116,5.8,1.02299,0.02168,1.9326,1.849,0.0,4.82627,3682863
downwards_rotate,downwards_sensor_sweep_120-20260625-124815,TesolloDownwardsRotateZ,TesolloDownwardsRotateZ-20260626-033945-downwardsrotatez_sb_propriodelta_s2,proprio.delta,2,2,117,5.85,1.01778,0.01764,1.93451,1.85075,0.0,4.82068,3682863
downwards_rotate,downwards_sensor_sweep_120-20260625-124815,TesolloDownwardsRotateZ,TesolloDownwardsRotateZ-20260626-033945-downwardsrotatez_sb_propriodelta_s2,proprio.delta,2,2,118,5.9,1.01281,0.01275,1.93665,1.8531,0.0,4.81531,3682863
downwards_rotate,downwards_sensor_sweep_120-20260625-124815,TesolloDownwardsRotateZ,TesolloDownwardsRotateZ-20260626-033945-downwardsrotatez_sb_propriodelta_s2,proprio.delta,2,2,119,5.95,1.00834,0.0,1.93599,1.85734,0.0,4.80166,3682863
downwards_rotate,downwards_sensor_sweep_120-20260625-124815,TesolloDownwardsRotateZ,TesolloDownwardsRotateZ-20260626-033945-downwardsrotatez_sb_propriodelta_s2,proprio.delta,2,3,0,0.0,0.0,0.0,0.0,0.0,0.0,0.0,3682863
downwards_rotate,downwards_sensor_sweep_120-20260625-124815,TesolloDownwardsRotateZ,TesolloDownwardsRotateZ-20260626-033945-downwardsrotatez_sb_propriodelta_s2,proprio.delta,2,3,1,0.05,0.0,0.0,0.0,0.0,0.0,0.0,3682863
downwards_rotate,downwards_sensor_sweep_120-20260625-124815,TesolloDownwardsRotateZ,TesolloDownwardsRotateZ-20260626-033945-downwardsrotatez_sb_propriodelta_s2,proprio.delta,2,3,2,0.1,0.0,0.0,0.0,0.0,0.0,0.0,3682863
downwards_rotate,downwards_sensor_sweep_120-20260625-124815,TesolloDownwardsRotateZ,TesolloDownwardsRotateZ-20260626-033945-downwardsrotatez_sb_propriodelta_s2,proprio.delta,2,3,3,0.15,0.0,0.0,0.0,0.0,2.77821,2.77821,3682863
downwards_rotate,downwards_sensor_sweep_120-20260625-124815,TesolloDownwardsRotateZ,TesolloDownwardsRotateZ-20260626-033945-downwardsrotatez_sb_propriodelta_s2,proprio.delta,2,3,4,0.2,1.31167,0.0,0.0,0.0,0.0,1.31167,3682863
downwards_rotate,downwards_sensor_sweep_120-20260625-124815,TesolloDownwardsRotateZ,TesolloDownwardsRotateZ-20260626-033945-downwardsrotatez_sb_propriodelta_s2,proprio.delta,2,3,5,0.25,3.45501,0.0,0.0,1.9565,0.0,5.41151,3682863
downwards_rotate,downwards_sensor_sweep_120-20260625-124815,TesolloDownwardsRotateZ,TesolloDownwardsRotateZ-20260626-033945-downwardsrotatez_sb_propriodelta_s2,proprio.delta,2,3,6,0.3,3.41003,0.64547,1.5609,2.80139,0.0,8.41779,3682863
downwards_rotate,downwards_sensor_sweep_120-20260625-124815,TesolloDownwardsRotateZ,TesolloDownwardsRotateZ-20260626-033945-downwardsrotatez_sb_propriodelta_s2,proprio.delta,2,3,7,0.35,2.73872,0.0,2.57745,2.59792,0.0,7.91409,3682863
downwards_rotate,downwards_sensor_sweep_120-20260625-124815,TesolloDownwardsRotateZ,TesolloDownwardsRotateZ-20260626-033945-downwardsrotatez_sb_propriodelta_s2,proprio.delta,2,3,8,0.4,2.85501,1.50851,2.56573,1.19589,0.0,8.12514,3682863
downwards_rotate,downwards_sensor_sweep_120-20260625-124815,TesolloDownwardsRotateZ,TesolloDownwardsRotateZ-20260626-033945-downwardsrotatez_sb_propriodelta_s2,proprio.delta,2,3,9,0.45,2.84089,1.79449,2.53397,0.83461,0.0,8.00396,3682863
downwards_rotate,downwards_sensor_sweep_120-20260625-124815,TesolloDownwardsRotateZ,TesolloDownwardsRotateZ-20260626-033945-downwardsrotatez_sb_propriodelta_s2,proprio.delta,2,3,10,0.5,2.84904,2.08756,2.30799,0.69177,0.0,7.93636,3682863
downwards_rotate,downwards_sensor_sweep_120-20260625-124815,TesolloDownwardsRotateZ,TesolloDownwardsRotateZ-20260626-033945-downwardsrotatez_sb_propriodelta_s2,proprio.delta,2,3,11,0.55,3.01667,2.0329,2.37807,0.3671,0.0,7.79474,3682863
downwards_rotate,downwards_sensor_sweep_120-20260625-124815,TesolloDownwardsRotateZ,TesolloDownwardsRotateZ-20260626-033945-downwardsrotatez_sb_propriodelta_s2,proprio.delta,2,3,12,0.6,2.83899,1.60981,2.49313,1.37605,0.0,8.31798,3682863
downwards_rotate,downwards_sensor_sweep_120-20260625-124815,TesolloDownwardsRotateZ,TesolloDownwardsRotateZ-20260626-033945-downwardsrotatez_sb_propriodelta_s2,proprio.delta,2,3,13,0.65,3.16972,1.60518,2.5888,0.0,0.0,7.3637,3682863
downwards_rotate,downwards_sensor_sweep_120-20260625-124815,TesolloDownwardsRotateZ,TesolloDownwardsRotateZ-20260626-033945-downwardsrotatez_sb_propriodelta_s2,proprio.delta,2,3,14,0.7,3.83209,2.52922,2.99582,0.0,0.0,9.35713,3682863
downwards_rotate,downwards_sensor_sweep_120-20260625-124815,TesolloDownwardsRotateZ,TesolloDownwardsRotateZ-20260626-033945-downwardsrotatez_sb_propriodelta_s2,proprio.delta,2,3,15,0.75,3.92843,3.13997,2.8661,0.0,0.0,9.9345,3682863
downwards_rotate,downwards_sensor_sweep_120-20260625-124815,TesolloDownwardsRotateZ,TesolloDownwardsRotateZ-20260626-033945-downwardsrotatez_sb_propriodelta_s2,proprio.delta,2,3,16,0.8,4.28375,3.31267,2.68734,0.65076,0.0,10.93451,3682863
downwards_rotate,downwards_sensor_sweep_120-20260625-124815,TesolloDownwardsRotateZ,TesolloDownwardsRotateZ-20260626-033945-downwardsrotatez_sb_propriodelta_s2,proprio.delta,2,3,17,0.85,3.99903,3.56742,2.7854,0.0,0.0,10.35186,3682863
downwards_rotate,downwards_sensor_sweep_120-20260625-124815,TesolloDownwardsRotateZ,TesolloDownwardsRotateZ-20260626-033945-downwardsrotatez_sb_propriodelta_s2,proprio.delta,2,3,18,0.9,4.65579,3.31703,2.65386,0.41697,0.0,11.04364,3682863
downwards_rotate,downwards_sensor_sweep_120-20260625-124815,TesolloDownwardsRotateZ,TesolloDownwardsRotateZ-20260626-033945-downwardsrotatez_sb_propriodelta_s2,proprio.delta,2,3,19,0.95,4.66778,3.36942,2.73475,0.69904,0.0,11.47098,3682863
downwards_rotate,downwards_sensor_sweep_120-20260625-124815,TesolloDownwardsRotateZ,TesolloDownwardsRotateZ-20260626-033945-downwardsrotatez_sb_propriodelta_s2,proprio.delta,2,3,20,1.0,4.69477,3.24724,2.8033,0.68911,0.0,11.43442,3682863
downwards_rotate,downwards_sensor_sweep_120-20260625-124815,TesolloDownwardsRotateZ,TesolloDownwardsRotateZ-20260626-033945-downwardsrotatez_sb_propriodelta_s2,proprio.delta,2,3,21,1.05,4.84001,3.17723,2.81846,0.69877,0.0,11.53447,3682863
downwards_rotate,downwards_sensor_sweep_120-20260625-124815,TesolloDownwardsRotateZ,TesolloDownwardsRotateZ-20260626-033945-downwardsrotatez_sb_propriodelta_s2,proprio.delta,2,3,22,1.1,4.86235,3.15759,2.84345,0.82859,0.0,11.69199,3682863
downwards_rotate,downwards_sensor_sweep_120-20260625-124815,TesolloDownwardsRotateZ,TesolloDownwardsRotateZ-20260626-033945-downwardsrotatez_sb_propriodelta_s2,proprio.delta,2,3,23,1.15,5.16041,3.34837,2.76917,1.70934,0.0,12.98729,3682863
downwards_rotate,downwards_sensor_sweep_120-20260625-124815,TesolloDownwardsRotateZ,TesolloDownwardsRotateZ-20260626-033945-downwardsrotatez_sb_propriodelta_s2,proprio.delta,2,3,24,1.2,4.86347,3.24814,2.84072,1.17482,0.0,12.12714,3682863
downwards_rotate,downwards_sensor_sweep_120-20260625-124815,TesolloDownwardsRotateZ,TesolloDownwardsRotateZ-20260626-033945-downwardsrotatez_sb_propriodelta_s2,proprio.delta,2,3,25,1.25,4.91152,3.21533,2.87217,1.01798,0.0,12.017,3682863
downwards_rotate,downwards_sensor_sweep_120-20260625-124815,TesolloDownwardsRotateZ,TesolloDownwardsRotateZ-20260626-033945-downwardsrotatez_sb_propriodelta_s2,proprio.delta,2,3,26,1.3,4.84582,3.17508,2.93225,1.05767,0.0,12.01081,3682863
downwards_rotate,downwards_sensor_sweep_120-20260625-124815,TesolloDownwardsRotateZ,TesolloDownwardsRotateZ-20260626-033945-downwardsrotatez_sb_propriodelta_s2,proprio.delta,2,3,27,1.35,4.82084,3.13772,3.02616,1.0396,0.0,12.02431,3682863
downwards_rotate,downwards_sensor_sweep_120-20260625-124815,TesolloDownwardsRotateZ,TesolloDownwardsRotateZ-20260626-033945-downwardsrotatez_sb_propriodelta_s2,proprio.delta,2,3,28,1.4,4.78753,3.10838,3.07326,1.03161,0.0,12.00079,3682863
downwards_rotate,downwards_sensor_sweep_120-20260625-124815,TesolloDownwardsRotateZ,TesolloDownwardsRotateZ-20260626-033945-downwardsrotatez_sb_propriodelta_s2,proprio.delta,2,3,29,1.45,4.77297,3.08354,3.11483,1.00827,0.0,11.97961,3682863
downwards_rotate,downwards_sensor_sweep_120-20260625-124815,TesolloDownwardsRotateZ,TesolloDownwardsRotateZ-20260626-033945-downwardsrotatez_sb_propriodelta_s2,proprio.delta,2,3,30,1.5,4.7523,3.06902,3.14072,0.99612,0.0,11.95816,3682863
downwards_rotate,downwards_sensor_sweep_120-20260625-124815,TesolloDownwardsRotateZ,TesolloDownwardsRotateZ-20260626-033945-downwardsrotatez_sb_propriodelta_s2,proprio.delta,2,3,31,1.55,4.72756,3.05443,3.16463,0.9832,0.0,11.92982,3682863
downwards_rotate,downwards_sensor_sweep_120-20260625-124815,TesolloDownwardsRotateZ,TesolloDownwardsRotateZ-20260626-033945-downwardsrotatez_sb_propriodelta_s2,proprio.delta,2,3,32,1.6,4.70138,3.03748,3.18906,0.96819,0.0,11.89611,3682863
downwards_rotate,downwards_sensor_sweep_120-20260625-124815,TesolloDownwardsRotateZ,TesolloDownwardsRotateZ-20260626-033945-downwardsrotatez_sb_propriodelta_s2,proprio.delta,2,3,33,1.65,4.67623,3.02024,3.21366,0.95269,0.0,11.86283,3682863
downwards_rotate,downwards_sensor_sweep_120-20260625-124815,TesolloDownwardsRotateZ,TesolloDownwardsRotateZ-20260626-033945-downwardsrotatez_sb_propriodelta_s2,proprio.delta,2,3,34,1.7,4.64866,3.00251,3.2373,0.93617,0.0,11.82464,3682863
downwards_rotate,downwards_sensor_sweep_120-20260625-124815,TesolloDownwardsRotateZ,TesolloDownwardsRotateZ-20260626-033945-downwardsrotatez_sb_propriodelta_s2,proprio.delta,2,3,35,1.75,4.62361,2.98711,3.26023,0.91973,0.0,11.79068,3682863
downwards_rotate,downwards_sensor_sweep_120-20260625-124815,TesolloDownwardsRotateZ,TesolloDownwardsRotateZ-20260626-033945-downwardsrotatez_sb_propriodelta_s2,proprio.delta,2,3,36,1.8,4.60084,2.97296,3.28257,0.90513,0.0,11.7615,3682863
downwards_rotate,downwards_sensor_sweep_120-20260625-124815,TesolloDownwardsRotateZ,TesolloDownwardsRotateZ-20260626-033945-downwardsrotatez_sb_propriodelta_s2,proprio.delta,2,3,37,1.85,4.58248,2.96288,3.30452,0.88864,0.0,11.73852,3682863
downwards_rotate,downwards_sensor_sweep_120-20260625-124815,TesolloDownwardsRotateZ,TesolloDownwardsRotateZ-20260626-033945-downwardsrotatez_sb_propriodelta_s2,proprio.delta,2,3,38,1.9,4.56384,2.95195,3.33039,0.85729,0.0,11.70347,3682863
downwards_rotate,downwards_sensor_sweep_120-20260625-124815,TesolloDownwardsRotateZ,TesolloDownwardsRotateZ-20260626-033945-downwardsrotatez_sb_propriodelta_s2,proprio.delta,2,3,39,1.95,4.55556,2.92988,3.36713,0.832,0.0,11.68457,3682863
downwards_rotate,downwards_sensor_sweep_120-20260625-124815,TesolloDownwardsRotateZ,TesolloDownwardsRotateZ-20260626-033945-downwardsrotatez_sb_propriodelta_s2,proprio.delta,2,3,40,2.0,4.55119,2.9113,3.40489,0.8158,0.0,11.68318,3682863
downwards_rotate,downwards_sensor_sweep_120-20260625-124815,TesolloDownwardsRotateZ,TesolloDownwardsRotateZ-20260626-033945-downwardsrotatez_sb_propriodelta_s2,proprio.delta,2,3,41,2.05,4.54807,2.90538,3.42759,0.81163,0.0,11.69266,3682863
downwards_rotate,downwards_sensor_sweep_120-20260625-124815,TesolloDownwardsRotateZ,TesolloDownwardsRotateZ-20260626-033945-downwardsrotatez_sb_propriodelta_s2,proprio.delta,2,3,42,2.1,4.54665,2.91057,3.43428,0.81322,0.0,11.70472,3682863
downwards_rotate,downwards_sensor_sweep_120-20260625-124815,TesolloDownwardsRotateZ,TesolloDownwardsRotateZ-20260626-033945-downwardsrotatez_sb_propriodelta_s2,proprio.delta,2,3,43,2.15,4.55062,2.92657,3.42707,0.825,0.0,11.72927,3682863
downwards_rotate,downwards_sensor_sweep_120-20260625-124815,TesolloDownwardsRotateZ,TesolloDownwardsRotateZ-20260626-033945-downwardsrotatez_sb_propriodelta_s2,proprio.delta,2,3,44,2.2,4.55653,2.96013,3.41414,0.82784,0.0,11.75863,3682863
downwards_rotate,downwards_sensor_sweep_120-20260625-124815,TesolloDownwardsRotateZ,TesolloDownwardsRotateZ-20260626-033945-downwardsrotatez_sb_propriodelta_s2,proprio.delta,2,3,45,2.25,4.57368,2.99359,3.38264,0.86066,0.0,11.81058,3682863
downwards_rotate,downwards_sensor_sweep_120-20260625-124815,TesolloDownwardsRotateZ,TesolloDownwardsRotateZ-20260626-033945-downwardsrotatez_sb_propriodelta_s2,proprio.delta,2,3,46,2.3,4.5991,3.03254,3.34022,0.9135,0.0,11.88536,3682863
downwards_rotate,downwards_sensor_sweep_120-20260625-124815,TesolloDownwardsRotateZ,TesolloDownwardsRotateZ-20260626-033945-downwardsrotatez_sb_propriodelta_s2,proprio.delta,2,3,47,2.35,4.61385,3.07395,3.29266,1.00855,0.0,11.98902,3682863
downwards_rotate,downwards_sensor_sweep_120-20260625-124815,TesolloDownwardsRotateZ,TesolloDownwardsRotateZ-20260626-033945-downwardsrotatez_sb_propriodelta_s2,proprio.delta,2,3,48,2.4,4.57615,3.16246,3.08345,1.22145,0.0,12.04352,3682863
downwards_rotate,downwards_sensor_sweep_120-20260625-124815,TesolloDownwardsRotateZ,TesolloDownwardsRotateZ-20260626-033945-downwardsrotatez_sb_propriodelta_s2,proprio.delta,2,3,49,2.45,4.47358,3.27587,2.38403,1.58729,0.0,11.72077,3682863
downwards_rotate,downwards_sensor_sweep_120-20260625-124815,TesolloDownwardsRotateZ,TesolloDownwardsRotateZ-20260626-033945-downwardsrotatez_sb_propriodelta_s2,proprio.delta,2,3,50,2.5,4.5934,3.61627,1.4511,1.73723,0.0,11.398,3682863
downwards_rotate,downwards_sensor_sweep_120-20260625-124815,TesolloDownwardsRotateZ,TesolloDownwardsRotateZ-20260626-033945-downwardsrotatez_sb_propriodelta_s2,proprio.delta,2,3,51,2.55,4.33134,3.7628,0.0,2.47645,0.0,10.57059,3682863
downwards_rotate,downwards_sensor_sweep_120-20260625-124815,TesolloDownwardsRotateZ,TesolloDownwardsRotateZ-20260626-033945-downwardsrotatez_sb_propriodelta_s2,proprio.delta,2,3,52,2.6,4.14354,3.47862,0.0,2.70935,0.0,10.3315,3682863
downwards_rotate,downwards_sensor_sweep_120-20260625-124815,TesolloDownwardsRotateZ,TesolloDownwardsRotateZ-20260626-033945-downwardsrotatez_sb_propriodelta_s2,proprio.delta,2,3,53,2.65,4.34268,3.86774,0.0,2.81519,0.0,11.0256,3682863
downwards_rotate,downwards_sensor_sweep_120-20260625-124815,TesolloDownwardsRotateZ,TesolloDownwardsRotateZ-20260626-033945-downwardsrotatez_sb_propriodelta_s2,proprio.delta,2,3,54,2.7,4.40216,4.10665,0.0,2.67548,0.0,11.18429,3682863
downwards_rotate,downwards_sensor_sweep_120-20260625-124815,TesolloDownwardsRotateZ,TesolloDownwardsRotateZ-20260626-033945-downwardsrotatez_sb_propriodelta_s2,proprio.delta,2,3,55,2.75,4.98326,4.1947,0.0,4.25434,0.0,13.43229,3682863
downwards_rotate,downwards_sensor_sweep_120-20260625-124815,TesolloDownwardsRotateZ,TesolloDownwardsRotateZ-20260626-033945-downwardsrotatez_sb_propriodelta_s2,proprio.delta,2,3,56,2.8,4.81296,3.95762,0.0,3.78273,0.0,12.55331,3682863
downwards_rotate,downwards_sensor_sweep_120-20260625-124815,TesolloDownwardsRotateZ,TesolloDownwardsRotateZ-20260626-033945-downwardsrotatez_sb_propriodelta_s2,proprio.delta,2,3,57,2.85,5.19878,3.29217,2.72893,2.79443,0.0,14.01431,3682863
downwards_rotate,downwards_sensor_sweep_120-20260625-124815,TesolloDownwardsRotateZ,TesolloDownwardsRotateZ-20260626-033945-downwardsrotatez_sb_propriodelta_s2,proprio.delta,2,3,58,2.9,5.04276,2.97052,2.95318,1.8981,0.0,12.86456,3682863
downwards_rotate,downwards_sensor_sweep_120-20260625-124815,TesolloDownwardsRotateZ,TesolloDownwardsRotateZ-20260626-033945-downwardsrotatez_sb_propriodelta_s2,proprio.delta,2,3,59,2.95,4.57145,2.63571,3.74835,0.56843,0.0,11.52395,3682863
downwards_rotate,downwards_sensor_sweep_120-20260625-124815,TesolloDownwardsRotateZ,TesolloDownwardsRotateZ-20260626-033945-downwardsrotatez_sb_propriodelta_s2,proprio.delta,2,3,60,3.0,4.1221,2.67393,3.49136,0.0,0.0,10.28739,3682863
downwards_rotate,downwards_sensor_sweep_120-20260625-124815,TesolloDownwardsRotateZ,TesolloDownwardsRotateZ-20260626-033945-downwardsrotatez_sb_propriodelta_s2,proprio.delta,2,3,61,3.05,4.46535,2.66328,3.49427,0.0,0.0,10.6229,3682863
downwards_rotate,downwards_sensor_sweep_120-20260625-124815,TesolloDownwardsRotateZ,TesolloDownwardsRotateZ-20260626-033945-downwardsrotatez_sb_propriodelta_s2,proprio.delta,2,3,62,3.1,4.50525,2.637,3.76922,0.0,0.0,10.91146,3682863
downwards_rotate,downwards_sensor_sweep_120-20260625-124815,TesolloDownwardsRotateZ,TesolloDownwardsRotateZ-20260626-033945-downwardsrotatez_sb_propriodelta_s2,proprio.delta,2,3,63,3.15,4.71497,2.62999,3.96096,0.0,0.0,11.30592,3682863
downwards_rotate,downwards_sensor_sweep_120-20260625-124815,TesolloDownwardsRotateZ,TesolloDownwardsRotateZ-20260626-033945-downwardsrotatez_sb_propriodelta_s2,proprio.delta,2,3,64,3.2,4.70438,2.63363,4.07652,0.0,0.0,11.41453,3682863
downwards_rotate,downwards_sensor_sweep_120-20260625-124815,TesolloDownwardsRotateZ,TesolloDownwardsRotateZ-20260626-033945-downwardsrotatez_sb_propriodelta_s2,proprio.delta,2,3,65,3.25,4.71209,2.75432,4.07053,0.0,0.0,11.53693,3682863
downwards_rotate,downwards_sensor_sweep_120-20260625-124815,TesolloDownwardsRotateZ,TesolloDownwardsRotateZ-20260626-033945-downwardsrotatez_sb_propriodelta_s2,proprio.delta,2,3,66,3.3,4.5793,2.69372,4.08881,0.0,0.0,11.36183,3682863
downwards_rotate,downwards_sensor_sweep_120-20260625-124815,TesolloDownwardsRotateZ,TesolloDownwardsRotateZ-20260626-033945-downwardsrotatez_sb_propriodelta_s2,proprio.delta,2,3,67,3.35,4.62043,2.56049,4.1157,0.0,0.0,11.29662,3682863
downwards_rotate,downwards_sensor_sweep_120-20260625-124815,TesolloDownwardsRotateZ,TesolloDownwardsRotateZ-20260626-033945-downwardsrotatez_sb_propriodelta_s2,proprio.delta,2,3,68,3.4,4.52859,2.22796,4.17414,0.0,0.0,10.9307,3682863
downwards_rotate,downwards_sensor_sweep_120-20260625-124815,TesolloDownwardsRotateZ,TesolloDownwardsRotateZ-20260626-033945-downwardsrotatez_sb_propriodelta_s2,proprio.delta,2,3,69,3.45,4.34418,2.14896,4.16517,0.0,0.0,10.65831,3682863
downwards_rotate,downwards_sensor_sweep_120-20260625-124815,TesolloDownwardsRotateZ,TesolloDownwardsRotateZ-20260626-033945-downwardsrotatez_sb_propriodelta_s2,proprio.delta,2,3,70,3.5,4.41222,2.18338,4.1011,0.0,0.0,10.69671,3682863
downwards_rotate,downwards_sensor_sweep_120-20260625-124815,TesolloDownwardsRotateZ,TesolloDownwardsRotateZ-20260626-033945-downwardsrotatez_sb_propriodelta_s2,proprio.delta,2,3,71,3.55,4.3703,2.16865,4.11489,0.0,0.0,10.65383,3682863
downwards_rotate,downwards_sensor_sweep_120-20260625-124815,TesolloDownwardsRotateZ,TesolloDownwardsRotateZ-20260626-033945-downwardsrotatez_sb_propriodelta_s2,proprio.delta,2,3,72,3.6,4.30662,2.1764,4.11412,0.0,0.0,10.59714,3682863
downwards_rotate,downwards_sensor_sweep_120-20260625-124815,TesolloDownwardsRotateZ,TesolloDownwardsRotateZ-20260626-033945-downwardsrotatez_sb_propriodelta_s2,proprio.delta,2,3,73,3.65,3.72895,2.19759,5.02993,0.0,0.0,10.95648,3682863
downwards_rotate,downwards_sensor_sweep_120-20260625-124815,TesolloDownwardsRotateZ,TesolloDownwardsRotateZ-20260626-033945-downwardsrotatez_sb_propriodelta_s2,proprio.delta,2,3,74,3.7,4.69527,2.45044,3.87023,0.0,0.0,11.01595,3682863
downwards_rotate,downwards_sensor_sweep_120-20260625-124815,TesolloDownwardsRotateZ,TesolloDownwardsRotateZ-20260626-033945-downwardsrotatez_sb_propriodelta_s2,proprio.delta,2,3,75,3.75,4.06848,2.67595,4.1321,0.0,0.0,10.87652,3682863
downwards_rotate,downwards_sensor_sweep_120-20260625-124815,TesolloDownwardsRotateZ,TesolloDownwardsRotateZ-20260626-033945-downwardsrotatez_sb_propriodelta_s2,proprio.delta,2,3,76,3.8,4.06772,2.72503,4.14621,0.0,0.0,10.93896,3682863
downwards_rotate,downwards_sensor_sweep_120-20260625-124815,TesolloDownwardsRotateZ,TesolloDownwardsRotateZ-20260626-033945-downwardsrotatez_sb_propriodelta_s2,proprio.delta,2,3,77,3.85,4.0155,2.6809,4.19713,0.0,0.0,10.89353,3682863
downwards_rotate,downwards_sensor_sweep_120-20260625-124815,TesolloDownwardsRotateZ,TesolloDownwardsRotateZ-20260626-033945-downwardsrotatez_sb_propriodelta_s2,proprio.delta,2,3,78,3.9,3.98443,2.67,4.22673,0.0,0.0,10.88116,3682863
downwards_rotate,downwards_sensor_sweep_120-20260625-124815,TesolloDownwardsRotateZ,TesolloDownwardsRotateZ-20260626-033945-downwardsrotatez_sb_propriodelta_s2,proprio.delta,2,3,79,3.95,3.9198,2.67412,4.21894,0.0,0.0,10.81286,3682863
downwards_rotate,downwards_sensor_sweep_120-20260625-124815,TesolloDownwardsRotateZ,TesolloDownwardsRotateZ-20260626-033945-downwardsrotatez_sb_propriodelta_s2,proprio.delta,2,3,80,4.0,4.72431,2.58832,3.88888,0.0,0.0,11.20152,3682863
downwards_rotate,downwards_sensor_sweep_120-20260625-124815,TesolloDownwardsRotateZ,TesolloDownwardsRotateZ-20260626-033945-downwardsrotatez_sb_propriodelta_s2,proprio.delta,2,3,81,4.05,3.86786,2.82305,4.14264,0.0,0.0,10.83355,3682863
downwards_rotate,downwards_sensor_sweep_120-20260625-124815,TesolloDownwardsRotateZ,TesolloDownwardsRotateZ-20260626-033945-downwardsrotatez_sb_propriodelta_s2,proprio.delta,2,3,82,4.1,4.01134,2.7619,4.10545,0.0,0.0,10.87869,3682863
downwards_rotate,downwards_sensor_sweep_120-20260625-124815,TesolloDownwardsRotateZ,TesolloDownwardsRotateZ-20260626-033945-downwardsrotatez_sb_propriodelta_s2,proprio.delta,2,3,83,4.15,4.12745,2.74639,3.90079,0.40304,0.0,11.17767,3682863
downwards_rotate,downwards_sensor_sweep_120-20260625-124815,TesolloDownwardsRotateZ,TesolloDownwardsRotateZ-20260626-033945-downwardsrotatez_sb_propriodelta_s2,proprio.delta,2,3,84,4.2,4.17363,2.75966,3.85173,0.55274,0.0,11.33776,3682863
downwards_rotate,downwards_sensor_sweep_120-20260625-124815,TesolloDownwardsRotateZ,TesolloDownwardsRotateZ-20260626-033945-downwardsrotatez_sb_propriodelta_s2,proprio.delta,2,3,85,4.25,4.20935,2.79197,3.73927,0.62177,0.0,11.36236,3682863
downwards_rotate,downwards_sensor_sweep_120-20260625-124815,TesolloDownwardsRotateZ,TesolloDownwardsRotateZ-20260626-033945-downwardsrotatez_sb_propriodelta_s2,proprio.delta,2,3,86,4.3,4.21474,2.7918,3.53874,0.68184,0.0,11.22712,3682863
downwards_rotate,downwards_sensor_sweep_120-20260625-124815,TesolloDownwardsRotateZ,TesolloDownwardsRotateZ-20260626-033945-downwardsrotatez_sb_propriodelta_s2,proprio.delta,2,3,87,4.35,4.1211,2.7923,2.9947,0.93413,0.0,10.84223,3682863
downwards_rotate,downwards_sensor_sweep_120-20260625-124815,TesolloDownwardsRotateZ,TesolloDownwardsRotateZ-20260626-033945-downwardsrotatez_sb_propriodelta_s2,proprio.delta,2,3,88,4.4,4.02868,3.01568,2.09396,1.35363,0.0,10.49195,3682863
downwards_rotate,downwards_sensor_sweep_120-20260625-124815,TesolloDownwardsRotateZ,TesolloDownwardsRotateZ-20260626-033945-downwardsrotatez_sb_propriodelta_s2,proprio.delta,2,3,89,4.45,4.00817,3.06844,1.56733,1.64886,0.0,10.2928,3682863
downwards_rotate,downwards_sensor_sweep_120-20260625-124815,TesolloDownwardsRotateZ,TesolloDownwardsRotateZ-20260626-033945-downwardsrotatez_sb_propriodelta_s2,proprio.delta,2,3,90,4.5,4.25196,3.55663,0.0,2.2389,0.0,10.04749,3682863
downwards_rotate,downwards_sensor_sweep_120-20260625-124815,TesolloDownwardsRotateZ,TesolloDownwardsRotateZ-20260626-033945-downwardsrotatez_sb_propriodelta_s2,proprio.delta,2,3,91,4.55,4.13915,3.26,0.0,2.67934,0.0,10.07849,3682863
downwards_rotate,downwards_sensor_sweep_120-20260625-124815,TesolloDownwardsRotateZ,TesolloDownwardsRotateZ-20260626-033945-downwardsrotatez_sb_propriodelta_s2,proprio.delta,2,3,92,4.6,4.20944,3.7068,0.0,2.75161,0.0,10.66785,3682863
downwards_rotate,downwards_sensor_sweep_120-20260625-124815,TesolloDownwardsRotateZ,TesolloDownwardsRotateZ-20260626-033945-downwardsrotatez_sb_propriodelta_s2,proprio.delta,2,3,93,4.65,4.51786,3.80546,0.0,2.97832,0.0,11.30164,3682863
downwards_rotate,downwards_sensor_sweep_120-20260625-124815,TesolloDownwardsRotateZ,TesolloDownwardsRotateZ-20260626-033945-downwardsrotatez_sb_propriodelta_s2,proprio.delta,2,3,94,4.7,4.80853,4.63121,0.0,2.73003,0.0,12.16978,3682863
downwards_rotate,downwards_sensor_sweep_120-20260625-124815,TesolloDownwardsRotateZ,TesolloDownwardsRotateZ-20260626-033945-downwardsrotatez_sb_propriodelta_s2,proprio.delta,2,3,95,4.75,5.00272,4.33739,0.0,3.01742,0.0,12.35753,3682863
downwards_rotate,downwards_sensor_sweep_120-20260625-124815,TesolloDownwardsRotateZ,TesolloDownwardsRotateZ-20260626-033945-downwardsrotatez_sb_propriodelta_s2,proprio.delta,2,3,96,4.8,5.19465,2.23593,0.0,5.46841,0.0,12.89898,3682863
downwards_rotate,downwards_sensor_sweep_120-20260625-124815,TesolloDownwardsRotateZ,TesolloDownwardsRotateZ-20260626-033945-downwardsrotatez_sb_propriodelta_s2,proprio.delta,2,3,97,4.85,5.01892,4.65469,0.0,3.05594,0.0,12.72955,3682863
downwards_rotate,downwards_sensor_sweep_120-20260625-124815,TesolloDownwardsRotateZ,TesolloDownwardsRotateZ-20260626-033945-downwardsrotatez_sb_propriodelta_s2,proprio.delta,2,3,98,4.9,5.0016,3.31314,3.48784,1.77161,0.0,13.5742,3682863
downwards_rotate,downwards_sensor_sweep_120-20260625-124815,TesolloDownwardsRotateZ,TesolloDownwardsRotateZ-20260626-033945-downwardsrotatez_sb_propriodelta_s2,proprio.delta,2,3,99,4.95,4.86809,2.78983,3.86588,0.92814,0.0,12.45194,3682863
downwards_rotate,downwards_sensor_sweep_120-20260625-124815,TesolloDownwardsRotateZ,TesolloDownwardsRotateZ-20260626-033945-downwardsrotatez_sb_propriodelta_s2,proprio.delta,2,3,100,5.0,4.42315,2.56866,3.95491,0.29819,0.0,11.24492,3682863
downwards_rotate,downwards_sensor_sweep_120-20260625-124815,TesolloDownwardsRotateZ,TesolloDownwardsRotateZ-20260626-033945-downwardsrotatez_sb_propriodelta_s2,proprio.delta,2,3,101,5.05,4.12339,2.63337,3.62643,0.0,0.0,10.38319,3682863
downwards_rotate,downwards_sensor_sweep_120-20260625-124815,TesolloDownwardsRotateZ,TesolloDownwardsRotateZ-20260626-033945-downwardsrotatez_sb_propriodelta_s2,proprio.delta,2,3,102,5.1,4.21772,2.64023,3.3891,0.0,0.0,10.24705,3682863
downwards_rotate,downwards_sensor_sweep_120-20260625-124815,TesolloDownwardsRotateZ,TesolloDownwardsRotateZ-20260626-033945-downwardsrotatez_sb_propriodelta_s2,proprio.delta,2,3,103,5.15,4.31549,2.62432,3.62439,0.0,0.0,10.56419,3682863
downwards_rotate,downwards_sensor_sweep_120-20260625-124815,TesolloDownwardsRotateZ,TesolloDownwardsRotateZ-20260626-033945-downwardsrotatez_sb_propriodelta_s2,proprio.delta,2,3,104,5.2,4.49747,2.66184,3.81482,0.0,0.0,10.97413,3682863
downwards_rotate,downwards_sensor_sweep_120-20260625-124815,TesolloDownwardsRotateZ,TesolloDownwardsRotateZ-20260626-033945-downwardsrotatez_sb_propriodelta_s2,proprio.delta,2,3,105,5.25,4.56902,2.67618,3.88526,0.0,0.0,11.13047,3682863
downwards_rotate,downwards_sensor_sweep_120-20260625-124815,TesolloDownwardsRotateZ,TesolloDownwardsRotateZ-20260626-033945-downwardsrotatez_sb_propriodelta_s2,proprio.delta,2,3,106,5.3,4.6284,2.62036,3.89459,0.0,0.0,11.14335,3682863
downwards_rotate,downwards_sensor_sweep_120-20260625-124815,TesolloDownwardsRotateZ,TesolloDownwardsRotateZ-20260626-033945-downwardsrotatez_sb_propriodelta_s2,proprio.delta,2,3,107,5.35,4.47043,2.38318,3.85594,0.0,0.0,10.70955,3682863
downwards_rotate,downwards_sensor_sweep_120-20260625-124815,TesolloDownwardsRotateZ,TesolloDownwardsRotateZ-20260626-033945-downwardsrotatez_sb_propriodelta_s2,proprio.delta,2,3,108,5.4,4.52202,2.42785,3.92857,0.0,0.0,10.87844,3682863
downwards_rotate,downwards_sensor_sweep_120-20260625-124815,TesolloDownwardsRotateZ,TesolloDownwardsRotateZ-20260626-033945-downwardsrotatez_sb_propriodelta_s2,proprio.delta,2,3,109,5.45,4.48917,2.35349,4.00961,0.0,0.0,10.85226,3682863
downwards_rotate,downwards_sensor_sweep_120-20260625-124815,TesolloDownwardsRotateZ,TesolloDownwardsRotateZ-20260626-033945-downwardsrotatez_sb_propriodelta_s2,proprio.delta,2,3,110,5.5,4.47415,2.34248,4.03684,0.0,0.0,10.85348,3682863
downwards_rotate,downwards_sensor_sweep_120-20260625-124815,TesolloDownwardsRotateZ,TesolloDownwardsRotateZ-20260626-033945-downwardsrotatez_sb_propriodelta_s2,proprio.delta,2,3,111,5.55,4.82341,2.79632,4.33665,0.0,0.0,11.95639,3682863
downwards_rotate,downwards_sensor_sweep_120-20260625-124815,TesolloDownwardsRotateZ,TesolloDownwardsRotateZ-20260626-033945-downwardsrotatez_sb_propriodelta_s2,proprio.delta,2,3,112,5.6,4.45156,2.49161,3.78737,0.0,0.0,10.73055,3682863
downwards_rotate,downwards_sensor_sweep_120-20260625-124815,TesolloDownwardsRotateZ,TesolloDownwardsRotateZ-20260626-033945-downwardsrotatez_sb_propriodelta_s2,proprio.delta,2,3,113,5.65,4.25782,2.68204,3.99829,0.0,0.0,10.93815,3682863
downwards_rotate,downwards_sensor_sweep_120-20260625-124815,TesolloDownwardsRotateZ,TesolloDownwardsRotateZ-20260626-033945-downwardsrotatez_sb_propriodelta_s2,proprio.delta,2,3,114,5.7,4.22348,2.67598,4.02049,0.0,0.0,10.91996,3682863
downwards_rotate,downwards_sensor_sweep_120-20260625-124815,TesolloDownwardsRotateZ,TesolloDownwardsRotateZ-20260626-033945-downwardsrotatez_sb_propriodelta_s2,proprio.delta,2,3,115,5.75,4.20769,2.68412,4.08235,0.0,0.0,10.97416,3682863
downwards_rotate,downwards_sensor_sweep_120-20260625-124815,TesolloDownwardsRotateZ,TesolloDownwardsRotateZ-20260626-033945-downwardsrotatez_sb_propriodelta_s2,proprio.delta,2,3,116,5.8,4.21403,2.71767,4.0799,0.0,0.0,11.01161,3682863
downwards_rotate,downwards_sensor_sweep_120-20260625-124815,TesolloDownwardsRotateZ,TesolloDownwardsRotateZ-20260626-033945-downwardsrotatez_sb_propriodelta_s2,proprio.delta,2,3,117,5.85,3.81548,2.56471,5.00989,0.0,0.0,11.39008,3682863
downwards_rotate,downwards_sensor_sweep_120-20260625-124815,TesolloDownwardsRotateZ,TesolloDownwardsRotateZ-20260626-033945-downwardsrotatez_sb_propriodelta_s2,proprio.delta,2,3,118,5.9,4.43322,2.74272,3.73452,0.0,0.0,10.91046,3682863
downwards_rotate,downwards_sensor_sweep_120-20260625-124815,TesolloDownwardsRotateZ,TesolloDownwardsRotateZ-20260626-033945-downwardsrotatez_sb_propriodelta_s2,proprio.delta,2,3,119,5.95,3.92283,2.80837,4.19204,0.0,0.0,10.92324,3682863
downwards_rotate,downwards_sensor_sweep_120-20260625-124815,TesolloDownwardsRotateZ,TesolloDownwardsRotateZ-20260626-033945-downwardsrotatez_sb_propriodelta_s2,proprio.delta,2,4,0,0.0,0.0,0.0,0.0,0.0,0.0,0.0,3682863
downwards_rotate,downwards_sensor_sweep_120-20260625-124815,TesolloDownwardsRotateZ,TesolloDownwardsRotateZ-20260626-033945-downwardsrotatez_sb_propriodelta_s2,proprio.delta,2,4,1,0.05,0.0,0.0,0.0,0.0,0.0,0.0,3682863
downwards_rotate,downwards_sensor_sweep_120-20260625-124815,TesolloDownwardsRotateZ,TesolloDownwardsRotateZ-20260626-033945-downwardsrotatez_sb_propriodelta_s2,proprio.delta,2,4,2,0.1,0.0,0.0,0.0,0.0,0.0,0.0,3682863
downwards_rotate,downwards_sensor_sweep_120-20260625-124815,TesolloDownwardsRotateZ,TesolloDownwardsRotateZ-20260626-033945-downwardsrotatez_sb_propriodelta_s2,proprio.delta,2,4,3,0.15,0.0,0.0,0.0,0.0,0.0,0.0,3682863
downwards_rotate,downwards_sensor_sweep_120-20260625-124815,TesolloDownwardsRotateZ,TesolloDownwardsRotateZ-20260626-033945-downwardsrotatez_sb_propriodelta_s2,proprio.delta,2,4,4,0.2,0.0,0.0,0.0,0.0,0.0,0.0,3682863
downwards_rotate,downwards_sensor_sweep_120-20260625-124815,TesolloDownwardsRotateZ,TesolloDownwardsRotateZ-20260626-033945-downwardsrotatez_sb_propriodelta_s2,proprio.delta,2,4,5,0.25,0.0,0.0,0.0,0.0,0.0,0.0,3682863
downwards_rotate,downwards_sensor_sweep_120-20260625-124815,TesolloDownwardsRotateZ,TesolloDownwardsRotateZ-20260626-033945-downwardsrotatez_sb_propriodelta_s2,proprio.delta,2,4,6,0.3,0.0,0.0,0.0,0.0,0.0,0.0,3682863
downwards_rotate,downwards_sensor_sweep_120-20260625-124815,TesolloDownwardsRotateZ,TesolloDownwardsRotateZ-20260626-033945-downwardsrotatez_sb_propriodelta_s2,proprio.delta,2,4,7,0.35,0.0,0.6192,0.72988,1.69629,0.0,3.04538,3682863
downwards_rotate,downwards_sensor_sweep_120-20260625-124815,TesolloDownwardsRotateZ,TesolloDownwardsRotateZ-20260626-033945-downwardsrotatez_sb_propriodelta_s2,proprio.delta,2,4,8,0.4,2.91795,1.70216,1.77672,2.08679,1.31447,9.7981,3682863
downwards_rotate,downwards_sensor_sweep_120-20260625-124815,TesolloDownwardsRotateZ,TesolloDownwardsRotateZ-20260626-033945-downwardsrotatez_sb_propriodelta_s2,proprio.delta,2,4,9,0.45,2.87797,1.13177,1.96601,1.71954,0.0,7.69528,3682863
downwards_rotate,downwards_sensor_sweep_120-20260625-124815,TesolloDownwardsRotateZ,TesolloDownwardsRotateZ-20260626-033945-downwardsrotatez_sb_propriodelta_s2,proprio.delta,2,4,10,0.5,2.79196,0.84388,2.16631,1.59445,0.0,7.3966,3682863
downwards_rotate,downwards_sensor_sweep_120-20260625-124815,TesolloDownwardsRotateZ,TesolloDownwardsRotateZ-20260626-033945-downwardsrotatez_sb_propriodelta_s2,proprio.delta,2,4,11,0.55,2.68458,0.63663,2.24607,1.65971,0.0,7.227,3682863
downwards_rotate,downwards_sensor_sweep_120-20260625-124815,TesolloDownwardsRotateZ,TesolloDownwardsRotateZ-20260626-033945-downwardsrotatez_sb_propriodelta_s2,proprio.delta,2,4,12,0.6,4.23986,0.0,1.14473,2.46068,0.0,7.84527,3682863
downwards_rotate,downwards_sensor_sweep_120-20260625-124815,TesolloDownwardsRotateZ,TesolloDownwardsRotateZ-20260626-033945-downwardsrotatez_sb_propriodelta_s2,proprio.delta,2,4,13,0.65,2.78273,0.0,2.7641,1.87296,0.0,7.41978,3682863
downwards_rotate,downwards_sensor_sweep_120-20260625-124815,TesolloDownwardsRotateZ,TesolloDownwardsRotateZ-20260626-033945-downwardsrotatez_sb_propriodelta_s2,proprio.delta,2,4,14,0.7,2.51926,0.0,3.91188,0.0,0.0,6.43114,3682863
downwards_rotate,downwards_sensor_sweep_120-20260625-124815,TesolloDownwardsRotateZ,TesolloDownwardsRotateZ-20260626-033945-downwardsrotatez_sb_propriodelta_s2,proprio.delta,2,4,15,0.75,2.61382,0.0,3.0047,1.51928,0.0,7.13779,3682863
downwards_rotate,downwards_sensor_sweep_120-20260625-124815,TesolloDownwardsRotateZ,TesolloDownwardsRotateZ-20260626-033945-downwardsrotatez_sb_propriodelta_s2,proprio.delta,2,4,16,0.8,2.97331,0.0,2.28426,1.59492,0.0,6.85249,3682863
downwards_rotate,downwards_sensor_sweep_120-20260625-124815,TesolloDownwardsRotateZ,TesolloDownwardsRotateZ-20260626-033945-downwardsrotatez_sb_propriodelta_s2,proprio.delta,2,4,17,0.85,3.11082,0.0,2.6904,0.0,0.0,5.80122,3682863
downwards_rotate,downwards_sensor_sweep_120-20260625-124815,TesolloDownwardsRotateZ,TesolloDownwardsRotateZ-20260626-033945-downwardsrotatez_sb_propriodelta_s2,proprio.delta,2,4,18,0.9,2.98278,0.0,2.53713,0.0,0.0,5.51991,3682863
downwards_rotate,downwards_sensor_sweep_120-20260625-124815,TesolloDownwardsRotateZ,TesolloDownwardsRotateZ-20260626-033945-downwardsrotatez_sb_propriodelta_s2,proprio.delta,2,4,19,0.95,3.23366,0.0,0.0,3.17067,0.0,6.40433,3682863
downwards_rotate,downwards_sensor_sweep_120-20260625-124815,TesolloDownwardsRotateZ,TesolloDownwardsRotateZ-20260626-033945-downwardsrotatez_sb_propriodelta_s2,proprio.delta,2,4,20,1.0,3.92166,0.0,0.0,3.85197,0.0,7.77363,3682863
downwards_rotate,downwards_sensor_sweep_120-20260625-124815,TesolloDownwardsRotateZ,TesolloDownwardsRotateZ-20260626-033945-downwardsrotatez_sb_propriodelta_s2,proprio.delta,2,4,21,1.05,2.97436,0.0,0.0,2.91264,0.0,5.887,3682863
downwards_rotate,downwards_sensor_sweep_120-20260625-124815,TesolloDownwardsRotateZ,TesolloDownwardsRotateZ-20260626-033945-downwardsrotatez_sb_propriodelta_s2,proprio.delta,2,4,22,1.1,3.23624,0.0,0.0,3.15693,0.0,6.39317,3682863
downwards_rotate,downwards_sensor_sweep_120-20260625-124815,TesolloDownwardsRotateZ,TesolloDownwardsRotateZ-20260626-033945-downwardsrotatez_sb_propriodelta_s2,proprio.delta,2,4,23,1.15,3.05867,0.0,0.0,3.10462,0.0,6.16329,3682863
downwards_rotate,downwards_sensor_sweep_120-20260625-124815,TesolloDownwardsRotateZ,TesolloDownwardsRotateZ-20260626-033945-downwardsrotatez_sb_propriodelta_s2,proprio.delta,2,4,24,1.2,3.45725,0.0,0.0,3.79026,0.0,7.24751,3682863
downwards_rotate,downwards_sensor_sweep_120-20260625-124815,TesolloDownwardsRotateZ,TesolloDownwardsRotateZ-20260626-033945-downwardsrotatez_sb_propriodelta_s2,proprio.delta,2,4,25,1.25,0.0,0.0,0.0,0.71863,0.0,0.71863,3682863
downwards_rotate,downwards_sensor_sweep_120-20260625-124815,TesolloDownwardsRotateZ,TesolloDownwardsRotateZ-20260626-033945-downwardsrotatez_sb_propriodelta_s2,proprio.delta,2,4,26,1.3,1.11075,0.0,0.0,3.49948,0.0,4.61023,3682863
downwards_rotate,downwards_sensor_sweep_120-20260625-124815,TesolloDownwardsRotateZ,TesolloDownwardsRotateZ-20260626-033945-downwardsrotatez_sb_propriodelta_s2,proprio.delta,2,4,27,1.35,0.0,0.0,0.0,3.58696,0.0,3.58696,3682863
downwards_rotate,downwards_sensor_sweep_120-20260625-124815,TesolloDownwardsRotateZ,TesolloDownwardsRotateZ-20260626-033945-downwardsrotatez_sb_propriodelta_s2,proprio.delta,2,4,28,1.4,0.0,0.0,0.0,3.08254,0.0,3.08254,3682863
downwards_rotate,downwards_sensor_sweep_120-20260625-124815,TesolloDownwardsRotateZ,TesolloDownwardsRotateZ-20260626-033945-downwardsrotatez_sb_propriodelta_s2,proprio.delta,2,4,29,1.45,0.0,0.0,0.0,4.23653,0.0,4.23653,3682863
downwards_rotate,downwards_sensor_sweep_120-20260625-124815,TesolloDownwardsRotateZ,TesolloDownwardsRotateZ-20260626-033945-downwardsrotatez_sb_propriodelta_s2,proprio.delta,2,4,30,1.5,0.0,0.0,0.0,2.94383,0.0,2.94383,3682863
downwards_rotate,downwards_sensor_sweep_120-20260625-124815,TesolloDownwardsRotateZ,TesolloDownwardsRotateZ-20260626-033945-downwardsrotatez_sb_propriodelta_s2,proprio.delta,2,4,31,1.55,0.0,0.0,0.0,3.08685,0.0,3.08685,3682863
downwards_rotate,downwards_sensor_sweep_120-20260625-124815,TesolloDownwardsRotateZ,TesolloDownwardsRotateZ-20260626-033945-downwardsrotatez_sb_propriodelta_s2,proprio.delta,2,4,32,1.6,0.0,0.0,0.0,3.20431,0.0,3.20431,3682863
downwards_rotate,downwards_sensor_sweep_120-20260625-124815,TesolloDownwardsRotateZ,TesolloDownwardsRotateZ-20260626-033945-downwardsrotatez_sb_propriodelta_s2,proprio.delta,2,4,33,1.65,0.0,0.0,0.0,3.42997,0.0,3.42997,3682863
downwards_rotate,downwards_sensor_sweep_120-20260625-124815,TesolloDownwardsRotateZ,TesolloDownwardsRotateZ-20260626-033945-downwardsrotatez_sb_propriodelta_s2,proprio.delta,2,4,34,1.7,0.0,0.0,0.0,5.39399,0.0,5.39399,3682863
downwards_rotate,downwards_sensor_sweep_120-20260625-124815,TesolloDownwardsRotateZ,TesolloDownwardsRotateZ-20260626-033945-downwardsrotatez_sb_propriodelta_s2,proprio.delta,2,4,35,1.75,0.0,0.0,0.0,1.17331,0.0,1.17331,3682863
downwards_rotate,downwards_sensor_sweep_120-20260625-124815,TesolloDownwardsRotateZ,TesolloDownwardsRotateZ-20260626-033945-downwardsrotatez_sb_propriodelta_s2,proprio.delta,2,4,36,1.8,0.0,0.0,0.0,0.87398,0.0,0.87398,3682863
downwards_rotate,downwards_sensor_sweep_120-20260625-124815,TesolloDownwardsRotateZ,TesolloDownwardsRotateZ-20260626-033945-downwardsrotatez_sb_propriodelta_s2,proprio.delta,2,4,37,1.85,0.0,0.0,0.0,0.82584,0.0,0.82584,3682863
downwards_rotate,downwards_sensor_sweep_120-20260625-124815,TesolloDownwardsRotateZ,TesolloDownwardsRotateZ-20260626-033945-downwardsrotatez_sb_propriodelta_s2,proprio.delta,2,4,38,1.9,0.0,0.0,0.0,0.88104,0.0,0.88104,3682863
downwards_rotate,downwards_sensor_sweep_120-20260625-124815,TesolloDownwardsRotateZ,TesolloDownwardsRotateZ-20260626-033945-downwardsrotatez_sb_propriodelta_s2,proprio.delta,2,4,39,1.95,0.0,0.0,0.0,1.77718,0.0,1.77718,3682863
downwards_rotate,downwards_sensor_sweep_120-20260625-124815,TesolloDownwardsRotateZ,TesolloDownwardsRotateZ-20260626-033945-downwardsrotatez_sb_propriodelta_s2,proprio.delta,2,4,40,2.0,0.0,0.0,0.0,1.64446,0.0,1.64446,3682863
downwards_rotate,downwards_sensor_sweep_120-20260625-124815,TesolloDownwardsRotateZ,TesolloDownwardsRotateZ-20260626-033945-downwardsrotatez_sb_propriodelta_s2,proprio.delta,2,4,41,2.05,0.0,0.0,0.46952,2.4102,0.0,2.87971,3682863
downwards_rotate,downwards_sensor_sweep_120-20260625-124815,TesolloDownwardsRotateZ,TesolloDownwardsRotateZ-20260626-033945-downwardsrotatez_sb_propriodelta_s2,proprio.delta,2,4,42,2.1,0.0,0.0,0.70064,2.82363,0.0,3.52427,3682863
downwards_rotate,downwards_sensor_sweep_120-20260625-124815,TesolloDownwardsRotateZ,TesolloDownwardsRotateZ-20260626-033945-downwardsrotatez_sb_propriodelta_s2,proprio.delta,2,4,43,2.15,0.0,0.0,0.74993,2.98424,0.0,3.73417,3682863
downwards_rotate,downwards_sensor_sweep_120-20260625-124815,TesolloDownwardsRotateZ,TesolloDownwardsRotateZ-20260626-033945-downwardsrotatez_sb_propriodelta_s2,proprio.delta,2,4,44,2.2,0.0,0.0,0.92443,2.88581,0.0,3.81024,3682863
downwards_rotate,downwards_sensor_sweep_120-20260625-124815,TesolloDownwardsRotateZ,TesolloDownwardsRotateZ-20260626-033945-downwardsrotatez_sb_propriodelta_s2,proprio.delta,2,4,45,2.25,0.0,0.0,1.13886,2.51262,0.0,3.65148,3682863
downwards_rotate,downwards_sensor_sweep_120-20260625-124815,TesolloDownwardsRotateZ,TesolloDownwardsRotateZ-20260626-033945-downwardsrotatez_sb_propriodelta_s2,proprio.delta,2,4,46,2.3,0.0,0.0,0.98324,2.72027,0.0,3.70351,3682863
downwards_rotate,downwards_sensor_sweep_120-20260625-124815,TesolloDownwardsRotateZ,TesolloDownwardsRotateZ-20260626-033945-downwardsrotatez_sb_propriodelta_s2,proprio.delta,2,4,47,2.35,0.52546,0.0,0.83985,2.16416,0.0,3.52947,3682863
downwards_rotate,downwards_sensor_sweep_120-20260625-124815,TesolloDownwardsRotateZ,TesolloDownwardsRotateZ-20260626-033945-downwardsrotatez_sb_propriodelta_s2,proprio.delta,2,4,48,2.4,0.52335,0.0,0.74781,1.89215,0.0,3.16331,3682863
downwards_rotate,downwards_sensor_sweep_120-20260625-124815,TesolloDownwardsRotateZ,TesolloDownwardsRotateZ-20260626-033945-downwardsrotatez_sb_propriodelta_s2,proprio.delta,2,4,49,2.45,0.0,0.0,0.71123,1.7189,0.0,2.43013,3682863
downwards_rotate,downwards_sensor_sweep_120-20260625-124815,TesolloDownwardsRotateZ,TesolloDownwardsRotateZ-20260626-033945-downwardsrotatez_sb_propriodelta_s2,proprio.delta,2,4,50,2.5,0.58878,0.0,0.59556,1.72157,0.0,2.90591,3682863
downwards_rotate,downwards_sensor_sweep_120-20260625-124815,TesolloDownwardsRotateZ,TesolloDownwardsRotateZ-20260626-033945-downwardsrotatez_sb_propriodelta_s2,proprio.delta,2,4,51,2.55,0.61259,0.0,0.52053,2.60769,0.0,3.74081,3682863
downwards_rotate,downwards_sensor_sweep_120-20260625-124815,TesolloDownwardsRotateZ,TesolloDownwardsRotateZ-20260626-033945-downwardsrotatez_sb_propriodelta_s2,proprio.delta,2,4,52,2.6,0.61503,0.0,0.51344,1.98079,0.0,3.10926,3682863
downwards_rotate,downwards_sensor_sweep_120-20260625-124815,TesolloDownwardsRotateZ,TesolloDownwardsRotateZ-20260626-033945-downwardsrotatez_sb_propriodelta_s2,proprio.delta,2,4,53,2.65,0.69364,0.0,0.0,2.16195,0.0,2.85559,3682863
downwards_rotate,downwards_sensor_sweep_120-20260625-124815,TesolloDownwardsRotateZ,TesolloDownwardsRotateZ-20260626-033945-downwardsrotatez_sb_propriodelta_s2,proprio.delta,2,4,54,2.7,0.68326,0.0,0.0,2.12826,0.0,2.81153,3682863
downwards_rotate,downwards_sensor_sweep_120-20260625-124815,TesolloDownwardsRotateZ,TesolloDownwardsRotateZ-20260626-033945-downwardsrotatez_sb_propriodelta_s2,proprio.delta,2,4,55,2.75,0.67549,0.0,0.0,2.49365,0.0,3.16914,3682863
downwards_rotate,downwards_sensor_sweep_120-20260625-124815,TesolloDownwardsRotateZ,TesolloDownwardsRotateZ-20260626-033945-downwardsrotatez_sb_propriodelta_s2,proprio.delta,2,4,56,2.8,0.82298,0.0,0.0,2.85787,0.0,3.68085,3682863
downwards_rotate,downwards_sensor_sweep_120-20260625-124815,TesolloDownwardsRotateZ,TesolloDownwardsRotateZ-20260626-033945-downwardsrotatez_sb_propriodelta_s2,proprio.delta,2,4,57,2.85,0.76858,0.0,0.0,2.90607,0.0,3.67465,3682863
downwards_rotate,downwards_sensor_sweep_120-20260625-124815,TesolloDownwardsRotateZ,TesolloDownwardsRotateZ-20260626-033945-downwardsrotatez_sb_propriodelta_s2,proprio.delta,2,4,58,2.9,0.81838,0.0,0.0,3.10146,0.0,3.91984,3682863
downwards_rotate,downwards_sensor_sweep_120-20260625-124815,TesolloDownwardsRotateZ,TesolloDownwardsRotateZ-20260626-033945-downwardsrotatez_sb_propriodelta_s2,proprio.delta,2,4,59,2.95,0.80302,0.0,0.15276,3.18472,0.0,4.1405,3682863
downwards_rotate,downwards_sensor_sweep_120-20260625-124815,TesolloDownwardsRotateZ,TesolloDownwardsRotateZ-20260626-033945-downwardsrotatez_sb_propriodelta_s2,proprio.delta,2,4,60,3.0,0.8265,0.0,0.0,3.15421,0.0,3.98071,3682863
downwards_rotate,downwards_sensor_sweep_120-20260625-124815,TesolloDownwardsRotateZ,TesolloDownwardsRotateZ-20260626-033945-downwardsrotatez_sb_propriodelta_s2,proprio.delta,2,4,61,3.05,1.17662,0.0,0.0,7.77651,0.0,8.95313,3682863
downwards_rotate,downwards_sensor_sweep_120-20260625-124815,TesolloDownwardsRotateZ,TesolloDownwardsRotateZ-20260626-033945-downwardsrotatez_sb_propriodelta_s2,proprio.delta,2,4,62,3.1,0.88757,0.0,0.0,3.12906,0.0,4.01662,3682863
downwards_rotate,downwards_sensor_sweep_120-20260625-124815,TesolloDownwardsRotateZ,TesolloDownwardsRotateZ-20260626-033945-downwardsrotatez_sb_propriodelta_s2,proprio.delta,2,4,63,3.15,0.86877,0.0,0.0,3.21409,0.0,4.08285,3682863
downwards_rotate,downwards_sensor_sweep_120-20260625-124815,TesolloDownwardsRotateZ,TesolloDownwardsRotateZ-20260626-033945-downwardsrotatez_sb_propriodelta_s2,proprio.delta,2,4,64,3.2,0.87643,0.0,0.0,3.22634,0.0,4.10277,3682863
downwards_rotate,downwards_sensor_sweep_120-20260625-124815,TesolloDownwardsRotateZ,TesolloDownwardsRotateZ-20260626-033945-downwardsrotatez_sb_propriodelta_s2,proprio.delta,2,4,65,3.25,0.91062,0.0,0.0,3.17764,0.0,4.08826,3682863
downwards_rotate,downwards_sensor_sweep_120-20260625-124815,TesolloDownwardsRotateZ,TesolloDownwardsRotateZ-20260626-033945-downwardsrotatez_sb_propriodelta_s2,proprio.delta,2,4,66,3.3,0.89856,0.0,0.0,3.21687,0.0,4.11543,3682863
downwards_rotate,downwards_sensor_sweep_120-20260625-124815,TesolloDownwardsRotateZ,TesolloDownwardsRotateZ-20260626-033945-downwardsrotatez_sb_propriodelta_s2,proprio.delta,2,4,67,3.35,0.90046,0.0,0.0,3.21422,0.0,4.11468,3682863
downwards_rotate,downwards_sensor_sweep_120-20260625-124815,TesolloDownwardsRotateZ,TesolloDownwardsRotateZ-20260626-033945-downwardsrotatez_sb_propriodelta_s2,proprio.delta,2,4,68,3.4,0.91157,0.0,0.0,3.2089,0.0,4.12047,3682863
downwards_rotate,downwards_sensor_sweep_120-20260625-124815,TesolloDownwardsRotateZ,TesolloDownwardsRotateZ-20260626-033945-downwardsrotatez_sb_propriodelta_s2,proprio.delta,2,4,69,3.45,0.92106,0.0,0.0,3.19473,0.0,4.11579,3682863
downwards_rotate,downwards_sensor_sweep_120-20260625-124815,TesolloDownwardsRotateZ,TesolloDownwardsRotateZ-20260626-033945-downwardsrotatez_sb_propriodelta_s2,proprio.delta,2,4,70,3.5,0.9335,0.0,0.0,3.19371,0.0,4.12721,3682863
downwards_rotate,downwards_sensor_sweep_120-20260625-124815,TesolloDownwardsRotateZ,TesolloDownwardsRotateZ-20260626-033945-downwardsrotatez_sb_propriodelta_s2,proprio.delta,2,4,71,3.55,0.95639,0.0,0.0,3.16942,0.0,4.12581,3682863
downwards_rotate,downwards_sensor_sweep_120-20260625-124815,TesolloDownwardsRotateZ,TesolloDownwardsRotateZ-20260626-033945-downwardsrotatez_sb_propriodelta_s2,proprio.delta,2,4,72,3.6,1.05259,0.0,0.00737,3.42802,0.0,4.48798,3682863
downwards_rotate,downwards_sensor_sweep_120-20260625-124815,TesolloDownwardsRotateZ,TesolloDownwardsRotateZ-20260626-033945-downwardsrotatez_sb_propriodelta_s2,proprio.delta,2,4,73,3.65,0.96184,0.0,0.0,3.23092,0.0,4.19277,3682863
downwards_rotate,downwards_sensor_sweep_120-20260625-124815,TesolloDownwardsRotateZ,TesolloDownwardsRotateZ-20260626-033945-downwardsrotatez_sb_propriodelta_s2,proprio.delta,2,4,74,3.7,0.96614,0.0,0.0,3.21347,0.0,4.17961,3682863
downwards_rotate,downwards_sensor_sweep_120-20260625-124815,TesolloDownwardsRotateZ,TesolloDownwardsRotateZ-20260626-033945-downwardsrotatez_sb_propriodelta_s2,proprio.delta,2,4,75,3.75,0.98171,0.0,0.0,3.19727,0.0,4.17898,3682863
downwards_rotate,downwards_sensor_sweep_120-20260625-124815,TesolloDownwardsRotateZ,TesolloDownwardsRotateZ-20260626-033945-downwardsrotatez_sb_propriodelta_s2,proprio.delta,2,4,76,3.8,1.01765,0.0,0.0,3.16778,0.0,4.18543,3682863
downwards_rotate,downwards_sensor_sweep_120-20260625-124815,TesolloDownwardsRotateZ,TesolloDownwardsRotateZ-20260626-033945-downwardsrotatez_sb_propriodelta_s2,proprio.delta,2,4,77,3.85,1.01838,0.0,0.06094,3.18452,0.0,4.26384,3682863
downwards_rotate,downwards_sensor_sweep_120-20260625-124815,TesolloDownwardsRotateZ,TesolloDownwardsRotateZ-20260626-033945-downwardsrotatez_sb_propriodelta_s2,proprio.delta,2,4,78,3.9,1.0253,0.0,0.10934,3.19642,0.0,4.33105,3682863
downwards_rotate,downwards_sensor_sweep_120-20260625-124815,TesolloDownwardsRotateZ,TesolloDownwardsRotateZ-20260626-033945-downwardsrotatez_sb_propriodelta_s2,proprio.delta,2,4,79,3.95,1.05756,0.0,0.0,3.64179,0.0,4.69935,3682863
downwards_rotate,downwards_sensor_sweep_120-20260625-124815,TesolloDownwardsRotateZ,TesolloDownwardsRotateZ-20260626-033945-downwardsrotatez_sb_propriodelta_s2,proprio.delta,2,4,80,4.0,1.04397,0.0,0.0,3.21251,0.0,4.25648,3682863
downwards_rotate,downwards_sensor_sweep_120-20260625-124815,TesolloDownwardsRotateZ,TesolloDownwardsRotateZ-20260626-033945-downwardsrotatez_sb_propriodelta_s2,proprio.delta,2,4,81,4.05,1.06742,0.0,0.0,3.20085,0.0,4.26827,3682863
downwards_rotate,downwards_sensor_sweep_120-20260625-124815,TesolloDownwardsRotateZ,TesolloDownwardsRotateZ-20260626-033945-downwardsrotatez_sb_propriodelta_s2,proprio.delta,2,4,82,4.1,1.06548,0.0,0.09226,3.16975,0.0,4.32749,3682863
downwards_rotate,downwards_sensor_sweep_120-20260625-124815,TesolloDownwardsRotateZ,TesolloDownwardsRotateZ-20260626-033945-downwardsrotatez_sb_propriodelta_s2,proprio.delta,2,4,83,4.15,1.078,0.0,0.11802,3.1962,0.0,4.39222,3682863
downwards_rotate,downwards_sensor_sweep_120-20260625-124815,TesolloDownwardsRotateZ,TesolloDownwardsRotateZ-20260626-033945-downwardsrotatez_sb_propriodelta_s2,proprio.delta,2,4,84,4.2,1.09017,0.0,0.13042,3.21683,0.0,4.43742,3682863
downwards_rotate,downwards_sensor_sweep_120-20260625-124815,TesolloDownwardsRotateZ,TesolloDownwardsRotateZ-20260626-033945-downwardsrotatez_sb_propriodelta_s2,proprio.delta,2,4,85,4.25,1.10215,0.0,0.13945,3.2318,0.0,4.4734,3682863
downwards_rotate,downwards_sensor_sweep_120-20260625-124815,TesolloDownwardsRotateZ,TesolloDownwardsRotateZ-20260626-033945-downwardsrotatez_sb_propriodelta_s2,proprio.delta,2,4,86,4.3,1.78625,0.0,0.0,4.04514,0.0,5.83139,3682863
downwards_rotate,downwards_sensor_sweep_120-20260625-124815,TesolloDownwardsRotateZ,TesolloDownwardsRotateZ-20260626-033945-downwardsrotatez_sb_propriodelta_s2,proprio.delta,2,4,87,4.35,1.1322,0.0,0.0,3.22313,0.0,4.35532,3682863
downwards_rotate,downwards_sensor_sweep_120-20260625-124815,TesolloDownwardsRotateZ,TesolloDownwardsRotateZ-20260626-033945-downwardsrotatez_sb_propriodelta_s2,proprio.delta,2,4,88,4.4,1.16451,0.0,0.0,3.20488,0.0,4.36939,3682863
downwards_rotate,downwards_sensor_sweep_120-20260625-124815,TesolloDownwardsRotateZ,TesolloDownwardsRotateZ-20260626-033945-downwardsrotatez_sb_propriodelta_s2,proprio.delta,2,4,89,4.45,1.17708,0.0,0.07059,3.19803,0.0,4.44569,3682863
downwards_rotate,downwards_sensor_sweep_120-20260625-124815,TesolloDownwardsRotateZ,TesolloDownwardsRotateZ-20260626-033945-downwardsrotatez_sb_propriodelta_s2,proprio.delta,2,4,90,4.5,1.1802,0.0,0.08657,3.18766,0.0,4.45443,3682863
downwards_rotate,downwards_sensor_sweep_120-20260625-124815,TesolloDownwardsRotateZ,TesolloDownwardsRotateZ-20260626-033945-downwardsrotatez_sb_propriodelta_s2,proprio.delta,2,4,91,4.55,1.18501,0.0,0.10017,3.19367,0.0,4.47885,3682863
downwards_rotate,downwards_sensor_sweep_120-20260625-124815,TesolloDownwardsRotateZ,TesolloDownwardsRotateZ-20260626-033945-downwardsrotatez_sb_propriodelta_s2,proprio.delta,2,4,92,4.6,1.19594,0.0,0.10936,3.20783,0.0,4.51312,3682863
downwards_rotate,downwards_sensor_sweep_120-20260625-124815,TesolloDownwardsRotateZ,TesolloDownwardsRotateZ-20260626-033945-downwardsrotatez_sb_propriodelta_s2,proprio.delta,2,4,93,4.65,1.20706,0.0,0.11806,3.21676,0.0,4.54188,3682863
downwards_rotate,downwards_sensor_sweep_120-20260625-124815,TesolloDownwardsRotateZ,TesolloDownwardsRotateZ-20260626-033945-downwardsrotatez_sb_propriodelta_s2,proprio.delta,2,4,94,4.7,1.21878,0.0,0.11549,3.22948,0.0,4.56374,3682863
downwards_rotate,downwards_sensor_sweep_120-20260625-124815,TesolloDownwardsRotateZ,TesolloDownwardsRotateZ-20260626-033945-downwardsrotatez_sb_propriodelta_s2,proprio.delta,2,4,95,4.75,1.22999,0.0,0.1082,3.23394,0.0,4.57214,3682863
downwards_rotate,downwards_sensor_sweep_120-20260625-124815,TesolloDownwardsRotateZ,TesolloDownwardsRotateZ-20260626-033945-downwardsrotatez_sb_propriodelta_s2,proprio.delta,2,4,96,4.8,1.66054,0.0,0.0,3.35802,0.0,5.01856,3682863
downwards_rotate,downwards_sensor_sweep_120-20260625-124815,TesolloDownwardsRotateZ,TesolloDownwardsRotateZ-20260626-033945-downwardsrotatez_sb_propriodelta_s2,proprio.delta,2,4,97,4.85,1.23926,0.0,0.0,3.22701,0.0,4.46627,3682863
downwards_rotate,downwards_sensor_sweep_120-20260625-124815,TesolloDownwardsRotateZ,TesolloDownwardsRotateZ-20260626-033945-downwardsrotatez_sb_propriodelta_s2,proprio.delta,2,4,98,4.9,1.29293,0.0,0.0,3.22047,0.0,4.5134,3682863
downwards_rotate,downwards_sensor_sweep_120-20260625-124815,TesolloDownwardsRotateZ,TesolloDownwardsRotateZ-20260626-033945-downwardsrotatez_sb_propriodelta_s2,proprio.delta,2,4,99,4.95,1.33023,0.0,0.0,3.23367,0.0,4.56391,3682863
downwards_rotate,downwards_sensor_sweep_120-20260625-124815,TesolloDownwardsRotateZ,TesolloDownwardsRotateZ-20260626-033945-downwardsrotatez_sb_propriodelta_s2,proprio.delta,2,4,100,5.0,1.3385,0.0,0.07219,3.24504,0.0,4.65572,3682863
downwards_rotate,downwards_sensor_sweep_120-20260625-124815,TesolloDownwardsRotateZ,TesolloDownwardsRotateZ-20260626-033945-downwardsrotatez_sb_propriodelta_s2,proprio.delta,2,4,101,5.05,1.36404,0.0,0.09554,3.26002,0.0,4.71961,3682863
downwards_rotate,downwards_sensor_sweep_120-20260625-124815,TesolloDownwardsRotateZ,TesolloDownwardsRotateZ-20260626-033945-downwardsrotatez_sb_propriodelta_s2,proprio.delta,2,4,102,5.1,1.38571,0.0,0.10108,3.27326,0.0,4.76005,3682863
downwards_rotate,downwards_sensor_sweep_120-20260625-124815,TesolloDownwardsRotateZ,TesolloDownwardsRotateZ-20260626-033945-downwardsrotatez_sb_propriodelta_s2,proprio.delta,2,4,103,5.15,1.41307,0.0,0.10678,3.28151,0.0,4.80136,3682863
downwards_rotate,downwards_sensor_sweep_120-20260625-124815,TesolloDownwardsRotateZ,TesolloDownwardsRotateZ-20260626-033945-downwardsrotatez_sb_propriodelta_s2,proprio.delta,2,4,104,5.2,1.43463,0.0,0.10729,3.28479,0.0,4.8267,3682863
downwards_rotate,downwards_sensor_sweep_120-20260625-124815,TesolloDownwardsRotateZ,TesolloDownwardsRotateZ-20260626-033945-downwardsrotatez_sb_propriodelta_s2,proprio.delta,2,4,105,5.25,1.46212,0.0,0.10783,3.28958,0.0,4.85954,3682863
downwards_rotate,downwards_sensor_sweep_120-20260625-124815,TesolloDownwardsRotateZ,TesolloDownwardsRotateZ-20260626-033945-downwardsrotatez_sb_propriodelta_s2,proprio.delta,2,4,106,5.3,1.48071,0.0,0.09514,3.28051,0.0,4.85636,3682863
downwards_rotate,downwards_sensor_sweep_120-20260625-124815,TesolloDownwardsRotateZ,TesolloDownwardsRotateZ-20260626-033945-downwardsrotatez_sb_propriodelta_s2,proprio.delta,2,4,107,5.35,1.49228,0.0,0.08535,3.28569,0.0,4.86333,3682863
downwards_rotate,downwards_sensor_sweep_120-20260625-124815,TesolloDownwardsRotateZ,TesolloDownwardsRotateZ-20260626-033945-downwardsrotatez_sb_propriodelta_s2,proprio.delta,2,4,108,5.4,1.51052,0.0,0.08456,3.29126,0.0,4.88633,3682863
downwards_rotate,downwards_sensor_sweep_120-20260625-124815,TesolloDownwardsRotateZ,TesolloDownwardsRotateZ-20260626-033945-downwardsrotatez_sb_propriodelta_s2,proprio.delta,2,4,109,5.45,1.52872,0.0,0.0,3.28109,0.0,4.80981,3682863
downwards_rotate,downwards_sensor_sweep_120-20260625-124815,TesolloDownwardsRotateZ,TesolloDownwardsRotateZ-20260626-033945-downwardsrotatez_sb_propriodelta_s2,proprio.delta,2,4,110,5.5,1.54601,0.0,0.0,3.29154,0.0,4.83755,3682863
downwards_rotate,downwards_sensor_sweep_120-20260625-124815,TesolloDownwardsRotateZ,TesolloDownwardsRotateZ-20260626-033945-downwardsrotatez_sb_propriodelta_s2,proprio.delta,2,4,111,5.55,1.55333,0.0,0.07953,3.2853,0.0,4.91816,3682863
downwards_rotate,downwards_sensor_sweep_120-20260625-124815,TesolloDownwardsRotateZ,TesolloDownwardsRotateZ-20260626-033945-downwardsrotatez_sb_propriodelta_s2,proprio.delta,2,4,112,5.6,1.57019,0.0,0.0,3.28096,0.0,4.85115,3682863
downwards_rotate,downwards_sensor_sweep_120-20260625-124815,TesolloDownwardsRotateZ,TesolloDownwardsRotateZ-20260626-033945-downwardsrotatez_sb_propriodelta_s2,proprio.delta,2,4,113,5.65,1.58243,0.0,0.0,3.28031,0.0,4.86274,3682863
downwards_rotate,downwards_sensor_sweep_120-20260625-124815,TesolloDownwardsRotateZ,TesolloDownwardsRotateZ-20260626-033945-downwardsrotatez_sb_propriodelta_s2,proprio.delta,2,4,114,5.7,1.59011,0.0,0.0808,3.27258,0.0,4.94348,3682863
downwards_rotate,downwards_sensor_sweep_120-20260625-124815,TesolloDownwardsRotateZ,TesolloDownwardsRotateZ-20260626-033945-downwardsrotatez_sb_propriodelta_s2,proprio.delta,2,4,115,5.75,1.59973,0.0,0.08409,3.26413,0.0,4.94795,3682863
downwards_rotate,downwards_sensor_sweep_120-20260625-124815,TesolloDownwardsRotateZ,TesolloDownwardsRotateZ-20260626-033945-downwardsrotatez_sb_propriodelta_s2,proprio.delta,2,4,116,5.8,1.61015,0.0,0.08482,3.26082,0.0,4.9558,3682863
downwards_rotate,downwards_sensor_sweep_120-20260625-124815,TesolloDownwardsRotateZ,TesolloDownwardsRotateZ-20260626-033945-downwardsrotatez_sb_propriodelta_s2,proprio.delta,2,4,117,5.85,1.61965,0.0,0.08438,3.25785,0.0,4.96188,3682863
downwards_rotate,downwards_sensor_sweep_120-20260625-124815,TesolloDownwardsRotateZ,TesolloDownwardsRotateZ-20260626-033945-downwardsrotatez_sb_propriodelta_s2,proprio.delta,2,4,118,5.9,1.62823,0.0,0.08293,3.25526,0.0,4.96642,3682863
downwards_rotate,downwards_sensor_sweep_120-20260625-124815,TesolloDownwardsRotateZ,TesolloDownwardsRotateZ-20260626-033945-downwardsrotatez_sb_propriodelta_s2,proprio.delta,2,4,119,5.95,1.63959,0.0,0.0,3.26734,0.0,4.90693,3682863
downwards_rotate,downwards_sensor_sweep_120-20260625-124815,TesolloDownwardsRotateZ,TesolloDownwardsRotateZ-20260626-033945-downwardsrotatez_sb_propriodelta_s2,proprio.delta,2,5,0,0.0,0.0,0.0,0.0,0.0,0.0,0.0,3682863
downwards_rotate,downwards_sensor_sweep_120-20260625-124815,TesolloDownwardsRotateZ,TesolloDownwardsRotateZ-20260626-033945-downwardsrotatez_sb_propriodelta_s2,proprio.delta,2,5,1,0.05,0.0,0.0,0.0,0.0,0.0,0.0,3682863
downwards_rotate,downwards_sensor_sweep_120-20260625-124815,TesolloDownwardsRotateZ,TesolloDownwardsRotateZ-20260626-033945-downwardsrotatez_sb_propriodelta_s2,proprio.delta,2,5,2,0.1,0.0,0.0,0.0,0.0,3.14842,3.14842,3682863
downwards_rotate,downwards_sensor_sweep_120-20260625-124815,TesolloDownwardsRotateZ,TesolloDownwardsRotateZ-20260626-033945-downwardsrotatez_sb_propriodelta_s2,proprio.delta,2,5,3,0.15,0.0,0.0,0.0,0.0,3.31307,3.31307,3682863
downwards_rotate,downwards_sensor_sweep_120-20260625-124815,TesolloDownwardsRotateZ,TesolloDownwardsRotateZ-20260626-033945-downwardsrotatez_sb_propriodelta_s2,proprio.delta,2,5,4,0.2,2.90799,0.0,0.0,0.0,2.36322,5.27122,3682863
downwards_rotate,downwards_sensor_sweep_120-20260625-124815,TesolloDownwardsRotateZ,TesolloDownwardsRotateZ-20260626-033945-downwardsrotatez_sb_propriodelta_s2,proprio.delta,2,5,5,0.25,1.76235,0.0,0.0,0.0,1.98073,3.74308,3682863
downwards_rotate,downwards_sensor_sweep_120-20260625-124815,TesolloDownwardsRotateZ,TesolloDownwardsRotateZ-20260626-033945-downwardsrotatez_sb_propriodelta_s2,proprio.delta,2,5,6,0.3,2.25604,0.0,0.0,0.0,0.0,2.25604,3682863
downwards_rotate,downwards_sensor_sweep_120-20260625-124815,TesolloDownwardsRotateZ,TesolloDownwardsRotateZ-20260626-033945-downwardsrotatez_sb_propriodelta_s2,proprio.delta,2,5,7,0.35,0.0,0.0,0.46043,0.0,0.0,0.46043,3682863
downwards_rotate,downwards_sensor_sweep_120-20260625-124815,TesolloDownwardsRotateZ,TesolloDownwardsRotateZ-20260626-033945-downwardsrotatez_sb_propriodelta_s2,proprio.delta,2,5,8,0.4,4.13836,0.0,1.94378,2.31847,0.0,8.40061,3682863
downwards_rotate,downwards_sensor_sweep_120-20260625-124815,TesolloDownwardsRotateZ,TesolloDownwardsRotateZ-20260626-033945-downwardsrotatez_sb_propriodelta_s2,proprio.delta,2,5,9,0.45,4.19199,0.0,1.86934,2.30471,0.0,8.36605,3682863
downwards_rotate,downwards_sensor_sweep_120-20260625-124815,TesolloDownwardsRotateZ,TesolloDownwardsRotateZ-20260626-033945-downwardsrotatez_sb_propriodelta_s2,proprio.delta,2,5,10,0.5,2.80617,0.0,2.61312,2.0257,0.0,7.44499,3682863
downwards_rotate,downwards_sensor_sweep_120-20260625-124815,TesolloDownwardsRotateZ,TesolloDownwardsRotateZ-20260626-033945-downwardsrotatez_sb_propriodelta_s2,proprio.delta,2,5,11,0.55,2.59643,0.0,2.84112,1.83736,0.0,7.27491,3682863
downwards_rotate,downwards_sensor_sweep_120-20260625-124815,TesolloDownwardsRotateZ,TesolloDownwardsRotateZ-20260626-033945-downwardsrotatez_sb_propriodelta_s2,proprio.delta,2,5,12,0.6,3.83942,0.0,2.25571,1.71153,0.0,7.80666,3682863
downwards_rotate,downwards_sensor_sweep_120-20260625-124815,TesolloDownwardsRotateZ,TesolloDownwardsRotateZ-20260626-033945-downwardsrotatez_sb_propriodelta_s2,proprio.delta,2,5,13,0.65,3.69838,0.0,2.05568,1.738,0.0,7.49205,3682863
downwards_rotate,downwards_sensor_sweep_120-20260625-124815,TesolloDownwardsRotateZ,TesolloDownwardsRotateZ-20260626-033945-downwardsrotatez_sb_propriodelta_s2,proprio.delta,2,5,14,0.7,3.0296,0.0,1.83332,2.45981,0.0,7.32273,3682863
downwards_rotate,downwards_sensor_sweep_120-20260625-124815,TesolloDownwardsRotateZ,TesolloDownwardsRotateZ-20260626-033945-downwardsrotatez_sb_propriodelta_s2,proprio.delta,2,5,15,0.75,2.3898,0.0,1.92181,0.0,0.0,4.31161,3682863
downwards_rotate,downwards_sensor_sweep_120-20260625-124815,TesolloDownwardsRotateZ,TesolloDownwardsRotateZ-20260626-033945-downwardsrotatez_sb_propriodelta_s2,proprio.delta,2,5,16,0.8,3.4462,0.0,0.0,2.9517,0.0,6.3979,3682863
downwards_rotate,downwards_sensor_sweep_120-20260625-124815,TesolloDownwardsRotateZ,TesolloDownwardsRotateZ-20260626-033945-downwardsrotatez_sb_propriodelta_s2,proprio.delta,2,5,17,0.85,3.23529,0.0,0.0,4.37713,0.0,7.61242,3682863
downwards_rotate,downwards_sensor_sweep_120-20260625-124815,TesolloDownwardsRotateZ,TesolloDownwardsRotateZ-20260626-033945-downwardsrotatez_sb_propriodelta_s2,proprio.delta,2,5,18,0.9,4.91544,0.0,0.0,4.65712,0.0,9.57256,3682863
downwards_rotate,downwards_sensor_sweep_120-20260625-124815,TesolloDownwardsRotateZ,TesolloDownwardsRotateZ-20260626-033945-downwardsrotatez_sb_propriodelta_s2,proprio.delta,2,5,19,0.95,2.72123,0.0,0.0,3.6185,0.0,6.33973,3682863
downwards_rotate,downwards_sensor_sweep_120-20260625-124815,TesolloDownwardsRotateZ,TesolloDownwardsRotateZ-20260626-033945-downwardsrotatez_sb_propriodelta_s2,proprio.delta,2,5,20,1.0,3.11335,0.0,0.0,2.83817,0.0,5.95152,3682863
downwards_rotate,downwards_sensor_sweep_120-20260625-124815,TesolloDownwardsRotateZ,TesolloDownwardsRotateZ-20260626-033945-downwardsrotatez_sb_propriodelta_s2,proprio.delta,2,5,21,1.05,2.40095,0.0,0.0,3.11966,0.0,5.52061,3682863
downwards_rotate,downwards_sensor_sweep_120-20260625-124815,TesolloDownwardsRotateZ,TesolloDownwardsRotateZ-20260626-033945-downwardsrotatez_sb_propriodelta_s2,proprio.delta,2,5,22,1.1,1.61789,0.0,0.0,4.14146,0.0,5.75935,3682863
downwards_rotate,downwards_sensor_sweep_120-20260625-124815,TesolloDownwardsRotateZ,TesolloDownwardsRotateZ-20260626-033945-downwardsrotatez_sb_propriodelta_s2,proprio.delta,2,5,23,1.15,0.0,0.0,0.0,3.30556,0.0,3.30556,3682863
downwards_rotate,downwards_sensor_sweep_120-20260625-124815,TesolloDownwardsRotateZ,TesolloDownwardsRotateZ-20260626-033945-downwardsrotatez_sb_propriodelta_s2,proprio.delta,2,5,24,1.2,0.0,0.0,0.0,2.89401,0.0,2.89401,3682863
downwards_rotate,downwards_sensor_sweep_120-20260625-124815,TesolloDownwardsRotateZ,TesolloDownwardsRotateZ-20260626-033945-downwardsrotatez_sb_propriodelta_s2,proprio.delta,2,5,25,1.25,0.0,0.0,0.0,2.77512,0.0,2.77512,3682863
downwards_rotate,downwards_sensor_sweep_120-20260625-124815,TesolloDownwardsRotateZ,TesolloDownwardsRotateZ-20260626-033945-downwardsrotatez_sb_propriodelta_s2,proprio.delta,2,5,26,1.3,0.0,0.0,0.0,2.98169,0.0,2.98169,3682863
downwards_rotate,downwards_sensor_sweep_120-20260625-124815,TesolloDownwardsRotateZ,TesolloDownwardsRotateZ-20260626-033945-downwardsrotatez_sb_propriodelta_s2,proprio.delta,2,5,27,1.35,0.0,0.0,0.0,3.05566,0.0,3.05566,3682863
downwards_rotate,downwards_sensor_sweep_120-20260625-124815,TesolloDownwardsRotateZ,TesolloDownwardsRotateZ-20260626-033945-downwardsrotatez_sb_propriodelta_s2,proprio.delta,2,5,28,1.4,0.0,0.0,0.0,3.28005,0.0,3.28005,3682863
downwards_rotate,downwards_sensor_sweep_120-20260625-124815,TesolloDownwardsRotateZ,TesolloDownwardsRotateZ-20260626-033945-downwardsrotatez_sb_propriodelta_s2,proprio.delta,2,5,29,1.45,0.0,0.0,0.0,3.55183,0.0,3.55183,3682863
downwards_rotate,downwards_sensor_sweep_120-20260625-124815,TesolloDownwardsRotateZ,TesolloDownwardsRotateZ-20260626-033945-downwardsrotatez_sb_propriodelta_s2,proprio.delta,2,5,30,1.5,0.0,0.0,0.0,3.60076,0.0,3.60076,3682863
downwards_rotate,downwards_sensor_sweep_120-20260625-124815,TesolloDownwardsRotateZ,TesolloDownwardsRotateZ-20260626-033945-downwardsrotatez_sb_propriodelta_s2,proprio.delta,2,5,31,1.55,0.0,0.57168,0.0,3.58921,0.0,4.16089,3682863
downwards_rotate,downwards_sensor_sweep_120-20260625-124815,TesolloDownwardsRotateZ,TesolloDownwardsRotateZ-20260626-033945-downwardsrotatez_sb_propriodelta_s2,proprio.delta,2,5,32,1.6,0.0,0.47704,0.0,3.14979,0.0,3.62683,3682863
downwards_rotate,downwards_sensor_sweep_120-20260625-124815,TesolloDownwardsRotateZ,TesolloDownwardsRotateZ-20260626-033945-downwardsrotatez_sb_propriodelta_s2,proprio.delta,2,5,33,1.65,0.0,0.3673,0.0,3.07986,0.0,3.44716,3682863
downwards_rotate,downwards_sensor_sweep_120-20260625-124815,TesolloDownwardsRotateZ,TesolloDownwardsRotateZ-20260626-033945-downwardsrotatez_sb_propriodelta_s2,proprio.delta,2,5,34,1.7,0.0,0.35528,0.0,3.10208,0.0,3.45736,3682863
downwards_rotate,downwards_sensor_sweep_120-20260625-124815,TesolloDownwardsRotateZ,TesolloDownwardsRotateZ-20260626-033945-downwardsrotatez_sb_propriodelta_s2,proprio.delta,2,5,35,1.75,0.0,0.07967,0.0,3.05792,0.0,3.1376,3682863
downwards_rotate,downwards_sensor_sweep_120-20260625-124815,TesolloDownwardsRotateZ,TesolloDownwardsRotateZ-20260626-033945-downwardsrotatez_sb_propriodelta_s2,proprio.delta,2,5,36,1.8,0.0,0.14711,0.0,3.26017,0.0,3.40729,3682863
downwards_rotate,downwards_sensor_sweep_120-20260625-124815,TesolloDownwardsRotateZ,TesolloDownwardsRotateZ-20260626-033945-downwardsrotatez_sb_propriodelta_s2,proprio.delta,2,5,37,1.85,0.0,0.0,0.0,3.01958,0.0,3.01958,3682863
downwards_rotate,downwards_sensor_sweep_120-20260625-124815,TesolloDownwardsRotateZ,TesolloDownwardsRotateZ-20260626-033945-downwardsrotatez_sb_propriodelta_s2,proprio.delta,2,5,38,1.9,0.0,0.0,0.0,2.99452,0.0,2.99452,3682863
downwards_rotate,downwards_sensor_sweep_120-20260625-124815,TesolloDownwardsRotateZ,TesolloDownwardsRotateZ-20260626-033945-downwardsrotatez_sb_propriodelta_s2,proprio.delta,2,5,39,1.95,0.0,0.0,0.0,2.89894,0.0,2.89894,3682863
downwards_rotate,downwards_sensor_sweep_120-20260625-124815,TesolloDownwardsRotateZ,TesolloDownwardsRotateZ-20260626-033945-downwardsrotatez_sb_propriodelta_s2,proprio.delta,2,5,40,2.0,0.0,0.0,0.0,2.72332,0.0,2.72332,3682863
downwards_rotate,downwards_sensor_sweep_120-20260625-124815,TesolloDownwardsRotateZ,TesolloDownwardsRotateZ-20260626-033945-downwardsrotatez_sb_propriodelta_s2,proprio.delta,2,5,41,2.05,0.46313,0.0,0.0,2.85912,0.0,3.32225,3682863
downwards_rotate,downwards_sensor_sweep_120-20260625-124815,TesolloDownwardsRotateZ,TesolloDownwardsRotateZ-20260626-033945-downwardsrotatez_sb_propriodelta_s2,proprio.delta,2,5,42,2.1,0.44055,0.0,0.0,2.71632,0.0,3.15687,3682863
downwards_rotate,downwards_sensor_sweep_120-20260625-124815,TesolloDownwardsRotateZ,TesolloDownwardsRotateZ-20260626-033945-downwardsrotatez_sb_propriodelta_s2,proprio.delta,2,5,43,2.15,0.43469,0.0,0.0,2.71533,0.0,3.15003,3682863
downwards_rotate,downwards_sensor_sweep_120-20260625-124815,TesolloDownwardsRotateZ,TesolloDownwardsRotateZ-20260626-033945-downwardsrotatez_sb_propriodelta_s2,proprio.delta,2,5,44,2.2,0.45138,0.0,0.0,2.7617,0.0,3.21308,3682863
downwards_rotate,downwards_sensor_sweep_120-20260625-124815,TesolloDownwardsRotateZ,TesolloDownwardsRotateZ-20260626-033945-downwardsrotatez_sb_propriodelta_s2,proprio.delta,2,5,45,2.25,0.47278,0.0,0.0,3.16706,0.0,3.63984,3682863
downwards_rotate,downwards_sensor_sweep_120-20260625-124815,TesolloDownwardsRotateZ,TesolloDownwardsRotateZ-20260626-033945-downwardsrotatez_sb_propriodelta_s2,proprio.delta,2,5,46,2.3,0.47897,0.0,0.0,2.81401,0.0,3.29298,3682863
downwards_rotate,downwards_sensor_sweep_120-20260625-124815,TesolloDownwardsRotateZ,TesolloDownwardsRotateZ-20260626-033945-downwardsrotatez_sb_propriodelta_s2,proprio.delta,2,5,47,2.35,0.51184,0.0,0.0,3.15669,0.0,3.66853,3682863
downwards_rotate,downwards_sensor_sweep_120-20260625-124815,TesolloDownwardsRotateZ,TesolloDownwardsRotateZ-20260626-033945-downwardsrotatez_sb_propriodelta_s2,proprio.delta,2,5,48,2.4,0.53782,0.0,0.0,3.13442,0.0,3.67224,3682863
downwards_rotate,downwards_sensor_sweep_120-20260625-124815,TesolloDownwardsRotateZ,TesolloDownwardsRotateZ-20260626-033945-downwardsrotatez_sb_propriodelta_s2,proprio.delta,2,5,49,2.45,0.55158,0.0,0.0,3.11865,0.0,3.67023,3682863
downwards_rotate,downwards_sensor_sweep_120-20260625-124815,TesolloDownwardsRotateZ,TesolloDownwardsRotateZ-20260626-033945-downwardsrotatez_sb_propriodelta_s2,proprio.delta,2,5,50,2.5,0.59117,0.0,0.0,3.09662,0.0,3.68779,3682863
downwards_rotate,downwards_sensor_sweep_120-20260625-124815,TesolloDownwardsRotateZ,TesolloDownwardsRotateZ-20260626-033945-downwardsrotatez_sb_propriodelta_s2,proprio.delta,2,5,51,2.55,0.5931,0.15199,0.0,3.08257,0.0,3.82765,3682863
downwards_rotate,downwards_sensor_sweep_120-20260625-124815,TesolloDownwardsRotateZ,TesolloDownwardsRotateZ-20260626-033945-downwardsrotatez_sb_propriodelta_s2,proprio.delta,2,5,52,2.6,0.59577,0.19534,0.0,2.78075,0.0,3.57186,3682863
downwards_rotate,downwards_sensor_sweep_120-20260625-124815,TesolloDownwardsRotateZ,TesolloDownwardsRotateZ-20260626-033945-downwardsrotatez_sb_propriodelta_s2,proprio.delta,2,5,53,2.65,0.59077,0.21159,0.0,3.11345,0.0,3.91581,3682863
downwards_rotate,downwards_sensor_sweep_120-20260625-124815,TesolloDownwardsRotateZ,TesolloDownwardsRotateZ-20260626-033945-downwardsrotatez_sb_propriodelta_s2,proprio.delta,2,5,54,2.7,0.59105,0.2098,0.0,3.12669,0.0,3.92755,3682863
downwards_rotate,downwards_sensor_sweep_120-20260625-124815,TesolloDownwardsRotateZ,TesolloDownwardsRotateZ-20260626-033945-downwardsrotatez_sb_propriodelta_s2,proprio.delta,2,5,55,2.75,0.58933,0.20641,0.0,3.13414,0.0,3.92989,3682863
downwards_rotate,downwards_sensor_sweep_120-20260625-124815,TesolloDownwardsRotateZ,TesolloDownwardsRotateZ-20260626-033945-downwardsrotatez_sb_propriodelta_s2,proprio.delta,2,5,56,2.8,0.58834,0.19815,0.0,3.14201,0.0,3.9285,3682863
downwards_rotate,downwards_sensor_sweep_120-20260625-124815,TesolloDownwardsRotateZ,TesolloDownwardsRotateZ-20260626-033945-downwardsrotatez_sb_propriodelta_s2,proprio.delta,2,5,57,2.85,0.58784,0.19265,0.0,3.15193,0.0,3.93242,3682863
downwards_rotate,downwards_sensor_sweep_120-20260625-124815,TesolloDownwardsRotateZ,TesolloDownwardsRotateZ-20260626-033945-downwardsrotatez_sb_propriodelta_s2,proprio.delta,2,5,58,2.9,0.58759,0.18028,0.0,3.15678,0.0,3.92465,3682863
downwards_rotate,downwards_sensor_sweep_120-20260625-124815,TesolloDownwardsRotateZ,TesolloDownwardsRotateZ-20260626-033945-downwardsrotatez_sb_propriodelta_s2,proprio.delta,2,5,59,2.95,0.58831,0.17172,0.0,3.16669,0.0,3.92672,3682863
downwards_rotate,downwards_sensor_sweep_120-20260625-124815,TesolloDownwardsRotateZ,TesolloDownwardsRotateZ-20260626-033945-downwardsrotatez_sb_propriodelta_s2,proprio.delta,2,5,60,3.0,0.5889,0.16239,0.0,3.17532,0.0,3.92661,3682863
downwards_rotate,downwards_sensor_sweep_120-20260625-124815,TesolloDownwardsRotateZ,TesolloDownwardsRotateZ-20260626-033945-downwardsrotatez_sb_propriodelta_s2,proprio.delta,2,5,61,3.05,0.58993,0.15435,0.0,3.18344,0.0,3.92772,3682863
downwards_rotate,downwards_sensor_sweep_120-20260625-124815,TesolloDownwardsRotateZ,TesolloDownwardsRotateZ-20260626-033945-downwardsrotatez_sb_propriodelta_s2,proprio.delta,2,5,62,3.1,0.59062,0.14856,0.0,3.19062,0.0,3.92979,3682863
downwards_rotate,downwards_sensor_sweep_120-20260625-124815,TesolloDownwardsRotateZ,TesolloDownwardsRotateZ-20260626-033945-downwardsrotatez_sb_propriodelta_s2,proprio.delta,2,5,63,3.15,0.59234,0.14567,0.0,3.1973,0.0,3.93531,3682863
downwards_rotate,downwards_sensor_sweep_120-20260625-124815,TesolloDownwardsRotateZ,TesolloDownwardsRotateZ-20260626-033945-downwardsrotatez_sb_propriodelta_s2,proprio.delta,2,5,64,3.2,0.59439,0.14526,0.0,3.20287,0.0,3.94252,3682863
downwards_rotate,downwards_sensor_sweep_120-20260625-124815,TesolloDownwardsRotateZ,TesolloDownwardsRotateZ-20260626-033945-downwardsrotatez_sb_propriodelta_s2,proprio.delta,2,5,65,3.25,0.59628,0.14579,0.0,3.20743,0.0,3.9495,3682863
downwards_rotate,downwards_sensor_sweep_120-20260625-124815,TesolloDownwardsRotateZ,TesolloDownwardsRotateZ-20260626-033945-downwardsrotatez_sb_propriodelta_s2,proprio.delta,2,5,66,3.3,0.59856,0.14709,0.0,3.21144,0.0,3.95709,3682863
downwards_rotate,downwards_sensor_sweep_120-20260625-124815,TesolloDownwardsRotateZ,TesolloDownwardsRotateZ-20260626-033945-downwardsrotatez_sb_propriodelta_s2,proprio.delta,2,5,67,3.35,0.60084,0.15026,0.0,3.21431,0.0,3.96541,3682863
downwards_rotate,downwards_sensor_sweep_120-20260625-124815,TesolloDownwardsRotateZ,TesolloDownwardsRotateZ-20260626-033945-downwardsrotatez_sb_propriodelta_s2,proprio.delta,2,5,68,3.4,0.60343,0.15245,0.0,3.21591,0.0,3.97179,3682863
downwards_rotate,downwards_sensor_sweep_120-20260625-124815,TesolloDownwardsRotateZ,TesolloDownwardsRotateZ-20260626-033945-downwardsrotatez_sb_propriodelta_s2,proprio.delta,2,5,69,3.45,0.60587,0.15469,0.0,3.21667,0.0,3.97722,3682863
downwards_rotate,downwards_sensor_sweep_120-20260625-124815,TesolloDownwardsRotateZ,TesolloDownwardsRotateZ-20260626-033945-downwardsrotatez_sb_propriodelta_s2,proprio.delta,2,5,70,3.5,0.61827,0.16193,0.0,3.22814,0.0,4.00834,3682863
downwards_rotate,downwards_sensor_sweep_120-20260625-124815,TesolloDownwardsRotateZ,TesolloDownwardsRotateZ-20260626-033945-downwardsrotatez_sb_propriodelta_s2,proprio.delta,2,5,71,3.55,0.62211,0.14799,0.0,3.23559,0.0,4.00569,3682863
downwards_rotate,downwards_sensor_sweep_120-20260625-124815,TesolloDownwardsRotateZ,TesolloDownwardsRotateZ-20260626-033945-downwardsrotatez_sb_propriodelta_s2,proprio.delta,2,5,72,3.6,0.62519,0.14546,0.0,3.23925,0.0,4.00991,3682863
downwards_rotate,downwards_sensor_sweep_120-20260625-124815,TesolloDownwardsRotateZ,TesolloDownwardsRotateZ-20260626-033945-downwardsrotatez_sb_propriodelta_s2,proprio.delta,2,5,73,3.65,0.62794,0.14608,0.0,3.23883,0.0,4.01285,3682863
downwards_rotate,downwards_sensor_sweep_120-20260625-124815,TesolloDownwardsRotateZ,TesolloDownwardsRotateZ-20260626-033945-downwardsrotatez_sb_propriodelta_s2,proprio.delta,2,5,74,3.7,0.63039,0.14765,0.0,3.23633,0.0,4.01437,3682863
downwards_rotate,downwards_sensor_sweep_120-20260625-124815,TesolloDownwardsRotateZ,TesolloDownwardsRotateZ-20260626-033945-downwardsrotatez_sb_propriodelta_s2,proprio.delta,2,5,75,3.75,0.63312,0.14939,0.0,3.23354,0.0,4.01605,3682863
downwards_rotate,downwards_sensor_sweep_120-20260625-124815,TesolloDownwardsRotateZ,TesolloDownwardsRotateZ-20260626-033945-downwardsrotatez_sb_propriodelta_s2,proprio.delta,2,5,76,3.8,0.6359,0.15204,0.0,3.23018,0.0,4.01813,3682863
downwards_rotate,downwards_sensor_sweep_120-20260625-124815,TesolloDownwardsRotateZ,TesolloDownwardsRotateZ-20260626-033945-downwardsrotatez_sb_propriodelta_s2,proprio.delta,2,5,77,3.85,0.63985,0.07262,0.0,3.24455,0.0,3.95702,3682863
downwards_rotate,downwards_sensor_sweep_120-20260625-124815,TesolloDownwardsRotateZ,TesolloDownwardsRotateZ-20260626-033945-downwardsrotatez_sb_propriodelta_s2,proprio.delta,2,5,78,3.9,0.6519,0.0,0.0,3.2654,0.0,3.9173,3682863
downwards_rotate,downwards_sensor_sweep_120-20260625-124815,TesolloDownwardsRotateZ,TesolloDownwardsRotateZ-20260626-033945-downwardsrotatez_sb_propriodelta_s2,proprio.delta,2,5,79,3.95,0.65427,0.0,0.0,3.26518,0.0,3.91945,3682863
downwards_rotate,downwards_sensor_sweep_120-20260625-124815,TesolloDownwardsRotateZ,TesolloDownwardsRotateZ-20260626-033945-downwardsrotatez_sb_propriodelta_s2,proprio.delta,2,5,80,4.0,0.65571,0.0,0.0,3.26705,0.0,3.92276,3682863
downwards_rotate,downwards_sensor_sweep_120-20260625-124815,TesolloDownwardsRotateZ,TesolloDownwardsRotateZ-20260626-033945-downwardsrotatez_sb_propriodelta_s2,proprio.delta,2,5,81,4.05,0.65545,0.0,0.0,3.26737,0.0,3.92282,3682863
downwards_rotate,downwards_sensor_sweep_120-20260625-124815,TesolloDownwardsRotateZ,TesolloDownwardsRotateZ-20260626-033945-downwardsrotatez_sb_propriodelta_s2,proprio.delta,2,5,82,4.1,0.65649,0.0,0.0,3.27164,0.0,3.92813,3682863
downwards_rotate,downwards_sensor_sweep_120-20260625-124815,TesolloDownwardsRotateZ,TesolloDownwardsRotateZ-20260626-033945-downwardsrotatez_sb_propriodelta_s2,proprio.delta,2,5,83,4.15,0.65616,0.0,0.0,3.2699,0.0,3.92606,3682863
downwards_rotate,downwards_sensor_sweep_120-20260625-124815,TesolloDownwardsRotateZ,TesolloDownwardsRotateZ-20260626-033945-downwardsrotatez_sb_propriodelta_s2,proprio.delta,2,5,84,4.2,0.65815,0.0,0.0,3.27568,0.0,3.93384,3682863
downwards_rotate,downwards_sensor_sweep_120-20260625-124815,TesolloDownwardsRotateZ,TesolloDownwardsRotateZ-20260626-033945-downwardsrotatez_sb_propriodelta_s2,proprio.delta,2,5,85,4.25,0.65868,0.0,0.0,3.27758,0.0,3.93626,3682863
downwards_rotate,downwards_sensor_sweep_120-20260625-124815,TesolloDownwardsRotateZ,TesolloDownwardsRotateZ-20260626-033945-downwardsrotatez_sb_propriodelta_s2,proprio.delta,2,5,86,4.3,0.65421,0.0,0.0,3.23537,0.0,3.88958,3682863
downwards_rotate,downwards_sensor_sweep_120-20260625-124815,TesolloDownwardsRotateZ,TesolloDownwardsRotateZ-20260626-033945-downwardsrotatez_sb_propriodelta_s2,proprio.delta,2,5,87,4.35,0.65629,0.0,0.0,3.27235,0.0,3.92864,3682863
downwards_rotate,downwards_sensor_sweep_120-20260625-124815,TesolloDownwardsRotateZ,TesolloDownwardsRotateZ-20260626-033945-downwardsrotatez_sb_propriodelta_s2,proprio.delta,2,5,88,4.4,0.65088,0.0,0.0,3.26701,0.0,3.91789,3682863
downwards_rotate,downwards_sensor_sweep_120-20260625-124815,TesolloDownwardsRotateZ,TesolloDownwardsRotateZ-20260626-033945-downwardsrotatez_sb_propriodelta_s2,proprio.delta,2,5,89,4.45,0.65248,0.0,0.0,3.27788,0.0,3.93036,3682863
downwards_rotate,downwards_sensor_sweep_120-20260625-124815,TesolloDownwardsRotateZ,TesolloDownwardsRotateZ-20260626-033945-downwardsrotatez_sb_propriodelta_s2,proprio.delta,2,5,90,4.5,0.64565,0.0,0.0,3.25617,0.0,3.90181,3682863
downwards_rotate,downwards_sensor_sweep_120-20260625-124815,TesolloDownwardsRotateZ,TesolloDownwardsRotateZ-20260626-033945-downwardsrotatez_sb_propriodelta_s2,proprio.delta,2,5,91,4.55,0.64721,0.0,0.0,3.26931,0.0,3.91651,3682863
downwards_rotate,downwards_sensor_sweep_120-20260625-124815,TesolloDownwardsRotateZ,TesolloDownwardsRotateZ-20260626-033945-downwardsrotatez_sb_propriodelta_s2,proprio.delta,2,5,92,4.6,0.64858,0.0,0.0,3.21227,0.0,3.86085,3682863
downwards_rotate,downwards_sensor_sweep_120-20260625-124815,TesolloDownwardsRotateZ,TesolloDownwardsRotateZ-20260626-033945-downwardsrotatez_sb_propriodelta_s2,proprio.delta,2,5,93,4.65,0.64847,0.0,0.0,3.23349,0.0,3.88197,3682863
downwards_rotate,downwards_sensor_sweep_120-20260625-124815,TesolloDownwardsRotateZ,TesolloDownwardsRotateZ-20260626-033945-downwardsrotatez_sb_propriodelta_s2,proprio.delta,2,5,94,4.7,0.64886,0.0,0.0,3.2497,0.0,3.89856,3682863
downwards_rotate,downwards_sensor_sweep_120-20260625-124815,TesolloDownwardsRotateZ,TesolloDownwardsRotateZ-20260626-033945-downwardsrotatez_sb_propriodelta_s2,proprio.delta,2,5,95,4.75,0.64945,0.0,0.0,3.26734,0.0,3.91679,3682863
downwards_rotate,downwards_sensor_sweep_120-20260625-124815,TesolloDownwardsRotateZ,TesolloDownwardsRotateZ-20260626-033945-downwardsrotatez_sb_propriodelta_s2,proprio.delta,2,5,96,4.8,0.65332,0.0,0.0,3.2828,0.0,3.93611,3682863
downwards_rotate,downwards_sensor_sweep_120-20260625-124815,TesolloDownwardsRotateZ,TesolloDownwardsRotateZ-20260626-033945-downwardsrotatez_sb_propriodelta_s2,proprio.delta,2,5,97,4.85,0.65735,0.0,0.0,3.27144,0.0,3.92879,3682863
downwards_rotate,downwards_sensor_sweep_120-20260625-124815,TesolloDownwardsRotateZ,TesolloDownwardsRotateZ-20260626-033945-downwardsrotatez_sb_propriodelta_s2,proprio.delta,2,5,98,4.9,0.66158,0.0,0.0,3.28316,0.0,3.94474,3682863
downwards_rotate,downwards_sensor_sweep_120-20260625-124815,TesolloDownwardsRotateZ,TesolloDownwardsRotateZ-20260626-033945-downwardsrotatez_sb_propriodelta_s2,proprio.delta,2,5,99,4.95,0.66768,0.0,0.0,3.29907,0.0,3.96676,3682863
downwards_rotate,downwards_sensor_sweep_120-20260625-124815,TesolloDownwardsRotateZ,TesolloDownwardsRotateZ-20260626-033945-downwardsrotatez_sb_propriodelta_s2,proprio.delta,2,5,100,5.0,0.67421,0.0,0.0,3.29362,0.0,3.96782,3682863
downwards_rotate,downwards_sensor_sweep_120-20260625-124815,TesolloDownwardsRotateZ,TesolloDownwardsRotateZ-20260626-033945-downwardsrotatez_sb_propriodelta_s2,proprio.delta,2,5,101,5.05,0.68111,0.0,0.0,3.3085,0.0,3.98961,3682863
downwards_rotate,downwards_sensor_sweep_120-20260625-124815,TesolloDownwardsRotateZ,TesolloDownwardsRotateZ-20260626-033945-downwardsrotatez_sb_propriodelta_s2,proprio.delta,2,5,102,5.1,0.63743,0.0,0.0,2.83415,0.0,3.47157,3682863
downwards_rotate,downwards_sensor_sweep_120-20260625-124815,TesolloDownwardsRotateZ,TesolloDownwardsRotateZ-20260626-033945-downwardsrotatez_sb_propriodelta_s2,proprio.delta,2,5,103,5.15,0.70816,0.0,0.0,3.4159,0.0,4.12406,3682863
downwards_rotate,downwards_sensor_sweep_120-20260625-124815,TesolloDownwardsRotateZ,TesolloDownwardsRotateZ-20260626-033945-downwardsrotatez_sb_propriodelta_s2,proprio.delta,2,5,104,5.2,0.7072,0.0,0.0,3.35102,0.0,4.05822,3682863
downwards_rotate,downwards_sensor_sweep_120-20260625-124815,TesolloDownwardsRotateZ,TesolloDownwardsRotateZ-20260626-033945-downwardsrotatez_sb_propriodelta_s2,proprio.delta,2,5,105,5.25,0.71512,0.0,0.0,3.31719,0.0,4.03231,3682863
downwards_rotate,downwards_sensor_sweep_120-20260625-124815,TesolloDownwardsRotateZ,TesolloDownwardsRotateZ-20260626-033945-downwardsrotatez_sb_propriodelta_s2,proprio.delta,2,5,106,5.3,0.71797,0.0,0.0,3.3079,0.0,4.02587,3682863
downwards_rotate,downwards_sensor_sweep_120-20260625-124815,TesolloDownwardsRotateZ,TesolloDownwardsRotateZ-20260626-033945-downwardsrotatez_sb_propriodelta_s2,proprio.delta,2,5,107,5.35,0.72145,0.0,0.0,3.30447,0.0,4.02592,3682863
downwards_rotate,downwards_sensor_sweep_120-20260625-124815,TesolloDownwardsRotateZ,TesolloDownwardsRotateZ-20260626-033945-downwardsrotatez_sb_propriodelta_s2,proprio.delta,2,5,108,5.4,0.72538,0.0,0.0,3.3273,0.0,4.05268,3682863
downwards_rotate,downwards_sensor_sweep_120-20260625-124815,TesolloDownwardsRotateZ,TesolloDownwardsRotateZ-20260626-033945-downwardsrotatez_sb_propriodelta_s2,proprio.delta,2,5,109,5.45,0.73104,0.0,0.0,3.33244,0.0,4.06348,3682863
downwards_rotate,downwards_sensor_sweep_120-20260625-124815,TesolloDownwardsRotateZ,TesolloDownwardsRotateZ-20260626-033945-downwardsrotatez_sb_propriodelta_s2,proprio.delta,2,5,110,5.5,0.73647,0.0,0.0,3.35551,0.0,4.09198,3682863
downwards_rotate,downwards_sensor_sweep_120-20260625-124815,TesolloDownwardsRotateZ,TesolloDownwardsRotateZ-20260626-033945-downwardsrotatez_sb_propriodelta_s2,proprio.delta,2,5,111,5.55,0.74158,0.0,0.0,3.36423,0.0,4.10581,3682863
downwards_rotate,downwards_sensor_sweep_120-20260625-124815,TesolloDownwardsRotateZ,TesolloDownwardsRotateZ-20260626-033945-downwardsrotatez_sb_propriodelta_s2,proprio.delta,2,5,112,5.6,0.83047,0.0,0.0,3.89015,0.0,4.72062,3682863
downwards_rotate,downwards_sensor_sweep_120-20260625-124815,TesolloDownwardsRotateZ,TesolloDownwardsRotateZ-20260626-033945-downwardsrotatez_sb_propriodelta_s2,proprio.delta,2,5,113,5.65,0.7657,0.0,0.0,3.27112,0.0,4.03682,3682863
downwards_rotate,downwards_sensor_sweep_120-20260625-124815,TesolloDownwardsRotateZ,TesolloDownwardsRotateZ-20260626-033945-downwardsrotatez_sb_propriodelta_s2,proprio.delta,2,5,114,5.7,0.76315,0.0,0.0,3.31657,0.0,4.07972,3682863
downwards_rotate,downwards_sensor_sweep_120-20260625-124815,TesolloDownwardsRotateZ,TesolloDownwardsRotateZ-20260626-033945-downwardsrotatez_sb_propriodelta_s2,proprio.delta,2,5,115,5.75,0.75602,0.0,0.0,3.41491,0.0,4.17093,3682863
downwards_rotate,downwards_sensor_sweep_120-20260625-124815,TesolloDownwardsRotateZ,TesolloDownwardsRotateZ-20260626-033945-downwardsrotatez_sb_propriodelta_s2,proprio.delta,2,5,116,5.8,0.75312,0.0,0.0,3.3578,0.0,4.11092,3682863
downwards_rotate,downwards_sensor_sweep_120-20260625-124815,TesolloDownwardsRotateZ,TesolloDownwardsRotateZ-20260626-033945-downwardsrotatez_sb_propriodelta_s2,proprio.delta,2,5,117,5.85,0.75242,0.0,0.0,3.37529,0.0,4.12771,3682863
downwards_rotate,downwards_sensor_sweep_120-20260625-124815,TesolloDownwardsRotateZ,TesolloDownwardsRotateZ-20260626-033945-downwardsrotatez_sb_propriodelta_s2,proprio.delta,2,5,118,5.9,0.75577,0.0,0.0,3.38133,0.0,4.1371,3682863
downwards_rotate,downwards_sensor_sweep_120-20260625-124815,TesolloDownwardsRotateZ,TesolloDownwardsRotateZ-20260626-033945-downwardsrotatez_sb_propriodelta_s2,proprio.delta,2,5,119,5.95,0.75928,0.0,0.0,3.38691,0.0,4.14618,3682863
downwards_rotate,downwards_sensor_sweep_120-20260625-124815,TesolloDownwardsRotateZ,TesolloDownwardsRotateZ-20260626-033945-downwardsrotatez_sb_propriodelta_s2,proprio.delta,2,6,0,0.0,0.0,0.0,0.0,0.0,0.0,0.0,3682863
downwards_rotate,downwards_sensor_sweep_120-20260625-124815,TesolloDownwardsRotateZ,TesolloDownwardsRotateZ-20260626-033945-downwardsrotatez_sb_propriodelta_s2,proprio.delta,2,6,1,0.05,0.0,0.0,0.0,0.0,0.0,0.0,3682863
downwards_rotate,downwards_sensor_sweep_120-20260625-124815,TesolloDownwardsRotateZ,TesolloDownwardsRotateZ-20260626-033945-downwardsrotatez_sb_propriodelta_s2,proprio.delta,2,6,2,0.1,0.0,0.0,0.0,0.0,0.0,0.0,3682863
downwards_rotate,downwards_sensor_sweep_120-20260625-124815,TesolloDownwardsRotateZ,TesolloDownwardsRotateZ-20260626-033945-downwardsrotatez_sb_propriodelta_s2,proprio.delta,2,6,3,0.15,1.16329,0.0,0.0,0.0,3.33268,4.49597,3682863
downwards_rotate,downwards_sensor_sweep_120-20260625-124815,TesolloDownwardsRotateZ,TesolloDownwardsRotateZ-20260626-033945-downwardsrotatez_sb_propriodelta_s2,proprio.delta,2,6,4,0.2,0.62241,4.36474,0.0,0.0,2.62577,7.61292,3682863
downwards_rotate,downwards_sensor_sweep_120-20260625-124815,TesolloDownwardsRotateZ,TesolloDownwardsRotateZ-20260626-033945-downwardsrotatez_sb_propriodelta_s2,proprio.delta,2,6,5,0.25,0.0,2.97934,1.38574,0.0,1.79696,6.16205,3682863
downwards_rotate,downwards_sensor_sweep_120-20260625-124815,TesolloDownwardsRotateZ,TesolloDownwardsRotateZ-20260626-033945-downwardsrotatez_sb_propriodelta_s2,proprio.delta,2,6,6,0.3,0.0,2.44841,0.88484,0.0,0.0,3.33325,3682863
downwards_rotate,downwards_sensor_sweep_120-20260625-124815,TesolloDownwardsRotateZ,TesolloDownwardsRotateZ-20260626-033945-downwardsrotatez_sb_propriodelta_s2,proprio.delta,2,6,7,0.35,0.0,2.39024,0.73024,0.0,0.0,3.12047,3682863
downwards_rotate,downwards_sensor_sweep_120-20260625-124815,TesolloDownwardsRotateZ,TesolloDownwardsRotateZ-20260626-033945-downwardsrotatez_sb_propriodelta_s2,proprio.delta,2,6,8,0.4,0.0,2.26816,0.71509,0.0,0.0,2.98324,3682863
downwards_rotate,downwards_sensor_sweep_120-20260625-124815,TesolloDownwardsRotateZ,TesolloDownwardsRotateZ-20260626-033945-downwardsrotatez_sb_propriodelta_s2,proprio.delta,2,6,9,0.45,0.0,2.91134,0.0,0.0,0.0,2.91134,3682863
downwards_rotate,downwards_sensor_sweep_120-20260625-124815,TesolloDownwardsRotateZ,TesolloDownwardsRotateZ-20260626-033945-downwardsrotatez_sb_propriodelta_s2,proprio.delta,2,6,10,0.5,0.0,2.3977,1.18471,0.92628,0.0,4.50869,3682863
downwards_rotate,downwards_sensor_sweep_120-20260625-124815,TesolloDownwardsRotateZ,TesolloDownwardsRotateZ-20260626-033945-downwardsrotatez_sb_propriodelta_s2,proprio.delta,2,6,11,0.55,0.0,2.19231,1.66533,1.64538,0.0,5.50303,3682863
downwards_rotate,downwards_sensor_sweep_120-20260625-124815,TesolloDownwardsRotateZ,TesolloDownwardsRotateZ-20260626-033945-downwardsrotatez_sb_propriodelta_s2,proprio.delta,2,6,12,0.6,0.0,2.39567,1.57406,1.62851,0.0,5.59824,3682863
downwards_rotate,downwards_sensor_sweep_120-20260625-124815,TesolloDownwardsRotateZ,TesolloDownwardsRotateZ-20260626-033945-downwardsrotatez_sb_propriodelta_s2,proprio.delta,2,6,13,0.65,0.0,2.44297,1.60403,2.02777,0.0,6.07477,3682863
downwards_rotate,downwards_sensor_sweep_120-20260625-124815,TesolloDownwardsRotateZ,TesolloDownwardsRotateZ-20260626-033945-downwardsrotatez_sb_propriodelta_s2,proprio.delta,2,6,14,0.7,0.0,2.44508,1.54472,2.34477,0.0,6.33457,3682863
downwards_rotate,downwards_sensor_sweep_120-20260625-124815,TesolloDownwardsRotateZ,TesolloDownwardsRotateZ-20260626-033945-downwardsrotatez_sb_propriodelta_s2,proprio.delta,2,6,15,0.75,0.0,2.33261,1.68338,2.6854,0.7679,7.46929,3682863
downwards_rotate,downwards_sensor_sweep_120-20260625-124815,TesolloDownwardsRotateZ,TesolloDownwardsRotateZ-20260626-033945-downwardsrotatez_sb_propriodelta_s2,proprio.delta,2,6,16,0.8,0.0,2.24029,1.52435,2.91689,0.59956,7.28109,3682863
downwards_rotate,downwards_sensor_sweep_120-20260625-124815,TesolloDownwardsRotateZ,TesolloDownwardsRotateZ-20260626-033945-downwardsrotatez_sb_propriodelta_s2,proprio.delta,2,6,17,0.85,0.0,2.50779,0.77089,2.96202,0.0,6.24071,3682863
downwards_rotate,downwards_sensor_sweep_120-20260625-124815,TesolloDownwardsRotateZ,TesolloDownwardsRotateZ-20260626-033945-downwardsrotatez_sb_propriodelta_s2,proprio.delta,2,6,18,0.9,0.0,2.92556,0.0,3.07846,0.0,6.00403,3682863
downwards_rotate,downwards_sensor_sweep_120-20260625-124815,TesolloDownwardsRotateZ,TesolloDownwardsRotateZ-20260626-033945-downwardsrotatez_sb_propriodelta_s2,proprio.delta,2,6,19,0.95,0.0,3.02424,0.0,2.88148,0.0,5.90572,3682863
downwards_rotate,downwards_sensor_sweep_120-20260625-124815,TesolloDownwardsRotateZ,TesolloDownwardsRotateZ-20260626-033945-downwardsrotatez_sb_propriodelta_s2,proprio.delta,2,6,20,1.0,0.0,3.87673,0.0,1.88145,0.39824,6.15642,3682863
downwards_rotate,downwards_sensor_sweep_120-20260625-124815,TesolloDownwardsRotateZ,TesolloDownwardsRotateZ-20260626-033945-downwardsrotatez_sb_propriodelta_s2,proprio.delta,2,6,21,1.05,0.0,2.99379,0.0,2.34778,0.18934,5.53091,3682863
downwards_rotate,downwards_sensor_sweep_120-20260625-124815,TesolloDownwardsRotateZ,TesolloDownwardsRotateZ-20260626-033945-downwardsrotatez_sb_propriodelta_s2,proprio.delta,2,6,22,1.1,1.56151,2.91392,0.0,2.16982,0.24819,6.89344,3682863
downwards_rotate,downwards_sensor_sweep_120-20260625-124815,TesolloDownwardsRotateZ,TesolloDownwardsRotateZ-20260626-033945-downwardsrotatez_sb_propriodelta_s2,proprio.delta,2,6,23,1.15,1.55231,1.74822,2.52111,2.31861,0.29568,8.43594,3682863
downwards_rotate,downwards_sensor_sweep_120-20260625-124815,TesolloDownwardsRotateZ,TesolloDownwardsRotateZ-20260626-033945-downwardsrotatez_sb_propriodelta_s2,proprio.delta,2,6,24,1.2,1.76564,1.42095,2.96761,2.10298,0.20328,8.46046,3682863
downwards_rotate,downwards_sensor_sweep_120-20260625-124815,TesolloDownwardsRotateZ,TesolloDownwardsRotateZ-20260626-033945-downwardsrotatez_sb_propriodelta_s2,proprio.delta,2,6,25,1.25,2.22899,0.28994,3.69098,2.14008,0.0,8.35,3682863
downwards_rotate,downwards_sensor_sweep_120-20260625-124815,TesolloDownwardsRotateZ,TesolloDownwardsRotateZ-20260626-033945-downwardsrotatez_sb_propriodelta_s2,proprio.delta,2,6,26,1.3,2.3997,0.0,3.65789,2.13761,0.0,8.1952,3682863
downwards_rotate,downwards_sensor_sweep_120-20260625-124815,TesolloDownwardsRotateZ,TesolloDownwardsRotateZ-20260626-033945-downwardsrotatez_sb_propriodelta_s2,proprio.delta,2,6,27,1.35,2.4787,0.0,3.72769,2.05174,0.0,8.25813,3682863
downwards_rotate,downwards_sensor_sweep_120-20260625-124815,TesolloDownwardsRotateZ,TesolloDownwardsRotateZ-20260626-033945-downwardsrotatez_sb_propriodelta_s2,proprio.delta,2,6,28,1.4,2.36489,0.52773,3.72914,1.63411,0.0,8.25588,3682863
downwards_rotate,downwards_sensor_sweep_120-20260625-124815,TesolloDownwardsRotateZ,TesolloDownwardsRotateZ-20260626-033945-downwardsrotatez_sb_propriodelta_s2,proprio.delta,2,6,29,1.45,2.34898,0.56175,3.71135,1.68015,0.0,8.30224,3682863
downwards_rotate,downwards_sensor_sweep_120-20260625-124815,TesolloDownwardsRotateZ,TesolloDownwardsRotateZ-20260626-033945-downwardsrotatez_sb_propriodelta_s2,proprio.delta,2,6,30,1.5,2.47376,0.54697,3.7028,1.55253,0.0,8.27606,3682863
downwards_rotate,downwards_sensor_sweep_120-20260625-124815,TesolloDownwardsRotateZ,TesolloDownwardsRotateZ-20260626-033945-downwardsrotatez_sb_propriodelta_s2,proprio.delta,2,6,31,1.55,2.45145,0.54224,3.71127,1.60336,0.27925,8.58758,3682863
downwards_rotate,downwards_sensor_sweep_120-20260625-124815,TesolloDownwardsRotateZ,TesolloDownwardsRotateZ-20260626-033945-downwardsrotatez_sb_propriodelta_s2,proprio.delta,2,6,32,1.6,2.45389,0.45851,3.67135,1.59069,0.35948,8.53391,3682863
downwards_rotate,downwards_sensor_sweep_120-20260625-124815,TesolloDownwardsRotateZ,TesolloDownwardsRotateZ-20260626-033945-downwardsrotatez_sb_propriodelta_s2,proprio.delta,2,6,33,1.65,2.44083,0.44633,3.79649,1.51741,0.20681,8.40786,3682863
downwards_rotate,downwards_sensor_sweep_120-20260625-124815,TesolloDownwardsRotateZ,TesolloDownwardsRotateZ-20260626-033945-downwardsrotatez_sb_propriodelta_s2,proprio.delta,2,6,34,1.7,2.43209,0.50878,3.70141,1.54442,0.25826,8.44495,3682863
downwards_rotate,downwards_sensor_sweep_120-20260625-124815,TesolloDownwardsRotateZ,TesolloDownwardsRotateZ-20260626-033945-downwardsrotatez_sb_propriodelta_s2,proprio.delta,2,6,35,1.75,2.35981,0.67793,3.50266,1.559,0.2817,8.3811,3682863
downwards_rotate,downwards_sensor_sweep_120-20260625-124815,TesolloDownwardsRotateZ,TesolloDownwardsRotateZ-20260626-033945-downwardsrotatez_sb_propriodelta_s2,proprio.delta,2,6,36,1.8,2.29406,0.83814,3.30045,1.57833,0.26843,8.2794,3682863
downwards_rotate,downwards_sensor_sweep_120-20260625-124815,TesolloDownwardsRotateZ,TesolloDownwardsRotateZ-20260626-033945-downwardsrotatez_sb_propriodelta_s2,proprio.delta,2,6,37,1.85,2.28061,0.91948,3.09185,1.61005,0.26123,8.16322,3682863
downwards_rotate,downwards_sensor_sweep_120-20260625-124815,TesolloDownwardsRotateZ,TesolloDownwardsRotateZ-20260626-033945-downwardsrotatez_sb_propriodelta_s2,proprio.delta,2,6,38,1.9,2.25315,1.01842,2.92867,1.63836,0.25952,8.09813,3682863
downwards_rotate,downwards_sensor_sweep_120-20260625-124815,TesolloDownwardsRotateZ,TesolloDownwardsRotateZ-20260626-033945-downwardsrotatez_sb_propriodelta_s2,proprio.delta,2,6,39,1.95,2.23397,1.14437,2.76827,1.73182,0.27067,8.1491,3682863
downwards_rotate,downwards_sensor_sweep_120-20260625-124815,TesolloDownwardsRotateZ,TesolloDownwardsRotateZ-20260626-033945-downwardsrotatez_sb_propriodelta_s2,proprio.delta,2,6,40,2.0,2.20968,1.32251,2.57247,1.88006,0.29583,8.28055,3682863
downwards_rotate,downwards_sensor_sweep_120-20260625-124815,TesolloDownwardsRotateZ,TesolloDownwardsRotateZ-20260626-033945-downwardsrotatez_sb_propriodelta_s2,proprio.delta,2,6,41,2.05,2.10067,1.5626,2.30338,1.99365,0.32408,8.28437,3682863
downwards_rotate,downwards_sensor_sweep_120-20260625-124815,TesolloDownwardsRotateZ,TesolloDownwardsRotateZ-20260626-033945-downwardsrotatez_sb_propriodelta_s2,proprio.delta,2,6,42,2.1,2.01684,2.00308,1.68045,2.04386,0.33257,8.0768,3682863
downwards_rotate,downwards_sensor_sweep_120-20260625-124815,TesolloDownwardsRotateZ,TesolloDownwardsRotateZ-20260626-033945-downwardsrotatez_sb_propriodelta_s2,proprio.delta,2,6,43,2.15,2.00807,2.36309,1.05941,2.15068,0.34822,7.92946,3682863
downwards_rotate,downwards_sensor_sweep_120-20260625-124815,TesolloDownwardsRotateZ,TesolloDownwardsRotateZ-20260626-033945-downwardsrotatez_sb_propriodelta_s2,proprio.delta,2,6,44,2.2,2.05418,2.81665,0.23195,2.34258,0.42089,7.86625,3682863
downwards_rotate,downwards_sensor_sweep_120-20260625-124815,TesolloDownwardsRotateZ,TesolloDownwardsRotateZ-20260626-033945-downwardsrotatez_sb_propriodelta_s2,proprio.delta,2,6,45,2.25,2.28341,2.75753,0.0,2.44494,0.50101,7.98689,3682863
downwards_rotate,downwards_sensor_sweep_120-20260625-124815,TesolloDownwardsRotateZ,TesolloDownwardsRotateZ-20260626-033945-downwardsrotatez_sb_propriodelta_s2,proprio.delta,2,6,46,2.3,2.25438,2.80276,0.0,2.16165,0.36499,7.58377,3682863
downwards_rotate,downwards_sensor_sweep_120-20260625-124815,TesolloDownwardsRotateZ,TesolloDownwardsRotateZ-20260626-033945-downwardsrotatez_sb_propriodelta_s2,proprio.delta,2,6,47,2.35,2.70676,2.70818,0.0,1.9144,0.3397,7.66905,3682863
downwards_rotate,downwards_sensor_sweep_120-20260625-124815,TesolloDownwardsRotateZ,TesolloDownwardsRotateZ-20260626-033945-downwardsrotatez_sb_propriodelta_s2,proprio.delta,2,6,48,2.4,3.17622,2.47349,0.0,2.02977,0.30172,7.98121,3682863
downwards_rotate,downwards_sensor_sweep_120-20260625-124815,TesolloDownwardsRotateZ,TesolloDownwardsRotateZ-20260626-033945-downwardsrotatez_sb_propriodelta_s2,proprio.delta,2,6,49,2.45,3.45813,2.21148,0.0,2.15523,0.1986,8.02344,3682863
downwards_rotate,downwards_sensor_sweep_120-20260625-124815,TesolloDownwardsRotateZ,TesolloDownwardsRotateZ-20260626-033945-downwardsrotatez_sb_propriodelta_s2,proprio.delta,2,6,50,2.5,3.60401,1.5224,1.13017,2.1008,0.26901,8.62639,3682863
downwards_rotate,downwards_sensor_sweep_120-20260625-124815,TesolloDownwardsRotateZ,TesolloDownwardsRotateZ-20260626-033945-downwardsrotatez_sb_propriodelta_s2,proprio.delta,2,6,51,2.55,3.31772,0.72799,2.8656,1.92526,0.31078,9.14734,3682863
downwards_rotate,downwards_sensor_sweep_120-20260625-124815,TesolloDownwardsRotateZ,TesolloDownwardsRotateZ-20260626-033945-downwardsrotatez_sb_propriodelta_s2,proprio.delta,2,6,52,2.6,3.5876,0.0,3.20793,2.03959,0.41906,9.25419,3682863
downwards_rotate,downwards_sensor_sweep_120-20260625-124815,TesolloDownwardsRotateZ,TesolloDownwardsRotateZ-20260626-033945-downwardsrotatez_sb_propriodelta_s2,proprio.delta,2,6,53,2.65,3.36539,0.0,3.34666,2.02763,0.4357,9.17539,3682863
downwards_rotate,downwards_sensor_sweep_120-20260625-124815,TesolloDownwardsRotateZ,TesolloDownwardsRotateZ-20260626-033945-downwardsrotatez_sb_propriodelta_s2,proprio.delta,2,6,54,2.7,3.26373,0.0,3.56926,1.82596,0.48595,9.1449,3682863
downwards_rotate,downwards_sensor_sweep_120-20260625-124815,TesolloDownwardsRotateZ,TesolloDownwardsRotateZ-20260626-033945-downwardsrotatez_sb_propriodelta_s2,proprio.delta,2,6,55,2.75,3.25226,0.0,3.70978,1.70693,0.46848,9.13745,3682863
downwards_rotate,downwards_sensor_sweep_120-20260625-124815,TesolloDownwardsRotateZ,TesolloDownwardsRotateZ-20260626-033945-downwardsrotatez_sb_propriodelta_s2,proprio.delta,2,6,56,2.8,3.25543,0.0,3.69198,1.69599,0.41664,9.06004,3682863
downwards_rotate,downwards_sensor_sweep_120-20260625-124815,TesolloDownwardsRotateZ,TesolloDownwardsRotateZ-20260626-033945-downwardsrotatez_sb_propriodelta_s2,proprio.delta,2,6,57,2.85,3.23947,0.0,3.69809,1.64028,0.37626,8.9541,3682863
downwards_rotate,downwards_sensor_sweep_120-20260625-124815,TesolloDownwardsRotateZ,TesolloDownwardsRotateZ-20260626-033945-downwardsrotatez_sb_propriodelta_s2,proprio.delta,2,6,58,2.9,3.22658,0.0,3.55253,1.66556,0.34972,8.79439,3682863
downwards_rotate,downwards_sensor_sweep_120-20260625-124815,TesolloDownwardsRotateZ,TesolloDownwardsRotateZ-20260626-033945-downwardsrotatez_sb_propriodelta_s2,proprio.delta,2,6,59,2.95,3.34616,0.0,3.45731,1.62711,0.37914,8.80973,3682863
downwards_rotate,downwards_sensor_sweep_120-20260625-124815,TesolloDownwardsRotateZ,TesolloDownwardsRotateZ-20260626-033945-downwardsrotatez_sb_propriodelta_s2,proprio.delta,2,6,60,3.0,3.39508,0.0,3.31312,1.6511,0.34559,8.70489,3682863
downwards_rotate,downwards_sensor_sweep_120-20260625-124815,TesolloDownwardsRotateZ,TesolloDownwardsRotateZ-20260626-033945-downwardsrotatez_sb_propriodelta_s2,proprio.delta,2,6,61,3.05,3.31139,0.24165,3.18178,1.67494,0.27815,8.68791,3682863
downwards_rotate,downwards_sensor_sweep_120-20260625-124815,TesolloDownwardsRotateZ,TesolloDownwardsRotateZ-20260626-033945-downwardsrotatez_sb_propriodelta_s2,proprio.delta,2,6,62,3.1,3.27161,0.34268,3.06157,1.6754,0.24683,8.59809,3682863
downwards_rotate,downwards_sensor_sweep_120-20260625-124815,TesolloDownwardsRotateZ,TesolloDownwardsRotateZ-20260626-033945-downwardsrotatez_sb_propriodelta_s2,proprio.delta,2,6,63,3.15,3.25336,0.39556,2.96077,1.68249,0.22884,8.52101,3682863
downwards_rotate,downwards_sensor_sweep_120-20260625-124815,TesolloDownwardsRotateZ,TesolloDownwardsRotateZ-20260626-033945-downwardsrotatez_sb_propriodelta_s2,proprio.delta,2,6,64,3.2,3.22856,0.45334,2.89257,1.7004,0.21306,8.48793,3682863
downwards_rotate,downwards_sensor_sweep_120-20260625-124815,TesolloDownwardsRotateZ,TesolloDownwardsRotateZ-20260626-033945-downwardsrotatez_sb_propriodelta_s2,proprio.delta,2,6,65,3.25,3.21505,0.50553,2.82666,1.74036,0.20471,8.49231,3682863
downwards_rotate,downwards_sensor_sweep_120-20260625-124815,TesolloDownwardsRotateZ,TesolloDownwardsRotateZ-20260626-033945-downwardsrotatez_sb_propriodelta_s2,proprio.delta,2,6,66,3.3,3.2014,0.56608,2.7464,1.79546,0.20089,8.51023,3682863
downwards_rotate,downwards_sensor_sweep_120-20260625-124815,TesolloDownwardsRotateZ,TesolloDownwardsRotateZ-20260626-033945-downwardsrotatez_sb_propriodelta_s2,proprio.delta,2,6,67,3.35,3.17225,0.62658,2.68235,1.87583,0.20852,8.56552,3682863
downwards_rotate,downwards_sensor_sweep_120-20260625-124815,TesolloDownwardsRotateZ,TesolloDownwardsRotateZ-20260626-033945-downwardsrotatez_sb_propriodelta_s2,proprio.delta,2,6,68,3.4,3.09902,0.70886,2.59423,1.92709,0.22059,8.54979,3682863
downwards_rotate,downwards_sensor_sweep_120-20260625-124815,TesolloDownwardsRotateZ,TesolloDownwardsRotateZ-20260626-033945-downwardsrotatez_sb_propriodelta_s2,proprio.delta,2,6,69,3.45,2.98823,0.834,2.48242,1.97127,0.23827,8.5142,3682863
downwards_rotate,downwards_sensor_sweep_120-20260625-124815,TesolloDownwardsRotateZ,TesolloDownwardsRotateZ-20260626-033945-downwardsrotatez_sb_propriodelta_s2,proprio.delta,2,6,70,3.5,2.84543,1.03652,2.3425,1.93941,0.24725,8.4111,3682863
downwards_rotate,downwards_sensor_sweep_120-20260625-124815,TesolloDownwardsRotateZ,TesolloDownwardsRotateZ-20260626-033945-downwardsrotatez_sb_propriodelta_s2,proprio.delta,2,6,71,3.55,2.6782,1.40697,1.90508,1.96939,0.25188,8.21151,3682863
downwards_rotate,downwards_sensor_sweep_120-20260625-124815,TesolloDownwardsRotateZ,TesolloDownwardsRotateZ-20260626-033945-downwardsrotatez_sb_propriodelta_s2,proprio.delta,2,6,72,3.6,2.52495,1.87632,1.29388,2.05443,0.26862,8.0182,3682863
downwards_rotate,downwards_sensor_sweep_120-20260625-124815,TesolloDownwardsRotateZ,TesolloDownwardsRotateZ-20260626-033945-downwardsrotatez_sb_propriodelta_s2,proprio.delta,2,6,73,3.65,2.48949,2.33055,0.55228,2.2038,0.32828,7.9044,3682863
downwards_rotate,downwards_sensor_sweep_120-20260625-124815,TesolloDownwardsRotateZ,TesolloDownwardsRotateZ-20260626-033945-downwardsrotatez_sb_propriodelta_s2,proprio.delta,2,6,74,3.7,2.49341,2.58732,0.0,2.42555,0.38783,7.89411,3682863
downwards_rotate,downwards_sensor_sweep_120-20260625-124815,TesolloDownwardsRotateZ,TesolloDownwardsRotateZ-20260626-033945-downwardsrotatez_sb_propriodelta_s2,proprio.delta,2,6,75,3.75,2.75666,2.50957,0.0,2.43891,0.35183,8.05696,3682863
downwards_rotate,downwards_sensor_sweep_120-20260625-124815,TesolloDownwardsRotateZ,TesolloDownwardsRotateZ-20260626-033945-downwardsrotatez_sb_propriodelta_s2,proprio.delta,2,6,76,3.8,2.63104,2.85311,0.0,2.0148,0.30053,7.79947,3682863
downwards_rotate,downwards_sensor_sweep_120-20260625-124815,TesolloDownwardsRotateZ,TesolloDownwardsRotateZ-20260626-033945-downwardsrotatez_sb_propriodelta_s2,proprio.delta,2,6,77,3.85,3.36976,2.41095,0.0,2.17402,0.23849,8.19322,3682863
downwards_rotate,downwards_sensor_sweep_120-20260625-124815,TesolloDownwardsRotateZ,TesolloDownwardsRotateZ-20260626-033945-downwardsrotatez_sb_propriodelta_s2,proprio.delta,2,6,78,3.9,3.62805,2.09786,0.0,2.1953,0.17297,8.09418,3682863
downwards_rotate,downwards_sensor_sweep_120-20260625-124815,TesolloDownwardsRotateZ,TesolloDownwardsRotateZ-20260626-033945-downwardsrotatez_sb_propriodelta_s2,proprio.delta,2,6,79,3.95,4.22639,2.05296,1.2917,1.99322,0.13011,9.69439,3682863
downwards_rotate,downwards_sensor_sweep_120-20260625-124815,TesolloDownwardsRotateZ,TesolloDownwardsRotateZ-20260626-033945-downwardsrotatez_sb_propriodelta_s2,proprio.delta,2,6,80,4.0,3.3014,0.65679,2.75523,1.91413,0.20431,8.83187,3682863
downwards_rotate,downwards_sensor_sweep_120-20260625-124815,TesolloDownwardsRotateZ,TesolloDownwardsRotateZ-20260626-033945-downwardsrotatez_sb_propriodelta_s2,proprio.delta,2,6,81,4.05,3.67132,0.0,2.93082,2.13232,0.41409,9.14855,3682863
downwards_rotate,downwards_sensor_sweep_120-20260625-124815,TesolloDownwardsRotateZ,TesolloDownwardsRotateZ-20260626-033945-downwardsrotatez_sb_propriodelta_s2,proprio.delta,2,6,82,4.1,3.31653,0.0,3.35171,2.00008,0.40721,9.07553,3682863
downwards_rotate,downwards_sensor_sweep_120-20260625-124815,TesolloDownwardsRotateZ,TesolloDownwardsRotateZ-20260626-033945-downwardsrotatez_sb_propriodelta_s2,proprio.delta,2,6,83,4.15,3.11274,0.0,3.34081,1.789,0.32093,8.56347,3682863
downwards_rotate,downwards_sensor_sweep_120-20260625-124815,TesolloDownwardsRotateZ,TesolloDownwardsRotateZ-20260626-033945-downwardsrotatez_sb_propriodelta_s2,proprio.delta,2,6,84,4.2,3.03018,0.0,3.65856,1.71442,0.38638,8.78954,3682863
downwards_rotate,downwards_sensor_sweep_120-20260625-124815,TesolloDownwardsRotateZ,TesolloDownwardsRotateZ-20260626-033945-downwardsrotatez_sb_propriodelta_s2,proprio.delta,2,6,85,4.25,3.05508,0.0,3.67567,1.6474,0.32666,8.7048,3682863
downwards_rotate,downwards_sensor_sweep_120-20260625-124815,TesolloDownwardsRotateZ,TesolloDownwardsRotateZ-20260626-033945-downwardsrotatez_sb_propriodelta_s2,proprio.delta,2,6,86,4.3,3.03404,0.0,3.67007,1.62176,0.29291,8.61877,3682863
downwards_rotate,downwards_sensor_sweep_120-20260625-124815,TesolloDownwardsRotateZ,TesolloDownwardsRotateZ-20260626-033945-downwardsrotatez_sb_propriodelta_s2,proprio.delta,2,6,87,4.35,3.11068,0.0,3.48329,1.6576,0.27562,8.52719,3682863
downwards_rotate,downwards_sensor_sweep_120-20260625-124815,TesolloDownwardsRotateZ,TesolloDownwardsRotateZ-20260626-033945-downwardsrotatez_sb_propriodelta_s2,proprio.delta,2,6,88,4.4,3.16886,0.0,3.25798,1.69652,0.27014,8.3935,3682863
downwards_rotate,downwards_sensor_sweep_120-20260625-124815,TesolloDownwardsRotateZ,TesolloDownwardsRotateZ-20260626-033945-downwardsrotatez_sb_propriodelta_s2,proprio.delta,2,6,89,4.45,3.159,0.0,3.2552,1.67067,0.3194,8.40427,3682863
downwards_rotate,downwards_sensor_sweep_120-20260625-124815,TesolloDownwardsRotateZ,TesolloDownwardsRotateZ-20260626-033945-downwardsrotatez_sb_propriodelta_s2,proprio.delta,2,6,90,4.5,3.24566,0.0,3.11828,1.67946,0.2869,8.3303,3682863
downwards_rotate,downwards_sensor_sweep_120-20260625-124815,TesolloDownwardsRotateZ,TesolloDownwardsRotateZ-20260626-033945-downwardsrotatez_sb_propriodelta_s2,proprio.delta,2,6,91,4.55,3.31504,0.0,3.04562,1.70955,0.26934,8.33956,3682863
downwards_rotate,downwards_sensor_sweep_120-20260625-124815,TesolloDownwardsRotateZ,TesolloDownwardsRotateZ-20260626-033945-downwardsrotatez_sb_propriodelta_s2,proprio.delta,2,6,92,4.6,3.32461,0.18743,2.91971,1.74468,0.23155,8.40798,3682863
downwards_rotate,downwards_sensor_sweep_120-20260625-124815,TesolloDownwardsRotateZ,TesolloDownwardsRotateZ-20260626-033945-downwardsrotatez_sb_propriodelta_s2,proprio.delta,2,6,93,4.65,3.34623,0.26189,2.79822,1.79367,0.21293,8.41294,3682863
downwards_rotate,downwards_sensor_sweep_120-20260625-124815,TesolloDownwardsRotateZ,TesolloDownwardsRotateZ-20260626-033945-downwardsrotatez_sb_propriodelta_s2,proprio.delta,2,6,94,4.7,3.33888,0.34681,2.70562,1.84372,0.20214,8.43717,3682863
downwards_rotate,downwards_sensor_sweep_120-20260625-124815,TesolloDownwardsRotateZ,TesolloDownwardsRotateZ-20260626-033945-downwardsrotatez_sb_propriodelta_s2,proprio.delta,2,6,95,4.75,3.29734,0.43093,2.62017,1.92078,0.2016,8.47083,3682863
downwards_rotate,downwards_sensor_sweep_120-20260625-124815,TesolloDownwardsRotateZ,TesolloDownwardsRotateZ-20260626-033945-downwardsrotatez_sb_propriodelta_s2,proprio.delta,2,6,96,4.8,3.21065,0.53872,2.51156,1.9885,0.21441,8.46384,3682863
downwards_rotate,downwards_sensor_sweep_120-20260625-124815,TesolloDownwardsRotateZ,TesolloDownwardsRotateZ-20260626-033945-downwardsrotatez_sb_propriodelta_s2,proprio.delta,2,6,97,4.85,3.15409,0.70672,2.38791,1.96333,0.22122,8.43327,3682863
downwards_rotate,downwards_sensor_sweep_120-20260625-124815,TesolloDownwardsRotateZ,TesolloDownwardsRotateZ-20260626-033945-downwardsrotatez_sb_propriodelta_s2,proprio.delta,2,6,98,4.9,2.98812,0.95936,2.1925,1.95102,0.22679,8.3178,3682863
downwards_rotate,downwards_sensor_sweep_120-20260625-124815,TesolloDownwardsRotateZ,TesolloDownwardsRotateZ-20260626-033945-downwardsrotatez_sb_propriodelta_s2,proprio.delta,2,6,99,4.95,2.8393,1.39779,1.6126,2.01756,0.24145,8.1087,3682863
downwards_rotate,downwards_sensor_sweep_120-20260625-124815,TesolloDownwardsRotateZ,TesolloDownwardsRotateZ-20260626-033945-downwardsrotatez_sb_propriodelta_s2,proprio.delta,2,6,100,5.0,2.71206,1.96928,0.91485,2.1321,0.26896,7.99726,3682863
downwards_rotate,downwards_sensor_sweep_120-20260625-124815,TesolloDownwardsRotateZ,TesolloDownwardsRotateZ-20260626-033945-downwardsrotatez_sb_propriodelta_s2,proprio.delta,2,6,101,5.05,2.75271,2.35552,0.16312,2.33812,0.38513,7.9946,3682863
downwards_rotate,downwards_sensor_sweep_120-20260625-124815,TesolloDownwardsRotateZ,TesolloDownwardsRotateZ-20260626-033945-downwardsrotatez_sb_propriodelta_s2,proprio.delta,2,6,102,5.1,2.52009,2.51321,0.0,2.36101,0.30893,7.70324,3682863
downwards_rotate,downwards_sensor_sweep_120-20260625-124815,TesolloDownwardsRotateZ,TesolloDownwardsRotateZ-20260626-033945-downwardsrotatez_sb_propriodelta_s2,proprio.delta,2,6,103,5.15,1.55947,2.42516,0.0,1.86339,0.21578,6.0638,3682863
downwards_rotate,downwards_sensor_sweep_120-20260625-124815,TesolloDownwardsRotateZ,TesolloDownwardsRotateZ-20260626-033945-downwardsrotatez_sb_propriodelta_s2,proprio.delta,2,6,104,5.2,1.91635,2.47106,0.0,1.7475,0.17045,6.30536,3682863
downwards_rotate,downwards_sensor_sweep_120-20260625-124815,TesolloDownwardsRotateZ,TesolloDownwardsRotateZ-20260626-033945-downwardsrotatez_sb_propriodelta_s2,proprio.delta,2,6,105,5.25,3.24397,2.16234,0.0,2.0459,0.16987,7.62207,3682863
downwards_rotate,downwards_sensor_sweep_120-20260625-124815,TesolloDownwardsRotateZ,TesolloDownwardsRotateZ-20260626-033945-downwardsrotatez_sb_propriodelta_s2,proprio.delta,2,6,106,5.3,3.49032,1.95543,0.0,2.33432,0.0,7.78008,3682863
downwards_rotate,downwards_sensor_sweep_120-20260625-124815,TesolloDownwardsRotateZ,TesolloDownwardsRotateZ-20260626-033945-downwardsrotatez_sb_propriodelta_s2,proprio.delta,2,6,107,5.35,3.47284,1.20508,1.57563,2.07205,0.18325,8.50885,3682863
downwards_rotate,downwards_sensor_sweep_120-20260625-124815,TesolloDownwardsRotateZ,TesolloDownwardsRotateZ-20260626-033945-downwardsrotatez_sb_propriodelta_s2,proprio.delta,2,6,108,5.4,3.57626,0.0,2.99703,1.98515,0.31063,8.86907,3682863
downwards_rotate,downwards_sensor_sweep_120-20260625-124815,TesolloDownwardsRotateZ,TesolloDownwardsRotateZ-20260626-033945-downwardsrotatez_sb_propriodelta_s2,proprio.delta,2,6,109,5.45,3.61001,0.0,2.80403,2.0545,0.37832,8.84687,3682863
downwards_rotate,downwards_sensor_sweep_120-20260625-124815,TesolloDownwardsRotateZ,TesolloDownwardsRotateZ-20260626-033945-downwardsrotatez_sb_propriodelta_s2,proprio.delta,2,6,110,5.5,3.19216,0.0,3.33584,1.81513,0.35848,8.7016,3682863
downwards_rotate,downwards_sensor_sweep_120-20260625-124815,TesolloDownwardsRotateZ,TesolloDownwardsRotateZ-20260626-033945-downwardsrotatez_sb_propriodelta_s2,proprio.delta,2,6,111,5.55,3.0324,0.0,3.56117,1.6426,0.34904,8.58521,3682863
downwards_rotate,downwards_sensor_sweep_120-20260625-124815,TesolloDownwardsRotateZ,TesolloDownwardsRotateZ-20260626-033945-downwardsrotatez_sb_propriodelta_s2,proprio.delta,2,6,112,5.6,2.93459,0.0,3.63115,1.64999,0.29631,8.51204,3682863
downwards_rotate,downwards_sensor_sweep_120-20260625-124815,TesolloDownwardsRotateZ,TesolloDownwardsRotateZ-20260626-033945-downwardsrotatez_sb_propriodelta_s2,proprio.delta,2,6,113,5.65,2.87286,0.0,3.62735,1.6356,0.23713,8.37294,3682863
downwards_rotate,downwards_sensor_sweep_120-20260625-124815,TesolloDownwardsRotateZ,TesolloDownwardsRotateZ-20260626-033945-downwardsrotatez_sb_propriodelta_s2,proprio.delta,2,6,114,5.7,2.81144,0.0,3.61871,1.62158,0.20572,8.25745,3682863
downwards_rotate,downwards_sensor_sweep_120-20260625-124815,TesolloDownwardsRotateZ,TesolloDownwardsRotateZ-20260626-033945-downwardsrotatez_sb_propriodelta_s2,proprio.delta,2,6,115,5.75,2.89855,0.0,3.3819,1.69558,0.20199,8.17803,3682863
downwards_rotate,downwards_sensor_sweep_120-20260625-124815,TesolloDownwardsRotateZ,TesolloDownwardsRotateZ-20260626-033945-downwardsrotatez_sb_propriodelta_s2,proprio.delta,2,6,116,5.8,2.92572,0.0,3.22947,1.70124,0.26322,8.11966,3682863
downwards_rotate,downwards_sensor_sweep_120-20260625-124815,TesolloDownwardsRotateZ,TesolloDownwardsRotateZ-20260626-033945-downwardsrotatez_sb_propriodelta_s2,proprio.delta,2,6,117,5.85,3.08017,0.0,3.05426,1.72438,0.24836,8.10717,3682863
downwards_rotate,downwards_sensor_sweep_120-20260625-124815,TesolloDownwardsRotateZ,TesolloDownwardsRotateZ-20260626-033945-downwardsrotatez_sb_propriodelta_s2,proprio.delta,2,6,118,5.9,3.11374,0.0,2.99887,1.74945,0.24074,8.10281,3682863
downwards_rotate,downwards_sensor_sweep_120-20260625-124815,TesolloDownwardsRotateZ,TesolloDownwardsRotateZ-20260626-033945-downwardsrotatez_sb_propriodelta_s2,proprio.delta,2,6,119,5.95,3.2021,0.0,2.93809,1.78065,0.23471,8.15555,3682863
downwards_rotate,downwards_sensor_sweep_120-20260625-124815,TesolloDownwardsRotateZ,TesolloDownwardsRotateZ-20260626-033945-downwardsrotatez_sb_propriodelta_s2,proprio.delta,2,7,0,0.0,0.0,0.0,0.0,0.0,0.0,0.0,3682863
downwards_rotate,downwards_sensor_sweep_120-20260625-124815,TesolloDownwardsRotateZ,TesolloDownwardsRotateZ-20260626-033945-downwardsrotatez_sb_propriodelta_s2,proprio.delta,2,7,1,0.05,0.0,0.0,0.0,0.0,0.0,0.0,3682863
downwards_rotate,downwards_sensor_sweep_120-20260625-124815,TesolloDownwardsRotateZ,TesolloDownwardsRotateZ-20260626-033945-downwardsrotatez_sb_propriodelta_s2,proprio.delta,2,7,2,0.1,0.0,0.0,0.0,0.0,0.0,0.0,3682863
downwards_rotate,downwards_sensor_sweep_120-20260625-124815,TesolloDownwardsRotateZ,TesolloDownwardsRotateZ-20260626-033945-downwardsrotatez_sb_propriodelta_s2,proprio.delta,2,7,3,0.15,0.0,0.0,0.0,0.0,0.0,0.0,3682863
downwards_rotate,downwards_sensor_sweep_120-20260625-124815,TesolloDownwardsRotateZ,TesolloDownwardsRotateZ-20260626-033945-downwardsrotatez_sb_propriodelta_s2,proprio.delta,2,7,4,0.2,0.0,0.0,0.0,0.0,0.0,0.0,3682863
downwards_rotate,downwards_sensor_sweep_120-20260625-124815,TesolloDownwardsRotateZ,TesolloDownwardsRotateZ-20260626-033945-downwardsrotatez_sb_propriodelta_s2,proprio.delta,2,7,5,0.25,0.0,0.0,0.0,0.0,2.30088,2.30088,3682863
downwards_rotate,downwards_sensor_sweep_120-20260625-124815,TesolloDownwardsRotateZ,TesolloDownwardsRotateZ-20260626-033945-downwardsrotatez_sb_propriodelta_s2,proprio.delta,2,7,6,0.3,0.6667,0.0,0.0,0.0,0.0,0.6667,3682863
downwards_rotate,downwards_sensor_sweep_120-20260625-124815,TesolloDownwardsRotateZ,TesolloDownwardsRotateZ-20260626-033945-downwardsrotatez_sb_propriodelta_s2,proprio.delta,2,7,7,0.35,2.01753,1.97147,0.0,1.51441,0.0,5.50341,3682863
downwards_rotate,downwards_sensor_sweep_120-20260625-124815,TesolloDownwardsRotateZ,TesolloDownwardsRotateZ-20260626-033945-downwardsrotatez_sb_propriodelta_s2,proprio.delta,2,7,8,0.4,2.75045,2.64975,0.0,2.60783,0.0,8.00803,3682863
downwards_rotate,downwards_sensor_sweep_120-20260625-124815,TesolloDownwardsRotateZ,TesolloDownwardsRotateZ-20260626-033945-downwardsrotatez_sb_propriodelta_s2,proprio.delta,2,7,9,0.45,4.28523,1.85625,0.7903,1.94865,0.0,8.88042,3682863
downwards_rotate,downwards_sensor_sweep_120-20260625-124815,TesolloDownwardsRotateZ,TesolloDownwardsRotateZ-20260626-033945-downwardsrotatez_sb_propriodelta_s2,proprio.delta,2,7,10,0.5,3.96984,1.14537,1.06163,2.06708,0.0,8.24392,3682863
downwards_rotate,downwards_sensor_sweep_120-20260625-124815,TesolloDownwardsRotateZ,TesolloDownwardsRotateZ-20260626-033945-downwardsrotatez_sb_propriodelta_s2,proprio.delta,2,7,11,0.55,2.91203,1.31861,1.33566,2.44224,0.0,8.00855,3682863
downwards_rotate,downwards_sensor_sweep_120-20260625-124815,TesolloDownwardsRotateZ,TesolloDownwardsRotateZ-20260626-033945-downwardsrotatez_sb_propriodelta_s2,proprio.delta,2,7,12,0.6,3.72067,0.8093,1.71748,1.46803,0.0,7.71548,3682863
downwards_rotate,downwards_sensor_sweep_120-20260625-124815,TesolloDownwardsRotateZ,TesolloDownwardsRotateZ-20260626-033945-downwardsrotatez_sb_propriodelta_s2,proprio.delta,2,7,13,0.65,2.65509,0.0,2.71051,1.4499,0.0,6.8155,3682863
downwards_rotate,downwards_sensor_sweep_120-20260625-124815,TesolloDownwardsRotateZ,TesolloDownwardsRotateZ-20260626-033945-downwardsrotatez_sb_propriodelta_s2,proprio.delta,2,7,14,0.7,2.68128,0.44664,2.51933,1.46045,0.0,7.1077,3682863
downwards_rotate,downwards_sensor_sweep_120-20260625-124815,TesolloDownwardsRotateZ,TesolloDownwardsRotateZ-20260626-033945-downwardsrotatez_sb_propriodelta_s2,proprio.delta,2,7,15,0.75,2.35447,0.0,3.71549,0.0,0.0,6.06997,3682863
downwards_rotate,downwards_sensor_sweep_120-20260625-124815,TesolloDownwardsRotateZ,TesolloDownwardsRotateZ-20260626-033945-downwardsrotatez_sb_propriodelta_s2,proprio.delta,2,7,16,0.8,2.65269,0.0,3.22421,1.34503,0.0,7.22194,3682863
downwards_rotate,downwards_sensor_sweep_120-20260625-124815,TesolloDownwardsRotateZ,TesolloDownwardsRotateZ-20260626-033945-downwardsrotatez_sb_propriodelta_s2,proprio.delta,2,7,17,0.85,2.57806,0.0,3.33344,1.18831,0.0,7.09982,3682863
downwards_rotate,downwards_sensor_sweep_120-20260625-124815,TesolloDownwardsRotateZ,TesolloDownwardsRotateZ-20260626-033945-downwardsrotatez_sb_propriodelta_s2,proprio.delta,2,7,18,0.9,2.7483,0.0,2.86198,1.36266,0.0,6.97294,3682863
downwards_rotate,downwards_sensor_sweep_120-20260625-124815,TesolloDownwardsRotateZ,TesolloDownwardsRotateZ-20260626-033945-downwardsrotatez_sb_propriodelta_s2,proprio.delta,2,7,19,0.95,2.73821,0.0,3.01248,1.30372,0.0,7.05442,3682863
downwards_rotate,downwards_sensor_sweep_120-20260625-124815,TesolloDownwardsRotateZ,TesolloDownwardsRotateZ-20260626-033945-downwardsrotatez_sb_propriodelta_s2,proprio.delta,2,7,20,1.0,3.8461,0.0,2.31282,1.54441,0.0,7.70332,3682863
downwards_rotate,downwards_sensor_sweep_120-20260625-124815,TesolloDownwardsRotateZ,TesolloDownwardsRotateZ-20260626-033945-downwardsrotatez_sb_propriodelta_s2,proprio.delta,2,7,21,1.05,2.79479,0.0,2.66655,1.59986,0.0,7.06121,3682863
downwards_rotate,downwards_sensor_sweep_120-20260625-124815,TesolloDownwardsRotateZ,TesolloDownwardsRotateZ-20260626-033945-downwardsrotatez_sb_propriodelta_s2,proprio.delta,2,7,22,1.1,2.7695,0.0,2.53997,1.96786,0.0,7.27734,3682863
downwards_rotate,downwards_sensor_sweep_120-20260625-124815,TesolloDownwardsRotateZ,TesolloDownwardsRotateZ-20260626-033945-downwardsrotatez_sb_propriodelta_s2,proprio.delta,2,7,23,1.15,4.01025,0.0,1.97996,1.95639,0.0,7.94661,3682863
downwards_rotate,downwards_sensor_sweep_120-20260625-124815,TesolloDownwardsRotateZ,TesolloDownwardsRotateZ-20260626-033945-downwardsrotatez_sb_propriodelta_s2,proprio.delta,2,7,24,1.2,2.82717,0.0,2.33507,2.12772,0.0,7.28995,3682863
downwards_rotate,downwards_sensor_sweep_120-20260625-124815,TesolloDownwardsRotateZ,TesolloDownwardsRotateZ-20260626-033945-downwardsrotatez_sb_propriodelta_s2,proprio.delta,2,7,25,1.25,3.33973,0.0,2.37314,2.6974,0.0,8.41027,3682863
downwards_rotate,downwards_sensor_sweep_120-20260625-124815,TesolloDownwardsRotateZ,TesolloDownwardsRotateZ-20260626-033945-downwardsrotatez_sb_propriodelta_s2,proprio.delta,2,7,26,1.3,1.31452,0.0,0.0,0.0,0.0,1.31452,3682863
downwards_rotate,downwards_sensor_sweep_120-20260625-124815,TesolloDownwardsRotateZ,TesolloDownwardsRotateZ-20260626-033945-downwardsrotatez_sb_propriodelta_s2,proprio.delta,2,7,27,1.35,4.5325,0.0,2.72234,2.13081,0.0,9.38565,3682863
downwards_rotate,downwards_sensor_sweep_120-20260625-124815,TesolloDownwardsRotateZ,TesolloDownwardsRotateZ-20260626-033945-downwardsrotatez_sb_propriodelta_s2,proprio.delta,2,7,28,1.4,4.47929,0.0,2.65255,1.89295,0.0,9.02479,3682863
downwards_rotate,downwards_sensor_sweep_120-20260625-124815,TesolloDownwardsRotateZ,TesolloDownwardsRotateZ-20260626-033945-downwardsrotatez_sb_propriodelta_s2,proprio.delta,2,7,29,1.45,3.29243,0.0,0.0,3.26361,0.0,6.55604,3682863
downwards_rotate,downwards_sensor_sweep_120-20260625-124815,TesolloDownwardsRotateZ,TesolloDownwardsRotateZ-20260626-033945-downwardsrotatez_sb_propriodelta_s2,proprio.delta,2,7,30,1.5,3.43451,0.0,0.0,3.41479,0.0,6.8493,3682863
downwards_rotate,downwards_sensor_sweep_120-20260625-124815,TesolloDownwardsRotateZ,TesolloDownwardsRotateZ-20260626-033945-downwardsrotatez_sb_propriodelta_s2,proprio.delta,2,7,31,1.55,3.36095,0.0,1.28053,3.54793,0.0,8.18941,3682863
downwards_rotate,downwards_sensor_sweep_120-20260625-124815,TesolloDownwardsRotateZ,TesolloDownwardsRotateZ-20260626-033945-downwardsrotatez_sb_propriodelta_s2,proprio.delta,2,7,32,1.6,3.45535,0.0,0.0,3.40283,0.0,6.85818,3682863
downwards_rotate,downwards_sensor_sweep_120-20260625-124815,TesolloDownwardsRotateZ,TesolloDownwardsRotateZ-20260626-033945-downwardsrotatez_sb_propriodelta_s2,proprio.delta,2,7,33,1.65,1.74493,0.0,0.0,3.21331,0.0,4.95824,3682863
downwards_rotate,downwards_sensor_sweep_120-20260625-124815,TesolloDownwardsRotateZ,TesolloDownwardsRotateZ-20260626-033945-downwardsrotatez_sb_propriodelta_s2,proprio.delta,2,7,34,1.7,2.28089,0.0,0.0,3.50324,0.0,5.78413,3682863
downwards_rotate,downwards_sensor_sweep_120-20260625-124815,TesolloDownwardsRotateZ,TesolloDownwardsRotateZ-20260626-033945-downwardsrotatez_sb_propriodelta_s2,proprio.delta,2,7,35,1.75,0.0,0.0,0.0,4.87728,0.0,4.87728,3682863
downwards_rotate,downwards_sensor_sweep_120-20260625-124815,TesolloDownwardsRotateZ,TesolloDownwardsRotateZ-20260626-033945-downwardsrotatez_sb_propriodelta_s2,proprio.delta,2,7,36,1.8,0.0,0.0,0.0,4.67111,0.0,4.67111,3682863
downwards_rotate,downwards_sensor_sweep_120-20260625-124815,TesolloDownwardsRotateZ,TesolloDownwardsRotateZ-20260626-033945-downwardsrotatez_sb_propriodelta_s2,proprio.delta,2,7,37,1.85,0.0,0.0,0.0,4.53954,0.0,4.53954,3682863
downwards_rotate,downwards_sensor_sweep_120-20260625-124815,TesolloDownwardsRotateZ,TesolloDownwardsRotateZ-20260626-033945-downwardsrotatez_sb_propriodelta_s2,proprio.delta,2,7,38,1.9,0.57828,0.0,0.0,3.75854,0.0,4.33681,3682863
downwards_rotate,downwards_sensor_sweep_120-20260625-124815,TesolloDownwardsRotateZ,TesolloDownwardsRotateZ-20260626-033945-downwardsrotatez_sb_propriodelta_s2,proprio.delta,2,7,39,1.95,0.0,0.0,0.0,3.98449,0.0,3.98449,3682863
downwards_rotate,downwards_sensor_sweep_120-20260625-124815,TesolloDownwardsRotateZ,TesolloDownwardsRotateZ-20260626-033945-downwardsrotatez_sb_propriodelta_s2,proprio.delta,2,7,40,2.0,0.0,0.0,0.0,3.94061,0.0,3.94061,3682863
downwards_rotate,downwards_sensor_sweep_120-20260625-124815,TesolloDownwardsRotateZ,TesolloDownwardsRotateZ-20260626-033945-downwardsrotatez_sb_propriodelta_s2,proprio.delta,2,7,41,2.05,0.0,0.0,0.0,3.58213,0.0,3.58213,3682863
downwards_rotate,downwards_sensor_sweep_120-20260625-124815,TesolloDownwardsRotateZ,TesolloDownwardsRotateZ-20260626-033945-downwardsrotatez_sb_propriodelta_s2,proprio.delta,2,7,42,2.1,0.0,0.0,0.0,3.72289,0.0,3.72289,3682863
downwards_rotate,downwards_sensor_sweep_120-20260625-124815,TesolloDownwardsRotateZ,TesolloDownwardsRotateZ-20260626-033945-downwardsrotatez_sb_propriodelta_s2,proprio.delta,2,7,43,2.15,0.0,0.0,0.0,3.43414,0.0,3.43414,3682863
downwards_rotate,downwards_sensor_sweep_120-20260625-124815,TesolloDownwardsRotateZ,TesolloDownwardsRotateZ-20260626-033945-downwardsrotatez_sb_propriodelta_s2,proprio.delta,2,7,44,2.2,0.0,0.0,0.0,3.45297,0.0,3.45297,3682863
downwards_rotate,downwards_sensor_sweep_120-20260625-124815,TesolloDownwardsRotateZ,TesolloDownwardsRotateZ-20260626-033945-downwardsrotatez_sb_propriodelta_s2,proprio.delta,2,7,45,2.25,0.0,0.0,0.0,3.42472,0.0,3.42472,3682863
downwards_rotate,downwards_sensor_sweep_120-20260625-124815,TesolloDownwardsRotateZ,TesolloDownwardsRotateZ-20260626-033945-downwardsrotatez_sb_propriodelta_s2,proprio.delta,2,7,46,2.3,0.0,0.0,0.0,4.35793,0.0,4.35793,3682863
downwards_rotate,downwards_sensor_sweep_120-20260625-124815,TesolloDownwardsRotateZ,TesolloDownwardsRotateZ-20260626-033945-downwardsrotatez_sb_propriodelta_s2,proprio.delta,2,7,47,2.35,0.0,0.0,0.44659,3.23052,0.0,3.67711,3682863
downwards_rotate,downwards_sensor_sweep_120-20260625-124815,TesolloDownwardsRotateZ,TesolloDownwardsRotateZ-20260626-033945-downwardsrotatez_sb_propriodelta_s2,proprio.delta,2,7,48,2.4,0.0,0.0,0.97824,3.15292,0.0,4.13115,3682863
downwards_rotate,downwards_sensor_sweep_120-20260625-124815,TesolloDownwardsRotateZ,TesolloDownwardsRotateZ-20260626-033945-downwardsrotatez_sb_propriodelta_s2,proprio.delta,2,7,49,2.45,0.0,0.0,1.05523,3.2028,0.0,4.25804,3682863
downwards_rotate,downwards_sensor_sweep_120-20260625-124815,TesolloDownwardsRotateZ,TesolloDownwardsRotateZ-20260626-033945-downwardsrotatez_sb_propriodelta_s2,proprio.delta,2,7,50,2.5,0.0,0.0,1.10528,3.2497,0.0,4.35499,3682863
downwards_rotate,downwards_sensor_sweep_120-20260625-124815,TesolloDownwardsRotateZ,TesolloDownwardsRotateZ-20260626-033945-downwardsrotatez_sb_propriodelta_s2,proprio.delta,2,7,51,2.55,0.0,0.0,1.22941,3.28855,0.0,4.51795,3682863
downwards_rotate,downwards_sensor_sweep_120-20260625-124815,TesolloDownwardsRotateZ,TesolloDownwardsRotateZ-20260626-033945-downwardsrotatez_sb_propriodelta_s2,proprio.delta,2,7,52,2.6,0.0,0.0,1.32181,3.38241,0.0,4.70422,3682863
downwards_rotate,downwards_sensor_sweep_120-20260625-124815,TesolloDownwardsRotateZ,TesolloDownwardsRotateZ-20260626-033945-downwardsrotatez_sb_propriodelta_s2,proprio.delta,2,7,53,2.65,0.0,0.0,0.9751,3.52851,0.0,4.5036,3682863
downwards_rotate,downwards_sensor_sweep_120-20260625-124815,TesolloDownwardsRotateZ,TesolloDownwardsRotateZ-20260626-033945-downwardsrotatez_sb_propriodelta_s2,proprio.delta,2,7,54,2.7,0.0,0.0,1.4142,3.5554,0.0,4.96959,3682863
downwards_rotate,downwards_sensor_sweep_120-20260625-124815,TesolloDownwardsRotateZ,TesolloDownwardsRotateZ-20260626-033945-downwardsrotatez_sb_propriodelta_s2,proprio.delta,2,7,55,2.75,0.0,0.0,1.36967,3.53765,0.0,4.90732,3682863
downwards_rotate,downwards_sensor_sweep_120-20260625-124815,TesolloDownwardsRotateZ,TesolloDownwardsRotateZ-20260626-033945-downwardsrotatez_sb_propriodelta_s2,proprio.delta,2,7,56,2.8,0.0,0.0,1.42734,3.13304,0.0,4.56038,3682863
downwards_rotate,downwards_sensor_sweep_120-20260625-124815,TesolloDownwardsRotateZ,TesolloDownwardsRotateZ-20260626-033945-downwardsrotatez_sb_propriodelta_s2,proprio.delta,2,7,57,2.85,0.0,0.0,1.3581,2.93713,0.0,4.29523,3682863
downwards_rotate,downwards_sensor_sweep_120-20260625-124815,TesolloDownwardsRotateZ,TesolloDownwardsRotateZ-20260626-033945-downwardsrotatez_sb_propriodelta_s2,proprio.delta,2,7,58,2.9,0.0,0.0,1.29552,2.9289,0.0,4.22442,3682863
downwards_rotate,downwards_sensor_sweep_120-20260625-124815,TesolloDownwardsRotateZ,TesolloDownwardsRotateZ-20260626-033945-downwardsrotatez_sb_propriodelta_s2,proprio.delta,2,7,59,2.95,0.0,0.0,1.08736,2.8662,0.0,3.95357,3682863
downwards_rotate,downwards_sensor_sweep_120-20260625-124815,TesolloDownwardsRotateZ,TesolloDownwardsRotateZ-20260626-033945-downwardsrotatez_sb_propriodelta_s2,proprio.delta,2,7,60,3.0,0.0,0.0,1.06226,2.25982,0.0,3.32208,3682863
downwards_rotate,downwards_sensor_sweep_120-20260625-124815,TesolloDownwardsRotateZ,TesolloDownwardsRotateZ-20260626-033945-downwardsrotatez_sb_propriodelta_s2,proprio.delta,2,7,61,3.05,0.0,0.0,1.03688,2.29387,0.0,3.33075,3682863
downwards_rotate,downwards_sensor_sweep_120-20260625-124815,TesolloDownwardsRotateZ,TesolloDownwardsRotateZ-20260626-033945-downwardsrotatez_sb_propriodelta_s2,proprio.delta,2,7,62,3.1,0.0,0.0,0.88494,2.74989,0.0,3.63482,3682863
downwards_rotate,downwards_sensor_sweep_120-20260625-124815,TesolloDownwardsRotateZ,TesolloDownwardsRotateZ-20260626-033945-downwardsrotatez_sb_propriodelta_s2,proprio.delta,2,7,63,3.15,0.0,0.0,0.82759,2.68982,0.0,3.51741,3682863
downwards_rotate,downwards_sensor_sweep_120-20260625-124815,TesolloDownwardsRotateZ,TesolloDownwardsRotateZ-20260626-033945-downwardsrotatez_sb_propriodelta_s2,proprio.delta,2,7,64,3.2,0.96163,0.0,2.5894,2.12094,0.0,5.67196,3682863
downwards_rotate,downwards_sensor_sweep_120-20260625-124815,TesolloDownwardsRotateZ,TesolloDownwardsRotateZ-20260626-033945-downwardsrotatez_sb_propriodelta_s2,proprio.delta,2,7,65,3.25,0.71774,0.0,0.41582,2.04505,0.0,3.17862,3682863
downwards_rotate,downwards_sensor_sweep_120-20260625-124815,TesolloDownwardsRotateZ,TesolloDownwardsRotateZ-20260626-033945-downwardsrotatez_sb_propriodelta_s2,proprio.delta,2,7,66,3.3,0.74565,0.0,0.46772,2.1895,0.0,3.40287,3682863
downwards_rotate,downwards_sensor_sweep_120-20260625-124815,TesolloDownwardsRotateZ,TesolloDownwardsRotateZ-20260626-033945-downwardsrotatez_sb_propriodelta_s2,proprio.delta,2,7,67,3.35,0.77438,0.0,0.64395,2.20258,0.0,3.62091,3682863
downwards_rotate,downwards_sensor_sweep_120-20260625-124815,TesolloDownwardsRotateZ,TesolloDownwardsRotateZ-20260626-033945-downwardsrotatez_sb_propriodelta_s2,proprio.delta,2,7,68,3.4,0.78109,0.0,0.57281,2.76075,0.0,4.11465,3682863
downwards_rotate,downwards_sensor_sweep_120-20260625-124815,TesolloDownwardsRotateZ,TesolloDownwardsRotateZ-20260626-033945-downwardsrotatez_sb_propriodelta_s2,proprio.delta,2,7,69,3.45,0.80282,0.0,0.57084,2.76174,0.0,4.1354,3682863
downwards_rotate,downwards_sensor_sweep_120-20260625-124815,TesolloDownwardsRotateZ,TesolloDownwardsRotateZ-20260626-033945-downwardsrotatez_sb_propriodelta_s2,proprio.delta,2,7,70,3.5,0.8082,0.0,0.56114,2.77982,0.0,4.14916,3682863
downwards_rotate,downwards_sensor_sweep_120-20260625-124815,TesolloDownwardsRotateZ,TesolloDownwardsRotateZ-20260626-033945-downwardsrotatez_sb_propriodelta_s2,proprio.delta,2,7,71,3.55,0.83688,0.0,0.5755,2.791,0.0,4.20338,3682863
downwards_rotate,downwards_sensor_sweep_120-20260625-124815,TesolloDownwardsRotateZ,TesolloDownwardsRotateZ-20260626-033945-downwardsrotatez_sb_propriodelta_s2,proprio.delta,2,7,72,3.6,0.8434,0.0,0.59329,2.27245,0.0,3.70915,3682863
downwards_rotate,downwards_sensor_sweep_120-20260625-124815,TesolloDownwardsRotateZ,TesolloDownwardsRotateZ-20260626-033945-downwardsrotatez_sb_propriodelta_s2,proprio.delta,2,7,73,3.65,0.87283,0.0,0.54886,2.38887,0.0,3.81056,3682863
downwards_rotate,downwards_sensor_sweep_120-20260625-124815,TesolloDownwardsRotateZ,TesolloDownwardsRotateZ-20260626-033945-downwardsrotatez_sb_propriodelta_s2,proprio.delta,2,7,74,3.7,0.89269,0.0,0.52033,2.4897,0.0,3.90272,3682863
downwards_rotate,downwards_sensor_sweep_120-20260625-124815,TesolloDownwardsRotateZ,TesolloDownwardsRotateZ-20260626-033945-downwardsrotatez_sb_propriodelta_s2,proprio.delta,2,7,75,3.75,0.92643,0.0,0.49402,2.60485,0.0,4.0253,3682863
downwards_rotate,downwards_sensor_sweep_120-20260625-124815,TesolloDownwardsRotateZ,TesolloDownwardsRotateZ-20260626-033945-downwardsrotatez_sb_propriodelta_s2,proprio.delta,2,7,76,3.8,0.94961,0.0,0.46572,2.68724,0.0,4.10257,3682863
downwards_rotate,downwards_sensor_sweep_120-20260625-124815,TesolloDownwardsRotateZ,TesolloDownwardsRotateZ-20260626-033945-downwardsrotatez_sb_propriodelta_s2,proprio.delta,2,7,77,3.85,0.97239,0.0,0.44002,2.73353,0.0,4.14593,3682863
downwards_rotate,downwards_sensor_sweep_120-20260625-124815,TesolloDownwardsRotateZ,TesolloDownwardsRotateZ-20260626-033945-downwardsrotatez_sb_propriodelta_s2,proprio.delta,2,7,78,3.9,0.99523,0.0,0.40924,2.86822,0.0,4.2727,3682863
downwards_rotate,downwards_sensor_sweep_120-20260625-124815,TesolloDownwardsRotateZ,TesolloDownwardsRotateZ-20260626-033945-downwardsrotatez_sb_propriodelta_s2,proprio.delta,2,7,79,3.95,1.01046,0.0,0.35451,2.93405,0.0,4.29902,3682863
downwards_rotate,downwards_sensor_sweep_120-20260625-124815,TesolloDownwardsRotateZ,TesolloDownwardsRotateZ-20260626-033945-downwardsrotatez_sb_propriodelta_s2,proprio.delta,2,7,80,4.0,1.09688,0.0,0.25215,3.23095,0.0,4.57998,3682863
downwards_rotate,downwards_sensor_sweep_120-20260625-124815,TesolloDownwardsRotateZ,TesolloDownwardsRotateZ-20260626-033945-downwardsrotatez_sb_propriodelta_s2,proprio.delta,2,7,81,4.05,1.115,0.0,0.22902,3.26572,0.0,4.60974,3682863
downwards_rotate,downwards_sensor_sweep_120-20260625-124815,TesolloDownwardsRotateZ,TesolloDownwardsRotateZ-20260626-033945-downwardsrotatez_sb_propriodelta_s2,proprio.delta,2,7,82,4.1,1.13833,0.0,0.20899,3.3151,0.0,4.66242,3682863
downwards_rotate,downwards_sensor_sweep_120-20260625-124815,TesolloDownwardsRotateZ,TesolloDownwardsRotateZ-20260626-033945-downwardsrotatez_sb_propriodelta_s2,proprio.delta,2,7,83,4.15,1.16372,0.0,0.18905,3.33025,0.0,4.68301,3682863
downwards_rotate,downwards_sensor_sweep_120-20260625-124815,TesolloDownwardsRotateZ,TesolloDownwardsRotateZ-20260626-033945-downwardsrotatez_sb_propriodelta_s2,proprio.delta,2,7,84,4.2,1.185,0.0,0.17197,3.34579,0.0,4.70276,3682863
downwards_rotate,downwards_sensor_sweep_120-20260625-124815,TesolloDownwardsRotateZ,TesolloDownwardsRotateZ-20260626-033945-downwardsrotatez_sb_propriodelta_s2,proprio.delta,2,7,85,4.25,1.19983,0.0,0.18782,3.38117,0.0,4.76882,3682863
downwards_rotate,downwards_sensor_sweep_120-20260625-124815,TesolloDownwardsRotateZ,TesolloDownwardsRotateZ-20260626-033945-downwardsrotatez_sb_propriodelta_s2,proprio.delta,2,7,86,4.3,1.21915,0.0,0.13995,3.34938,0.0,4.70848,3682863
downwards_rotate,downwards_sensor_sweep_120-20260625-124815,TesolloDownwardsRotateZ,TesolloDownwardsRotateZ-20260626-033945-downwardsrotatez_sb_propriodelta_s2,proprio.delta,2,7,87,4.35,1.22533,0.0,0.12433,3.34105,0.0,4.69071,3682863
downwards_rotate,downwards_sensor_sweep_120-20260625-124815,TesolloDownwardsRotateZ,TesolloDownwardsRotateZ-20260626-033945-downwardsrotatez_sb_propriodelta_s2,proprio.delta,2,7,88,4.4,1.23708,0.0,0.11562,3.33992,0.0,4.69262,3682863
downwards_rotate,downwards_sensor_sweep_120-20260625-124815,TesolloDownwardsRotateZ,TesolloDownwardsRotateZ-20260626-033945-downwardsrotatez_sb_propriodelta_s2,proprio.delta,2,7,89,4.45,1.25536,0.0,0.10592,3.33716,0.0,4.69845,3682863
downwards_rotate,downwards_sensor_sweep_120-20260625-124815,TesolloDownwardsRotateZ,TesolloDownwardsRotateZ-20260626-033945-downwardsrotatez_sb_propriodelta_s2,proprio.delta,2,7,90,4.5,1.28147,0.0,0.089,3.3218,0.0,4.69228,3682863
downwards_rotate,downwards_sensor_sweep_120-20260625-124815,TesolloDownwardsRotateZ,TesolloDownwardsRotateZ-20260626-033945-downwardsrotatez_sb_propriodelta_s2,proprio.delta,2,7,91,4.55,1.32304,0.0,0.0,3.27962,0.0,4.60266,3682863
downwards_rotate,downwards_sensor_sweep_120-20260625-124815,TesolloDownwardsRotateZ,TesolloDownwardsRotateZ-20260626-033945-downwardsrotatez_sb_propriodelta_s2,proprio.delta,2,7,92,4.6,1.35149,0.0,0.0,3.27786,0.0,4.62934,3682863
downwards_rotate,downwards_sensor_sweep_120-20260625-124815,TesolloDownwardsRotateZ,TesolloDownwardsRotateZ-20260626-033945-downwardsrotatez_sb_propriodelta_s2,proprio.delta,2,7,93,4.65,1.37276,0.0,0.0,3.28033,0.0,4.65309,3682863
downwards_rotate,downwards_sensor_sweep_120-20260625-124815,TesolloDownwardsRotateZ,TesolloDownwardsRotateZ-20260626-033945-downwardsrotatez_sb_propriodelta_s2,proprio.delta,2,7,94,4.7,1.38591,0.0,0.0,3.29456,0.0,4.68047,3682863
downwards_rotate,downwards_sensor_sweep_120-20260625-124815,TesolloDownwardsRotateZ,TesolloDownwardsRotateZ-20260626-033945-downwardsrotatez_sb_propriodelta_s2,proprio.delta,2,7,95,4.75,1.40766,0.0,0.0,3.31067,0.0,4.71833,3682863
downwards_rotate,downwards_sensor_sweep_120-20260625-124815,TesolloDownwardsRotateZ,TesolloDownwardsRotateZ-20260626-033945-downwardsrotatez_sb_propriodelta_s2,proprio.delta,2,7,96,4.8,1.46429,0.0,0.0,3.30584,0.0,4.77013,3682863
downwards_rotate,downwards_sensor_sweep_120-20260625-124815,TesolloDownwardsRotateZ,TesolloDownwardsRotateZ-20260626-033945-downwardsrotatez_sb_propriodelta_s2,proprio.delta,2,7,97,4.85,1.47545,0.0,0.0,3.33156,0.0,4.80701,3682863
downwards_rotate,downwards_sensor_sweep_120-20260625-124815,TesolloDownwardsRotateZ,TesolloDownwardsRotateZ-20260626-033945-downwardsrotatez_sb_propriodelta_s2,proprio.delta,2,7,98,4.9,1.51134,0.0,0.0,3.33799,0.0,4.84933,3682863
downwards_rotate,downwards_sensor_sweep_120-20260625-124815,TesolloDownwardsRotateZ,TesolloDownwardsRotateZ-20260626-033945-downwardsrotatez_sb_propriodelta_s2,proprio.delta,2,7,99,4.95,1.56209,0.0,0.0,3.33278,0.0,4.89487,3682863
downwards_rotate,downwards_sensor_sweep_120-20260625-124815,TesolloDownwardsRotateZ,TesolloDownwardsRotateZ-20260626-033945-downwardsrotatez_sb_propriodelta_s2,proprio.delta,2,7,100,5.0,1.59526,0.0,0.0,3.33978,0.0,4.93504,3682863
downwards_rotate,downwards_sensor_sweep_120-20260625-124815,TesolloDownwardsRotateZ,TesolloDownwardsRotateZ-20260626-033945-downwardsrotatez_sb_propriodelta_s2,proprio.delta,2,7,101,5.05,1.61238,0.0,0.0,3.35417,0.0,4.96655,3682863
downwards_rotate,downwards_sensor_sweep_120-20260625-124815,TesolloDownwardsRotateZ,TesolloDownwardsRotateZ-20260626-033945-downwardsrotatez_sb_propriodelta_s2,proprio.delta,2,7,102,5.1,1.63258,0.0,0.0,3.36097,0.0,4.99354,3682863
downwards_rotate,downwards_sensor_sweep_120-20260625-124815,TesolloDownwardsRotateZ,TesolloDownwardsRotateZ-20260626-033945-downwardsrotatez_sb_propriodelta_s2,proprio.delta,2,7,103,5.15,1.54089,0.0,0.0,3.3714,0.0,4.91229,3682863
downwards_rotate,downwards_sensor_sweep_120-20260625-124815,TesolloDownwardsRotateZ,TesolloDownwardsRotateZ-20260626-033945-downwardsrotatez_sb_propriodelta_s2,proprio.delta,2,7,104,5.2,1.53526,0.0,0.0,3.37521,0.0,4.91046,3682863
downwards_rotate,downwards_sensor_sweep_120-20260625-124815,TesolloDownwardsRotateZ,TesolloDownwardsRotateZ-20260626-033945-downwardsrotatez_sb_propriodelta_s2,proprio.delta,2,7,105,5.25,1.54509,0.0,0.0,3.38274,0.0,4.92783,3682863
downwards_rotate,downwards_sensor_sweep_120-20260625-124815,TesolloDownwardsRotateZ,TesolloDownwardsRotateZ-20260626-033945-downwardsrotatez_sb_propriodelta_s2,proprio.delta,2,7,106,5.3,1.5443,0.0,0.0,3.38296,0.0,4.92726,3682863
downwards_rotate,downwards_sensor_sweep_120-20260625-124815,TesolloDownwardsRotateZ,TesolloDownwardsRotateZ-20260626-033945-downwardsrotatez_sb_propriodelta_s2,proprio.delta,2,7,107,5.35,1.5526,0.0,0.0,3.38734,0.0,4.93994,3682863
downwards_rotate,downwards_sensor_sweep_120-20260625-124815,TesolloDownwardsRotateZ,TesolloDownwardsRotateZ-20260626-033945-downwardsrotatez_sb_propriodelta_s2,proprio.delta,2,7,108,5.4,1.55805,0.0,0.0,3.39149,0.0,4.94954,3682863
downwards_rotate,downwards_sensor_sweep_120-20260625-124815,TesolloDownwardsRotateZ,TesolloDownwardsRotateZ-20260626-033945-downwardsrotatez_sb_propriodelta_s2,proprio.delta,2,7,109,5.45,1.57399,0.0,0.0,3.39333,0.0,4.96732,3682863
downwards_rotate,downwards_sensor_sweep_120-20260625-124815,TesolloDownwardsRotateZ,TesolloDownwardsRotateZ-20260626-033945-downwardsrotatez_sb_propriodelta_s2,proprio.delta,2,7,110,5.5,1.59456,0.0,0.0,3.39554,0.0,4.9901,3682863
downwards_rotate,downwards_sensor_sweep_120-20260625-124815,TesolloDownwardsRotateZ,TesolloDownwardsRotateZ-20260626-033945-downwardsrotatez_sb_propriodelta_s2,proprio.delta,2,7,111,5.55,1.6154,0.0,0.0,3.39528,0.0,5.01067,3682863
downwards_rotate,downwards_sensor_sweep_120-20260625-124815,TesolloDownwardsRotateZ,TesolloDownwardsRotateZ-20260626-033945-downwardsrotatez_sb_propriodelta_s2,proprio.delta,2,7,112,5.6,1.6369,0.0,0.0,3.39446,0.0,5.03135,3682863
downwards_rotate,downwards_sensor_sweep_120-20260625-124815,TesolloDownwardsRotateZ,TesolloDownwardsRotateZ-20260626-033945-downwardsrotatez_sb_propriodelta_s2,proprio.delta,2,7,113,5.65,1.65841,0.0,0.0,3.38888,0.0,5.04728,3682863
downwards_rotate,downwards_sensor_sweep_120-20260625-124815,TesolloDownwardsRotateZ,TesolloDownwardsRotateZ-20260626-033945-downwardsrotatez_sb_propriodelta_s2,proprio.delta,2,7,114,5.7,1.66353,0.0,0.0,3.37523,0.0,5.03877,3682863
downwards_rotate,downwards_sensor_sweep_120-20260625-124815,TesolloDownwardsRotateZ,TesolloDownwardsRotateZ-20260626-033945-downwardsrotatez_sb_propriodelta_s2,proprio.delta,2,7,115,5.75,1.67845,0.0,0.0,3.3686,0.0,5.04705,3682863
downwards_rotate,downwards_sensor_sweep_120-20260625-124815,TesolloDownwardsRotateZ,TesolloDownwardsRotateZ-20260626-033945-downwardsrotatez_sb_propriodelta_s2,proprio.delta,2,7,116,5.8,1.69686,0.0,0.0,3.33978,0.0,5.03664,3682863
downwards_rotate,downwards_sensor_sweep_120-20260625-124815,TesolloDownwardsRotateZ,TesolloDownwardsRotateZ-20260626-033945-downwardsrotatez_sb_propriodelta_s2,proprio.delta,2,7,117,5.85,1.71188,0.0,0.0,3.35384,0.0,5.06573,3682863
downwards_rotate,downwards_sensor_sweep_120-20260625-124815,TesolloDownwardsRotateZ,TesolloDownwardsRotateZ-20260626-033945-downwardsrotatez_sb_propriodelta_s2,proprio.delta,2,7,118,5.9,1.73229,0.0,0.0,3.3181,0.0,5.05039,3682863
downwards_rotate,downwards_sensor_sweep_120-20260625-124815,TesolloDownwardsRotateZ,TesolloDownwardsRotateZ-20260626-033945-downwardsrotatez_sb_propriodelta_s2,proprio.delta,2,7,119,5.95,1.75483,0.0,0.0,3.33648,0.0,5.0913,3682863
downwards_rotate,downwards_sensor_sweep_120-20260625-124815,TesolloDownwardsRotateZ,TesolloDownwardsRotateZ-20260625-124824-downwardsrotatez_sb_forcemagnitude_s0,force.magnitude,0,0,0,0.0,0.0,0.0,0.0,0.0,0.0,0.0,3682863
downwards_rotate,downwards_sensor_sweep_120-20260625-124815,TesolloDownwardsRotateZ,TesolloDownwardsRotateZ-20260625-124824-downwardsrotatez_sb_forcemagnitude_s0,force.magnitude,0,0,1,0.05,0.0,0.0,0.0,0.0,2.7999,2.7999,3682863
downwards_rotate,downwards_sensor_sweep_120-20260625-124815,TesolloDownwardsRotateZ,TesolloDownwardsRotateZ-20260625-124824-downwardsrotatez_sb_forcemagnitude_s0,force.magnitude,0,0,2,0.1,0.0,0.0,0.0,0.0,2.9033,2.9033,3682863
downwards_rotate,downwards_sensor_sweep_120-20260625-124815,TesolloDownwardsRotateZ,TesolloDownwardsRotateZ-20260625-124824-downwardsrotatez_sb_forcemagnitude_s0,force.magnitude,0,0,3,0.15,0.0,0.0,0.0,0.0,3.20437,3.20437,3682863
downwards_rotate,downwards_sensor_sweep_120-20260625-124815,TesolloDownwardsRotateZ,TesolloDownwardsRotateZ-20260625-124824-downwardsrotatez_sb_forcemagnitude_s0,force.magnitude,0,0,4,0.2,0.0,0.0,0.0,0.0,3.507,3.507,3682863
downwards_rotate,downwards_sensor_sweep_120-20260625-124815,TesolloDownwardsRotateZ,TesolloDownwardsRotateZ-20260625-124824-downwardsrotatez_sb_forcemagnitude_s0,force.magnitude,0,0,5,0.25,0.0,0.0,0.0,0.0,4.44437,4.44437,3682863
downwards_rotate,downwards_sensor_sweep_120-20260625-124815,TesolloDownwardsRotateZ,TesolloDownwardsRotateZ-20260625-124824-downwardsrotatez_sb_forcemagnitude_s0,force.magnitude,0,0,6,0.3,0.0,0.0,0.0,3.52136,2.31712,5.83848,3682863
downwards_rotate,downwards_sensor_sweep_120-20260625-124815,TesolloDownwardsRotateZ,TesolloDownwardsRotateZ-20260625-124824-downwardsrotatez_sb_forcemagnitude_s0,force.magnitude,0,0,7,0.35,2.05974,0.0,0.0,4.1505,1.77023,7.98047,3682863
downwards_rotate,downwards_sensor_sweep_120-20260625-124815,TesolloDownwardsRotateZ,TesolloDownwardsRotateZ-20260625-124824-downwardsrotatez_sb_forcemagnitude_s0,force.magnitude,0,0,8,0.4,1.32912,0.0,0.0,3.64634,0.0,4.97546,3682863
downwards_rotate,downwards_sensor_sweep_120-20260625-124815,TesolloDownwardsRotateZ,TesolloDownwardsRotateZ-20260625-124824-downwardsrotatez_sb_forcemagnitude_s0,force.magnitude,0,0,9,0.45,2.75574,0.60554,0.0,2.97854,0.0,6.33982,3682863
downwards_rotate,downwards_sensor_sweep_120-20260625-124815,TesolloDownwardsRotateZ,TesolloDownwardsRotateZ-20260625-124824-downwardsrotatez_sb_forcemagnitude_s0,force.magnitude,0,0,10,0.5,2.32026,0.52887,1.09172,1.78767,0.0,5.72853,3682863
downwards_rotate,downwards_sensor_sweep_120-20260625-124815,TesolloDownwardsRotateZ,TesolloDownwardsRotateZ-20260625-124824-downwardsrotatez_sb_forcemagnitude_s0,force.magnitude,0,0,11,0.55,1.89495,0.0,1.29247,2.39096,0.0,5.57838,3682863
downwards_rotate,downwards_sensor_sweep_120-20260625-124815,TesolloDownwardsRotateZ,TesolloDownwardsRotateZ-20260625-124824-downwardsrotatez_sb_forcemagnitude_s0,force.magnitude,0,0,12,0.6,0.0,0.0,1.29336,1.78015,0.0,3.07351,3682863
downwards_rotate,downwards_sensor_sweep_120-20260625-124815,TesolloDownwardsRotateZ,TesolloDownwardsRotateZ-20260625-124824-downwardsrotatez_sb_forcemagnitude_s0,force.magnitude,0,0,13,0.65,0.0,0.0,0.0,3.10855,0.0,3.10855,3682863
downwards_rotate,downwards_sensor_sweep_120-20260625-124815,TesolloDownwardsRotateZ,TesolloDownwardsRotateZ-20260625-124824-downwardsrotatez_sb_forcemagnitude_s0,force.magnitude,0,0,14,0.7,0.0,0.0,0.0,4.74688,0.0,4.74688,3682863
downwards_rotate,downwards_sensor_sweep_120-20260625-124815,TesolloDownwardsRotateZ,TesolloDownwardsRotateZ-20260625-124824-downwardsrotatez_sb_forcemagnitude_s0,force.magnitude,0,0,15,0.75,0.0,0.0,0.0,4.46693,0.0,4.46693,3682863
downwards_rotate,downwards_sensor_sweep_120-20260625-124815,TesolloDownwardsRotateZ,TesolloDownwardsRotateZ-20260625-124824-downwardsrotatez_sb_forcemagnitude_s0,force.magnitude,0,0,16,0.8,1.3121,0.94441,0.0,3.24102,0.0,5.49753,3682863
downwards_rotate,downwards_sensor_sweep_120-20260625-124815,TesolloDownwardsRotateZ,TesolloDownwardsRotateZ-20260625-124824-downwardsrotatez_sb_forcemagnitude_s0,force.magnitude,0,0,17,0.85,1.40402,0.62405,0.0,3.59629,0.0,5.62436,3682863
downwards_rotate,downwards_sensor_sweep_120-20260625-124815,TesolloDownwardsRotateZ,TesolloDownwardsRotateZ-20260625-124824-downwardsrotatez_sb_forcemagnitude_s0,force.magnitude,0,0,18,0.9,1.96894,0.29585,0.0,3.71208,0.0,5.97686,3682863
downwards_rotate,downwards_sensor_sweep_120-20260625-124815,TesolloDownwardsRotateZ,TesolloDownwardsRotateZ-20260625-124824-downwardsrotatez_sb_forcemagnitude_s0,force.magnitude,0,0,19,0.95,2.17333,0.89306,0.0,4.16333,0.0,7.22972,3682863
downwards_rotate,downwards_sensor_sweep_120-20260625-124815,TesolloDownwardsRotateZ,TesolloDownwardsRotateZ-20260625-124824-downwardsrotatez_sb_forcemagnitude_s0,force.magnitude,0,0,20,1.0,2.57083,0.0,0.0,3.68803,0.0,6.25886,3682863
downwards_rotate,downwards_sensor_sweep_120-20260625-124815,TesolloDownwardsRotateZ,TesolloDownwardsRotateZ-20260625-124824-downwardsrotatez_sb_forcemagnitude_s0,force.magnitude,0,0,21,1.05,2.68179,0.0,1.06776,2.3824,0.0,6.13196,3682863
downwards_rotate,downwards_sensor_sweep_120-20260625-124815,TesolloDownwardsRotateZ,TesolloDownwardsRotateZ-20260625-124824-downwardsrotatez_sb_forcemagnitude_s0,force.magnitude,0,0,22,1.1,2.65963,0.0,1.39118,1.75695,0.0,5.80776,3682863
downwards_rotate,downwards_sensor_sweep_120-20260625-124815,TesolloDownwardsRotateZ,TesolloDownwardsRotateZ-20260625-124824-downwardsrotatez_sb_forcemagnitude_s0,force.magnitude,0,0,23,1.15,2.72874,0.0,1.69235,1.37937,0.0,5.80046,3682863
downwards_rotate,downwards_sensor_sweep_120-20260625-124815,TesolloDownwardsRotateZ,TesolloDownwardsRotateZ-20260625-124824-downwardsrotatez_sb_forcemagnitude_s0,force.magnitude,0,0,24,1.2,2.82562,0.0,1.99326,1.11169,0.0,5.93057,3682863
downwards_rotate,downwards_sensor_sweep_120-20260625-124815,TesolloDownwardsRotateZ,TesolloDownwardsRotateZ-20260625-124824-downwardsrotatez_sb_forcemagnitude_s0,force.magnitude,0,0,25,1.25,2.9087,0.0,2.19679,1.00026,0.0,6.10575,3682863
downwards_rotate,downwards_sensor_sweep_120-20260625-124815,TesolloDownwardsRotateZ,TesolloDownwardsRotateZ-20260625-124824-downwardsrotatez_sb_forcemagnitude_s0,force.magnitude,0,0,26,1.3,2.9858,0.0,2.38974,0.88045,0.0,6.25599,3682863
downwards_rotate,downwards_sensor_sweep_120-20260625-124815,TesolloDownwardsRotateZ,TesolloDownwardsRotateZ-20260625-124824-downwardsrotatez_sb_forcemagnitude_s0,force.magnitude,0,0,27,1.35,3.33892,0.0,2.7035,1.09905,0.0,7.14148,3682863
downwards_rotate,downwards_sensor_sweep_120-20260625-124815,TesolloDownwardsRotateZ,TesolloDownwardsRotateZ-20260625-124824-downwardsrotatez_sb_forcemagnitude_s0,force.magnitude,0,0,28,1.4,3.53331,0.0,2.80757,1.22078,0.0,7.56166,3682863
downwards_rotate,downwards_sensor_sweep_120-20260625-124815,TesolloDownwardsRotateZ,TesolloDownwardsRotateZ-20260625-124824-downwardsrotatez_sb_forcemagnitude_s0,force.magnitude,0,0,29,1.45,3.45496,0.0,3.07734,1.14791,0.0,7.68021,3682863
downwards_rotate,downwards_sensor_sweep_120-20260625-124815,TesolloDownwardsRotateZ,TesolloDownwardsRotateZ-20260625-124824-downwardsrotatez_sb_forcemagnitude_s0,force.magnitude,0,0,30,1.5,3.50146,0.0,3.1172,1.14766,0.0,7.76633,3682863
downwards_rotate,downwards_sensor_sweep_120-20260625-124815,TesolloDownwardsRotateZ,TesolloDownwardsRotateZ-20260625-124824-downwardsrotatez_sb_forcemagnitude_s0,force.magnitude,0,0,31,1.55,3.47376,0.0,3.12025,1.09814,0.0,7.69215,3682863
downwards_rotate,downwards_sensor_sweep_120-20260625-124815,TesolloDownwardsRotateZ,TesolloDownwardsRotateZ-20260625-124824-downwardsrotatez_sb_forcemagnitude_s0,force.magnitude,0,0,32,1.6,3.45476,0.0,3.12173,1.06655,0.0,7.64304,3682863
downwards_rotate,downwards_sensor_sweep_120-20260625-124815,TesolloDownwardsRotateZ,TesolloDownwardsRotateZ-20260625-124824-downwardsrotatez_sb_forcemagnitude_s0,force.magnitude,0,0,33,1.65,3.42876,0.0,3.12101,1.03491,0.0,7.58468,3682863
downwards_rotate,downwards_sensor_sweep_120-20260625-124815,TesolloDownwardsRotateZ,TesolloDownwardsRotateZ-20260625-124824-downwardsrotatez_sb_forcemagnitude_s0,force.magnitude,0,0,34,1.7,3.41973,0.0,3.12115,1.02362,0.0,7.5645,3682863
downwards_rotate,downwards_sensor_sweep_120-20260625-124815,TesolloDownwardsRotateZ,TesolloDownwardsRotateZ-20260625-124824-downwardsrotatez_sb_forcemagnitude_s0,force.magnitude,0,0,35,1.75,3.42526,0.0,3.12324,1.03289,0.0,7.58139,3682863
downwards_rotate,downwards_sensor_sweep_120-20260625-124815,TesolloDownwardsRotateZ,TesolloDownwardsRotateZ-20260625-124824-downwardsrotatez_sb_forcemagnitude_s0,force.magnitude,0,0,36,1.8,3.35156,0.0,3.12341,1.06308,0.0,7.53805,3682863
downwards_rotate,downwards_sensor_sweep_120-20260625-124815,TesolloDownwardsRotateZ,TesolloDownwardsRotateZ-20260625-124824-downwardsrotatez_sb_forcemagnitude_s0,force.magnitude,0,0,37,1.85,3.33713,0.0,3.12563,1.07676,0.0,7.53952,3682863
downwards_rotate,downwards_sensor_sweep_120-20260625-124815,TesolloDownwardsRotateZ,TesolloDownwardsRotateZ-20260625-124824-downwardsrotatez_sb_forcemagnitude_s0,force.magnitude,0,0,38,1.9,3.31605,0.0,3.12759,1.08114,0.0,7.52478,3682863
downwards_rotate,downwards_sensor_sweep_120-20260625-124815,TesolloDownwardsRotateZ,TesolloDownwardsRotateZ-20260625-124824-downwardsrotatez_sb_forcemagnitude_s0,force.magnitude,0,0,39,1.95,3.29488,0.0,3.12831,1.08907,0.0,7.51226,3682863
downwards_rotate,downwards_sensor_sweep_120-20260625-124815,TesolloDownwardsRotateZ,TesolloDownwardsRotateZ-20260625-124824-downwardsrotatez_sb_forcemagnitude_s0,force.magnitude,0,0,40,2.0,3.27887,0.0,3.12553,1.10839,0.0,7.51278,3682863
downwards_rotate,downwards_sensor_sweep_120-20260625-124815,TesolloDownwardsRotateZ,TesolloDownwardsRotateZ-20260625-124824-downwardsrotatez_sb_forcemagnitude_s0,force.magnitude,0,0,41,2.05,3.27051,0.0,3.13181,1.12683,0.0,7.52915,3682863
downwards_rotate,downwards_sensor_sweep_120-20260625-124815,TesolloDownwardsRotateZ,TesolloDownwardsRotateZ-20260625-124824-downwardsrotatez_sb_forcemagnitude_s0,force.magnitude,0,0,42,2.1,3.2664,0.0,3.16116,1.13849,0.0,7.56604,3682863
downwards_rotate,downwards_sensor_sweep_120-20260625-124815,TesolloDownwardsRotateZ,TesolloDownwardsRotateZ-20260625-124824-downwardsrotatez_sb_forcemagnitude_s0,force.magnitude,0,0,43,2.15,3.26055,0.0,3.17244,1.14983,0.0,7.58281,3682863
downwards_rotate,downwards_sensor_sweep_120-20260625-124815,TesolloDownwardsRotateZ,TesolloDownwardsRotateZ-20260625-124824-downwardsrotatez_sb_forcemagnitude_s0,force.magnitude,0,0,44,2.2,3.257,0.0,3.18141,1.15664,0.0,7.59505,3682863
downwards_rotate,downwards_sensor_sweep_120-20260625-124815,TesolloDownwardsRotateZ,TesolloDownwardsRotateZ-20260625-124824-downwardsrotatez_sb_forcemagnitude_s0,force.magnitude,0,0,45,2.25,3.25572,0.0,3.1905,1.16171,0.0,7.60793,3682863
downwards_rotate,downwards_sensor_sweep_120-20260625-124815,TesolloDownwardsRotateZ,TesolloDownwardsRotateZ-20260625-124824-downwardsrotatez_sb_forcemagnitude_s0,force.magnitude,0,0,46,2.3,3.25569,0.0,3.19922,1.16128,0.0,7.61619,3682863
downwards_rotate,downwards_sensor_sweep_120-20260625-124815,TesolloDownwardsRotateZ,TesolloDownwardsRotateZ-20260625-124824-downwardsrotatez_sb_forcemagnitude_s0,force.magnitude,0,0,47,2.35,3.26141,0.0,3.19446,1.07882,0.0,7.53469,3682863
downwards_rotate,downwards_sensor_sweep_120-20260625-124815,TesolloDownwardsRotateZ,TesolloDownwardsRotateZ-20260625-124824-downwardsrotatez_sb_forcemagnitude_s0,force.magnitude,0,0,48,2.4,3.28254,0.0,3.21315,1.06504,0.0,7.56072,3682863
downwards_rotate,downwards_sensor_sweep_120-20260625-124815,TesolloDownwardsRotateZ,TesolloDownwardsRotateZ-20260625-124824-downwardsrotatez_sb_forcemagnitude_s0,force.magnitude,0,0,49,2.45,3.28729,0.0,3.23064,1.05669,0.0,7.57462,3682863
downwards_rotate,downwards_sensor_sweep_120-20260625-124815,TesolloDownwardsRotateZ,TesolloDownwardsRotateZ-20260625-124824-downwardsrotatez_sb_forcemagnitude_s0,force.magnitude,0,0,50,2.5,3.27877,0.0,3.2433,1.05237,0.0,7.57444,3682863
downwards_rotate,downwards_sensor_sweep_120-20260625-124815,TesolloDownwardsRotateZ,TesolloDownwardsRotateZ-20260625-124824-downwardsrotatez_sb_forcemagnitude_s0,force.magnitude,0,0,51,2.55,3.26567,0.14347,3.25353,1.0457,0.0,7.70837,3682863
downwards_rotate,downwards_sensor_sweep_120-20260625-124815,TesolloDownwardsRotateZ,TesolloDownwardsRotateZ-20260625-124824-downwardsrotatez_sb_forcemagnitude_s0,force.magnitude,0,0,52,2.6,3.2295,0.20078,3.25928,1.06959,0.0,7.75916,3682863
downwards_rotate,downwards_sensor_sweep_120-20260625-124815,TesolloDownwardsRotateZ,TesolloDownwardsRotateZ-20260625-124824-downwardsrotatez_sb_forcemagnitude_s0,force.magnitude,0,0,53,2.65,3.19808,0.24981,3.26692,1.10799,0.0,7.8228,3682863
downwards_rotate,downwards_sensor_sweep_120-20260625-124815,TesolloDownwardsRotateZ,TesolloDownwardsRotateZ-20260625-124824-downwardsrotatez_sb_forcemagnitude_s0,force.magnitude,0,0,54,2.7,3.16971,0.28618,3.25619,1.11768,0.0,7.82976,3682863
downwards_rotate,downwards_sensor_sweep_120-20260625-124815,TesolloDownwardsRotateZ,TesolloDownwardsRotateZ-20260625-124824-downwardsrotatez_sb_forcemagnitude_s0,force.magnitude,0,0,55,2.75,3.14555,0.32105,3.23833,1.11755,0.0,7.82249,3682863
downwards_rotate,downwards_sensor_sweep_120-20260625-124815,TesolloDownwardsRotateZ,TesolloDownwardsRotateZ-20260625-124824-downwardsrotatez_sb_forcemagnitude_s0,force.magnitude,0,0,56,2.8,3.12488,0.31095,3.23455,1.12604,0.0,7.79642,3682863
downwards_rotate,downwards_sensor_sweep_120-20260625-124815,TesolloDownwardsRotateZ,TesolloDownwardsRotateZ-20260625-124824-downwardsrotatez_sb_forcemagnitude_s0,force.magnitude,0,0,57,2.85,3.08927,0.28307,3.14738,1.20227,0.0,7.72199,3682863
downwards_rotate,downwards_sensor_sweep_120-20260625-124815,TesolloDownwardsRotateZ,TesolloDownwardsRotateZ-20260625-124824-downwardsrotatez_sb_forcemagnitude_s0,force.magnitude,0,0,58,2.9,3.06333,0.21409,3.15833,1.24487,0.0,7.68062,3682863
downwards_rotate,downwards_sensor_sweep_120-20260625-124815,TesolloDownwardsRotateZ,TesolloDownwardsRotateZ-20260625-124824-downwardsrotatez_sb_forcemagnitude_s0,force.magnitude,0,0,59,2.95,3.06904,0.0,3.16928,1.28069,0.0,7.51901,3682863
downwards_rotate,downwards_sensor_sweep_120-20260625-124815,TesolloDownwardsRotateZ,TesolloDownwardsRotateZ-20260625-124824-downwardsrotatez_sb_forcemagnitude_s0,force.magnitude,0,0,60,3.0,3.07941,0.0,3.18791,1.25937,0.0,7.52669,3682863
downwards_rotate,downwards_sensor_sweep_120-20260625-124815,TesolloDownwardsRotateZ,TesolloDownwardsRotateZ-20260625-124824-downwardsrotatez_sb_forcemagnitude_s0,force.magnitude,0,0,61,3.05,3.09419,0.0,3.18599,1.24011,0.0,7.52029,3682863
downwards_rotate,downwards_sensor_sweep_120-20260625-124815,TesolloDownwardsRotateZ,TesolloDownwardsRotateZ-20260625-124824-downwardsrotatez_sb_forcemagnitude_s0,force.magnitude,0,0,62,3.1,3.11693,0.0,3.18877,1.20537,0.0,7.51107,3682863
downwards_rotate,downwards_sensor_sweep_120-20260625-124815,TesolloDownwardsRotateZ,TesolloDownwardsRotateZ-20260625-124824-downwardsrotatez_sb_forcemagnitude_s0,force.magnitude,0,0,63,3.15,3.14364,0.0,3.19418,1.17866,0.0,7.51648,3682863
downwards_rotate,downwards_sensor_sweep_120-20260625-124815,TesolloDownwardsRotateZ,TesolloDownwardsRotateZ-20260625-124824-downwardsrotatez_sb_forcemagnitude_s0,force.magnitude,0,0,64,3.2,3.17021,0.0,3.20012,1.15802,0.0,7.52835,3682863
downwards_rotate,downwards_sensor_sweep_120-20260625-124815,TesolloDownwardsRotateZ,TesolloDownwardsRotateZ-20260625-124824-downwardsrotatez_sb_forcemagnitude_s0,force.magnitude,0,0,65,3.25,3.20503,0.0,3.20683,1.13276,0.0,7.54462,3682863
downwards_rotate,downwards_sensor_sweep_120-20260625-124815,TesolloDownwardsRotateZ,TesolloDownwardsRotateZ-20260625-124824-downwardsrotatez_sb_forcemagnitude_s0,force.magnitude,0,0,66,3.3,3.23029,0.0,3.21343,1.113,0.0,7.55672,3682863
downwards_rotate,downwards_sensor_sweep_120-20260625-124815,TesolloDownwardsRotateZ,TesolloDownwardsRotateZ-20260625-124824-downwardsrotatez_sb_forcemagnitude_s0,force.magnitude,0,0,67,3.35,3.31912,0.0,3.22061,1.05713,0.0,7.59685,3682863
downwards_rotate,downwards_sensor_sweep_120-20260625-124815,TesolloDownwardsRotateZ,TesolloDownwardsRotateZ-20260625-124824-downwardsrotatez_sb_forcemagnitude_s0,force.magnitude,0,0,68,3.4,3.31993,0.0,3.23449,1.04841,0.0,7.60283,3682863
downwards_rotate,downwards_sensor_sweep_120-20260625-124815,TesolloDownwardsRotateZ,TesolloDownwardsRotateZ-20260625-124824-downwardsrotatez_sb_forcemagnitude_s0,force.magnitude,0,0,69,3.45,3.31728,0.0,3.24209,1.04512,0.0,7.60449,3682863
downwards_rotate,downwards_sensor_sweep_120-20260625-124815,TesolloDownwardsRotateZ,TesolloDownwardsRotateZ-20260625-124824-downwardsrotatez_sb_forcemagnitude_s0,force.magnitude,0,0,70,3.5,3.31474,0.0,3.24901,1.04329,0.0,7.60703,3682863
downwards_rotate,downwards_sensor_sweep_120-20260625-124815,TesolloDownwardsRotateZ,TesolloDownwardsRotateZ-20260625-124824-downwardsrotatez_sb_forcemagnitude_s0,force.magnitude,0,0,71,3.55,3.31131,0.0,3.2544,1.04324,0.0,7.60895,3682863
downwards_rotate,downwards_sensor_sweep_120-20260625-124815,TesolloDownwardsRotateZ,TesolloDownwardsRotateZ-20260625-124824-downwardsrotatez_sb_forcemagnitude_s0,force.magnitude,0,0,72,3.6,3.30685,0.0,3.25904,1.04401,0.0,7.6099,3682863
downwards_rotate,downwards_sensor_sweep_120-20260625-124815,TesolloDownwardsRotateZ,TesolloDownwardsRotateZ-20260625-124824-downwardsrotatez_sb_forcemagnitude_s0,force.magnitude,0,0,73,3.65,3.23095,0.15943,3.25421,1.06537,0.0,7.70996,3682863
downwards_rotate,downwards_sensor_sweep_120-20260625-124815,TesolloDownwardsRotateZ,TesolloDownwardsRotateZ-20260625-124824-downwardsrotatez_sb_forcemagnitude_s0,force.magnitude,0,0,74,3.7,3.18194,0.12829,3.2637,1.10157,0.0,7.67549,3682863
downwards_rotate,downwards_sensor_sweep_120-20260625-124815,TesolloDownwardsRotateZ,TesolloDownwardsRotateZ-20260625-124824-downwardsrotatez_sb_forcemagnitude_s0,force.magnitude,0,0,75,3.75,3.13131,0.14668,3.25838,1.11735,0.0,7.65373,3682863
downwards_rotate,downwards_sensor_sweep_120-20260625-124815,TesolloDownwardsRotateZ,TesolloDownwardsRotateZ-20260625-124824-downwardsrotatez_sb_forcemagnitude_s0,force.magnitude,0,0,76,3.8,3.0776,0.18448,3.25391,1.11937,0.0,7.63536,3682863
downwards_rotate,downwards_sensor_sweep_120-20260625-124815,TesolloDownwardsRotateZ,TesolloDownwardsRotateZ-20260625-124824-downwardsrotatez_sb_forcemagnitude_s0,force.magnitude,0,0,77,3.85,3.02362,0.23003,3.2494,1.11447,0.0,7.61751,3682863
downwards_rotate,downwards_sensor_sweep_120-20260625-124815,TesolloDownwardsRotateZ,TesolloDownwardsRotateZ-20260625-124824-downwardsrotatez_sb_forcemagnitude_s0,force.magnitude,0,0,78,3.9,2.96577,0.28367,3.24469,1.10748,0.0,7.60161,3682863
downwards_rotate,downwards_sensor_sweep_120-20260625-124815,TesolloDownwardsRotateZ,TesolloDownwardsRotateZ-20260625-124824-downwardsrotatez_sb_forcemagnitude_s0,force.magnitude,0,0,79,3.95,2.93108,0.34372,3.19217,1.11174,0.0,7.57871,3682863
downwards_rotate,downwards_sensor_sweep_120-20260625-124815,TesolloDownwardsRotateZ,TesolloDownwardsRotateZ-20260625-124824-downwardsrotatez_sb_forcemagnitude_s0,force.magnitude,0,0,80,4.0,2.90601,0.39231,3.12791,1.12897,0.0,7.55519,3682863
downwards_rotate,downwards_sensor_sweep_120-20260625-124815,TesolloDownwardsRotateZ,TesolloDownwardsRotateZ-20260625-124824-downwardsrotatez_sb_forcemagnitude_s0,force.magnitude,0,0,81,4.05,2.874,0.40469,3.11353,1.13651,0.0,7.52875,3682863
downwards_rotate,downwards_sensor_sweep_120-20260625-124815,TesolloDownwardsRotateZ,TesolloDownwardsRotateZ-20260625-124824-downwardsrotatez_sb_forcemagnitude_s0,force.magnitude,0,0,82,4.1,2.84958,0.37208,3.12503,1.15635,0.0,7.50302,3682863
downwards_rotate,downwards_sensor_sweep_120-20260625-124815,TesolloDownwardsRotateZ,TesolloDownwardsRotateZ-20260625-124824-downwardsrotatez_sb_forcemagnitude_s0,force.magnitude,0,0,83,4.15,2.8272,0.28789,3.14077,1.21186,0.0,7.46772,3682863
downwards_rotate,downwards_sensor_sweep_120-20260625-124815,TesolloDownwardsRotateZ,TesolloDownwardsRotateZ-20260625-124824-downwardsrotatez_sb_forcemagnitude_s0,force.magnitude,0,0,84,4.2,2.83816,0.14649,3.167,1.2772,0.0,7.42884,3682863
downwards_rotate,downwards_sensor_sweep_120-20260625-124815,TesolloDownwardsRotateZ,TesolloDownwardsRotateZ-20260625-124824-downwardsrotatez_sb_forcemagnitude_s0,force.magnitude,0,0,85,4.25,2.85948,0.0,3.18563,1.31723,0.0,7.36234,3682863
downwards_rotate,downwards_sensor_sweep_120-20260625-124815,TesolloDownwardsRotateZ,TesolloDownwardsRotateZ-20260625-124824-downwardsrotatez_sb_forcemagnitude_s0,force.magnitude,0,0,86,4.3,2.86853,0.0,3.20425,1.29542,0.0,7.3682,3682863
downwards_rotate,downwards_sensor_sweep_120-20260625-124815,TesolloDownwardsRotateZ,TesolloDownwardsRotateZ-20260625-124824-downwardsrotatez_sb_forcemagnitude_s0,force.magnitude,0,0,87,4.35,2.90257,0.0,3.22313,1.25077,0.0,7.37647,3682863
downwards_rotate,downwards_sensor_sweep_120-20260625-124815,TesolloDownwardsRotateZ,TesolloDownwardsRotateZ-20260625-124824-downwardsrotatez_sb_forcemagnitude_s0,force.magnitude,0,0,88,4.4,2.94491,0.0,3.26632,1.20107,0.0,7.4123,3682863
downwards_rotate,downwards_sensor_sweep_120-20260625-124815,TesolloDownwardsRotateZ,TesolloDownwardsRotateZ-20260625-124824-downwardsrotatez_sb_forcemagnitude_s0,force.magnitude,0,0,89,4.45,2.9824,0.0,3.27134,1.12068,0.0,7.37442,3682863
downwards_rotate,downwards_sensor_sweep_120-20260625-124815,TesolloDownwardsRotateZ,TesolloDownwardsRotateZ-20260625-124824-downwardsrotatez_sb_forcemagnitude_s0,force.magnitude,0,0,90,4.5,3.01308,0.0,3.2619,1.02909,0.0,7.30407,3682863
downwards_rotate,downwards_sensor_sweep_120-20260625-124815,TesolloDownwardsRotateZ,TesolloDownwardsRotateZ-20260625-124824-downwardsrotatez_sb_forcemagnitude_s0,force.magnitude,0,0,91,4.55,3.10884,0.0,3.25319,0.92811,0.0,7.29013,3682863
downwards_rotate,downwards_sensor_sweep_120-20260625-124815,TesolloDownwardsRotateZ,TesolloDownwardsRotateZ-20260625-124824-downwardsrotatez_sb_forcemagnitude_s0,force.magnitude,0,0,92,4.6,3.09792,0.0,3.26266,0.88704,0.0,7.24761,3682863
downwards_rotate,downwards_sensor_sweep_120-20260625-124815,TesolloDownwardsRotateZ,TesolloDownwardsRotateZ-20260625-124824-downwardsrotatez_sb_forcemagnitude_s0,force.magnitude,0,0,93,4.65,3.08475,0.0,3.26922,0.8511,0.0,7.20507,3682863
downwards_rotate,downwards_sensor_sweep_120-20260625-124815,TesolloDownwardsRotateZ,TesolloDownwardsRotateZ-20260625-124824-downwardsrotatez_sb_forcemagnitude_s0,force.magnitude,0,0,94,4.7,3.07086,0.0,3.2738,0.81867,0.0,7.16333,3682863
downwards_rotate,downwards_sensor_sweep_120-20260625-124815,TesolloDownwardsRotateZ,TesolloDownwardsRotateZ-20260625-124824-downwardsrotatez_sb_forcemagnitude_s0,force.magnitude,0,0,95,4.75,3.06102,0.0,3.27742,0.79433,0.0,7.13276,3682863
downwards_rotate,downwards_sensor_sweep_120-20260625-124815,TesolloDownwardsRotateZ,TesolloDownwardsRotateZ-20260625-124824-downwardsrotatez_sb_forcemagnitude_s0,force.magnitude,0,0,96,4.8,3.05404,0.0,3.28288,0.77618,0.0,7.11309,3682863
downwards_rotate,downwards_sensor_sweep_120-20260625-124815,TesolloDownwardsRotateZ,TesolloDownwardsRotateZ-20260625-124824-downwardsrotatez_sb_forcemagnitude_s0,force.magnitude,0,0,97,4.85,3.04149,0.0,3.23876,0.80028,0.0,7.08053,3682863
downwards_rotate,downwards_sensor_sweep_120-20260625-124815,TesolloDownwardsRotateZ,TesolloDownwardsRotateZ-20260625-124824-downwardsrotatez_sb_forcemagnitude_s0,force.magnitude,0,0,98,4.9,2.90741,0.0,3.20779,0.90072,0.0,7.01592,3682863
downwards_rotate,downwards_sensor_sweep_120-20260625-124815,TesolloDownwardsRotateZ,TesolloDownwardsRotateZ-20260625-124824-downwardsrotatez_sb_forcemagnitude_s0,force.magnitude,0,0,99,4.95,2.83523,0.0,3.1436,0.96318,0.0,6.94201,3682863
downwards_rotate,downwards_sensor_sweep_120-20260625-124815,TesolloDownwardsRotateZ,TesolloDownwardsRotateZ-20260625-124824-downwardsrotatez_sb_forcemagnitude_s0,force.magnitude,0,0,100,5.0,2.77694,0.06598,3.08637,0.99927,0.0,6.92856,3682863
downwards_rotate,downwards_sensor_sweep_120-20260625-124815,TesolloDownwardsRotateZ,TesolloDownwardsRotateZ-20260625-124824-downwardsrotatez_sb_forcemagnitude_s0,force.magnitude,0,0,101,5.05,2.74656,0.0,3.0907,1.02664,0.0,6.8639,3682863
downwards_rotate,downwards_sensor_sweep_120-20260625-124815,TesolloDownwardsRotateZ,TesolloDownwardsRotateZ-20260625-124824-downwardsrotatez_sb_forcemagnitude_s0,force.magnitude,0,0,102,5.1,2.7351,0.0,3.12256,1.03371,0.0,6.89136,3682863
downwards_rotate,downwards_sensor_sweep_120-20260625-124815,TesolloDownwardsRotateZ,TesolloDownwardsRotateZ-20260625-124824-downwardsrotatez_sb_forcemagnitude_s0,force.magnitude,0,0,103,5.15,2.72738,0.0,3.14038,1.04625,0.0,6.91402,3682863
downwards_rotate,downwards_sensor_sweep_120-20260625-124815,TesolloDownwardsRotateZ,TesolloDownwardsRotateZ-20260625-124824-downwardsrotatez_sb_forcemagnitude_s0,force.magnitude,0,0,104,5.2,2.72696,0.0,3.1554,1.0489,0.0,6.93126,3682863
downwards_rotate,downwards_sensor_sweep_120-20260625-124815,TesolloDownwardsRotateZ,TesolloDownwardsRotateZ-20260625-124824-downwardsrotatez_sb_forcemagnitude_s0,force.magnitude,0,0,105,5.25,2.72813,0.0,3.16311,1.04803,0.0,6.93926,3682863
downwards_rotate,downwards_sensor_sweep_120-20260625-124815,TesolloDownwardsRotateZ,TesolloDownwardsRotateZ-20260625-124824-downwardsrotatez_sb_forcemagnitude_s0,force.magnitude,0,0,106,5.3,2.73206,0.0,3.16746,1.04028,0.0,6.9398,3682863
downwards_rotate,downwards_sensor_sweep_120-20260625-124815,TesolloDownwardsRotateZ,TesolloDownwardsRotateZ-20260625-124824-downwardsrotatez_sb_forcemagnitude_s0,force.magnitude,0,0,107,5.35,2.73892,0.0,3.17144,1.02888,0.0,6.93924,3682863
downwards_rotate,downwards_sensor_sweep_120-20260625-124815,TesolloDownwardsRotateZ,TesolloDownwardsRotateZ-20260625-124824-downwardsrotatez_sb_forcemagnitude_s0,force.magnitude,0,0,108,5.4,2.74776,0.0,3.17566,1.01686,0.0,6.94028,3682863
downwards_rotate,downwards_sensor_sweep_120-20260625-124815,TesolloDownwardsRotateZ,TesolloDownwardsRotateZ-20260625-124824-downwardsrotatez_sb_forcemagnitude_s0,force.magnitude,0,0,109,5.45,2.75732,0.0,3.18033,1.00303,0.0,6.94069,3682863
downwards_rotate,downwards_sensor_sweep_120-20260625-124815,TesolloDownwardsRotateZ,TesolloDownwardsRotateZ-20260625-124824-downwardsrotatez_sb_forcemagnitude_s0,force.magnitude,0,0,110,5.5,2.7664,0.0,3.18314,0.9907,0.0,6.94023,3682863
downwards_rotate,downwards_sensor_sweep_120-20260625-124815,TesolloDownwardsRotateZ,TesolloDownwardsRotateZ-20260625-124824-downwardsrotatez_sb_forcemagnitude_s0,force.magnitude,0,0,111,5.55,2.7747,0.0,3.1883,0.97995,0.0,6.94295,3682863
downwards_rotate,downwards_sensor_sweep_120-20260625-124815,TesolloDownwardsRotateZ,TesolloDownwardsRotateZ-20260625-124824-downwardsrotatez_sb_forcemagnitude_s0,force.magnitude,0,0,112,5.6,2.78302,0.0,3.18878,0.97092,0.0,6.94272,3682863
downwards_rotate,downwards_sensor_sweep_120-20260625-124815,TesolloDownwardsRotateZ,TesolloDownwardsRotateZ-20260625-124824-downwardsrotatez_sb_forcemagnitude_s0,force.magnitude,0,0,113,5.65,2.78988,0.0,3.19121,0.96485,0.0,6.94594,3682863
downwards_rotate,downwards_sensor_sweep_120-20260625-124815,TesolloDownwardsRotateZ,TesolloDownwardsRotateZ-20260625-124824-downwardsrotatez_sb_forcemagnitude_s0,force.magnitude,0,0,114,5.7,2.79605,0.0,3.19264,0.96078,0.0,6.94947,3682863
downwards_rotate,downwards_sensor_sweep_120-20260625-124815,TesolloDownwardsRotateZ,TesolloDownwardsRotateZ-20260625-124824-downwardsrotatez_sb_forcemagnitude_s0,force.magnitude,0,0,115,5.75,2.80175,0.0,3.19416,0.95729,0.0,6.9532,3682863
downwards_rotate,downwards_sensor_sweep_120-20260625-124815,TesolloDownwardsRotateZ,TesolloDownwardsRotateZ-20260625-124824-downwardsrotatez_sb_forcemagnitude_s0,force.magnitude,0,0,116,5.8,2.80673,0.0,3.19543,0.95628,0.0,6.95844,3682863
downwards_rotate,downwards_sensor_sweep_120-20260625-124815,TesolloDownwardsRotateZ,TesolloDownwardsRotateZ-20260625-124824-downwardsrotatez_sb_forcemagnitude_s0,force.magnitude,0,0,117,5.85,2.80961,0.0,3.19728,0.95941,0.0,6.96629,3682863
downwards_rotate,downwards_sensor_sweep_120-20260625-124815,TesolloDownwardsRotateZ,TesolloDownwardsRotateZ-20260625-124824-downwardsrotatez_sb_forcemagnitude_s0,force.magnitude,0,0,118,5.9,2.80787,0.0,3.19777,0.97263,0.0,6.97827,3682863
downwards_rotate,downwards_sensor_sweep_120-20260625-124815,TesolloDownwardsRotateZ,TesolloDownwardsRotateZ-20260625-124824-downwardsrotatez_sb_forcemagnitude_s0,force.magnitude,0,0,119,5.95,2.80328,0.0,3.19538,0.9914,0.0,6.99006,3682863
downwards_rotate,downwards_sensor_sweep_120-20260625-124815,TesolloDownwardsRotateZ,TesolloDownwardsRotateZ-20260625-124824-downwardsrotatez_sb_forcemagnitude_s0,force.magnitude,0,1,0,0.0,0.0,0.0,0.0,0.0,0.0,0.0,3682863
downwards_rotate,downwards_sensor_sweep_120-20260625-124815,TesolloDownwardsRotateZ,TesolloDownwardsRotateZ-20260625-124824-downwardsrotatez_sb_forcemagnitude_s0,force.magnitude,0,1,1,0.05,0.0,0.0,0.0,0.0,0.0,0.0,3682863
downwards_rotate,downwards_sensor_sweep_120-20260625-124815,TesolloDownwardsRotateZ,TesolloDownwardsRotateZ-20260625-124824-downwardsrotatez_sb_forcemagnitude_s0,force.magnitude,0,1,2,0.1,0.0,0.0,0.0,0.0,0.0,0.0,3682863
downwards_rotate,downwards_sensor_sweep_120-20260625-124815,TesolloDownwardsRotateZ,TesolloDownwardsRotateZ-20260625-124824-downwardsrotatez_sb_forcemagnitude_s0,force.magnitude,0,1,3,0.15,0.0,0.0,0.0,0.0,2.9429,2.9429,3682863
downwards_rotate,downwards_sensor_sweep_120-20260625-124815,TesolloDownwardsRotateZ,TesolloDownwardsRotateZ-20260625-124824-downwardsrotatez_sb_forcemagnitude_s0,force.magnitude,0,1,4,0.2,2.21935,0.0,0.0,0.0,0.0,2.21935,3682863
downwards_rotate,downwards_sensor_sweep_120-20260625-124815,TesolloDownwardsRotateZ,TesolloDownwardsRotateZ-20260625-124824-downwardsrotatez_sb_forcemagnitude_s0,force.magnitude,0,1,5,0.25,4.54207,1.74049,1.52759,1.63892,0.0,9.44908,3682863
downwards_rotate,downwards_sensor_sweep_120-20260625-124815,TesolloDownwardsRotateZ,TesolloDownwardsRotateZ-20260625-124824-downwardsrotatez_sb_forcemagnitude_s0,force.magnitude,0,1,6,0.3,2.67734,2.2036,2.23171,1.82857,0.0,8.94122,3682863
downwards_rotate,downwards_sensor_sweep_120-20260625-124815,TesolloDownwardsRotateZ,TesolloDownwardsRotateZ-20260625-124824-downwardsrotatez_sb_forcemagnitude_s0,force.magnitude,0,1,7,0.35,2.56364,1.89519,2.62691,1.6176,0.0,8.70333,3682863
downwards_rotate,downwards_sensor_sweep_120-20260625-124815,TesolloDownwardsRotateZ,TesolloDownwardsRotateZ-20260625-124824-downwardsrotatez_sb_forcemagnitude_s0,force.magnitude,0,1,8,0.4,2.61673,1.49389,2.75757,1.807,0.0,8.67519,3682863
downwards_rotate,downwards_sensor_sweep_120-20260625-124815,TesolloDownwardsRotateZ,TesolloDownwardsRotateZ-20260625-124824-downwardsrotatez_sb_forcemagnitude_s0,force.magnitude,0,1,9,0.45,2.81775,1.01381,2.7713,1.81058,0.0,8.41343,3682863
downwards_rotate,downwards_sensor_sweep_120-20260625-124815,TesolloDownwardsRotateZ,TesolloDownwardsRotateZ-20260625-124824-downwardsrotatez_sb_forcemagnitude_s0,force.magnitude,0,1,10,0.5,2.82662,0.0,2.96261,1.75985,0.0,7.54908,3682863
downwards_rotate,downwards_sensor_sweep_120-20260625-124815,TesolloDownwardsRotateZ,TesolloDownwardsRotateZ-20260625-124824-downwardsrotatez_sb_forcemagnitude_s0,force.magnitude,0,1,11,0.55,3.41241,0.0,0.0,3.02666,0.0,6.43907,3682863
downwards_rotate,downwards_sensor_sweep_120-20260625-124815,TesolloDownwardsRotateZ,TesolloDownwardsRotateZ-20260625-124824-downwardsrotatez_sb_forcemagnitude_s0,force.magnitude,0,1,12,0.6,2.61364,0.0,0.0,3.72688,0.0,6.34052,3682863
downwards_rotate,downwards_sensor_sweep_120-20260625-124815,TesolloDownwardsRotateZ,TesolloDownwardsRotateZ-20260625-124824-downwardsrotatez_sb_forcemagnitude_s0,force.magnitude,0,1,13,0.65,0.0,0.0,0.0,3.81422,0.0,3.81422,3682863
downwards_rotate,downwards_sensor_sweep_120-20260625-124815,TesolloDownwardsRotateZ,TesolloDownwardsRotateZ-20260625-124824-downwardsrotatez_sb_forcemagnitude_s0,force.magnitude,0,1,14,0.7,1.96588,0.0,0.0,3.786,0.0,5.75188,3682863
downwards_rotate,downwards_sensor_sweep_120-20260625-124815,TesolloDownwardsRotateZ,TesolloDownwardsRotateZ-20260625-124824-downwardsrotatez_sb_forcemagnitude_s0,force.magnitude,0,1,15,0.75,1.81589,0.0,0.0,3.67496,0.0,5.49084,3682863
downwards_rotate,downwards_sensor_sweep_120-20260625-124815,TesolloDownwardsRotateZ,TesolloDownwardsRotateZ-20260625-124824-downwardsrotatez_sb_forcemagnitude_s0,force.magnitude,0,1,16,0.8,0.0,0.0,0.0,3.49102,0.0,3.49102,3682863
downwards_rotate,downwards_sensor_sweep_120-20260625-124815,TesolloDownwardsRotateZ,TesolloDownwardsRotateZ-20260625-124824-downwardsrotatez_sb_forcemagnitude_s0,force.magnitude,0,1,17,0.85,0.0,0.0,0.0,3.03727,0.0,3.03727,3682863
downwards_rotate,downwards_sensor_sweep_120-20260625-124815,TesolloDownwardsRotateZ,TesolloDownwardsRotateZ-20260625-124824-downwardsrotatez_sb_forcemagnitude_s0,force.magnitude,0,1,18,0.9,0.0,0.0,0.0,4.31332,0.0,4.31332,3682863
downwards_rotate,downwards_sensor_sweep_120-20260625-124815,TesolloDownwardsRotateZ,TesolloDownwardsRotateZ-20260625-124824-downwardsrotatez_sb_forcemagnitude_s0,force.magnitude,0,1,19,0.95,0.0,0.0,0.0,4.0708,0.0,4.0708,3682863
downwards_rotate,downwards_sensor_sweep_120-20260625-124815,TesolloDownwardsRotateZ,TesolloDownwardsRotateZ-20260625-124824-downwardsrotatez_sb_forcemagnitude_s0,force.magnitude,0,1,20,1.0,0.0,0.0,0.0,4.04789,0.0,4.04789,3682863
downwards_rotate,downwards_sensor_sweep_120-20260625-124815,TesolloDownwardsRotateZ,TesolloDownwardsRotateZ-20260625-124824-downwardsrotatez_sb_forcemagnitude_s0,force.magnitude,0,1,21,1.05,1.37592,0.0,0.0,3.79736,0.0,5.17328,3682863
downwards_rotate,downwards_sensor_sweep_120-20260625-124815,TesolloDownwardsRotateZ,TesolloDownwardsRotateZ-20260625-124824-downwardsrotatez_sb_forcemagnitude_s0,force.magnitude,0,1,22,1.1,1.67061,0.0,0.0,3.54251,0.0,5.21312,3682863
downwards_rotate,downwards_sensor_sweep_120-20260625-124815,TesolloDownwardsRotateZ,TesolloDownwardsRotateZ-20260625-124824-downwardsrotatez_sb_forcemagnitude_s0,force.magnitude,0,1,23,1.15,2.01969,0.0,0.83444,2.56005,0.0,5.41418,3682863
downwards_rotate,downwards_sensor_sweep_120-20260625-124815,TesolloDownwardsRotateZ,TesolloDownwardsRotateZ-20260625-124824-downwardsrotatez_sb_forcemagnitude_s0,force.magnitude,0,1,24,1.2,2.09197,0.0,1.08199,2.2566,0.0,5.43056,3682863
downwards_rotate,downwards_sensor_sweep_120-20260625-124815,TesolloDownwardsRotateZ,TesolloDownwardsRotateZ-20260625-124824-downwardsrotatez_sb_forcemagnitude_s0,force.magnitude,0,1,25,1.25,2.20137,0.0,1.38868,1.856,0.0,5.44605,3682863
downwards_rotate,downwards_sensor_sweep_120-20260625-124815,TesolloDownwardsRotateZ,TesolloDownwardsRotateZ-20260625-124824-downwardsrotatez_sb_forcemagnitude_s0,force.magnitude,0,1,26,1.3,2.46898,0.0,1.79397,1.68301,0.0,5.94597,3682863
downwards_rotate,downwards_sensor_sweep_120-20260625-124815,TesolloDownwardsRotateZ,TesolloDownwardsRotateZ-20260625-124824-downwardsrotatez_sb_forcemagnitude_s0,force.magnitude,0,1,27,1.35,2.21632,0.0,1.83688,1.70991,0.0,5.76311,3682863
downwards_rotate,downwards_sensor_sweep_120-20260625-124815,TesolloDownwardsRotateZ,TesolloDownwardsRotateZ-20260625-124824-downwardsrotatez_sb_forcemagnitude_s0,force.magnitude,0,1,28,1.4,2.26227,0.1671,1.96931,1.55751,0.0,5.95619,3682863
downwards_rotate,downwards_sensor_sweep_120-20260625-124815,TesolloDownwardsRotateZ,TesolloDownwardsRotateZ-20260625-124824-downwardsrotatez_sb_forcemagnitude_s0,force.magnitude,0,1,29,1.45,2.29431,0.16267,2.08551,1.48291,0.0,6.02541,3682863
downwards_rotate,downwards_sensor_sweep_120-20260625-124815,TesolloDownwardsRotateZ,TesolloDownwardsRotateZ-20260625-124824-downwardsrotatez_sb_forcemagnitude_s0,force.magnitude,0,1,30,1.5,2.31159,0.16881,2.42574,1.45802,0.0,6.36416,3682863
downwards_rotate,downwards_sensor_sweep_120-20260625-124815,TesolloDownwardsRotateZ,TesolloDownwardsRotateZ-20260625-124824-downwardsrotatez_sb_forcemagnitude_s0,force.magnitude,0,1,31,1.55,2.36425,0.1757,2.57496,1.30811,0.0,6.42302,3682863
downwards_rotate,downwards_sensor_sweep_120-20260625-124815,TesolloDownwardsRotateZ,TesolloDownwardsRotateZ-20260625-124824-downwardsrotatez_sb_forcemagnitude_s0,force.magnitude,0,1,32,1.6,2.38727,0.18387,2.68362,1.21635,0.0,6.47112,3682863
downwards_rotate,downwards_sensor_sweep_120-20260625-124815,TesolloDownwardsRotateZ,TesolloDownwardsRotateZ-20260625-124824-downwardsrotatez_sb_forcemagnitude_s0,force.magnitude,0,1,33,1.65,2.40893,0.19394,2.75081,1.15495,0.0,6.50862,3682863
downwards_rotate,downwards_sensor_sweep_120-20260625-124815,TesolloDownwardsRotateZ,TesolloDownwardsRotateZ-20260625-124824-downwardsrotatez_sb_forcemagnitude_s0,force.magnitude,0,1,34,1.7,2.43585,0.19071,2.78337,1.12343,0.0,6.53336,3682863
downwards_rotate,downwards_sensor_sweep_120-20260625-124815,TesolloDownwardsRotateZ,TesolloDownwardsRotateZ-20260625-124824-downwardsrotatez_sb_forcemagnitude_s0,force.magnitude,0,1,35,1.75,2.46157,0.19011,2.79859,1.11176,0.0,6.56204,3682863
downwards_rotate,downwards_sensor_sweep_120-20260625-124815,TesolloDownwardsRotateZ,TesolloDownwardsRotateZ-20260625-124824-downwardsrotatez_sb_forcemagnitude_s0,force.magnitude,0,1,36,1.8,2.4862,0.18709,2.8057,1.10861,0.0,6.5876,3682863
downwards_rotate,downwards_sensor_sweep_120-20260625-124815,TesolloDownwardsRotateZ,TesolloDownwardsRotateZ-20260625-124824-downwardsrotatez_sb_forcemagnitude_s0,force.magnitude,0,1,37,1.85,2.51371,0.19303,2.79447,1.11261,0.0,6.61382,3682863
downwards_rotate,downwards_sensor_sweep_120-20260625-124815,TesolloDownwardsRotateZ,TesolloDownwardsRotateZ-20260625-124824-downwardsrotatez_sb_forcemagnitude_s0,force.magnitude,0,1,38,1.9,2.54438,0.19864,2.77431,1.12459,0.0,6.64191,3682863
downwards_rotate,downwards_sensor_sweep_120-20260625-124815,TesolloDownwardsRotateZ,TesolloDownwardsRotateZ-20260625-124824-downwardsrotatez_sb_forcemagnitude_s0,force.magnitude,0,1,39,1.95,2.57037,0.20391,2.74505,1.14095,0.0,6.66027,3682863
downwards_rotate,downwards_sensor_sweep_120-20260625-124815,TesolloDownwardsRotateZ,TesolloDownwardsRotateZ-20260625-124824-downwardsrotatez_sb_forcemagnitude_s0,force.magnitude,0,1,40,2.0,2.59061,0.21238,2.71444,1.16702,0.0,6.68445,3682863
downwards_rotate,downwards_sensor_sweep_120-20260625-124815,TesolloDownwardsRotateZ,TesolloDownwardsRotateZ-20260625-124824-downwardsrotatez_sb_forcemagnitude_s0,force.magnitude,0,1,41,2.05,2.60992,0.22088,2.67745,1.19953,0.0,6.70779,3682863
downwards_rotate,downwards_sensor_sweep_120-20260625-124815,TesolloDownwardsRotateZ,TesolloDownwardsRotateZ-20260625-124824-downwardsrotatez_sb_forcemagnitude_s0,force.magnitude,0,1,42,2.1,2.62893,0.23327,2.64184,1.25416,0.0,6.7582,3682863
downwards_rotate,downwards_sensor_sweep_120-20260625-124815,TesolloDownwardsRotateZ,TesolloDownwardsRotateZ-20260625-124824-downwardsrotatez_sb_forcemagnitude_s0,force.magnitude,0,1,43,2.15,2.63952,0.23419,2.60948,1.307,0.0,6.79018,3682863
downwards_rotate,downwards_sensor_sweep_120-20260625-124815,TesolloDownwardsRotateZ,TesolloDownwardsRotateZ-20260625-124824-downwardsrotatez_sb_forcemagnitude_s0,force.magnitude,0,1,44,2.2,2.6442,0.23233,2.56766,1.3461,0.0,6.79028,3682863
downwards_rotate,downwards_sensor_sweep_120-20260625-124815,TesolloDownwardsRotateZ,TesolloDownwardsRotateZ-20260625-124824-downwardsrotatez_sb_forcemagnitude_s0,force.magnitude,0,1,45,2.25,2.65204,0.24202,2.51795,1.37479,0.0,6.78679,3682863
downwards_rotate,downwards_sensor_sweep_120-20260625-124815,TesolloDownwardsRotateZ,TesolloDownwardsRotateZ-20260625-124824-downwardsrotatez_sb_forcemagnitude_s0,force.magnitude,0,1,46,2.3,2.65959,0.25704,2.46392,1.4028,0.0,6.78335,3682863
downwards_rotate,downwards_sensor_sweep_120-20260625-124815,TesolloDownwardsRotateZ,TesolloDownwardsRotateZ-20260625-124824-downwardsrotatez_sb_forcemagnitude_s0,force.magnitude,0,1,47,2.35,2.66654,0.27599,2.40865,1.43007,0.0,6.78125,3682863
downwards_rotate,downwards_sensor_sweep_120-20260625-124815,TesolloDownwardsRotateZ,TesolloDownwardsRotateZ-20260625-124824-downwardsrotatez_sb_forcemagnitude_s0,force.magnitude,0,1,48,2.4,2.66967,0.28901,2.35292,1.46561,0.0,6.7772,3682863
downwards_rotate,downwards_sensor_sweep_120-20260625-124815,TesolloDownwardsRotateZ,TesolloDownwardsRotateZ-20260625-124824-downwardsrotatez_sb_forcemagnitude_s0,force.magnitude,0,1,49,2.45,2.67259,0.29883,2.29829,1.50366,0.0,6.77336,3682863
downwards_rotate,downwards_sensor_sweep_120-20260625-124815,TesolloDownwardsRotateZ,TesolloDownwardsRotateZ-20260625-124824-downwardsrotatez_sb_forcemagnitude_s0,force.magnitude,0,1,50,2.5,2.6777,0.30912,2.24875,1.53804,0.0,6.77361,3682863
downwards_rotate,downwards_sensor_sweep_120-20260625-124815,TesolloDownwardsRotateZ,TesolloDownwardsRotateZ-20260625-124824-downwardsrotatez_sb_forcemagnitude_s0,force.magnitude,0,1,51,2.55,2.79994,0.31036,2.19053,1.5266,0.0,6.82744,3682863
downwards_rotate,downwards_sensor_sweep_120-20260625-124815,TesolloDownwardsRotateZ,TesolloDownwardsRotateZ-20260625-124824-downwardsrotatez_sb_forcemagnitude_s0,force.magnitude,0,1,52,2.6,2.65971,0.31879,2.14344,1.62742,0.0,6.74935,3682863
downwards_rotate,downwards_sensor_sweep_120-20260625-124815,TesolloDownwardsRotateZ,TesolloDownwardsRotateZ-20260625-124824-downwardsrotatez_sb_forcemagnitude_s0,force.magnitude,0,1,53,2.65,2.66516,0.34476,2.10138,1.64033,0.0,6.75162,3682863
downwards_rotate,downwards_sensor_sweep_120-20260625-124815,TesolloDownwardsRotateZ,TesolloDownwardsRotateZ-20260625-124824-downwardsrotatez_sb_forcemagnitude_s0,force.magnitude,0,1,54,2.7,2.62496,0.36564,2.06438,1.64253,0.0,6.6975,3682863
downwards_rotate,downwards_sensor_sweep_120-20260625-124815,TesolloDownwardsRotateZ,TesolloDownwardsRotateZ-20260625-124824-downwardsrotatez_sb_forcemagnitude_s0,force.magnitude,0,1,55,2.75,2.56929,0.39872,2.00603,1.63579,0.0,6.60982,3682863
downwards_rotate,downwards_sensor_sweep_120-20260625-124815,TesolloDownwardsRotateZ,TesolloDownwardsRotateZ-20260625-124824-downwardsrotatez_sb_forcemagnitude_s0,force.magnitude,0,1,56,2.8,2.67702,0.39474,1.89845,1.59572,0.0,6.56593,3682863
downwards_rotate,downwards_sensor_sweep_120-20260625-124815,TesolloDownwardsRotateZ,TesolloDownwardsRotateZ-20260625-124824-downwardsrotatez_sb_forcemagnitude_s0,force.magnitude,0,1,57,2.85,2.48109,0.36485,1.78498,1.75459,0.0,6.38551,3682863
downwards_rotate,downwards_sensor_sweep_120-20260625-124815,TesolloDownwardsRotateZ,TesolloDownwardsRotateZ-20260625-124824-downwardsrotatez_sb_forcemagnitude_s0,force.magnitude,0,1,58,2.9,2.45076,0.40565,1.6522,1.82101,0.0,6.32961,3682863
downwards_rotate,downwards_sensor_sweep_120-20260625-124815,TesolloDownwardsRotateZ,TesolloDownwardsRotateZ-20260625-124824-downwardsrotatez_sb_forcemagnitude_s0,force.magnitude,0,1,59,2.95,2.44808,0.43898,1.5067,1.9123,0.0,6.30606,3682863
downwards_rotate,downwards_sensor_sweep_120-20260625-124815,TesolloDownwardsRotateZ,TesolloDownwardsRotateZ-20260625-124824-downwardsrotatez_sb_forcemagnitude_s0,force.magnitude,0,1,60,3.0,2.50606,0.46393,1.4171,2.04526,0.0,6.43234,3682863
downwards_rotate,downwards_sensor_sweep_120-20260625-124815,TesolloDownwardsRotateZ,TesolloDownwardsRotateZ-20260625-124824-downwardsrotatez_sb_forcemagnitude_s0,force.magnitude,0,1,61,3.05,2.57462,0.48407,1.40407,2.15159,0.0,6.61436,3682863
downwards_rotate,downwards_sensor_sweep_120-20260625-124815,TesolloDownwardsRotateZ,TesolloDownwardsRotateZ-20260625-124824-downwardsrotatez_sb_forcemagnitude_s0,force.magnitude,0,1,62,3.1,2.70332,0.48469,1.45588,2.11896,0.0,6.76285,3682863
downwards_rotate,downwards_sensor_sweep_120-20260625-124815,TesolloDownwardsRotateZ,TesolloDownwardsRotateZ-20260625-124824-downwardsrotatez_sb_forcemagnitude_s0,force.magnitude,0,1,63,3.15,2.68418,0.43837,1.52929,2.10608,0.0,6.75792,3682863
downwards_rotate,downwards_sensor_sweep_120-20260625-124815,TesolloDownwardsRotateZ,TesolloDownwardsRotateZ-20260625-124824-downwardsrotatez_sb_forcemagnitude_s0,force.magnitude,0,1,64,3.2,2.65885,0.40193,1.65545,2.01251,0.0,6.72874,3682863
downwards_rotate,downwards_sensor_sweep_120-20260625-124815,TesolloDownwardsRotateZ,TesolloDownwardsRotateZ-20260625-124824-downwardsrotatez_sb_forcemagnitude_s0,force.magnitude,0,1,65,3.25,2.61913,0.34248,1.83354,1.84005,0.0,6.63521,3682863
downwards_rotate,downwards_sensor_sweep_120-20260625-124815,TesolloDownwardsRotateZ,TesolloDownwardsRotateZ-20260625-124824-downwardsrotatez_sb_forcemagnitude_s0,force.magnitude,0,1,66,3.3,2.57155,0.26061,2.05234,1.61726,0.0,6.50176,3682863
downwards_rotate,downwards_sensor_sweep_120-20260625-124815,TesolloDownwardsRotateZ,TesolloDownwardsRotateZ-20260625-124824-downwardsrotatez_sb_forcemagnitude_s0,force.magnitude,0,1,67,3.35,2.546,0.1738,2.43198,1.25651,0.0,6.40829,3682863
downwards_rotate,downwards_sensor_sweep_120-20260625-124815,TesolloDownwardsRotateZ,TesolloDownwardsRotateZ-20260625-124824-downwardsrotatez_sb_forcemagnitude_s0,force.magnitude,0,1,68,3.4,2.38639,0.0,2.74681,0.93639,0.0,6.0696,3682863
downwards_rotate,downwards_sensor_sweep_120-20260625-124815,TesolloDownwardsRotateZ,TesolloDownwardsRotateZ-20260625-124824-downwardsrotatez_sb_forcemagnitude_s0,force.magnitude,0,1,69,3.45,2.24478,0.0,2.64542,0.56596,0.0,5.45617,3682863
downwards_rotate,downwards_sensor_sweep_120-20260625-124815,TesolloDownwardsRotateZ,TesolloDownwardsRotateZ-20260625-124824-downwardsrotatez_sb_forcemagnitude_s0,force.magnitude,0,1,70,3.5,2.22488,0.0,2.59054,0.51793,0.0,5.33335,3682863
downwards_rotate,downwards_sensor_sweep_120-20260625-124815,TesolloDownwardsRotateZ,TesolloDownwardsRotateZ-20260625-124824-downwardsrotatez_sb_forcemagnitude_s0,force.magnitude,0,1,71,3.55,2.13162,0.0,2.53797,0.61274,0.0,5.28233,3682863
downwards_rotate,downwards_sensor_sweep_120-20260625-124815,TesolloDownwardsRotateZ,TesolloDownwardsRotateZ-20260625-124824-downwardsrotatez_sb_forcemagnitude_s0,force.magnitude,0,1,72,3.6,2.11616,0.0,2.52622,0.75021,0.0,5.39259,3682863
downwards_rotate,downwards_sensor_sweep_120-20260625-124815,TesolloDownwardsRotateZ,TesolloDownwardsRotateZ-20260625-124824-downwardsrotatez_sb_forcemagnitude_s0,force.magnitude,0,1,73,3.65,2.14392,0.0,2.54431,0.75397,0.0,5.4422,3682863
downwards_rotate,downwards_sensor_sweep_120-20260625-124815,TesolloDownwardsRotateZ,TesolloDownwardsRotateZ-20260625-124824-downwardsrotatez_sb_forcemagnitude_s0,force.magnitude,0,1,74,3.7,2.15102,0.08542,2.54665,0.69553,0.0,5.47862,3682863
downwards_rotate,downwards_sensor_sweep_120-20260625-124815,TesolloDownwardsRotateZ,TesolloDownwardsRotateZ-20260625-124824-downwardsrotatez_sb_forcemagnitude_s0,force.magnitude,0,1,75,3.75,2.11579,0.16509,2.52195,0.66634,0.0,5.46917,3682863
downwards_rotate,downwards_sensor_sweep_120-20260625-124815,TesolloDownwardsRotateZ,TesolloDownwardsRotateZ-20260625-124824-downwardsrotatez_sb_forcemagnitude_s0,force.magnitude,0,1,76,3.8,2.05413,0.19046,2.50726,0.70283,0.0,5.45468,3682863
downwards_rotate,downwards_sensor_sweep_120-20260625-124815,TesolloDownwardsRotateZ,TesolloDownwardsRotateZ-20260625-124824-downwardsrotatez_sb_forcemagnitude_s0,force.magnitude,0,1,77,3.85,1.99665,0.0,2.44464,1.05761,0.0,5.4989,3682863
downwards_rotate,downwards_sensor_sweep_120-20260625-124815,TesolloDownwardsRotateZ,TesolloDownwardsRotateZ-20260625-124824-downwardsrotatez_sb_forcemagnitude_s0,force.magnitude,0,1,78,3.9,2.22223,0.42052,2.46038,0.71798,0.0,5.82111,3682863
downwards_rotate,downwards_sensor_sweep_120-20260625-124815,TesolloDownwardsRotateZ,TesolloDownwardsRotateZ-20260625-124824-downwardsrotatez_sb_forcemagnitude_s0,force.magnitude,0,1,79,3.95,2.18079,0.24966,2.56949,0.75187,0.0,5.75181,3682863
downwards_rotate,downwards_sensor_sweep_120-20260625-124815,TesolloDownwardsRotateZ,TesolloDownwardsRotateZ-20260625-124824-downwardsrotatez_sb_forcemagnitude_s0,force.magnitude,0,1,80,4.0,2.18674,0.23772,2.5855,0.78295,0.0,5.79291,3682863
downwards_rotate,downwards_sensor_sweep_120-20260625-124815,TesolloDownwardsRotateZ,TesolloDownwardsRotateZ-20260625-124824-downwardsrotatez_sb_forcemagnitude_s0,force.magnitude,0,1,81,4.05,2.1597,0.25002,2.57302,0.87166,0.0,5.85439,3682863
downwards_rotate,downwards_sensor_sweep_120-20260625-124815,TesolloDownwardsRotateZ,TesolloDownwardsRotateZ-20260625-124824-downwardsrotatez_sb_forcemagnitude_s0,force.magnitude,0,1,82,4.1,2.15174,0.29314,2.56116,0.94239,0.0,5.94842,3682863
downwards_rotate,downwards_sensor_sweep_120-20260625-124815,TesolloDownwardsRotateZ,TesolloDownwardsRotateZ-20260625-124824-downwardsrotatez_sb_forcemagnitude_s0,force.magnitude,0,1,83,4.15,2.146,0.45375,2.49542,0.99141,0.0,6.08658,3682863
downwards_rotate,downwards_sensor_sweep_120-20260625-124815,TesolloDownwardsRotateZ,TesolloDownwardsRotateZ-20260625-124824-downwardsrotatez_sb_forcemagnitude_s0,force.magnitude,0,1,84,4.2,2.13508,0.56658,2.0914,1.18276,0.0,5.97582,3682863
downwards_rotate,downwards_sensor_sweep_120-20260625-124815,TesolloDownwardsRotateZ,TesolloDownwardsRotateZ-20260625-124824-downwardsrotatez_sb_forcemagnitude_s0,force.magnitude,0,1,85,4.25,2.13823,0.74119,1.47384,1.56931,0.0,5.92257,3682863
downwards_rotate,downwards_sensor_sweep_120-20260625-124815,TesolloDownwardsRotateZ,TesolloDownwardsRotateZ-20260625-124824-downwardsrotatez_sb_forcemagnitude_s0,force.magnitude,0,1,86,4.3,2.15666,1.04342,0.40429,2.36322,0.0,5.96759,3682863
downwards_rotate,downwards_sensor_sweep_120-20260625-124815,TesolloDownwardsRotateZ,TesolloDownwardsRotateZ-20260625-124824-downwardsrotatez_sb_forcemagnitude_s0,force.magnitude,0,1,87,4.35,2.1036,0.0,0.0,4.11949,0.0,6.22309,3682863
downwards_rotate,downwards_sensor_sweep_120-20260625-124815,TesolloDownwardsRotateZ,TesolloDownwardsRotateZ-20260625-124824-downwardsrotatez_sb_forcemagnitude_s0,force.magnitude,0,1,88,4.4,2.8278,1.40123,0.0,2.81409,0.0,7.04312,3682863
downwards_rotate,downwards_sensor_sweep_120-20260625-124815,TesolloDownwardsRotateZ,TesolloDownwardsRotateZ-20260625-124824-downwardsrotatez_sb_forcemagnitude_s0,force.magnitude,0,1,89,4.45,2.78649,0.7447,0.0,2.82727,0.0,6.35846,3682863
downwards_rotate,downwards_sensor_sweep_120-20260625-124815,TesolloDownwardsRotateZ,TesolloDownwardsRotateZ-20260625-124824-downwardsrotatez_sb_forcemagnitude_s0,force.magnitude,0,1,90,4.5,2.70538,0.67279,0.0,2.91927,0.0,6.29745,3682863
downwards_rotate,downwards_sensor_sweep_120-20260625-124815,TesolloDownwardsRotateZ,TesolloDownwardsRotateZ-20260625-124824-downwardsrotatez_sb_forcemagnitude_s0,force.magnitude,0,1,91,4.55,2.56081,0.0,0.0,3.48722,0.0,6.04803,3682863
downwards_rotate,downwards_sensor_sweep_120-20260625-124815,TesolloDownwardsRotateZ,TesolloDownwardsRotateZ-20260625-124824-downwardsrotatez_sb_forcemagnitude_s0,force.magnitude,0,1,92,4.6,2.78729,0.08565,1.79825,1.68892,0.0,6.36011,3682863
downwards_rotate,downwards_sensor_sweep_120-20260625-124815,TesolloDownwardsRotateZ,TesolloDownwardsRotateZ-20260625-124824-downwardsrotatez_sb_forcemagnitude_s0,force.magnitude,0,1,93,4.65,2.94922,0.0,2.30076,1.21282,0.0,6.46279,3682863
downwards_rotate,downwards_sensor_sweep_120-20260625-124815,TesolloDownwardsRotateZ,TesolloDownwardsRotateZ-20260625-124824-downwardsrotatez_sb_forcemagnitude_s0,force.magnitude,0,1,94,4.7,2.77031,0.0,2.31756,0.88195,0.0,5.96981,3682863
downwards_rotate,downwards_sensor_sweep_120-20260625-124815,TesolloDownwardsRotateZ,TesolloDownwardsRotateZ-20260625-124824-downwardsrotatez_sb_forcemagnitude_s0,force.magnitude,0,1,95,4.75,2.73255,0.0,2.27707,0.92386,0.0,5.93348,3682863
downwards_rotate,downwards_sensor_sweep_120-20260625-124815,TesolloDownwardsRotateZ,TesolloDownwardsRotateZ-20260625-124824-downwardsrotatez_sb_forcemagnitude_s0,force.magnitude,0,1,96,4.8,2.60606,0.0,2.15457,0.92722,0.0,5.68784,3682863
downwards_rotate,downwards_sensor_sweep_120-20260625-124815,TesolloDownwardsRotateZ,TesolloDownwardsRotateZ-20260625-124824-downwardsrotatez_sb_forcemagnitude_s0,force.magnitude,0,1,97,4.85,2.6396,0.0,2.19157,0.95434,0.0,5.78551,3682863
downwards_rotate,downwards_sensor_sweep_120-20260625-124815,TesolloDownwardsRotateZ,TesolloDownwardsRotateZ-20260625-124824-downwardsrotatez_sb_forcemagnitude_s0,force.magnitude,0,1,98,4.9,2.67269,0.0,2.25303,0.9586,0.0,5.88433,3682863
downwards_rotate,downwards_sensor_sweep_120-20260625-124815,TesolloDownwardsRotateZ,TesolloDownwardsRotateZ-20260625-124824-downwardsrotatez_sb_forcemagnitude_s0,force.magnitude,0,1,99,4.95,2.68552,0.0,2.337,0.91842,0.0,5.94095,3682863
downwards_rotate,downwards_sensor_sweep_120-20260625-124815,TesolloDownwardsRotateZ,TesolloDownwardsRotateZ-20260625-124824-downwardsrotatez_sb_forcemagnitude_s0,force.magnitude,0,1,100,5.0,2.63347,0.17952,2.72227,0.7145,0.0,6.24976,3682863
downwards_rotate,downwards_sensor_sweep_120-20260625-124815,TesolloDownwardsRotateZ,TesolloDownwardsRotateZ-20260625-124824-downwardsrotatez_sb_forcemagnitude_s0,force.magnitude,0,1,101,5.05,2.45964,0.21788,2.6491,0.44754,0.0,5.77416,3682863
downwards_rotate,downwards_sensor_sweep_120-20260625-124815,TesolloDownwardsRotateZ,TesolloDownwardsRotateZ-20260625-124824-downwardsrotatez_sb_forcemagnitude_s0,force.magnitude,0,1,102,5.1,2.39202,0.2184,2.56208,0.33247,0.0,5.50497,3682863
downwards_rotate,downwards_sensor_sweep_120-20260625-124815,TesolloDownwardsRotateZ,TesolloDownwardsRotateZ-20260625-124824-downwardsrotatez_sb_forcemagnitude_s0,force.magnitude,0,1,103,5.15,2.42712,0.24909,2.5559,0.30752,0.0,5.53963,3682863
downwards_rotate,downwards_sensor_sweep_120-20260625-124815,TesolloDownwardsRotateZ,TesolloDownwardsRotateZ-20260625-124824-downwardsrotatez_sb_forcemagnitude_s0,force.magnitude,0,1,104,5.2,2.47774,0.20516,2.52513,0.40322,0.0,5.61126,3682863
downwards_rotate,downwards_sensor_sweep_120-20260625-124815,TesolloDownwardsRotateZ,TesolloDownwardsRotateZ-20260625-124824-downwardsrotatez_sb_forcemagnitude_s0,force.magnitude,0,1,105,5.25,2.53822,0.15828,2.55951,0.46719,0.0,5.72321,3682863
downwards_rotate,downwards_sensor_sweep_120-20260625-124815,TesolloDownwardsRotateZ,TesolloDownwardsRotateZ-20260625-124824-downwardsrotatez_sb_forcemagnitude_s0,force.magnitude,0,1,106,5.3,2.59973,0.13792,2.57365,0.53103,0.0,5.84233,3682863
downwards_rotate,downwards_sensor_sweep_120-20260625-124815,TesolloDownwardsRotateZ,TesolloDownwardsRotateZ-20260625-124824-downwardsrotatez_sb_forcemagnitude_s0,force.magnitude,0,1,107,5.35,2.64365,0.13312,2.58446,0.56824,0.0,5.92947,3682863
downwards_rotate,downwards_sensor_sweep_120-20260625-124815,TesolloDownwardsRotateZ,TesolloDownwardsRotateZ-20260625-124824-downwardsrotatez_sb_forcemagnitude_s0,force.magnitude,0,1,108,5.4,2.69513,0.14076,2.603,0.60185,0.0,6.04073,3682863
downwards_rotate,downwards_sensor_sweep_120-20260625-124815,TesolloDownwardsRotateZ,TesolloDownwardsRotateZ-20260625-124824-downwardsrotatez_sb_forcemagnitude_s0,force.magnitude,0,1,109,5.45,2.74211,0.1556,2.62241,0.6271,0.0,6.14722,3682863
downwards_rotate,downwards_sensor_sweep_120-20260625-124815,TesolloDownwardsRotateZ,TesolloDownwardsRotateZ-20260625-124824-downwardsrotatez_sb_forcemagnitude_s0,force.magnitude,0,1,110,5.5,2.79229,0.17387,2.64472,0.64958,0.0,6.26045,3682863
downwards_rotate,downwards_sensor_sweep_120-20260625-124815,TesolloDownwardsRotateZ,TesolloDownwardsRotateZ-20260625-124824-downwardsrotatez_sb_forcemagnitude_s0,force.magnitude,0,1,111,5.55,2.84272,0.20016,2.66799,0.66525,0.0,6.37613,3682863
downwards_rotate,downwards_sensor_sweep_120-20260625-124815,TesolloDownwardsRotateZ,TesolloDownwardsRotateZ-20260625-124824-downwardsrotatez_sb_forcemagnitude_s0,force.magnitude,0,1,112,5.6,2.89166,0.231,2.69318,0.67479,0.0,6.49063,3682863
downwards_rotate,downwards_sensor_sweep_120-20260625-124815,TesolloDownwardsRotateZ,TesolloDownwardsRotateZ-20260625-124824-downwardsrotatez_sb_forcemagnitude_s0,force.magnitude,0,1,113,5.65,2.938,0.26072,2.71409,0.68849,0.0,6.60131,3682863
downwards_rotate,downwards_sensor_sweep_120-20260625-124815,TesolloDownwardsRotateZ,TesolloDownwardsRotateZ-20260625-124824-downwardsrotatez_sb_forcemagnitude_s0,force.magnitude,0,1,114,5.7,2.98137,0.28478,2.73578,0.70191,0.0,6.70383,3682863
downwards_rotate,downwards_sensor_sweep_120-20260625-124815,TesolloDownwardsRotateZ,TesolloDownwardsRotateZ-20260625-124824-downwardsrotatez_sb_forcemagnitude_s0,force.magnitude,0,1,115,5.75,3.02073,0.30111,2.75572,0.7213,0.0,6.79886,3682863
downwards_rotate,downwards_sensor_sweep_120-20260625-124815,TesolloDownwardsRotateZ,TesolloDownwardsRotateZ-20260625-124824-downwardsrotatez_sb_forcemagnitude_s0,force.magnitude,0,1,116,5.8,3.0529,0.30248,2.78047,0.73918,0.0,6.87503,3682863
downwards_rotate,downwards_sensor_sweep_120-20260625-124815,TesolloDownwardsRotateZ,TesolloDownwardsRotateZ-20260625-124824-downwardsrotatez_sb_forcemagnitude_s0,force.magnitude,0,1,117,5.85,3.0644,0.30647,2.78955,0.74592,0.0,6.90634,3682863
downwards_rotate,downwards_sensor_sweep_120-20260625-124815,TesolloDownwardsRotateZ,TesolloDownwardsRotateZ-20260625-124824-downwardsrotatez_sb_forcemagnitude_s0,force.magnitude,0,1,118,5.9,3.06757,0.3001,2.78799,0.76269,0.0,6.91836,3682863
downwards_rotate,downwards_sensor_sweep_120-20260625-124815,TesolloDownwardsRotateZ,TesolloDownwardsRotateZ-20260625-124824-downwardsrotatez_sb_forcemagnitude_s0,force.magnitude,0,1,119,5.95,2.92524,0.28756,2.80025,0.82255,0.0,6.83559,3682863
downwards_rotate,downwards_sensor_sweep_120-20260625-124815,TesolloDownwardsRotateZ,TesolloDownwardsRotateZ-20260625-124824-downwardsrotatez_sb_forcemagnitude_s0,force.magnitude,0,2,0,0.0,0.0,0.0,0.0,0.0,0.0,0.0,3682863
downwards_rotate,downwards_sensor_sweep_120-20260625-124815,TesolloDownwardsRotateZ,TesolloDownwardsRotateZ-20260625-124824-downwardsrotatez_sb_forcemagnitude_s0,force.magnitude,0,2,1,0.05,0.0,0.0,0.0,0.0,0.0,0.0,3682863
downwards_rotate,downwards_sensor_sweep_120-20260625-124815,TesolloDownwardsRotateZ,TesolloDownwardsRotateZ-20260625-124824-downwardsrotatez_sb_forcemagnitude_s0,force.magnitude,0,2,2,0.1,0.0,0.0,0.0,0.0,0.0,0.0,3682863
downwards_rotate,downwards_sensor_sweep_120-20260625-124815,TesolloDownwardsRotateZ,TesolloDownwardsRotateZ-20260625-124824-downwardsrotatez_sb_forcemagnitude_s0,force.magnitude,0,2,3,0.15,0.0,0.0,0.0,2.81822,2.40729,5.22551,3682863
downwards_rotate,downwards_sensor_sweep_120-20260625-124815,TesolloDownwardsRotateZ,TesolloDownwardsRotateZ-20260625-124824-downwardsrotatez_sb_forcemagnitude_s0,force.magnitude,0,2,4,0.2,0.0,1.77782,0.0,0.94799,2.1277,4.85351,3682863
downwards_rotate,downwards_sensor_sweep_120-20260625-124815,TesolloDownwardsRotateZ,TesolloDownwardsRotateZ-20260625-124824-downwardsrotatez_sb_forcemagnitude_s0,force.magnitude,0,2,5,0.25,4.96772,1.21358,1.94713,1.94779,0.0,10.07623,3682863
downwards_rotate,downwards_sensor_sweep_120-20260625-124815,TesolloDownwardsRotateZ,TesolloDownwardsRotateZ-20260625-124824-downwardsrotatez_sb_forcemagnitude_s0,force.magnitude,0,2,6,0.3,4.54837,1.5787,1.94426,1.53572,0.0,9.60705,3682863
downwards_rotate,downwards_sensor_sweep_120-20260625-124815,TesolloDownwardsRotateZ,TesolloDownwardsRotateZ-20260625-124824-downwardsrotatez_sb_forcemagnitude_s0,force.magnitude,0,2,7,0.35,4.75294,1.40367,2.26464,1.43556,0.0,9.85681,3682863
downwards_rotate,downwards_sensor_sweep_120-20260625-124815,TesolloDownwardsRotateZ,TesolloDownwardsRotateZ-20260625-124824-downwardsrotatez_sb_forcemagnitude_s0,force.magnitude,0,2,8,0.4,2.33519,1.63981,2.7889,1.22492,0.0,7.98882,3682863
downwards_rotate,downwards_sensor_sweep_120-20260625-124815,TesolloDownwardsRotateZ,TesolloDownwardsRotateZ-20260625-124824-downwardsrotatez_sb_forcemagnitude_s0,force.magnitude,0,2,9,0.45,2.60875,1.36075,2.80533,1.75684,0.0,8.53167,3682863
downwards_rotate,downwards_sensor_sweep_120-20260625-124815,TesolloDownwardsRotateZ,TesolloDownwardsRotateZ-20260625-124824-downwardsrotatez_sb_forcemagnitude_s0,force.magnitude,0,2,10,0.5,2.52196,1.10105,2.90556,1.75855,0.0,8.28711,3682863
downwards_rotate,downwards_sensor_sweep_120-20260625-124815,TesolloDownwardsRotateZ,TesolloDownwardsRotateZ-20260625-124824-downwardsrotatez_sb_forcemagnitude_s0,force.magnitude,0,2,11,0.55,2.97175,0.0,2.0669,2.12264,0.0,7.16129,3682863
downwards_rotate,downwards_sensor_sweep_120-20260625-124815,TesolloDownwardsRotateZ,TesolloDownwardsRotateZ-20260625-124824-downwardsrotatez_sb_forcemagnitude_s0,force.magnitude,0,2,12,0.6,3.05354,0.0,1.37322,2.48513,0.0,6.91189,3682863
downwards_rotate,downwards_sensor_sweep_120-20260625-124815,TesolloDownwardsRotateZ,TesolloDownwardsRotateZ-20260625-124824-downwardsrotatez_sb_forcemagnitude_s0,force.magnitude,0,2,13,0.65,0.0,0.0,0.0,3.80323,0.0,3.80323,3682863
downwards_rotate,downwards_sensor_sweep_120-20260625-124815,TesolloDownwardsRotateZ,TesolloDownwardsRotateZ-20260625-124824-downwardsrotatez_sb_forcemagnitude_s0,force.magnitude,0,2,14,0.7,2.47807,0.0,0.0,3.69514,0.0,6.17321,3682863
downwards_rotate,downwards_sensor_sweep_120-20260625-124815,TesolloDownwardsRotateZ,TesolloDownwardsRotateZ-20260625-124824-downwardsrotatez_sb_forcemagnitude_s0,force.magnitude,0,2,15,0.75,1.97154,0.0,0.0,3.53943,0.0,5.51097,3682863
downwards_rotate,downwards_sensor_sweep_120-20260625-124815,TesolloDownwardsRotateZ,TesolloDownwardsRotateZ-20260625-124824-downwardsrotatez_sb_forcemagnitude_s0,force.magnitude,0,2,16,0.8,1.94965,0.0,0.0,3.76584,0.0,5.71549,3682863
downwards_rotate,downwards_sensor_sweep_120-20260625-124815,TesolloDownwardsRotateZ,TesolloDownwardsRotateZ-20260625-124824-downwardsrotatez_sb_forcemagnitude_s0,force.magnitude,0,2,17,0.85,2.09682,0.0,0.0,3.26825,0.0,5.36506,3682863
downwards_rotate,downwards_sensor_sweep_120-20260625-124815,TesolloDownwardsRotateZ,TesolloDownwardsRotateZ-20260625-124824-downwardsrotatez_sb_forcemagnitude_s0,force.magnitude,0,2,18,0.9,2.09243,0.0,0.0,2.90595,0.0,4.99839,3682863
downwards_rotate,downwards_sensor_sweep_120-20260625-124815,TesolloDownwardsRotateZ,TesolloDownwardsRotateZ-20260625-124824-downwardsrotatez_sb_forcemagnitude_s0,force.magnitude,0,2,19,0.95,0.0,0.0,0.0,2.91286,0.0,2.91286,3682863
downwards_rotate,downwards_sensor_sweep_120-20260625-124815,TesolloDownwardsRotateZ,TesolloDownwardsRotateZ-20260625-124824-downwardsrotatez_sb_forcemagnitude_s0,force.magnitude,0,2,20,1.0,0.0,0.0,0.0,2.90629,0.0,2.90629,3682863
downwards_rotate,downwards_sensor_sweep_120-20260625-124815,TesolloDownwardsRotateZ,TesolloDownwardsRotateZ-20260625-124824-downwardsrotatez_sb_forcemagnitude_s0,force.magnitude,0,2,21,1.05,0.0,0.0,0.0,4.45394,0.0,4.45394,3682863
downwards_rotate,downwards_sensor_sweep_120-20260625-124815,TesolloDownwardsRotateZ,TesolloDownwardsRotateZ-20260625-124824-downwardsrotatez_sb_forcemagnitude_s0,force.magnitude,0,2,22,1.1,0.0,0.0,0.0,4.05027,0.0,4.05027,3682863
downwards_rotate,downwards_sensor_sweep_120-20260625-124815,TesolloDownwardsRotateZ,TesolloDownwardsRotateZ-20260625-124824-downwardsrotatez_sb_forcemagnitude_s0,force.magnitude,0,2,23,1.15,0.0,0.0,0.0,4.47289,0.0,4.47289,3682863
downwards_rotate,downwards_sensor_sweep_120-20260625-124815,TesolloDownwardsRotateZ,TesolloDownwardsRotateZ-20260625-124824-downwardsrotatez_sb_forcemagnitude_s0,force.magnitude,0,2,24,1.2,0.0,0.0,0.0,3.78,0.0,3.78,3682863
downwards_rotate,downwards_sensor_sweep_120-20260625-124815,TesolloDownwardsRotateZ,TesolloDownwardsRotateZ-20260625-124824-downwardsrotatez_sb_forcemagnitude_s0,force.magnitude,0,2,25,1.25,0.0,0.0,0.0,4.15771,0.0,4.15771,3682863
downwards_rotate,downwards_sensor_sweep_120-20260625-124815,TesolloDownwardsRotateZ,TesolloDownwardsRotateZ-20260625-124824-downwardsrotatez_sb_forcemagnitude_s0,force.magnitude,0,2,26,1.3,0.0,0.0,0.0,3.86045,0.0,3.86045,3682863
downwards_rotate,downwards_sensor_sweep_120-20260625-124815,TesolloDownwardsRotateZ,TesolloDownwardsRotateZ-20260625-124824-downwardsrotatez_sb_forcemagnitude_s0,force.magnitude,0,2,27,1.35,0.64901,0.0,0.0,2.92337,0.0,3.57238,3682863
downwards_rotate,downwards_sensor_sweep_120-20260625-124815,TesolloDownwardsRotateZ,TesolloDownwardsRotateZ-20260625-124824-downwardsrotatez_sb_forcemagnitude_s0,force.magnitude,0,2,28,1.4,0.79926,0.0,0.0,2.67353,0.0,3.47279,3682863
downwards_rotate,downwards_sensor_sweep_120-20260625-124815,TesolloDownwardsRotateZ,TesolloDownwardsRotateZ-20260625-124824-downwardsrotatez_sb_forcemagnitude_s0,force.magnitude,0,2,29,1.45,0.88419,0.0,0.0,2.3676,0.0,3.25179,3682863
downwards_rotate,downwards_sensor_sweep_120-20260625-124815,TesolloDownwardsRotateZ,TesolloDownwardsRotateZ-20260625-124824-downwardsrotatez_sb_forcemagnitude_s0,force.magnitude,0,2,30,1.5,0.93224,0.0,0.0,2.18425,0.0,3.1165,3682863
downwards_rotate,downwards_sensor_sweep_120-20260625-124815,TesolloDownwardsRotateZ,TesolloDownwardsRotateZ-20260625-124824-downwardsrotatez_sb_forcemagnitude_s0,force.magnitude,0,2,31,1.55,0.97371,0.0,0.0,2.3341,0.0,3.30781,3682863
downwards_rotate,downwards_sensor_sweep_120-20260625-124815,TesolloDownwardsRotateZ,TesolloDownwardsRotateZ-20260625-124824-downwardsrotatez_sb_forcemagnitude_s0,force.magnitude,0,2,32,1.6,0.91405,0.0,0.57023,2.57732,0.0,4.0616,3682863
downwards_rotate,downwards_sensor_sweep_120-20260625-124815,TesolloDownwardsRotateZ,TesolloDownwardsRotateZ-20260625-124824-downwardsrotatez_sb_forcemagnitude_s0,force.magnitude,0,2,33,1.65,0.95084,0.0,0.70805,2.37785,0.0,4.03674,3682863
downwards_rotate,downwards_sensor_sweep_120-20260625-124815,TesolloDownwardsRotateZ,TesolloDownwardsRotateZ-20260625-124824-downwardsrotatez_sb_forcemagnitude_s0,force.magnitude,0,2,34,1.7,0.96431,0.0,0.94677,2.22498,0.0,4.13607,3682863
downwards_rotate,downwards_sensor_sweep_120-20260625-124815,TesolloDownwardsRotateZ,TesolloDownwardsRotateZ-20260625-124824-downwardsrotatez_sb_forcemagnitude_s0,force.magnitude,0,2,35,1.75,1.00371,0.0,1.11253,2.06547,0.0,4.18171,3682863
downwards_rotate,downwards_sensor_sweep_120-20260625-124815,TesolloDownwardsRotateZ,TesolloDownwardsRotateZ-20260625-124824-downwardsrotatez_sb_forcemagnitude_s0,force.magnitude,0,2,36,1.8,1.06014,0.0,1.69037,1.59722,0.0,4.34772,3682863
downwards_rotate,downwards_sensor_sweep_120-20260625-124815,TesolloDownwardsRotateZ,TesolloDownwardsRotateZ-20260625-124824-downwardsrotatez_sb_forcemagnitude_s0,force.magnitude,0,2,37,1.85,1.1615,0.0,1.45811,1.67011,0.0,4.28972,3682863
downwards_rotate,downwards_sensor_sweep_120-20260625-124815,TesolloDownwardsRotateZ,TesolloDownwardsRotateZ-20260625-124824-downwardsrotatez_sb_forcemagnitude_s0,force.magnitude,0,2,38,1.9,1.17525,0.0,1.48977,1.6535,0.0,4.31853,3682863
downwards_rotate,downwards_sensor_sweep_120-20260625-124815,TesolloDownwardsRotateZ,TesolloDownwardsRotateZ-20260625-124824-downwardsrotatez_sb_forcemagnitude_s0,force.magnitude,0,2,39,1.95,1.18428,0.0,1.55172,1.59517,0.0,4.33116,3682863
downwards_rotate,downwards_sensor_sweep_120-20260625-124815,TesolloDownwardsRotateZ,TesolloDownwardsRotateZ-20260625-124824-downwardsrotatez_sb_forcemagnitude_s0,force.magnitude,0,2,40,2.0,1.19594,0.0,1.58567,1.56561,0.0,4.34722,3682863
downwards_rotate,downwards_sensor_sweep_120-20260625-124815,TesolloDownwardsRotateZ,TesolloDownwardsRotateZ-20260625-124824-downwardsrotatez_sb_forcemagnitude_s0,force.magnitude,0,2,41,2.05,1.19594,0.0,1.63412,1.52408,0.0,4.35414,3682863
downwards_rotate,downwards_sensor_sweep_120-20260625-124815,TesolloDownwardsRotateZ,TesolloDownwardsRotateZ-20260625-124824-downwardsrotatez_sb_forcemagnitude_s0,force.magnitude,0,2,42,2.1,1.0629,0.0,1.70782,1.36811,0.0,4.13883,3682863
downwards_rotate,downwards_sensor_sweep_120-20260625-124815,TesolloDownwardsRotateZ,TesolloDownwardsRotateZ-20260625-124824-downwardsrotatez_sb_forcemagnitude_s0,force.magnitude,0,2,43,2.15,0.91543,0.11432,2.33842,1.0552,0.0,4.42337,3682863
downwards_rotate,downwards_sensor_sweep_120-20260625-124815,TesolloDownwardsRotateZ,TesolloDownwardsRotateZ-20260625-124824-downwardsrotatez_sb_forcemagnitude_s0,force.magnitude,0,2,44,2.2,0.89973,0.0,2.07031,0.87121,0.0,3.84125,3682863
downwards_rotate,downwards_sensor_sweep_120-20260625-124815,TesolloDownwardsRotateZ,TesolloDownwardsRotateZ-20260625-124824-downwardsrotatez_sb_forcemagnitude_s0,force.magnitude,0,2,45,2.25,0.83184,0.0,2.10772,0.80889,0.0,3.74846,3682863
downwards_rotate,downwards_sensor_sweep_120-20260625-124815,TesolloDownwardsRotateZ,TesolloDownwardsRotateZ-20260625-124824-downwardsrotatez_sb_forcemagnitude_s0,force.magnitude,0,2,46,2.3,0.80909,0.09685,2.13806,0.75397,0.0,3.79797,3682863
downwards_rotate,downwards_sensor_sweep_120-20260625-124815,TesolloDownwardsRotateZ,TesolloDownwardsRotateZ-20260625-124824-downwardsrotatez_sb_forcemagnitude_s0,force.magnitude,0,2,47,2.35,0.79503,0.13123,2.16461,0.73468,0.0,3.82556,3682863
downwards_rotate,downwards_sensor_sweep_120-20260625-124815,TesolloDownwardsRotateZ,TesolloDownwardsRotateZ-20260625-124824-downwardsrotatez_sb_forcemagnitude_s0,force.magnitude,0,2,48,2.4,0.78001,0.14735,2.15054,0.76241,0.0,3.84031,3682863
downwards_rotate,downwards_sensor_sweep_120-20260625-124815,TesolloDownwardsRotateZ,TesolloDownwardsRotateZ-20260625-124824-downwardsrotatez_sb_forcemagnitude_s0,force.magnitude,0,2,49,2.45,0.65599,0.1542,1.97038,0.96554,0.0,3.74612,3682863
downwards_rotate,downwards_sensor_sweep_120-20260625-124815,TesolloDownwardsRotateZ,TesolloDownwardsRotateZ-20260625-124824-downwardsrotatez_sb_forcemagnitude_s0,force.magnitude,0,2,50,2.5,0.6607,0.13213,1.82501,0.99311,0.0,3.61095,3682863
downwards_rotate,downwards_sensor_sweep_120-20260625-124815,TesolloDownwardsRotateZ,TesolloDownwardsRotateZ-20260625-124824-downwardsrotatez_sb_forcemagnitude_s0,force.magnitude,0,2,51,2.55,0.7244,0.22166,1.94665,0.91322,0.0,3.80593,3682863
downwards_rotate,downwards_sensor_sweep_120-20260625-124815,TesolloDownwardsRotateZ,TesolloDownwardsRotateZ-20260625-124824-downwardsrotatez_sb_forcemagnitude_s0,force.magnitude,0,2,52,2.6,0.73028,0.21541,1.92304,0.9519,0.0,3.82064,3682863
downwards_rotate,downwards_sensor_sweep_120-20260625-124815,TesolloDownwardsRotateZ,TesolloDownwardsRotateZ-20260625-124824-downwardsrotatez_sb_forcemagnitude_s0,force.magnitude,0,2,53,2.65,0.74084,0.25536,1.87013,1.00355,0.0,3.86988,3682863
downwards_rotate,downwards_sensor_sweep_120-20260625-124815,TesolloDownwardsRotateZ,TesolloDownwardsRotateZ-20260625-124824-downwardsrotatez_sb_forcemagnitude_s0,force.magnitude,0,2,54,2.7,0.73747,0.33064,1.78141,1.07151,0.0,3.92103,3682863
downwards_rotate,downwards_sensor_sweep_120-20260625-124815,TesolloDownwardsRotateZ,TesolloDownwardsRotateZ-20260625-124824-downwardsrotatez_sb_forcemagnitude_s0,force.magnitude,0,2,55,2.75,0.73565,0.4023,1.65558,1.16457,0.0,3.95811,3682863
downwards_rotate,downwards_sensor_sweep_120-20260625-124815,TesolloDownwardsRotateZ,TesolloDownwardsRotateZ-20260625-124824-downwardsrotatez_sb_forcemagnitude_s0,force.magnitude,0,2,56,2.8,0.73282,0.45702,1.49198,1.29076,0.0,3.97259,3682863
downwards_rotate,downwards_sensor_sweep_120-20260625-124815,TesolloDownwardsRotateZ,TesolloDownwardsRotateZ-20260625-124824-downwardsrotatez_sb_forcemagnitude_s0,force.magnitude,0,2,57,2.85,0.74144,0.48835,1.24729,1.48944,0.0,3.96652,3682863
downwards_rotate,downwards_sensor_sweep_120-20260625-124815,TesolloDownwardsRotateZ,TesolloDownwardsRotateZ-20260625-124824-downwardsrotatez_sb_forcemagnitude_s0,force.magnitude,0,2,58,2.9,0.75168,0.55975,0.96419,1.75654,0.0,4.03216,3682863
downwards_rotate,downwards_sensor_sweep_120-20260625-124815,TesolloDownwardsRotateZ,TesolloDownwardsRotateZ-20260625-124824-downwardsrotatez_sb_forcemagnitude_s0,force.magnitude,0,2,59,2.95,0.73577,0.70028,0.59492,2.13168,0.0,4.16265,3682863
downwards_rotate,downwards_sensor_sweep_120-20260625-124815,TesolloDownwardsRotateZ,TesolloDownwardsRotateZ-20260625-124824-downwardsrotatez_sb_forcemagnitude_s0,force.magnitude,0,2,60,3.0,0.68079,0.0,0.0,3.15173,0.0,3.83252,3682863
downwards_rotate,downwards_sensor_sweep_120-20260625-124815,TesolloDownwardsRotateZ,TesolloDownwardsRotateZ-20260625-124824-downwardsrotatez_sb_forcemagnitude_s0,force.magnitude,0,2,61,3.05,0.64281,0.57496,0.0,3.51936,0.0,4.73713,3682863
downwards_rotate,downwards_sensor_sweep_120-20260625-124815,TesolloDownwardsRotateZ,TesolloDownwardsRotateZ-20260625-124824-downwardsrotatez_sb_forcemagnitude_s0,force.magnitude,0,2,62,3.1,1.03834,0.45876,0.0,3.49377,0.0,4.99087,3682863
downwards_rotate,downwards_sensor_sweep_120-20260625-124815,TesolloDownwardsRotateZ,TesolloDownwardsRotateZ-20260625-124824-downwardsrotatez_sb_forcemagnitude_s0,force.magnitude,0,2,63,3.15,0.88586,0.98747,0.0,5.16755,0.0,7.04088,3682863
downwards_rotate,downwards_sensor_sweep_120-20260625-124815,TesolloDownwardsRotateZ,TesolloDownwardsRotateZ-20260625-124824-downwardsrotatez_sb_forcemagnitude_s0,force.magnitude,0,2,64,3.2,1.40893,0.0,0.0,3.05189,0.0,4.46081,3682863
downwards_rotate,downwards_sensor_sweep_120-20260625-124815,TesolloDownwardsRotateZ,TesolloDownwardsRotateZ-20260625-124824-downwardsrotatez_sb_forcemagnitude_s0,force.magnitude,0,2,65,3.25,1.48679,0.0,0.0,3.31196,0.0,4.79875,3682863
downwards_rotate,downwards_sensor_sweep_120-20260625-124815,TesolloDownwardsRotateZ,TesolloDownwardsRotateZ-20260625-124824-downwardsrotatez_sb_forcemagnitude_s0,force.magnitude,0,2,66,3.3,1.54625,0.0,0.0,1.87908,0.0,3.42533,3682863
downwards_rotate,downwards_sensor_sweep_120-20260625-124815,TesolloDownwardsRotateZ,TesolloDownwardsRotateZ-20260625-124824-downwardsrotatez_sb_forcemagnitude_s0,force.magnitude,0,2,67,3.35,1.59179,0.0,0.0,1.47988,0.0,3.07167,3682863
downwards_rotate,downwards_sensor_sweep_120-20260625-124815,TesolloDownwardsRotateZ,TesolloDownwardsRotateZ-20260625-124824-downwardsrotatez_sb_forcemagnitude_s0,force.magnitude,0,2,68,3.4,1.54115,0.0,0.8508,1.88932,0.0,4.28127,3682863
downwards_rotate,downwards_sensor_sweep_120-20260625-124815,TesolloDownwardsRotateZ,TesolloDownwardsRotateZ-20260625-124824-downwardsrotatez_sb_forcemagnitude_s0,force.magnitude,0,2,69,3.45,1.49048,0.0,1.19143,1.34383,0.0,4.02574,3682863
downwards_rotate,downwards_sensor_sweep_120-20260625-124815,TesolloDownwardsRotateZ,TesolloDownwardsRotateZ-20260625-124824-downwardsrotatez_sb_forcemagnitude_s0,force.magnitude,0,2,70,3.5,1.41839,0.0,1.5337,1.2321,0.0,4.18419,3682863
downwards_rotate,downwards_sensor_sweep_120-20260625-124815,TesolloDownwardsRotateZ,TesolloDownwardsRotateZ-20260625-124824-downwardsrotatez_sb_forcemagnitude_s0,force.magnitude,0,2,71,3.55,1.38783,0.0,1.66273,1.01557,0.0,4.06614,3682863
downwards_rotate,downwards_sensor_sweep_120-20260625-124815,TesolloDownwardsRotateZ,TesolloDownwardsRotateZ-20260625-124824-downwardsrotatez_sb_forcemagnitude_s0,force.magnitude,0,2,72,3.6,1.27361,0.0,2.06553,0.7362,0.0,4.07535,3682863
downwards_rotate,downwards_sensor_sweep_120-20260625-124815,TesolloDownwardsRotateZ,TesolloDownwardsRotateZ-20260625-124824-downwardsrotatez_sb_forcemagnitude_s0,force.magnitude,0,2,73,3.65,1.25404,0.0,2.04198,0.59406,0.0,3.89008,3682863
downwards_rotate,downwards_sensor_sweep_120-20260625-124815,TesolloDownwardsRotateZ,TesolloDownwardsRotateZ-20260625-124824-downwardsrotatez_sb_forcemagnitude_s0,force.magnitude,0,2,74,3.7,1.30085,0.0,2.05344,0.56204,0.0,3.91634,3682863
downwards_rotate,downwards_sensor_sweep_120-20260625-124815,TesolloDownwardsRotateZ,TesolloDownwardsRotateZ-20260625-124824-downwardsrotatez_sb_forcemagnitude_s0,force.magnitude,0,2,75,3.75,0.98936,0.18168,2.61237,0.17364,0.0,3.95705,3682863
downwards_rotate,downwards_sensor_sweep_120-20260625-124815,TesolloDownwardsRotateZ,TesolloDownwardsRotateZ-20260625-124824-downwardsrotatez_sb_forcemagnitude_s0,force.magnitude,0,2,76,3.8,0.99961,0.11134,2.41844,0.0,0.0,3.5294,3682863
downwards_rotate,downwards_sensor_sweep_120-20260625-124815,TesolloDownwardsRotateZ,TesolloDownwardsRotateZ-20260625-124824-downwardsrotatez_sb_forcemagnitude_s0,force.magnitude,0,2,77,3.85,1.08187,0.17521,2.6537,0.0,0.0,3.91078,3682863
downwards_rotate,downwards_sensor_sweep_120-20260625-124815,TesolloDownwardsRotateZ,TesolloDownwardsRotateZ-20260625-124824-downwardsrotatez_sb_forcemagnitude_s0,force.magnitude,0,2,78,3.9,1.50575,0.23797,1.87005,0.72632,0.0,4.34009,3682863
downwards_rotate,downwards_sensor_sweep_120-20260625-124815,TesolloDownwardsRotateZ,TesolloDownwardsRotateZ-20260625-124824-downwardsrotatez_sb_forcemagnitude_s0,force.magnitude,0,2,79,3.95,1.16695,0.10132,2.24736,0.86705,0.0,4.38268,3682863
downwards_rotate,downwards_sensor_sweep_120-20260625-124815,TesolloDownwardsRotateZ,TesolloDownwardsRotateZ-20260625-124824-downwardsrotatez_sb_forcemagnitude_s0,force.magnitude,0,2,80,4.0,0.85269,0.26597,2.77055,0.53622,0.0,4.42543,3682863
downwards_rotate,downwards_sensor_sweep_120-20260625-124815,TesolloDownwardsRotateZ,TesolloDownwardsRotateZ-20260625-124824-downwardsrotatez_sb_forcemagnitude_s0,force.magnitude,0,2,81,4.05,0.93596,0.43016,2.31364,0.60846,0.0,4.28823,3682863
downwards_rotate,downwards_sensor_sweep_120-20260625-124815,TesolloDownwardsRotateZ,TesolloDownwardsRotateZ-20260625-124824-downwardsrotatez_sb_forcemagnitude_s0,force.magnitude,0,2,82,4.1,0.8979,0.53938,2.37562,0.45407,0.0,4.26697,3682863
downwards_rotate,downwards_sensor_sweep_120-20260625-124815,TesolloDownwardsRotateZ,TesolloDownwardsRotateZ-20260625-124824-downwardsrotatez_sb_forcemagnitude_s0,force.magnitude,0,2,83,4.15,0.86951,0.51947,2.31346,0.49788,0.0,4.20032,3682863
downwards_rotate,downwards_sensor_sweep_120-20260625-124815,TesolloDownwardsRotateZ,TesolloDownwardsRotateZ-20260625-124824-downwardsrotatez_sb_forcemagnitude_s0,force.magnitude,0,2,84,4.2,0.85832,0.54937,2.33992,0.53659,0.0,4.2842,3682863
downwards_rotate,downwards_sensor_sweep_120-20260625-124815,TesolloDownwardsRotateZ,TesolloDownwardsRotateZ-20260625-124824-downwardsrotatez_sb_forcemagnitude_s0,force.magnitude,0,2,85,4.25,0.84743,0.5721,2.35522,0.62572,0.0,4.40046,3682863
downwards_rotate,downwards_sensor_sweep_120-20260625-124815,TesolloDownwardsRotateZ,TesolloDownwardsRotateZ-20260625-124824-downwardsrotatez_sb_forcemagnitude_s0,force.magnitude,0,2,86,4.3,0.84074,0.60993,2.35629,0.72983,0.0,4.53678,3682863
downwards_rotate,downwards_sensor_sweep_120-20260625-124815,TesolloDownwardsRotateZ,TesolloDownwardsRotateZ-20260625-124824-downwardsrotatez_sb_forcemagnitude_s0,force.magnitude,0,2,87,4.35,0.85521,0.68891,2.12073,0.89618,0.0,4.56102,3682863
downwards_rotate,downwards_sensor_sweep_120-20260625-124815,TesolloDownwardsRotateZ,TesolloDownwardsRotateZ-20260625-124824-downwardsrotatez_sb_forcemagnitude_s0,force.magnitude,0,2,88,4.4,0.84935,0.84344,1.64912,1.1588,0.0,4.5007,3682863
downwards_rotate,downwards_sensor_sweep_120-20260625-124815,TesolloDownwardsRotateZ,TesolloDownwardsRotateZ-20260625-124824-downwardsrotatez_sb_forcemagnitude_s0,force.magnitude,0,2,89,4.45,0.86333,1.05279,1.04504,1.64977,0.0,4.61093,3682863
downwards_rotate,downwards_sensor_sweep_120-20260625-124815,TesolloDownwardsRotateZ,TesolloDownwardsRotateZ-20260625-124824-downwardsrotatez_sb_forcemagnitude_s0,force.magnitude,0,2,90,4.5,0.51544,1.1888,0.0,2.98794,0.0,4.69219,3682863
downwards_rotate,downwards_sensor_sweep_120-20260625-124815,TesolloDownwardsRotateZ,TesolloDownwardsRotateZ-20260625-124824-downwardsrotatez_sb_forcemagnitude_s0,force.magnitude,0,2,91,4.55,0.82726,0.97928,0.0,3.53758,0.0,5.34412,3682863
downwards_rotate,downwards_sensor_sweep_120-20260625-124815,TesolloDownwardsRotateZ,TesolloDownwardsRotateZ-20260625-124824-downwardsrotatez_sb_forcemagnitude_s0,force.magnitude,0,2,92,4.6,1.60623,0.58427,0.0,3.31965,0.0,5.51015,3682863
downwards_rotate,downwards_sensor_sweep_120-20260625-124815,TesolloDownwardsRotateZ,TesolloDownwardsRotateZ-20260625-124824-downwardsrotatez_sb_forcemagnitude_s0,force.magnitude,0,2,93,4.65,1.74871,0.0,0.0,3.23184,0.0,4.98055,3682863
downwards_rotate,downwards_sensor_sweep_120-20260625-124815,TesolloDownwardsRotateZ,TesolloDownwardsRotateZ-20260625-124824-downwardsrotatez_sb_forcemagnitude_s0,force.magnitude,0,2,94,4.7,1.69201,0.0,0.0,3.16741,0.0,4.85942,3682863
downwards_rotate,downwards_sensor_sweep_120-20260625-124815,TesolloDownwardsRotateZ,TesolloDownwardsRotateZ-20260625-124824-downwardsrotatez_sb_forcemagnitude_s0,force.magnitude,0,2,95,4.75,1.8806,0.0,0.0,4.00741,0.0,5.88801,3682863
downwards_rotate,downwards_sensor_sweep_120-20260625-124815,TesolloDownwardsRotateZ,TesolloDownwardsRotateZ-20260625-124824-downwardsrotatez_sb_forcemagnitude_s0,force.magnitude,0,2,96,4.8,1.63397,0.0,0.0,3.31622,0.0,4.95019,3682863
downwards_rotate,downwards_sensor_sweep_120-20260625-124815,TesolloDownwardsRotateZ,TesolloDownwardsRotateZ-20260625-124824-downwardsrotatez_sb_forcemagnitude_s0,force.magnitude,0,2,97,4.85,1.72032,0.0,0.0,1.69904,0.0,3.41936,3682863
downwards_rotate,downwards_sensor_sweep_120-20260625-124815,TesolloDownwardsRotateZ,TesolloDownwardsRotateZ-20260625-124824-downwardsrotatez_sb_forcemagnitude_s0,force.magnitude,0,2,98,4.9,1.69738,0.0,0.0,1.45799,0.0,3.15537,3682863
downwards_rotate,downwards_sensor_sweep_120-20260625-124815,TesolloDownwardsRotateZ,TesolloDownwardsRotateZ-20260625-124824-downwardsrotatez_sb_forcemagnitude_s0,force.magnitude,0,2,99,4.95,1.66337,0.0,0.81982,1.81565,0.0,4.29884,3682863
downwards_rotate,downwards_sensor_sweep_120-20260625-124815,TesolloDownwardsRotateZ,TesolloDownwardsRotateZ-20260625-124824-downwardsrotatez_sb_forcemagnitude_s0,force.magnitude,0,2,100,5.0,1.62124,0.0,1.6491,1.80532,0.0,5.07566,3682863
downwards_rotate,downwards_sensor_sweep_120-20260625-124815,TesolloDownwardsRotateZ,TesolloDownwardsRotateZ-20260625-124824-downwardsrotatez_sb_forcemagnitude_s0,force.magnitude,0,2,101,5.05,1.81341,0.0,0.97005,3.30552,0.0,6.08898,3682863
downwards_rotate,downwards_sensor_sweep_120-20260625-124815,TesolloDownwardsRotateZ,TesolloDownwardsRotateZ-20260625-124824-downwardsrotatez_sb_forcemagnitude_s0,force.magnitude,0,2,102,5.1,1.57239,0.0,2.19687,0.85214,0.0,4.62139,3682863
downwards_rotate,downwards_sensor_sweep_120-20260625-124815,TesolloDownwardsRotateZ,TesolloDownwardsRotateZ-20260625-124824-downwardsrotatez_sb_forcemagnitude_s0,force.magnitude,0,2,103,5.15,1.42003,0.0,1.86934,0.71889,0.0,4.00826,3682863
downwards_rotate,downwards_sensor_sweep_120-20260625-124815,TesolloDownwardsRotateZ,TesolloDownwardsRotateZ-20260625-124824-downwardsrotatez_sb_forcemagnitude_s0,force.magnitude,0,2,104,5.2,1.36265,0.0,2.15406,0.5676,0.0,4.08432,3682863
downwards_rotate,downwards_sensor_sweep_120-20260625-124815,TesolloDownwardsRotateZ,TesolloDownwardsRotateZ-20260625-124824-downwardsrotatez_sb_forcemagnitude_s0,force.magnitude,0,2,105,5.25,1.38777,0.0,2.15745,0.50339,0.0,4.04861,3682863
downwards_rotate,downwards_sensor_sweep_120-20260625-124815,TesolloDownwardsRotateZ,TesolloDownwardsRotateZ-20260625-124824-downwardsrotatez_sb_forcemagnitude_s0,force.magnitude,0,2,106,5.3,1.43644,0.11507,2.2158,0.44403,0.0,4.21135,3682863
downwards_rotate,downwards_sensor_sweep_120-20260625-124815,TesolloDownwardsRotateZ,TesolloDownwardsRotateZ-20260625-124824-downwardsrotatez_sb_forcemagnitude_s0,force.magnitude,0,2,107,5.35,1.48245,0.4805,0.0,2.43933,0.0,4.40227,3682863
downwards_rotate,downwards_sensor_sweep_120-20260625-124815,TesolloDownwardsRotateZ,TesolloDownwardsRotateZ-20260625-124824-downwardsrotatez_sb_forcemagnitude_s0,force.magnitude,0,2,108,5.4,1.60892,0.0,2.15046,0.79349,0.0,4.55287,3682863
downwards_rotate,downwards_sensor_sweep_120-20260625-124815,TesolloDownwardsRotateZ,TesolloDownwardsRotateZ-20260625-124824-downwardsrotatez_sb_forcemagnitude_s0,force.magnitude,0,2,109,5.45,1.58285,0.0,2.64526,0.0,0.0,4.22811,3682863
downwards_rotate,downwards_sensor_sweep_120-20260625-124815,TesolloDownwardsRotateZ,TesolloDownwardsRotateZ-20260625-124824-downwardsrotatez_sb_forcemagnitude_s0,force.magnitude,0,2,110,5.5,1.53864,0.0,2.07451,0.6389,0.0,4.25205,3682863
downwards_rotate,downwards_sensor_sweep_120-20260625-124815,TesolloDownwardsRotateZ,TesolloDownwardsRotateZ-20260625-124824-downwardsrotatez_sb_forcemagnitude_s0,force.magnitude,0,2,111,5.55,1.56666,0.09605,2.3072,0.36877,0.0,4.33868,3682863
downwards_rotate,downwards_sensor_sweep_120-20260625-124815,TesolloDownwardsRotateZ,TesolloDownwardsRotateZ-20260625-124824-downwardsrotatez_sb_forcemagnitude_s0,force.magnitude,0,2,112,5.6,1.58594,0.09363,2.26561,0.38462,0.0,4.3298,3682863
downwards_rotate,downwards_sensor_sweep_120-20260625-124815,TesolloDownwardsRotateZ,TesolloDownwardsRotateZ-20260625-124824-downwardsrotatez_sb_forcemagnitude_s0,force.magnitude,0,2,113,5.65,0.50938,0.75924,0.96347,3.0461,0.0,5.2782,3682863
downwards_rotate,downwards_sensor_sweep_120-20260625-124815,TesolloDownwardsRotateZ,TesolloDownwardsRotateZ-20260625-124824-downwardsrotatez_sb_forcemagnitude_s0,force.magnitude,0,2,114,5.7,1.74423,1.01389,2.64868,0.10234,0.0,5.50914,3682863
downwards_rotate,downwards_sensor_sweep_120-20260625-124815,TesolloDownwardsRotateZ,TesolloDownwardsRotateZ-20260625-124824-downwardsrotatez_sb_forcemagnitude_s0,force.magnitude,0,2,115,5.75,1.70085,0.4058,2.48306,0.36696,0.0,4.95667,3682863
downwards_rotate,downwards_sensor_sweep_120-20260625-124815,TesolloDownwardsRotateZ,TesolloDownwardsRotateZ-20260625-124824-downwardsrotatez_sb_forcemagnitude_s0,force.magnitude,0,2,116,5.8,1.31908,0.27149,2.36536,0.53438,0.0,4.49031,3682863
downwards_rotate,downwards_sensor_sweep_120-20260625-124815,TesolloDownwardsRotateZ,TesolloDownwardsRotateZ-20260625-124824-downwardsrotatez_sb_forcemagnitude_s0,force.magnitude,0,2,117,5.85,1.26657,0.26955,2.32448,0.56539,0.0,4.426,3682863
downwards_rotate,downwards_sensor_sweep_120-20260625-124815,TesolloDownwardsRotateZ,TesolloDownwardsRotateZ-20260625-124824-downwardsrotatez_sb_forcemagnitude_s0,force.magnitude,0,2,118,5.9,1.11586,0.34843,2.25293,0.63622,0.0,4.35344,3682863
downwards_rotate,downwards_sensor_sweep_120-20260625-124815,TesolloDownwardsRotateZ,TesolloDownwardsRotateZ-20260625-124824-downwardsrotatez_sb_forcemagnitude_s0,force.magnitude,0,2,119,5.95,1.03183,0.48007,2.08818,0.72221,0.0,4.32229,3682863
downwards_rotate,downwards_sensor_sweep_120-20260625-124815,TesolloDownwardsRotateZ,TesolloDownwardsRotateZ-20260625-124824-downwardsrotatez_sb_forcemagnitude_s0,force.magnitude,0,3,0,0.0,0.0,0.0,0.0,0.0,0.0,0.0,3682863
downwards_rotate,downwards_sensor_sweep_120-20260625-124815,TesolloDownwardsRotateZ,TesolloDownwardsRotateZ-20260625-124824-downwardsrotatez_sb_forcemagnitude_s0,force.magnitude,0,3,1,0.05,0.0,0.0,0.0,0.0,0.0,0.0,3682863
downwards_rotate,downwards_sensor_sweep_120-20260625-124815,TesolloDownwardsRotateZ,TesolloDownwardsRotateZ-20260625-124824-downwardsrotatez_sb_forcemagnitude_s0,force.magnitude,0,3,2,0.1,0.0,0.0,0.0,0.0,0.0,0.0,3682863
downwards_rotate,downwards_sensor_sweep_120-20260625-124815,TesolloDownwardsRotateZ,TesolloDownwardsRotateZ-20260625-124824-downwardsrotatez_sb_forcemagnitude_s0,force.magnitude,0,3,3,0.15,0.0,0.0,0.0,0.0,0.0,0.0,3682863
downwards_rotate,downwards_sensor_sweep_120-20260625-124815,TesolloDownwardsRotateZ,TesolloDownwardsRotateZ-20260625-124824-downwardsrotatez_sb_forcemagnitude_s0,force.magnitude,0,3,4,0.2,3.39115,0.0,0.0,3.25119,1.36158,8.00393,3682863
downwards_rotate,downwards_sensor_sweep_120-20260625-124815,TesolloDownwardsRotateZ,TesolloDownwardsRotateZ-20260625-124824-downwardsrotatez_sb_forcemagnitude_s0,force.magnitude,0,3,5,0.25,2.0427,0.0,0.0,3.23097,0.0,5.27367,3682863
downwards_rotate,downwards_sensor_sweep_120-20260625-124815,TesolloDownwardsRotateZ,TesolloDownwardsRotateZ-20260625-124824-downwardsrotatez_sb_forcemagnitude_s0,force.magnitude,0,3,6,0.3,2.36239,1.96283,0.0,3.20273,0.0,7.52795,3682863
downwards_rotate,downwards_sensor_sweep_120-20260625-124815,TesolloDownwardsRotateZ,TesolloDownwardsRotateZ-20260625-124824-downwardsrotatez_sb_forcemagnitude_s0,force.magnitude,0,3,7,0.35,2.26884,2.37794,1.09526,2.43604,1.95671,10.13479,3682863
downwards_rotate,downwards_sensor_sweep_120-20260625-124815,TesolloDownwardsRotateZ,TesolloDownwardsRotateZ-20260625-124824-downwardsrotatez_sb_forcemagnitude_s0,force.magnitude,0,3,8,0.4,1.40033,2.34762,2.3098,1.76864,0.0,7.8264,3682863
downwards_rotate,downwards_sensor_sweep_120-20260625-124815,TesolloDownwardsRotateZ,TesolloDownwardsRotateZ-20260625-124824-downwardsrotatez_sb_forcemagnitude_s0,force.magnitude,0,3,9,0.45,2.07132,2.2499,2.77757,0.0686,0.0,7.16739,3682863
downwards_rotate,downwards_sensor_sweep_120-20260625-124815,TesolloDownwardsRotateZ,TesolloDownwardsRotateZ-20260625-124824-downwardsrotatez_sb_forcemagnitude_s0,force.magnitude,0,3,10,0.5,2.79683,1.42837,2.9369,0.0,0.0,7.1621,3682863
downwards_rotate,downwards_sensor_sweep_120-20260625-124815,TesolloDownwardsRotateZ,TesolloDownwardsRotateZ-20260625-124824-downwardsrotatez_sb_forcemagnitude_s0,force.magnitude,0,3,11,0.55,3.11263,1.51401,3.06134,0.0,0.0,7.68799,3682863
downwards_rotate,downwards_sensor_sweep_120-20260625-124815,TesolloDownwardsRotateZ,TesolloDownwardsRotateZ-20260625-124824-downwardsrotatez_sb_forcemagnitude_s0,force.magnitude,0,3,12,0.6,3.17203,0.0,3.74918,0.0,0.0,6.92121,3682863
downwards_rotate,downwards_sensor_sweep_120-20260625-124815,TesolloDownwardsRotateZ,TesolloDownwardsRotateZ-20260625-124824-downwardsrotatez_sb_forcemagnitude_s0,force.magnitude,0,3,13,0.65,2.83526,0.0,4.17397,0.0,0.0,7.00923,3682863
downwards_rotate,downwards_sensor_sweep_120-20260625-124815,TesolloDownwardsRotateZ,TesolloDownwardsRotateZ-20260625-124824-downwardsrotatez_sb_forcemagnitude_s0,force.magnitude,0,3,14,0.7,3.55039,0.0,4.2289,0.0,0.0,7.77928,3682863
downwards_rotate,downwards_sensor_sweep_120-20260625-124815,TesolloDownwardsRotateZ,TesolloDownwardsRotateZ-20260625-124824-downwardsrotatez_sb_forcemagnitude_s0,force.magnitude,0,3,15,0.75,3.77022,0.0,4.15445,0.58546,0.0,8.51013,3682863
downwards_rotate,downwards_sensor_sweep_120-20260625-124815,TesolloDownwardsRotateZ,TesolloDownwardsRotateZ-20260625-124824-downwardsrotatez_sb_forcemagnitude_s0,force.magnitude,0,3,16,0.8,3.622,0.0,4.13991,0.5368,0.0,8.29871,3682863
downwards_rotate,downwards_sensor_sweep_120-20260625-124815,TesolloDownwardsRotateZ,TesolloDownwardsRotateZ-20260625-124824-downwardsrotatez_sb_forcemagnitude_s0,force.magnitude,0,3,17,0.85,3.7398,0.0,4.25254,0.52673,0.0,8.51908,3682863
downwards_rotate,downwards_sensor_sweep_120-20260625-124815,TesolloDownwardsRotateZ,TesolloDownwardsRotateZ-20260625-124824-downwardsrotatez_sb_forcemagnitude_s0,force.magnitude,0,3,18,0.9,3.7146,0.0,4.20368,0.57373,0.0,8.492,3682863
downwards_rotate,downwards_sensor_sweep_120-20260625-124815,TesolloDownwardsRotateZ,TesolloDownwardsRotateZ-20260625-124824-downwardsrotatez_sb_forcemagnitude_s0,force.magnitude,0,3,19,0.95,4.01642,1.09129,3.66534,0.40836,0.0,9.18142,3682863
downwards_rotate,downwards_sensor_sweep_120-20260625-124815,TesolloDownwardsRotateZ,TesolloDownwardsRotateZ-20260625-124824-downwardsrotatez_sb_forcemagnitude_s0,force.magnitude,0,3,20,1.0,4.07814,1.29096,3.71854,0.2624,0.0,9.35003,3682863
downwards_rotate,downwards_sensor_sweep_120-20260625-124815,TesolloDownwardsRotateZ,TesolloDownwardsRotateZ-20260625-124824-downwardsrotatez_sb_forcemagnitude_s0,force.magnitude,0,3,21,1.05,4.47275,1.55812,3.32182,0.0,0.0,9.35269,3682863
downwards_rotate,downwards_sensor_sweep_120-20260625-124815,TesolloDownwardsRotateZ,TesolloDownwardsRotateZ-20260625-124824-downwardsrotatez_sb_forcemagnitude_s0,force.magnitude,0,3,22,1.1,4.63345,2.06764,3.28219,0.0,0.0,9.98329,3682863
downwards_rotate,downwards_sensor_sweep_120-20260625-124815,TesolloDownwardsRotateZ,TesolloDownwardsRotateZ-20260625-124824-downwardsrotatez_sb_forcemagnitude_s0,force.magnitude,0,3,23,1.15,4.74041,2.10492,3.21708,0.0,0.0,10.06242,3682863
downwards_rotate,downwards_sensor_sweep_120-20260625-124815,TesolloDownwardsRotateZ,TesolloDownwardsRotateZ-20260625-124824-downwardsrotatez_sb_forcemagnitude_s0,force.magnitude,0,3,24,1.2,4.8151,2.18068,3.13902,0.0,0.0,10.13481,3682863
downwards_rotate,downwards_sensor_sweep_120-20260625-124815,TesolloDownwardsRotateZ,TesolloDownwardsRotateZ-20260625-124824-downwardsrotatez_sb_forcemagnitude_s0,force.magnitude,0,3,25,1.25,4.86163,2.24387,3.07852,0.0,0.0,10.18403,3682863
downwards_rotate,downwards_sensor_sweep_120-20260625-124815,TesolloDownwardsRotateZ,TesolloDownwardsRotateZ-20260625-124824-downwardsrotatez_sb_forcemagnitude_s0,force.magnitude,0,3,26,1.3,4.91588,2.30239,3.05275,0.0,0.0,10.27102,3682863
downwards_rotate,downwards_sensor_sweep_120-20260625-124815,TesolloDownwardsRotateZ,TesolloDownwardsRotateZ-20260625-124824-downwardsrotatez_sb_forcemagnitude_s0,force.magnitude,0,3,27,1.35,4.94527,2.34274,3.03719,0.0,0.0,10.3252,3682863
downwards_rotate,downwards_sensor_sweep_120-20260625-124815,TesolloDownwardsRotateZ,TesolloDownwardsRotateZ-20260625-124824-downwardsrotatez_sb_forcemagnitude_s0,force.magnitude,0,3,28,1.4,4.94957,2.36715,3.00475,0.0,0.0,10.32146,3682863
downwards_rotate,downwards_sensor_sweep_120-20260625-124815,TesolloDownwardsRotateZ,TesolloDownwardsRotateZ-20260625-124824-downwardsrotatez_sb_forcemagnitude_s0,force.magnitude,0,3,29,1.45,4.93818,2.378,2.95542,0.0,0.0,10.2716,3682863
downwards_rotate,downwards_sensor_sweep_120-20260625-124815,TesolloDownwardsRotateZ,TesolloDownwardsRotateZ-20260625-124824-downwardsrotatez_sb_forcemagnitude_s0,force.magnitude,0,3,30,1.5,4.92809,2.39597,2.94066,0.0,0.0,10.26472,3682863
downwards_rotate,downwards_sensor_sweep_120-20260625-124815,TesolloDownwardsRotateZ,TesolloDownwardsRotateZ-20260625-124824-downwardsrotatez_sb_forcemagnitude_s0,force.magnitude,0,3,31,1.55,4.93909,2.42549,2.93979,0.0,0.0,10.30437,3682863
downwards_rotate,downwards_sensor_sweep_120-20260625-124815,TesolloDownwardsRotateZ,TesolloDownwardsRotateZ-20260625-124824-downwardsrotatez_sb_forcemagnitude_s0,force.magnitude,0,3,32,1.6,4.95404,2.45409,2.93845,0.0,0.0,10.34658,3682863
downwards_rotate,downwards_sensor_sweep_120-20260625-124815,TesolloDownwardsRotateZ,TesolloDownwardsRotateZ-20260625-124824-downwardsrotatez_sb_forcemagnitude_s0,force.magnitude,0,3,33,1.65,4.9651,2.48066,2.89795,0.0,0.0,10.34371,3682863
downwards_rotate,downwards_sensor_sweep_120-20260625-124815,TesolloDownwardsRotateZ,TesolloDownwardsRotateZ-20260625-124824-downwardsrotatez_sb_forcemagnitude_s0,force.magnitude,0,3,34,1.7,4.99638,2.52367,2.8694,0.0,0.0,10.38944,3682863
downwards_rotate,downwards_sensor_sweep_120-20260625-124815,TesolloDownwardsRotateZ,TesolloDownwardsRotateZ-20260625-124824-downwardsrotatez_sb_forcemagnitude_s0,force.magnitude,0,3,35,1.75,5.01217,2.57047,2.84581,0.0,0.0,10.42845,3682863
downwards_rotate,downwards_sensor_sweep_120-20260625-124815,TesolloDownwardsRotateZ,TesolloDownwardsRotateZ-20260625-124824-downwardsrotatez_sb_forcemagnitude_s0,force.magnitude,0,3,36,1.8,5.04407,2.60278,2.8425,0.0,0.0,10.48936,3682863
downwards_rotate,downwards_sensor_sweep_120-20260625-124815,TesolloDownwardsRotateZ,TesolloDownwardsRotateZ-20260625-124824-downwardsrotatez_sb_forcemagnitude_s0,force.magnitude,0,3,37,1.85,5.0612,2.62917,2.84535,0.0,0.0,10.53572,3682863
downwards_rotate,downwards_sensor_sweep_120-20260625-124815,TesolloDownwardsRotateZ,TesolloDownwardsRotateZ-20260625-124824-downwardsrotatez_sb_forcemagnitude_s0,force.magnitude,0,3,38,1.9,5.07625,2.65618,2.83553,0.0,0.0,10.56797,3682863
downwards_rotate,downwards_sensor_sweep_120-20260625-124815,TesolloDownwardsRotateZ,TesolloDownwardsRotateZ-20260625-124824-downwardsrotatez_sb_forcemagnitude_s0,force.magnitude,0,3,39,1.95,5.07243,2.69035,2.81081,0.0,0.0,10.5736,3682863
downwards_rotate,downwards_sensor_sweep_120-20260625-124815,TesolloDownwardsRotateZ,TesolloDownwardsRotateZ-20260625-124824-downwardsrotatez_sb_forcemagnitude_s0,force.magnitude,0,3,40,2.0,5.09306,2.73614,2.81301,0.0,0.0,10.64221,3682863
downwards_rotate,downwards_sensor_sweep_120-20260625-124815,TesolloDownwardsRotateZ,TesolloDownwardsRotateZ-20260625-124824-downwardsrotatez_sb_forcemagnitude_s0,force.magnitude,0,3,41,2.05,5.09374,2.75356,2.8163,0.0,0.0,10.6636,3682863
downwards_rotate,downwards_sensor_sweep_120-20260625-124815,TesolloDownwardsRotateZ,TesolloDownwardsRotateZ-20260625-124824-downwardsrotatez_sb_forcemagnitude_s0,force.magnitude,0,3,42,2.1,5.10985,2.77517,2.82274,0.0,0.0,10.70777,3682863
downwards_rotate,downwards_sensor_sweep_120-20260625-124815,TesolloDownwardsRotateZ,TesolloDownwardsRotateZ-20260625-124824-downwardsrotatez_sb_forcemagnitude_s0,force.magnitude,0,3,43,2.15,5.09383,2.78805,2.80322,0.0,0.0,10.68511,3682863
downwards_rotate,downwards_sensor_sweep_120-20260625-124815,TesolloDownwardsRotateZ,TesolloDownwardsRotateZ-20260625-124824-downwardsrotatez_sb_forcemagnitude_s0,force.magnitude,0,3,44,2.2,5.10406,2.79665,2.81304,0.0,0.0,10.71375,3682863
downwards_rotate,downwards_sensor_sweep_120-20260625-124815,TesolloDownwardsRotateZ,TesolloDownwardsRotateZ-20260625-124824-downwardsrotatez_sb_forcemagnitude_s0,force.magnitude,0,3,45,2.25,5.0988,2.80542,2.81148,0.0,0.0,10.7157,3682863
downwards_rotate,downwards_sensor_sweep_120-20260625-124815,TesolloDownwardsRotateZ,TesolloDownwardsRotateZ-20260625-124824-downwardsrotatez_sb_forcemagnitude_s0,force.magnitude,0,3,46,2.3,5.09307,2.8123,2.81386,0.0,0.0,10.71923,3682863
downwards_rotate,downwards_sensor_sweep_120-20260625-124815,TesolloDownwardsRotateZ,TesolloDownwardsRotateZ-20260625-124824-downwardsrotatez_sb_forcemagnitude_s0,force.magnitude,0,3,47,2.35,5.08688,2.81586,2.81522,0.0,0.0,10.71796,3682863
downwards_rotate,downwards_sensor_sweep_120-20260625-124815,TesolloDownwardsRotateZ,TesolloDownwardsRotateZ-20260625-124824-downwardsrotatez_sb_forcemagnitude_s0,force.magnitude,0,3,48,2.4,5.08084,2.81955,2.81721,0.0,0.0,10.7176,3682863
downwards_rotate,downwards_sensor_sweep_120-20260625-124815,TesolloDownwardsRotateZ,TesolloDownwardsRotateZ-20260625-124824-downwardsrotatez_sb_forcemagnitude_s0,force.magnitude,0,3,49,2.45,5.07535,2.82262,2.82092,0.0,0.0,10.71889,3682863
downwards_rotate,downwards_sensor_sweep_120-20260625-124815,TesolloDownwardsRotateZ,TesolloDownwardsRotateZ-20260625-124824-downwardsrotatez_sb_forcemagnitude_s0,force.magnitude,0,3,50,2.5,5.06811,2.8255,2.82375,0.0,0.0,10.71736,3682863
downwards_rotate,downwards_sensor_sweep_120-20260625-124815,TesolloDownwardsRotateZ,TesolloDownwardsRotateZ-20260625-124824-downwardsrotatez_sb_forcemagnitude_s0,force.magnitude,0,3,51,2.55,5.0609,2.82899,2.8261,0.0,0.0,10.71599,3682863
downwards_rotate,downwards_sensor_sweep_120-20260625-124815,TesolloDownwardsRotateZ,TesolloDownwardsRotateZ-20260625-124824-downwardsrotatez_sb_forcemagnitude_s0,force.magnitude,0,3,52,2.6,5.05234,2.83295,2.82772,0.0,0.0,10.71301,3682863
downwards_rotate,downwards_sensor_sweep_120-20260625-124815,TesolloDownwardsRotateZ,TesolloDownwardsRotateZ-20260625-124824-downwardsrotatez_sb_forcemagnitude_s0,force.magnitude,0,3,53,2.65,5.04381,2.83679,2.82951,0.0,0.0,10.7101,3682863
downwards_rotate,downwards_sensor_sweep_120-20260625-124815,TesolloDownwardsRotateZ,TesolloDownwardsRotateZ-20260625-124824-downwardsrotatez_sb_forcemagnitude_s0,force.magnitude,0,3,54,2.7,5.03453,2.84099,2.83038,0.0,0.0,10.7059,3682863
downwards_rotate,downwards_sensor_sweep_120-20260625-124815,TesolloDownwardsRotateZ,TesolloDownwardsRotateZ-20260625-124824-downwardsrotatez_sb_forcemagnitude_s0,force.magnitude,0,3,55,2.75,5.02536,2.84614,2.8298,0.0,0.0,10.7013,3682863
downwards_rotate,downwards_sensor_sweep_120-20260625-124815,TesolloDownwardsRotateZ,TesolloDownwardsRotateZ-20260625-124824-downwardsrotatez_sb_forcemagnitude_s0,force.magnitude,0,3,56,2.8,5.01554,2.85151,2.82892,0.0,0.0,10.69596,3682863
downwards_rotate,downwards_sensor_sweep_120-20260625-124815,TesolloDownwardsRotateZ,TesolloDownwardsRotateZ-20260625-124824-downwardsrotatez_sb_forcemagnitude_s0,force.magnitude,0,3,57,2.85,5.00566,2.87314,2.78488,0.10529,0.0,10.76897,3682863
downwards_rotate,downwards_sensor_sweep_120-20260625-124815,TesolloDownwardsRotateZ,TesolloDownwardsRotateZ-20260625-124824-downwardsrotatez_sb_forcemagnitude_s0,force.magnitude,0,3,58,2.9,4.99992,2.8966,2.75978,0.12935,0.0,10.78565,3682863
downwards_rotate,downwards_sensor_sweep_120-20260625-124815,TesolloDownwardsRotateZ,TesolloDownwardsRotateZ-20260625-124824-downwardsrotatez_sb_forcemagnitude_s0,force.magnitude,0,3,59,2.95,4.99398,2.91241,2.74049,0.16157,0.0,10.80845,3682863
downwards_rotate,downwards_sensor_sweep_120-20260625-124815,TesolloDownwardsRotateZ,TesolloDownwardsRotateZ-20260625-124824-downwardsrotatez_sb_forcemagnitude_s0,force.magnitude,0,3,60,3.0,4.98878,2.92841,2.71883,0.19655,0.0,10.83257,3682863
downwards_rotate,downwards_sensor_sweep_120-20260625-124815,TesolloDownwardsRotateZ,TesolloDownwardsRotateZ-20260625-124824-downwardsrotatez_sb_forcemagnitude_s0,force.magnitude,0,3,61,3.05,4.98307,2.94436,2.69518,0.22976,0.0,10.85236,3682863
downwards_rotate,downwards_sensor_sweep_120-20260625-124815,TesolloDownwardsRotateZ,TesolloDownwardsRotateZ-20260625-124824-downwardsrotatez_sb_forcemagnitude_s0,force.magnitude,0,3,62,3.1,4.98067,2.95962,2.66587,0.25284,0.0,10.85899,3682863
downwards_rotate,downwards_sensor_sweep_120-20260625-124815,TesolloDownwardsRotateZ,TesolloDownwardsRotateZ-20260625-124824-downwardsrotatez_sb_forcemagnitude_s0,force.magnitude,0,3,63,3.15,4.97546,2.9729,2.64318,0.27894,0.0,10.87048,3682863
downwards_rotate,downwards_sensor_sweep_120-20260625-124815,TesolloDownwardsRotateZ,TesolloDownwardsRotateZ-20260625-124824-downwardsrotatez_sb_forcemagnitude_s0,force.magnitude,0,3,64,3.2,4.97488,2.98456,2.62466,0.3085,0.0,10.8926,3682863
downwards_rotate,downwards_sensor_sweep_120-20260625-124815,TesolloDownwardsRotateZ,TesolloDownwardsRotateZ-20260625-124824-downwardsrotatez_sb_forcemagnitude_s0,force.magnitude,0,3,65,3.25,4.98381,2.99674,2.60253,0.33272,0.0,10.91581,3682863
downwards_rotate,downwards_sensor_sweep_120-20260625-124815,TesolloDownwardsRotateZ,TesolloDownwardsRotateZ-20260625-124824-downwardsrotatez_sb_forcemagnitude_s0,force.magnitude,0,3,66,3.3,4.9795,3.01031,2.57952,0.36623,0.0,10.93557,3682863
downwards_rotate,downwards_sensor_sweep_120-20260625-124815,TesolloDownwardsRotateZ,TesolloDownwardsRotateZ-20260625-124824-downwardsrotatez_sb_forcemagnitude_s0,force.magnitude,0,3,67,3.35,4.97198,3.0216,2.54897,0.39391,0.0,10.93645,3682863
downwards_rotate,downwards_sensor_sweep_120-20260625-124815,TesolloDownwardsRotateZ,TesolloDownwardsRotateZ-20260625-124824-downwardsrotatez_sb_forcemagnitude_s0,force.magnitude,0,3,68,3.4,4.96344,3.03198,2.51825,0.42471,0.0,10.93838,3682863
downwards_rotate,downwards_sensor_sweep_120-20260625-124815,TesolloDownwardsRotateZ,TesolloDownwardsRotateZ-20260625-124824-downwardsrotatez_sb_forcemagnitude_s0,force.magnitude,0,3,69,3.45,4.96008,3.068,2.46541,0.4482,0.0,10.94169,3682863
downwards_rotate,downwards_sensor_sweep_120-20260625-124815,TesolloDownwardsRotateZ,TesolloDownwardsRotateZ-20260625-124824-downwardsrotatez_sb_forcemagnitude_s0,force.magnitude,0,3,70,3.5,4.94601,3.08007,2.44985,0.47521,0.0,10.95114,3682863
downwards_rotate,downwards_sensor_sweep_120-20260625-124815,TesolloDownwardsRotateZ,TesolloDownwardsRotateZ-20260625-124824-downwardsrotatez_sb_forcemagnitude_s0,force.magnitude,0,3,71,3.55,4.92253,3.0764,2.44118,0.5113,0.0,10.95142,3682863
downwards_rotate,downwards_sensor_sweep_120-20260625-124815,TesolloDownwardsRotateZ,TesolloDownwardsRotateZ-20260625-124824-downwardsrotatez_sb_forcemagnitude_s0,force.magnitude,0,3,72,3.6,4.94449,3.14367,2.21415,0.61656,0.0,10.91887,3682863
downwards_rotate,downwards_sensor_sweep_120-20260625-124815,TesolloDownwardsRotateZ,TesolloDownwardsRotateZ-20260625-124824-downwardsrotatez_sb_forcemagnitude_s0,force.magnitude,0,3,73,3.65,4.91727,3.19998,1.66128,0.90272,0.0,10.68125,3682863
downwards_rotate,downwards_sensor_sweep_120-20260625-124815,TesolloDownwardsRotateZ,TesolloDownwardsRotateZ-20260625-124824-downwardsrotatez_sb_forcemagnitude_s0,force.magnitude,0,3,74,3.7,5.29215,3.59061,1.09151,1.00809,0.47897,11.46133,3682863
downwards_rotate,downwards_sensor_sweep_120-20260625-124815,TesolloDownwardsRotateZ,TesolloDownwardsRotateZ-20260625-124824-downwardsrotatez_sb_forcemagnitude_s0,force.magnitude,0,3,75,3.75,4.66136,3.59132,0.0,1.65529,0.0,9.90797,3682863
downwards_rotate,downwards_sensor_sweep_120-20260625-124815,TesolloDownwardsRotateZ,TesolloDownwardsRotateZ-20260625-124824-downwardsrotatez_sb_forcemagnitude_s0,force.magnitude,0,3,76,3.8,4.51984,3.29821,0.0,1.69939,0.0,9.51744,3682863
downwards_rotate,downwards_sensor_sweep_120-20260625-124815,TesolloDownwardsRotateZ,TesolloDownwardsRotateZ-20260625-124824-downwardsrotatez_sb_forcemagnitude_s0,force.magnitude,0,3,77,3.85,4.53361,2.81092,0.0,2.46543,0.25087,10.06083,3682863
downwards_rotate,downwards_sensor_sweep_120-20260625-124815,TesolloDownwardsRotateZ,TesolloDownwardsRotateZ-20260625-124824-downwardsrotatez_sb_forcemagnitude_s0,force.magnitude,0,3,78,3.9,4.43058,3.51514,0.0,1.44995,0.0,9.39567,3682863
downwards_rotate,downwards_sensor_sweep_120-20260625-124815,TesolloDownwardsRotateZ,TesolloDownwardsRotateZ-20260625-124824-downwardsrotatez_sb_forcemagnitude_s0,force.magnitude,0,3,79,3.95,4.68754,3.52215,0.0,1.8803,0.0,10.08999,3682863
downwards_rotate,downwards_sensor_sweep_120-20260625-124815,TesolloDownwardsRotateZ,TesolloDownwardsRotateZ-20260625-124824-downwardsrotatez_sb_forcemagnitude_s0,force.magnitude,0,3,80,4.0,4.21673,3.93296,0.0,3.25283,2.5319,13.93441,3682863
downwards_rotate,downwards_sensor_sweep_120-20260625-124815,TesolloDownwardsRotateZ,TesolloDownwardsRotateZ-20260625-124824-downwardsrotatez_sb_forcemagnitude_s0,force.magnitude,0,3,81,4.05,4.61407,3.56809,0.0,1.39143,0.05568,9.62927,3682863
downwards_rotate,downwards_sensor_sweep_120-20260625-124815,TesolloDownwardsRotateZ,TesolloDownwardsRotateZ-20260625-124824-downwardsrotatez_sb_forcemagnitude_s0,force.magnitude,0,3,82,4.1,4.60877,3.50836,0.0,1.41047,0.0,9.5276,3682863
downwards_rotate,downwards_sensor_sweep_120-20260625-124815,TesolloDownwardsRotateZ,TesolloDownwardsRotateZ-20260625-124824-downwardsrotatez_sb_forcemagnitude_s0,force.magnitude,0,3,83,4.15,4.90086,3.29876,1.57368,0.95808,0.0,10.73138,3682863
downwards_rotate,downwards_sensor_sweep_120-20260625-124815,TesolloDownwardsRotateZ,TesolloDownwardsRotateZ-20260625-124824-downwardsrotatez_sb_forcemagnitude_s0,force.magnitude,0,3,84,4.2,4.77173,2.89616,2.44262,0.2362,0.0,10.34671,3682863
downwards_rotate,downwards_sensor_sweep_120-20260625-124815,TesolloDownwardsRotateZ,TesolloDownwardsRotateZ-20260625-124824-downwardsrotatez_sb_forcemagnitude_s0,force.magnitude,0,3,85,4.25,4.62762,2.47626,3.23448,0.0,0.0,10.33836,3682863
downwards_rotate,downwards_sensor_sweep_120-20260625-124815,TesolloDownwardsRotateZ,TesolloDownwardsRotateZ-20260625-124824-downwardsrotatez_sb_forcemagnitude_s0,force.magnitude,0,3,86,4.3,4.74133,2.3507,3.32692,0.0,0.0,10.41895,3682863
downwards_rotate,downwards_sensor_sweep_120-20260625-124815,TesolloDownwardsRotateZ,TesolloDownwardsRotateZ-20260625-124824-downwardsrotatez_sb_forcemagnitude_s0,force.magnitude,0,3,87,4.35,4.63581,2.28041,3.29761,0.0,0.0,10.21383,3682863
downwards_rotate,downwards_sensor_sweep_120-20260625-124815,TesolloDownwardsRotateZ,TesolloDownwardsRotateZ-20260625-124824-downwardsrotatez_sb_forcemagnitude_s0,force.magnitude,0,3,88,4.4,4.73695,2.30824,3.18336,0.0,0.0,10.22855,3682863
downwards_rotate,downwards_sensor_sweep_120-20260625-124815,TesolloDownwardsRotateZ,TesolloDownwardsRotateZ-20260625-124824-downwardsrotatez_sb_forcemagnitude_s0,force.magnitude,0,3,89,4.45,4.81049,2.31777,3.26477,0.0,0.0,10.39303,3682863
downwards_rotate,downwards_sensor_sweep_120-20260625-124815,TesolloDownwardsRotateZ,TesolloDownwardsRotateZ-20260625-124824-downwardsrotatez_sb_forcemagnitude_s0,force.magnitude,0,3,90,4.5,4.86152,2.34379,3.28627,0.0,0.0,10.49158,3682863
downwards_rotate,downwards_sensor_sweep_120-20260625-124815,TesolloDownwardsRotateZ,TesolloDownwardsRotateZ-20260625-124824-downwardsrotatez_sb_forcemagnitude_s0,force.magnitude,0,3,91,4.55,4.87925,2.357,3.32387,0.0,0.0,10.56012,3682863
downwards_rotate,downwards_sensor_sweep_120-20260625-124815,TesolloDownwardsRotateZ,TesolloDownwardsRotateZ-20260625-124824-downwardsrotatez_sb_forcemagnitude_s0,force.magnitude,0,3,92,4.6,4.90656,2.35741,3.33793,0.0,0.0,10.6019,3682863
downwards_rotate,downwards_sensor_sweep_120-20260625-124815,TesolloDownwardsRotateZ,TesolloDownwardsRotateZ-20260625-124824-downwardsrotatez_sb_forcemagnitude_s0,force.magnitude,0,3,93,4.65,4.94239,2.3809,3.32665,0.0,0.0,10.64994,3682863
downwards_rotate,downwards_sensor_sweep_120-20260625-124815,TesolloDownwardsRotateZ,TesolloDownwardsRotateZ-20260625-124824-downwardsrotatez_sb_forcemagnitude_s0,force.magnitude,0,3,94,4.7,4.95456,2.387,3.34787,0.0,0.0,10.68942,3682863
downwards_rotate,downwards_sensor_sweep_120-20260625-124815,TesolloDownwardsRotateZ,TesolloDownwardsRotateZ-20260625-124824-downwardsrotatez_sb_forcemagnitude_s0,force.magnitude,0,3,95,4.75,4.97026,2.39667,3.34995,0.0,0.0,10.71687,3682863
downwards_rotate,downwards_sensor_sweep_120-20260625-124815,TesolloDownwardsRotateZ,TesolloDownwardsRotateZ-20260625-124824-downwardsrotatez_sb_forcemagnitude_s0,force.magnitude,0,3,96,4.8,4.98243,2.406,3.35511,0.0,0.0,10.74354,3682863
downwards_rotate,downwards_sensor_sweep_120-20260625-124815,TesolloDownwardsRotateZ,TesolloDownwardsRotateZ-20260625-124824-downwardsrotatez_sb_forcemagnitude_s0,force.magnitude,0,3,97,4.85,4.99174,2.41903,3.34983,0.0,0.0,10.7606,3682863
downwards_rotate,downwards_sensor_sweep_120-20260625-124815,TesolloDownwardsRotateZ,TesolloDownwardsRotateZ-20260625-124824-downwardsrotatez_sb_forcemagnitude_s0,force.magnitude,0,3,98,4.9,4.9981,2.43336,3.34411,0.0,0.0,10.77557,3682863
downwards_rotate,downwards_sensor_sweep_120-20260625-124815,TesolloDownwardsRotateZ,TesolloDownwardsRotateZ-20260625-124824-downwardsrotatez_sb_forcemagnitude_s0,force.magnitude,0,3,99,4.95,5.00325,2.45321,3.31606,0.0,0.0,10.77252,3682863
downwards_rotate,downwards_sensor_sweep_120-20260625-124815,TesolloDownwardsRotateZ,TesolloDownwardsRotateZ-20260625-124824-downwardsrotatez_sb_forcemagnitude_s0,force.magnitude,0,3,100,5.0,5.01486,2.51407,3.27358,0.0,0.0,10.80252,3682863
downwards_rotate,downwards_sensor_sweep_120-20260625-124815,TesolloDownwardsRotateZ,TesolloDownwardsRotateZ-20260625-124824-downwardsrotatez_sb_forcemagnitude_s0,force.magnitude,0,3,101,5.05,5.02953,2.52804,3.26382,0.0,0.0,10.82139,3682863
downwards_rotate,downwards_sensor_sweep_120-20260625-124815,TesolloDownwardsRotateZ,TesolloDownwardsRotateZ-20260625-124824-downwardsrotatez_sb_forcemagnitude_s0,force.magnitude,0,3,102,5.1,5.02139,2.54825,3.24338,0.0,0.0,10.81301,3682863
downwards_rotate,downwards_sensor_sweep_120-20260625-124815,TesolloDownwardsRotateZ,TesolloDownwardsRotateZ-20260625-124824-downwardsrotatez_sb_forcemagnitude_s0,force.magnitude,0,3,103,5.15,5.02127,2.57199,3.21756,0.0,0.0,10.81082,3682863
downwards_rotate,downwards_sensor_sweep_120-20260625-124815,TesolloDownwardsRotateZ,TesolloDownwardsRotateZ-20260625-124824-downwardsrotatez_sb_forcemagnitude_s0,force.magnitude,0,3,104,5.2,5.01341,2.58617,3.19899,0.0,0.0,10.79857,3682863
downwards_rotate,downwards_sensor_sweep_120-20260625-124815,TesolloDownwardsRotateZ,TesolloDownwardsRotateZ-20260625-124824-downwardsrotatez_sb_forcemagnitude_s0,force.magnitude,0,3,105,5.25,5.00858,2.59871,3.17871,0.0,0.0,10.786,3682863
downwards_rotate,downwards_sensor_sweep_120-20260625-124815,TesolloDownwardsRotateZ,TesolloDownwardsRotateZ-20260625-124824-downwardsrotatez_sb_forcemagnitude_s0,force.magnitude,0,3,106,5.3,4.99523,2.60781,3.15999,0.0,0.0,10.76303,3682863
downwards_rotate,downwards_sensor_sweep_120-20260625-124815,TesolloDownwardsRotateZ,TesolloDownwardsRotateZ-20260625-124824-downwardsrotatez_sb_forcemagnitude_s0,force.magnitude,0,3,107,5.35,4.98992,2.62389,3.13977,0.0,0.0,10.75359,3682863
downwards_rotate,downwards_sensor_sweep_120-20260625-124815,TesolloDownwardsRotateZ,TesolloDownwardsRotateZ-20260625-124824-downwardsrotatez_sb_forcemagnitude_s0,force.magnitude,0,3,108,5.4,4.97874,2.63713,3.12522,0.0,0.0,10.74108,3682863
downwards_rotate,downwards_sensor_sweep_120-20260625-124815,TesolloDownwardsRotateZ,TesolloDownwardsRotateZ-20260625-124824-downwardsrotatez_sb_forcemagnitude_s0,force.magnitude,0,3,109,5.45,4.96167,2.65581,3.10795,0.0,0.0,10.72543,3682863
downwards_rotate,downwards_sensor_sweep_120-20260625-124815,TesolloDownwardsRotateZ,TesolloDownwardsRotateZ-20260625-124824-downwardsrotatez_sb_forcemagnitude_s0,force.magnitude,0,3,110,5.5,4.94941,2.6698,3.09502,0.0,0.0,10.71422,3682863
downwards_rotate,downwards_sensor_sweep_120-20260625-124815,TesolloDownwardsRotateZ,TesolloDownwardsRotateZ-20260625-124824-downwardsrotatez_sb_forcemagnitude_s0,force.magnitude,0,3,111,5.55,4.935,2.68052,3.08679,0.0,0.0,10.70231,3682863
downwards_rotate,downwards_sensor_sweep_120-20260625-124815,TesolloDownwardsRotateZ,TesolloDownwardsRotateZ-20260625-124824-downwardsrotatez_sb_forcemagnitude_s0,force.magnitude,0,3,112,5.6,4.92216,2.68789,3.08302,0.0,0.0,10.69308,3682863
downwards_rotate,downwards_sensor_sweep_120-20260625-124815,TesolloDownwardsRotateZ,TesolloDownwardsRotateZ-20260625-124824-downwardsrotatez_sb_forcemagnitude_s0,force.magnitude,0,3,113,5.65,4.90621,2.69376,3.08067,0.0,0.0,10.68064,3682863
downwards_rotate,downwards_sensor_sweep_120-20260625-124815,TesolloDownwardsRotateZ,TesolloDownwardsRotateZ-20260625-124824-downwardsrotatez_sb_forcemagnitude_s0,force.magnitude,0,3,114,5.7,4.89191,2.69887,3.08191,0.0,0.0,10.67269,3682863
downwards_rotate,downwards_sensor_sweep_120-20260625-124815,TesolloDownwardsRotateZ,TesolloDownwardsRotateZ-20260625-124824-downwardsrotatez_sb_forcemagnitude_s0,force.magnitude,0,3,115,5.75,4.87611,2.70248,3.08472,0.0,0.0,10.66332,3682863
downwards_rotate,downwards_sensor_sweep_120-20260625-124815,TesolloDownwardsRotateZ,TesolloDownwardsRotateZ-20260625-124824-downwardsrotatez_sb_forcemagnitude_s0,force.magnitude,0,3,116,5.8,4.86019,2.70601,3.08794,0.0,0.0,10.65414,3682863
downwards_rotate,downwards_sensor_sweep_120-20260625-124815,TesolloDownwardsRotateZ,TesolloDownwardsRotateZ-20260625-124824-downwardsrotatez_sb_forcemagnitude_s0,force.magnitude,0,3,117,5.85,4.84328,2.70861,3.0923,0.0,0.0,10.64418,3682863
downwards_rotate,downwards_sensor_sweep_120-20260625-124815,TesolloDownwardsRotateZ,TesolloDownwardsRotateZ-20260625-124824-downwardsrotatez_sb_forcemagnitude_s0,force.magnitude,0,3,118,5.9,4.82145,2.70797,3.08994,0.0,0.0,10.61937,3682863
downwards_rotate,downwards_sensor_sweep_120-20260625-124815,TesolloDownwardsRotateZ,TesolloDownwardsRotateZ-20260625-124824-downwardsrotatez_sb_forcemagnitude_s0,force.magnitude,0,3,119,5.95,4.80888,2.71134,3.08804,0.0,0.0,10.60826,3682863
downwards_rotate,downwards_sensor_sweep_120-20260625-124815,TesolloDownwardsRotateZ,TesolloDownwardsRotateZ-20260625-124824-downwardsrotatez_sb_forcemagnitude_s0,force.magnitude,0,4,0,0.0,0.0,0.0,0.0,0.0,0.0,0.0,3682863
downwards_rotate,downwards_sensor_sweep_120-20260625-124815,TesolloDownwardsRotateZ,TesolloDownwardsRotateZ-20260625-124824-downwardsrotatez_sb_forcemagnitude_s0,force.magnitude,0,4,1,0.05,0.0,0.0,0.0,0.0,0.0,0.0,3682863
downwards_rotate,downwards_sensor_sweep_120-20260625-124815,TesolloDownwardsRotateZ,TesolloDownwardsRotateZ-20260625-124824-downwardsrotatez_sb_forcemagnitude_s0,force.magnitude,0,4,2,0.1,0.0,0.0,0.0,0.0,0.0,0.0,3682863
downwards_rotate,downwards_sensor_sweep_120-20260625-124815,TesolloDownwardsRotateZ,TesolloDownwardsRotateZ-20260625-124824-downwardsrotatez_sb_forcemagnitude_s0,force.magnitude,0,4,3,0.15,0.0,0.0,0.0,0.0,0.0,0.0,3682863
downwards_rotate,downwards_sensor_sweep_120-20260625-124815,TesolloDownwardsRotateZ,TesolloDownwardsRotateZ-20260625-124824-downwardsrotatez_sb_forcemagnitude_s0,force.magnitude,0,4,4,0.2,0.0,0.0,0.0,0.0,0.58674,0.58674,3682863
downwards_rotate,downwards_sensor_sweep_120-20260625-124815,TesolloDownwardsRotateZ,TesolloDownwardsRotateZ-20260625-124824-downwardsrotatez_sb_forcemagnitude_s0,force.magnitude,0,4,5,0.25,0.0,1.75438,0.0,0.0,0.8013,2.55568,3682863
downwards_rotate,downwards_sensor_sweep_120-20260625-124815,TesolloDownwardsRotateZ,TesolloDownwardsRotateZ-20260625-124824-downwardsrotatez_sb_forcemagnitude_s0,force.magnitude,0,4,6,0.3,3.41317,2.18772,2.02418,1.83223,0.0,9.45731,3682863
downwards_rotate,downwards_sensor_sweep_120-20260625-124815,TesolloDownwardsRotateZ,TesolloDownwardsRotateZ-20260625-124824-downwardsrotatez_sb_forcemagnitude_s0,force.magnitude,0,4,7,0.35,3.69755,2.33618,2.0176,0.0,0.0,8.05132,3682863
downwards_rotate,downwards_sensor_sweep_120-20260625-124815,TesolloDownwardsRotateZ,TesolloDownwardsRotateZ-20260625-124824-downwardsrotatez_sb_forcemagnitude_s0,force.magnitude,0,4,8,0.4,3.40055,2.38723,2.07458,1.96881,0.0,9.83118,3682863
downwards_rotate,downwards_sensor_sweep_120-20260625-124815,TesolloDownwardsRotateZ,TesolloDownwardsRotateZ-20260625-124824-downwardsrotatez_sb_forcemagnitude_s0,force.magnitude,0,4,9,0.45,2.66052,2.14082,2.99973,0.0,0.0,7.80106,3682863
downwards_rotate,downwards_sensor_sweep_120-20260625-124815,TesolloDownwardsRotateZ,TesolloDownwardsRotateZ-20260625-124824-downwardsrotatez_sb_forcemagnitude_s0,force.magnitude,0,4,10,0.5,3.0628,1.97567,2.3857,2.55112,0.0,9.9753,3682863
downwards_rotate,downwards_sensor_sweep_120-20260625-124815,TesolloDownwardsRotateZ,TesolloDownwardsRotateZ-20260625-124824-downwardsrotatez_sb_forcemagnitude_s0,force.magnitude,0,4,11,0.55,4.58224,1.35132,1.53918,1.93527,0.0,9.40801,3682863
downwards_rotate,downwards_sensor_sweep_120-20260625-124815,TesolloDownwardsRotateZ,TesolloDownwardsRotateZ-20260625-124824-downwardsrotatez_sb_forcemagnitude_s0,force.magnitude,0,4,12,0.6,3.12747,1.63131,0.73726,2.20659,0.0,7.70263,3682863
downwards_rotate,downwards_sensor_sweep_120-20260625-124815,TesolloDownwardsRotateZ,TesolloDownwardsRotateZ-20260625-124824-downwardsrotatez_sb_forcemagnitude_s0,force.magnitude,0,4,13,0.65,2.38649,1.67429,0.71768,1.00276,0.0,5.78121,3682863
downwards_rotate,downwards_sensor_sweep_120-20260625-124815,TesolloDownwardsRotateZ,TesolloDownwardsRotateZ-20260625-124824-downwardsrotatez_sb_forcemagnitude_s0,force.magnitude,0,4,14,0.7,3.3327,1.63946,0.56383,1.1397,0.0,6.67569,3682863
downwards_rotate,downwards_sensor_sweep_120-20260625-124815,TesolloDownwardsRotateZ,TesolloDownwardsRotateZ-20260625-124824-downwardsrotatez_sb_forcemagnitude_s0,force.magnitude,0,4,15,0.75,3.1557,1.8134,0.37916,0.97597,0.0,6.32423,3682863
downwards_rotate,downwards_sensor_sweep_120-20260625-124815,TesolloDownwardsRotateZ,TesolloDownwardsRotateZ-20260625-124824-downwardsrotatez_sb_forcemagnitude_s0,force.magnitude,0,4,16,0.8,3.21497,2.09599,0.0,0.98525,0.0,6.29622,3682863
downwards_rotate,downwards_sensor_sweep_120-20260625-124815,TesolloDownwardsRotateZ,TesolloDownwardsRotateZ-20260625-124824-downwardsrotatez_sb_forcemagnitude_s0,force.magnitude,0,4,17,0.85,3.59491,2.13652,0.0,1.40848,0.0,7.13991,3682863
downwards_rotate,downwards_sensor_sweep_120-20260625-124815,TesolloDownwardsRotateZ,TesolloDownwardsRotateZ-20260625-124824-downwardsrotatez_sb_forcemagnitude_s0,force.magnitude,0,4,18,0.9,3.16243,2.65982,0.0,2.64571,0.0,8.46796,3682863
downwards_rotate,downwards_sensor_sweep_120-20260625-124815,TesolloDownwardsRotateZ,TesolloDownwardsRotateZ-20260625-124824-downwardsrotatez_sb_forcemagnitude_s0,force.magnitude,0,4,19,0.95,4.55417,1.52334,0.0,3.10822,0.0,9.18573,3682863
downwards_rotate,downwards_sensor_sweep_120-20260625-124815,TesolloDownwardsRotateZ,TesolloDownwardsRotateZ-20260625-124824-downwardsrotatez_sb_forcemagnitude_s0,force.magnitude,0,4,20,1.0,3.71864,0.97641,0.0,3.42886,0.0,8.12391,3682863
downwards_rotate,downwards_sensor_sweep_120-20260625-124815,TesolloDownwardsRotateZ,TesolloDownwardsRotateZ-20260625-124824-downwardsrotatez_sb_forcemagnitude_s0,force.magnitude,0,4,21,1.05,1.49505,0.0,0.0,0.0,0.0,1.49505,3682863
downwards_rotate,downwards_sensor_sweep_120-20260625-124815,TesolloDownwardsRotateZ,TesolloDownwardsRotateZ-20260625-124824-downwardsrotatez_sb_forcemagnitude_s0,force.magnitude,0,4,22,1.1,4.22749,0.0,0.0,4.03425,0.0,8.26175,3682863
downwards_rotate,downwards_sensor_sweep_120-20260625-124815,TesolloDownwardsRotateZ,TesolloDownwardsRotateZ-20260625-124824-downwardsrotatez_sb_forcemagnitude_s0,force.magnitude,0,4,23,1.15,4.47102,0.0,0.0,4.63082,0.0,9.10185,3682863
downwards_rotate,downwards_sensor_sweep_120-20260625-124815,TesolloDownwardsRotateZ,TesolloDownwardsRotateZ-20260625-124824-downwardsrotatez_sb_forcemagnitude_s0,force.magnitude,0,4,24,1.2,2.84243,0.0,0.0,4.22239,0.0,7.06482,3682863
downwards_rotate,downwards_sensor_sweep_120-20260625-124815,TesolloDownwardsRotateZ,TesolloDownwardsRotateZ-20260625-124824-downwardsrotatez_sb_forcemagnitude_s0,force.magnitude,0,4,25,1.25,3.26803,0.0,0.0,3.11347,0.0,6.3815,3682863
downwards_rotate,downwards_sensor_sweep_120-20260625-124815,TesolloDownwardsRotateZ,TesolloDownwardsRotateZ-20260625-124824-downwardsrotatez_sb_forcemagnitude_s0,force.magnitude,0,4,26,1.3,2.45404,0.0,0.0,3.24354,0.0,5.69759,3682863
downwards_rotate,downwards_sensor_sweep_120-20260625-124815,TesolloDownwardsRotateZ,TesolloDownwardsRotateZ-20260625-124824-downwardsrotatez_sb_forcemagnitude_s0,force.magnitude,0,4,27,1.35,1.88987,0.0,0.0,3.5833,0.0,5.47317,3682863
downwards_rotate,downwards_sensor_sweep_120-20260625-124815,TesolloDownwardsRotateZ,TesolloDownwardsRotateZ-20260625-124824-downwardsrotatez_sb_forcemagnitude_s0,force.magnitude,0,4,28,1.4,1.75998,0.0,0.0,3.67476,0.0,5.43474,3682863
downwards_rotate,downwards_sensor_sweep_120-20260625-124815,TesolloDownwardsRotateZ,TesolloDownwardsRotateZ-20260625-124824-downwardsrotatez_sb_forcemagnitude_s0,force.magnitude,0,4,29,1.45,0.0,0.0,0.0,2.92029,0.0,2.92029,3682863
downwards_rotate,downwards_sensor_sweep_120-20260625-124815,TesolloDownwardsRotateZ,TesolloDownwardsRotateZ-20260625-124824-downwardsrotatez_sb_forcemagnitude_s0,force.magnitude,0,4,30,1.5,0.0,0.0,0.0,3.92866,0.0,3.92866,3682863
downwards_rotate,downwards_sensor_sweep_120-20260625-124815,TesolloDownwardsRotateZ,TesolloDownwardsRotateZ-20260625-124824-downwardsrotatez_sb_forcemagnitude_s0,force.magnitude,0,4,31,1.55,0.0,0.0,0.0,5.00508,0.0,5.00508,3682863
downwards_rotate,downwards_sensor_sweep_120-20260625-124815,TesolloDownwardsRotateZ,TesolloDownwardsRotateZ-20260625-124824-downwardsrotatez_sb_forcemagnitude_s0,force.magnitude,0,4,32,1.6,0.0,0.0,0.0,3.55767,0.0,3.55767,3682863
downwards_rotate,downwards_sensor_sweep_120-20260625-124815,TesolloDownwardsRotateZ,TesolloDownwardsRotateZ-20260625-124824-downwardsrotatez_sb_forcemagnitude_s0,force.magnitude,0,4,33,1.65,0.0,0.0,0.0,3.96017,0.0,3.96017,3682863
downwards_rotate,downwards_sensor_sweep_120-20260625-124815,TesolloDownwardsRotateZ,TesolloDownwardsRotateZ-20260625-124824-downwardsrotatez_sb_forcemagnitude_s0,force.magnitude,0,4,34,1.7,0.0,0.0,0.0,3.72898,0.0,3.72898,3682863
downwards_rotate,downwards_sensor_sweep_120-20260625-124815,TesolloDownwardsRotateZ,TesolloDownwardsRotateZ-20260625-124824-downwardsrotatez_sb_forcemagnitude_s0,force.magnitude,0,4,35,1.75,0.0,0.0,0.0,3.75003,0.0,3.75003,3682863
downwards_rotate,downwards_sensor_sweep_120-20260625-124815,TesolloDownwardsRotateZ,TesolloDownwardsRotateZ-20260625-124824-downwardsrotatez_sb_forcemagnitude_s0,force.magnitude,0,4,36,1.8,0.0,0.0,0.0,3.68511,0.0,3.68511,3682863
downwards_rotate,downwards_sensor_sweep_120-20260625-124815,TesolloDownwardsRotateZ,TesolloDownwardsRotateZ-20260625-124824-downwardsrotatez_sb_forcemagnitude_s0,force.magnitude,0,4,37,1.85,0.0,0.0,0.0,3.72519,0.0,3.72519,3682863
downwards_rotate,downwards_sensor_sweep_120-20260625-124815,TesolloDownwardsRotateZ,TesolloDownwardsRotateZ-20260625-124824-downwardsrotatez_sb_forcemagnitude_s0,force.magnitude,0,4,38,1.9,0.0,0.0,0.0,3.67872,0.0,3.67872,3682863
downwards_rotate,downwards_sensor_sweep_120-20260625-124815,TesolloDownwardsRotateZ,TesolloDownwardsRotateZ-20260625-124824-downwardsrotatez_sb_forcemagnitude_s0,force.magnitude,0,4,39,1.95,0.0,0.0,0.0,3.95136,0.0,3.95136,3682863
downwards_rotate,downwards_sensor_sweep_120-20260625-124815,TesolloDownwardsRotateZ,TesolloDownwardsRotateZ-20260625-124824-downwardsrotatez_sb_forcemagnitude_s0,force.magnitude,0,4,40,2.0,0.0,0.0,0.0,3.85045,0.0,3.85045,3682863
downwards_rotate,downwards_sensor_sweep_120-20260625-124815,TesolloDownwardsRotateZ,TesolloDownwardsRotateZ-20260625-124824-downwardsrotatez_sb_forcemagnitude_s0,force.magnitude,0,4,41,2.05,0.0,0.0,0.0,3.75887,0.0,3.75887,3682863
downwards_rotate,downwards_sensor_sweep_120-20260625-124815,TesolloDownwardsRotateZ,TesolloDownwardsRotateZ-20260625-124824-downwardsrotatez_sb_forcemagnitude_s0,force.magnitude,0,4,42,2.1,0.0,0.0,0.0,3.73155,0.0,3.73155,3682863
downwards_rotate,downwards_sensor_sweep_120-20260625-124815,TesolloDownwardsRotateZ,TesolloDownwardsRotateZ-20260625-124824-downwardsrotatez_sb_forcemagnitude_s0,force.magnitude,0,4,43,2.15,0.0,0.0,0.0,3.63513,0.0,3.63513,3682863
downwards_rotate,downwards_sensor_sweep_120-20260625-124815,TesolloDownwardsRotateZ,TesolloDownwardsRotateZ-20260625-124824-downwardsrotatez_sb_forcemagnitude_s0,force.magnitude,0,4,44,2.2,0.0,0.0,0.0,3.48804,0.0,3.48804,3682863
downwards_rotate,downwards_sensor_sweep_120-20260625-124815,TesolloDownwardsRotateZ,TesolloDownwardsRotateZ-20260625-124824-downwardsrotatez_sb_forcemagnitude_s0,force.magnitude,0,4,45,2.25,0.0,0.0,0.0,3.56356,0.0,3.56356,3682863
downwards_rotate,downwards_sensor_sweep_120-20260625-124815,TesolloDownwardsRotateZ,TesolloDownwardsRotateZ-20260625-124824-downwardsrotatez_sb_forcemagnitude_s0,force.magnitude,0,4,46,2.3,0.0,0.0,0.0,3.51343,0.0,3.51343,3682863
downwards_rotate,downwards_sensor_sweep_120-20260625-124815,TesolloDownwardsRotateZ,TesolloDownwardsRotateZ-20260625-124824-downwardsrotatez_sb_forcemagnitude_s0,force.magnitude,0,4,47,2.35,0.0,0.0,0.0,3.63786,0.0,3.63786,3682863
downwards_rotate,downwards_sensor_sweep_120-20260625-124815,TesolloDownwardsRotateZ,TesolloDownwardsRotateZ-20260625-124824-downwardsrotatez_sb_forcemagnitude_s0,force.magnitude,0,4,48,2.4,0.0,0.0,0.0,3.61811,0.0,3.61811,3682863
downwards_rotate,downwards_sensor_sweep_120-20260625-124815,TesolloDownwardsRotateZ,TesolloDownwardsRotateZ-20260625-124824-downwardsrotatez_sb_forcemagnitude_s0,force.magnitude,0,4,49,2.45,0.0,0.0,0.0,3.63597,0.0,3.63597,3682863
downwards_rotate,downwards_sensor_sweep_120-20260625-124815,TesolloDownwardsRotateZ,TesolloDownwardsRotateZ-20260625-124824-downwardsrotatez_sb_forcemagnitude_s0,force.magnitude,0,4,50,2.5,0.0,0.0,0.0,3.54662,0.0,3.54662,3682863
downwards_rotate,downwards_sensor_sweep_120-20260625-124815,TesolloDownwardsRotateZ,TesolloDownwardsRotateZ-20260625-124824-downwardsrotatez_sb_forcemagnitude_s0,force.magnitude,0,4,51,2.55,0.0,0.0,0.0,3.45675,0.0,3.45675,3682863
downwards_rotate,downwards_sensor_sweep_120-20260625-124815,TesolloDownwardsRotateZ,TesolloDownwardsRotateZ-20260625-124824-downwardsrotatez_sb_forcemagnitude_s0,force.magnitude,0,4,52,2.6,0.65219,0.0,0.0,2.36884,0.0,3.02102,3682863
downwards_rotate,downwards_sensor_sweep_120-20260625-124815,TesolloDownwardsRotateZ,TesolloDownwardsRotateZ-20260625-124824-downwardsrotatez_sb_forcemagnitude_s0,force.magnitude,0,4,53,2.65,0.68685,0.0,0.0,2.35428,0.0,3.04113,3682863
downwards_rotate,downwards_sensor_sweep_120-20260625-124815,TesolloDownwardsRotateZ,TesolloDownwardsRotateZ-20260625-124824-downwardsrotatez_sb_forcemagnitude_s0,force.magnitude,0,4,54,2.7,0.69811,0.0,0.0,2.24679,0.0,2.9449,3682863
downwards_rotate,downwards_sensor_sweep_120-20260625-124815,TesolloDownwardsRotateZ,TesolloDownwardsRotateZ-20260625-124824-downwardsrotatez_sb_forcemagnitude_s0,force.magnitude,0,4,55,2.75,0.69999,0.0,0.0,2.16988,0.0,2.86987,3682863
downwards_rotate,downwards_sensor_sweep_120-20260625-124815,TesolloDownwardsRotateZ,TesolloDownwardsRotateZ-20260625-124824-downwardsrotatez_sb_forcemagnitude_s0,force.magnitude,0,4,56,2.8,0.69798,0.0,0.0,2.12889,0.0,2.82687,3682863
downwards_rotate,downwards_sensor_sweep_120-20260625-124815,TesolloDownwardsRotateZ,TesolloDownwardsRotateZ-20260625-124824-downwardsrotatez_sb_forcemagnitude_s0,force.magnitude,0,4,57,2.85,0.69619,0.0,0.0,2.11197,0.0,2.80816,3682863
downwards_rotate,downwards_sensor_sweep_120-20260625-124815,TesolloDownwardsRotateZ,TesolloDownwardsRotateZ-20260625-124824-downwardsrotatez_sb_forcemagnitude_s0,force.magnitude,0,4,58,2.9,0.69516,0.0,0.0,2.1104,0.0,2.80556,3682863
downwards_rotate,downwards_sensor_sweep_120-20260625-124815,TesolloDownwardsRotateZ,TesolloDownwardsRotateZ-20260625-124824-downwardsrotatez_sb_forcemagnitude_s0,force.magnitude,0,4,59,2.95,0.7001,0.0,0.0,2.10619,0.0,2.80628,3682863
downwards_rotate,downwards_sensor_sweep_120-20260625-124815,TesolloDownwardsRotateZ,TesolloDownwardsRotateZ-20260625-124824-downwardsrotatez_sb_forcemagnitude_s0,force.magnitude,0,4,60,3.0,0.7079,0.0,0.0,2.10596,0.0,2.81386,3682863
downwards_rotate,downwards_sensor_sweep_120-20260625-124815,TesolloDownwardsRotateZ,TesolloDownwardsRotateZ-20260625-124824-downwardsrotatez_sb_forcemagnitude_s0,force.magnitude,0,4,61,3.05,0.71607,0.0,0.0,2.06996,0.0,2.78603,3682863
downwards_rotate,downwards_sensor_sweep_120-20260625-124815,TesolloDownwardsRotateZ,TesolloDownwardsRotateZ-20260625-124824-downwardsrotatez_sb_forcemagnitude_s0,force.magnitude,0,4,62,3.1,0.71844,0.0,0.0,2.08798,0.0,2.80642,3682863
downwards_rotate,downwards_sensor_sweep_120-20260625-124815,TesolloDownwardsRotateZ,TesolloDownwardsRotateZ-20260625-124824-downwardsrotatez_sb_forcemagnitude_s0,force.magnitude,0,4,63,3.15,0.72226,0.0,0.0,2.08357,0.0,2.80583,3682863
downwards_rotate,downwards_sensor_sweep_120-20260625-124815,TesolloDownwardsRotateZ,TesolloDownwardsRotateZ-20260625-124824-downwardsrotatez_sb_forcemagnitude_s0,force.magnitude,0,4,64,3.2,0.72301,0.0,0.0,2.09883,0.0,2.82184,3682863
downwards_rotate,downwards_sensor_sweep_120-20260625-124815,TesolloDownwardsRotateZ,TesolloDownwardsRotateZ-20260625-124824-downwardsrotatez_sb_forcemagnitude_s0,force.magnitude,0,4,65,3.25,0.72479,0.0,0.0,2.10593,0.0,2.83072,3682863
downwards_rotate,downwards_sensor_sweep_120-20260625-124815,TesolloDownwardsRotateZ,TesolloDownwardsRotateZ-20260625-124824-downwardsrotatez_sb_forcemagnitude_s0,force.magnitude,0,4,66,3.3,0.72751,0.0,0.0,2.11551,0.0,2.84303,3682863
downwards_rotate,downwards_sensor_sweep_120-20260625-124815,TesolloDownwardsRotateZ,TesolloDownwardsRotateZ-20260625-124824-downwardsrotatez_sb_forcemagnitude_s0,force.magnitude,0,4,67,3.35,0.69375,0.0,0.0,2.11638,0.0,2.81013,3682863
downwards_rotate,downwards_sensor_sweep_120-20260625-124815,TesolloDownwardsRotateZ,TesolloDownwardsRotateZ-20260625-124824-downwardsrotatez_sb_forcemagnitude_s0,force.magnitude,0,4,68,3.4,0.6783,0.0,0.0,2.09018,0.0,2.76848,3682863
downwards_rotate,downwards_sensor_sweep_120-20260625-124815,TesolloDownwardsRotateZ,TesolloDownwardsRotateZ-20260625-124824-downwardsrotatez_sb_forcemagnitude_s0,force.magnitude,0,4,69,3.45,0.66571,0.0,0.0,2.07609,0.0,2.7418,3682863
downwards_rotate,downwards_sensor_sweep_120-20260625-124815,TesolloDownwardsRotateZ,TesolloDownwardsRotateZ-20260625-124824-downwardsrotatez_sb_forcemagnitude_s0,force.magnitude,0,4,70,3.5,0.65448,0.0,0.0,2.06886,0.0,2.72334,3682863
downwards_rotate,downwards_sensor_sweep_120-20260625-124815,TesolloDownwardsRotateZ,TesolloDownwardsRotateZ-20260625-124824-downwardsrotatez_sb_forcemagnitude_s0,force.magnitude,0,4,71,3.55,0.64359,0.0,0.0,2.06525,0.0,2.70884,3682863
downwards_rotate,downwards_sensor_sweep_120-20260625-124815,TesolloDownwardsRotateZ,TesolloDownwardsRotateZ-20260625-124824-downwardsrotatez_sb_forcemagnitude_s0,force.magnitude,0,4,72,3.6,0.63268,0.0,0.0,2.06447,0.0,2.69715,3682863
downwards_rotate,downwards_sensor_sweep_120-20260625-124815,TesolloDownwardsRotateZ,TesolloDownwardsRotateZ-20260625-124824-downwardsrotatez_sb_forcemagnitude_s0,force.magnitude,0,4,73,3.65,0.6206,0.0,0.0,2.07771,0.0,2.69831,3682863
downwards_rotate,downwards_sensor_sweep_120-20260625-124815,TesolloDownwardsRotateZ,TesolloDownwardsRotateZ-20260625-124824-downwardsrotatez_sb_forcemagnitude_s0,force.magnitude,0,4,74,3.7,0.60836,0.0,0.0,2.09866,0.0,2.70702,3682863
downwards_rotate,downwards_sensor_sweep_120-20260625-124815,TesolloDownwardsRotateZ,TesolloDownwardsRotateZ-20260625-124824-downwardsrotatez_sb_forcemagnitude_s0,force.magnitude,0,4,75,3.75,0.59828,0.0,0.0,2.11614,0.0,2.71442,3682863
downwards_rotate,downwards_sensor_sweep_120-20260625-124815,TesolloDownwardsRotateZ,TesolloDownwardsRotateZ-20260625-124824-downwardsrotatez_sb_forcemagnitude_s0,force.magnitude,0,4,76,3.8,0.58831,0.0,0.0,2.13098,0.0,2.71929,3682863
downwards_rotate,downwards_sensor_sweep_120-20260625-124815,TesolloDownwardsRotateZ,TesolloDownwardsRotateZ-20260625-124824-downwardsrotatez_sb_forcemagnitude_s0,force.magnitude,0,4,77,3.85,0.57913,0.0,0.0,2.14303,0.0,2.72216,3682863
downwards_rotate,downwards_sensor_sweep_120-20260625-124815,TesolloDownwardsRotateZ,TesolloDownwardsRotateZ-20260625-124824-downwardsrotatez_sb_forcemagnitude_s0,force.magnitude,0,4,78,3.9,0.56882,0.0,0.0,2.15332,0.0,2.72213,3682863
downwards_rotate,downwards_sensor_sweep_120-20260625-124815,TesolloDownwardsRotateZ,TesolloDownwardsRotateZ-20260625-124824-downwardsrotatez_sb_forcemagnitude_s0,force.magnitude,0,4,79,3.95,0.55738,0.0,0.0,2.16154,0.0,2.71891,3682863
downwards_rotate,downwards_sensor_sweep_120-20260625-124815,TesolloDownwardsRotateZ,TesolloDownwardsRotateZ-20260625-124824-downwardsrotatez_sb_forcemagnitude_s0,force.magnitude,0,4,80,4.0,0.54556,0.0,0.0,2.16804,0.0,2.7136,3682863
downwards_rotate,downwards_sensor_sweep_120-20260625-124815,TesolloDownwardsRotateZ,TesolloDownwardsRotateZ-20260625-124824-downwardsrotatez_sb_forcemagnitude_s0,force.magnitude,0,4,81,4.05,0.53356,0.0,0.0,2.17286,0.0,2.70643,3682863
downwards_rotate,downwards_sensor_sweep_120-20260625-124815,TesolloDownwardsRotateZ,TesolloDownwardsRotateZ-20260625-124824-downwardsrotatez_sb_forcemagnitude_s0,force.magnitude,0,4,82,4.1,0.52196,0.0,0.0,2.17604,0.0,2.69799,3682863
downwards_rotate,downwards_sensor_sweep_120-20260625-124815,TesolloDownwardsRotateZ,TesolloDownwardsRotateZ-20260625-124824-downwardsrotatez_sb_forcemagnitude_s0,force.magnitude,0,4,83,4.15,0.51078,0.0,0.0,2.17928,0.0,2.69007,3682863
downwards_rotate,downwards_sensor_sweep_120-20260625-124815,TesolloDownwardsRotateZ,TesolloDownwardsRotateZ-20260625-124824-downwardsrotatez_sb_forcemagnitude_s0,force.magnitude,0,4,84,4.2,0.49951,0.0,0.0,2.18088,0.0,2.68039,3682863
downwards_rotate,downwards_sensor_sweep_120-20260625-124815,TesolloDownwardsRotateZ,TesolloDownwardsRotateZ-20260625-124824-downwardsrotatez_sb_forcemagnitude_s0,force.magnitude,0,4,85,4.25,0.49013,0.0,0.0,2.18264,0.0,2.67277,3682863
downwards_rotate,downwards_sensor_sweep_120-20260625-124815,TesolloDownwardsRotateZ,TesolloDownwardsRotateZ-20260625-124824-downwardsrotatez_sb_forcemagnitude_s0,force.magnitude,0,4,86,4.3,0.48084,0.0,0.0,2.18446,0.0,2.66531,3682863
downwards_rotate,downwards_sensor_sweep_120-20260625-124815,TesolloDownwardsRotateZ,TesolloDownwardsRotateZ-20260625-124824-downwardsrotatez_sb_forcemagnitude_s0,force.magnitude,0,4,87,4.35,0.47291,0.0,0.0,2.18533,0.0,2.65824,3682863
downwards_rotate,downwards_sensor_sweep_120-20260625-124815,TesolloDownwardsRotateZ,TesolloDownwardsRotateZ-20260625-124824-downwardsrotatez_sb_forcemagnitude_s0,force.magnitude,0,4,88,4.4,0.46451,0.0,0.0,2.18702,0.0,2.65153,3682863
downwards_rotate,downwards_sensor_sweep_120-20260625-124815,TesolloDownwardsRotateZ,TesolloDownwardsRotateZ-20260625-124824-downwardsrotatez_sb_forcemagnitude_s0,force.magnitude,0,4,89,4.45,0.45434,0.0,0.0,2.19173,0.0,2.64607,3682863
downwards_rotate,downwards_sensor_sweep_120-20260625-124815,TesolloDownwardsRotateZ,TesolloDownwardsRotateZ-20260625-124824-downwardsrotatez_sb_forcemagnitude_s0,force.magnitude,0,4,90,4.5,0.44763,0.0,0.0,2.19788,0.0,2.64551,3682863
downwards_rotate,downwards_sensor_sweep_120-20260625-124815,TesolloDownwardsRotateZ,TesolloDownwardsRotateZ-20260625-124824-downwardsrotatez_sb_forcemagnitude_s0,force.magnitude,0,4,91,4.55,0.43988,0.0,0.0,2.20391,0.0,2.64379,3682863
downwards_rotate,downwards_sensor_sweep_120-20260625-124815,TesolloDownwardsRotateZ,TesolloDownwardsRotateZ-20260625-124824-downwardsrotatez_sb_forcemagnitude_s0,force.magnitude,0,4,92,4.6,0.43192,0.0,0.0,2.20961,0.0,2.64153,3682863
downwards_rotate,downwards_sensor_sweep_120-20260625-124815,TesolloDownwardsRotateZ,TesolloDownwardsRotateZ-20260625-124824-downwardsrotatez_sb_forcemagnitude_s0,force.magnitude,0,4,93,4.65,0.42575,0.0,0.0,2.21593,0.0,2.64169,3682863
downwards_rotate,downwards_sensor_sweep_120-20260625-124815,TesolloDownwardsRotateZ,TesolloDownwardsRotateZ-20260625-124824-downwardsrotatez_sb_forcemagnitude_s0,force.magnitude,0,4,94,4.7,0.41865,0.0,0.0,2.22123,0.0,2.63988,3682863
downwards_rotate,downwards_sensor_sweep_120-20260625-124815,TesolloDownwardsRotateZ,TesolloDownwardsRotateZ-20260625-124824-downwardsrotatez_sb_forcemagnitude_s0,force.magnitude,0,4,95,4.75,0.412,0.0,0.0,2.2264,0.0,2.6384,3682863
downwards_rotate,downwards_sensor_sweep_120-20260625-124815,TesolloDownwardsRotateZ,TesolloDownwardsRotateZ-20260625-124824-downwardsrotatez_sb_forcemagnitude_s0,force.magnitude,0,4,96,4.8,0.40511,0.0,0.0,2.23167,0.0,2.63678,3682863
downwards_rotate,downwards_sensor_sweep_120-20260625-124815,TesolloDownwardsRotateZ,TesolloDownwardsRotateZ-20260625-124824-downwardsrotatez_sb_forcemagnitude_s0,force.magnitude,0,4,97,4.85,0.39845,0.0,0.0,2.23673,0.0,2.63518,3682863
downwards_rotate,downwards_sensor_sweep_120-20260625-124815,TesolloDownwardsRotateZ,TesolloDownwardsRotateZ-20260625-124824-downwardsrotatez_sb_forcemagnitude_s0,force.magnitude,0,4,98,4.9,0.39681,0.0,0.0,2.24196,0.0,2.63877,3682863
downwards_rotate,downwards_sensor_sweep_120-20260625-124815,TesolloDownwardsRotateZ,TesolloDownwardsRotateZ-20260625-124824-downwardsrotatez_sb_forcemagnitude_s0,force.magnitude,0,4,99,4.95,0.38547,0.0,0.0,2.24508,0.0,2.63055,3682863
downwards_rotate,downwards_sensor_sweep_120-20260625-124815,TesolloDownwardsRotateZ,TesolloDownwardsRotateZ-20260625-124824-downwardsrotatez_sb_forcemagnitude_s0,force.magnitude,0,4,100,5.0,0.38019,0.0,0.0,2.24883,0.0,2.62902,3682863
downwards_rotate,downwards_sensor_sweep_120-20260625-124815,TesolloDownwardsRotateZ,TesolloDownwardsRotateZ-20260625-124824-downwardsrotatez_sb_forcemagnitude_s0,force.magnitude,0,4,101,5.05,0.37944,0.0,0.0,2.25351,0.0,2.63295,3682863
downwards_rotate,downwards_sensor_sweep_120-20260625-124815,TesolloDownwardsRotateZ,TesolloDownwardsRotateZ-20260625-124824-downwardsrotatez_sb_forcemagnitude_s0,force.magnitude,0,4,102,5.1,0.37305,0.0,0.0,2.25653,0.0,2.62957,3682863
downwards_rotate,downwards_sensor_sweep_120-20260625-124815,TesolloDownwardsRotateZ,TesolloDownwardsRotateZ-20260625-124824-downwardsrotatez_sb_forcemagnitude_s0,force.magnitude,0,4,103,5.15,0.36722,0.0,0.0,2.2603,0.0,2.62752,3682863
downwards_rotate,downwards_sensor_sweep_120-20260625-124815,TesolloDownwardsRotateZ,TesolloDownwardsRotateZ-20260625-124824-downwardsrotatez_sb_forcemagnitude_s0,force.magnitude,0,4,104,5.2,0.36249,0.0,0.0,2.26334,0.0,2.62583,3682863
downwards_rotate,downwards_sensor_sweep_120-20260625-124815,TesolloDownwardsRotateZ,TesolloDownwardsRotateZ-20260625-124824-downwardsrotatez_sb_forcemagnitude_s0,force.magnitude,0,4,105,5.25,0.35651,0.0,0.0,2.26763,0.0,2.62414,3682863
downwards_rotate,downwards_sensor_sweep_120-20260625-124815,TesolloDownwardsRotateZ,TesolloDownwardsRotateZ-20260625-124824-downwardsrotatez_sb_forcemagnitude_s0,force.magnitude,0,4,106,5.3,0.35148,0.0,0.0,2.27166,0.0,2.62313,3682863
downwards_rotate,downwards_sensor_sweep_120-20260625-124815,TesolloDownwardsRotateZ,TesolloDownwardsRotateZ-20260625-124824-downwardsrotatez_sb_forcemagnitude_s0,force.magnitude,0,4,107,5.35,0.34657,0.0,0.0,2.2756,0.0,2.62217,3682863
downwards_rotate,downwards_sensor_sweep_120-20260625-124815,TesolloDownwardsRotateZ,TesolloDownwardsRotateZ-20260625-124824-downwardsrotatez_sb_forcemagnitude_s0,force.magnitude,0,4,108,5.4,0.34196,0.0,0.0,2.27966,0.0,2.62162,3682863
downwards_rotate,downwards_sensor_sweep_120-20260625-124815,TesolloDownwardsRotateZ,TesolloDownwardsRotateZ-20260625-124824-downwardsrotatez_sb_forcemagnitude_s0,force.magnitude,0,4,109,5.45,0.33729,0.0,0.0,2.28342,0.0,2.62071,3682863
downwards_rotate,downwards_sensor_sweep_120-20260625-124815,TesolloDownwardsRotateZ,TesolloDownwardsRotateZ-20260625-124824-downwardsrotatez_sb_forcemagnitude_s0,force.magnitude,0,4,110,5.5,0.33201,0.0,0.0,2.28736,0.0,2.61937,3682863
downwards_rotate,downwards_sensor_sweep_120-20260625-124815,TesolloDownwardsRotateZ,TesolloDownwardsRotateZ-20260625-124824-downwardsrotatez_sb_forcemagnitude_s0,force.magnitude,0,4,111,5.55,0.32908,0.0,0.0,2.29109,0.0,2.62017,3682863
downwards_rotate,downwards_sensor_sweep_120-20260625-124815,TesolloDownwardsRotateZ,TesolloDownwardsRotateZ-20260625-124824-downwardsrotatez_sb_forcemagnitude_s0,force.magnitude,0,4,112,5.6,0.32321,0.0,0.0,2.29535,0.0,2.61857,3682863
downwards_rotate,downwards_sensor_sweep_120-20260625-124815,TesolloDownwardsRotateZ,TesolloDownwardsRotateZ-20260625-124824-downwardsrotatez_sb_forcemagnitude_s0,force.magnitude,0,4,113,5.65,0.31977,0.0,0.0,2.29902,0.0,2.61879,3682863
downwards_rotate,downwards_sensor_sweep_120-20260625-124815,TesolloDownwardsRotateZ,TesolloDownwardsRotateZ-20260625-124824-downwardsrotatez_sb_forcemagnitude_s0,force.magnitude,0,4,114,5.7,0.31583,0.0,0.0,2.30301,0.0,2.61884,3682863
downwards_rotate,downwards_sensor_sweep_120-20260625-124815,TesolloDownwardsRotateZ,TesolloDownwardsRotateZ-20260625-124824-downwardsrotatez_sb_forcemagnitude_s0,force.magnitude,0,4,115,5.75,0.31182,0.0,0.0,2.30724,0.0,2.61906,3682863
downwards_rotate,downwards_sensor_sweep_120-20260625-124815,TesolloDownwardsRotateZ,TesolloDownwardsRotateZ-20260625-124824-downwardsrotatez_sb_forcemagnitude_s0,force.magnitude,0,4,116,5.8,0.30663,0.0,0.0,2.31148,0.0,2.61811,3682863
downwards_rotate,downwards_sensor_sweep_120-20260625-124815,TesolloDownwardsRotateZ,TesolloDownwardsRotateZ-20260625-124824-downwardsrotatez_sb_forcemagnitude_s0,force.magnitude,0,4,117,5.85,0.30411,0.0,0.0,2.31512,0.0,2.61924,3682863
downwards_rotate,downwards_sensor_sweep_120-20260625-124815,TesolloDownwardsRotateZ,TesolloDownwardsRotateZ-20260625-124824-downwardsrotatez_sb_forcemagnitude_s0,force.magnitude,0,4,118,5.9,0.30025,0.0,0.0,2.319,0.0,2.61925,3682863
downwards_rotate,downwards_sensor_sweep_120-20260625-124815,TesolloDownwardsRotateZ,TesolloDownwardsRotateZ-20260625-124824-downwardsrotatez_sb_forcemagnitude_s0,force.magnitude,0,4,119,5.95,0.29638,0.0,0.0,2.32278,0.0,2.61917,3682863
downwards_rotate,downwards_sensor_sweep_120-20260625-124815,TesolloDownwardsRotateZ,TesolloDownwardsRotateZ-20260625-124824-downwardsrotatez_sb_forcemagnitude_s0,force.magnitude,0,5,0,0.0,0.0,0.0,0.0,0.0,0.0,0.0,3682863
downwards_rotate,downwards_sensor_sweep_120-20260625-124815,TesolloDownwardsRotateZ,TesolloDownwardsRotateZ-20260625-124824-downwardsrotatez_sb_forcemagnitude_s0,force.magnitude,0,5,1,0.05,0.0,0.0,0.0,0.0,0.0,0.0,3682863
downwards_rotate,downwards_sensor_sweep_120-20260625-124815,TesolloDownwardsRotateZ,TesolloDownwardsRotateZ-20260625-124824-downwardsrotatez_sb_forcemagnitude_s0,force.magnitude,0,5,2,0.1,0.0,0.0,0.0,0.0,2.53363,2.53363,3682863
downwards_rotate,downwards_sensor_sweep_120-20260625-124815,TesolloDownwardsRotateZ,TesolloDownwardsRotateZ-20260625-124824-downwardsrotatez_sb_forcemagnitude_s0,force.magnitude,0,5,3,0.15,0.0,0.0,0.0,0.0,0.0,0.0,3682863
downwards_rotate,downwards_sensor_sweep_120-20260625-124815,TesolloDownwardsRotateZ,TesolloDownwardsRotateZ-20260625-124824-downwardsrotatez_sb_forcemagnitude_s0,force.magnitude,0,5,4,0.2,2.8339,0.0,0.0,0.0,2.59543,5.42934,3682863
downwards_rotate,downwards_sensor_sweep_120-20260625-124815,TesolloDownwardsRotateZ,TesolloDownwardsRotateZ-20260625-124824-downwardsrotatez_sb_forcemagnitude_s0,force.magnitude,0,5,5,0.25,3.38666,0.0,0.0,0.0,1.81497,5.20162,3682863
downwards_rotate,downwards_sensor_sweep_120-20260625-124815,TesolloDownwardsRotateZ,TesolloDownwardsRotateZ-20260625-124824-downwardsrotatez_sb_forcemagnitude_s0,force.magnitude,0,5,6,0.3,3.63734,1.82963,2.32463,2.27853,0.0,10.07013,3682863
downwards_rotate,downwards_sensor_sweep_120-20260625-124815,TesolloDownwardsRotateZ,TesolloDownwardsRotateZ-20260625-124824-downwardsrotatez_sb_forcemagnitude_s0,force.magnitude,0,5,7,0.35,2.97004,2.23801,1.9797,2.0737,0.0,9.26145,3682863
downwards_rotate,downwards_sensor_sweep_120-20260625-124815,TesolloDownwardsRotateZ,TesolloDownwardsRotateZ-20260625-124824-downwardsrotatez_sb_forcemagnitude_s0,force.magnitude,0,5,8,0.4,2.54969,2.25724,1.66659,1.95812,0.0,8.43164,3682863
downwards_rotate,downwards_sensor_sweep_120-20260625-124815,TesolloDownwardsRotateZ,TesolloDownwardsRotateZ-20260625-124824-downwardsrotatez_sb_forcemagnitude_s0,force.magnitude,0,5,9,0.45,2.8035,1.94143,1.6793,2.29032,0.0,8.71455,3682863
downwards_rotate,downwards_sensor_sweep_120-20260625-124815,TesolloDownwardsRotateZ,TesolloDownwardsRotateZ-20260625-124824-downwardsrotatez_sb_forcemagnitude_s0,force.magnitude,0,5,10,0.5,2.65493,1.48645,1.63401,2.42873,0.0,8.20412,3682863
downwards_rotate,downwards_sensor_sweep_120-20260625-124815,TesolloDownwardsRotateZ,TesolloDownwardsRotateZ-20260625-124824-downwardsrotatez_sb_forcemagnitude_s0,force.magnitude,0,5,11,0.55,2.82598,1.49687,1.40943,2.28731,0.0,8.01959,3682863
downwards_rotate,downwards_sensor_sweep_120-20260625-124815,TesolloDownwardsRotateZ,TesolloDownwardsRotateZ-20260625-124824-downwardsrotatez_sb_forcemagnitude_s0,force.magnitude,0,5,12,0.6,2.68218,1.52439,0.0,2.96988,0.0,7.17645,3682863
downwards_rotate,downwards_sensor_sweep_120-20260625-124815,TesolloDownwardsRotateZ,TesolloDownwardsRotateZ-20260625-124824-downwardsrotatez_sb_forcemagnitude_s0,force.magnitude,0,5,13,0.65,2.69064,1.94772,0.0,2.12306,0.0,6.76143,3682863
downwards_rotate,downwards_sensor_sweep_120-20260625-124815,TesolloDownwardsRotateZ,TesolloDownwardsRotateZ-20260625-124824-downwardsrotatez_sb_forcemagnitude_s0,force.magnitude,0,5,14,0.7,2.92622,1.86651,0.0,1.41472,0.0,6.20746,3682863
downwards_rotate,downwards_sensor_sweep_120-20260625-124815,TesolloDownwardsRotateZ,TesolloDownwardsRotateZ-20260625-124824-downwardsrotatez_sb_forcemagnitude_s0,force.magnitude,0,5,15,0.75,3.03359,2.04167,0.0,2.41533,0.0,7.49059,3682863
downwards_rotate,downwards_sensor_sweep_120-20260625-124815,TesolloDownwardsRotateZ,TesolloDownwardsRotateZ-20260625-124824-downwardsrotatez_sb_forcemagnitude_s0,force.magnitude,0,5,16,0.8,3.35872,1.23082,0.0,2.87737,0.0,7.46691,3682863
downwards_rotate,downwards_sensor_sweep_120-20260625-124815,TesolloDownwardsRotateZ,TesolloDownwardsRotateZ-20260625-124824-downwardsrotatez_sb_forcemagnitude_s0,force.magnitude,0,5,17,0.85,1.08222,0.0,0.0,0.0,0.0,1.08222,3682863
downwards_rotate,downwards_sensor_sweep_120-20260625-124815,TesolloDownwardsRotateZ,TesolloDownwardsRotateZ-20260625-124824-downwardsrotatez_sb_forcemagnitude_s0,force.magnitude,0,5,18,0.9,1.83029,0.0,0.0,4.21671,0.0,6.047,3682863
downwards_rotate,downwards_sensor_sweep_120-20260625-124815,TesolloDownwardsRotateZ,TesolloDownwardsRotateZ-20260625-124824-downwardsrotatez_sb_forcemagnitude_s0,force.magnitude,0,5,19,0.95,2.29631,0.0,0.0,3.84118,0.0,6.13749,3682863
downwards_rotate,downwards_sensor_sweep_120-20260625-124815,TesolloDownwardsRotateZ,TesolloDownwardsRotateZ-20260625-124824-downwardsrotatez_sb_forcemagnitude_s0,force.magnitude,0,5,20,1.0,2.70789,0.0,0.0,2.83776,0.0,5.54564,3682863
downwards_rotate,downwards_sensor_sweep_120-20260625-124815,TesolloDownwardsRotateZ,TesolloDownwardsRotateZ-20260625-124824-downwardsrotatez_sb_forcemagnitude_s0,force.magnitude,0,5,21,1.05,0.0,0.0,0.0,3.09651,0.0,3.09651,3682863
downwards_rotate,downwards_sensor_sweep_120-20260625-124815,TesolloDownwardsRotateZ,TesolloDownwardsRotateZ-20260625-124824-downwardsrotatez_sb_forcemagnitude_s0,force.magnitude,0,5,22,1.1,0.0,0.0,0.0,2.79012,0.0,2.79012,3682863
downwards_rotate,downwards_sensor_sweep_120-20260625-124815,TesolloDownwardsRotateZ,TesolloDownwardsRotateZ-20260625-124824-downwardsrotatez_sb_forcemagnitude_s0,force.magnitude,0,5,23,1.15,0.0,0.0,0.0,2.65604,0.0,2.65604,3682863
downwards_rotate,downwards_sensor_sweep_120-20260625-124815,TesolloDownwardsRotateZ,TesolloDownwardsRotateZ-20260625-124824-downwardsrotatez_sb_forcemagnitude_s0,force.magnitude,0,5,24,1.2,0.0,0.0,0.0,2.5262,0.0,2.5262,3682863
downwards_rotate,downwards_sensor_sweep_120-20260625-124815,TesolloDownwardsRotateZ,TesolloDownwardsRotateZ-20260625-124824-downwardsrotatez_sb_forcemagnitude_s0,force.magnitude,0,5,25,1.25,0.0,0.0,0.0,1.4515,0.0,1.4515,3682863
downwards_rotate,downwards_sensor_sweep_120-20260625-124815,TesolloDownwardsRotateZ,TesolloDownwardsRotateZ-20260625-124824-downwardsrotatez_sb_forcemagnitude_s0,force.magnitude,0,5,26,1.3,0.0,0.0,0.0,4.20342,0.0,4.20342,3682863
downwards_rotate,downwards_sensor_sweep_120-20260625-124815,TesolloDownwardsRotateZ,TesolloDownwardsRotateZ-20260625-124824-downwardsrotatez_sb_forcemagnitude_s0,force.magnitude,0,5,27,1.35,0.0,0.0,0.0,2.62252,0.0,2.62252,3682863
downwards_rotate,downwards_sensor_sweep_120-20260625-124815,TesolloDownwardsRotateZ,TesolloDownwardsRotateZ-20260625-124824-downwardsrotatez_sb_forcemagnitude_s0,force.magnitude,0,5,28,1.4,0.0,0.0,0.0,3.85348,0.0,3.85348,3682863
downwards_rotate,downwards_sensor_sweep_120-20260625-124815,TesolloDownwardsRotateZ,TesolloDownwardsRotateZ-20260625-124824-downwardsrotatez_sb_forcemagnitude_s0,force.magnitude,0,5,29,1.45,0.0,0.0,0.0,3.85457,0.0,3.85457,3682863
downwards_rotate,downwards_sensor_sweep_120-20260625-124815,TesolloDownwardsRotateZ,TesolloDownwardsRotateZ-20260625-124824-downwardsrotatez_sb_forcemagnitude_s0,force.magnitude,0,5,30,1.5,0.0,0.0,0.0,2.31261,0.0,2.31261,3682863
downwards_rotate,downwards_sensor_sweep_120-20260625-124815,TesolloDownwardsRotateZ,TesolloDownwardsRotateZ-20260625-124824-downwardsrotatez_sb_forcemagnitude_s0,force.magnitude,0,5,31,1.55,0.0,0.0,0.0,2.35434,0.0,2.35434,3682863
downwards_rotate,downwards_sensor_sweep_120-20260625-124815,TesolloDownwardsRotateZ,TesolloDownwardsRotateZ-20260625-124824-downwardsrotatez_sb_forcemagnitude_s0,force.magnitude,0,5,32,1.6,0.0,0.0,0.0,1.72227,0.0,1.72227,3682863
downwards_rotate,downwards_sensor_sweep_120-20260625-124815,TesolloDownwardsRotateZ,TesolloDownwardsRotateZ-20260625-124824-downwardsrotatez_sb_forcemagnitude_s0,force.magnitude,0,5,33,1.65,0.0,0.0,0.0,1.34361,0.0,1.34361,3682863
downwards_rotate,downwards_sensor_sweep_120-20260625-124815,TesolloDownwardsRotateZ,TesolloDownwardsRotateZ-20260625-124824-downwardsrotatez_sb_forcemagnitude_s0,force.magnitude,0,5,34,1.7,0.0,0.0,0.0,1.14439,0.0,1.14439,3682863
downwards_rotate,downwards_sensor_sweep_120-20260625-124815,TesolloDownwardsRotateZ,TesolloDownwardsRotateZ-20260625-124824-downwardsrotatez_sb_forcemagnitude_s0,force.magnitude,0,5,35,1.75,0.0,0.0,0.0,1.05905,0.0,1.05905,3682863
downwards_rotate,downwards_sensor_sweep_120-20260625-124815,TesolloDownwardsRotateZ,TesolloDownwardsRotateZ-20260625-124824-downwardsrotatez_sb_forcemagnitude_s0,force.magnitude,0,5,36,1.8,0.0,0.0,0.0,0.76744,0.0,0.76744,3682863
downwards_rotate,downwards_sensor_sweep_120-20260625-124815,TesolloDownwardsRotateZ,TesolloDownwardsRotateZ-20260625-124824-downwardsrotatez_sb_forcemagnitude_s0,force.magnitude,0,5,37,1.85,0.46231,0.0,0.0,0.85788,0.0,1.32019,3682863
downwards_rotate,downwards_sensor_sweep_120-20260625-124815,TesolloDownwardsRotateZ,TesolloDownwardsRotateZ-20260625-124824-downwardsrotatez_sb_forcemagnitude_s0,force.magnitude,0,5,38,1.9,0.48919,0.0,0.0,0.90797,0.0,1.39716,3682863
downwards_rotate,downwards_sensor_sweep_120-20260625-124815,TesolloDownwardsRotateZ,TesolloDownwardsRotateZ-20260625-124824-downwardsrotatez_sb_forcemagnitude_s0,force.magnitude,0,5,39,1.95,0.5119,0.0,0.0,0.89817,0.0,1.41007,3682863
downwards_rotate,downwards_sensor_sweep_120-20260625-124815,TesolloDownwardsRotateZ,TesolloDownwardsRotateZ-20260625-124824-downwardsrotatez_sb_forcemagnitude_s0,force.magnitude,0,5,40,2.0,0.52775,0.0,0.0,0.88526,0.0,1.41301,3682863
downwards_rotate,downwards_sensor_sweep_120-20260625-124815,TesolloDownwardsRotateZ,TesolloDownwardsRotateZ-20260625-124824-downwardsrotatez_sb_forcemagnitude_s0,force.magnitude,0,5,41,2.05,0.53833,0.0,0.0,0.89281,0.0,1.43114,3682863
downwards_rotate,downwards_sensor_sweep_120-20260625-124815,TesolloDownwardsRotateZ,TesolloDownwardsRotateZ-20260625-124824-downwardsrotatez_sb_forcemagnitude_s0,force.magnitude,0,5,42,2.1,0.54461,0.0,0.0,0.93136,0.0,1.47597,3682863
downwards_rotate,downwards_sensor_sweep_120-20260625-124815,TesolloDownwardsRotateZ,TesolloDownwardsRotateZ-20260625-124824-downwardsrotatez_sb_forcemagnitude_s0,force.magnitude,0,5,43,2.15,0.54967,0.0,0.0,0.937,0.0,1.48667,3682863
downwards_rotate,downwards_sensor_sweep_120-20260625-124815,TesolloDownwardsRotateZ,TesolloDownwardsRotateZ-20260625-124824-downwardsrotatez_sb_forcemagnitude_s0,force.magnitude,0,5,44,2.2,0.55191,0.0,0.0,0.93656,0.0,1.48846,3682863
downwards_rotate,downwards_sensor_sweep_120-20260625-124815,TesolloDownwardsRotateZ,TesolloDownwardsRotateZ-20260625-124824-downwardsrotatez_sb_forcemagnitude_s0,force.magnitude,0,5,45,2.25,0.55252,0.0,0.0,0.9336,0.0,1.48612,3682863
downwards_rotate,downwards_sensor_sweep_120-20260625-124815,TesolloDownwardsRotateZ,TesolloDownwardsRotateZ-20260625-124824-downwardsrotatez_sb_forcemagnitude_s0,force.magnitude,0,5,46,2.3,0.50266,0.0,0.0,0.91627,0.0,1.41892,3682863
downwards_rotate,downwards_sensor_sweep_120-20260625-124815,TesolloDownwardsRotateZ,TesolloDownwardsRotateZ-20260625-124824-downwardsrotatez_sb_forcemagnitude_s0,force.magnitude,0,5,47,2.35,0.4744,0.0,0.0,0.90002,0.0,1.37442,3682863
downwards_rotate,downwards_sensor_sweep_120-20260625-124815,TesolloDownwardsRotateZ,TesolloDownwardsRotateZ-20260625-124824-downwardsrotatez_sb_forcemagnitude_s0,force.magnitude,0,5,48,2.4,0.45951,0.0,0.0,0.8952,0.0,1.35471,3682863
downwards_rotate,downwards_sensor_sweep_120-20260625-124815,TesolloDownwardsRotateZ,TesolloDownwardsRotateZ-20260625-124824-downwardsrotatez_sb_forcemagnitude_s0,force.magnitude,0,5,49,2.45,0.44164,0.0,0.0,0.89686,0.0,1.3385,3682863
downwards_rotate,downwards_sensor_sweep_120-20260625-124815,TesolloDownwardsRotateZ,TesolloDownwardsRotateZ-20260625-124824-downwardsrotatez_sb_forcemagnitude_s0,force.magnitude,0,5,50,2.5,0.42373,0.0,0.0,0.90145,0.0,1.32518,3682863
downwards_rotate,downwards_sensor_sweep_120-20260625-124815,TesolloDownwardsRotateZ,TesolloDownwardsRotateZ-20260625-124824-downwardsrotatez_sb_forcemagnitude_s0,force.magnitude,0,5,51,2.55,0.40591,0.0,0.0,0.90815,0.0,1.31406,3682863
downwards_rotate,downwards_sensor_sweep_120-20260625-124815,TesolloDownwardsRotateZ,TesolloDownwardsRotateZ-20260625-124824-downwardsrotatez_sb_forcemagnitude_s0,force.magnitude,0,5,52,2.6,0.3899,0.0,0.0,0.91715,0.0,1.30704,3682863
downwards_rotate,downwards_sensor_sweep_120-20260625-124815,TesolloDownwardsRotateZ,TesolloDownwardsRotateZ-20260625-124824-downwardsrotatez_sb_forcemagnitude_s0,force.magnitude,0,5,53,2.65,0.39375,0.0,0.22213,0.92541,0.0,1.54129,3682863
downwards_rotate,downwards_sensor_sweep_120-20260625-124815,TesolloDownwardsRotateZ,TesolloDownwardsRotateZ-20260625-124824-downwardsrotatez_sb_forcemagnitude_s0,force.magnitude,0,5,54,2.7,0.39113,0.0,0.32652,0.98229,0.0,1.69994,3682863
downwards_rotate,downwards_sensor_sweep_120-20260625-124815,TesolloDownwardsRotateZ,TesolloDownwardsRotateZ-20260625-124824-downwardsrotatez_sb_forcemagnitude_s0,force.magnitude,0,5,55,2.75,0.39161,0.0,0.3937,1.06347,0.0,1.84878,3682863
downwards_rotate,downwards_sensor_sweep_120-20260625-124815,TesolloDownwardsRotateZ,TesolloDownwardsRotateZ-20260625-124824-downwardsrotatez_sb_forcemagnitude_s0,force.magnitude,0,5,56,2.8,0.39028,0.0,0.44066,1.12729,0.0,1.95823,3682863
downwards_rotate,downwards_sensor_sweep_120-20260625-124815,TesolloDownwardsRotateZ,TesolloDownwardsRotateZ-20260625-124824-downwardsrotatez_sb_forcemagnitude_s0,force.magnitude,0,5,57,2.85,0.38926,0.0,0.47236,1.16609,0.0,2.0277,3682863
downwards_rotate,downwards_sensor_sweep_120-20260625-124815,TesolloDownwardsRotateZ,TesolloDownwardsRotateZ-20260625-124824-downwardsrotatez_sb_forcemagnitude_s0,force.magnitude,0,5,58,2.9,0.38999,0.0,0.49207,1.16671,0.0,2.04877,3682863
downwards_rotate,downwards_sensor_sweep_120-20260625-124815,TesolloDownwardsRotateZ,TesolloDownwardsRotateZ-20260625-124824-downwardsrotatez_sb_forcemagnitude_s0,force.magnitude,0,5,59,2.95,0.3891,0.0,0.50783,1.16366,0.0,2.06059,3682863
downwards_rotate,downwards_sensor_sweep_120-20260625-124815,TesolloDownwardsRotateZ,TesolloDownwardsRotateZ-20260625-124824-downwardsrotatez_sb_forcemagnitude_s0,force.magnitude,0,5,60,3.0,0.39033,0.0,0.52021,1.15677,0.0,2.06731,3682863
downwards_rotate,downwards_sensor_sweep_120-20260625-124815,TesolloDownwardsRotateZ,TesolloDownwardsRotateZ-20260625-124824-downwardsrotatez_sb_forcemagnitude_s0,force.magnitude,0,5,61,3.05,0.38997,0.0,0.53464,1.15324,0.0,2.07785,3682863
downwards_rotate,downwards_sensor_sweep_120-20260625-124815,TesolloDownwardsRotateZ,TesolloDownwardsRotateZ-20260625-124824-downwardsrotatez_sb_forcemagnitude_s0,force.magnitude,0,5,62,3.1,0.39052,0.0,0.54681,1.15095,0.0,2.08829,3682863
downwards_rotate,downwards_sensor_sweep_120-20260625-124815,TesolloDownwardsRotateZ,TesolloDownwardsRotateZ-20260625-124824-downwardsrotatez_sb_forcemagnitude_s0,force.magnitude,0,5,63,3.15,0.38886,0.0,0.55905,1.15364,0.0,2.10156,3682863
downwards_rotate,downwards_sensor_sweep_120-20260625-124815,TesolloDownwardsRotateZ,TesolloDownwardsRotateZ-20260625-124824-downwardsrotatez_sb_forcemagnitude_s0,force.magnitude,0,5,64,3.2,0.3866,0.0,0.56991,1.16027,0.0,2.11678,3682863
downwards_rotate,downwards_sensor_sweep_120-20260625-124815,TesolloDownwardsRotateZ,TesolloDownwardsRotateZ-20260625-124824-downwardsrotatez_sb_forcemagnitude_s0,force.magnitude,0,5,65,3.25,0.38415,0.0,0.57786,1.16864,0.0,2.13065,3682863
downwards_rotate,downwards_sensor_sweep_120-20260625-124815,TesolloDownwardsRotateZ,TesolloDownwardsRotateZ-20260625-124824-downwardsrotatez_sb_forcemagnitude_s0,force.magnitude,0,5,66,3.3,0.38091,0.0,0.58229,1.17861,0.0,2.14182,3682863
downwards_rotate,downwards_sensor_sweep_120-20260625-124815,TesolloDownwardsRotateZ,TesolloDownwardsRotateZ-20260625-124824-downwardsrotatez_sb_forcemagnitude_s0,force.magnitude,0,5,67,3.35,0.37737,0.0,0.58402,1.18929,0.0,2.15068,3682863
downwards_rotate,downwards_sensor_sweep_120-20260625-124815,TesolloDownwardsRotateZ,TesolloDownwardsRotateZ-20260625-124824-downwardsrotatez_sb_forcemagnitude_s0,force.magnitude,0,5,68,3.4,0.37401,0.0,0.58195,1.19958,0.0,2.15554,3682863
downwards_rotate,downwards_sensor_sweep_120-20260625-124815,TesolloDownwardsRotateZ,TesolloDownwardsRotateZ-20260625-124824-downwardsrotatez_sb_forcemagnitude_s0,force.magnitude,0,5,69,3.45,0.37052,0.0,0.57681,1.2096,0.0,2.15693,3682863
downwards_rotate,downwards_sensor_sweep_120-20260625-124815,TesolloDownwardsRotateZ,TesolloDownwardsRotateZ-20260625-124824-downwardsrotatez_sb_forcemagnitude_s0,force.magnitude,0,5,70,3.5,0.36764,0.0,0.56934,1.21885,0.0,2.15584,3682863
downwards_rotate,downwards_sensor_sweep_120-20260625-124815,TesolloDownwardsRotateZ,TesolloDownwardsRotateZ-20260625-124824-downwardsrotatez_sb_forcemagnitude_s0,force.magnitude,0,5,71,3.55,0.36509,0.0,0.55762,1.22599,0.0,2.1487,3682863
downwards_rotate,downwards_sensor_sweep_120-20260625-124815,TesolloDownwardsRotateZ,TesolloDownwardsRotateZ-20260625-124824-downwardsrotatez_sb_forcemagnitude_s0,force.magnitude,0,5,72,3.6,0.36164,0.0,0.54482,1.23195,0.0,2.13841,3682863
downwards_rotate,downwards_sensor_sweep_120-20260625-124815,TesolloDownwardsRotateZ,TesolloDownwardsRotateZ-20260625-124824-downwardsrotatez_sb_forcemagnitude_s0,force.magnitude,0,5,73,3.65,0.35808,0.0,0.53154,1.23696,0.0,2.12657,3682863
downwards_rotate,downwards_sensor_sweep_120-20260625-124815,TesolloDownwardsRotateZ,TesolloDownwardsRotateZ-20260625-124824-downwardsrotatez_sb_forcemagnitude_s0,force.magnitude,0,5,74,3.7,0.35409,0.0,0.51937,1.24075,0.0,2.11421,3682863
downwards_rotate,downwards_sensor_sweep_120-20260625-124815,TesolloDownwardsRotateZ,TesolloDownwardsRotateZ-20260625-124824-downwardsrotatez_sb_forcemagnitude_s0,force.magnitude,0,5,75,3.75,0.34968,0.0,0.50596,1.24372,0.0,2.09937,3682863
downwards_rotate,downwards_sensor_sweep_120-20260625-124815,TesolloDownwardsRotateZ,TesolloDownwardsRotateZ-20260625-124824-downwardsrotatez_sb_forcemagnitude_s0,force.magnitude,0,5,76,3.8,0.34603,0.0,0.48986,1.24516,0.0,2.08105,3682863
downwards_rotate,downwards_sensor_sweep_120-20260625-124815,TesolloDownwardsRotateZ,TesolloDownwardsRotateZ-20260625-124824-downwardsrotatez_sb_forcemagnitude_s0,force.magnitude,0,5,77,3.85,0.34097,0.0,0.47409,1.24744,0.0,2.06251,3682863
downwards_rotate,downwards_sensor_sweep_120-20260625-124815,TesolloDownwardsRotateZ,TesolloDownwardsRotateZ-20260625-124824-downwardsrotatez_sb_forcemagnitude_s0,force.magnitude,0,5,78,3.9,0.33612,0.0,0.45707,1.2496,0.0,2.04279,3682863
downwards_rotate,downwards_sensor_sweep_120-20260625-124815,TesolloDownwardsRotateZ,TesolloDownwardsRotateZ-20260625-124824-downwardsrotatez_sb_forcemagnitude_s0,force.magnitude,0,5,79,3.95,0.33079,0.0,0.43942,1.25266,0.0,2.02288,3682863
downwards_rotate,downwards_sensor_sweep_120-20260625-124815,TesolloDownwardsRotateZ,TesolloDownwardsRotateZ-20260625-124824-downwardsrotatez_sb_forcemagnitude_s0,force.magnitude,0,5,80,4.0,0.3251,0.0,0.42204,1.25671,0.0,2.00385,3682863
downwards_rotate,downwards_sensor_sweep_120-20260625-124815,TesolloDownwardsRotateZ,TesolloDownwardsRotateZ-20260625-124824-downwardsrotatez_sb_forcemagnitude_s0,force.magnitude,0,5,81,4.05,0.32035,0.0,0.40291,1.25964,0.0,1.98291,3682863
downwards_rotate,downwards_sensor_sweep_120-20260625-124815,TesolloDownwardsRotateZ,TesolloDownwardsRotateZ-20260625-124824-downwardsrotatez_sb_forcemagnitude_s0,force.magnitude,0,5,82,4.1,0.31529,0.0,0.38408,1.26239,0.0,1.96176,3682863
downwards_rotate,downwards_sensor_sweep_120-20260625-124815,TesolloDownwardsRotateZ,TesolloDownwardsRotateZ-20260625-124824-downwardsrotatez_sb_forcemagnitude_s0,force.magnitude,0,5,83,4.15,0.3103,0.0,0.3653,1.26548,0.0,1.94108,3682863
downwards_rotate,downwards_sensor_sweep_120-20260625-124815,TesolloDownwardsRotateZ,TesolloDownwardsRotateZ-20260625-124824-downwardsrotatez_sb_forcemagnitude_s0,force.magnitude,0,5,84,4.2,0.3057,0.0,0.34571,1.26826,0.0,1.91967,3682863
downwards_rotate,downwards_sensor_sweep_120-20260625-124815,TesolloDownwardsRotateZ,TesolloDownwardsRotateZ-20260625-124824-downwardsrotatez_sb_forcemagnitude_s0,force.magnitude,0,5,85,4.25,0.3004,0.0,0.32834,1.27141,0.0,1.90015,3682863
downwards_rotate,downwards_sensor_sweep_120-20260625-124815,TesolloDownwardsRotateZ,TesolloDownwardsRotateZ-20260625-124824-downwardsrotatez_sb_forcemagnitude_s0,force.magnitude,0,5,86,4.3,0.29575,0.0,0.31009,1.27411,0.0,1.87995,3682863
downwards_rotate,downwards_sensor_sweep_120-20260625-124815,TesolloDownwardsRotateZ,TesolloDownwardsRotateZ-20260625-124824-downwardsrotatez_sb_forcemagnitude_s0,force.magnitude,0,5,87,4.35,0.2922,0.0,0.29045,1.27651,0.0,1.85916,3682863
downwards_rotate,downwards_sensor_sweep_120-20260625-124815,TesolloDownwardsRotateZ,TesolloDownwardsRotateZ-20260625-124824-downwardsrotatez_sb_forcemagnitude_s0,force.magnitude,0,5,88,4.4,0.28696,0.0,0.27541,1.27974,0.0,1.84212,3682863
downwards_rotate,downwards_sensor_sweep_120-20260625-124815,TesolloDownwardsRotateZ,TesolloDownwardsRotateZ-20260625-124824-downwardsrotatez_sb_forcemagnitude_s0,force.magnitude,0,5,89,4.45,0.28301,0.0,0.25856,1.2836,0.0,1.82517,3682863
downwards_rotate,downwards_sensor_sweep_120-20260625-124815,TesolloDownwardsRotateZ,TesolloDownwardsRotateZ-20260625-124824-downwardsrotatez_sb_forcemagnitude_s0,force.magnitude,0,5,90,4.5,0.27917,0.0,0.24189,1.28808,0.0,1.80915,3682863
downwards_rotate,downwards_sensor_sweep_120-20260625-124815,TesolloDownwardsRotateZ,TesolloDownwardsRotateZ-20260625-124824-downwardsrotatez_sb_forcemagnitude_s0,force.magnitude,0,5,91,4.55,0.27472,0.0,0.22715,1.2933,0.0,1.79517,3682863
downwards_rotate,downwards_sensor_sweep_120-20260625-124815,TesolloDownwardsRotateZ,TesolloDownwardsRotateZ-20260625-124824-downwardsrotatez_sb_forcemagnitude_s0,force.magnitude,0,5,92,4.6,0.2704,0.0,0.21403,1.29897,0.0,1.7834,3682863
downwards_rotate,downwards_sensor_sweep_120-20260625-124815,TesolloDownwardsRotateZ,TesolloDownwardsRotateZ-20260625-124824-downwardsrotatez_sb_forcemagnitude_s0,force.magnitude,0,5,93,4.65,0.26665,0.0,0.19912,1.30436,0.0,1.77012,3682863
downwards_rotate,downwards_sensor_sweep_120-20260625-124815,TesolloDownwardsRotateZ,TesolloDownwardsRotateZ-20260625-124824-downwardsrotatez_sb_forcemagnitude_s0,force.magnitude,0,5,94,4.7,0.26241,0.0,0.18524,1.30971,0.0,1.75736,3682863
downwards_rotate,downwards_sensor_sweep_120-20260625-124815,TesolloDownwardsRotateZ,TesolloDownwardsRotateZ-20260625-124824-downwardsrotatez_sb_forcemagnitude_s0,force.magnitude,0,5,95,4.75,0.25795,0.0,0.17272,1.31585,0.0,1.74652,3682863
downwards_rotate,downwards_sensor_sweep_120-20260625-124815,TesolloDownwardsRotateZ,TesolloDownwardsRotateZ-20260625-124824-downwardsrotatez_sb_forcemagnitude_s0,force.magnitude,0,5,96,4.8,0.2537,0.0,0.15925,1.32202,0.0,1.73497,3682863
downwards_rotate,downwards_sensor_sweep_120-20260625-124815,TesolloDownwardsRotateZ,TesolloDownwardsRotateZ-20260625-124824-downwardsrotatez_sb_forcemagnitude_s0,force.magnitude,0,5,97,4.85,0.24988,0.0,0.14664,1.32715,0.0,1.72367,3682863
downwards_rotate,downwards_sensor_sweep_120-20260625-124815,TesolloDownwardsRotateZ,TesolloDownwardsRotateZ-20260625-124824-downwardsrotatez_sb_forcemagnitude_s0,force.magnitude,0,5,98,4.9,0.24527,0.0,0.13645,1.33242,0.0,1.71413,3682863
downwards_rotate,downwards_sensor_sweep_120-20260625-124815,TesolloDownwardsRotateZ,TesolloDownwardsRotateZ-20260625-124824-downwardsrotatez_sb_forcemagnitude_s0,force.magnitude,0,5,99,4.95,0.24121,0.0,0.12626,1.33769,0.0,1.70516,3682863
downwards_rotate,downwards_sensor_sweep_120-20260625-124815,TesolloDownwardsRotateZ,TesolloDownwardsRotateZ-20260625-124824-downwardsrotatez_sb_forcemagnitude_s0,force.magnitude,0,5,100,5.0,0.23922,0.0,0.11539,1.33966,0.0,1.69427,3682863
downwards_rotate,downwards_sensor_sweep_120-20260625-124815,TesolloDownwardsRotateZ,TesolloDownwardsRotateZ-20260625-124824-downwardsrotatez_sb_forcemagnitude_s0,force.magnitude,0,5,101,5.05,0.23252,0.0,0.11104,1.34588,0.0,1.68943,3682863
downwards_rotate,downwards_sensor_sweep_120-20260625-124815,TesolloDownwardsRotateZ,TesolloDownwardsRotateZ-20260625-124824-downwardsrotatez_sb_forcemagnitude_s0,force.magnitude,0,5,102,5.1,0.23105,0.0,0.0,1.34904,0.0,1.58009,3682863
downwards_rotate,downwards_sensor_sweep_120-20260625-124815,TesolloDownwardsRotateZ,TesolloDownwardsRotateZ-20260625-124824-downwardsrotatez_sb_forcemagnitude_s0,force.magnitude,0,5,103,5.15,0.23019,0.0,0.0,1.35465,0.0,1.58484,3682863
downwards_rotate,downwards_sensor_sweep_120-20260625-124815,TesolloDownwardsRotateZ,TesolloDownwardsRotateZ-20260625-124824-downwardsrotatez_sb_forcemagnitude_s0,force.magnitude,0,5,104,5.2,0.22962,0.0,0.0,1.36024,0.0,1.58986,3682863
downwards_rotate,downwards_sensor_sweep_120-20260625-124815,TesolloDownwardsRotateZ,TesolloDownwardsRotateZ-20260625-124824-downwardsrotatez_sb_forcemagnitude_s0,force.magnitude,0,5,105,5.25,0.22619,0.0,0.0,1.36779,0.0,1.59398,3682863
downwards_rotate,downwards_sensor_sweep_120-20260625-124815,TesolloDownwardsRotateZ,TesolloDownwardsRotateZ-20260625-124824-downwardsrotatez_sb_forcemagnitude_s0,force.magnitude,0,5,106,5.3,0.22357,0.0,0.0,1.37711,0.0,1.60069,3682863
downwards_rotate,downwards_sensor_sweep_120-20260625-124815,TesolloDownwardsRotateZ,TesolloDownwardsRotateZ-20260625-124824-downwardsrotatez_sb_forcemagnitude_s0,force.magnitude,0,5,107,5.35,0.22161,0.0,0.0,1.38688,0.0,1.60849,3682863
downwards_rotate,downwards_sensor_sweep_120-20260625-124815,TesolloDownwardsRotateZ,TesolloDownwardsRotateZ-20260625-124824-downwardsrotatez_sb_forcemagnitude_s0,force.magnitude,0,5,108,5.4,0.21972,0.0,0.0,1.39689,0.0,1.61661,3682863
downwards_rotate,downwards_sensor_sweep_120-20260625-124815,TesolloDownwardsRotateZ,TesolloDownwardsRotateZ-20260625-124824-downwardsrotatez_sb_forcemagnitude_s0,force.magnitude,0,5,109,5.45,0.21764,0.0,0.0,1.40735,0.0,1.62499,3682863
downwards_rotate,downwards_sensor_sweep_120-20260625-124815,TesolloDownwardsRotateZ,TesolloDownwardsRotateZ-20260625-124824-downwardsrotatez_sb_forcemagnitude_s0,force.magnitude,0,5,110,5.5,0.21624,0.0,0.0,1.41698,0.0,1.63321,3682863
downwards_rotate,downwards_sensor_sweep_120-20260625-124815,TesolloDownwardsRotateZ,TesolloDownwardsRotateZ-20260625-124824-downwardsrotatez_sb_forcemagnitude_s0,force.magnitude,0,5,111,5.55,0.21408,0.0,0.0,1.42653,0.0,1.64061,3682863
downwards_rotate,downwards_sensor_sweep_120-20260625-124815,TesolloDownwardsRotateZ,TesolloDownwardsRotateZ-20260625-124824-downwardsrotatez_sb_forcemagnitude_s0,force.magnitude,0,5,112,5.6,0.21413,0.0,0.0,1.43386,0.0,1.64798,3682863
downwards_rotate,downwards_sensor_sweep_120-20260625-124815,TesolloDownwardsRotateZ,TesolloDownwardsRotateZ-20260625-124824-downwardsrotatez_sb_forcemagnitude_s0,force.magnitude,0,5,113,5.65,0.21179,0.0,0.0,1.44328,0.0,1.65507,3682863
downwards_rotate,downwards_sensor_sweep_120-20260625-124815,TesolloDownwardsRotateZ,TesolloDownwardsRotateZ-20260625-124824-downwardsrotatez_sb_forcemagnitude_s0,force.magnitude,0,5,114,5.7,0.21058,0.0,0.0,1.45103,0.0,1.6616,3682863
downwards_rotate,downwards_sensor_sweep_120-20260625-124815,TesolloDownwardsRotateZ,TesolloDownwardsRotateZ-20260625-124824-downwardsrotatez_sb_forcemagnitude_s0,force.magnitude,0,5,115,5.75,0.20983,0.0,0.0,1.45822,0.0,1.66805,3682863
downwards_rotate,downwards_sensor_sweep_120-20260625-124815,TesolloDownwardsRotateZ,TesolloDownwardsRotateZ-20260625-124824-downwardsrotatez_sb_forcemagnitude_s0,force.magnitude,0,5,116,5.8,0.20958,0.0,0.0,1.46529,0.0,1.67488,3682863
downwards_rotate,downwards_sensor_sweep_120-20260625-124815,TesolloDownwardsRotateZ,TesolloDownwardsRotateZ-20260625-124824-downwardsrotatez_sb_forcemagnitude_s0,force.magnitude,0,5,117,5.85,0.20844,0.0,0.0,1.47332,0.0,1.68176,3682863
downwards_rotate,downwards_sensor_sweep_120-20260625-124815,TesolloDownwardsRotateZ,TesolloDownwardsRotateZ-20260625-124824-downwardsrotatez_sb_forcemagnitude_s0,force.magnitude,0,5,118,5.9,0.20755,0.0,0.0,1.48125,0.0,1.68879,3682863
downwards_rotate,downwards_sensor_sweep_120-20260625-124815,TesolloDownwardsRotateZ,TesolloDownwardsRotateZ-20260625-124824-downwardsrotatez_sb_forcemagnitude_s0,force.magnitude,0,5,119,5.95,0.20574,0.0,0.0,1.49035,0.0,1.69609,3682863
downwards_rotate,downwards_sensor_sweep_120-20260625-124815,TesolloDownwardsRotateZ,TesolloDownwardsRotateZ-20260625-124824-downwardsrotatez_sb_forcemagnitude_s0,force.magnitude,0,6,0,0.0,0.0,0.0,0.0,0.0,0.0,0.0,3682863
downwards_rotate,downwards_sensor_sweep_120-20260625-124815,TesolloDownwardsRotateZ,TesolloDownwardsRotateZ-20260625-124824-downwardsrotatez_sb_forcemagnitude_s0,force.magnitude,0,6,1,0.05,0.0,0.0,0.0,0.0,0.0,0.0,3682863
downwards_rotate,downwards_sensor_sweep_120-20260625-124815,TesolloDownwardsRotateZ,TesolloDownwardsRotateZ-20260625-124824-downwardsrotatez_sb_forcemagnitude_s0,force.magnitude,0,6,2,0.1,0.0,0.0,0.0,0.0,0.0,0.0,3682863
downwards_rotate,downwards_sensor_sweep_120-20260625-124815,TesolloDownwardsRotateZ,TesolloDownwardsRotateZ-20260625-124824-downwardsrotatez_sb_forcemagnitude_s0,force.magnitude,0,6,3,0.15,0.51532,0.0,0.0,0.0,0.0,0.51532,3682863
downwards_rotate,downwards_sensor_sweep_120-20260625-124815,TesolloDownwardsRotateZ,TesolloDownwardsRotateZ-20260625-124824-downwardsrotatez_sb_forcemagnitude_s0,force.magnitude,0,6,4,0.2,3.59553,3.05455,0.0,0.0,1.09151,7.74159,3682863
downwards_rotate,downwards_sensor_sweep_120-20260625-124815,TesolloDownwardsRotateZ,TesolloDownwardsRotateZ-20260625-124824-downwardsrotatez_sb_forcemagnitude_s0,force.magnitude,0,6,5,0.25,2.38231,3.01857,0.0,0.0,0.0,5.40088,3682863
downwards_rotate,downwards_sensor_sweep_120-20260625-124815,TesolloDownwardsRotateZ,TesolloDownwardsRotateZ-20260625-124824-downwardsrotatez_sb_forcemagnitude_s0,force.magnitude,0,6,6,0.3,3.02562,3.12538,0.0,0.0,0.0,6.151,3682863
downwards_rotate,downwards_sensor_sweep_120-20260625-124815,TesolloDownwardsRotateZ,TesolloDownwardsRotateZ-20260625-124824-downwardsrotatez_sb_forcemagnitude_s0,force.magnitude,0,6,7,0.35,1.00857,3.0339,0.0,0.0,0.0,4.04247,3682863
downwards_rotate,downwards_sensor_sweep_120-20260625-124815,TesolloDownwardsRotateZ,TesolloDownwardsRotateZ-20260625-124824-downwardsrotatez_sb_forcemagnitude_s0,force.magnitude,0,6,8,0.4,0.0,2.87059,0.0,0.0,0.0,2.87059,3682863
downwards_rotate,downwards_sensor_sweep_120-20260625-124815,TesolloDownwardsRotateZ,TesolloDownwardsRotateZ-20260625-124824-downwardsrotatez_sb_forcemagnitude_s0,force.magnitude,0,6,9,0.45,0.0,2.35094,1.06372,1.14178,0.0,4.55643,3682863
downwards_rotate,downwards_sensor_sweep_120-20260625-124815,TesolloDownwardsRotateZ,TesolloDownwardsRotateZ-20260625-124824-downwardsrotatez_sb_forcemagnitude_s0,force.magnitude,0,6,10,0.5,0.0,3.28408,0.0,1.20687,0.0,4.49095,3682863
downwards_rotate,downwards_sensor_sweep_120-20260625-124815,TesolloDownwardsRotateZ,TesolloDownwardsRotateZ-20260625-124824-downwardsrotatez_sb_forcemagnitude_s0,force.magnitude,0,6,11,0.55,0.0,3.3487,0.31764,0.65281,0.0,4.31915,3682863
downwards_rotate,downwards_sensor_sweep_120-20260625-124815,TesolloDownwardsRotateZ,TesolloDownwardsRotateZ-20260625-124824-downwardsrotatez_sb_forcemagnitude_s0,force.magnitude,0,6,12,0.6,1.47513,3.26198,0.0,1.34373,1.04397,7.12481,3682863
downwards_rotate,downwards_sensor_sweep_120-20260625-124815,TesolloDownwardsRotateZ,TesolloDownwardsRotateZ-20260625-124824-downwardsrotatez_sb_forcemagnitude_s0,force.magnitude,0,6,13,0.65,1.77699,2.7661,0.91076,1.60689,0.0,7.06074,3682863
downwards_rotate,downwards_sensor_sweep_120-20260625-124815,TesolloDownwardsRotateZ,TesolloDownwardsRotateZ-20260625-124824-downwardsrotatez_sb_forcemagnitude_s0,force.magnitude,0,6,14,0.7,2.12207,2.68734,1.19417,2.06222,1.49286,9.55866,3682863
downwards_rotate,downwards_sensor_sweep_120-20260625-124815,TesolloDownwardsRotateZ,TesolloDownwardsRotateZ-20260625-124824-downwardsrotatez_sb_forcemagnitude_s0,force.magnitude,0,6,15,0.75,1.91814,2.65131,1.43926,2.37249,1.50707,9.88827,3682863
downwards_rotate,downwards_sensor_sweep_120-20260625-124815,TesolloDownwardsRotateZ,TesolloDownwardsRotateZ-20260625-124824-downwardsrotatez_sb_forcemagnitude_s0,force.magnitude,0,6,16,0.8,1.79623,2.61359,1.51771,2.13347,2.4748,10.53581,3682863
downwards_rotate,downwards_sensor_sweep_120-20260625-124815,TesolloDownwardsRotateZ,TesolloDownwardsRotateZ-20260625-124824-downwardsrotatez_sb_forcemagnitude_s0,force.magnitude,0,6,17,0.85,2.17945,2.63627,1.31793,2.6794,1.67727,10.49031,3682863
downwards_rotate,downwards_sensor_sweep_120-20260625-124815,TesolloDownwardsRotateZ,TesolloDownwardsRotateZ-20260625-124824-downwardsrotatez_sb_forcemagnitude_s0,force.magnitude,0,6,18,0.9,3.17972,2.95412,1.55566,3.31289,1.66784,12.67023,3682863
downwards_rotate,downwards_sensor_sweep_120-20260625-124815,TesolloDownwardsRotateZ,TesolloDownwardsRotateZ-20260625-124824-downwardsrotatez_sb_forcemagnitude_s0,force.magnitude,0,6,19,0.95,2.95043,2.84662,1.78298,3.39192,1.68667,12.65863,3682863
downwards_rotate,downwards_sensor_sweep_120-20260625-124815,TesolloDownwardsRotateZ,TesolloDownwardsRotateZ-20260625-124824-downwardsrotatez_sb_forcemagnitude_s0,force.magnitude,0,6,20,1.0,2.78705,2.75002,1.87618,3.36436,1.71859,12.4962,3682863
downwards_rotate,downwards_sensor_sweep_120-20260625-124815,TesolloDownwardsRotateZ,TesolloDownwardsRotateZ-20260625-124824-downwardsrotatez_sb_forcemagnitude_s0,force.magnitude,0,6,21,1.05,2.67826,2.64519,2.01268,3.21706,1.87335,12.42655,3682863
downwards_rotate,downwards_sensor_sweep_120-20260625-124815,TesolloDownwardsRotateZ,TesolloDownwardsRotateZ-20260625-124824-downwardsrotatez_sb_forcemagnitude_s0,force.magnitude,0,6,22,1.1,2.78583,2.66941,2.19183,2.74748,1.95251,12.34707,3682863
downwards_rotate,downwards_sensor_sweep_120-20260625-124815,TesolloDownwardsRotateZ,TesolloDownwardsRotateZ-20260625-124824-downwardsrotatez_sb_forcemagnitude_s0,force.magnitude,0,6,23,1.15,2.8087,2.77541,2.35607,2.52885,1.89941,12.36844,3682863
downwards_rotate,downwards_sensor_sweep_120-20260625-124815,TesolloDownwardsRotateZ,TesolloDownwardsRotateZ-20260625-124824-downwardsrotatez_sb_forcemagnitude_s0,force.magnitude,0,6,24,1.2,2.90948,2.78071,2.52739,2.38564,1.59217,12.1954,3682863
downwards_rotate,downwards_sensor_sweep_120-20260625-124815,TesolloDownwardsRotateZ,TesolloDownwardsRotateZ-20260625-124824-downwardsrotatez_sb_forcemagnitude_s0,force.magnitude,0,6,25,1.25,3.01522,2.62214,2.70739,2.25237,2.01339,12.61052,3682863
downwards_rotate,downwards_sensor_sweep_120-20260625-124815,TesolloDownwardsRotateZ,TesolloDownwardsRotateZ-20260625-124824-downwardsrotatez_sb_forcemagnitude_s0,force.magnitude,0,6,26,1.3,3.24502,2.4411,2.97287,1.00546,0.77987,10.44433,3682863
downwards_rotate,downwards_sensor_sweep_120-20260625-124815,TesolloDownwardsRotateZ,TesolloDownwardsRotateZ-20260625-124824-downwardsrotatez_sb_forcemagnitude_s0,force.magnitude,0,6,27,1.35,3.45682,2.21749,3.44809,0.15067,0.66719,9.94025,3682863
downwards_rotate,downwards_sensor_sweep_120-20260625-124815,TesolloDownwardsRotateZ,TesolloDownwardsRotateZ-20260625-124824-downwardsrotatez_sb_forcemagnitude_s0,force.magnitude,0,6,28,1.4,3.70088,2.20613,3.29448,0.0,0.0,9.20149,3682863
downwards_rotate,downwards_sensor_sweep_120-20260625-124815,TesolloDownwardsRotateZ,TesolloDownwardsRotateZ-20260625-124824-downwardsrotatez_sb_forcemagnitude_s0,force.magnitude,0,6,29,1.45,3.52441,2.28302,3.44668,1.13061,0.85048,11.2352,3682863
downwards_rotate,downwards_sensor_sweep_120-20260625-124815,TesolloDownwardsRotateZ,TesolloDownwardsRotateZ-20260625-124824-downwardsrotatez_sb_forcemagnitude_s0,force.magnitude,0,6,30,1.5,3.54323,2.22288,3.39241,1.27111,0.78218,11.21181,3682863
downwards_rotate,downwards_sensor_sweep_120-20260625-124815,TesolloDownwardsRotateZ,TesolloDownwardsRotateZ-20260625-124824-downwardsrotatez_sb_forcemagnitude_s0,force.magnitude,0,6,31,1.55,3.4314,2.24666,3.36845,1.3782,0.90373,11.32845,3682863
downwards_rotate,downwards_sensor_sweep_120-20260625-124815,TesolloDownwardsRotateZ,TesolloDownwardsRotateZ-20260625-124824-downwardsrotatez_sb_forcemagnitude_s0,force.magnitude,0,6,32,1.6,3.28474,2.13793,3.48777,1.65168,1.01869,11.58081,3682863
downwards_rotate,downwards_sensor_sweep_120-20260625-124815,TesolloDownwardsRotateZ,TesolloDownwardsRotateZ-20260625-124824-downwardsrotatez_sb_forcemagnitude_s0,force.magnitude,0,6,33,1.65,3.16765,2.23494,3.45667,1.77698,1.09208,11.72831,3682863
downwards_rotate,downwards_sensor_sweep_120-20260625-124815,TesolloDownwardsRotateZ,TesolloDownwardsRotateZ-20260625-124824-downwardsrotatez_sb_forcemagnitude_s0,force.magnitude,0,6,34,1.7,3.06071,2.32289,3.43681,1.73962,1.14274,11.70277,3682863
downwards_rotate,downwards_sensor_sweep_120-20260625-124815,TesolloDownwardsRotateZ,TesolloDownwardsRotateZ-20260625-124824-downwardsrotatez_sb_forcemagnitude_s0,force.magnitude,0,6,35,1.75,3.02924,2.37848,3.42924,1.72667,1.16614,11.72977,3682863
downwards_rotate,downwards_sensor_sweep_120-20260625-124815,TesolloDownwardsRotateZ,TesolloDownwardsRotateZ-20260625-124824-downwardsrotatez_sb_forcemagnitude_s0,force.magnitude,0,6,36,1.8,3.01875,2.14845,3.46489,1.80265,1.13756,11.5723,3682863
downwards_rotate,downwards_sensor_sweep_120-20260625-124815,TesolloDownwardsRotateZ,TesolloDownwardsRotateZ-20260625-124824-downwardsrotatez_sb_forcemagnitude_s0,force.magnitude,0,6,37,1.85,3.03108,2.24448,3.35594,1.78015,1.07596,11.48762,3682863
downwards_rotate,downwards_sensor_sweep_120-20260625-124815,TesolloDownwardsRotateZ,TesolloDownwardsRotateZ-20260625-124824-downwardsrotatez_sb_forcemagnitude_s0,force.magnitude,0,6,38,1.9,3.09187,2.313,2.87718,1.79014,1.01062,11.08282,3682863
downwards_rotate,downwards_sensor_sweep_120-20260625-124815,TesolloDownwardsRotateZ,TesolloDownwardsRotateZ-20260625-124824-downwardsrotatez_sb_forcemagnitude_s0,force.magnitude,0,6,39,1.95,3.18817,2.37755,2.61441,1.80735,0.95236,10.93984,3682863
downwards_rotate,downwards_sensor_sweep_120-20260625-124815,TesolloDownwardsRotateZ,TesolloDownwardsRotateZ-20260625-124824-downwardsrotatez_sb_forcemagnitude_s0,force.magnitude,0,6,40,2.0,3.28619,2.43059,2.44139,1.80819,0.90427,10.87062,3682863
downwards_rotate,downwards_sensor_sweep_120-20260625-124815,TesolloDownwardsRotateZ,TesolloDownwardsRotateZ-20260625-124824-downwardsrotatez_sb_forcemagnitude_s0,force.magnitude,0,6,41,2.05,3.3794,2.46972,2.33727,1.81944,0.86656,10.87239,3682863
downwards_rotate,downwards_sensor_sweep_120-20260625-124815,TesolloDownwardsRotateZ,TesolloDownwardsRotateZ-20260625-124824-downwardsrotatez_sb_forcemagnitude_s0,force.magnitude,0,6,42,2.1,3.44908,2.48538,2.30762,1.82286,0.85221,10.91714,3682863
downwards_rotate,downwards_sensor_sweep_120-20260625-124815,TesolloDownwardsRotateZ,TesolloDownwardsRotateZ-20260625-124824-downwardsrotatez_sb_forcemagnitude_s0,force.magnitude,0,6,43,2.15,3.48217,2.49849,2.31469,1.81548,0.85811,10.96895,3682863
downwards_rotate,downwards_sensor_sweep_120-20260625-124815,TesolloDownwardsRotateZ,TesolloDownwardsRotateZ-20260625-124824-downwardsrotatez_sb_forcemagnitude_s0,force.magnitude,0,6,44,2.2,3.48569,2.65103,1.96812,1.8602,0.86411,10.82915,3682863
downwards_rotate,downwards_sensor_sweep_120-20260625-124815,TesolloDownwardsRotateZ,TesolloDownwardsRotateZ-20260625-124824-downwardsrotatez_sb_forcemagnitude_s0,force.magnitude,0,6,45,2.25,3.49044,2.91144,1.49356,1.94962,0.85908,10.70414,3682863
downwards_rotate,downwards_sensor_sweep_120-20260625-124815,TesolloDownwardsRotateZ,TesolloDownwardsRotateZ-20260625-124824-downwardsrotatez_sb_forcemagnitude_s0,force.magnitude,0,6,46,2.3,3.50415,3.58649,1.52785,1.93696,0.97372,11.52917,3682863
downwards_rotate,downwards_sensor_sweep_120-20260625-124815,TesolloDownwardsRotateZ,TesolloDownwardsRotateZ-20260625-124824-downwardsrotatez_sb_forcemagnitude_s0,force.magnitude,0,6,47,2.35,3.73658,2.98599,1.20094,2.1627,0.81866,10.90487,3682863
downwards_rotate,downwards_sensor_sweep_120-20260625-124815,TesolloDownwardsRotateZ,TesolloDownwardsRotateZ-20260625-124824-downwardsrotatez_sb_forcemagnitude_s0,force.magnitude,0,6,48,2.4,3.60299,3.33473,0.0,2.00524,0.76482,9.70778,3682863
downwards_rotate,downwards_sensor_sweep_120-20260625-124815,TesolloDownwardsRotateZ,TesolloDownwardsRotateZ-20260625-124824-downwardsrotatez_sb_forcemagnitude_s0,force.magnitude,0,6,49,2.45,3.77561,3.19278,0.76241,2.18675,0.84582,10.76336,3682863
downwards_rotate,downwards_sensor_sweep_120-20260625-124815,TesolloDownwardsRotateZ,TesolloDownwardsRotateZ-20260625-124824-downwardsrotatez_sb_forcemagnitude_s0,force.magnitude,0,6,50,2.5,3.8276,3.56384,1.04245,1.94675,0.7806,11.16124,3682863
downwards_rotate,downwards_sensor_sweep_120-20260625-124815,TesolloDownwardsRotateZ,TesolloDownwardsRotateZ-20260625-124824-downwardsrotatez_sb_forcemagnitude_s0,force.magnitude,0,6,51,2.55,3.80351,3.32648,1.42534,1.77813,0.73631,11.06977,3682863
downwards_rotate,downwards_sensor_sweep_120-20260625-124815,TesolloDownwardsRotateZ,TesolloDownwardsRotateZ-20260625-124824-downwardsrotatez_sb_forcemagnitude_s0,force.magnitude,0,6,52,2.6,3.73443,3.29053,1.66539,1.66724,0.69502,11.05261,3682863
downwards_rotate,downwards_sensor_sweep_120-20260625-124815,TesolloDownwardsRotateZ,TesolloDownwardsRotateZ-20260625-124824-downwardsrotatez_sb_forcemagnitude_s0,force.magnitude,0,6,53,2.65,3.6736,3.29156,2.26523,1.2556,0.51142,10.99742,3682863
downwards_rotate,downwards_sensor_sweep_120-20260625-124815,TesolloDownwardsRotateZ,TesolloDownwardsRotateZ-20260625-124824-downwardsrotatez_sb_forcemagnitude_s0,force.magnitude,0,6,54,2.7,3.71572,3.05837,2.37705,0.85174,0.0,10.00288,3682863
downwards_rotate,downwards_sensor_sweep_120-20260625-124815,TesolloDownwardsRotateZ,TesolloDownwardsRotateZ-20260625-124824-downwardsrotatez_sb_forcemagnitude_s0,force.magnitude,0,6,55,2.75,3.6242,2.74107,2.91076,0.68398,0.84454,10.80454,3682863
downwards_rotate,downwards_sensor_sweep_120-20260625-124815,TesolloDownwardsRotateZ,TesolloDownwardsRotateZ-20260625-124824-downwardsrotatez_sb_forcemagnitude_s0,force.magnitude,0,6,56,2.8,3.64201,2.38758,3.20471,0.52344,0.6321,10.38984,3682863
downwards_rotate,downwards_sensor_sweep_120-20260625-124815,TesolloDownwardsRotateZ,TesolloDownwardsRotateZ-20260625-124824-downwardsrotatez_sb_forcemagnitude_s0,force.magnitude,0,6,57,2.85,3.75288,2.279,3.3056,0.74598,0.0,10.08346,3682863
downwards_rotate,downwards_sensor_sweep_120-20260625-124815,TesolloDownwardsRotateZ,TesolloDownwardsRotateZ-20260625-124824-downwardsrotatez_sb_forcemagnitude_s0,force.magnitude,0,6,58,2.9,3.70426,2.31531,3.33104,0.83786,0.0,10.18847,3682863
downwards_rotate,downwards_sensor_sweep_120-20260625-124815,TesolloDownwardsRotateZ,TesolloDownwardsRotateZ-20260625-124824-downwardsrotatez_sb_forcemagnitude_s0,force.magnitude,0,6,59,2.95,3.70833,2.179,3.42004,0.91704,0.0,10.2244,3682863
downwards_rotate,downwards_sensor_sweep_120-20260625-124815,TesolloDownwardsRotateZ,TesolloDownwardsRotateZ-20260625-124824-downwardsrotatez_sb_forcemagnitude_s0,force.magnitude,0,6,60,3.0,3.63611,2.1646,3.3953,1.00942,0.0,10.20543,3682863
downwards_rotate,downwards_sensor_sweep_120-20260625-124815,TesolloDownwardsRotateZ,TesolloDownwardsRotateZ-20260625-124824-downwardsrotatez_sb_forcemagnitude_s0,force.magnitude,0,6,61,3.05,3.74619,1.95468,3.36505,1.21727,0.48382,10.76701,3682863
downwards_rotate,downwards_sensor_sweep_120-20260625-124815,TesolloDownwardsRotateZ,TesolloDownwardsRotateZ-20260625-124824-downwardsrotatez_sb_forcemagnitude_s0,force.magnitude,0,6,62,3.1,3.84418,1.71377,3.36241,1.29861,0.48536,10.70433,3682863
downwards_rotate,downwards_sensor_sweep_120-20260625-124815,TesolloDownwardsRotateZ,TesolloDownwardsRotateZ-20260625-124824-downwardsrotatez_sb_forcemagnitude_s0,force.magnitude,0,6,63,3.15,3.98133,1.63644,3.34809,1.58131,0.61291,11.16009,3682863
downwards_rotate,downwards_sensor_sweep_120-20260625-124815,TesolloDownwardsRotateZ,TesolloDownwardsRotateZ-20260625-124824-downwardsrotatez_sb_forcemagnitude_s0,force.magnitude,0,6,64,3.2,4.11173,0.0,3.57314,1.70448,0.83206,10.22141,3682863
downwards_rotate,downwards_sensor_sweep_120-20260625-124815,TesolloDownwardsRotateZ,TesolloDownwardsRotateZ-20260625-124824-downwardsrotatez_sb_forcemagnitude_s0,force.magnitude,0,6,65,3.25,3.85423,1.46789,3.43278,1.77169,0.7746,11.30119,3682863
downwards_rotate,downwards_sensor_sweep_120-20260625-124815,TesolloDownwardsRotateZ,TesolloDownwardsRotateZ-20260625-124824-downwardsrotatez_sb_forcemagnitude_s0,force.magnitude,0,6,66,3.3,3.82506,1.48252,3.26003,1.87779,0.72297,11.16836,3682863
downwards_rotate,downwards_sensor_sweep_120-20260625-124815,TesolloDownwardsRotateZ,TesolloDownwardsRotateZ-20260625-124824-downwardsrotatez_sb_forcemagnitude_s0,force.magnitude,0,6,67,3.35,3.9601,1.51764,2.99778,1.93956,0.79565,11.21074,3682863
downwards_rotate,downwards_sensor_sweep_120-20260625-124815,TesolloDownwardsRotateZ,TesolloDownwardsRotateZ-20260625-124824-downwardsrotatez_sb_forcemagnitude_s0,force.magnitude,0,6,68,3.4,3.99021,1.75003,2.69464,2.04052,0.671,11.1464,3682863
downwards_rotate,downwards_sensor_sweep_120-20260625-124815,TesolloDownwardsRotateZ,TesolloDownwardsRotateZ-20260625-124824-downwardsrotatez_sb_forcemagnitude_s0,force.magnitude,0,6,69,3.45,3.85568,2.31267,2.39222,2.03937,0.58184,11.18178,3682863
downwards_rotate,downwards_sensor_sweep_120-20260625-124815,TesolloDownwardsRotateZ,TesolloDownwardsRotateZ-20260625-124824-downwardsrotatez_sb_forcemagnitude_s0,force.magnitude,0,6,70,3.5,3.97487,2.29314,2.0784,2.03352,0.53748,10.91742,3682863
downwards_rotate,downwards_sensor_sweep_120-20260625-124815,TesolloDownwardsRotateZ,TesolloDownwardsRotateZ-20260625-124824-downwardsrotatez_sb_forcemagnitude_s0,force.magnitude,0,6,71,3.55,3.83067,2.5529,1.48322,2.08114,0.51773,10.46566,3682863
downwards_rotate,downwards_sensor_sweep_120-20260625-124815,TesolloDownwardsRotateZ,TesolloDownwardsRotateZ-20260625-124824-downwardsrotatez_sb_forcemagnitude_s0,force.magnitude,0,6,72,3.6,3.60442,2.78594,0.96341,2.28743,0.75116,10.39235,3682863
downwards_rotate,downwards_sensor_sweep_120-20260625-124815,TesolloDownwardsRotateZ,TesolloDownwardsRotateZ-20260625-124824-downwardsrotatez_sb_forcemagnitude_s0,force.magnitude,0,6,73,3.65,3.92824,2.70229,0.0,2.61452,0.78316,10.02821,3682863
downwards_rotate,downwards_sensor_sweep_120-20260625-124815,TesolloDownwardsRotateZ,TesolloDownwardsRotateZ-20260625-124824-downwardsrotatez_sb_forcemagnitude_s0,force.magnitude,0,6,74,3.7,3.81042,2.67868,0.0,2.46145,0.67337,9.62392,3682863
downwards_rotate,downwards_sensor_sweep_120-20260625-124815,TesolloDownwardsRotateZ,TesolloDownwardsRotateZ-20260625-124824-downwardsrotatez_sb_forcemagnitude_s0,force.magnitude,0,6,75,3.75,3.06823,3.79936,0.0,2.18049,1.46958,10.51766,3682863
downwards_rotate,downwards_sensor_sweep_120-20260625-124815,TesolloDownwardsRotateZ,TesolloDownwardsRotateZ-20260625-124824-downwardsrotatez_sb_forcemagnitude_s0,force.magnitude,0,6,76,3.8,3.88079,3.27316,0.0,2.11193,0.388,9.65388,3682863
downwards_rotate,downwards_sensor_sweep_120-20260625-124815,TesolloDownwardsRotateZ,TesolloDownwardsRotateZ-20260625-124824-downwardsrotatez_sb_forcemagnitude_s0,force.magnitude,0,6,77,3.85,3.62095,3.72305,0.0,2.01137,0.87364,10.22902,3682863
downwards_rotate,downwards_sensor_sweep_120-20260625-124815,TesolloDownwardsRotateZ,TesolloDownwardsRotateZ-20260625-124824-downwardsrotatez_sb_forcemagnitude_s0,force.magnitude,0,6,78,3.9,4.2798,3.33003,1.54856,1.6958,0.29112,11.14531,3682863
downwards_rotate,downwards_sensor_sweep_120-20260625-124815,TesolloDownwardsRotateZ,TesolloDownwardsRotateZ-20260625-124824-downwardsrotatez_sb_forcemagnitude_s0,force.magnitude,0,6,79,3.95,4.09791,3.38175,1.84698,1.27275,0.23099,10.83039,3682863
downwards_rotate,downwards_sensor_sweep_120-20260625-124815,TesolloDownwardsRotateZ,TesolloDownwardsRotateZ-20260625-124824-downwardsrotatez_sb_forcemagnitude_s0,force.magnitude,0,6,80,4.0,3.94594,3.34993,2.20791,1.03558,0.0,10.53936,3682863
downwards_rotate,downwards_sensor_sweep_120-20260625-124815,TesolloDownwardsRotateZ,TesolloDownwardsRotateZ-20260625-124824-downwardsrotatez_sb_forcemagnitude_s0,force.magnitude,0,6,81,4.05,4.07509,2.78755,2.71571,1.10763,0.0,10.68598,3682863
downwards_rotate,downwards_sensor_sweep_120-20260625-124815,TesolloDownwardsRotateZ,TesolloDownwardsRotateZ-20260625-124824-downwardsrotatez_sb_forcemagnitude_s0,force.magnitude,0,6,82,4.1,3.98591,2.38821,3.23065,0.98436,0.0,10.58913,3682863
downwards_rotate,downwards_sensor_sweep_120-20260625-124815,TesolloDownwardsRotateZ,TesolloDownwardsRotateZ-20260625-124824-downwardsrotatez_sb_forcemagnitude_s0,force.magnitude,0,6,83,4.15,3.88869,2.24921,3.34175,0.86551,0.0,10.34515,3682863
downwards_rotate,downwards_sensor_sweep_120-20260625-124815,TesolloDownwardsRotateZ,TesolloDownwardsRotateZ-20260625-124824-downwardsrotatez_sb_forcemagnitude_s0,force.magnitude,0,6,84,4.2,3.85611,2.25806,3.33894,0.80019,0.0,10.25331,3682863
downwards_rotate,downwards_sensor_sweep_120-20260625-124815,TesolloDownwardsRotateZ,TesolloDownwardsRotateZ-20260625-124824-downwardsrotatez_sb_forcemagnitude_s0,force.magnitude,0,6,85,4.25,3.8895,2.30031,3.36113,0.69599,0.45048,10.69741,3682863
downwards_rotate,downwards_sensor_sweep_120-20260625-124815,TesolloDownwardsRotateZ,TesolloDownwardsRotateZ-20260625-124824-downwardsrotatez_sb_forcemagnitude_s0,force.magnitude,0,6,86,4.3,3.87682,2.32365,3.36855,0.61194,0.29661,10.47756,3682863
downwards_rotate,downwards_sensor_sweep_120-20260625-124815,TesolloDownwardsRotateZ,TesolloDownwardsRotateZ-20260625-124824-downwardsrotatez_sb_forcemagnitude_s0,force.magnitude,0,6,87,4.35,3.86747,2.21323,3.47035,0.75615,0.24426,10.55146,3682863
downwards_rotate,downwards_sensor_sweep_120-20260625-124815,TesolloDownwardsRotateZ,TesolloDownwardsRotateZ-20260625-124824-downwardsrotatez_sb_forcemagnitude_s0,force.magnitude,0,6,88,4.4,3.8805,2.26449,3.43478,0.92118,0.2144,10.71536,3682863
downwards_rotate,downwards_sensor_sweep_120-20260625-124815,TesolloDownwardsRotateZ,TesolloDownwardsRotateZ-20260625-124824-downwardsrotatez_sb_forcemagnitude_s0,force.magnitude,0,6,89,4.45,3.8379,2.29452,3.42278,1.02871,0.18566,10.76957,3682863
downwards_rotate,downwards_sensor_sweep_120-20260625-124815,TesolloDownwardsRotateZ,TesolloDownwardsRotateZ-20260625-124824-downwardsrotatez_sb_forcemagnitude_s0,force.magnitude,0,6,90,4.5,3.94866,2.22179,3.01568,1.18851,0.2438,10.61845,3682863
downwards_rotate,downwards_sensor_sweep_120-20260625-124815,TesolloDownwardsRotateZ,TesolloDownwardsRotateZ-20260625-124824-downwardsrotatez_sb_forcemagnitude_s0,force.magnitude,0,6,91,4.55,3.97094,2.178,2.90045,1.26313,0.25779,10.57031,3682863
downwards_rotate,downwards_sensor_sweep_120-20260625-124815,TesolloDownwardsRotateZ,TesolloDownwardsRotateZ-20260625-124824-downwardsrotatez_sb_forcemagnitude_s0,force.magnitude,0,6,92,4.6,3.70544,2.1996,2.77569,1.56662,0.37373,10.62109,3682863
downwards_rotate,downwards_sensor_sweep_120-20260625-124815,TesolloDownwardsRotateZ,TesolloDownwardsRotateZ-20260625-124824-downwardsrotatez_sb_forcemagnitude_s0,force.magnitude,0,6,93,4.65,3.99968,2.14251,2.61684,1.8036,0.28493,10.84757,3682863
downwards_rotate,downwards_sensor_sweep_120-20260625-124815,TesolloDownwardsRotateZ,TesolloDownwardsRotateZ-20260625-124824-downwardsrotatez_sb_forcemagnitude_s0,force.magnitude,0,6,94,4.7,3.83728,2.30444,2.18765,1.81864,0.12254,10.27056,3682863
downwards_rotate,downwards_sensor_sweep_120-20260625-124815,TesolloDownwardsRotateZ,TesolloDownwardsRotateZ-20260625-124824-downwardsrotatez_sb_forcemagnitude_s0,force.magnitude,0,6,95,4.75,3.84627,2.43557,1.84917,2.00615,0.17206,10.30922,3682863
downwards_rotate,downwards_sensor_sweep_120-20260625-124815,TesolloDownwardsRotateZ,TesolloDownwardsRotateZ-20260625-124824-downwardsrotatez_sb_forcemagnitude_s0,force.magnitude,0,6,96,4.8,3.78157,2.5351,1.66431,2.12428,0.20073,10.306,3682863
downwards_rotate,downwards_sensor_sweep_120-20260625-124815,TesolloDownwardsRotateZ,TesolloDownwardsRotateZ-20260625-124824-downwardsrotatez_sb_forcemagnitude_s0,force.magnitude,0,6,97,4.85,3.68015,2.73024,1.35893,2.22785,0.22325,10.22042,3682863
downwards_rotate,downwards_sensor_sweep_120-20260625-124815,TesolloDownwardsRotateZ,TesolloDownwardsRotateZ-20260625-124824-downwardsrotatez_sb_forcemagnitude_s0,force.magnitude,0,6,98,4.9,3.64259,2.95778,1.09112,2.33152,0.26438,10.28739,3682863
downwards_rotate,downwards_sensor_sweep_120-20260625-124815,TesolloDownwardsRotateZ,TesolloDownwardsRotateZ-20260625-124824-downwardsrotatez_sb_forcemagnitude_s0,force.magnitude,0,6,99,4.95,3.57693,3.35796,0.10346,2.41058,0.34019,9.78913,3682863
downwards_rotate,downwards_sensor_sweep_120-20260625-124815,TesolloDownwardsRotateZ,TesolloDownwardsRotateZ-20260625-124824-downwardsrotatez_sb_forcemagnitude_s0,force.magnitude,0,6,100,5.0,3.61271,3.18008,0.0,2.41579,0.29594,9.50452,3682863
downwards_rotate,downwards_sensor_sweep_120-20260625-124815,TesolloDownwardsRotateZ,TesolloDownwardsRotateZ-20260625-124824-downwardsrotatez_sb_forcemagnitude_s0,force.magnitude,0,6,101,5.05,3.4154,3.55811,0.0,2.36923,0.26312,9.60586,3682863
downwards_rotate,downwards_sensor_sweep_120-20260625-124815,TesolloDownwardsRotateZ,TesolloDownwardsRotateZ-20260625-124824-downwardsrotatez_sb_forcemagnitude_s0,force.magnitude,0,6,102,5.1,3.80101,3.71686,0.0,2.25255,0.0,9.77042,3682863
downwards_rotate,downwards_sensor_sweep_120-20260625-124815,TesolloDownwardsRotateZ,TesolloDownwardsRotateZ-20260625-124824-downwardsrotatez_sb_forcemagnitude_s0,force.magnitude,0,6,103,5.15,3.83349,3.81202,0.0,2.58173,0.0,10.22724,3682863
downwards_rotate,downwards_sensor_sweep_120-20260625-124815,TesolloDownwardsRotateZ,TesolloDownwardsRotateZ-20260625-124824-downwardsrotatez_sb_forcemagnitude_s0,force.magnitude,0,6,104,5.2,3.91973,3.30136,1.00991,1.90956,0.25959,10.40015,3682863
downwards_rotate,downwards_sensor_sweep_120-20260625-124815,TesolloDownwardsRotateZ,TesolloDownwardsRotateZ-20260625-124824-downwardsrotatez_sb_forcemagnitude_s0,force.magnitude,0,6,105,5.25,3.60591,3.66806,1.53551,1.33813,0.0,10.14761,3682863
downwards_rotate,downwards_sensor_sweep_120-20260625-124815,TesolloDownwardsRotateZ,TesolloDownwardsRotateZ-20260625-124824-downwardsrotatez_sb_forcemagnitude_s0,force.magnitude,0,6,106,5.3,3.52507,3.36408,2.30835,1.0379,0.0,10.2354,3682863
downwards_rotate,downwards_sensor_sweep_120-20260625-124815,TesolloDownwardsRotateZ,TesolloDownwardsRotateZ-20260625-124824-downwardsrotatez_sb_forcemagnitude_s0,force.magnitude,0,6,107,5.35,3.61336,2.45728,3.34847,0.96449,0.0,10.38361,3682863
downwards_rotate,downwards_sensor_sweep_120-20260625-124815,TesolloDownwardsRotateZ,TesolloDownwardsRotateZ-20260625-124824-downwardsrotatez_sb_forcemagnitude_s0,force.magnitude,0,6,108,5.4,3.69426,2.22137,3.56804,0.88314,0.0,10.36681,3682863
downwards_rotate,downwards_sensor_sweep_120-20260625-124815,TesolloDownwardsRotateZ,TesolloDownwardsRotateZ-20260625-124824-downwardsrotatez_sb_forcemagnitude_s0,force.magnitude,0,6,109,5.45,3.72212,2.19139,3.60089,0.77408,0.0,10.28848,3682863
downwards_rotate,downwards_sensor_sweep_120-20260625-124815,TesolloDownwardsRotateZ,TesolloDownwardsRotateZ-20260625-124824-downwardsrotatez_sb_forcemagnitude_s0,force.magnitude,0,6,110,5.5,3.71108,2.19499,3.60782,0.70184,0.0,10.21572,3682863
downwards_rotate,downwards_sensor_sweep_120-20260625-124815,TesolloDownwardsRotateZ,TesolloDownwardsRotateZ-20260625-124824-downwardsrotatez_sb_forcemagnitude_s0,force.magnitude,0,6,111,5.55,3.79599,1.88531,3.58845,0.75533,0.0,10.02508,3682863
downwards_rotate,downwards_sensor_sweep_120-20260625-124815,TesolloDownwardsRotateZ,TesolloDownwardsRotateZ-20260625-124824-downwardsrotatez_sb_forcemagnitude_s0,force.magnitude,0,6,112,5.6,3.67373,1.69999,3.34773,0.78852,0.30879,9.81875,3682863
downwards_rotate,downwards_sensor_sweep_120-20260625-124815,TesolloDownwardsRotateZ,TesolloDownwardsRotateZ-20260625-124824-downwardsrotatez_sb_forcemagnitude_s0,force.magnitude,0,6,113,5.65,4.08312,1.21555,3.47331,1.20012,0.13654,10.10864,3682863
downwards_rotate,downwards_sensor_sweep_120-20260625-124815,TesolloDownwardsRotateZ,TesolloDownwardsRotateZ-20260625-124824-downwardsrotatez_sb_forcemagnitude_s0,force.magnitude,0,6,114,5.7,4.54599,0.0,3.34537,1.52229,0.40979,9.82345,3682863
downwards_rotate,downwards_sensor_sweep_120-20260625-124815,TesolloDownwardsRotateZ,TesolloDownwardsRotateZ-20260625-124824-downwardsrotatez_sb_forcemagnitude_s0,force.magnitude,0,6,115,5.75,3.85117,2.12547,3.40118,1.56273,0.49587,11.43642,3682863
downwards_rotate,downwards_sensor_sweep_120-20260625-124815,TesolloDownwardsRotateZ,TesolloDownwardsRotateZ-20260625-124824-downwardsrotatez_sb_forcemagnitude_s0,force.magnitude,0,6,116,5.8,4.64761,0.0,3.11643,1.95404,0.0,9.71808,3682863
downwards_rotate,downwards_sensor_sweep_120-20260625-124815,TesolloDownwardsRotateZ,TesolloDownwardsRotateZ-20260625-124824-downwardsrotatez_sb_forcemagnitude_s0,force.magnitude,0,6,117,5.85,3.92187,1.22439,2.97913,1.03059,0.0,9.15599,3682863
downwards_rotate,downwards_sensor_sweep_120-20260625-124815,TesolloDownwardsRotateZ,TesolloDownwardsRotateZ-20260625-124824-downwardsrotatez_sb_forcemagnitude_s0,force.magnitude,0,6,118,5.9,3.92317,1.89492,2.74118,1.2787,0.39616,10.23413,3682863
downwards_rotate,downwards_sensor_sweep_120-20260625-124815,TesolloDownwardsRotateZ,TesolloDownwardsRotateZ-20260625-124824-downwardsrotatez_sb_forcemagnitude_s0,force.magnitude,0,6,119,5.95,3.88732,2.07809,2.46205,1.51775,0.40868,10.35389,3682863
downwards_rotate,downwards_sensor_sweep_120-20260625-124815,TesolloDownwardsRotateZ,TesolloDownwardsRotateZ-20260625-124824-downwardsrotatez_sb_forcemagnitude_s0,force.magnitude,0,7,0,0.0,0.0,0.0,0.0,0.0,0.0,0.0,3682863
downwards_rotate,downwards_sensor_sweep_120-20260625-124815,TesolloDownwardsRotateZ,TesolloDownwardsRotateZ-20260625-124824-downwardsrotatez_sb_forcemagnitude_s0,force.magnitude,0,7,1,0.05,0.0,0.0,0.0,0.0,0.0,0.0,3682863
downwards_rotate,downwards_sensor_sweep_120-20260625-124815,TesolloDownwardsRotateZ,TesolloDownwardsRotateZ-20260625-124824-downwardsrotatez_sb_forcemagnitude_s0,force.magnitude,0,7,2,0.1,0.0,0.0,0.0,0.0,0.0,0.0,3682863
downwards_rotate,downwards_sensor_sweep_120-20260625-124815,TesolloDownwardsRotateZ,TesolloDownwardsRotateZ-20260625-124824-downwardsrotatez_sb_forcemagnitude_s0,force.magnitude,0,7,3,0.15,0.0,0.0,0.0,0.0,0.0,0.0,3682863
downwards_rotate,downwards_sensor_sweep_120-20260625-124815,TesolloDownwardsRotateZ,TesolloDownwardsRotateZ-20260625-124824-downwardsrotatez_sb_forcemagnitude_s0,force.magnitude,0,7,4,0.2,0.0,0.0,0.0,0.0,0.0,0.0,3682863
downwards_rotate,downwards_sensor_sweep_120-20260625-124815,TesolloDownwardsRotateZ,TesolloDownwardsRotateZ-20260625-124824-downwardsrotatez_sb_forcemagnitude_s0,force.magnitude,0,7,5,0.25,0.0,0.0,2.0753,0.0,0.0,2.0753,3682863
downwards_rotate,downwards_sensor_sweep_120-20260625-124815,TesolloDownwardsRotateZ,TesolloDownwardsRotateZ-20260625-124824-downwardsrotatez_sb_forcemagnitude_s0,force.magnitude,0,7,6,0.3,0.0,1.78033,2.4292,1.4755,0.94129,6.62632,3682863
downwards_rotate,downwards_sensor_sweep_120-20260625-124815,TesolloDownwardsRotateZ,TesolloDownwardsRotateZ-20260625-124824-downwardsrotatez_sb_forcemagnitude_s0,force.magnitude,0,7,7,0.35,2.92933,2.89056,2.37478,0.0,1.00148,9.19615,3682863
downwards_rotate,downwards_sensor_sweep_120-20260625-124815,TesolloDownwardsRotateZ,TesolloDownwardsRotateZ-20260625-124824-downwardsrotatez_sb_forcemagnitude_s0,force.magnitude,0,7,8,0.4,3.46299,3.11972,0.0,0.0,0.0,6.58271,3682863
downwards_rotate,downwards_sensor_sweep_120-20260625-124815,TesolloDownwardsRotateZ,TesolloDownwardsRotateZ-20260625-124824-downwardsrotatez_sb_forcemagnitude_s0,force.magnitude,0,7,9,0.45,3.43702,2.29835,2.82953,1.258,0.0,9.8229,3682863
downwards_rotate,downwards_sensor_sweep_120-20260625-124815,TesolloDownwardsRotateZ,TesolloDownwardsRotateZ-20260625-124824-downwardsrotatez_sb_forcemagnitude_s0,force.magnitude,0,7,10,0.5,3.08354,2.07104,2.54096,1.48294,0.0,9.17848,3682863
downwards_rotate,downwards_sensor_sweep_120-20260625-124815,TesolloDownwardsRotateZ,TesolloDownwardsRotateZ-20260625-124824-downwardsrotatez_sb_forcemagnitude_s0,force.magnitude,0,7,11,0.55,3.81934,1.98332,2.7663,2.83982,0.0,11.40878,3682863
downwards_rotate,downwards_sensor_sweep_120-20260625-124815,TesolloDownwardsRotateZ,TesolloDownwardsRotateZ-20260625-124824-downwardsrotatez_sb_forcemagnitude_s0,force.magnitude,0,7,12,0.6,3.85493,1.91157,2.44153,2.36211,0.0,10.57014,3682863
downwards_rotate,downwards_sensor_sweep_120-20260625-124815,TesolloDownwardsRotateZ,TesolloDownwardsRotateZ-20260625-124824-downwardsrotatez_sb_forcemagnitude_s0,force.magnitude,0,7,13,0.65,3.13698,1.77723,1.77323,0.83699,0.0,7.52443,3682863
downwards_rotate,downwards_sensor_sweep_120-20260625-124815,TesolloDownwardsRotateZ,TesolloDownwardsRotateZ-20260625-124824-downwardsrotatez_sb_forcemagnitude_s0,force.magnitude,0,7,14,0.7,3.31816,1.44092,0.44418,1.53219,0.0,6.73546,3682863
downwards_rotate,downwards_sensor_sweep_120-20260625-124815,TesolloDownwardsRotateZ,TesolloDownwardsRotateZ-20260625-124824-downwardsrotatez_sb_forcemagnitude_s0,force.magnitude,0,7,15,0.75,2.50134,1.86672,1.00389,0.73077,0.0,6.10271,3682863
downwards_rotate,downwards_sensor_sweep_120-20260625-124815,TesolloDownwardsRotateZ,TesolloDownwardsRotateZ-20260625-124824-downwardsrotatez_sb_forcemagnitude_s0,force.magnitude,0,7,16,0.8,2.75551,1.89368,0.97673,0.92819,0.0,6.55411,3682863
downwards_rotate,downwards_sensor_sweep_120-20260625-124815,TesolloDownwardsRotateZ,TesolloDownwardsRotateZ-20260625-124824-downwardsrotatez_sb_forcemagnitude_s0,force.magnitude,0,7,17,0.85,3.41796,1.74803,0.89509,0.78707,0.0,6.84816,3682863
downwards_rotate,downwards_sensor_sweep_120-20260625-124815,TesolloDownwardsRotateZ,TesolloDownwardsRotateZ-20260625-124824-downwardsrotatez_sb_forcemagnitude_s0,force.magnitude,0,7,18,0.9,3.19694,1.70798,0.0,1.34072,0.0,6.24564,3682863
downwards_rotate,downwards_sensor_sweep_120-20260625-124815,TesolloDownwardsRotateZ,TesolloDownwardsRotateZ-20260625-124824-downwardsrotatez_sb_forcemagnitude_s0,force.magnitude,0,7,19,0.95,3.31981,2.35331,0.0,0.82486,0.0,6.49797,3682863
downwards_rotate,downwards_sensor_sweep_120-20260625-124815,TesolloDownwardsRotateZ,TesolloDownwardsRotateZ-20260625-124824-downwardsrotatez_sb_forcemagnitude_s0,force.magnitude,0,7,20,1.0,3.06916,2.68326,0.0,0.87702,0.0,6.62944,3682863
downwards_rotate,downwards_sensor_sweep_120-20260625-124815,TesolloDownwardsRotateZ,TesolloDownwardsRotateZ-20260625-124824-downwardsrotatez_sb_forcemagnitude_s0,force.magnitude,0,7,21,1.05,3.021,2.79366,0.0,1.18669,0.0,7.00135,3682863
downwards_rotate,downwards_sensor_sweep_120-20260625-124815,TesolloDownwardsRotateZ,TesolloDownwardsRotateZ-20260625-124824-downwardsrotatez_sb_forcemagnitude_s0,force.magnitude,0,7,22,1.1,3.83229,3.01645,0.0,3.13564,0.0,9.98438,3682863
downwards_rotate,downwards_sensor_sweep_120-20260625-124815,TesolloDownwardsRotateZ,TesolloDownwardsRotateZ-20260625-124824-downwardsrotatez_sb_forcemagnitude_s0,force.magnitude,0,7,23,1.15,4.56159,1.66734,0.0,2.8368,0.0,9.06573,3682863
downwards_rotate,downwards_sensor_sweep_120-20260625-124815,TesolloDownwardsRotateZ,TesolloDownwardsRotateZ-20260625-124824-downwardsrotatez_sb_forcemagnitude_s0,force.magnitude,0,7,24,1.2,4.01894,0.9473,0.0,4.12017,0.0,9.08641,3682863
downwards_rotate,downwards_sensor_sweep_120-20260625-124815,TesolloDownwardsRotateZ,TesolloDownwardsRotateZ-20260625-124824-downwardsrotatez_sb_forcemagnitude_s0,force.magnitude,0,7,25,1.25,2.39509,0.0,0.0,0.0,0.0,2.39509,3682863
downwards_rotate,downwards_sensor_sweep_120-20260625-124815,TesolloDownwardsRotateZ,TesolloDownwardsRotateZ-20260625-124824-downwardsrotatez_sb_forcemagnitude_s0,force.magnitude,0,7,26,1.3,3.25687,0.0,0.0,4.73996,0.0,7.99683,3682863
downwards_rotate,downwards_sensor_sweep_120-20260625-124815,TesolloDownwardsRotateZ,TesolloDownwardsRotateZ-20260625-124824-downwardsrotatez_sb_forcemagnitude_s0,force.magnitude,0,7,27,1.35,3.31236,0.0,0.0,4.78892,0.0,8.10128,3682863
downwards_rotate,downwards_sensor_sweep_120-20260625-124815,TesolloDownwardsRotateZ,TesolloDownwardsRotateZ-20260625-124824-downwardsrotatez_sb_forcemagnitude_s0,force.magnitude,0,7,28,1.4,2.52714,0.0,0.0,4.20512,0.0,6.73226,3682863
downwards_rotate,downwards_sensor_sweep_120-20260625-124815,TesolloDownwardsRotateZ,TesolloDownwardsRotateZ-20260625-124824-downwardsrotatez_sb_forcemagnitude_s0,force.magnitude,0,7,29,1.45,2.70637,0.97183,0.0,3.22517,0.0,6.90337,3682863
downwards_rotate,downwards_sensor_sweep_120-20260625-124815,TesolloDownwardsRotateZ,TesolloDownwardsRotateZ-20260625-124824-downwardsrotatez_sb_forcemagnitude_s0,force.magnitude,0,7,30,1.5,3.10222,1.17166,0.0,2.85082,0.0,7.12469,3682863
downwards_rotate,downwards_sensor_sweep_120-20260625-124815,TesolloDownwardsRotateZ,TesolloDownwardsRotateZ-20260625-124824-downwardsrotatez_sb_forcemagnitude_s0,force.magnitude,0,7,31,1.55,2.86235,0.0,0.0,3.55651,0.0,6.41886,3682863
downwards_rotate,downwards_sensor_sweep_120-20260625-124815,TesolloDownwardsRotateZ,TesolloDownwardsRotateZ-20260625-124824-downwardsrotatez_sb_forcemagnitude_s0,force.magnitude,0,7,32,1.6,2.74711,0.0,0.0,3.7069,0.0,6.45401,3682863
downwards_rotate,downwards_sensor_sweep_120-20260625-124815,TesolloDownwardsRotateZ,TesolloDownwardsRotateZ-20260625-124824-downwardsrotatez_sb_forcemagnitude_s0,force.magnitude,0,7,33,1.65,2.76282,1.2977,0.0,3.77307,0.0,7.8336,3682863
downwards_rotate,downwards_sensor_sweep_120-20260625-124815,TesolloDownwardsRotateZ,TesolloDownwardsRotateZ-20260625-124824-downwardsrotatez_sb_forcemagnitude_s0,force.magnitude,0,7,34,1.7,2.7148,1.09441,0.0,3.30723,0.0,7.11643,3682863
downwards_rotate,downwards_sensor_sweep_120-20260625-124815,TesolloDownwardsRotateZ,TesolloDownwardsRotateZ-20260625-124824-downwardsrotatez_sb_forcemagnitude_s0,force.magnitude,0,7,35,1.75,2.11267,0.98918,0.0,3.31553,0.0,6.41738,3682863
downwards_rotate,downwards_sensor_sweep_120-20260625-124815,TesolloDownwardsRotateZ,TesolloDownwardsRotateZ-20260625-124824-downwardsrotatez_sb_forcemagnitude_s0,force.magnitude,0,7,36,1.8,2.27316,0.98864,0.0,3.42543,0.0,6.68723,3682863
downwards_rotate,downwards_sensor_sweep_120-20260625-124815,TesolloDownwardsRotateZ,TesolloDownwardsRotateZ-20260625-124824-downwardsrotatez_sb_forcemagnitude_s0,force.magnitude,0,7,37,1.85,1.45811,0.0,0.0,3.38318,0.0,4.8413,3682863
downwards_rotate,downwards_sensor_sweep_120-20260625-124815,TesolloDownwardsRotateZ,TesolloDownwardsRotateZ-20260625-124824-downwardsrotatez_sb_forcemagnitude_s0,force.magnitude,0,7,38,1.9,1.66102,0.0,0.0,3.65637,0.0,5.31739,3682863
downwards_rotate,downwards_sensor_sweep_120-20260625-124815,TesolloDownwardsRotateZ,TesolloDownwardsRotateZ-20260625-124824-downwardsrotatez_sb_forcemagnitude_s0,force.magnitude,0,7,39,1.95,1.20245,0.0,0.0,3.52291,0.0,4.72535,3682863
downwards_rotate,downwards_sensor_sweep_120-20260625-124815,TesolloDownwardsRotateZ,TesolloDownwardsRotateZ-20260625-124824-downwardsrotatez_sb_forcemagnitude_s0,force.magnitude,0,7,40,2.0,0.0,0.0,0.0,4.68607,0.0,4.68607,3682863
downwards_rotate,downwards_sensor_sweep_120-20260625-124815,TesolloDownwardsRotateZ,TesolloDownwardsRotateZ-20260625-124824-downwardsrotatez_sb_forcemagnitude_s0,force.magnitude,0,7,41,2.05,0.0,0.0,0.0,3.42294,0.0,3.42294,3682863
downwards_rotate,downwards_sensor_sweep_120-20260625-124815,TesolloDownwardsRotateZ,TesolloDownwardsRotateZ-20260625-124824-downwardsrotatez_sb_forcemagnitude_s0,force.magnitude,0,7,42,2.1,1.34479,0.0,0.0,3.85567,0.0,5.20046,3682863
downwards_rotate,downwards_sensor_sweep_120-20260625-124815,TesolloDownwardsRotateZ,TesolloDownwardsRotateZ-20260625-124824-downwardsrotatez_sb_forcemagnitude_s0,force.magnitude,0,7,43,2.15,1.21987,0.0,0.0,3.03191,0.0,4.25178,3682863
downwards_rotate,downwards_sensor_sweep_120-20260625-124815,TesolloDownwardsRotateZ,TesolloDownwardsRotateZ-20260625-124824-downwardsrotatez_sb_forcemagnitude_s0,force.magnitude,0,7,44,2.2,1.24071,0.0,0.0,2.96562,0.0,4.20633,3682863
downwards_rotate,downwards_sensor_sweep_120-20260625-124815,TesolloDownwardsRotateZ,TesolloDownwardsRotateZ-20260625-124824-downwardsrotatez_sb_forcemagnitude_s0,force.magnitude,0,7,45,2.25,0.0,0.0,0.0,3.66213,0.0,3.66213,3682863
downwards_rotate,downwards_sensor_sweep_120-20260625-124815,TesolloDownwardsRotateZ,TesolloDownwardsRotateZ-20260625-124824-downwardsrotatez_sb_forcemagnitude_s0,force.magnitude,0,7,46,2.3,0.0,0.0,0.0,3.60504,0.0,3.60504,3682863
downwards_rotate,downwards_sensor_sweep_120-20260625-124815,TesolloDownwardsRotateZ,TesolloDownwardsRotateZ-20260625-124824-downwardsrotatez_sb_forcemagnitude_s0,force.magnitude,0,7,47,2.35,0.0,0.0,0.0,3.58428,0.0,3.58428,3682863
downwards_rotate,downwards_sensor_sweep_120-20260625-124815,TesolloDownwardsRotateZ,TesolloDownwardsRotateZ-20260625-124824-downwardsrotatez_sb_forcemagnitude_s0,force.magnitude,0,7,48,2.4,0.0,0.0,0.0,3.42885,0.0,3.42885,3682863
downwards_rotate,downwards_sensor_sweep_120-20260625-124815,TesolloDownwardsRotateZ,TesolloDownwardsRotateZ-20260625-124824-downwardsrotatez_sb_forcemagnitude_s0,force.magnitude,0,7,49,2.45,0.0,0.0,0.0,3.59555,0.0,3.59555,3682863
downwards_rotate,downwards_sensor_sweep_120-20260625-124815,TesolloDownwardsRotateZ,TesolloDownwardsRotateZ-20260625-124824-downwardsrotatez_sb_forcemagnitude_s0,force.magnitude,0,7,50,2.5,0.0,0.0,0.0,3.60928,0.0,3.60928,3682863
downwards_rotate,downwards_sensor_sweep_120-20260625-124815,TesolloDownwardsRotateZ,TesolloDownwardsRotateZ-20260625-124824-downwardsrotatez_sb_forcemagnitude_s0,force.magnitude,0,7,51,2.55,0.0,0.0,0.0,3.65927,0.0,3.65927,3682863
downwards_rotate,downwards_sensor_sweep_120-20260625-124815,TesolloDownwardsRotateZ,TesolloDownwardsRotateZ-20260625-124824-downwardsrotatez_sb_forcemagnitude_s0,force.magnitude,0,7,52,2.6,0.0,0.0,0.0,3.75381,0.0,3.75381,3682863
downwards_rotate,downwards_sensor_sweep_120-20260625-124815,TesolloDownwardsRotateZ,TesolloDownwardsRotateZ-20260625-124824-downwardsrotatez_sb_forcemagnitude_s0,force.magnitude,0,7,53,2.65,0.0,0.0,0.0,3.64102,0.0,3.64102,3682863
downwards_rotate,downwards_sensor_sweep_120-20260625-124815,TesolloDownwardsRotateZ,TesolloDownwardsRotateZ-20260625-124824-downwardsrotatez_sb_forcemagnitude_s0,force.magnitude,0,7,54,2.7,0.0,0.0,0.0,3.58577,0.0,3.58577,3682863
downwards_rotate,downwards_sensor_sweep_120-20260625-124815,TesolloDownwardsRotateZ,TesolloDownwardsRotateZ-20260625-124824-downwardsrotatez_sb_forcemagnitude_s0,force.magnitude,0,7,55,2.75,0.0,0.0,0.0,3.56165,0.0,3.56165,3682863
downwards_rotate,downwards_sensor_sweep_120-20260625-124815,TesolloDownwardsRotateZ,TesolloDownwardsRotateZ-20260625-124824-downwardsrotatez_sb_forcemagnitude_s0,force.magnitude,0,7,56,2.8,0.0,0.0,0.0,3.59348,0.0,3.59348,3682863
downwards_rotate,downwards_sensor_sweep_120-20260625-124815,TesolloDownwardsRotateZ,TesolloDownwardsRotateZ-20260625-124824-downwardsrotatez_sb_forcemagnitude_s0,force.magnitude,0,7,57,2.85,0.0,0.0,0.0,3.59307,0.0,3.59307,3682863
downwards_rotate,downwards_sensor_sweep_120-20260625-124815,TesolloDownwardsRotateZ,TesolloDownwardsRotateZ-20260625-124824-downwardsrotatez_sb_forcemagnitude_s0,force.magnitude,0,7,58,2.9,0.0,0.0,0.0,3.55707,0.0,3.55707,3682863
downwards_rotate,downwards_sensor_sweep_120-20260625-124815,TesolloDownwardsRotateZ,TesolloDownwardsRotateZ-20260625-124824-downwardsrotatez_sb_forcemagnitude_s0,force.magnitude,0,7,59,2.95,0.0,0.0,0.0,3.57562,0.0,3.57562,3682863
downwards_rotate,downwards_sensor_sweep_120-20260625-124815,TesolloDownwardsRotateZ,TesolloDownwardsRotateZ-20260625-124824-downwardsrotatez_sb_forcemagnitude_s0,force.magnitude,0,7,60,3.0,0.0,0.0,0.0,3.56872,0.0,3.56872,3682863
downwards_rotate,downwards_sensor_sweep_120-20260625-124815,TesolloDownwardsRotateZ,TesolloDownwardsRotateZ-20260625-124824-downwardsrotatez_sb_forcemagnitude_s0,force.magnitude,0,7,61,3.05,0.98973,0.0,0.0,3.50927,0.0,4.499,3682863
downwards_rotate,downwards_sensor_sweep_120-20260625-124815,TesolloDownwardsRotateZ,TesolloDownwardsRotateZ-20260625-124824-downwardsrotatez_sb_forcemagnitude_s0,force.magnitude,0,7,62,3.1,0.86836,0.0,0.0,3.31453,0.0,4.18288,3682863
downwards_rotate,downwards_sensor_sweep_120-20260625-124815,TesolloDownwardsRotateZ,TesolloDownwardsRotateZ-20260625-124824-downwardsrotatez_sb_forcemagnitude_s0,force.magnitude,0,7,63,3.15,0.98697,0.0,0.0,3.09873,0.0,4.08571,3682863
downwards_rotate,downwards_sensor_sweep_120-20260625-124815,TesolloDownwardsRotateZ,TesolloDownwardsRotateZ-20260625-124824-downwardsrotatez_sb_forcemagnitude_s0,force.magnitude,0,7,64,3.2,1.02017,0.0,0.0,2.85108,0.0,3.87125,3682863
downwards_rotate,downwards_sensor_sweep_120-20260625-124815,TesolloDownwardsRotateZ,TesolloDownwardsRotateZ-20260625-124824-downwardsrotatez_sb_forcemagnitude_s0,force.magnitude,0,7,65,3.25,1.13432,0.0,0.0,2.73652,0.0,3.87083,3682863
downwards_rotate,downwards_sensor_sweep_120-20260625-124815,TesolloDownwardsRotateZ,TesolloDownwardsRotateZ-20260625-124824-downwardsrotatez_sb_forcemagnitude_s0,force.magnitude,0,7,66,3.3,1.11656,0.0,0.0,2.77764,0.0,3.8942,3682863
downwards_rotate,downwards_sensor_sweep_120-20260625-124815,TesolloDownwardsRotateZ,TesolloDownwardsRotateZ-20260625-124824-downwardsrotatez_sb_forcemagnitude_s0,force.magnitude,0,7,67,3.35,1.34749,0.0,0.0,2.65913,0.0,4.00662,3682863
downwards_rotate,downwards_sensor_sweep_120-20260625-124815,TesolloDownwardsRotateZ,TesolloDownwardsRotateZ-20260625-124824-downwardsrotatez_sb_forcemagnitude_s0,force.magnitude,0,7,68,3.4,1.33286,0.0,0.0,2.67307,0.0,4.00593,3682863
downwards_rotate,downwards_sensor_sweep_120-20260625-124815,TesolloDownwardsRotateZ,TesolloDownwardsRotateZ-20260625-124824-downwardsrotatez_sb_forcemagnitude_s0,force.magnitude,0,7,69,3.45,1.08608,0.0,0.0,2.78484,0.0,3.87092,3682863
downwards_rotate,downwards_sensor_sweep_120-20260625-124815,TesolloDownwardsRotateZ,TesolloDownwardsRotateZ-20260625-124824-downwardsrotatez_sb_forcemagnitude_s0,force.magnitude,0,7,70,3.5,1.06469,0.0,0.0,2.24703,0.0,3.31173,3682863
downwards_rotate,downwards_sensor_sweep_120-20260625-124815,TesolloDownwardsRotateZ,TesolloDownwardsRotateZ-20260625-124824-downwardsrotatez_sb_forcemagnitude_s0,force.magnitude,0,7,71,3.55,1.11948,0.0,0.0,2.32023,0.0,3.4397,3682863
downwards_rotate,downwards_sensor_sweep_120-20260625-124815,TesolloDownwardsRotateZ,TesolloDownwardsRotateZ-20260625-124824-downwardsrotatez_sb_forcemagnitude_s0,force.magnitude,0,7,72,3.6,1.12366,0.0,0.0,2.1953,0.0,3.31895,3682863
downwards_rotate,downwards_sensor_sweep_120-20260625-124815,TesolloDownwardsRotateZ,TesolloDownwardsRotateZ-20260625-124824-downwardsrotatez_sb_forcemagnitude_s0,force.magnitude,0,7,73,3.65,1.14298,0.0,0.0,2.24312,0.0,3.3861,3682863
downwards_rotate,downwards_sensor_sweep_120-20260625-124815,TesolloDownwardsRotateZ,TesolloDownwardsRotateZ-20260625-124824-downwardsrotatez_sb_forcemagnitude_s0,force.magnitude,0,7,74,3.7,1.16056,0.0,0.0,2.18852,0.0,3.34908,3682863
downwards_rotate,downwards_sensor_sweep_120-20260625-124815,TesolloDownwardsRotateZ,TesolloDownwardsRotateZ-20260625-124824-downwardsrotatez_sb_forcemagnitude_s0,force.magnitude,0,7,75,3.75,1.18594,0.0,0.0,2.20219,0.0,3.38814,3682863
downwards_rotate,downwards_sensor_sweep_120-20260625-124815,TesolloDownwardsRotateZ,TesolloDownwardsRotateZ-20260625-124824-downwardsrotatez_sb_forcemagnitude_s0,force.magnitude,0,7,76,3.8,1.13831,0.0,0.0,1.98565,0.0,3.12396,3682863
downwards_rotate,downwards_sensor_sweep_120-20260625-124815,TesolloDownwardsRotateZ,TesolloDownwardsRotateZ-20260625-124824-downwardsrotatez_sb_forcemagnitude_s0,force.magnitude,0,7,77,3.85,1.21742,0.0,0.0,2.27152,0.0,3.48894,3682863
downwards_rotate,downwards_sensor_sweep_120-20260625-124815,TesolloDownwardsRotateZ,TesolloDownwardsRotateZ-20260625-124824-downwardsrotatez_sb_forcemagnitude_s0,force.magnitude,0,7,78,3.9,1.25279,0.0,0.0,2.34574,0.0,3.59853,3682863
downwards_rotate,downwards_sensor_sweep_120-20260625-124815,TesolloDownwardsRotateZ,TesolloDownwardsRotateZ-20260625-124824-downwardsrotatez_sb_forcemagnitude_s0,force.magnitude,0,7,79,3.95,1.27813,0.0,0.0,2.44167,0.0,3.7198,3682863
downwards_rotate,downwards_sensor_sweep_120-20260625-124815,TesolloDownwardsRotateZ,TesolloDownwardsRotateZ-20260625-124824-downwardsrotatez_sb_forcemagnitude_s0,force.magnitude,0,7,80,4.0,1.30368,0.0,0.0,2.44582,0.0,3.7495,3682863
downwards_rotate,downwards_sensor_sweep_120-20260625-124815,TesolloDownwardsRotateZ,TesolloDownwardsRotateZ-20260625-124824-downwardsrotatez_sb_forcemagnitude_s0,force.magnitude,0,7,81,4.05,1.32893,0.0,0.0,2.47664,0.0,3.80558,3682863
downwards_rotate,downwards_sensor_sweep_120-20260625-124815,TesolloDownwardsRotateZ,TesolloDownwardsRotateZ-20260625-124824-downwardsrotatez_sb_forcemagnitude_s0,force.magnitude,0,7,82,4.1,1.27327,0.0,0.0,2.1426,0.0,3.41587,3682863
downwards_rotate,downwards_sensor_sweep_120-20260625-124815,TesolloDownwardsRotateZ,TesolloDownwardsRotateZ-20260625-124824-downwardsrotatez_sb_forcemagnitude_s0,force.magnitude,0,7,83,4.15,1.36847,0.0,0.0,2.77385,0.0,4.14233,3682863
downwards_rotate,downwards_sensor_sweep_120-20260625-124815,TesolloDownwardsRotateZ,TesolloDownwardsRotateZ-20260625-124824-downwardsrotatez_sb_forcemagnitude_s0,force.magnitude,0,7,84,4.2,1.37256,0.0,0.0,2.65514,0.0,4.0277,3682863
downwards_rotate,downwards_sensor_sweep_120-20260625-124815,TesolloDownwardsRotateZ,TesolloDownwardsRotateZ-20260625-124824-downwardsrotatez_sb_forcemagnitude_s0,force.magnitude,0,7,85,4.25,1.37802,0.0,0.0,2.6698,0.0,4.04782,3682863
downwards_rotate,downwards_sensor_sweep_120-20260625-124815,TesolloDownwardsRotateZ,TesolloDownwardsRotateZ-20260625-124824-downwardsrotatez_sb_forcemagnitude_s0,force.magnitude,0,7,86,4.3,1.40148,0.0,0.0,2.68726,0.0,4.08874,3682863
downwards_rotate,downwards_sensor_sweep_120-20260625-124815,TesolloDownwardsRotateZ,TesolloDownwardsRotateZ-20260625-124824-downwardsrotatez_sb_forcemagnitude_s0,force.magnitude,0,7,87,4.35,1.40363,0.0,0.0,3.17685,0.0,4.58048,3682863
downwards_rotate,downwards_sensor_sweep_120-20260625-124815,TesolloDownwardsRotateZ,TesolloDownwardsRotateZ-20260625-124824-downwardsrotatez_sb_forcemagnitude_s0,force.magnitude,0,7,88,4.4,1.47654,0.0,0.0,2.58563,0.0,4.06217,3682863
downwards_rotate,downwards_sensor_sweep_120-20260625-124815,TesolloDownwardsRotateZ,TesolloDownwardsRotateZ-20260625-124824-downwardsrotatez_sb_forcemagnitude_s0,force.magnitude,0,7,89,4.45,1.5261,0.0,0.0,2.74802,0.0,4.27412,3682863
downwards_rotate,downwards_sensor_sweep_120-20260625-124815,TesolloDownwardsRotateZ,TesolloDownwardsRotateZ-20260625-124824-downwardsrotatez_sb_forcemagnitude_s0,force.magnitude,0,7,90,4.5,1.56625,0.0,0.0,2.71451,0.0,4.28075,3682863
downwards_rotate,downwards_sensor_sweep_120-20260625-124815,TesolloDownwardsRotateZ,TesolloDownwardsRotateZ-20260625-124824-downwardsrotatez_sb_forcemagnitude_s0,force.magnitude,0,7,91,4.55,1.50433,0.0,0.0,2.85834,0.0,4.36267,3682863
downwards_rotate,downwards_sensor_sweep_120-20260625-124815,TesolloDownwardsRotateZ,TesolloDownwardsRotateZ-20260625-124824-downwardsrotatez_sb_forcemagnitude_s0,force.magnitude,0,7,92,4.6,1.6067,0.0,0.0,2.98855,0.0,4.59525,3682863
downwards_rotate,downwards_sensor_sweep_120-20260625-124815,TesolloDownwardsRotateZ,TesolloDownwardsRotateZ-20260625-124824-downwardsrotatez_sb_forcemagnitude_s0,force.magnitude,0,7,93,4.65,1.62614,0.0,0.0,2.91362,0.0,4.53976,3682863
downwards_rotate,downwards_sensor_sweep_120-20260625-124815,TesolloDownwardsRotateZ,TesolloDownwardsRotateZ-20260625-124824-downwardsrotatez_sb_forcemagnitude_s0,force.magnitude,0,7,94,4.7,1.62368,0.0,0.0,3.29968,0.0,4.92336,3682863
downwards_rotate,downwards_sensor_sweep_120-20260625-124815,TesolloDownwardsRotateZ,TesolloDownwardsRotateZ-20260625-124824-downwardsrotatez_sb_forcemagnitude_s0,force.magnitude,0,7,95,4.75,1.67266,0.0,0.0,2.8987,0.0,4.57135,3682863
downwards_rotate,downwards_sensor_sweep_120-20260625-124815,TesolloDownwardsRotateZ,TesolloDownwardsRotateZ-20260625-124824-downwardsrotatez_sb_forcemagnitude_s0,force.magnitude,0,7,96,4.8,1.70775,0.0,0.0,2.96585,0.0,4.6736,3682863
downwards_rotate,downwards_sensor_sweep_120-20260625-124815,TesolloDownwardsRotateZ,TesolloDownwardsRotateZ-20260625-124824-downwardsrotatez_sb_forcemagnitude_s0,force.magnitude,0,7,97,4.85,1.73175,0.0,0.0,2.96877,0.0,4.70051,3682863
downwards_rotate,downwards_sensor_sweep_120-20260625-124815,TesolloDownwardsRotateZ,TesolloDownwardsRotateZ-20260625-124824-downwardsrotatez_sb_forcemagnitude_s0,force.magnitude,0,7,98,4.9,1.74908,0.0,0.0,3.02724,0.0,4.77632,3682863
downwards_rotate,downwards_sensor_sweep_120-20260625-124815,TesolloDownwardsRotateZ,TesolloDownwardsRotateZ-20260625-124824-downwardsrotatez_sb_forcemagnitude_s0,force.magnitude,0,7,99,4.95,1.74093,0.0,0.0,3.35329,0.0,5.09422,3682863
downwards_rotate,downwards_sensor_sweep_120-20260625-124815,TesolloDownwardsRotateZ,TesolloDownwardsRotateZ-20260625-124824-downwardsrotatez_sb_forcemagnitude_s0,force.magnitude,0,7,100,5.0,1.78428,0.0,0.0,3.00119,0.0,4.78547,3682863
downwards_rotate,downwards_sensor_sweep_120-20260625-124815,TesolloDownwardsRotateZ,TesolloDownwardsRotateZ-20260625-124824-downwardsrotatez_sb_forcemagnitude_s0,force.magnitude,0,7,101,5.05,1.8127,0.0,0.0,3.05036,0.0,4.86305,3682863
downwards_rotate,downwards_sensor_sweep_120-20260625-124815,TesolloDownwardsRotateZ,TesolloDownwardsRotateZ-20260625-124824-downwardsrotatez_sb_forcemagnitude_s0,force.magnitude,0,7,102,5.1,1.79838,0.0,0.0,3.38524,0.0,5.18361,3682863
downwards_rotate,downwards_sensor_sweep_120-20260625-124815,TesolloDownwardsRotateZ,TesolloDownwardsRotateZ-20260625-124824-downwardsrotatez_sb_forcemagnitude_s0,force.magnitude,0,7,103,5.15,1.87452,0.0,0.0,3.0599,0.0,4.93442,3682863
downwards_rotate,downwards_sensor_sweep_120-20260625-124815,TesolloDownwardsRotateZ,TesolloDownwardsRotateZ-20260625-124824-downwardsrotatez_sb_forcemagnitude_s0,force.magnitude,0,7,104,5.2,1.89161,0.0,0.0,3.15749,0.0,5.0491,3682863
downwards_rotate,downwards_sensor_sweep_120-20260625-124815,TesolloDownwardsRotateZ,TesolloDownwardsRotateZ-20260625-124824-downwardsrotatez_sb_forcemagnitude_s0,force.magnitude,0,7,105,5.25,1.88747,0.0,0.0,3.42924,0.0,5.31671,3682863
downwards_rotate,downwards_sensor_sweep_120-20260625-124815,TesolloDownwardsRotateZ,TesolloDownwardsRotateZ-20260625-124824-downwardsrotatez_sb_forcemagnitude_s0,force.magnitude,0,7,106,5.3,1.91168,0.0,0.0,3.44772,0.0,5.35939,3682863
downwards_rotate,downwards_sensor_sweep_120-20260625-124815,TesolloDownwardsRotateZ,TesolloDownwardsRotateZ-20260625-124824-downwardsrotatez_sb_forcemagnitude_s0,force.magnitude,0,7,107,5.35,2.10099,0.0,0.0,3.0553,0.0,5.15629,3682863
downwards_rotate,downwards_sensor_sweep_120-20260625-124815,TesolloDownwardsRotateZ,TesolloDownwardsRotateZ-20260625-124824-downwardsrotatez_sb_forcemagnitude_s0,force.magnitude,0,7,108,5.4,2.09733,0.0,0.0,3.15476,0.0,5.25209,3682863
downwards_rotate,downwards_sensor_sweep_120-20260625-124815,TesolloDownwardsRotateZ,TesolloDownwardsRotateZ-20260625-124824-downwardsrotatez_sb_forcemagnitude_s0,force.magnitude,0,7,109,5.45,2.07588,0.0,0.0,3.45477,0.0,5.53065,3682863
downwards_rotate,downwards_sensor_sweep_120-20260625-124815,TesolloDownwardsRotateZ,TesolloDownwardsRotateZ-20260625-124824-downwardsrotatez_sb_forcemagnitude_s0,force.magnitude,0,7,110,5.5,1.96571,0.0,0.0,3.23078,0.0,5.19649,3682863
downwards_rotate,downwards_sensor_sweep_120-20260625-124815,TesolloDownwardsRotateZ,TesolloDownwardsRotateZ-20260625-124824-downwardsrotatez_sb_forcemagnitude_s0,force.magnitude,0,7,111,5.55,1.96921,0.0,0.0,3.27544,0.0,5.24466,3682863
downwards_rotate,downwards_sensor_sweep_120-20260625-124815,TesolloDownwardsRotateZ,TesolloDownwardsRotateZ-20260625-124824-downwardsrotatez_sb_forcemagnitude_s0,force.magnitude,0,7,112,5.6,1.95431,0.0,0.0,3.51145,0.0,5.46576,3682863
downwards_rotate,downwards_sensor_sweep_120-20260625-124815,TesolloDownwardsRotateZ,TesolloDownwardsRotateZ-20260625-124824-downwardsrotatez_sb_forcemagnitude_s0,force.magnitude,0,7,113,5.65,1.98751,0.0,0.0,3.30048,0.0,5.28799,3682863
downwards_rotate,downwards_sensor_sweep_120-20260625-124815,TesolloDownwardsRotateZ,TesolloDownwardsRotateZ-20260625-124824-downwardsrotatez_sb_forcemagnitude_s0,force.magnitude,0,7,114,5.7,1.9275,0.0,0.0,3.52553,0.0,5.45303,3682863
downwards_rotate,downwards_sensor_sweep_120-20260625-124815,TesolloDownwardsRotateZ,TesolloDownwardsRotateZ-20260625-124824-downwardsrotatez_sb_forcemagnitude_s0,force.magnitude,0,7,115,5.75,1.90827,0.0,0.0,3.5343,0.0,5.44257,3682863
downwards_rotate,downwards_sensor_sweep_120-20260625-124815,TesolloDownwardsRotateZ,TesolloDownwardsRotateZ-20260625-124824-downwardsrotatez_sb_forcemagnitude_s0,force.magnitude,0,7,116,5.8,1.91837,0.0,0.0,3.32623,0.0,5.2446,3682863
downwards_rotate,downwards_sensor_sweep_120-20260625-124815,TesolloDownwardsRotateZ,TesolloDownwardsRotateZ-20260625-124824-downwardsrotatez_sb_forcemagnitude_s0,force.magnitude,0,7,117,5.85,1.87342,0.0,0.0,3.55411,0.0,5.42753,3682863
downwards_rotate,downwards_sensor_sweep_120-20260625-124815,TesolloDownwardsRotateZ,TesolloDownwardsRotateZ-20260625-124824-downwardsrotatez_sb_forcemagnitude_s0,force.magnitude,0,7,118,5.9,1.85798,0.0,0.0,3.57588,0.0,5.43387,3682863
downwards_rotate,downwards_sensor_sweep_120-20260625-124815,TesolloDownwardsRotateZ,TesolloDownwardsRotateZ-20260625-124824-downwardsrotatez_sb_forcemagnitude_s0,force.magnitude,0,7,119,5.95,1.86199,0.0,0.0,3.39841,0.0,5.2604,3682863
