task,queue,env_name,exp_name,sensor_bundle,seed,rollout_seed,step,time_s,f_thumb,f_index,f_total,env_code_commit
pinch_sinusoid,pinch_sweep_size_rand_sinusoid-20260624-142357,TesolloCubePinch,TesolloCubePinch-20260624-145808-cubepinch_sb_baseline_s8,baseline,8,0,0,0.0,0.0,0.0,0.0,3682863
pinch_sinusoid,pinch_sweep_size_rand_sinusoid-20260624-142357,TesolloCubePinch,TesolloCubePinch-20260624-145808-cubepinch_sb_baseline_s8,baseline,8,0,1,0.05,0.0,0.0,0.0,3682863
pinch_sinusoid,pinch_sweep_size_rand_sinusoid-20260624-142357,TesolloCubePinch,TesolloCubePinch-20260624-145808-cubepinch_sb_baseline_s8,baseline,8,0,2,0.1,0.0,0.0,0.0,3682863
pinch_sinusoid,pinch_sweep_size_rand_sinusoid-20260624-142357,TesolloCubePinch,TesolloCubePinch-20260624-145808-cubepinch_sb_baseline_s8,baseline,8,0,3,0.15,2.18314,0.0,2.18314,3682863
pinch_sinusoid,pinch_sweep_size_rand_sinusoid-20260624-142357,TesolloCubePinch,TesolloCubePinch-20260624-145808-cubepinch_sb_baseline_s8,baseline,8,0,4,0.2,2.72518,0.0,2.72518,3682863
pinch_sinusoid,pinch_sweep_size_rand_sinusoid-20260624-142357,TesolloCubePinch,TesolloCubePinch-20260624-145808-cubepinch_sb_baseline_s8,baseline,8,0,5,0.25,2.76536,2.34355,5.10891,3682863
pinch_sinusoid,pinch_sweep_size_rand_sinusoid-20260624-142357,TesolloCubePinch,TesolloCubePinch-20260624-145808-cubepinch_sb_baseline_s8,baseline,8,0,6,0.3,2.29148,2.05118,4.34265,3682863
pinch_sinusoid,pinch_sweep_size_rand_sinusoid-20260624-142357,TesolloCubePinch,TesolloCubePinch-20260624-145808-cubepinch_sb_baseline_s8,baseline,8,0,7,0.35,0.0,0.0,0.0,3682863
pinch_sinusoid,pinch_sweep_size_rand_sinusoid-20260624-142357,TesolloCubePinch,TesolloCubePinch-20260624-145808-cubepinch_sb_baseline_s8,baseline,8,0,8,0.4,2.89292,2.08764,4.98057,3682863
pinch_sinusoid,pinch_sweep_size_rand_sinusoid-20260624-142357,TesolloCubePinch,TesolloCubePinch-20260624-145808-cubepinch_sb_baseline_s8,baseline,8,0,9,0.45,3.08054,2.42543,5.50597,3682863
pinch_sinusoid,pinch_sweep_size_rand_sinusoid-20260624-142357,TesolloCubePinch,TesolloCubePinch-20260624-145808-cubepinch_sb_baseline_s8,baseline,8,0,10,0.5,3.08556,1.93324,5.01879,3682863
pinch_sinusoid,pinch_sweep_size_rand_sinusoid-20260624-142357,TesolloCubePinch,TesolloCubePinch-20260624-145808-cubepinch_sb_baseline_s8,baseline,8,0,11,0.55,2.89342,2.18393,5.07735,3682863
pinch_sinusoid,pinch_sweep_size_rand_sinusoid-20260624-142357,TesolloCubePinch,TesolloCubePinch-20260624-145808-cubepinch_sb_baseline_s8,baseline,8,0,12,0.6,3.25608,1.90831,5.16439,3682863
pinch_sinusoid,pinch_sweep_size_rand_sinusoid-20260624-142357,TesolloCubePinch,TesolloCubePinch-20260624-145808-cubepinch_sb_baseline_s8,baseline,8,0,13,0.65,12.31489,1.78751,14.10241,3682863
pinch_sinusoid,pinch_sweep_size_rand_sinusoid-20260624-142357,TesolloCubePinch,TesolloCubePinch-20260624-145808-cubepinch_sb_baseline_s8,baseline,8,0,14,0.7,7.64396,1.37308,9.01705,3682863
pinch_sinusoid,pinch_sweep_size_rand_sinusoid-20260624-142357,TesolloCubePinch,TesolloCubePinch-20260624-145808-cubepinch_sb_baseline_s8,baseline,8,0,15,0.75,4.23111,1.62802,5.85913,3682863
pinch_sinusoid,pinch_sweep_size_rand_sinusoid-20260624-142357,TesolloCubePinch,TesolloCubePinch-20260624-145808-cubepinch_sb_baseline_s8,baseline,8,0,16,0.8,2.80347,1.42897,4.23244,3682863
pinch_sinusoid,pinch_sweep_size_rand_sinusoid-20260624-142357,TesolloCubePinch,TesolloCubePinch-20260624-145808-cubepinch_sb_baseline_s8,baseline,8,0,17,0.85,2.18526,1.46851,3.65377,3682863
pinch_sinusoid,pinch_sweep_size_rand_sinusoid-20260624-142357,TesolloCubePinch,TesolloCubePinch-20260624-145808-cubepinch_sb_baseline_s8,baseline,8,0,18,0.9,2.03458,1.50585,3.54043,3682863
pinch_sinusoid,pinch_sweep_size_rand_sinusoid-20260624-142357,TesolloCubePinch,TesolloCubePinch-20260624-145808-cubepinch_sb_baseline_s8,baseline,8,0,19,0.95,2.19524,1.57026,3.76551,3682863
pinch_sinusoid,pinch_sweep_size_rand_sinusoid-20260624-142357,TesolloCubePinch,TesolloCubePinch-20260624-145808-cubepinch_sb_baseline_s8,baseline,8,0,20,1.0,2.21728,1.67636,3.89364,3682863
pinch_sinusoid,pinch_sweep_size_rand_sinusoid-20260624-142357,TesolloCubePinch,TesolloCubePinch-20260624-145808-cubepinch_sb_baseline_s8,baseline,8,0,21,1.05,2.74417,1.8257,4.56987,3682863
pinch_sinusoid,pinch_sweep_size_rand_sinusoid-20260624-142357,TesolloCubePinch,TesolloCubePinch-20260624-145808-cubepinch_sb_baseline_s8,baseline,8,0,22,1.1,2.97494,1.97883,4.95377,3682863
pinch_sinusoid,pinch_sweep_size_rand_sinusoid-20260624-142357,TesolloCubePinch,TesolloCubePinch-20260624-145808-cubepinch_sb_baseline_s8,baseline,8,0,23,1.15,2.95475,2.10569,5.06044,3682863
pinch_sinusoid,pinch_sweep_size_rand_sinusoid-20260624-142357,TesolloCubePinch,TesolloCubePinch-20260624-145808-cubepinch_sb_baseline_s8,baseline,8,0,24,1.2,2.87679,2.21401,5.0908,3682863
pinch_sinusoid,pinch_sweep_size_rand_sinusoid-20260624-142357,TesolloCubePinch,TesolloCubePinch-20260624-145808-cubepinch_sb_baseline_s8,baseline,8,0,25,1.25,2.86023,2.30815,5.16838,3682863
pinch_sinusoid,pinch_sweep_size_rand_sinusoid-20260624-142357,TesolloCubePinch,TesolloCubePinch-20260624-145808-cubepinch_sb_baseline_s8,baseline,8,0,26,1.3,2.83844,2.38565,5.22409,3682863
pinch_sinusoid,pinch_sweep_size_rand_sinusoid-20260624-142357,TesolloCubePinch,TesolloCubePinch-20260624-145808-cubepinch_sb_baseline_s8,baseline,8,0,27,1.35,2.82792,2.47057,5.29849,3682863
pinch_sinusoid,pinch_sweep_size_rand_sinusoid-20260624-142357,TesolloCubePinch,TesolloCubePinch-20260624-145808-cubepinch_sb_baseline_s8,baseline,8,0,28,1.4,2.77739,2.22938,5.00677,3682863
pinch_sinusoid,pinch_sweep_size_rand_sinusoid-20260624-142357,TesolloCubePinch,TesolloCubePinch-20260624-145808-cubepinch_sb_baseline_s8,baseline,8,0,29,1.45,2.7745,2.09063,4.86513,3682863
pinch_sinusoid,pinch_sweep_size_rand_sinusoid-20260624-142357,TesolloCubePinch,TesolloCubePinch-20260624-145808-cubepinch_sb_baseline_s8,baseline,8,0,30,1.5,2.82527,2.0422,4.86747,3682863
pinch_sinusoid,pinch_sweep_size_rand_sinusoid-20260624-142357,TesolloCubePinch,TesolloCubePinch-20260624-145808-cubepinch_sb_baseline_s8,baseline,8,0,31,1.55,2.8017,1.93812,4.73983,3682863
pinch_sinusoid,pinch_sweep_size_rand_sinusoid-20260624-142357,TesolloCubePinch,TesolloCubePinch-20260624-145808-cubepinch_sb_baseline_s8,baseline,8,0,32,1.6,2.75349,1.89854,4.65202,3682863
pinch_sinusoid,pinch_sweep_size_rand_sinusoid-20260624-142357,TesolloCubePinch,TesolloCubePinch-20260624-145808-cubepinch_sb_baseline_s8,baseline,8,0,33,1.65,2.67077,1.88521,4.55598,3682863
pinch_sinusoid,pinch_sweep_size_rand_sinusoid-20260624-142357,TesolloCubePinch,TesolloCubePinch-20260624-145808-cubepinch_sb_baseline_s8,baseline,8,0,34,1.7,2.53126,1.87772,4.40898,3682863
pinch_sinusoid,pinch_sweep_size_rand_sinusoid-20260624-142357,TesolloCubePinch,TesolloCubePinch-20260624-145808-cubepinch_sb_baseline_s8,baseline,8,0,35,1.75,2.33554,1.874,4.20954,3682863
pinch_sinusoid,pinch_sweep_size_rand_sinusoid-20260624-142357,TesolloCubePinch,TesolloCubePinch-20260624-145808-cubepinch_sb_baseline_s8,baseline,8,0,36,1.8,2.11349,1.87141,3.9849,3682863
pinch_sinusoid,pinch_sweep_size_rand_sinusoid-20260624-142357,TesolloCubePinch,TesolloCubePinch-20260624-145808-cubepinch_sb_baseline_s8,baseline,8,0,37,1.85,2.01282,1.78939,3.8022,3682863
pinch_sinusoid,pinch_sweep_size_rand_sinusoid-20260624-142357,TesolloCubePinch,TesolloCubePinch-20260624-145808-cubepinch_sb_baseline_s8,baseline,8,0,38,1.9,1.88536,1.12081,3.00617,3682863
pinch_sinusoid,pinch_sweep_size_rand_sinusoid-20260624-142357,TesolloCubePinch,TesolloCubePinch-20260624-145808-cubepinch_sb_baseline_s8,baseline,8,0,39,1.95,1.83211,1.11846,2.95057,3682863
pinch_sinusoid,pinch_sweep_size_rand_sinusoid-20260624-142357,TesolloCubePinch,TesolloCubePinch-20260624-145808-cubepinch_sb_baseline_s8,baseline,8,0,40,2.0,1.8395,1.00595,2.84544,3682863
pinch_sinusoid,pinch_sweep_size_rand_sinusoid-20260624-142357,TesolloCubePinch,TesolloCubePinch-20260624-145808-cubepinch_sb_baseline_s8,baseline,8,0,41,2.05,1.85259,0.87387,2.72646,3682863
pinch_sinusoid,pinch_sweep_size_rand_sinusoid-20260624-142357,TesolloCubePinch,TesolloCubePinch-20260624-145808-cubepinch_sb_baseline_s8,baseline,8,0,42,2.1,1.8866,0.71835,2.60495,3682863
pinch_sinusoid,pinch_sweep_size_rand_sinusoid-20260624-142357,TesolloCubePinch,TesolloCubePinch-20260624-145808-cubepinch_sb_baseline_s8,baseline,8,0,43,2.15,1.9303,0.59971,2.53001,3682863
pinch_sinusoid,pinch_sweep_size_rand_sinusoid-20260624-142357,TesolloCubePinch,TesolloCubePinch-20260624-145808-cubepinch_sb_baseline_s8,baseline,8,0,44,2.2,1.98284,0.51815,2.50099,3682863
pinch_sinusoid,pinch_sweep_size_rand_sinusoid-20260624-142357,TesolloCubePinch,TesolloCubePinch-20260624-145808-cubepinch_sb_baseline_s8,baseline,8,0,45,2.25,2.04167,0.46019,2.50186,3682863
pinch_sinusoid,pinch_sweep_size_rand_sinusoid-20260624-142357,TesolloCubePinch,TesolloCubePinch-20260624-145808-cubepinch_sb_baseline_s8,baseline,8,0,46,2.3,2.10559,0.43042,2.53601,3682863
pinch_sinusoid,pinch_sweep_size_rand_sinusoid-20260624-142357,TesolloCubePinch,TesolloCubePinch-20260624-145808-cubepinch_sb_baseline_s8,baseline,8,0,47,2.35,2.17171,0.38709,2.5588,3682863
pinch_sinusoid,pinch_sweep_size_rand_sinusoid-20260624-142357,TesolloCubePinch,TesolloCubePinch-20260624-145808-cubepinch_sb_baseline_s8,baseline,8,0,48,2.4,2.23785,0.38249,2.62034,3682863
pinch_sinusoid,pinch_sweep_size_rand_sinusoid-20260624-142357,TesolloCubePinch,TesolloCubePinch-20260624-145808-cubepinch_sb_baseline_s8,baseline,8,0,49,2.45,2.2992,0.3906,2.6898,3682863
pinch_sinusoid,pinch_sweep_size_rand_sinusoid-20260624-142357,TesolloCubePinch,TesolloCubePinch-20260624-145808-cubepinch_sb_baseline_s8,baseline,8,0,50,2.5,2.35417,0.45109,2.80526,3682863
pinch_sinusoid,pinch_sweep_size_rand_sinusoid-20260624-142357,TesolloCubePinch,TesolloCubePinch-20260624-145808-cubepinch_sb_baseline_s8,baseline,8,0,51,2.55,2.40238,0.52636,2.92874,3682863
pinch_sinusoid,pinch_sweep_size_rand_sinusoid-20260624-142357,TesolloCubePinch,TesolloCubePinch-20260624-145808-cubepinch_sb_baseline_s8,baseline,8,0,52,2.6,2.35956,0.64287,3.00242,3682863
pinch_sinusoid,pinch_sweep_size_rand_sinusoid-20260624-142357,TesolloCubePinch,TesolloCubePinch-20260624-145808-cubepinch_sb_baseline_s8,baseline,8,0,53,2.65,3.56669,0.93759,4.50428,3682863
pinch_sinusoid,pinch_sweep_size_rand_sinusoid-20260624-142357,TesolloCubePinch,TesolloCubePinch-20260624-145808-cubepinch_sb_baseline_s8,baseline,8,0,54,2.7,3.10376,1.64988,4.75365,3682863
pinch_sinusoid,pinch_sweep_size_rand_sinusoid-20260624-142357,TesolloCubePinch,TesolloCubePinch-20260624-145808-cubepinch_sb_baseline_s8,baseline,8,0,55,2.75,3.60221,1.75378,5.35599,3682863
pinch_sinusoid,pinch_sweep_size_rand_sinusoid-20260624-142357,TesolloCubePinch,TesolloCubePinch-20260624-145808-cubepinch_sb_baseline_s8,baseline,8,0,56,2.8,3.90753,1.33136,5.23889,3682863
pinch_sinusoid,pinch_sweep_size_rand_sinusoid-20260624-142357,TesolloCubePinch,TesolloCubePinch-20260624-145808-cubepinch_sb_baseline_s8,baseline,8,0,57,2.85,3.73668,1.16924,4.90591,3682863
pinch_sinusoid,pinch_sweep_size_rand_sinusoid-20260624-142357,TesolloCubePinch,TesolloCubePinch-20260624-145808-cubepinch_sb_baseline_s8,baseline,8,0,58,2.9,3.62056,1.08558,4.70613,3682863
pinch_sinusoid,pinch_sweep_size_rand_sinusoid-20260624-142357,TesolloCubePinch,TesolloCubePinch-20260624-145808-cubepinch_sb_baseline_s8,baseline,8,0,59,2.95,3.58698,1.07471,4.66169,3682863
pinch_sinusoid,pinch_sweep_size_rand_sinusoid-20260624-142357,TesolloCubePinch,TesolloCubePinch-20260624-145808-cubepinch_sb_baseline_s8,baseline,8,0,60,3.0,3.61244,1.12435,4.73678,3682863
pinch_sinusoid,pinch_sweep_size_rand_sinusoid-20260624-142357,TesolloCubePinch,TesolloCubePinch-20260624-145808-cubepinch_sb_baseline_s8,baseline,8,0,61,3.05,3.59038,1.33541,4.92579,3682863
pinch_sinusoid,pinch_sweep_size_rand_sinusoid-20260624-142357,TesolloCubePinch,TesolloCubePinch-20260624-145808-cubepinch_sb_baseline_s8,baseline,8,0,62,3.1,3.07121,1.58247,4.65368,3682863
pinch_sinusoid,pinch_sweep_size_rand_sinusoid-20260624-142357,TesolloCubePinch,TesolloCubePinch-20260624-145808-cubepinch_sb_baseline_s8,baseline,8,0,63,3.15,3.21386,1.83166,5.04552,3682863
pinch_sinusoid,pinch_sweep_size_rand_sinusoid-20260624-142357,TesolloCubePinch,TesolloCubePinch-20260624-145808-cubepinch_sb_baseline_s8,baseline,8,0,64,3.2,3.20612,2.00433,5.21044,3682863
pinch_sinusoid,pinch_sweep_size_rand_sinusoid-20260624-142357,TesolloCubePinch,TesolloCubePinch-20260624-145808-cubepinch_sb_baseline_s8,baseline,8,0,65,3.25,3.19864,2.13687,5.33551,3682863
pinch_sinusoid,pinch_sweep_size_rand_sinusoid-20260624-142357,TesolloCubePinch,TesolloCubePinch-20260624-145808-cubepinch_sb_baseline_s8,baseline,8,0,66,3.3,3.19307,2.00981,5.20288,3682863
pinch_sinusoid,pinch_sweep_size_rand_sinusoid-20260624-142357,TesolloCubePinch,TesolloCubePinch-20260624-145808-cubepinch_sb_baseline_s8,baseline,8,0,67,3.35,3.14603,1.78667,4.93269,3682863
pinch_sinusoid,pinch_sweep_size_rand_sinusoid-20260624-142357,TesolloCubePinch,TesolloCubePinch-20260624-145808-cubepinch_sb_baseline_s8,baseline,8,0,68,3.4,3.06138,1.85196,4.91334,3682863
pinch_sinusoid,pinch_sweep_size_rand_sinusoid-20260624-142357,TesolloCubePinch,TesolloCubePinch-20260624-145808-cubepinch_sb_baseline_s8,baseline,8,0,69,3.45,3.05975,1.80364,4.86339,3682863
pinch_sinusoid,pinch_sweep_size_rand_sinusoid-20260624-142357,TesolloCubePinch,TesolloCubePinch-20260624-145808-cubepinch_sb_baseline_s8,baseline,8,0,70,3.5,2.95999,1.7981,4.75809,3682863
pinch_sinusoid,pinch_sweep_size_rand_sinusoid-20260624-142357,TesolloCubePinch,TesolloCubePinch-20260624-145808-cubepinch_sb_baseline_s8,baseline,8,0,71,3.55,2.92072,1.80993,4.73064,3682863
pinch_sinusoid,pinch_sweep_size_rand_sinusoid-20260624-142357,TesolloCubePinch,TesolloCubePinch-20260624-145808-cubepinch_sb_baseline_s8,baseline,8,0,72,3.6,2.86169,1.81889,4.68058,3682863
pinch_sinusoid,pinch_sweep_size_rand_sinusoid-20260624-142357,TesolloCubePinch,TesolloCubePinch-20260624-145808-cubepinch_sb_baseline_s8,baseline,8,0,73,3.65,2.5092,1.8281,4.3373,3682863
pinch_sinusoid,pinch_sweep_size_rand_sinusoid-20260624-142357,TesolloCubePinch,TesolloCubePinch-20260624-145808-cubepinch_sb_baseline_s8,baseline,8,0,74,3.7,2.465,1.83139,4.29638,3682863
pinch_sinusoid,pinch_sweep_size_rand_sinusoid-20260624-142357,TesolloCubePinch,TesolloCubePinch-20260624-145808-cubepinch_sb_baseline_s8,baseline,8,0,75,3.75,2.42609,1.83514,4.26124,3682863
pinch_sinusoid,pinch_sweep_size_rand_sinusoid-20260624-142357,TesolloCubePinch,TesolloCubePinch-20260624-145808-cubepinch_sb_baseline_s8,baseline,8,0,76,3.8,2.21939,1.83929,4.05868,3682863
pinch_sinusoid,pinch_sweep_size_rand_sinusoid-20260624-142357,TesolloCubePinch,TesolloCubePinch-20260624-145808-cubepinch_sb_baseline_s8,baseline,8,0,77,3.85,2.08198,1.75805,3.84003,3682863
pinch_sinusoid,pinch_sweep_size_rand_sinusoid-20260624-142357,TesolloCubePinch,TesolloCubePinch-20260624-145808-cubepinch_sb_baseline_s8,baseline,8,0,78,3.9,1.96799,0.99906,2.96706,3682863
pinch_sinusoid,pinch_sweep_size_rand_sinusoid-20260624-142357,TesolloCubePinch,TesolloCubePinch-20260624-145808-cubepinch_sb_baseline_s8,baseline,8,0,79,3.95,1.94797,1.08647,3.03444,3682863
pinch_sinusoid,pinch_sweep_size_rand_sinusoid-20260624-142357,TesolloCubePinch,TesolloCubePinch-20260624-145808-cubepinch_sb_baseline_s8,baseline,8,1,0,0.0,0.0,0.0,0.0,3682863
pinch_sinusoid,pinch_sweep_size_rand_sinusoid-20260624-142357,TesolloCubePinch,TesolloCubePinch-20260624-145808-cubepinch_sb_baseline_s8,baseline,8,1,1,0.05,0.0,0.0,0.0,3682863
pinch_sinusoid,pinch_sweep_size_rand_sinusoid-20260624-142357,TesolloCubePinch,TesolloCubePinch-20260624-145808-cubepinch_sb_baseline_s8,baseline,8,1,2,0.1,0.0,0.0,0.0,3682863
pinch_sinusoid,pinch_sweep_size_rand_sinusoid-20260624-142357,TesolloCubePinch,TesolloCubePinch-20260624-145808-cubepinch_sb_baseline_s8,baseline,8,1,3,0.15,0.0,0.0,0.0,3682863
pinch_sinusoid,pinch_sweep_size_rand_sinusoid-20260624-142357,TesolloCubePinch,TesolloCubePinch-20260624-145808-cubepinch_sb_baseline_s8,baseline,8,1,4,0.2,0.0,2.04147,2.04147,3682863
pinch_sinusoid,pinch_sweep_size_rand_sinusoid-20260624-142357,TesolloCubePinch,TesolloCubePinch-20260624-145808-cubepinch_sb_baseline_s8,baseline,8,1,5,0.25,2.67186,0.0,2.67186,3682863
pinch_sinusoid,pinch_sweep_size_rand_sinusoid-20260624-142357,TesolloCubePinch,TesolloCubePinch-20260624-145808-cubepinch_sb_baseline_s8,baseline,8,1,6,0.3,0.0,1.63398,1.63398,3682863
pinch_sinusoid,pinch_sweep_size_rand_sinusoid-20260624-142357,TesolloCubePinch,TesolloCubePinch-20260624-145808-cubepinch_sb_baseline_s8,baseline,8,1,7,0.35,2.22711,0.0,2.22711,3682863
pinch_sinusoid,pinch_sweep_size_rand_sinusoid-20260624-142357,TesolloCubePinch,TesolloCubePinch-20260624-145808-cubepinch_sb_baseline_s8,baseline,8,1,8,0.4,2.50148,1.29811,3.79959,3682863
pinch_sinusoid,pinch_sweep_size_rand_sinusoid-20260624-142357,TesolloCubePinch,TesolloCubePinch-20260624-145808-cubepinch_sb_baseline_s8,baseline,8,1,9,0.45,2.99668,1.12704,4.12372,3682863
pinch_sinusoid,pinch_sweep_size_rand_sinusoid-20260624-142357,TesolloCubePinch,TesolloCubePinch-20260624-145808-cubepinch_sb_baseline_s8,baseline,8,1,10,0.5,6.58324,1.32866,7.9119,3682863
pinch_sinusoid,pinch_sweep_size_rand_sinusoid-20260624-142357,TesolloCubePinch,TesolloCubePinch-20260624-145808-cubepinch_sb_baseline_s8,baseline,8,1,11,0.55,3.94518,0.0,3.94518,3682863
pinch_sinusoid,pinch_sweep_size_rand_sinusoid-20260624-142357,TesolloCubePinch,TesolloCubePinch-20260624-145808-cubepinch_sb_baseline_s8,baseline,8,1,12,0.6,2.8977,1.47911,4.37681,3682863
pinch_sinusoid,pinch_sweep_size_rand_sinusoid-20260624-142357,TesolloCubePinch,TesolloCubePinch-20260624-145808-cubepinch_sb_baseline_s8,baseline,8,1,13,0.65,2.87115,1.73636,4.60751,3682863
pinch_sinusoid,pinch_sweep_size_rand_sinusoid-20260624-142357,TesolloCubePinch,TesolloCubePinch-20260624-145808-cubepinch_sb_baseline_s8,baseline,8,1,14,0.7,2.95753,1.9126,4.87013,3682863
pinch_sinusoid,pinch_sweep_size_rand_sinusoid-20260624-142357,TesolloCubePinch,TesolloCubePinch-20260624-145808-cubepinch_sb_baseline_s8,baseline,8,1,15,0.75,2.85322,2.03676,4.88998,3682863
pinch_sinusoid,pinch_sweep_size_rand_sinusoid-20260624-142357,TesolloCubePinch,TesolloCubePinch-20260624-145808-cubepinch_sb_baseline_s8,baseline,8,1,16,0.8,2.69552,2.14321,4.83873,3682863
pinch_sinusoid,pinch_sweep_size_rand_sinusoid-20260624-142357,TesolloCubePinch,TesolloCubePinch-20260624-145808-cubepinch_sb_baseline_s8,baseline,8,1,17,0.85,2.5378,1.68994,4.22774,3682863
pinch_sinusoid,pinch_sweep_size_rand_sinusoid-20260624-142357,TesolloCubePinch,TesolloCubePinch-20260624-145808-cubepinch_sb_baseline_s8,baseline,8,1,18,0.9,2.52425,1.7247,4.24894,3682863
pinch_sinusoid,pinch_sweep_size_rand_sinusoid-20260624-142357,TesolloCubePinch,TesolloCubePinch-20260624-145808-cubepinch_sb_baseline_s8,baseline,8,1,19,0.95,2.43871,1.75217,4.19089,3682863
pinch_sinusoid,pinch_sweep_size_rand_sinusoid-20260624-142357,TesolloCubePinch,TesolloCubePinch-20260624-145808-cubepinch_sb_baseline_s8,baseline,8,1,20,1.0,2.36634,1.77059,4.13693,3682863
pinch_sinusoid,pinch_sweep_size_rand_sinusoid-20260624-142357,TesolloCubePinch,TesolloCubePinch-20260624-145808-cubepinch_sb_baseline_s8,baseline,8,1,21,1.05,2.21465,1.77533,3.98998,3682863
pinch_sinusoid,pinch_sweep_size_rand_sinusoid-20260624-142357,TesolloCubePinch,TesolloCubePinch-20260624-145808-cubepinch_sb_baseline_s8,baseline,8,1,22,1.1,2.10721,1.77108,3.87829,3682863
pinch_sinusoid,pinch_sweep_size_rand_sinusoid-20260624-142357,TesolloCubePinch,TesolloCubePinch-20260624-145808-cubepinch_sb_baseline_s8,baseline,8,1,23,1.15,1.93884,1.53126,3.47009,3682863
pinch_sinusoid,pinch_sweep_size_rand_sinusoid-20260624-142357,TesolloCubePinch,TesolloCubePinch-20260624-145808-cubepinch_sb_baseline_s8,baseline,8,1,24,1.2,1.81056,0.7946,2.60516,3682863
pinch_sinusoid,pinch_sweep_size_rand_sinusoid-20260624-142357,TesolloCubePinch,TesolloCubePinch-20260624-145808-cubepinch_sb_baseline_s8,baseline,8,1,25,1.25,1.79073,0.87671,2.66744,3682863
pinch_sinusoid,pinch_sweep_size_rand_sinusoid-20260624-142357,TesolloCubePinch,TesolloCubePinch-20260624-145808-cubepinch_sb_baseline_s8,baseline,8,1,26,1.3,1.77723,0.88632,2.66356,3682863
pinch_sinusoid,pinch_sweep_size_rand_sinusoid-20260624-142357,TesolloCubePinch,TesolloCubePinch-20260624-145808-cubepinch_sb_baseline_s8,baseline,8,1,27,1.35,1.82634,0.73297,2.55931,3682863
pinch_sinusoid,pinch_sweep_size_rand_sinusoid-20260624-142357,TesolloCubePinch,TesolloCubePinch-20260624-145808-cubepinch_sb_baseline_s8,baseline,8,1,28,1.4,1.88929,0.62773,2.51702,3682863
pinch_sinusoid,pinch_sweep_size_rand_sinusoid-20260624-142357,TesolloCubePinch,TesolloCubePinch-20260624-145808-cubepinch_sb_baseline_s8,baseline,8,1,29,1.45,1.95788,0.53546,2.49334,3682863
pinch_sinusoid,pinch_sweep_size_rand_sinusoid-20260624-142357,TesolloCubePinch,TesolloCubePinch-20260624-145808-cubepinch_sb_baseline_s8,baseline,8,1,30,1.5,2.02919,0.46536,2.49455,3682863
pinch_sinusoid,pinch_sweep_size_rand_sinusoid-20260624-142357,TesolloCubePinch,TesolloCubePinch-20260624-145808-cubepinch_sb_baseline_s8,baseline,8,1,31,1.55,2.10076,0.42149,2.52225,3682863
pinch_sinusoid,pinch_sweep_size_rand_sinusoid-20260624-142357,TesolloCubePinch,TesolloCubePinch-20260624-145808-cubepinch_sb_baseline_s8,baseline,8,1,32,1.6,2.1718,0.38274,2.55454,3682863
pinch_sinusoid,pinch_sweep_size_rand_sinusoid-20260624-142357,TesolloCubePinch,TesolloCubePinch-20260624-145808-cubepinch_sb_baseline_s8,baseline,8,1,33,1.65,2.24146,0.36869,2.61014,3682863
pinch_sinusoid,pinch_sweep_size_rand_sinusoid-20260624-142357,TesolloCubePinch,TesolloCubePinch-20260624-145808-cubepinch_sb_baseline_s8,baseline,8,1,34,1.7,2.30691,0.3593,2.66621,3682863
pinch_sinusoid,pinch_sweep_size_rand_sinusoid-20260624-142357,TesolloCubePinch,TesolloCubePinch-20260624-145808-cubepinch_sb_baseline_s8,baseline,8,1,35,1.75,2.3675,0.37389,2.7414,3682863
pinch_sinusoid,pinch_sweep_size_rand_sinusoid-20260624-142357,TesolloCubePinch,TesolloCubePinch-20260624-145808-cubepinch_sb_baseline_s8,baseline,8,1,36,1.8,2.42009,0.44359,2.86368,3682863
pinch_sinusoid,pinch_sweep_size_rand_sinusoid-20260624-142357,TesolloCubePinch,TesolloCubePinch-20260624-145808-cubepinch_sb_baseline_s8,baseline,8,1,37,1.85,2.46603,0.0,2.46603,3682863
pinch_sinusoid,pinch_sweep_size_rand_sinusoid-20260624-142357,TesolloCubePinch,TesolloCubePinch-20260624-145808-cubepinch_sb_baseline_s8,baseline,8,1,38,1.9,2.36679,0.81834,3.18513,3682863
pinch_sinusoid,pinch_sweep_size_rand_sinusoid-20260624-142357,TesolloCubePinch,TesolloCubePinch-20260624-145808-cubepinch_sb_baseline_s8,baseline,8,1,39,1.95,3.57941,1.23768,4.81709,3682863
pinch_sinusoid,pinch_sweep_size_rand_sinusoid-20260624-142357,TesolloCubePinch,TesolloCubePinch-20260624-145808-cubepinch_sb_baseline_s8,baseline,8,1,40,2.0,3.59456,1.16426,4.75881,3682863
pinch_sinusoid,pinch_sweep_size_rand_sinusoid-20260624-142357,TesolloCubePinch,TesolloCubePinch-20260624-145808-cubepinch_sb_baseline_s8,baseline,8,1,41,2.05,3.85886,1.58668,5.44554,3682863
pinch_sinusoid,pinch_sweep_size_rand_sinusoid-20260624-142357,TesolloCubePinch,TesolloCubePinch-20260624-145808-cubepinch_sb_baseline_s8,baseline,8,1,42,2.1,3.93889,1.23168,5.17056,3682863
pinch_sinusoid,pinch_sweep_size_rand_sinusoid-20260624-142357,TesolloCubePinch,TesolloCubePinch-20260624-145808-cubepinch_sb_baseline_s8,baseline,8,1,43,2.15,4.00757,1.08587,5.09345,3682863
pinch_sinusoid,pinch_sweep_size_rand_sinusoid-20260624-142357,TesolloCubePinch,TesolloCubePinch-20260624-145808-cubepinch_sb_baseline_s8,baseline,8,1,44,2.2,3.69888,1.01864,4.71752,3682863
pinch_sinusoid,pinch_sweep_size_rand_sinusoid-20260624-142357,TesolloCubePinch,TesolloCubePinch-20260624-145808-cubepinch_sb_baseline_s8,baseline,8,1,45,2.25,3.14997,1.00407,4.15404,3682863
pinch_sinusoid,pinch_sweep_size_rand_sinusoid-20260624-142357,TesolloCubePinch,TesolloCubePinch-20260624-145808-cubepinch_sb_baseline_s8,baseline,8,1,46,2.3,3.34317,1.10433,4.4475,3682863
pinch_sinusoid,pinch_sweep_size_rand_sinusoid-20260624-142357,TesolloCubePinch,TesolloCubePinch-20260624-145808-cubepinch_sb_baseline_s8,baseline,8,1,47,2.35,2.84548,1.38672,4.23219,3682863
pinch_sinusoid,pinch_sweep_size_rand_sinusoid-20260624-142357,TesolloCubePinch,TesolloCubePinch-20260624-145808-cubepinch_sb_baseline_s8,baseline,8,1,48,2.4,3.24352,1.68649,4.93001,3682863
pinch_sinusoid,pinch_sweep_size_rand_sinusoid-20260624-142357,TesolloCubePinch,TesolloCubePinch-20260624-145808-cubepinch_sb_baseline_s8,baseline,8,1,49,2.45,3.23954,1.9017,5.14124,3682863
pinch_sinusoid,pinch_sweep_size_rand_sinusoid-20260624-142357,TesolloCubePinch,TesolloCubePinch-20260624-145808-cubepinch_sb_baseline_s8,baseline,8,1,50,2.5,3.23372,2.0627,5.29642,3682863
pinch_sinusoid,pinch_sweep_size_rand_sinusoid-20260624-142357,TesolloCubePinch,TesolloCubePinch-20260624-145808-cubepinch_sb_baseline_s8,baseline,8,1,51,2.55,3.22722,1.7372,4.96442,3682863
pinch_sinusoid,pinch_sweep_size_rand_sinusoid-20260624-142357,TesolloCubePinch,TesolloCubePinch-20260624-145808-cubepinch_sb_baseline_s8,baseline,8,1,52,2.6,3.22043,1.78818,5.0086,3682863
pinch_sinusoid,pinch_sweep_size_rand_sinusoid-20260624-142357,TesolloCubePinch,TesolloCubePinch-20260624-145808-cubepinch_sb_baseline_s8,baseline,8,1,53,2.65,3.21349,1.7716,4.9851,3682863
pinch_sinusoid,pinch_sweep_size_rand_sinusoid-20260624-142357,TesolloCubePinch,TesolloCubePinch-20260624-145808-cubepinch_sb_baseline_s8,baseline,8,1,54,2.7,3.07965,1.767,4.84665,3682863
pinch_sinusoid,pinch_sweep_size_rand_sinusoid-20260624-142357,TesolloCubePinch,TesolloCubePinch-20260624-145808-cubepinch_sb_baseline_s8,baseline,8,1,55,2.75,3.08503,1.77665,4.86168,3682863
pinch_sinusoid,pinch_sweep_size_rand_sinusoid-20260624-142357,TesolloCubePinch,TesolloCubePinch-20260624-145808-cubepinch_sb_baseline_s8,baseline,8,1,56,2.8,2.89316,1.80108,4.69424,3682863
pinch_sinusoid,pinch_sweep_size_rand_sinusoid-20260624-142357,TesolloCubePinch,TesolloCubePinch-20260624-145808-cubepinch_sb_baseline_s8,baseline,8,1,57,2.85,3.02689,1.80016,4.82704,3682863
pinch_sinusoid,pinch_sweep_size_rand_sinusoid-20260624-142357,TesolloCubePinch,TesolloCubePinch-20260624-145808-cubepinch_sb_baseline_s8,baseline,8,1,58,2.9,2.65678,1.81985,4.47663,3682863
pinch_sinusoid,pinch_sweep_size_rand_sinusoid-20260624-142357,TesolloCubePinch,TesolloCubePinch-20260624-145808-cubepinch_sb_baseline_s8,baseline,8,1,59,2.95,2.50416,1.82535,4.32951,3682863
pinch_sinusoid,pinch_sweep_size_rand_sinusoid-20260624-142357,TesolloCubePinch,TesolloCubePinch-20260624-145808-cubepinch_sb_baseline_s8,baseline,8,1,60,3.0,2.46843,1.83168,4.30011,3682863
pinch_sinusoid,pinch_sweep_size_rand_sinusoid-20260624-142357,TesolloCubePinch,TesolloCubePinch-20260624-145808-cubepinch_sb_baseline_s8,baseline,8,1,61,3.05,2.35013,1.83589,4.18602,3682863
pinch_sinusoid,pinch_sweep_size_rand_sinusoid-20260624-142357,TesolloCubePinch,TesolloCubePinch-20260624-145808-cubepinch_sb_baseline_s8,baseline,8,1,62,3.1,2.15365,1.84088,3.99454,3682863
pinch_sinusoid,pinch_sweep_size_rand_sinusoid-20260624-142357,TesolloCubePinch,TesolloCubePinch-20260624-145808-cubepinch_sb_baseline_s8,baseline,8,1,63,3.15,2.02259,1.19635,3.21895,3682863
pinch_sinusoid,pinch_sweep_size_rand_sinusoid-20260624-142357,TesolloCubePinch,TesolloCubePinch-20260624-145808-cubepinch_sb_baseline_s8,baseline,8,1,64,3.2,1.9889,1.14746,3.13636,3682863
pinch_sinusoid,pinch_sweep_size_rand_sinusoid-20260624-142357,TesolloCubePinch,TesolloCubePinch-20260624-145808-cubepinch_sb_baseline_s8,baseline,8,1,65,3.25,2.00402,1.0069,3.01092,3682863
pinch_sinusoid,pinch_sweep_size_rand_sinusoid-20260624-142357,TesolloCubePinch,TesolloCubePinch-20260624-145808-cubepinch_sb_baseline_s8,baseline,8,1,66,3.3,1.99939,0.88223,2.88163,3682863
pinch_sinusoid,pinch_sweep_size_rand_sinusoid-20260624-142357,TesolloCubePinch,TesolloCubePinch-20260624-145808-cubepinch_sb_baseline_s8,baseline,8,1,67,3.35,2.02516,0.69889,2.72405,3682863
pinch_sinusoid,pinch_sweep_size_rand_sinusoid-20260624-142357,TesolloCubePinch,TesolloCubePinch-20260624-145808-cubepinch_sb_baseline_s8,baseline,8,1,68,3.4,2.05769,0.58052,2.63821,3682863
pinch_sinusoid,pinch_sweep_size_rand_sinusoid-20260624-142357,TesolloCubePinch,TesolloCubePinch-20260624-145808-cubepinch_sb_baseline_s8,baseline,8,1,69,3.45,2.09936,0.48981,2.58917,3682863
pinch_sinusoid,pinch_sweep_size_rand_sinusoid-20260624-142357,TesolloCubePinch,TesolloCubePinch-20260624-145808-cubepinch_sb_baseline_s8,baseline,8,1,70,3.5,2.14833,0.43526,2.58359,3682863
pinch_sinusoid,pinch_sweep_size_rand_sinusoid-20260624-142357,TesolloCubePinch,TesolloCubePinch-20260624-145808-cubepinch_sb_baseline_s8,baseline,8,1,71,3.55,2.20218,0.39274,2.59492,3682863
pinch_sinusoid,pinch_sweep_size_rand_sinusoid-20260624-142357,TesolloCubePinch,TesolloCubePinch-20260624-145808-cubepinch_sb_baseline_s8,baseline,8,1,72,3.6,2.25936,0.35556,2.61492,3682863
pinch_sinusoid,pinch_sweep_size_rand_sinusoid-20260624-142357,TesolloCubePinch,TesolloCubePinch-20260624-145808-cubepinch_sb_baseline_s8,baseline,8,1,73,3.65,2.31694,0.34402,2.66096,3682863
pinch_sinusoid,pinch_sweep_size_rand_sinusoid-20260624-142357,TesolloCubePinch,TesolloCubePinch-20260624-145808-cubepinch_sb_baseline_s8,baseline,8,1,74,3.7,2.37181,0.35226,2.72408,3682863
pinch_sinusoid,pinch_sweep_size_rand_sinusoid-20260624-142357,TesolloCubePinch,TesolloCubePinch-20260624-145808-cubepinch_sb_baseline_s8,baseline,8,1,75,3.75,2.42109,0.40441,2.8255,3682863
pinch_sinusoid,pinch_sweep_size_rand_sinusoid-20260624-142357,TesolloCubePinch,TesolloCubePinch-20260624-145808-cubepinch_sb_baseline_s8,baseline,8,1,76,3.8,2.46406,0.47823,2.94229,3682863
pinch_sinusoid,pinch_sweep_size_rand_sinusoid-20260624-142357,TesolloCubePinch,TesolloCubePinch-20260624-145808-cubepinch_sb_baseline_s8,baseline,8,1,77,3.85,2.5026,0.57509,3.0777,3682863
pinch_sinusoid,pinch_sweep_size_rand_sinusoid-20260624-142357,TesolloCubePinch,TesolloCubePinch-20260624-145808-cubepinch_sb_baseline_s8,baseline,8,1,78,3.9,3.54282,0.74633,4.28915,3682863
pinch_sinusoid,pinch_sweep_size_rand_sinusoid-20260624-142357,TesolloCubePinch,TesolloCubePinch-20260624-145808-cubepinch_sb_baseline_s8,baseline,8,1,79,3.95,3.30391,1.67481,4.97872,3682863
pinch_sinusoid,pinch_sweep_size_rand_sinusoid-20260624-142357,TesolloCubePinch,TesolloCubePinch-20260624-145808-cubepinch_sb_baseline_s8,baseline,8,2,0,0.0,0.0,0.0,0.0,3682863
pinch_sinusoid,pinch_sweep_size_rand_sinusoid-20260624-142357,TesolloCubePinch,TesolloCubePinch-20260624-145808-cubepinch_sb_baseline_s8,baseline,8,2,1,0.05,0.0,0.0,0.0,3682863
pinch_sinusoid,pinch_sweep_size_rand_sinusoid-20260624-142357,TesolloCubePinch,TesolloCubePinch-20260624-145808-cubepinch_sb_baseline_s8,baseline,8,2,2,0.1,0.0,0.0,0.0,3682863
pinch_sinusoid,pinch_sweep_size_rand_sinusoid-20260624-142357,TesolloCubePinch,TesolloCubePinch-20260624-145808-cubepinch_sb_baseline_s8,baseline,8,2,3,0.15,2.18929,0.0,2.18929,3682863
pinch_sinusoid,pinch_sweep_size_rand_sinusoid-20260624-142357,TesolloCubePinch,TesolloCubePinch-20260624-145808-cubepinch_sb_baseline_s8,baseline,8,2,4,0.2,2.61332,1.98608,4.59939,3682863
pinch_sinusoid,pinch_sweep_size_rand_sinusoid-20260624-142357,TesolloCubePinch,TesolloCubePinch-20260624-145808-cubepinch_sb_baseline_s8,baseline,8,2,5,0.25,0.0,0.0,0.0,3682863
pinch_sinusoid,pinch_sweep_size_rand_sinusoid-20260624-142357,TesolloCubePinch,TesolloCubePinch-20260624-145808-cubepinch_sb_baseline_s8,baseline,8,2,6,0.3,2.58248,2.52337,5.10584,3682863
pinch_sinusoid,pinch_sweep_size_rand_sinusoid-20260624-142357,TesolloCubePinch,TesolloCubePinch-20260624-145808-cubepinch_sb_baseline_s8,baseline,8,2,7,0.35,2.25115,2.21858,4.46974,3682863
pinch_sinusoid,pinch_sweep_size_rand_sinusoid-20260624-142357,TesolloCubePinch,TesolloCubePinch-20260624-145808-cubepinch_sb_baseline_s8,baseline,8,2,8,0.4,0.0,1.93447,1.93447,3682863
pinch_sinusoid,pinch_sweep_size_rand_sinusoid-20260624-142357,TesolloCubePinch,TesolloCubePinch-20260624-145808-cubepinch_sb_baseline_s8,baseline,8,2,9,0.45,0.0,1.85156,1.85156,3682863
pinch_sinusoid,pinch_sweep_size_rand_sinusoid-20260624-142357,TesolloCubePinch,TesolloCubePinch-20260624-145808-cubepinch_sb_baseline_s8,baseline,8,2,10,0.5,2.7776,1.67929,4.45688,3682863
pinch_sinusoid,pinch_sweep_size_rand_sinusoid-20260624-142357,TesolloCubePinch,TesolloCubePinch-20260624-145808-cubepinch_sb_baseline_s8,baseline,8,2,11,0.55,3.15808,1.87699,5.03507,3682863
pinch_sinusoid,pinch_sweep_size_rand_sinusoid-20260624-142357,TesolloCubePinch,TesolloCubePinch-20260624-145808-cubepinch_sb_baseline_s8,baseline,8,2,12,0.6,3.60454,1.6615,5.26604,3682863
pinch_sinusoid,pinch_sweep_size_rand_sinusoid-20260624-142357,TesolloCubePinch,TesolloCubePinch-20260624-145808-cubepinch_sb_baseline_s8,baseline,8,2,13,0.65,3.72127,0.0,3.72127,3682863
pinch_sinusoid,pinch_sweep_size_rand_sinusoid-20260624-142357,TesolloCubePinch,TesolloCubePinch-20260624-145808-cubepinch_sb_baseline_s8,baseline,8,2,14,0.7,3.17197,1.48682,4.65879,3682863
pinch_sinusoid,pinch_sweep_size_rand_sinusoid-20260624-142357,TesolloCubePinch,TesolloCubePinch-20260624-145808-cubepinch_sb_baseline_s8,baseline,8,2,15,0.75,2.81224,1.49742,4.30965,3682863
pinch_sinusoid,pinch_sweep_size_rand_sinusoid-20260624-142357,TesolloCubePinch,TesolloCubePinch-20260624-145808-cubepinch_sb_baseline_s8,baseline,8,2,16,0.8,2.50554,1.46207,3.96761,3682863
pinch_sinusoid,pinch_sweep_size_rand_sinusoid-20260624-142357,TesolloCubePinch,TesolloCubePinch-20260624-145808-cubepinch_sb_baseline_s8,baseline,8,2,17,0.85,2.33301,1.52171,3.85472,3682863
pinch_sinusoid,pinch_sweep_size_rand_sinusoid-20260624-142357,TesolloCubePinch,TesolloCubePinch-20260624-145808-cubepinch_sb_baseline_s8,baseline,8,2,18,0.9,2.46203,1.58893,4.05095,3682863
pinch_sinusoid,pinch_sweep_size_rand_sinusoid-20260624-142357,TesolloCubePinch,TesolloCubePinch-20260624-145808-cubepinch_sb_baseline_s8,baseline,8,2,19,0.95,2.20465,1.71559,3.92023,3682863
pinch_sinusoid,pinch_sweep_size_rand_sinusoid-20260624-142357,TesolloCubePinch,TesolloCubePinch-20260624-145808-cubepinch_sb_baseline_s8,baseline,8,2,20,1.0,2.92905,1.87009,4.79913,3682863
pinch_sinusoid,pinch_sweep_size_rand_sinusoid-20260624-142357,TesolloCubePinch,TesolloCubePinch-20260624-145808-cubepinch_sb_baseline_s8,baseline,8,2,21,1.05,2.96312,2.01432,4.97744,3682863
pinch_sinusoid,pinch_sweep_size_rand_sinusoid-20260624-142357,TesolloCubePinch,TesolloCubePinch-20260624-145808-cubepinch_sb_baseline_s8,baseline,8,2,22,1.1,2.93694,2.13724,5.07418,3682863
pinch_sinusoid,pinch_sweep_size_rand_sinusoid-20260624-142357,TesolloCubePinch,TesolloCubePinch-20260624-145808-cubepinch_sb_baseline_s8,baseline,8,2,23,1.15,2.88594,2.23894,5.12488,3682863
pinch_sinusoid,pinch_sweep_size_rand_sinusoid-20260624-142357,TesolloCubePinch,TesolloCubePinch-20260624-145808-cubepinch_sb_baseline_s8,baseline,8,2,24,1.2,2.84979,2.32641,5.17621,3682863
pinch_sinusoid,pinch_sweep_size_rand_sinusoid-20260624-142357,TesolloCubePinch,TesolloCubePinch-20260624-145808-cubepinch_sb_baseline_s8,baseline,8,2,25,1.25,2.84033,2.40459,5.24492,3682863
pinch_sinusoid,pinch_sweep_size_rand_sinusoid-20260624-142357,TesolloCubePinch,TesolloCubePinch-20260624-145808-cubepinch_sb_baseline_s8,baseline,8,2,26,1.3,2.77849,2.49088,5.26937,3682863
pinch_sinusoid,pinch_sweep_size_rand_sinusoid-20260624-142357,TesolloCubePinch,TesolloCubePinch-20260624-145808-cubepinch_sb_baseline_s8,baseline,8,2,27,1.35,2.68319,2.41767,5.10087,3682863
pinch_sinusoid,pinch_sweep_size_rand_sinusoid-20260624-142357,TesolloCubePinch,TesolloCubePinch-20260624-145808-cubepinch_sb_baseline_s8,baseline,8,2,28,1.4,2.64317,2.00428,4.64745,3682863
pinch_sinusoid,pinch_sweep_size_rand_sinusoid-20260624-142357,TesolloCubePinch,TesolloCubePinch-20260624-145808-cubepinch_sb_baseline_s8,baseline,8,2,29,1.45,2.70659,2.03508,4.74166,3682863
pinch_sinusoid,pinch_sweep_size_rand_sinusoid-20260624-142357,TesolloCubePinch,TesolloCubePinch-20260624-145808-cubepinch_sb_baseline_s8,baseline,8,2,30,1.5,2.70055,1.90962,4.61017,3682863
pinch_sinusoid,pinch_sweep_size_rand_sinusoid-20260624-142357,TesolloCubePinch,TesolloCubePinch-20260624-145808-cubepinch_sb_baseline_s8,baseline,8,2,31,1.55,2.65913,1.88882,4.54795,3682863
pinch_sinusoid,pinch_sweep_size_rand_sinusoid-20260624-142357,TesolloCubePinch,TesolloCubePinch-20260624-145808-cubepinch_sb_baseline_s8,baseline,8,2,32,1.6,2.55591,1.8772,4.43311,3682863
pinch_sinusoid,pinch_sweep_size_rand_sinusoid-20260624-142357,TesolloCubePinch,TesolloCubePinch-20260624-145808-cubepinch_sb_baseline_s8,baseline,8,2,33,1.65,2.39652,1.87126,4.26778,3682863
pinch_sinusoid,pinch_sweep_size_rand_sinusoid-20260624-142357,TesolloCubePinch,TesolloCubePinch-20260624-145808-cubepinch_sb_baseline_s8,baseline,8,2,34,1.7,2.19826,1.86792,4.06618,3682863
pinch_sinusoid,pinch_sweep_size_rand_sinusoid-20260624-142357,TesolloCubePinch,TesolloCubePinch-20260624-145808-cubepinch_sb_baseline_s8,baseline,8,2,35,1.75,2.07865,1.8654,3.94406,3682863
pinch_sinusoid,pinch_sweep_size_rand_sinusoid-20260624-142357,TesolloCubePinch,TesolloCubePinch-20260624-145808-cubepinch_sb_baseline_s8,baseline,8,2,36,1.8,1.94028,1.33132,3.2716,3682863
pinch_sinusoid,pinch_sweep_size_rand_sinusoid-20260624-142357,TesolloCubePinch,TesolloCubePinch-20260624-145808-cubepinch_sb_baseline_s8,baseline,8,2,37,1.85,1.86678,1.10763,2.97442,3682863
pinch_sinusoid,pinch_sweep_size_rand_sinusoid-20260624-142357,TesolloCubePinch,TesolloCubePinch-20260624-145808-cubepinch_sb_baseline_s8,baseline,8,2,38,1.9,1.86989,1.09535,2.96524,3682863
pinch_sinusoid,pinch_sweep_size_rand_sinusoid-20260624-142357,TesolloCubePinch,TesolloCubePinch-20260624-145808-cubepinch_sb_baseline_s8,baseline,8,2,39,1.95,1.84451,0.99256,2.83706,3682863
pinch_sinusoid,pinch_sweep_size_rand_sinusoid-20260624-142357,TesolloCubePinch,TesolloCubePinch-20260624-145808-cubepinch_sb_baseline_s8,baseline,8,2,40,2.0,1.87581,0.79263,2.66844,3682863
pinch_sinusoid,pinch_sweep_size_rand_sinusoid-20260624-142357,TesolloCubePinch,TesolloCubePinch-20260624-145808-cubepinch_sb_baseline_s8,baseline,8,2,41,2.05,1.91203,0.65265,2.56468,3682863
pinch_sinusoid,pinch_sweep_size_rand_sinusoid-20260624-142357,TesolloCubePinch,TesolloCubePinch-20260624-145808-cubepinch_sb_baseline_s8,baseline,8,2,42,2.1,1.9585,0.55918,2.51768,3682863
pinch_sinusoid,pinch_sweep_size_rand_sinusoid-20260624-142357,TesolloCubePinch,TesolloCubePinch-20260624-145808-cubepinch_sb_baseline_s8,baseline,8,2,43,2.15,2.01255,0.48541,2.49796,3682863
pinch_sinusoid,pinch_sweep_size_rand_sinusoid-20260624-142357,TesolloCubePinch,TesolloCubePinch-20260624-145808-cubepinch_sb_baseline_s8,baseline,8,2,44,2.2,2.07333,0.437,2.51032,3682863
pinch_sinusoid,pinch_sweep_size_rand_sinusoid-20260624-142357,TesolloCubePinch,TesolloCubePinch-20260624-145808-cubepinch_sb_baseline_s8,baseline,8,2,45,2.25,2.1379,0.40148,2.53938,3682863
pinch_sinusoid,pinch_sweep_size_rand_sinusoid-20260624-142357,TesolloCubePinch,TesolloCubePinch-20260624-145808-cubepinch_sb_baseline_s8,baseline,8,2,46,2.3,2.20404,0.37305,2.57709,3682863
pinch_sinusoid,pinch_sweep_size_rand_sinusoid-20260624-142357,TesolloCubePinch,TesolloCubePinch-20260624-145808-cubepinch_sb_baseline_s8,baseline,8,2,47,2.35,2.26769,0.37938,2.64707,3682863
pinch_sinusoid,pinch_sweep_size_rand_sinusoid-20260624-142357,TesolloCubePinch,TesolloCubePinch-20260624-145808-cubepinch_sb_baseline_s8,baseline,8,2,48,2.4,2.32512,0.42979,2.75491,3682863
pinch_sinusoid,pinch_sweep_size_rand_sinusoid-20260624-142357,TesolloCubePinch,TesolloCubePinch-20260624-145808-cubepinch_sb_baseline_s8,baseline,8,2,49,2.45,2.37567,0.4936,2.86927,3682863
pinch_sinusoid,pinch_sweep_size_rand_sinusoid-20260624-142357,TesolloCubePinch,TesolloCubePinch-20260624-145808-cubepinch_sb_baseline_s8,baseline,8,2,50,2.5,2.42129,0.58842,3.0097,3682863
pinch_sinusoid,pinch_sweep_size_rand_sinusoid-20260624-142357,TesolloCubePinch,TesolloCubePinch-20260624-145808-cubepinch_sb_baseline_s8,baseline,8,2,51,2.55,3.4367,0.0,3.4367,3682863
pinch_sinusoid,pinch_sweep_size_rand_sinusoid-20260624-142357,TesolloCubePinch,TesolloCubePinch-20260624-145808-cubepinch_sb_baseline_s8,baseline,8,2,52,2.6,3.03793,1.49073,4.52867,3682863
pinch_sinusoid,pinch_sweep_size_rand_sinusoid-20260624-142357,TesolloCubePinch,TesolloCubePinch-20260624-145808-cubepinch_sb_baseline_s8,baseline,8,2,53,2.65,3.45609,2.1879,5.64399,3682863
pinch_sinusoid,pinch_sweep_size_rand_sinusoid-20260624-142357,TesolloCubePinch,TesolloCubePinch-20260624-145808-cubepinch_sb_baseline_s8,baseline,8,2,54,2.7,3.88981,1.52388,5.41369,3682863
pinch_sinusoid,pinch_sweep_size_rand_sinusoid-20260624-142357,TesolloCubePinch,TesolloCubePinch-20260624-145808-cubepinch_sb_baseline_s8,baseline,8,2,55,2.75,3.83273,1.26465,5.09737,3682863
pinch_sinusoid,pinch_sweep_size_rand_sinusoid-20260624-142357,TesolloCubePinch,TesolloCubePinch-20260624-145808-cubepinch_sb_baseline_s8,baseline,8,2,56,2.8,3.64625,1.13989,4.78614,3682863
pinch_sinusoid,pinch_sweep_size_rand_sinusoid-20260624-142357,TesolloCubePinch,TesolloCubePinch-20260624-145808-cubepinch_sb_baseline_s8,baseline,8,2,57,2.85,3.57619,1.09302,4.66921,3682863
pinch_sinusoid,pinch_sweep_size_rand_sinusoid-20260624-142357,TesolloCubePinch,TesolloCubePinch-20260624-145808-cubepinch_sb_baseline_s8,baseline,8,2,58,2.9,3.59173,1.10296,4.69469,3682863
pinch_sinusoid,pinch_sweep_size_rand_sinusoid-20260624-142357,TesolloCubePinch,TesolloCubePinch-20260624-145808-cubepinch_sb_baseline_s8,baseline,8,2,59,2.95,3.62993,1.25653,4.88646,3682863
pinch_sinusoid,pinch_sweep_size_rand_sinusoid-20260624-142357,TesolloCubePinch,TesolloCubePinch-20260624-145808-cubepinch_sb_baseline_s8,baseline,8,2,60,3.0,3.0705,1.49898,4.56948,3682863
pinch_sinusoid,pinch_sweep_size_rand_sinusoid-20260624-142357,TesolloCubePinch,TesolloCubePinch-20260624-145808-cubepinch_sb_baseline_s8,baseline,8,2,61,3.05,3.22353,1.75031,4.97384,3682863
pinch_sinusoid,pinch_sweep_size_rand_sinusoid-20260624-142357,TesolloCubePinch,TesolloCubePinch-20260624-145808-cubepinch_sb_baseline_s8,baseline,8,2,62,3.1,3.2157,1.93812,5.15382,3682863
pinch_sinusoid,pinch_sweep_size_rand_sinusoid-20260624-142357,TesolloCubePinch,TesolloCubePinch-20260624-145808-cubepinch_sb_baseline_s8,baseline,8,2,63,3.15,3.20818,2.08482,5.293,3682863
pinch_sinusoid,pinch_sweep_size_rand_sinusoid-20260624-142357,TesolloCubePinch,TesolloCubePinch-20260624-145808-cubepinch_sb_baseline_s8,baseline,8,2,64,3.2,3.20074,2.19884,5.39958,3682863
pinch_sinusoid,pinch_sweep_size_rand_sinusoid-20260624-142357,TesolloCubePinch,TesolloCubePinch-20260624-145808-cubepinch_sb_baseline_s8,baseline,8,2,65,3.25,3.19618,1.71738,4.91355,3682863
pinch_sinusoid,pinch_sweep_size_rand_sinusoid-20260624-142357,TesolloCubePinch,TesolloCubePinch-20260624-145808-cubepinch_sb_baseline_s8,baseline,8,2,66,3.3,3.06925,1.89635,4.9656,3682863
pinch_sinusoid,pinch_sweep_size_rand_sinusoid-20260624-142357,TesolloCubePinch,TesolloCubePinch-20260624-145808-cubepinch_sb_baseline_s8,baseline,8,2,67,3.35,3.07347,1.81359,4.88706,3682863
pinch_sinusoid,pinch_sweep_size_rand_sinusoid-20260624-142357,TesolloCubePinch,TesolloCubePinch-20260624-145808-cubepinch_sb_baseline_s8,baseline,8,2,68,3.4,3.01188,1.79998,4.81185,3682863
pinch_sinusoid,pinch_sweep_size_rand_sinusoid-20260624-142357,TesolloCubePinch,TesolloCubePinch-20260624-145808-cubepinch_sb_baseline_s8,baseline,8,2,69,3.45,2.83871,1.80483,4.64354,3682863
pinch_sinusoid,pinch_sweep_size_rand_sinusoid-20260624-142357,TesolloCubePinch,TesolloCubePinch-20260624-145808-cubepinch_sb_baseline_s8,baseline,8,2,70,3.5,2.96204,1.81547,4.77751,3682863
pinch_sinusoid,pinch_sweep_size_rand_sinusoid-20260624-142357,TesolloCubePinch,TesolloCubePinch-20260624-145808-cubepinch_sb_baseline_s8,baseline,8,2,71,3.55,2.62593,1.8277,4.45363,3682863
pinch_sinusoid,pinch_sweep_size_rand_sinusoid-20260624-142357,TesolloCubePinch,TesolloCubePinch-20260624-145808-cubepinch_sb_baseline_s8,baseline,8,2,72,3.6,2.47984,1.82969,4.30953,3682863
pinch_sinusoid,pinch_sweep_size_rand_sinusoid-20260624-142357,TesolloCubePinch,TesolloCubePinch-20260624-145808-cubepinch_sb_baseline_s8,baseline,8,2,73,3.65,2.45227,1.83309,4.28536,3682863
pinch_sinusoid,pinch_sweep_size_rand_sinusoid-20260624-142357,TesolloCubePinch,TesolloCubePinch-20260624-145808-cubepinch_sb_baseline_s8,baseline,8,2,74,3.7,2.33556,1.8375,4.17306,3682863
pinch_sinusoid,pinch_sweep_size_rand_sinusoid-20260624-142357,TesolloCubePinch,TesolloCubePinch-20260624-145808-cubepinch_sb_baseline_s8,baseline,8,2,75,3.75,2.14301,1.84284,3.98584,3682863
pinch_sinusoid,pinch_sweep_size_rand_sinusoid-20260624-142357,TesolloCubePinch,TesolloCubePinch-20260624-145808-cubepinch_sb_baseline_s8,baseline,8,2,76,3.8,2.01216,1.27672,3.28888,3682863
pinch_sinusoid,pinch_sweep_size_rand_sinusoid-20260624-142357,TesolloCubePinch,TesolloCubePinch-20260624-145808-cubepinch_sb_baseline_s8,baseline,8,2,77,3.85,1.96632,1.14372,3.11004,3682863
pinch_sinusoid,pinch_sweep_size_rand_sinusoid-20260624-142357,TesolloCubePinch,TesolloCubePinch-20260624-145808-cubepinch_sb_baseline_s8,baseline,8,2,78,3.9,1.98501,1.03641,3.02142,3682863
pinch_sinusoid,pinch_sweep_size_rand_sinusoid-20260624-142357,TesolloCubePinch,TesolloCubePinch-20260624-145808-cubepinch_sb_baseline_s8,baseline,8,2,79,3.95,1.97206,0.92032,2.89238,3682863
pinch_sinusoid,pinch_sweep_size_rand_sinusoid-20260624-142357,TesolloCubePinch,TesolloCubePinch-20260624-145808-cubepinch_sb_baseline_s8,baseline,8,3,0,0.0,0.0,0.0,0.0,3682863
pinch_sinusoid,pinch_sweep_size_rand_sinusoid-20260624-142357,TesolloCubePinch,TesolloCubePinch-20260624-145808-cubepinch_sb_baseline_s8,baseline,8,3,1,0.05,0.0,0.0,0.0,3682863
pinch_sinusoid,pinch_sweep_size_rand_sinusoid-20260624-142357,TesolloCubePinch,TesolloCubePinch-20260624-145808-cubepinch_sb_baseline_s8,baseline,8,3,2,0.1,0.0,0.0,0.0,3682863
pinch_sinusoid,pinch_sweep_size_rand_sinusoid-20260624-142357,TesolloCubePinch,TesolloCubePinch-20260624-145808-cubepinch_sb_baseline_s8,baseline,8,3,3,0.15,0.0,0.0,0.0,3682863
pinch_sinusoid,pinch_sweep_size_rand_sinusoid-20260624-142357,TesolloCubePinch,TesolloCubePinch-20260624-145808-cubepinch_sb_baseline_s8,baseline,8,3,4,0.2,0.0,2.04945,2.04945,3682863
pinch_sinusoid,pinch_sweep_size_rand_sinusoid-20260624-142357,TesolloCubePinch,TesolloCubePinch-20260624-145808-cubepinch_sb_baseline_s8,baseline,8,3,5,0.25,2.64728,0.0,2.64728,3682863
pinch_sinusoid,pinch_sweep_size_rand_sinusoid-20260624-142357,TesolloCubePinch,TesolloCubePinch-20260624-145808-cubepinch_sb_baseline_s8,baseline,8,3,6,0.3,0.0,1.67979,1.67979,3682863
pinch_sinusoid,pinch_sweep_size_rand_sinusoid-20260624-142357,TesolloCubePinch,TesolloCubePinch-20260624-145808-cubepinch_sb_baseline_s8,baseline,8,3,7,0.35,2.29396,1.87748,4.17144,3682863
pinch_sinusoid,pinch_sweep_size_rand_sinusoid-20260624-142357,TesolloCubePinch,TesolloCubePinch-20260624-145808-cubepinch_sb_baseline_s8,baseline,8,3,8,0.4,2.6963,0.0,2.6963,3682863
pinch_sinusoid,pinch_sweep_size_rand_sinusoid-20260624-142357,TesolloCubePinch,TesolloCubePinch-20260624-145808-cubepinch_sb_baseline_s8,baseline,8,3,9,0.45,2.90796,1.77496,4.68292,3682863
pinch_sinusoid,pinch_sweep_size_rand_sinusoid-20260624-142357,TesolloCubePinch,TesolloCubePinch-20260624-145808-cubepinch_sb_baseline_s8,baseline,8,3,10,0.5,2.93627,2.12311,5.05937,3682863
pinch_sinusoid,pinch_sweep_size_rand_sinusoid-20260624-142357,TesolloCubePinch,TesolloCubePinch-20260624-145808-cubepinch_sb_baseline_s8,baseline,8,3,11,0.55,3.07494,1.98972,5.06465,3682863
pinch_sinusoid,pinch_sweep_size_rand_sinusoid-20260624-142357,TesolloCubePinch,TesolloCubePinch-20260624-145808-cubepinch_sb_baseline_s8,baseline,8,3,12,0.6,4.35398,2.36274,6.71673,3682863
pinch_sinusoid,pinch_sweep_size_rand_sinusoid-20260624-142357,TesolloCubePinch,TesolloCubePinch-20260624-145808-cubepinch_sb_baseline_s8,baseline,8,3,13,0.65,3.78423,2.52609,6.31032,3682863
pinch_sinusoid,pinch_sweep_size_rand_sinusoid-20260624-142357,TesolloCubePinch,TesolloCubePinch-20260624-145808-cubepinch_sb_baseline_s8,baseline,8,3,14,0.7,3.4384,2.53174,5.97015,3682863
pinch_sinusoid,pinch_sweep_size_rand_sinusoid-20260624-142357,TesolloCubePinch,TesolloCubePinch-20260624-145808-cubepinch_sb_baseline_s8,baseline,8,3,15,0.75,3.71615,2.42774,6.14389,3682863
pinch_sinusoid,pinch_sweep_size_rand_sinusoid-20260624-142357,TesolloCubePinch,TesolloCubePinch-20260624-145808-cubepinch_sb_baseline_s8,baseline,8,3,16,0.8,3.62415,2.14491,5.76906,3682863
pinch_sinusoid,pinch_sweep_size_rand_sinusoid-20260624-142357,TesolloCubePinch,TesolloCubePinch-20260624-145808-cubepinch_sb_baseline_s8,baseline,8,3,17,0.85,3.38161,1.8609,5.24251,3682863
pinch_sinusoid,pinch_sweep_size_rand_sinusoid-20260624-142357,TesolloCubePinch,TesolloCubePinch-20260624-145808-cubepinch_sb_baseline_s8,baseline,8,3,18,0.9,3.02781,1.79744,4.82524,3682863
pinch_sinusoid,pinch_sweep_size_rand_sinusoid-20260624-142357,TesolloCubePinch,TesolloCubePinch-20260624-145808-cubepinch_sb_baseline_s8,baseline,8,3,19,0.95,2.60131,1.75029,4.3516,3682863
pinch_sinusoid,pinch_sweep_size_rand_sinusoid-20260624-142357,TesolloCubePinch,TesolloCubePinch-20260624-145808-cubepinch_sb_baseline_s8,baseline,8,3,20,1.0,2.1501,1.6287,3.77879,3682863
pinch_sinusoid,pinch_sweep_size_rand_sinusoid-20260624-142357,TesolloCubePinch,TesolloCubePinch-20260624-145808-cubepinch_sb_baseline_s8,baseline,8,3,21,1.05,1.74784,1.59234,3.34017,3682863
pinch_sinusoid,pinch_sweep_size_rand_sinusoid-20260624-142357,TesolloCubePinch,TesolloCubePinch-20260624-145808-cubepinch_sb_baseline_s8,baseline,8,3,22,1.1,1.42772,1.864,3.29173,3682863
pinch_sinusoid,pinch_sweep_size_rand_sinusoid-20260624-142357,TesolloCubePinch,TesolloCubePinch-20260624-145808-cubepinch_sb_baseline_s8,baseline,8,3,23,1.15,1.24267,1.62334,2.86601,3682863
pinch_sinusoid,pinch_sweep_size_rand_sinusoid-20260624-142357,TesolloCubePinch,TesolloCubePinch-20260624-145808-cubepinch_sb_baseline_s8,baseline,8,3,24,1.2,1.30345,1.54123,2.84469,3682863
pinch_sinusoid,pinch_sweep_size_rand_sinusoid-20260624-142357,TesolloCubePinch,TesolloCubePinch-20260624-145808-cubepinch_sb_baseline_s8,baseline,8,3,25,1.25,1.4647,1.69354,3.15824,3682863
pinch_sinusoid,pinch_sweep_size_rand_sinusoid-20260624-142357,TesolloCubePinch,TesolloCubePinch-20260624-145808-cubepinch_sb_baseline_s8,baseline,8,3,26,1.3,1.51105,1.62874,3.13979,3682863
pinch_sinusoid,pinch_sweep_size_rand_sinusoid-20260624-142357,TesolloCubePinch,TesolloCubePinch-20260624-145808-cubepinch_sb_baseline_s8,baseline,8,3,27,1.35,1.87782,1.60856,3.48637,3682863
pinch_sinusoid,pinch_sweep_size_rand_sinusoid-20260624-142357,TesolloCubePinch,TesolloCubePinch-20260624-145808-cubepinch_sb_baseline_s8,baseline,8,3,28,1.4,2.03371,1.61098,3.64468,3682863
pinch_sinusoid,pinch_sweep_size_rand_sinusoid-20260624-142357,TesolloCubePinch,TesolloCubePinch-20260624-145808-cubepinch_sb_baseline_s8,baseline,8,3,29,1.45,2.12456,1.65897,3.78354,3682863
pinch_sinusoid,pinch_sweep_size_rand_sinusoid-20260624-142357,TesolloCubePinch,TesolloCubePinch-20260624-145808-cubepinch_sb_baseline_s8,baseline,8,3,30,1.5,2.33416,1.75407,4.08823,3682863
pinch_sinusoid,pinch_sweep_size_rand_sinusoid-20260624-142357,TesolloCubePinch,TesolloCubePinch-20260624-145808-cubepinch_sb_baseline_s8,baseline,8,3,31,1.55,2.55994,1.87692,4.43686,3682863
pinch_sinusoid,pinch_sweep_size_rand_sinusoid-20260624-142357,TesolloCubePinch,TesolloCubePinch-20260624-145808-cubepinch_sb_baseline_s8,baseline,8,3,32,1.6,2.13595,2.00602,4.14196,3682863
pinch_sinusoid,pinch_sweep_size_rand_sinusoid-20260624-142357,TesolloCubePinch,TesolloCubePinch-20260624-145808-cubepinch_sb_baseline_s8,baseline,8,3,33,1.65,2.87799,2.12888,5.00687,3682863
pinch_sinusoid,pinch_sweep_size_rand_sinusoid-20260624-142357,TesolloCubePinch,TesolloCubePinch-20260624-145808-cubepinch_sb_baseline_s8,baseline,8,3,34,1.7,2.91016,2.23644,5.1466,3682863
pinch_sinusoid,pinch_sweep_size_rand_sinusoid-20260624-142357,TesolloCubePinch,TesolloCubePinch-20260624-145808-cubepinch_sb_baseline_s8,baseline,8,3,35,1.75,2.91577,2.32326,5.23903,3682863
pinch_sinusoid,pinch_sweep_size_rand_sinusoid-20260624-142357,TesolloCubePinch,TesolloCubePinch-20260624-145808-cubepinch_sb_baseline_s8,baseline,8,3,36,1.8,2.81311,2.40526,5.21838,3682863
pinch_sinusoid,pinch_sweep_size_rand_sinusoid-20260624-142357,TesolloCubePinch,TesolloCubePinch-20260624-145808-cubepinch_sb_baseline_s8,baseline,8,3,37,1.85,2.78216,2.50516,5.28732,3682863
pinch_sinusoid,pinch_sweep_size_rand_sinusoid-20260624-142357,TesolloCubePinch,TesolloCubePinch-20260624-145808-cubepinch_sb_baseline_s8,baseline,8,3,38,1.9,2.77714,2.60814,5.38528,3682863
pinch_sinusoid,pinch_sweep_size_rand_sinusoid-20260624-142357,TesolloCubePinch,TesolloCubePinch-20260624-145808-cubepinch_sb_baseline_s8,baseline,8,3,39,1.95,2.72681,2.42675,5.15355,3682863
pinch_sinusoid,pinch_sweep_size_rand_sinusoid-20260624-142357,TesolloCubePinch,TesolloCubePinch-20260624-145808-cubepinch_sb_baseline_s8,baseline,8,3,40,2.0,2.69727,2.15715,4.85442,3682863
pinch_sinusoid,pinch_sweep_size_rand_sinusoid-20260624-142357,TesolloCubePinch,TesolloCubePinch-20260624-145808-cubepinch_sb_baseline_s8,baseline,8,3,41,2.05,2.71809,2.07067,4.78876,3682863
pinch_sinusoid,pinch_sweep_size_rand_sinusoid-20260624-142357,TesolloCubePinch,TesolloCubePinch-20260624-145808-cubepinch_sb_baseline_s8,baseline,8,3,42,2.1,2.69562,1.95868,4.6543,3682863
pinch_sinusoid,pinch_sweep_size_rand_sinusoid-20260624-142357,TesolloCubePinch,TesolloCubePinch-20260624-145808-cubepinch_sb_baseline_s8,baseline,8,3,43,2.15,2.64648,1.91958,4.56606,3682863
pinch_sinusoid,pinch_sweep_size_rand_sinusoid-20260624-142357,TesolloCubePinch,TesolloCubePinch-20260624-145808-cubepinch_sb_baseline_s8,baseline,8,3,44,2.2,2.57872,1.90246,4.48119,3682863
pinch_sinusoid,pinch_sweep_size_rand_sinusoid-20260624-142357,TesolloCubePinch,TesolloCubePinch-20260624-145808-cubepinch_sb_baseline_s8,baseline,8,3,45,2.25,2.44798,1.89067,4.33865,3682863
pinch_sinusoid,pinch_sweep_size_rand_sinusoid-20260624-142357,TesolloCubePinch,TesolloCubePinch-20260624-145808-cubepinch_sb_baseline_s8,baseline,8,3,46,2.3,2.19315,1.88396,4.07711,3682863
pinch_sinusoid,pinch_sweep_size_rand_sinusoid-20260624-142357,TesolloCubePinch,TesolloCubePinch-20260624-145808-cubepinch_sb_baseline_s8,baseline,8,3,47,2.35,2.08142,1.87752,3.95893,3682863
pinch_sinusoid,pinch_sweep_size_rand_sinusoid-20260624-142357,TesolloCubePinch,TesolloCubePinch-20260624-145808-cubepinch_sb_baseline_s8,baseline,8,3,48,2.4,1.93994,1.39465,3.33459,3682863
pinch_sinusoid,pinch_sweep_size_rand_sinusoid-20260624-142357,TesolloCubePinch,TesolloCubePinch-20260624-145808-cubepinch_sb_baseline_s8,baseline,8,3,49,2.45,1.84767,1.08192,2.9296,3682863
pinch_sinusoid,pinch_sweep_size_rand_sinusoid-20260624-142357,TesolloCubePinch,TesolloCubePinch-20260624-145808-cubepinch_sb_baseline_s8,baseline,8,3,50,2.5,1.84476,1.12062,2.96538,3682863
pinch_sinusoid,pinch_sweep_size_rand_sinusoid-20260624-142357,TesolloCubePinch,TesolloCubePinch-20260624-145808-cubepinch_sb_baseline_s8,baseline,8,3,51,2.55,1.82754,1.03604,2.86357,3682863
pinch_sinusoid,pinch_sweep_size_rand_sinusoid-20260624-142357,TesolloCubePinch,TesolloCubePinch-20260624-145808-cubepinch_sb_baseline_s8,baseline,8,3,52,2.6,1.85977,0.83591,2.69567,3682863
pinch_sinusoid,pinch_sweep_size_rand_sinusoid-20260624-142357,TesolloCubePinch,TesolloCubePinch-20260624-145808-cubepinch_sb_baseline_s8,baseline,8,3,53,2.65,1.89279,0.68313,2.57591,3682863
pinch_sinusoid,pinch_sweep_size_rand_sinusoid-20260624-142357,TesolloCubePinch,TesolloCubePinch-20260624-145808-cubepinch_sb_baseline_s8,baseline,8,3,54,2.7,1.93663,0.58232,2.51895,3682863
pinch_sinusoid,pinch_sweep_size_rand_sinusoid-20260624-142357,TesolloCubePinch,TesolloCubePinch-20260624-145808-cubepinch_sb_baseline_s8,baseline,8,3,55,2.75,1.98823,0.50619,2.49441,3682863
pinch_sinusoid,pinch_sweep_size_rand_sinusoid-20260624-142357,TesolloCubePinch,TesolloCubePinch-20260624-145808-cubepinch_sb_baseline_s8,baseline,8,3,56,2.8,2.04702,0.44521,2.49223,3682863
pinch_sinusoid,pinch_sweep_size_rand_sinusoid-20260624-142357,TesolloCubePinch,TesolloCubePinch-20260624-145808-cubepinch_sb_baseline_s8,baseline,8,3,57,2.85,2.11074,0.4088,2.51954,3682863
pinch_sinusoid,pinch_sweep_size_rand_sinusoid-20260624-142357,TesolloCubePinch,TesolloCubePinch-20260624-145808-cubepinch_sb_baseline_s8,baseline,8,3,58,2.9,2.17617,0.38659,2.56276,3682863
pinch_sinusoid,pinch_sweep_size_rand_sinusoid-20260624-142357,TesolloCubePinch,TesolloCubePinch-20260624-145808-cubepinch_sb_baseline_s8,baseline,8,3,59,2.95,2.23975,0.40183,2.64158,3682863
pinch_sinusoid,pinch_sweep_size_rand_sinusoid-20260624-142357,TesolloCubePinch,TesolloCubePinch-20260624-145808-cubepinch_sb_baseline_s8,baseline,8,3,60,3.0,2.29781,0.4376,2.73541,3682863
pinch_sinusoid,pinch_sweep_size_rand_sinusoid-20260624-142357,TesolloCubePinch,TesolloCubePinch-20260624-145808-cubepinch_sb_baseline_s8,baseline,8,3,61,3.05,2.34902,0.4956,2.84462,3682863
pinch_sinusoid,pinch_sweep_size_rand_sinusoid-20260624-142357,TesolloCubePinch,TesolloCubePinch-20260624-145808-cubepinch_sb_baseline_s8,baseline,8,3,62,3.1,2.39568,0.5749,2.97058,3682863
pinch_sinusoid,pinch_sweep_size_rand_sinusoid-20260624-142357,TesolloCubePinch,TesolloCubePinch-20260624-145808-cubepinch_sb_baseline_s8,baseline,8,3,63,3.15,3.56924,0.72419,4.29343,3682863
pinch_sinusoid,pinch_sweep_size_rand_sinusoid-20260624-142357,TesolloCubePinch,TesolloCubePinch-20260624-145808-cubepinch_sb_baseline_s8,baseline,8,3,64,3.2,3.02981,0.0,3.02981,3682863
pinch_sinusoid,pinch_sweep_size_rand_sinusoid-20260624-142357,TesolloCubePinch,TesolloCubePinch-20260624-145808-cubepinch_sb_baseline_s8,baseline,8,3,65,3.25,3.50658,2.46854,5.97512,3682863
pinch_sinusoid,pinch_sweep_size_rand_sinusoid-20260624-142357,TesolloCubePinch,TesolloCubePinch-20260624-145808-cubepinch_sb_baseline_s8,baseline,8,3,66,3.3,3.90508,1.60372,5.50881,3682863
pinch_sinusoid,pinch_sweep_size_rand_sinusoid-20260624-142357,TesolloCubePinch,TesolloCubePinch-20260624-145808-cubepinch_sb_baseline_s8,baseline,8,3,67,3.35,3.75777,1.29622,5.05399,3682863
pinch_sinusoid,pinch_sweep_size_rand_sinusoid-20260624-142357,TesolloCubePinch,TesolloCubePinch-20260624-145808-cubepinch_sb_baseline_s8,baseline,8,3,68,3.4,3.60399,1.1619,4.76589,3682863
pinch_sinusoid,pinch_sweep_size_rand_sinusoid-20260624-142357,TesolloCubePinch,TesolloCubePinch-20260624-145808-cubepinch_sb_baseline_s8,baseline,8,3,69,3.45,3.56359,1.10899,4.67258,3682863
pinch_sinusoid,pinch_sweep_size_rand_sinusoid-20260624-142357,TesolloCubePinch,TesolloCubePinch-20260624-145808-cubepinch_sb_baseline_s8,baseline,8,3,70,3.5,3.58837,1.11315,4.70152,3682863
pinch_sinusoid,pinch_sweep_size_rand_sinusoid-20260624-142357,TesolloCubePinch,TesolloCubePinch-20260624-145808-cubepinch_sb_baseline_s8,baseline,8,3,71,3.55,3.62674,1.25992,4.88666,3682863
pinch_sinusoid,pinch_sweep_size_rand_sinusoid-20260624-142357,TesolloCubePinch,TesolloCubePinch-20260624-145808-cubepinch_sb_baseline_s8,baseline,8,3,72,3.6,3.07872,1.49533,4.57405,3682863
pinch_sinusoid,pinch_sweep_size_rand_sinusoid-20260624-142357,TesolloCubePinch,TesolloCubePinch-20260624-145808-cubepinch_sb_baseline_s8,baseline,8,3,73,3.65,3.22191,1.74014,4.96206,3682863
pinch_sinusoid,pinch_sweep_size_rand_sinusoid-20260624-142357,TesolloCubePinch,TesolloCubePinch-20260624-145808-cubepinch_sb_baseline_s8,baseline,8,3,74,3.7,3.2137,1.92908,5.14278,3682863
pinch_sinusoid,pinch_sweep_size_rand_sinusoid-20260624-142357,TesolloCubePinch,TesolloCubePinch-20260624-145808-cubepinch_sb_baseline_s8,baseline,8,3,75,3.75,3.20595,2.07733,5.28328,3682863
pinch_sinusoid,pinch_sweep_size_rand_sinusoid-20260624-142357,TesolloCubePinch,TesolloCubePinch-20260624-145808-cubepinch_sb_baseline_s8,baseline,8,3,76,3.8,3.19867,2.19297,5.39165,3682863
pinch_sinusoid,pinch_sweep_size_rand_sinusoid-20260624-142357,TesolloCubePinch,TesolloCubePinch-20260624-145808-cubepinch_sb_baseline_s8,baseline,8,3,77,3.85,3.17674,1.82284,4.99959,3682863
pinch_sinusoid,pinch_sweep_size_rand_sinusoid-20260624-142357,TesolloCubePinch,TesolloCubePinch-20260624-145808-cubepinch_sb_baseline_s8,baseline,8,3,78,3.9,3.06843,1.89618,4.96461,3682863
pinch_sinusoid,pinch_sweep_size_rand_sinusoid-20260624-142357,TesolloCubePinch,TesolloCubePinch-20260624-145808-cubepinch_sb_baseline_s8,baseline,8,3,79,3.95,3.06688,1.83557,4.90245,3682863
pinch_sinusoid,pinch_sweep_size_rand_sinusoid-20260624-142357,TesolloCubePinch,TesolloCubePinch-20260624-145808-cubepinch_sb_baseline_s8,baseline,8,4,0,0.0,0.0,0.0,0.0,3682863
pinch_sinusoid,pinch_sweep_size_rand_sinusoid-20260624-142357,TesolloCubePinch,TesolloCubePinch-20260624-145808-cubepinch_sb_baseline_s8,baseline,8,4,1,0.05,0.0,0.0,0.0,3682863
pinch_sinusoid,pinch_sweep_size_rand_sinusoid-20260624-142357,TesolloCubePinch,TesolloCubePinch-20260624-145808-cubepinch_sb_baseline_s8,baseline,8,4,2,0.1,0.0,0.0,0.0,3682863
pinch_sinusoid,pinch_sweep_size_rand_sinusoid-20260624-142357,TesolloCubePinch,TesolloCubePinch-20260624-145808-cubepinch_sb_baseline_s8,baseline,8,4,3,0.15,2.19406,0.0,2.19406,3682863
pinch_sinusoid,pinch_sweep_size_rand_sinusoid-20260624-142357,TesolloCubePinch,TesolloCubePinch-20260624-145808-cubepinch_sb_baseline_s8,baseline,8,4,4,0.2,2.5139,2.04059,4.55449,3682863
pinch_sinusoid,pinch_sweep_size_rand_sinusoid-20260624-142357,TesolloCubePinch,TesolloCubePinch-20260624-145808-cubepinch_sb_baseline_s8,baseline,8,4,5,0.25,0.0,2.08545,2.08545,3682863
pinch_sinusoid,pinch_sweep_size_rand_sinusoid-20260624-142357,TesolloCubePinch,TesolloCubePinch-20260624-145808-cubepinch_sb_baseline_s8,baseline,8,4,6,0.3,2.58417,2.15114,4.73531,3682863
pinch_sinusoid,pinch_sweep_size_rand_sinusoid-20260624-142357,TesolloCubePinch,TesolloCubePinch-20260624-145808-cubepinch_sb_baseline_s8,baseline,8,4,7,0.35,2.313,0.0,2.313,3682863
pinch_sinusoid,pinch_sweep_size_rand_sinusoid-20260624-142357,TesolloCubePinch,TesolloCubePinch-20260624-145808-cubepinch_sb_baseline_s8,baseline,8,4,8,0.4,0.0,1.77663,1.77663,3682863
pinch_sinusoid,pinch_sweep_size_rand_sinusoid-20260624-142357,TesolloCubePinch,TesolloCubePinch-20260624-145808-cubepinch_sb_baseline_s8,baseline,8,4,9,0.45,2.60912,1.73953,4.34865,3682863
pinch_sinusoid,pinch_sweep_size_rand_sinusoid-20260624-142357,TesolloCubePinch,TesolloCubePinch-20260624-145808-cubepinch_sb_baseline_s8,baseline,8,4,10,0.5,2.64653,1.63134,4.27786,3682863
pinch_sinusoid,pinch_sweep_size_rand_sinusoid-20260624-142357,TesolloCubePinch,TesolloCubePinch-20260624-145808-cubepinch_sb_baseline_s8,baseline,8,4,11,0.55,7.61628,1.25429,8.87057,3682863
pinch_sinusoid,pinch_sweep_size_rand_sinusoid-20260624-142357,TesolloCubePinch,TesolloCubePinch-20260624-145808-cubepinch_sb_baseline_s8,baseline,8,4,12,0.6,5.07493,1.52249,6.59742,3682863
pinch_sinusoid,pinch_sweep_size_rand_sinusoid-20260624-142357,TesolloCubePinch,TesolloCubePinch-20260624-145808-cubepinch_sb_baseline_s8,baseline,8,4,13,0.65,3.79957,1.73611,5.53568,3682863
pinch_sinusoid,pinch_sweep_size_rand_sinusoid-20260624-142357,TesolloCubePinch,TesolloCubePinch-20260624-145808-cubepinch_sb_baseline_s8,baseline,8,4,14,0.7,3.53024,1.5367,5.06694,3682863
pinch_sinusoid,pinch_sweep_size_rand_sinusoid-20260624-142357,TesolloCubePinch,TesolloCubePinch-20260624-145808-cubepinch_sb_baseline_s8,baseline,8,4,15,0.75,2.93286,1.64094,4.5738,3682863
pinch_sinusoid,pinch_sweep_size_rand_sinusoid-20260624-142357,TesolloCubePinch,TesolloCubePinch-20260624-145808-cubepinch_sb_baseline_s8,baseline,8,4,16,0.8,3.03635,1.80916,4.84551,3682863
pinch_sinusoid,pinch_sweep_size_rand_sinusoid-20260624-142357,TesolloCubePinch,TesolloCubePinch-20260624-145808-cubepinch_sb_baseline_s8,baseline,8,4,17,0.85,3.03976,1.95482,4.99459,3682863
pinch_sinusoid,pinch_sweep_size_rand_sinusoid-20260624-142357,TesolloCubePinch,TesolloCubePinch-20260624-145808-cubepinch_sb_baseline_s8,baseline,8,4,18,0.9,2.89895,2.08279,4.98174,3682863
pinch_sinusoid,pinch_sweep_size_rand_sinusoid-20260624-142357,TesolloCubePinch,TesolloCubePinch-20260624-145808-cubepinch_sb_baseline_s8,baseline,8,4,19,0.95,2.87566,2.19918,5.07484,3682863
pinch_sinusoid,pinch_sweep_size_rand_sinusoid-20260624-142357,TesolloCubePinch,TesolloCubePinch-20260624-145808-cubepinch_sb_baseline_s8,baseline,8,4,20,1.0,2.8503,2.28816,5.13846,3682863
pinch_sinusoid,pinch_sweep_size_rand_sinusoid-20260624-142357,TesolloCubePinch,TesolloCubePinch-20260624-145808-cubepinch_sb_baseline_s8,baseline,8,4,21,1.05,2.72925,2.35746,5.08671,3682863
pinch_sinusoid,pinch_sweep_size_rand_sinusoid-20260624-142357,TesolloCubePinch,TesolloCubePinch-20260624-145808-cubepinch_sb_baseline_s8,baseline,8,4,22,1.1,2.6263,2.40978,5.03609,3682863
pinch_sinusoid,pinch_sweep_size_rand_sinusoid-20260624-142357,TesolloCubePinch,TesolloCubePinch-20260624-145808-cubepinch_sb_baseline_s8,baseline,8,4,23,1.15,2.51147,1.87856,4.39003,3682863
pinch_sinusoid,pinch_sweep_size_rand_sinusoid-20260624-142357,TesolloCubePinch,TesolloCubePinch-20260624-145808-cubepinch_sb_baseline_s8,baseline,8,4,24,1.2,2.59151,1.87317,4.46468,3682863
pinch_sinusoid,pinch_sweep_size_rand_sinusoid-20260624-142357,TesolloCubePinch,TesolloCubePinch-20260624-145808-cubepinch_sb_baseline_s8,baseline,8,4,25,1.25,2.58486,1.83544,4.42029,3682863
pinch_sinusoid,pinch_sweep_size_rand_sinusoid-20260624-142357,TesolloCubePinch,TesolloCubePinch-20260624-145808-cubepinch_sb_baseline_s8,baseline,8,4,26,1.3,2.50437,1.84034,4.34471,3682863
pinch_sinusoid,pinch_sweep_size_rand_sinusoid-20260624-142357,TesolloCubePinch,TesolloCubePinch-20260624-145808-cubepinch_sb_baseline_s8,baseline,8,4,27,1.35,2.37336,1.83857,4.21193,3682863
pinch_sinusoid,pinch_sweep_size_rand_sinusoid-20260624-142357,TesolloCubePinch,TesolloCubePinch-20260624-145808-cubepinch_sb_baseline_s8,baseline,8,4,28,1.4,2.2074,1.83546,4.04286,3682863
pinch_sinusoid,pinch_sweep_size_rand_sinusoid-20260624-142357,TesolloCubePinch,TesolloCubePinch-20260624-145808-cubepinch_sb_baseline_s8,baseline,8,4,29,1.45,2.08907,1.83507,3.92414,3682863
pinch_sinusoid,pinch_sweep_size_rand_sinusoid-20260624-142357,TesolloCubePinch,TesolloCubePinch-20260624-145808-cubepinch_sb_baseline_s8,baseline,8,4,30,1.5,1.93895,1.34723,3.28618,3682863
pinch_sinusoid,pinch_sweep_size_rand_sinusoid-20260624-142357,TesolloCubePinch,TesolloCubePinch-20260624-145808-cubepinch_sb_baseline_s8,baseline,8,4,31,1.55,1.85745,1.23902,3.09647,3682863
pinch_sinusoid,pinch_sweep_size_rand_sinusoid-20260624-142357,TesolloCubePinch,TesolloCubePinch-20260624-145808-cubepinch_sb_baseline_s8,baseline,8,4,32,1.6,1.83906,1.15788,2.99694,3682863
pinch_sinusoid,pinch_sweep_size_rand_sinusoid-20260624-142357,TesolloCubePinch,TesolloCubePinch-20260624-145808-cubepinch_sb_baseline_s8,baseline,8,4,33,1.65,1.81463,0.98611,2.80074,3682863
pinch_sinusoid,pinch_sweep_size_rand_sinusoid-20260624-142357,TesolloCubePinch,TesolloCubePinch-20260624-145808-cubepinch_sb_baseline_s8,baseline,8,4,34,1.7,1.85267,0.77952,2.63219,3682863
pinch_sinusoid,pinch_sweep_size_rand_sinusoid-20260624-142357,TesolloCubePinch,TesolloCubePinch-20260624-145808-cubepinch_sb_baseline_s8,baseline,8,4,35,1.75,1.90205,0.63899,2.54104,3682863
pinch_sinusoid,pinch_sweep_size_rand_sinusoid-20260624-142357,TesolloCubePinch,TesolloCubePinch-20260624-145808-cubepinch_sb_baseline_s8,baseline,8,4,36,1.8,1.95935,0.54746,2.50682,3682863
pinch_sinusoid,pinch_sweep_size_rand_sinusoid-20260624-142357,TesolloCubePinch,TesolloCubePinch-20260624-145808-cubepinch_sb_baseline_s8,baseline,8,4,37,1.85,2.02192,0.47552,2.49744,3682863
pinch_sinusoid,pinch_sweep_size_rand_sinusoid-20260624-142357,TesolloCubePinch,TesolloCubePinch-20260624-145808-cubepinch_sb_baseline_s8,baseline,8,4,38,1.9,2.08815,0.42777,2.51592,3682863
pinch_sinusoid,pinch_sweep_size_rand_sinusoid-20260624-142357,TesolloCubePinch,TesolloCubePinch-20260624-145808-cubepinch_sb_baseline_s8,baseline,8,4,39,1.95,2.15608,0.39071,2.54679,3682863
pinch_sinusoid,pinch_sweep_size_rand_sinusoid-20260624-142357,TesolloCubePinch,TesolloCubePinch-20260624-145808-cubepinch_sb_baseline_s8,baseline,8,4,40,2.0,2.22427,0.35788,2.58215,3682863
pinch_sinusoid,pinch_sweep_size_rand_sinusoid-20260624-142357,TesolloCubePinch,TesolloCubePinch-20260624-145808-cubepinch_sb_baseline_s8,baseline,8,4,41,2.05,2.28935,0.35762,2.64698,3682863
pinch_sinusoid,pinch_sweep_size_rand_sinusoid-20260624-142357,TesolloCubePinch,TesolloCubePinch-20260624-145808-cubepinch_sb_baseline_s8,baseline,8,4,42,2.1,2.34835,0.399,2.74735,3682863
pinch_sinusoid,pinch_sweep_size_rand_sinusoid-20260624-142357,TesolloCubePinch,TesolloCubePinch-20260624-145808-cubepinch_sb_baseline_s8,baseline,8,4,43,2.15,2.3999,0.47547,2.87538,3682863
pinch_sinusoid,pinch_sweep_size_rand_sinusoid-20260624-142357,TesolloCubePinch,TesolloCubePinch-20260624-145808-cubepinch_sb_baseline_s8,baseline,8,4,44,2.2,2.44522,0.58114,3.02636,3682863
pinch_sinusoid,pinch_sweep_size_rand_sinusoid-20260624-142357,TesolloCubePinch,TesolloCubePinch-20260624-145808-cubepinch_sb_baseline_s8,baseline,8,4,45,2.25,2.27956,0.69246,2.97201,3682863
pinch_sinusoid,pinch_sweep_size_rand_sinusoid-20260624-142357,TesolloCubePinch,TesolloCubePinch-20260624-145808-cubepinch_sb_baseline_s8,baseline,8,4,46,2.3,3.52738,1.17998,4.70736,3682863
pinch_sinusoid,pinch_sweep_size_rand_sinusoid-20260624-142357,TesolloCubePinch,TesolloCubePinch-20260624-145808-cubepinch_sb_baseline_s8,baseline,8,4,47,2.35,3.36493,1.47497,4.8399,3682863
pinch_sinusoid,pinch_sweep_size_rand_sinusoid-20260624-142357,TesolloCubePinch,TesolloCubePinch-20260624-145808-cubepinch_sb_baseline_s8,baseline,8,4,48,2.4,3.83362,1.43457,5.26819,3682863
pinch_sinusoid,pinch_sweep_size_rand_sinusoid-20260624-142357,TesolloCubePinch,TesolloCubePinch-20260624-145808-cubepinch_sb_baseline_s8,baseline,8,4,49,2.45,3.92777,1.20758,5.13535,3682863
pinch_sinusoid,pinch_sweep_size_rand_sinusoid-20260624-142357,TesolloCubePinch,TesolloCubePinch-20260624-145808-cubepinch_sb_baseline_s8,baseline,8,4,50,2.5,4.00344,1.09956,5.103,3682863
pinch_sinusoid,pinch_sweep_size_rand_sinusoid-20260624-142357,TesolloCubePinch,TesolloCubePinch-20260624-145808-cubepinch_sb_baseline_s8,baseline,8,4,51,2.55,3.67771,1.04177,4.71947,3682863
pinch_sinusoid,pinch_sweep_size_rand_sinusoid-20260624-142357,TesolloCubePinch,TesolloCubePinch-20260624-145808-cubepinch_sb_baseline_s8,baseline,8,4,52,2.6,3.60819,1.04572,4.65391,3682863
pinch_sinusoid,pinch_sweep_size_rand_sinusoid-20260624-142357,TesolloCubePinch,TesolloCubePinch-20260624-145808-cubepinch_sb_baseline_s8,baseline,8,4,53,2.65,3.12669,1.14615,4.27285,3682863
pinch_sinusoid,pinch_sweep_size_rand_sinusoid-20260624-142357,TesolloCubePinch,TesolloCubePinch-20260624-145808-cubepinch_sb_baseline_s8,baseline,8,4,54,2.7,2.89514,1.41266,4.3078,3682863
pinch_sinusoid,pinch_sweep_size_rand_sinusoid-20260624-142357,TesolloCubePinch,TesolloCubePinch-20260624-145808-cubepinch_sb_baseline_s8,baseline,8,4,55,2.75,3.22147,1.68267,4.90413,3682863
pinch_sinusoid,pinch_sweep_size_rand_sinusoid-20260624-142357,TesolloCubePinch,TesolloCubePinch-20260624-145808-cubepinch_sb_baseline_s8,baseline,8,4,56,2.8,3.21546,1.89783,5.11328,3682863
pinch_sinusoid,pinch_sweep_size_rand_sinusoid-20260624-142357,TesolloCubePinch,TesolloCubePinch-20260624-145808-cubepinch_sb_baseline_s8,baseline,8,4,57,2.85,3.20879,2.05874,5.26754,3682863
pinch_sinusoid,pinch_sweep_size_rand_sinusoid-20260624-142357,TesolloCubePinch,TesolloCubePinch-20260624-145808-cubepinch_sb_baseline_s8,baseline,8,4,58,2.9,3.20186,2.17991,5.38177,3682863
pinch_sinusoid,pinch_sweep_size_rand_sinusoid-20260624-142357,TesolloCubePinch,TesolloCubePinch-20260624-145808-cubepinch_sb_baseline_s8,baseline,8,4,59,2.95,3.19552,1.75701,4.95253,3682863
pinch_sinusoid,pinch_sweep_size_rand_sinusoid-20260624-142357,TesolloCubePinch,TesolloCubePinch-20260624-145808-cubepinch_sb_baseline_s8,baseline,8,4,60,3.0,3.19159,1.85017,5.04176,3682863
pinch_sinusoid,pinch_sweep_size_rand_sinusoid-20260624-142357,TesolloCubePinch,TesolloCubePinch-20260624-145808-cubepinch_sb_baseline_s8,baseline,8,4,61,3.05,3.05761,1.79756,4.85517,3682863
pinch_sinusoid,pinch_sweep_size_rand_sinusoid-20260624-142357,TesolloCubePinch,TesolloCubePinch-20260624-145808-cubepinch_sb_baseline_s8,baseline,8,4,62,3.1,3.05874,1.78819,4.84693,3682863
pinch_sinusoid,pinch_sweep_size_rand_sinusoid-20260624-142357,TesolloCubePinch,TesolloCubePinch-20260624-145808-cubepinch_sb_baseline_s8,baseline,8,4,63,3.15,2.94367,1.79956,4.74323,3682863
pinch_sinusoid,pinch_sweep_size_rand_sinusoid-20260624-142357,TesolloCubePinch,TesolloCubePinch-20260624-145808-cubepinch_sb_baseline_s8,baseline,8,4,64,3.2,2.92073,1.80698,4.72771,3682863
pinch_sinusoid,pinch_sweep_size_rand_sinusoid-20260624-142357,TesolloCubePinch,TesolloCubePinch-20260624-145808-cubepinch_sb_baseline_s8,baseline,8,4,65,3.25,2.71233,1.82147,4.5338,3682863
pinch_sinusoid,pinch_sweep_size_rand_sinusoid-20260624-142357,TesolloCubePinch,TesolloCubePinch-20260624-145808-cubepinch_sb_baseline_s8,baseline,8,4,66,3.3,2.48691,1.82476,4.31167,3682863
pinch_sinusoid,pinch_sweep_size_rand_sinusoid-20260624-142357,TesolloCubePinch,TesolloCubePinch-20260624-145808-cubepinch_sb_baseline_s8,baseline,8,4,67,3.35,2.45957,1.82948,4.28904,3682863
pinch_sinusoid,pinch_sweep_size_rand_sinusoid-20260624-142357,TesolloCubePinch,TesolloCubePinch-20260624-145808-cubepinch_sb_baseline_s8,baseline,8,4,68,3.4,2.35122,1.83414,4.18536,3682863
pinch_sinusoid,pinch_sweep_size_rand_sinusoid-20260624-142357,TesolloCubePinch,TesolloCubePinch-20260624-145808-cubepinch_sb_baseline_s8,baseline,8,4,69,3.45,2.14782,1.83921,3.98703,3682863
pinch_sinusoid,pinch_sweep_size_rand_sinusoid-20260624-142357,TesolloCubePinch,TesolloCubePinch-20260624-145808-cubepinch_sb_baseline_s8,baseline,8,4,70,3.5,2.01679,1.28941,3.3062,3682863
pinch_sinusoid,pinch_sweep_size_rand_sinusoid-20260624-142357,TesolloCubePinch,TesolloCubePinch-20260624-145808-cubepinch_sb_baseline_s8,baseline,8,4,71,3.55,1.97266,1.16132,3.13398,3682863
pinch_sinusoid,pinch_sweep_size_rand_sinusoid-20260624-142357,TesolloCubePinch,TesolloCubePinch-20260624-145808-cubepinch_sb_baseline_s8,baseline,8,4,72,3.6,1.9904,1.05344,3.04384,3682863
pinch_sinusoid,pinch_sweep_size_rand_sinusoid-20260624-142357,TesolloCubePinch,TesolloCubePinch-20260624-145808-cubepinch_sb_baseline_s8,baseline,8,4,73,3.65,1.97509,0.92496,2.90005,3682863
pinch_sinusoid,pinch_sweep_size_rand_sinusoid-20260624-142357,TesolloCubePinch,TesolloCubePinch-20260624-145808-cubepinch_sb_baseline_s8,baseline,8,4,74,3.7,2.00054,0.72686,2.7274,3682863
pinch_sinusoid,pinch_sweep_size_rand_sinusoid-20260624-142357,TesolloCubePinch,TesolloCubePinch-20260624-145808-cubepinch_sb_baseline_s8,baseline,8,4,75,3.75,2.03122,0.591,2.62221,3682863
pinch_sinusoid,pinch_sweep_size_rand_sinusoid-20260624-142357,TesolloCubePinch,TesolloCubePinch-20260624-145808-cubepinch_sb_baseline_s8,baseline,8,4,76,3.8,2.07172,0.50188,2.57361,3682863
pinch_sinusoid,pinch_sweep_size_rand_sinusoid-20260624-142357,TesolloCubePinch,TesolloCubePinch-20260624-145808-cubepinch_sb_baseline_s8,baseline,8,4,77,3.85,2.11993,0.44115,2.56108,3682863
pinch_sinusoid,pinch_sweep_size_rand_sinusoid-20260624-142357,TesolloCubePinch,TesolloCubePinch-20260624-145808-cubepinch_sb_baseline_s8,baseline,8,4,78,3.9,2.17419,0.39728,2.57147,3682863
pinch_sinusoid,pinch_sweep_size_rand_sinusoid-20260624-142357,TesolloCubePinch,TesolloCubePinch-20260624-145808-cubepinch_sb_baseline_s8,baseline,8,4,79,3.95,2.23204,0.3639,2.59593,3682863
pinch_sinusoid,pinch_sweep_size_rand_sinusoid-20260624-142357,TesolloCubePinch,TesolloCubePinch-20260624-145808-cubepinch_sb_baseline_s8,baseline,8,5,0,0.0,0.0,0.0,0.0,3682863
pinch_sinusoid,pinch_sweep_size_rand_sinusoid-20260624-142357,TesolloCubePinch,TesolloCubePinch-20260624-145808-cubepinch_sb_baseline_s8,baseline,8,5,1,0.05,0.0,0.0,0.0,3682863
pinch_sinusoid,pinch_sweep_size_rand_sinusoid-20260624-142357,TesolloCubePinch,TesolloCubePinch-20260624-145808-cubepinch_sb_baseline_s8,baseline,8,5,2,0.1,0.0,0.0,0.0,3682863
pinch_sinusoid,pinch_sweep_size_rand_sinusoid-20260624-142357,TesolloCubePinch,TesolloCubePinch-20260624-145808-cubepinch_sb_baseline_s8,baseline,8,5,3,0.15,0.0,0.0,0.0,3682863
pinch_sinusoid,pinch_sweep_size_rand_sinusoid-20260624-142357,TesolloCubePinch,TesolloCubePinch-20260624-145808-cubepinch_sb_baseline_s8,baseline,8,5,4,0.2,2.58756,1.79416,4.38172,3682863
pinch_sinusoid,pinch_sweep_size_rand_sinusoid-20260624-142357,TesolloCubePinch,TesolloCubePinch-20260624-145808-cubepinch_sb_baseline_s8,baseline,8,5,5,0.25,2.52214,2.20458,4.72672,3682863
pinch_sinusoid,pinch_sweep_size_rand_sinusoid-20260624-142357,TesolloCubePinch,TesolloCubePinch-20260624-145808-cubepinch_sb_baseline_s8,baseline,8,5,6,0.3,2.28981,2.06571,4.35552,3682863
pinch_sinusoid,pinch_sweep_size_rand_sinusoid-20260624-142357,TesolloCubePinch,TesolloCubePinch-20260624-145808-cubepinch_sb_baseline_s8,baseline,8,5,7,0.35,0.0,2.01674,2.01674,3682863
pinch_sinusoid,pinch_sweep_size_rand_sinusoid-20260624-142357,TesolloCubePinch,TesolloCubePinch-20260624-145808-cubepinch_sb_baseline_s8,baseline,8,5,8,0.4,2.453,1.89863,4.35163,3682863
pinch_sinusoid,pinch_sweep_size_rand_sinusoid-20260624-142357,TesolloCubePinch,TesolloCubePinch-20260624-145808-cubepinch_sb_baseline_s8,baseline,8,5,9,0.45,3.19766,1.90288,5.10054,3682863
pinch_sinusoid,pinch_sweep_size_rand_sinusoid-20260624-142357,TesolloCubePinch,TesolloCubePinch-20260624-145808-cubepinch_sb_baseline_s8,baseline,8,5,10,0.5,3.54361,1.87829,5.4219,3682863
pinch_sinusoid,pinch_sweep_size_rand_sinusoid-20260624-142357,TesolloCubePinch,TesolloCubePinch-20260624-145808-cubepinch_sb_baseline_s8,baseline,8,5,11,0.55,3.03109,2.49383,5.52492,3682863
pinch_sinusoid,pinch_sweep_size_rand_sinusoid-20260624-142357,TesolloCubePinch,TesolloCubePinch-20260624-145808-cubepinch_sb_baseline_s8,baseline,8,5,12,0.6,2.71192,1.66352,4.37544,3682863
pinch_sinusoid,pinch_sweep_size_rand_sinusoid-20260624-142357,TesolloCubePinch,TesolloCubePinch-20260624-145808-cubepinch_sb_baseline_s8,baseline,8,5,13,0.65,3.23952,1.50359,4.74311,3682863
pinch_sinusoid,pinch_sweep_size_rand_sinusoid-20260624-142357,TesolloCubePinch,TesolloCubePinch-20260624-145808-cubepinch_sb_baseline_s8,baseline,8,5,14,0.7,2.49712,1.33642,3.83354,3682863
pinch_sinusoid,pinch_sweep_size_rand_sinusoid-20260624-142357,TesolloCubePinch,TesolloCubePinch-20260624-145808-cubepinch_sb_baseline_s8,baseline,8,5,15,0.75,2.23208,1.60078,3.83286,3682863
pinch_sinusoid,pinch_sweep_size_rand_sinusoid-20260624-142357,TesolloCubePinch,TesolloCubePinch-20260624-145808-cubepinch_sb_baseline_s8,baseline,8,5,16,0.8,2.07043,1.33077,3.40119,3682863
pinch_sinusoid,pinch_sweep_size_rand_sinusoid-20260624-142357,TesolloCubePinch,TesolloCubePinch-20260624-145808-cubepinch_sb_baseline_s8,baseline,8,5,17,0.85,2.12501,1.59705,3.72206,3682863
pinch_sinusoid,pinch_sweep_size_rand_sinusoid-20260624-142357,TesolloCubePinch,TesolloCubePinch-20260624-145808-cubepinch_sb_baseline_s8,baseline,8,5,18,0.9,1.98122,1.54327,3.52449,3682863
pinch_sinusoid,pinch_sweep_size_rand_sinusoid-20260624-142357,TesolloCubePinch,TesolloCubePinch-20260624-145808-cubepinch_sb_baseline_s8,baseline,8,5,19,0.95,1.95992,1.55569,3.51561,3682863
pinch_sinusoid,pinch_sweep_size_rand_sinusoid-20260624-142357,TesolloCubePinch,TesolloCubePinch-20260624-145808-cubepinch_sb_baseline_s8,baseline,8,5,20,1.0,2.25091,1.58218,3.83309,3682863
pinch_sinusoid,pinch_sweep_size_rand_sinusoid-20260624-142357,TesolloCubePinch,TesolloCubePinch-20260624-145808-cubepinch_sb_baseline_s8,baseline,8,5,21,1.05,2.18889,1.65394,3.84283,3682863
pinch_sinusoid,pinch_sweep_size_rand_sinusoid-20260624-142357,TesolloCubePinch,TesolloCubePinch-20260624-145808-cubepinch_sb_baseline_s8,baseline,8,5,22,1.1,2.45763,1.77625,4.23387,3682863
pinch_sinusoid,pinch_sweep_size_rand_sinusoid-20260624-142357,TesolloCubePinch,TesolloCubePinch-20260624-145808-cubepinch_sb_baseline_s8,baseline,8,5,23,1.15,2.70649,1.91525,4.62174,3682863
pinch_sinusoid,pinch_sweep_size_rand_sinusoid-20260624-142357,TesolloCubePinch,TesolloCubePinch-20260624-145808-cubepinch_sb_baseline_s8,baseline,8,5,24,1.2,2.93407,2.05605,4.99013,3682863
pinch_sinusoid,pinch_sweep_size_rand_sinusoid-20260624-142357,TesolloCubePinch,TesolloCubePinch-20260624-145808-cubepinch_sb_baseline_s8,baseline,8,5,25,1.25,2.9499,2.17183,5.12173,3682863
pinch_sinusoid,pinch_sweep_size_rand_sinusoid-20260624-142357,TesolloCubePinch,TesolloCubePinch-20260624-145808-cubepinch_sb_baseline_s8,baseline,8,5,26,1.3,2.83724,2.26946,5.1067,3682863
pinch_sinusoid,pinch_sweep_size_rand_sinusoid-20260624-142357,TesolloCubePinch,TesolloCubePinch-20260624-145808-cubepinch_sb_baseline_s8,baseline,8,5,27,1.35,2.82793,2.35264,5.18057,3682863
pinch_sinusoid,pinch_sweep_size_rand_sinusoid-20260624-142357,TesolloCubePinch,TesolloCubePinch-20260624-145808-cubepinch_sb_baseline_s8,baseline,8,5,28,1.4,2.80901,2.43605,5.24506,3682863
pinch_sinusoid,pinch_sweep_size_rand_sinusoid-20260624-142357,TesolloCubePinch,TesolloCubePinch-20260624-145808-cubepinch_sb_baseline_s8,baseline,8,5,29,1.45,2.79762,2.53079,5.32842,3682863
pinch_sinusoid,pinch_sweep_size_rand_sinusoid-20260624-142357,TesolloCubePinch,TesolloCubePinch-20260624-145808-cubepinch_sb_baseline_s8,baseline,8,5,30,1.5,2.76735,2.35989,5.12724,3682863
pinch_sinusoid,pinch_sweep_size_rand_sinusoid-20260624-142357,TesolloCubePinch,TesolloCubePinch-20260624-145808-cubepinch_sb_baseline_s8,baseline,8,5,31,1.55,2.75154,2.09358,4.84512,3682863
pinch_sinusoid,pinch_sweep_size_rand_sinusoid-20260624-142357,TesolloCubePinch,TesolloCubePinch-20260624-145808-cubepinch_sb_baseline_s8,baseline,8,5,32,1.6,2.80226,2.0623,4.86456,3682863
pinch_sinusoid,pinch_sweep_size_rand_sinusoid-20260624-142357,TesolloCubePinch,TesolloCubePinch-20260624-145808-cubepinch_sb_baseline_s8,baseline,8,5,33,1.65,2.78209,1.94301,4.7251,3682863
pinch_sinusoid,pinch_sweep_size_rand_sinusoid-20260624-142357,TesolloCubePinch,TesolloCubePinch-20260624-145808-cubepinch_sb_baseline_s8,baseline,8,5,34,1.7,2.73087,1.90883,4.6397,3682863
pinch_sinusoid,pinch_sweep_size_rand_sinusoid-20260624-142357,TesolloCubePinch,TesolloCubePinch-20260624-145808-cubepinch_sb_baseline_s8,baseline,8,5,35,1.75,2.64034,1.89391,4.53426,3682863
pinch_sinusoid,pinch_sweep_size_rand_sinusoid-20260624-142357,TesolloCubePinch,TesolloCubePinch-20260624-145808-cubepinch_sb_baseline_s8,baseline,8,5,36,1.8,2.51178,1.88452,4.3963,3682863
pinch_sinusoid,pinch_sweep_size_rand_sinusoid-20260624-142357,TesolloCubePinch,TesolloCubePinch-20260624-145808-cubepinch_sb_baseline_s8,baseline,8,5,37,1.85,2.2648,1.87953,4.14433,3682863
pinch_sinusoid,pinch_sweep_size_rand_sinusoid-20260624-142357,TesolloCubePinch,TesolloCubePinch-20260624-145808-cubepinch_sb_baseline_s8,baseline,8,5,38,1.9,2.09637,1.87499,3.97136,3682863
pinch_sinusoid,pinch_sweep_size_rand_sinusoid-20260624-142357,TesolloCubePinch,TesolloCubePinch-20260624-145808-cubepinch_sb_baseline_s8,baseline,8,5,39,1.95,1.97046,1.61004,3.5805,3682863
pinch_sinusoid,pinch_sweep_size_rand_sinusoid-20260624-142357,TesolloCubePinch,TesolloCubePinch-20260624-145808-cubepinch_sb_baseline_s8,baseline,8,5,40,2.0,1.85983,1.19866,3.05849,3682863
pinch_sinusoid,pinch_sweep_size_rand_sinusoid-20260624-142357,TesolloCubePinch,TesolloCubePinch-20260624-145808-cubepinch_sb_baseline_s8,baseline,8,5,41,2.05,1.81271,1.19192,3.00462,3682863
pinch_sinusoid,pinch_sweep_size_rand_sinusoid-20260624-142357,TesolloCubePinch,TesolloCubePinch-20260624-145808-cubepinch_sb_baseline_s8,baseline,8,5,42,2.1,1.81463,1.07333,2.88795,3682863
pinch_sinusoid,pinch_sweep_size_rand_sinusoid-20260624-142357,TesolloCubePinch,TesolloCubePinch-20260624-145808-cubepinch_sb_baseline_s8,baseline,8,5,43,2.15,1.84654,0.86232,2.70885,3682863
pinch_sinusoid,pinch_sweep_size_rand_sinusoid-20260624-142357,TesolloCubePinch,TesolloCubePinch-20260624-145808-cubepinch_sb_baseline_s8,baseline,8,5,44,2.2,1.88206,0.70113,2.58319,3682863
pinch_sinusoid,pinch_sweep_size_rand_sinusoid-20260624-142357,TesolloCubePinch,TesolloCubePinch-20260624-145808-cubepinch_sb_baseline_s8,baseline,8,5,45,2.25,1.92847,0.59607,2.52454,3682863
pinch_sinusoid,pinch_sweep_size_rand_sinusoid-20260624-142357,TesolloCubePinch,TesolloCubePinch-20260624-145808-cubepinch_sb_baseline_s8,baseline,8,5,46,2.3,1.98249,0.51507,2.49757,3682863
pinch_sinusoid,pinch_sweep_size_rand_sinusoid-20260624-142357,TesolloCubePinch,TesolloCubePinch-20260624-145808-cubepinch_sb_baseline_s8,baseline,8,5,47,2.35,2.04279,0.4513,2.49409,3682863
pinch_sinusoid,pinch_sweep_size_rand_sinusoid-20260624-142357,TesolloCubePinch,TesolloCubePinch-20260624-145808-cubepinch_sb_baseline_s8,baseline,8,5,48,2.4,2.10718,0.41276,2.51994,3682863
pinch_sinusoid,pinch_sweep_size_rand_sinusoid-20260624-142357,TesolloCubePinch,TesolloCubePinch-20260624-145808-cubepinch_sb_baseline_s8,baseline,8,5,49,2.45,2.1736,0.38535,2.55895,3682863
pinch_sinusoid,pinch_sweep_size_rand_sinusoid-20260624-142357,TesolloCubePinch,TesolloCubePinch-20260624-145808-cubepinch_sb_baseline_s8,baseline,8,5,50,2.5,2.2391,0.37534,2.61444,3682863
pinch_sinusoid,pinch_sweep_size_rand_sinusoid-20260624-142357,TesolloCubePinch,TesolloCubePinch-20260624-145808-cubepinch_sb_baseline_s8,baseline,8,5,51,2.55,2.29968,0.3971,2.69678,3682863
pinch_sinusoid,pinch_sweep_size_rand_sinusoid-20260624-142357,TesolloCubePinch,TesolloCubePinch-20260624-145808-cubepinch_sb_baseline_s8,baseline,8,5,52,2.6,2.3533,0.46616,2.81946,3682863
pinch_sinusoid,pinch_sweep_size_rand_sinusoid-20260624-142357,TesolloCubePinch,TesolloCubePinch-20260624-145808-cubepinch_sb_baseline_s8,baseline,8,5,53,2.65,2.4009,0.54414,2.94503,3682863
pinch_sinusoid,pinch_sweep_size_rand_sinusoid-20260624-142357,TesolloCubePinch,TesolloCubePinch-20260624-145808-cubepinch_sb_baseline_s8,baseline,8,5,54,2.7,2.27614,0.67719,2.95332,3682863
pinch_sinusoid,pinch_sweep_size_rand_sinusoid-20260624-142357,TesolloCubePinch,TesolloCubePinch-20260624-145808-cubepinch_sb_baseline_s8,baseline,8,5,55,2.75,3.54158,1.06498,4.60656,3682863
pinch_sinusoid,pinch_sweep_size_rand_sinusoid-20260624-142357,TesolloCubePinch,TesolloCubePinch-20260624-145808-cubepinch_sb_baseline_s8,baseline,8,5,56,2.8,3.08878,1.50224,4.59102,3682863
pinch_sinusoid,pinch_sweep_size_rand_sinusoid-20260624-142357,TesolloCubePinch,TesolloCubePinch-20260624-145808-cubepinch_sb_baseline_s8,baseline,8,5,57,2.85,3.62831,1.66648,5.29479,3682863
pinch_sinusoid,pinch_sweep_size_rand_sinusoid-20260624-142357,TesolloCubePinch,TesolloCubePinch-20260624-145808-cubepinch_sb_baseline_s8,baseline,8,5,58,2.9,3.91208,1.31536,5.22744,3682863
pinch_sinusoid,pinch_sweep_size_rand_sinusoid-20260624-142357,TesolloCubePinch,TesolloCubePinch-20260624-145808-cubepinch_sb_baseline_s8,baseline,8,5,59,2.95,3.74399,1.16229,4.90628,3682863
pinch_sinusoid,pinch_sweep_size_rand_sinusoid-20260624-142357,TesolloCubePinch,TesolloCubePinch-20260624-145808-cubepinch_sb_baseline_s8,baseline,8,5,60,3.0,3.62795,1.0892,4.71715,3682863
pinch_sinusoid,pinch_sweep_size_rand_sinusoid-20260624-142357,TesolloCubePinch,TesolloCubePinch-20260624-145808-cubepinch_sb_baseline_s8,baseline,8,5,61,3.05,3.59335,1.08023,4.67359,3682863
pinch_sinusoid,pinch_sweep_size_rand_sinusoid-20260624-142357,TesolloCubePinch,TesolloCubePinch-20260624-145808-cubepinch_sb_baseline_s8,baseline,8,5,62,3.1,3.62114,1.15317,4.77431,3682863
pinch_sinusoid,pinch_sweep_size_rand_sinusoid-20260624-142357,TesolloCubePinch,TesolloCubePinch-20260624-145808-cubepinch_sb_baseline_s8,baseline,8,5,63,3.15,3.64523,1.38064,5.02587,3682863
pinch_sinusoid,pinch_sweep_size_rand_sinusoid-20260624-142357,TesolloCubePinch,TesolloCubePinch-20260624-145808-cubepinch_sb_baseline_s8,baseline,8,5,64,3.2,3.06093,1.61573,4.67666,3682863
pinch_sinusoid,pinch_sweep_size_rand_sinusoid-20260624-142357,TesolloCubePinch,TesolloCubePinch-20260624-145808-cubepinch_sb_baseline_s8,baseline,8,5,65,3.25,3.20899,1.86039,5.06939,3682863
pinch_sinusoid,pinch_sweep_size_rand_sinusoid-20260624-142357,TesolloCubePinch,TesolloCubePinch-20260624-145808-cubepinch_sb_baseline_s8,baseline,8,5,66,3.3,3.20128,2.02631,5.22758,3682863
pinch_sinusoid,pinch_sweep_size_rand_sinusoid-20260624-142357,TesolloCubePinch,TesolloCubePinch-20260624-145808-cubepinch_sb_baseline_s8,baseline,8,5,67,3.35,3.19377,2.15321,5.34698,3682863
pinch_sinusoid,pinch_sweep_size_rand_sinusoid-20260624-142357,TesolloCubePinch,TesolloCubePinch-20260624-145808-cubepinch_sb_baseline_s8,baseline,8,5,68,3.4,3.18939,2.18502,5.37441,3682863
pinch_sinusoid,pinch_sweep_size_rand_sinusoid-20260624-142357,TesolloCubePinch,TesolloCubePinch-20260624-145808-cubepinch_sb_baseline_s8,baseline,8,5,69,3.45,3.10328,1.7353,4.83858,3682863
pinch_sinusoid,pinch_sweep_size_rand_sinusoid-20260624-142357,TesolloCubePinch,TesolloCubePinch-20260624-145808-cubepinch_sb_baseline_s8,baseline,8,5,70,3.5,3.06562,1.87704,4.94266,3682863
pinch_sinusoid,pinch_sweep_size_rand_sinusoid-20260624-142357,TesolloCubePinch,TesolloCubePinch-20260624-145808-cubepinch_sb_baseline_s8,baseline,8,5,71,3.55,3.05199,1.80305,4.85504,3682863
pinch_sinusoid,pinch_sweep_size_rand_sinusoid-20260624-142357,TesolloCubePinch,TesolloCubePinch-20260624-145808-cubepinch_sb_baseline_s8,baseline,8,5,72,3.6,2.94999,1.79898,4.74897,3682863
pinch_sinusoid,pinch_sweep_size_rand_sinusoid-20260624-142357,TesolloCubePinch,TesolloCubePinch-20260624-145808-cubepinch_sb_baseline_s8,baseline,8,5,73,3.65,2.89257,1.81132,4.7039,3682863
pinch_sinusoid,pinch_sweep_size_rand_sinusoid-20260624-142357,TesolloCubePinch,TesolloCubePinch-20260624-145808-cubepinch_sb_baseline_s8,baseline,8,5,74,3.7,2.81288,1.82118,4.63406,3682863
pinch_sinusoid,pinch_sweep_size_rand_sinusoid-20260624-142357,TesolloCubePinch,TesolloCubePinch-20260624-145808-cubepinch_sb_baseline_s8,baseline,8,5,75,3.75,2.48864,1.82763,4.31627,3682863
pinch_sinusoid,pinch_sweep_size_rand_sinusoid-20260624-142357,TesolloCubePinch,TesolloCubePinch-20260624-145808-cubepinch_sb_baseline_s8,baseline,8,5,76,3.8,2.46038,1.83064,4.29101,3682863
pinch_sinusoid,pinch_sweep_size_rand_sinusoid-20260624-142357,TesolloCubePinch,TesolloCubePinch-20260624-145808-cubepinch_sb_baseline_s8,baseline,8,5,77,3.85,2.4056,1.83375,4.23935,3682863
pinch_sinusoid,pinch_sweep_size_rand_sinusoid-20260624-142357,TesolloCubePinch,TesolloCubePinch-20260624-145808-cubepinch_sb_baseline_s8,baseline,8,5,78,3.9,2.17417,1.83828,4.01246,3682863
pinch_sinusoid,pinch_sweep_size_rand_sinusoid-20260624-142357,TesolloCubePinch,TesolloCubePinch-20260624-145808-cubepinch_sb_baseline_s8,baseline,8,5,79,3.95,2.05,1.52849,3.57849,3682863
pinch_sinusoid,pinch_sweep_size_rand_sinusoid-20260624-142357,TesolloCubePinch,TesolloCubePinch-20260624-145808-cubepinch_sb_baseline_s8,baseline,8,6,0,0.0,0.0,0.0,0.0,3682863
pinch_sinusoid,pinch_sweep_size_rand_sinusoid-20260624-142357,TesolloCubePinch,TesolloCubePinch-20260624-145808-cubepinch_sb_baseline_s8,baseline,8,6,1,0.05,0.0,0.0,0.0,3682863
pinch_sinusoid,pinch_sweep_size_rand_sinusoid-20260624-142357,TesolloCubePinch,TesolloCubePinch-20260624-145808-cubepinch_sb_baseline_s8,baseline,8,6,2,0.1,0.0,0.0,0.0,3682863
pinch_sinusoid,pinch_sweep_size_rand_sinusoid-20260624-142357,TesolloCubePinch,TesolloCubePinch-20260624-145808-cubepinch_sb_baseline_s8,baseline,8,6,3,0.15,2.18732,0.0,2.18732,3682863
pinch_sinusoid,pinch_sweep_size_rand_sinusoid-20260624-142357,TesolloCubePinch,TesolloCubePinch-20260624-145808-cubepinch_sb_baseline_s8,baseline,8,6,4,0.2,2.59579,2.03305,4.62884,3682863
pinch_sinusoid,pinch_sweep_size_rand_sinusoid-20260624-142357,TesolloCubePinch,TesolloCubePinch-20260624-145808-cubepinch_sb_baseline_s8,baseline,8,6,5,0.25,0.0,2.09971,2.09971,3682863
pinch_sinusoid,pinch_sweep_size_rand_sinusoid-20260624-142357,TesolloCubePinch,TesolloCubePinch-20260624-145808-cubepinch_sb_baseline_s8,baseline,8,6,6,0.3,2.52189,1.92403,4.44592,3682863
pinch_sinusoid,pinch_sweep_size_rand_sinusoid-20260624-142357,TesolloCubePinch,TesolloCubePinch-20260624-145808-cubepinch_sb_baseline_s8,baseline,8,6,7,0.35,2.21535,2.08453,4.29988,3682863
pinch_sinusoid,pinch_sweep_size_rand_sinusoid-20260624-142357,TesolloCubePinch,TesolloCubePinch-20260624-145808-cubepinch_sb_baseline_s8,baseline,8,6,8,0.4,0.0,1.86991,1.86991,3682863
pinch_sinusoid,pinch_sweep_size_rand_sinusoid-20260624-142357,TesolloCubePinch,TesolloCubePinch-20260624-145808-cubepinch_sb_baseline_s8,baseline,8,6,9,0.45,0.0,1.74763,1.74763,3682863
pinch_sinusoid,pinch_sweep_size_rand_sinusoid-20260624-142357,TesolloCubePinch,TesolloCubePinch-20260624-145808-cubepinch_sb_baseline_s8,baseline,8,6,10,0.5,2.83897,1.67834,4.51731,3682863
pinch_sinusoid,pinch_sweep_size_rand_sinusoid-20260624-142357,TesolloCubePinch,TesolloCubePinch-20260624-145808-cubepinch_sb_baseline_s8,baseline,8,6,11,0.55,3.38742,2.05781,5.44523,3682863
pinch_sinusoid,pinch_sweep_size_rand_sinusoid-20260624-142357,TesolloCubePinch,TesolloCubePinch-20260624-145808-cubepinch_sb_baseline_s8,baseline,8,6,12,0.6,0.0,1.50755,1.50755,3682863
pinch_sinusoid,pinch_sweep_size_rand_sinusoid-20260624-142357,TesolloCubePinch,TesolloCubePinch-20260624-145808-cubepinch_sb_baseline_s8,baseline,8,6,13,0.65,4.93821,1.53735,6.47556,3682863
pinch_sinusoid,pinch_sweep_size_rand_sinusoid-20260624-142357,TesolloCubePinch,TesolloCubePinch-20260624-145808-cubepinch_sb_baseline_s8,baseline,8,6,14,0.7,3.35244,1.54456,4.897,3682863
pinch_sinusoid,pinch_sweep_size_rand_sinusoid-20260624-142357,TesolloCubePinch,TesolloCubePinch-20260624-145808-cubepinch_sb_baseline_s8,baseline,8,6,15,0.75,2.82157,1.49402,4.3156,3682863
pinch_sinusoid,pinch_sweep_size_rand_sinusoid-20260624-142357,TesolloCubePinch,TesolloCubePinch-20260624-145808-cubepinch_sb_baseline_s8,baseline,8,6,16,0.8,2.5794,1.50126,4.08066,3682863
pinch_sinusoid,pinch_sweep_size_rand_sinusoid-20260624-142357,TesolloCubePinch,TesolloCubePinch-20260624-145808-cubepinch_sb_baseline_s8,baseline,8,6,17,0.85,2.31461,1.50673,3.82134,3682863
pinch_sinusoid,pinch_sweep_size_rand_sinusoid-20260624-142357,TesolloCubePinch,TesolloCubePinch-20260624-145808-cubepinch_sb_baseline_s8,baseline,8,6,18,0.9,2.53271,1.55674,4.08945,3682863
pinch_sinusoid,pinch_sweep_size_rand_sinusoid-20260624-142357,TesolloCubePinch,TesolloCubePinch-20260624-145808-cubepinch_sb_baseline_s8,baseline,8,6,19,0.95,2.28436,1.65092,3.93527,3682863
pinch_sinusoid,pinch_sweep_size_rand_sinusoid-20260624-142357,TesolloCubePinch,TesolloCubePinch-20260624-145808-cubepinch_sb_baseline_s8,baseline,8,6,20,1.0,2.75164,1.79594,4.54758,3682863
pinch_sinusoid,pinch_sweep_size_rand_sinusoid-20260624-142357,TesolloCubePinch,TesolloCubePinch-20260624-145808-cubepinch_sb_baseline_s8,baseline,8,6,21,1.05,2.98042,1.95399,4.93441,3682863
pinch_sinusoid,pinch_sweep_size_rand_sinusoid-20260624-142357,TesolloCubePinch,TesolloCubePinch-20260624-145808-cubepinch_sb_baseline_s8,baseline,8,6,22,1.1,2.96178,2.08303,5.0448,3682863
pinch_sinusoid,pinch_sweep_size_rand_sinusoid-20260624-142357,TesolloCubePinch,TesolloCubePinch-20260624-145808-cubepinch_sb_baseline_s8,baseline,8,6,23,1.15,2.88154,2.1962,5.07774,3682863
pinch_sinusoid,pinch_sweep_size_rand_sinusoid-20260624-142357,TesolloCubePinch,TesolloCubePinch-20260624-145808-cubepinch_sb_baseline_s8,baseline,8,6,24,1.2,2.85274,2.29208,5.14481,3682863
pinch_sinusoid,pinch_sweep_size_rand_sinusoid-20260624-142357,TesolloCubePinch,TesolloCubePinch-20260624-145808-cubepinch_sb_baseline_s8,baseline,8,6,25,1.25,2.82942,2.37175,5.20117,3682863
pinch_sinusoid,pinch_sweep_size_rand_sinusoid-20260624-142357,TesolloCubePinch,TesolloCubePinch-20260624-145808-cubepinch_sb_baseline_s8,baseline,8,6,26,1.3,2.81543,2.45034,5.26577,3682863
pinch_sinusoid,pinch_sweep_size_rand_sinusoid-20260624-142357,TesolloCubePinch,TesolloCubePinch-20260624-145808-cubepinch_sb_baseline_s8,baseline,8,6,27,1.35,2.77033,2.53478,5.3051,3682863
pinch_sinusoid,pinch_sweep_size_rand_sinusoid-20260624-142357,TesolloCubePinch,TesolloCubePinch-20260624-145808-cubepinch_sb_baseline_s8,baseline,8,6,28,1.4,2.67402,2.00283,4.67686,3682863
pinch_sinusoid,pinch_sweep_size_rand_sinusoid-20260624-142357,TesolloCubePinch,TesolloCubePinch-20260624-145808-cubepinch_sb_baseline_s8,baseline,8,6,29,1.45,2.81536,2.094,4.90936,3682863
pinch_sinusoid,pinch_sweep_size_rand_sinusoid-20260624-142357,TesolloCubePinch,TesolloCubePinch-20260624-145808-cubepinch_sb_baseline_s8,baseline,8,6,30,1.5,2.75725,1.92033,4.67757,3682863
pinch_sinusoid,pinch_sweep_size_rand_sinusoid-20260624-142357,TesolloCubePinch,TesolloCubePinch-20260624-145808-cubepinch_sb_baseline_s8,baseline,8,6,31,1.55,2.73534,1.89909,4.63443,3682863
pinch_sinusoid,pinch_sweep_size_rand_sinusoid-20260624-142357,TesolloCubePinch,TesolloCubePinch-20260624-145808-cubepinch_sb_baseline_s8,baseline,8,6,32,1.6,2.66052,1.88201,4.54252,3682863
pinch_sinusoid,pinch_sweep_size_rand_sinusoid-20260624-142357,TesolloCubePinch,TesolloCubePinch-20260624-145808-cubepinch_sb_baseline_s8,baseline,8,6,33,1.65,2.53052,1.87473,4.40526,3682863
pinch_sinusoid,pinch_sweep_size_rand_sinusoid-20260624-142357,TesolloCubePinch,TesolloCubePinch-20260624-145808-cubepinch_sb_baseline_s8,baseline,8,6,34,1.7,2.31621,1.87057,4.18678,3682863
pinch_sinusoid,pinch_sweep_size_rand_sinusoid-20260624-142357,TesolloCubePinch,TesolloCubePinch-20260624-145808-cubepinch_sb_baseline_s8,baseline,8,6,35,1.75,2.11093,1.8678,3.97873,3682863
pinch_sinusoid,pinch_sweep_size_rand_sinusoid-20260624-142357,TesolloCubePinch,TesolloCubePinch-20260624-145808-cubepinch_sb_baseline_s8,baseline,8,6,36,1.8,2.00144,1.80276,3.8042,3682863
pinch_sinusoid,pinch_sweep_size_rand_sinusoid-20260624-142357,TesolloCubePinch,TesolloCubePinch-20260624-145808-cubepinch_sb_baseline_s8,baseline,8,6,37,1.85,1.87054,1.10224,2.97278,3682863
pinch_sinusoid,pinch_sweep_size_rand_sinusoid-20260624-142357,TesolloCubePinch,TesolloCubePinch-20260624-145808-cubepinch_sb_baseline_s8,baseline,8,6,38,1.9,1.81973,1.13623,2.95596,3682863
pinch_sinusoid,pinch_sweep_size_rand_sinusoid-20260624-142357,TesolloCubePinch,TesolloCubePinch-20260624-145808-cubepinch_sb_baseline_s8,baseline,8,6,39,1.95,1.82682,1.00882,2.83564,3682863
pinch_sinusoid,pinch_sweep_size_rand_sinusoid-20260624-142357,TesolloCubePinch,TesolloCubePinch-20260624-145808-cubepinch_sb_baseline_s8,baseline,8,6,40,2.0,1.84167,0.87188,2.71355,3682863
pinch_sinusoid,pinch_sweep_size_rand_sinusoid-20260624-142357,TesolloCubePinch,TesolloCubePinch-20260624-145808-cubepinch_sb_baseline_s8,baseline,8,6,41,2.05,1.87734,0.71682,2.59416,3682863
pinch_sinusoid,pinch_sweep_size_rand_sinusoid-20260624-142357,TesolloCubePinch,TesolloCubePinch-20260624-145808-cubepinch_sb_baseline_s8,baseline,8,6,42,2.1,1.92331,0.59786,2.52118,3682863
pinch_sinusoid,pinch_sweep_size_rand_sinusoid-20260624-142357,TesolloCubePinch,TesolloCubePinch-20260624-145808-cubepinch_sb_baseline_s8,baseline,8,6,43,2.15,1.97804,0.51708,2.49512,3682863
pinch_sinusoid,pinch_sweep_size_rand_sinusoid-20260624-142357,TesolloCubePinch,TesolloCubePinch-20260624-145808-cubepinch_sb_baseline_s8,baseline,8,6,44,2.2,2.03855,0.45924,2.49779,3682863
pinch_sinusoid,pinch_sweep_size_rand_sinusoid-20260624-142357,TesolloCubePinch,TesolloCubePinch-20260624-145808-cubepinch_sb_baseline_s8,baseline,8,6,45,2.25,2.10375,0.42963,2.53338,3682863
pinch_sinusoid,pinch_sweep_size_rand_sinusoid-20260624-142357,TesolloCubePinch,TesolloCubePinch-20260624-145808-cubepinch_sb_baseline_s8,baseline,8,6,46,2.3,2.17083,0.38745,2.55828,3682863
pinch_sinusoid,pinch_sweep_size_rand_sinusoid-20260624-142357,TesolloCubePinch,TesolloCubePinch-20260624-145808-cubepinch_sb_baseline_s8,baseline,8,6,47,2.35,2.23762,0.382,2.61961,3682863
pinch_sinusoid,pinch_sweep_size_rand_sinusoid-20260624-142357,TesolloCubePinch,TesolloCubePinch-20260624-145808-cubepinch_sb_baseline_s8,baseline,8,6,48,2.4,2.29928,0.39145,2.69073,3682863
pinch_sinusoid,pinch_sweep_size_rand_sinusoid-20260624-142357,TesolloCubePinch,TesolloCubePinch-20260624-145808-cubepinch_sb_baseline_s8,baseline,8,6,49,2.45,2.35445,0.45394,2.8084,3682863
pinch_sinusoid,pinch_sweep_size_rand_sinusoid-20260624-142357,TesolloCubePinch,TesolloCubePinch-20260624-145808-cubepinch_sb_baseline_s8,baseline,8,6,50,2.5,2.40286,0.53105,2.93392,3682863
pinch_sinusoid,pinch_sweep_size_rand_sinusoid-20260624-142357,TesolloCubePinch,TesolloCubePinch-20260624-145808-cubepinch_sb_baseline_s8,baseline,8,6,51,2.55,2.35644,0.65056,3.007,3682863
pinch_sinusoid,pinch_sweep_size_rand_sinusoid-20260624-142357,TesolloCubePinch,TesolloCubePinch-20260624-145808-cubepinch_sb_baseline_s8,baseline,8,6,52,2.6,3.56898,0.9631,4.53208,3682863
pinch_sinusoid,pinch_sweep_size_rand_sinusoid-20260624-142357,TesolloCubePinch,TesolloCubePinch-20260624-145808-cubepinch_sb_baseline_s8,baseline,8,6,53,2.65,3.09376,1.60662,4.70037,3682863
pinch_sinusoid,pinch_sweep_size_rand_sinusoid-20260624-142357,TesolloCubePinch,TesolloCubePinch-20260624-145808-cubepinch_sb_baseline_s8,baseline,8,6,54,2.7,3.61362,1.72739,5.34101,3682863
pinch_sinusoid,pinch_sweep_size_rand_sinusoid-20260624-142357,TesolloCubePinch,TesolloCubePinch-20260624-145808-cubepinch_sb_baseline_s8,baseline,8,6,55,2.75,3.90354,1.32677,5.23031,3682863
pinch_sinusoid,pinch_sweep_size_rand_sinusoid-20260624-142357,TesolloCubePinch,TesolloCubePinch-20260624-145808-cubepinch_sb_baseline_s8,baseline,8,6,56,2.8,3.72971,1.16531,4.89503,3682863
pinch_sinusoid,pinch_sweep_size_rand_sinusoid-20260624-142357,TesolloCubePinch,TesolloCubePinch-20260624-145808-cubepinch_sb_baseline_s8,baseline,8,6,57,2.85,3.61664,1.08385,4.70049,3682863
pinch_sinusoid,pinch_sweep_size_rand_sinusoid-20260624-142357,TesolloCubePinch,TesolloCubePinch-20260624-145808-cubepinch_sb_baseline_s8,baseline,8,6,58,2.9,3.58515,1.07418,4.65933,3682863
pinch_sinusoid,pinch_sweep_size_rand_sinusoid-20260624-142357,TesolloCubePinch,TesolloCubePinch-20260624-145808-cubepinch_sb_baseline_s8,baseline,8,6,59,2.95,3.61088,1.1258,4.73668,3682863
pinch_sinusoid,pinch_sweep_size_rand_sinusoid-20260624-142357,TesolloCubePinch,TesolloCubePinch-20260624-145808-cubepinch_sb_baseline_s8,baseline,8,6,60,3.0,3.64192,1.33988,4.9818,3682863
pinch_sinusoid,pinch_sweep_size_rand_sinusoid-20260624-142357,TesolloCubePinch,TesolloCubePinch-20260624-145808-cubepinch_sb_baseline_s8,baseline,8,6,61,3.05,3.06452,1.58463,4.64915,3682863
pinch_sinusoid,pinch_sweep_size_rand_sinusoid-20260624-142357,TesolloCubePinch,TesolloCubePinch-20260624-145808-cubepinch_sb_baseline_s8,baseline,8,6,62,3.1,3.21484,1.83533,5.05017,3682863
pinch_sinusoid,pinch_sweep_size_rand_sinusoid-20260624-142357,TesolloCubePinch,TesolloCubePinch-20260624-145808-cubepinch_sb_baseline_s8,baseline,8,6,63,3.15,3.2072,2.00737,5.21457,3682863
pinch_sinusoid,pinch_sweep_size_rand_sinusoid-20260624-142357,TesolloCubePinch,TesolloCubePinch-20260624-145808-cubepinch_sb_baseline_s8,baseline,8,6,64,3.2,3.19973,2.13915,5.33888,3682863
pinch_sinusoid,pinch_sweep_size_rand_sinusoid-20260624-142357,TesolloCubePinch,TesolloCubePinch-20260624-145808-cubepinch_sb_baseline_s8,baseline,8,6,65,3.25,3.1941,2.00474,5.19884,3682863
pinch_sinusoid,pinch_sweep_size_rand_sinusoid-20260624-142357,TesolloCubePinch,TesolloCubePinch-20260624-145808-cubepinch_sb_baseline_s8,baseline,8,6,66,3.3,3.12466,1.78715,4.91181,3682863
pinch_sinusoid,pinch_sweep_size_rand_sinusoid-20260624-142357,TesolloCubePinch,TesolloCubePinch-20260624-145808-cubepinch_sb_baseline_s8,baseline,8,6,67,3.35,3.06685,1.8489,4.91575,3682863
pinch_sinusoid,pinch_sweep_size_rand_sinusoid-20260624-142357,TesolloCubePinch,TesolloCubePinch-20260624-145808-cubepinch_sb_baseline_s8,baseline,8,6,68,3.4,3.05729,1.80232,4.8596,3682863
pinch_sinusoid,pinch_sweep_size_rand_sinusoid-20260624-142357,TesolloCubePinch,TesolloCubePinch-20260624-145808-cubepinch_sb_baseline_s8,baseline,8,6,69,3.45,2.95834,1.79776,4.7561,3682863
pinch_sinusoid,pinch_sweep_size_rand_sinusoid-20260624-142357,TesolloCubePinch,TesolloCubePinch-20260624-145808-cubepinch_sb_baseline_s8,baseline,8,6,70,3.5,2.93467,1.80967,4.74433,3682863
pinch_sinusoid,pinch_sweep_size_rand_sinusoid-20260624-142357,TesolloCubePinch,TesolloCubePinch-20260624-145808-cubepinch_sb_baseline_s8,baseline,8,6,71,3.55,2.85278,1.81936,4.67213,3682863
pinch_sinusoid,pinch_sweep_size_rand_sinusoid-20260624-142357,TesolloCubePinch,TesolloCubePinch-20260624-145808-cubepinch_sb_baseline_s8,baseline,8,6,72,3.6,2.50829,1.82793,4.33622,3682863
pinch_sinusoid,pinch_sweep_size_rand_sinusoid-20260624-142357,TesolloCubePinch,TesolloCubePinch-20260624-145808-cubepinch_sb_baseline_s8,baseline,8,6,73,3.65,2.46521,1.83141,4.29663,3682863
pinch_sinusoid,pinch_sweep_size_rand_sinusoid-20260624-142357,TesolloCubePinch,TesolloCubePinch-20260624-145808-cubepinch_sb_baseline_s8,baseline,8,6,74,3.7,2.4252,1.83515,4.26036,3682863
pinch_sinusoid,pinch_sweep_size_rand_sinusoid-20260624-142357,TesolloCubePinch,TesolloCubePinch-20260624-145808-cubepinch_sb_baseline_s8,baseline,8,6,75,3.75,2.21008,1.83926,4.04933,3682863
pinch_sinusoid,pinch_sweep_size_rand_sinusoid-20260624-142357,TesolloCubePinch,TesolloCubePinch-20260624-145808-cubepinch_sb_baseline_s8,baseline,8,6,76,3.8,2.07634,1.71337,3.78971,3682863
pinch_sinusoid,pinch_sweep_size_rand_sinusoid-20260624-142357,TesolloCubePinch,TesolloCubePinch-20260624-145808-cubepinch_sb_baseline_s8,baseline,8,6,77,3.85,1.96814,1.01951,2.98765,3682863
pinch_sinusoid,pinch_sweep_size_rand_sinusoid-20260624-142357,TesolloCubePinch,TesolloCubePinch-20260624-145808-cubepinch_sb_baseline_s8,baseline,8,6,78,3.9,1.95076,1.06634,3.0171,3682863
pinch_sinusoid,pinch_sweep_size_rand_sinusoid-20260624-142357,TesolloCubePinch,TesolloCubePinch-20260624-145808-cubepinch_sb_baseline_s8,baseline,8,6,79,3.95,1.9571,1.00296,2.96006,3682863
pinch_sinusoid,pinch_sweep_size_rand_sinusoid-20260624-142357,TesolloCubePinch,TesolloCubePinch-20260624-145808-cubepinch_sb_baseline_s8,baseline,8,7,0,0.0,0.0,0.0,0.0,3682863
pinch_sinusoid,pinch_sweep_size_rand_sinusoid-20260624-142357,TesolloCubePinch,TesolloCubePinch-20260624-145808-cubepinch_sb_baseline_s8,baseline,8,7,1,0.05,0.0,0.0,0.0,3682863
pinch_sinusoid,pinch_sweep_size_rand_sinusoid-20260624-142357,TesolloCubePinch,TesolloCubePinch-20260624-145808-cubepinch_sb_baseline_s8,baseline,8,7,2,0.1,0.0,0.0,0.0,3682863
pinch_sinusoid,pinch_sweep_size_rand_sinusoid-20260624-142357,TesolloCubePinch,TesolloCubePinch-20260624-145808-cubepinch_sb_baseline_s8,baseline,8,7,3,0.15,0.0,0.0,0.0,3682863
pinch_sinusoid,pinch_sweep_size_rand_sinusoid-20260624-142357,TesolloCubePinch,TesolloCubePinch-20260624-145808-cubepinch_sb_baseline_s8,baseline,8,7,4,0.2,0.0,0.0,0.0,3682863
pinch_sinusoid,pinch_sweep_size_rand_sinusoid-20260624-142357,TesolloCubePinch,TesolloCubePinch-20260624-145808-cubepinch_sb_baseline_s8,baseline,8,7,5,0.25,2.72242,2.0164,4.73881,3682863
pinch_sinusoid,pinch_sweep_size_rand_sinusoid-20260624-142357,TesolloCubePinch,TesolloCubePinch-20260624-145808-cubepinch_sb_baseline_s8,baseline,8,7,6,0.3,0.0,2.13159,2.13159,3682863
pinch_sinusoid,pinch_sweep_size_rand_sinusoid-20260624-142357,TesolloCubePinch,TesolloCubePinch-20260624-145808-cubepinch_sb_baseline_s8,baseline,8,7,7,0.35,2.38326,1.85238,4.23564,3682863
pinch_sinusoid,pinch_sweep_size_rand_sinusoid-20260624-142357,TesolloCubePinch,TesolloCubePinch-20260624-145808-cubepinch_sb_baseline_s8,baseline,8,7,8,0.4,2.85083,2.29004,5.14087,3682863
pinch_sinusoid,pinch_sweep_size_rand_sinusoid-20260624-142357,TesolloCubePinch,TesolloCubePinch-20260624-145808-cubepinch_sb_baseline_s8,baseline,8,7,9,0.45,3.17322,1.95614,5.12936,3682863
pinch_sinusoid,pinch_sweep_size_rand_sinusoid-20260624-142357,TesolloCubePinch,TesolloCubePinch-20260624-145808-cubepinch_sb_baseline_s8,baseline,8,7,10,0.5,3.42396,1.96651,5.39047,3682863
pinch_sinusoid,pinch_sweep_size_rand_sinusoid-20260624-142357,TesolloCubePinch,TesolloCubePinch-20260624-145808-cubepinch_sb_baseline_s8,baseline,8,7,11,0.55,3.03551,1.91504,4.95055,3682863
pinch_sinusoid,pinch_sweep_size_rand_sinusoid-20260624-142357,TesolloCubePinch,TesolloCubePinch-20260624-145808-cubepinch_sb_baseline_s8,baseline,8,7,12,0.6,2.79054,1.75326,4.5438,3682863
pinch_sinusoid,pinch_sweep_size_rand_sinusoid-20260624-142357,TesolloCubePinch,TesolloCubePinch-20260624-145808-cubepinch_sb_baseline_s8,baseline,8,7,13,0.65,3.23232,2.08874,5.32106,3682863
pinch_sinusoid,pinch_sweep_size_rand_sinusoid-20260624-142357,TesolloCubePinch,TesolloCubePinch-20260624-145808-cubepinch_sb_baseline_s8,baseline,8,7,14,0.7,12.74835,1.52918,14.27753,3682863
pinch_sinusoid,pinch_sweep_size_rand_sinusoid-20260624-142357,TesolloCubePinch,TesolloCubePinch-20260624-145808-cubepinch_sb_baseline_s8,baseline,8,7,15,0.75,7.92294,1.44306,9.36599,3682863
pinch_sinusoid,pinch_sweep_size_rand_sinusoid-20260624-142357,TesolloCubePinch,TesolloCubePinch-20260624-145808-cubepinch_sb_baseline_s8,baseline,8,7,16,0.8,3.91753,1.54388,5.46141,3682863
pinch_sinusoid,pinch_sweep_size_rand_sinusoid-20260624-142357,TesolloCubePinch,TesolloCubePinch-20260624-145808-cubepinch_sb_baseline_s8,baseline,8,7,17,0.85,2.14051,1.50575,3.64626,3682863
pinch_sinusoid,pinch_sweep_size_rand_sinusoid-20260624-142357,TesolloCubePinch,TesolloCubePinch-20260624-145808-cubepinch_sb_baseline_s8,baseline,8,7,18,0.9,1.71863,1.58535,3.30398,3682863
pinch_sinusoid,pinch_sweep_size_rand_sinusoid-20260624-142357,TesolloCubePinch,TesolloCubePinch-20260624-145808-cubepinch_sb_baseline_s8,baseline,8,7,19,0.95,1.72106,1.55417,3.27523,3682863
pinch_sinusoid,pinch_sweep_size_rand_sinusoid-20260624-142357,TesolloCubePinch,TesolloCubePinch-20260624-145808-cubepinch_sb_baseline_s8,baseline,8,7,20,1.0,1.72291,1.55023,3.27313,3682863
pinch_sinusoid,pinch_sweep_size_rand_sinusoid-20260624-142357,TesolloCubePinch,TesolloCubePinch-20260624-145808-cubepinch_sb_baseline_s8,baseline,8,7,21,1.05,1.84366,1.54638,3.39004,3682863
pinch_sinusoid,pinch_sweep_size_rand_sinusoid-20260624-142357,TesolloCubePinch,TesolloCubePinch-20260624-145808-cubepinch_sb_baseline_s8,baseline,8,7,22,1.1,2.05498,1.57249,3.62746,3682863
pinch_sinusoid,pinch_sweep_size_rand_sinusoid-20260624-142357,TesolloCubePinch,TesolloCubePinch-20260624-145808-cubepinch_sb_baseline_s8,baseline,8,7,23,1.15,2.13096,1.6371,3.76805,3682863
pinch_sinusoid,pinch_sweep_size_rand_sinusoid-20260624-142357,TesolloCubePinch,TesolloCubePinch-20260624-145808-cubepinch_sb_baseline_s8,baseline,8,7,24,1.2,2.35169,1.74888,4.10057,3682863
pinch_sinusoid,pinch_sweep_size_rand_sinusoid-20260624-142357,TesolloCubePinch,TesolloCubePinch-20260624-145808-cubepinch_sb_baseline_s8,baseline,8,7,25,1.25,2.20128,1.88383,4.08511,3682863
pinch_sinusoid,pinch_sweep_size_rand_sinusoid-20260624-142357,TesolloCubePinch,TesolloCubePinch-20260624-145808-cubepinch_sb_baseline_s8,baseline,8,7,26,1.3,2.83254,2.01953,4.85207,3682863
pinch_sinusoid,pinch_sweep_size_rand_sinusoid-20260624-142357,TesolloCubePinch,TesolloCubePinch-20260624-145808-cubepinch_sb_baseline_s8,baseline,8,7,27,1.35,2.93633,2.14509,5.08142,3682863
pinch_sinusoid,pinch_sweep_size_rand_sinusoid-20260624-142357,TesolloCubePinch,TesolloCubePinch-20260624-145808-cubepinch_sb_baseline_s8,baseline,8,7,28,1.4,2.89605,2.24632,5.14236,3682863
pinch_sinusoid,pinch_sweep_size_rand_sinusoid-20260624-142357,TesolloCubePinch,TesolloCubePinch-20260624-145808-cubepinch_sb_baseline_s8,baseline,8,7,29,1.45,2.82756,2.33135,5.15891,3682863
pinch_sinusoid,pinch_sweep_size_rand_sinusoid-20260624-142357,TesolloCubePinch,TesolloCubePinch-20260624-145808-cubepinch_sb_baseline_s8,baseline,8,7,30,1.5,2.82306,2.41551,5.23857,3682863
pinch_sinusoid,pinch_sweep_size_rand_sinusoid-20260624-142357,TesolloCubePinch,TesolloCubePinch-20260624-145808-cubepinch_sb_baseline_s8,baseline,8,7,31,1.55,2.8134,2.51516,5.32856,3682863
pinch_sinusoid,pinch_sweep_size_rand_sinusoid-20260624-142357,TesolloCubePinch,TesolloCubePinch-20260624-145808-cubepinch_sb_baseline_s8,baseline,8,7,32,1.6,2.78843,2.57112,5.35955,3682863
pinch_sinusoid,pinch_sweep_size_rand_sinusoid-20260624-142357,TesolloCubePinch,TesolloCubePinch-20260624-145808-cubepinch_sb_baseline_s8,baseline,8,7,33,1.65,2.71064,2.09932,4.80995,3682863
pinch_sinusoid,pinch_sweep_size_rand_sinusoid-20260624-142357,TesolloCubePinch,TesolloCubePinch-20260624-145808-cubepinch_sb_baseline_s8,baseline,8,7,34,1.7,2.7713,2.14233,4.91363,3682863
pinch_sinusoid,pinch_sweep_size_rand_sinusoid-20260624-142357,TesolloCubePinch,TesolloCubePinch-20260624-145808-cubepinch_sb_baseline_s8,baseline,8,7,35,1.75,2.71364,1.96621,4.67985,3682863
pinch_sinusoid,pinch_sweep_size_rand_sinusoid-20260624-142357,TesolloCubePinch,TesolloCubePinch-20260624-145808-cubepinch_sb_baseline_s8,baseline,8,7,36,1.8,2.70433,1.93251,4.63684,3682863
pinch_sinusoid,pinch_sweep_size_rand_sinusoid-20260624-142357,TesolloCubePinch,TesolloCubePinch-20260624-145808-cubepinch_sb_baseline_s8,baseline,8,7,37,1.85,2.65299,1.90152,4.55452,3682863
pinch_sinusoid,pinch_sweep_size_rand_sinusoid-20260624-142357,TesolloCubePinch,TesolloCubePinch-20260624-145808-cubepinch_sb_baseline_s8,baseline,8,7,38,1.9,2.54962,1.88993,4.43955,3682863
pinch_sinusoid,pinch_sweep_size_rand_sinusoid-20260624-142357,TesolloCubePinch,TesolloCubePinch-20260624-145808-cubepinch_sb_baseline_s8,baseline,8,7,39,1.95,2.37693,1.88224,4.25918,3682863
pinch_sinusoid,pinch_sweep_size_rand_sinusoid-20260624-142357,TesolloCubePinch,TesolloCubePinch-20260624-145808-cubepinch_sb_baseline_s8,baseline,8,7,40,2.0,2.14746,1.87797,4.02543,3682863
pinch_sinusoid,pinch_sweep_size_rand_sinusoid-20260624-142357,TesolloCubePinch,TesolloCubePinch-20260624-145808-cubepinch_sb_baseline_s8,baseline,8,7,41,2.05,2.0496,1.87408,3.92368,3682863
pinch_sinusoid,pinch_sweep_size_rand_sinusoid-20260624-142357,TesolloCubePinch,TesolloCubePinch-20260624-145808-cubepinch_sb_baseline_s8,baseline,8,7,42,2.1,1.90598,1.17685,3.08283,3682863
pinch_sinusoid,pinch_sweep_size_rand_sinusoid-20260624-142357,TesolloCubePinch,TesolloCubePinch-20260624-145808-cubepinch_sb_baseline_s8,baseline,8,7,43,2.15,1.84536,1.02427,2.86963,3682863
pinch_sinusoid,pinch_sweep_size_rand_sinusoid-20260624-142357,TesolloCubePinch,TesolloCubePinch-20260624-145808-cubepinch_sb_baseline_s8,baseline,8,7,44,2.2,1.86867,1.00218,2.87085,3682863
pinch_sinusoid,pinch_sweep_size_rand_sinusoid-20260624-142357,TesolloCubePinch,TesolloCubePinch-20260624-145808-cubepinch_sb_baseline_s8,baseline,8,7,45,2.25,1.84887,0.93971,2.78858,3682863
pinch_sinusoid,pinch_sweep_size_rand_sinusoid-20260624-142357,TesolloCubePinch,TesolloCubePinch-20260624-145808-cubepinch_sb_baseline_s8,baseline,8,7,46,2.3,1.87956,0.77015,2.6497,3682863
pinch_sinusoid,pinch_sweep_size_rand_sinusoid-20260624-142357,TesolloCubePinch,TesolloCubePinch-20260624-145808-cubepinch_sb_baseline_s8,baseline,8,7,47,2.35,1.91524,0.63683,2.55207,3682863
pinch_sinusoid,pinch_sweep_size_rand_sinusoid-20260624-142357,TesolloCubePinch,TesolloCubePinch-20260624-145808-cubepinch_sb_baseline_s8,baseline,8,7,48,2.4,1.96136,0.54959,2.51095,3682863
pinch_sinusoid,pinch_sweep_size_rand_sinusoid-20260624-142357,TesolloCubePinch,TesolloCubePinch-20260624-145808-cubepinch_sb_baseline_s8,baseline,8,7,49,2.45,2.01526,0.47951,2.49477,3682863
pinch_sinusoid,pinch_sweep_size_rand_sinusoid-20260624-142357,TesolloCubePinch,TesolloCubePinch-20260624-145808-cubepinch_sb_baseline_s8,baseline,8,7,50,2.5,2.07593,0.43206,2.50799,3682863
pinch_sinusoid,pinch_sweep_size_rand_sinusoid-20260624-142357,TesolloCubePinch,TesolloCubePinch-20260624-145808-cubepinch_sb_baseline_s8,baseline,8,7,51,2.55,2.14017,0.40012,2.54029,3682863
pinch_sinusoid,pinch_sweep_size_rand_sinusoid-20260624-142357,TesolloCubePinch,TesolloCubePinch-20260624-145808-cubepinch_sb_baseline_s8,baseline,8,7,52,2.6,2.20576,0.37865,2.58442,3682863
pinch_sinusoid,pinch_sweep_size_rand_sinusoid-20260624-142357,TesolloCubePinch,TesolloCubePinch-20260624-145808-cubepinch_sb_baseline_s8,baseline,8,7,53,2.65,2.268,0.4033,2.6713,3682863
pinch_sinusoid,pinch_sweep_size_rand_sinusoid-20260624-142357,TesolloCubePinch,TesolloCubePinch-20260624-145808-cubepinch_sb_baseline_s8,baseline,8,7,54,2.7,2.32383,0.44995,2.77378,3682863
pinch_sinusoid,pinch_sweep_size_rand_sinusoid-20260624-142357,TesolloCubePinch,TesolloCubePinch-20260624-145808-cubepinch_sb_baseline_s8,baseline,8,7,55,2.75,2.37312,0.51212,2.88523,3682863
pinch_sinusoid,pinch_sweep_size_rand_sinusoid-20260624-142357,TesolloCubePinch,TesolloCubePinch-20260624-145808-cubepinch_sb_baseline_s8,baseline,8,7,56,2.8,2.3628,0.61908,2.98188,3682863
pinch_sinusoid,pinch_sweep_size_rand_sinusoid-20260624-142357,TesolloCubePinch,TesolloCubePinch-20260624-145808-cubepinch_sb_baseline_s8,baseline,8,7,57,2.85,3.57176,0.0,3.57176,3682863
pinch_sinusoid,pinch_sweep_size_rand_sinusoid-20260624-142357,TesolloCubePinch,TesolloCubePinch-20260624-145808-cubepinch_sb_baseline_s8,baseline,8,7,58,2.9,3.15937,1.7322,4.89157,3682863
pinch_sinusoid,pinch_sweep_size_rand_sinusoid-20260624-142357,TesolloCubePinch,TesolloCubePinch-20260624-145808-cubepinch_sb_baseline_s8,baseline,8,7,59,2.95,3.66586,2.12613,5.79199,3682863
pinch_sinusoid,pinch_sweep_size_rand_sinusoid-20260624-142357,TesolloCubePinch,TesolloCubePinch-20260624-145808-cubepinch_sb_baseline_s8,baseline,8,7,60,3.0,3.90126,1.42539,5.32665,3682863
pinch_sinusoid,pinch_sweep_size_rand_sinusoid-20260624-142357,TesolloCubePinch,TesolloCubePinch-20260624-145808-cubepinch_sb_baseline_s8,baseline,8,7,61,3.05,3.72113,1.23401,4.95514,3682863
pinch_sinusoid,pinch_sweep_size_rand_sinusoid-20260624-142357,TesolloCubePinch,TesolloCubePinch-20260624-145808-cubepinch_sb_baseline_s8,baseline,8,7,62,3.1,3.59735,1.12781,4.72516,3682863
pinch_sinusoid,pinch_sweep_size_rand_sinusoid-20260624-142357,TesolloCubePinch,TesolloCubePinch-20260624-145808-cubepinch_sb_baseline_s8,baseline,8,7,63,3.15,3.57237,1.09281,4.66518,3682863
pinch_sinusoid,pinch_sweep_size_rand_sinusoid-20260624-142357,TesolloCubePinch,TesolloCubePinch-20260624-145808-cubepinch_sb_baseline_s8,baseline,8,7,64,3.2,3.60022,1.13168,4.73191,3682863
pinch_sinusoid,pinch_sweep_size_rand_sinusoid-20260624-142357,TesolloCubePinch,TesolloCubePinch-20260624-145808-cubepinch_sb_baseline_s8,baseline,8,7,65,3.25,3.63383,1.32315,4.95698,3682863
pinch_sinusoid,pinch_sweep_size_rand_sinusoid-20260624-142357,TesolloCubePinch,TesolloCubePinch-20260624-145808-cubepinch_sb_baseline_s8,baseline,8,7,66,3.3,3.06278,1.55972,4.62251,3682863
pinch_sinusoid,pinch_sweep_size_rand_sinusoid-20260624-142357,TesolloCubePinch,TesolloCubePinch-20260624-145808-cubepinch_sb_baseline_s8,baseline,8,7,67,3.35,3.21366,1.80569,5.01935,3682863
pinch_sinusoid,pinch_sweep_size_rand_sinusoid-20260624-142357,TesolloCubePinch,TesolloCubePinch-20260624-145808-cubepinch_sb_baseline_s8,baseline,8,7,68,3.4,3.20602,1.9813,5.18732,3682863
pinch_sinusoid,pinch_sweep_size_rand_sinusoid-20260624-142357,TesolloCubePinch,TesolloCubePinch-20260624-145808-cubepinch_sb_baseline_s8,baseline,8,7,69,3.45,3.19856,2.11825,5.31681,3682863
pinch_sinusoid,pinch_sweep_size_rand_sinusoid-20260624-142357,TesolloCubePinch,TesolloCubePinch-20260624-145808-cubepinch_sb_baseline_s8,baseline,8,7,70,3.5,3.19334,2.11644,5.30978,3682863
pinch_sinusoid,pinch_sweep_size_rand_sinusoid-20260624-142357,TesolloCubePinch,TesolloCubePinch-20260624-145808-cubepinch_sb_baseline_s8,baseline,8,7,71,3.55,3.11462,1.75357,4.8682,3682863
pinch_sinusoid,pinch_sweep_size_rand_sinusoid-20260624-142357,TesolloCubePinch,TesolloCubePinch-20260624-145808-cubepinch_sb_baseline_s8,baseline,8,7,72,3.6,3.07311,1.89338,4.96649,3682863
pinch_sinusoid,pinch_sweep_size_rand_sinusoid-20260624-142357,TesolloCubePinch,TesolloCubePinch-20260624-145808-cubepinch_sb_baseline_s8,baseline,8,7,73,3.65,3.05585,1.81863,4.87448,3682863
pinch_sinusoid,pinch_sweep_size_rand_sinusoid-20260624-142357,TesolloCubePinch,TesolloCubePinch-20260624-145808-cubepinch_sb_baseline_s8,baseline,8,7,74,3.7,2.95509,1.80289,4.75798,3682863
pinch_sinusoid,pinch_sweep_size_rand_sinusoid-20260624-142357,TesolloCubePinch,TesolloCubePinch-20260624-145808-cubepinch_sb_baseline_s8,baseline,8,7,75,3.75,2.98743,1.81796,4.80539,3682863
pinch_sinusoid,pinch_sweep_size_rand_sinusoid-20260624-142357,TesolloCubePinch,TesolloCubePinch-20260624-145808-cubepinch_sb_baseline_s8,baseline,8,7,76,3.8,2.8892,1.82115,4.71035,3682863
pinch_sinusoid,pinch_sweep_size_rand_sinusoid-20260624-142357,TesolloCubePinch,TesolloCubePinch-20260624-145808-cubepinch_sb_baseline_s8,baseline,8,7,77,3.85,2.58107,1.83064,4.41171,3682863
pinch_sinusoid,pinch_sweep_size_rand_sinusoid-20260624-142357,TesolloCubePinch,TesolloCubePinch-20260624-145808-cubepinch_sb_baseline_s8,baseline,8,7,78,3.9,2.47019,1.83272,4.30291,3682863
pinch_sinusoid,pinch_sweep_size_rand_sinusoid-20260624-142357,TesolloCubePinch,TesolloCubePinch-20260624-145808-cubepinch_sb_baseline_s8,baseline,8,7,79,3.95,2.43823,1.83578,4.27401,3682863
pinch_sinusoid,pinch_sweep_size_rand_sinusoid-20260624-142357,TesolloCubePinch,TesolloCubePinch-20260624-165709-cubepinch_sb_propriotarget_s5,proprio.target,5,0,0,0.0,0.0,0.0,0.0,3682863
pinch_sinusoid,pinch_sweep_size_rand_sinusoid-20260624-142357,TesolloCubePinch,TesolloCubePinch-20260624-165709-cubepinch_sb_propriotarget_s5,proprio.target,5,0,1,0.05,0.0,0.0,0.0,3682863
pinch_sinusoid,pinch_sweep_size_rand_sinusoid-20260624-142357,TesolloCubePinch,TesolloCubePinch-20260624-165709-cubepinch_sb_propriotarget_s5,proprio.target,5,0,2,0.1,0.0,0.0,0.0,3682863
pinch_sinusoid,pinch_sweep_size_rand_sinusoid-20260624-142357,TesolloCubePinch,TesolloCubePinch-20260624-165709-cubepinch_sb_propriotarget_s5,proprio.target,5,0,3,0.15,0.0,0.0,0.0,3682863
pinch_sinusoid,pinch_sweep_size_rand_sinusoid-20260624-142357,TesolloCubePinch,TesolloCubePinch-20260624-165709-cubepinch_sb_propriotarget_s5,proprio.target,5,0,4,0.2,0.0,0.0,0.0,3682863
pinch_sinusoid,pinch_sweep_size_rand_sinusoid-20260624-142357,TesolloCubePinch,TesolloCubePinch-20260624-165709-cubepinch_sb_propriotarget_s5,proprio.target,5,0,5,0.25,0.0,0.0,0.0,3682863
pinch_sinusoid,pinch_sweep_size_rand_sinusoid-20260624-142357,TesolloCubePinch,TesolloCubePinch-20260624-165709-cubepinch_sb_propriotarget_s5,proprio.target,5,0,6,0.3,0.0,0.0,0.0,3682863
pinch_sinusoid,pinch_sweep_size_rand_sinusoid-20260624-142357,TesolloCubePinch,TesolloCubePinch-20260624-165709-cubepinch_sb_propriotarget_s5,proprio.target,5,0,7,0.35,0.0,0.0,0.0,3682863
pinch_sinusoid,pinch_sweep_size_rand_sinusoid-20260624-142357,TesolloCubePinch,TesolloCubePinch-20260624-165709-cubepinch_sb_propriotarget_s5,proprio.target,5,0,8,0.4,0.0,0.0,0.0,3682863
pinch_sinusoid,pinch_sweep_size_rand_sinusoid-20260624-142357,TesolloCubePinch,TesolloCubePinch-20260624-165709-cubepinch_sb_propriotarget_s5,proprio.target,5,0,9,0.45,1.69288,0.95568,2.64857,3682863
pinch_sinusoid,pinch_sweep_size_rand_sinusoid-20260624-142357,TesolloCubePinch,TesolloCubePinch-20260624-165709-cubepinch_sb_propriotarget_s5,proprio.target,5,0,10,0.5,2.36985,0.79843,3.16828,3682863
pinch_sinusoid,pinch_sweep_size_rand_sinusoid-20260624-142357,TesolloCubePinch,TesolloCubePinch-20260624-165709-cubepinch_sb_propriotarget_s5,proprio.target,5,0,11,0.55,2.60333,0.81368,3.41701,3682863
pinch_sinusoid,pinch_sweep_size_rand_sinusoid-20260624-142357,TesolloCubePinch,TesolloCubePinch-20260624-165709-cubepinch_sb_propriotarget_s5,proprio.target,5,0,12,0.6,2.36997,0.69808,3.06805,3682863
pinch_sinusoid,pinch_sweep_size_rand_sinusoid-20260624-142357,TesolloCubePinch,TesolloCubePinch-20260624-165709-cubepinch_sb_propriotarget_s5,proprio.target,5,0,13,0.65,2.27993,0.81618,3.0961,3682863
pinch_sinusoid,pinch_sweep_size_rand_sinusoid-20260624-142357,TesolloCubePinch,TesolloCubePinch-20260624-165709-cubepinch_sb_propriotarget_s5,proprio.target,5,0,14,0.7,2.26501,0.7699,3.03491,3682863
pinch_sinusoid,pinch_sweep_size_rand_sinusoid-20260624-142357,TesolloCubePinch,TesolloCubePinch-20260624-165709-cubepinch_sb_propriotarget_s5,proprio.target,5,0,15,0.75,2.20332,0.99888,3.2022,3682863
pinch_sinusoid,pinch_sweep_size_rand_sinusoid-20260624-142357,TesolloCubePinch,TesolloCubePinch-20260624-165709-cubepinch_sb_propriotarget_s5,proprio.target,5,0,16,0.8,2.16955,1.3801,3.54964,3682863
pinch_sinusoid,pinch_sweep_size_rand_sinusoid-20260624-142357,TesolloCubePinch,TesolloCubePinch-20260624-165709-cubepinch_sb_propriotarget_s5,proprio.target,5,0,17,0.85,2.12184,1.71254,3.83438,3682863
pinch_sinusoid,pinch_sweep_size_rand_sinusoid-20260624-142357,TesolloCubePinch,TesolloCubePinch-20260624-165709-cubepinch_sb_propriotarget_s5,proprio.target,5,0,18,0.9,2.15715,1.75739,3.91454,3682863
pinch_sinusoid,pinch_sweep_size_rand_sinusoid-20260624-142357,TesolloCubePinch,TesolloCubePinch-20260624-165709-cubepinch_sb_propriotarget_s5,proprio.target,5,0,19,0.95,2.3908,1.8314,4.22219,3682863
pinch_sinusoid,pinch_sweep_size_rand_sinusoid-20260624-142357,TesolloCubePinch,TesolloCubePinch-20260624-165709-cubepinch_sb_propriotarget_s5,proprio.target,5,0,20,1.0,2.61799,1.9307,4.54869,3682863
pinch_sinusoid,pinch_sweep_size_rand_sinusoid-20260624-142357,TesolloCubePinch,TesolloCubePinch-20260624-165709-cubepinch_sb_propriotarget_s5,proprio.target,5,0,21,1.05,2.84687,2.01155,4.85842,3682863
pinch_sinusoid,pinch_sweep_size_rand_sinusoid-20260624-142357,TesolloCubePinch,TesolloCubePinch-20260624-165709-cubepinch_sb_propriotarget_s5,proprio.target,5,0,22,1.1,2.85644,2.00262,4.85906,3682863
pinch_sinusoid,pinch_sweep_size_rand_sinusoid-20260624-142357,TesolloCubePinch,TesolloCubePinch-20260624-165709-cubepinch_sb_propriotarget_s5,proprio.target,5,0,23,1.15,2.85652,2.01353,4.87005,3682863
pinch_sinusoid,pinch_sweep_size_rand_sinusoid-20260624-142357,TesolloCubePinch,TesolloCubePinch-20260624-165709-cubepinch_sb_propriotarget_s5,proprio.target,5,0,24,1.2,2.85165,2.2037,5.05535,3682863
pinch_sinusoid,pinch_sweep_size_rand_sinusoid-20260624-142357,TesolloCubePinch,TesolloCubePinch-20260624-165709-cubepinch_sb_propriotarget_s5,proprio.target,5,0,25,1.25,2.84522,2.3253,5.17052,3682863
pinch_sinusoid,pinch_sweep_size_rand_sinusoid-20260624-142357,TesolloCubePinch,TesolloCubePinch-20260624-165709-cubepinch_sb_propriotarget_s5,proprio.target,5,0,26,1.3,2.85476,2.3853,5.24006,3682863
pinch_sinusoid,pinch_sweep_size_rand_sinusoid-20260624-142357,TesolloCubePinch,TesolloCubePinch-20260624-165709-cubepinch_sb_propriotarget_s5,proprio.target,5,0,27,1.35,2.8573,2.39144,5.24874,3682863
pinch_sinusoid,pinch_sweep_size_rand_sinusoid-20260624-142357,TesolloCubePinch,TesolloCubePinch-20260624-165709-cubepinch_sb_propriotarget_s5,proprio.target,5,0,28,1.4,2.85349,2.35057,5.20407,3682863
pinch_sinusoid,pinch_sweep_size_rand_sinusoid-20260624-142357,TesolloCubePinch,TesolloCubePinch-20260624-165709-cubepinch_sb_propriotarget_s5,proprio.target,5,0,29,1.45,2.82282,2.26719,5.09001,3682863
pinch_sinusoid,pinch_sweep_size_rand_sinusoid-20260624-142357,TesolloCubePinch,TesolloCubePinch-20260624-165709-cubepinch_sb_propriotarget_s5,proprio.target,5,0,30,1.5,2.76868,2.1897,4.95837,3682863
pinch_sinusoid,pinch_sweep_size_rand_sinusoid-20260624-142357,TesolloCubePinch,TesolloCubePinch-20260624-165709-cubepinch_sb_propriotarget_s5,proprio.target,5,0,31,1.55,2.68973,2.15415,4.84388,3682863
pinch_sinusoid,pinch_sweep_size_rand_sinusoid-20260624-142357,TesolloCubePinch,TesolloCubePinch-20260624-165709-cubepinch_sb_propriotarget_s5,proprio.target,5,0,32,1.6,2.58416,2.06234,4.6465,3682863
pinch_sinusoid,pinch_sweep_size_rand_sinusoid-20260624-142357,TesolloCubePinch,TesolloCubePinch-20260624-165709-cubepinch_sb_propriotarget_s5,proprio.target,5,0,33,1.65,2.49995,1.99667,4.49662,3682863
pinch_sinusoid,pinch_sweep_size_rand_sinusoid-20260624-142357,TesolloCubePinch,TesolloCubePinch-20260624-165709-cubepinch_sb_propriotarget_s5,proprio.target,5,0,34,1.7,2.37449,1.93099,4.30549,3682863
pinch_sinusoid,pinch_sweep_size_rand_sinusoid-20260624-142357,TesolloCubePinch,TesolloCubePinch-20260624-165709-cubepinch_sb_propriotarget_s5,proprio.target,5,0,35,1.75,2.33421,1.84059,4.1748,3682863
pinch_sinusoid,pinch_sweep_size_rand_sinusoid-20260624-142357,TesolloCubePinch,TesolloCubePinch-20260624-165709-cubepinch_sb_propriotarget_s5,proprio.target,5,0,36,1.8,2.15842,1.74053,3.89895,3682863
pinch_sinusoid,pinch_sweep_size_rand_sinusoid-20260624-142357,TesolloCubePinch,TesolloCubePinch-20260624-165709-cubepinch_sb_propriotarget_s5,proprio.target,5,0,37,1.85,1.97579,1.66941,3.6452,3682863
pinch_sinusoid,pinch_sweep_size_rand_sinusoid-20260624-142357,TesolloCubePinch,TesolloCubePinch-20260624-165709-cubepinch_sb_propriotarget_s5,proprio.target,5,0,38,1.9,1.87369,1.71846,3.59215,3682863
pinch_sinusoid,pinch_sweep_size_rand_sinusoid-20260624-142357,TesolloCubePinch,TesolloCubePinch-20260624-165709-cubepinch_sb_propriotarget_s5,proprio.target,5,0,39,1.95,1.90841,1.21174,3.12015,3682863
pinch_sinusoid,pinch_sweep_size_rand_sinusoid-20260624-142357,TesolloCubePinch,TesolloCubePinch-20260624-165709-cubepinch_sb_propriotarget_s5,proprio.target,5,0,40,2.0,2.11104,0.95627,3.06731,3682863
pinch_sinusoid,pinch_sweep_size_rand_sinusoid-20260624-142357,TesolloCubePinch,TesolloCubePinch-20260624-165709-cubepinch_sb_propriotarget_s5,proprio.target,5,0,41,2.05,1.54311,0.84962,2.39273,3682863
pinch_sinusoid,pinch_sweep_size_rand_sinusoid-20260624-142357,TesolloCubePinch,TesolloCubePinch-20260624-165709-cubepinch_sb_propriotarget_s5,proprio.target,5,0,42,2.1,1.44571,0.96913,2.41484,3682863
pinch_sinusoid,pinch_sweep_size_rand_sinusoid-20260624-142357,TesolloCubePinch,TesolloCubePinch-20260624-165709-cubepinch_sb_propriotarget_s5,proprio.target,5,0,43,2.15,1.32695,0.97046,2.29741,3682863
pinch_sinusoid,pinch_sweep_size_rand_sinusoid-20260624-142357,TesolloCubePinch,TesolloCubePinch-20260624-165709-cubepinch_sb_propriotarget_s5,proprio.target,5,0,44,2.2,1.2763,0.91428,2.19058,3682863
pinch_sinusoid,pinch_sweep_size_rand_sinusoid-20260624-142357,TesolloCubePinch,TesolloCubePinch-20260624-165709-cubepinch_sb_propriotarget_s5,proprio.target,5,0,45,2.25,1.30064,0.85327,2.15391,3682863
pinch_sinusoid,pinch_sweep_size_rand_sinusoid-20260624-142357,TesolloCubePinch,TesolloCubePinch-20260624-165709-cubepinch_sb_propriotarget_s5,proprio.target,5,0,46,2.3,1.23334,0.82021,2.05355,3682863
pinch_sinusoid,pinch_sweep_size_rand_sinusoid-20260624-142357,TesolloCubePinch,TesolloCubePinch-20260624-165709-cubepinch_sb_propriotarget_s5,proprio.target,5,0,47,2.35,1.24658,0.80258,2.04916,3682863
pinch_sinusoid,pinch_sweep_size_rand_sinusoid-20260624-142357,TesolloCubePinch,TesolloCubePinch-20260624-165709-cubepinch_sb_propriotarget_s5,proprio.target,5,0,48,2.4,1.26752,0.81513,2.08265,3682863
pinch_sinusoid,pinch_sweep_size_rand_sinusoid-20260624-142357,TesolloCubePinch,TesolloCubePinch-20260624-165709-cubepinch_sb_propriotarget_s5,proprio.target,5,0,49,2.45,1.29535,0.85706,2.15241,3682863
pinch_sinusoid,pinch_sweep_size_rand_sinusoid-20260624-142357,TesolloCubePinch,TesolloCubePinch-20260624-165709-cubepinch_sb_propriotarget_s5,proprio.target,5,0,50,2.5,1.349,0.92051,2.2695,3682863
pinch_sinusoid,pinch_sweep_size_rand_sinusoid-20260624-142357,TesolloCubePinch,TesolloCubePinch-20260624-165709-cubepinch_sb_propriotarget_s5,proprio.target,5,0,51,2.55,1.35082,0.90015,2.25098,3682863
pinch_sinusoid,pinch_sweep_size_rand_sinusoid-20260624-142357,TesolloCubePinch,TesolloCubePinch-20260624-165709-cubepinch_sb_propriotarget_s5,proprio.target,5,0,52,2.6,1.46233,0.86448,2.32681,3682863
pinch_sinusoid,pinch_sweep_size_rand_sinusoid-20260624-142357,TesolloCubePinch,TesolloCubePinch-20260624-165709-cubepinch_sb_propriotarget_s5,proprio.target,5,0,53,2.65,1.83108,0.94015,2.77123,3682863
pinch_sinusoid,pinch_sweep_size_rand_sinusoid-20260624-142357,TesolloCubePinch,TesolloCubePinch-20260624-165709-cubepinch_sb_propriotarget_s5,proprio.target,5,0,54,2.7,2.07317,1.05612,3.12929,3682863
pinch_sinusoid,pinch_sweep_size_rand_sinusoid-20260624-142357,TesolloCubePinch,TesolloCubePinch-20260624-165709-cubepinch_sb_propriotarget_s5,proprio.target,5,0,55,2.75,1.94376,1.54037,3.48414,3682863
pinch_sinusoid,pinch_sweep_size_rand_sinusoid-20260624-142357,TesolloCubePinch,TesolloCubePinch-20260624-165709-cubepinch_sb_propriotarget_s5,proprio.target,5,0,56,2.8,1.92543,1.62449,3.54993,3682863
pinch_sinusoid,pinch_sweep_size_rand_sinusoid-20260624-142357,TesolloCubePinch,TesolloCubePinch-20260624-165709-cubepinch_sb_propriotarget_s5,proprio.target,5,0,57,2.85,2.15848,1.67733,3.83581,3682863
pinch_sinusoid,pinch_sweep_size_rand_sinusoid-20260624-142357,TesolloCubePinch,TesolloCubePinch-20260624-165709-cubepinch_sb_propriotarget_s5,proprio.target,5,0,58,2.9,2.22395,1.73735,3.9613,3682863
pinch_sinusoid,pinch_sweep_size_rand_sinusoid-20260624-142357,TesolloCubePinch,TesolloCubePinch-20260624-165709-cubepinch_sb_propriotarget_s5,proprio.target,5,0,59,2.95,2.685,1.82121,4.50621,3682863
pinch_sinusoid,pinch_sweep_size_rand_sinusoid-20260624-142357,TesolloCubePinch,TesolloCubePinch-20260624-165709-cubepinch_sb_propriotarget_s5,proprio.target,5,0,60,3.0,2.84932,1.91276,4.76208,3682863
pinch_sinusoid,pinch_sweep_size_rand_sinusoid-20260624-142357,TesolloCubePinch,TesolloCubePinch-20260624-165709-cubepinch_sb_propriotarget_s5,proprio.target,5,0,61,3.05,2.87742,2.01565,4.89306,3682863
pinch_sinusoid,pinch_sweep_size_rand_sinusoid-20260624-142357,TesolloCubePinch,TesolloCubePinch-20260624-165709-cubepinch_sb_propriotarget_s5,proprio.target,5,0,62,3.1,2.90834,2.17783,5.08617,3682863
pinch_sinusoid,pinch_sweep_size_rand_sinusoid-20260624-142357,TesolloCubePinch,TesolloCubePinch-20260624-165709-cubepinch_sb_propriotarget_s5,proprio.target,5,0,63,3.15,2.92769,2.16478,5.09248,3682863
pinch_sinusoid,pinch_sweep_size_rand_sinusoid-20260624-142357,TesolloCubePinch,TesolloCubePinch-20260624-165709-cubepinch_sb_propriotarget_s5,proprio.target,5,0,64,3.2,2.93854,2.26618,5.20472,3682863
pinch_sinusoid,pinch_sweep_size_rand_sinusoid-20260624-142357,TesolloCubePinch,TesolloCubePinch-20260624-165709-cubepinch_sb_propriotarget_s5,proprio.target,5,0,65,3.25,2.94314,2.32913,5.27227,3682863
pinch_sinusoid,pinch_sweep_size_rand_sinusoid-20260624-142357,TesolloCubePinch,TesolloCubePinch-20260624-165709-cubepinch_sb_propriotarget_s5,proprio.target,5,0,66,3.3,2.94092,2.36156,5.30248,3682863
pinch_sinusoid,pinch_sweep_size_rand_sinusoid-20260624-142357,TesolloCubePinch,TesolloCubePinch-20260624-165709-cubepinch_sb_propriotarget_s5,proprio.target,5,0,67,3.35,2.85393,2.3823,5.23623,3682863
pinch_sinusoid,pinch_sweep_size_rand_sinusoid-20260624-142357,TesolloCubePinch,TesolloCubePinch-20260624-165709-cubepinch_sb_propriotarget_s5,proprio.target,5,0,68,3.4,2.83407,2.37515,5.20923,3682863
pinch_sinusoid,pinch_sweep_size_rand_sinusoid-20260624-142357,TesolloCubePinch,TesolloCubePinch-20260624-165709-cubepinch_sb_propriotarget_s5,proprio.target,5,0,69,3.45,2.82878,2.33249,5.16126,3682863
pinch_sinusoid,pinch_sweep_size_rand_sinusoid-20260624-142357,TesolloCubePinch,TesolloCubePinch-20260624-165709-cubepinch_sb_propriotarget_s5,proprio.target,5,0,70,3.5,2.70368,2.32504,5.02872,3682863
pinch_sinusoid,pinch_sweep_size_rand_sinusoid-20260624-142357,TesolloCubePinch,TesolloCubePinch-20260624-165709-cubepinch_sb_propriotarget_s5,proprio.target,5,0,71,3.55,2.61636,2.23506,4.85141,3682863
pinch_sinusoid,pinch_sweep_size_rand_sinusoid-20260624-142357,TesolloCubePinch,TesolloCubePinch-20260624-165709-cubepinch_sb_propriotarget_s5,proprio.target,5,0,72,3.6,2.51572,2.14802,4.66374,3682863
pinch_sinusoid,pinch_sweep_size_rand_sinusoid-20260624-142357,TesolloCubePinch,TesolloCubePinch-20260624-165709-cubepinch_sb_propriotarget_s5,proprio.target,5,0,73,3.65,2.38612,1.99538,4.3815,3682863
pinch_sinusoid,pinch_sweep_size_rand_sinusoid-20260624-142357,TesolloCubePinch,TesolloCubePinch-20260624-165709-cubepinch_sb_propriotarget_s5,proprio.target,5,0,74,3.7,2.36294,1.91893,4.28187,3682863
pinch_sinusoid,pinch_sweep_size_rand_sinusoid-20260624-142357,TesolloCubePinch,TesolloCubePinch-20260624-165709-cubepinch_sb_propriotarget_s5,proprio.target,5,0,75,3.75,2.2615,1.87387,4.13538,3682863
pinch_sinusoid,pinch_sweep_size_rand_sinusoid-20260624-142357,TesolloCubePinch,TesolloCubePinch-20260624-165709-cubepinch_sb_propriotarget_s5,proprio.target,5,0,76,3.8,2.12987,1.75553,3.8854,3682863
pinch_sinusoid,pinch_sweep_size_rand_sinusoid-20260624-142357,TesolloCubePinch,TesolloCubePinch-20260624-165709-cubepinch_sb_propriotarget_s5,proprio.target,5,0,77,3.85,1.9848,1.65041,3.63521,3682863
pinch_sinusoid,pinch_sweep_size_rand_sinusoid-20260624-142357,TesolloCubePinch,TesolloCubePinch-20260624-165709-cubepinch_sb_propriotarget_s5,proprio.target,5,0,78,3.9,1.92569,1.76008,3.68576,3682863
pinch_sinusoid,pinch_sweep_size_rand_sinusoid-20260624-142357,TesolloCubePinch,TesolloCubePinch-20260624-165709-cubepinch_sb_propriotarget_s5,proprio.target,5,0,79,3.95,1.98969,1.15826,3.14794,3682863
pinch_sinusoid,pinch_sweep_size_rand_sinusoid-20260624-142357,TesolloCubePinch,TesolloCubePinch-20260624-165709-cubepinch_sb_propriotarget_s5,proprio.target,5,1,0,0.0,0.0,0.0,0.0,3682863
pinch_sinusoid,pinch_sweep_size_rand_sinusoid-20260624-142357,TesolloCubePinch,TesolloCubePinch-20260624-165709-cubepinch_sb_propriotarget_s5,proprio.target,5,1,1,0.05,0.0,0.0,0.0,3682863
pinch_sinusoid,pinch_sweep_size_rand_sinusoid-20260624-142357,TesolloCubePinch,TesolloCubePinch-20260624-165709-cubepinch_sb_propriotarget_s5,proprio.target,5,1,2,0.1,0.0,0.0,0.0,3682863
pinch_sinusoid,pinch_sweep_size_rand_sinusoid-20260624-142357,TesolloCubePinch,TesolloCubePinch-20260624-165709-cubepinch_sb_propriotarget_s5,proprio.target,5,1,3,0.15,0.0,0.0,0.0,3682863
pinch_sinusoid,pinch_sweep_size_rand_sinusoid-20260624-142357,TesolloCubePinch,TesolloCubePinch-20260624-165709-cubepinch_sb_propriotarget_s5,proprio.target,5,1,4,0.2,0.0,0.0,0.0,3682863
pinch_sinusoid,pinch_sweep_size_rand_sinusoid-20260624-142357,TesolloCubePinch,TesolloCubePinch-20260624-165709-cubepinch_sb_propriotarget_s5,proprio.target,5,1,5,0.25,0.0,0.0,0.0,3682863
pinch_sinusoid,pinch_sweep_size_rand_sinusoid-20260624-142357,TesolloCubePinch,TesolloCubePinch-20260624-165709-cubepinch_sb_propriotarget_s5,proprio.target,5,1,6,0.3,0.0,1.73454,1.73454,3682863
pinch_sinusoid,pinch_sweep_size_rand_sinusoid-20260624-142357,TesolloCubePinch,TesolloCubePinch-20260624-165709-cubepinch_sb_propriotarget_s5,proprio.target,5,1,7,0.35,2.41283,1.85979,4.27261,3682863
pinch_sinusoid,pinch_sweep_size_rand_sinusoid-20260624-142357,TesolloCubePinch,TesolloCubePinch-20260624-165709-cubepinch_sb_propriotarget_s5,proprio.target,5,1,8,0.4,2.25283,1.96135,4.21418,3682863
pinch_sinusoid,pinch_sweep_size_rand_sinusoid-20260624-142357,TesolloCubePinch,TesolloCubePinch-20260624-165709-cubepinch_sb_propriotarget_s5,proprio.target,5,1,9,0.45,2.35823,2.04755,4.40578,3682863
pinch_sinusoid,pinch_sweep_size_rand_sinusoid-20260624-142357,TesolloCubePinch,TesolloCubePinch-20260624-165709-cubepinch_sb_propriotarget_s5,proprio.target,5,1,10,0.5,2.55267,2.09068,4.64334,3682863
pinch_sinusoid,pinch_sweep_size_rand_sinusoid-20260624-142357,TesolloCubePinch,TesolloCubePinch-20260624-165709-cubepinch_sb_propriotarget_s5,proprio.target,5,1,11,0.55,3.00072,2.09288,5.0936,3682863
pinch_sinusoid,pinch_sweep_size_rand_sinusoid-20260624-142357,TesolloCubePinch,TesolloCubePinch-20260624-165709-cubepinch_sb_propriotarget_s5,proprio.target,5,1,12,0.6,2.6134,2.13523,4.74864,3682863
pinch_sinusoid,pinch_sweep_size_rand_sinusoid-20260624-142357,TesolloCubePinch,TesolloCubePinch-20260624-165709-cubepinch_sb_propriotarget_s5,proprio.target,5,1,13,0.65,2.528,2.22238,4.75038,3682863
pinch_sinusoid,pinch_sweep_size_rand_sinusoid-20260624-142357,TesolloCubePinch,TesolloCubePinch-20260624-165709-cubepinch_sb_propriotarget_s5,proprio.target,5,1,14,0.7,2.55569,2.11943,4.67512,3682863
pinch_sinusoid,pinch_sweep_size_rand_sinusoid-20260624-142357,TesolloCubePinch,TesolloCubePinch-20260624-165709-cubepinch_sb_propriotarget_s5,proprio.target,5,1,15,0.75,2.53369,2.07709,4.61078,3682863
pinch_sinusoid,pinch_sweep_size_rand_sinusoid-20260624-142357,TesolloCubePinch,TesolloCubePinch-20260624-165709-cubepinch_sb_propriotarget_s5,proprio.target,5,1,16,0.8,2.50977,2.05687,4.56664,3682863
pinch_sinusoid,pinch_sweep_size_rand_sinusoid-20260624-142357,TesolloCubePinch,TesolloCubePinch-20260624-165709-cubepinch_sb_propriotarget_s5,proprio.target,5,1,17,0.85,2.47243,2.03622,4.50865,3682863
pinch_sinusoid,pinch_sweep_size_rand_sinusoid-20260624-142357,TesolloCubePinch,TesolloCubePinch-20260624-165709-cubepinch_sb_propriotarget_s5,proprio.target,5,1,18,0.9,2.42919,2.00776,4.43695,3682863
pinch_sinusoid,pinch_sweep_size_rand_sinusoid-20260624-142357,TesolloCubePinch,TesolloCubePinch-20260624-165709-cubepinch_sb_propriotarget_s5,proprio.target,5,1,19,0.95,2.37939,1.91226,4.29166,3682863
pinch_sinusoid,pinch_sweep_size_rand_sinusoid-20260624-142357,TesolloCubePinch,TesolloCubePinch-20260624-165709-cubepinch_sb_propriotarget_s5,proprio.target,5,1,20,1.0,2.28438,1.8611,4.14547,3682863
pinch_sinusoid,pinch_sweep_size_rand_sinusoid-20260624-142357,TesolloCubePinch,TesolloCubePinch-20260624-165709-cubepinch_sb_propriotarget_s5,proprio.target,5,1,21,1.05,2.04025,1.75968,3.79993,3682863
pinch_sinusoid,pinch_sweep_size_rand_sinusoid-20260624-142357,TesolloCubePinch,TesolloCubePinch-20260624-165709-cubepinch_sb_propriotarget_s5,proprio.target,5,1,22,1.1,1.97544,1.67836,3.6538,3682863
pinch_sinusoid,pinch_sweep_size_rand_sinusoid-20260624-142357,TesolloCubePinch,TesolloCubePinch-20260624-165709-cubepinch_sb_propriotarget_s5,proprio.target,5,1,23,1.15,1.95041,1.61968,3.57009,3682863
pinch_sinusoid,pinch_sweep_size_rand_sinusoid-20260624-142357,TesolloCubePinch,TesolloCubePinch-20260624-165709-cubepinch_sb_propriotarget_s5,proprio.target,5,1,24,1.2,1.91833,1.70557,3.6239,3682863
pinch_sinusoid,pinch_sweep_size_rand_sinusoid-20260624-142357,TesolloCubePinch,TesolloCubePinch-20260624-165709-cubepinch_sb_propriotarget_s5,proprio.target,5,1,25,1.25,1.92276,1.11991,3.04267,3682863
pinch_sinusoid,pinch_sweep_size_rand_sinusoid-20260624-142357,TesolloCubePinch,TesolloCubePinch-20260624-165709-cubepinch_sb_propriotarget_s5,proprio.target,5,1,26,1.3,2.12657,0.91139,3.03796,3682863
pinch_sinusoid,pinch_sweep_size_rand_sinusoid-20260624-142357,TesolloCubePinch,TesolloCubePinch-20260624-165709-cubepinch_sb_propriotarget_s5,proprio.target,5,1,27,1.35,1.57339,0.73794,2.31133,3682863
pinch_sinusoid,pinch_sweep_size_rand_sinusoid-20260624-142357,TesolloCubePinch,TesolloCubePinch-20260624-165709-cubepinch_sb_propriotarget_s5,proprio.target,5,1,28,1.4,1.58625,0.79782,2.38407,3682863
pinch_sinusoid,pinch_sweep_size_rand_sinusoid-20260624-142357,TesolloCubePinch,TesolloCubePinch-20260624-165709-cubepinch_sb_propriotarget_s5,proprio.target,5,1,29,1.45,1.45299,0.8545,2.30749,3682863
pinch_sinusoid,pinch_sweep_size_rand_sinusoid-20260624-142357,TesolloCubePinch,TesolloCubePinch-20260624-165709-cubepinch_sb_propriotarget_s5,proprio.target,5,1,30,1.5,1.31503,0.86207,2.17709,3682863
pinch_sinusoid,pinch_sweep_size_rand_sinusoid-20260624-142357,TesolloCubePinch,TesolloCubePinch-20260624-165709-cubepinch_sb_propriotarget_s5,proprio.target,5,1,31,1.55,1.23433,0.84427,2.0786,3682863
pinch_sinusoid,pinch_sweep_size_rand_sinusoid-20260624-142357,TesolloCubePinch,TesolloCubePinch-20260624-165709-cubepinch_sb_propriotarget_s5,proprio.target,5,1,32,1.6,1.19538,0.83554,2.03092,3682863
pinch_sinusoid,pinch_sweep_size_rand_sinusoid-20260624-142357,TesolloCubePinch,TesolloCubePinch-20260624-165709-cubepinch_sb_propriotarget_s5,proprio.target,5,1,33,1.65,1.17523,0.8517,2.02693,3682863
pinch_sinusoid,pinch_sweep_size_rand_sinusoid-20260624-142357,TesolloCubePinch,TesolloCubePinch-20260624-165709-cubepinch_sb_propriotarget_s5,proprio.target,5,1,34,1.7,1.18292,0.89557,2.07849,3682863
pinch_sinusoid,pinch_sweep_size_rand_sinusoid-20260624-142357,TesolloCubePinch,TesolloCubePinch-20260624-165709-cubepinch_sb_propriotarget_s5,proprio.target,5,1,35,1.75,1.22006,0.87691,2.09696,3682863
pinch_sinusoid,pinch_sweep_size_rand_sinusoid-20260624-142357,TesolloCubePinch,TesolloCubePinch-20260624-165709-cubepinch_sb_propriotarget_s5,proprio.target,5,1,36,1.8,1.36541,0.88926,2.25467,3682863
pinch_sinusoid,pinch_sweep_size_rand_sinusoid-20260624-142357,TesolloCubePinch,TesolloCubePinch-20260624-165709-cubepinch_sb_propriotarget_s5,proprio.target,5,1,37,1.85,1.41198,0.91211,2.32409,3682863
pinch_sinusoid,pinch_sweep_size_rand_sinusoid-20260624-142357,TesolloCubePinch,TesolloCubePinch-20260624-165709-cubepinch_sb_propriotarget_s5,proprio.target,5,1,38,1.9,1.75355,0.95798,2.71153,3682863
pinch_sinusoid,pinch_sweep_size_rand_sinusoid-20260624-142357,TesolloCubePinch,TesolloCubePinch-20260624-165709-cubepinch_sb_propriotarget_s5,proprio.target,5,1,39,1.95,2.01631,1.04773,3.06404,3682863
pinch_sinusoid,pinch_sweep_size_rand_sinusoid-20260624-142357,TesolloCubePinch,TesolloCubePinch-20260624-165709-cubepinch_sb_propriotarget_s5,proprio.target,5,1,40,2.0,1.88937,1.46531,3.35468,3682863
pinch_sinusoid,pinch_sweep_size_rand_sinusoid-20260624-142357,TesolloCubePinch,TesolloCubePinch-20260624-165709-cubepinch_sb_propriotarget_s5,proprio.target,5,1,41,2.05,1.93055,1.62859,3.55914,3682863
pinch_sinusoid,pinch_sweep_size_rand_sinusoid-20260624-142357,TesolloCubePinch,TesolloCubePinch-20260624-165709-cubepinch_sb_propriotarget_s5,proprio.target,5,1,42,2.1,2.13612,1.67145,3.80756,3682863
pinch_sinusoid,pinch_sweep_size_rand_sinusoid-20260624-142357,TesolloCubePinch,TesolloCubePinch-20260624-165709-cubepinch_sb_propriotarget_s5,proprio.target,5,1,43,2.15,2.20655,1.72482,3.93137,3682863
pinch_sinusoid,pinch_sweep_size_rand_sinusoid-20260624-142357,TesolloCubePinch,TesolloCubePinch-20260624-165709-cubepinch_sb_propriotarget_s5,proprio.target,5,1,44,2.2,2.48155,1.79984,4.28139,3682863
pinch_sinusoid,pinch_sweep_size_rand_sinusoid-20260624-142357,TesolloCubePinch,TesolloCubePinch-20260624-165709-cubepinch_sb_propriotarget_s5,proprio.target,5,1,45,2.25,2.81472,1.8885,4.70322,3682863
pinch_sinusoid,pinch_sweep_size_rand_sinusoid-20260624-142357,TesolloCubePinch,TesolloCubePinch-20260624-165709-cubepinch_sb_propriotarget_s5,proprio.target,5,1,46,2.3,2.87839,1.97917,4.85756,3682863
pinch_sinusoid,pinch_sweep_size_rand_sinusoid-20260624-142357,TesolloCubePinch,TesolloCubePinch-20260624-165709-cubepinch_sb_propriotarget_s5,proprio.target,5,1,47,2.35,2.91044,2.128,5.03845,3682863
pinch_sinusoid,pinch_sweep_size_rand_sinusoid-20260624-142357,TesolloCubePinch,TesolloCubePinch-20260624-165709-cubepinch_sb_propriotarget_s5,proprio.target,5,1,48,2.4,2.93224,2.14907,5.08131,3682863
pinch_sinusoid,pinch_sweep_size_rand_sinusoid-20260624-142357,TesolloCubePinch,TesolloCubePinch-20260624-165709-cubepinch_sb_propriotarget_s5,proprio.target,5,1,49,2.45,2.93526,2.25285,5.18811,3682863
pinch_sinusoid,pinch_sweep_size_rand_sinusoid-20260624-142357,TesolloCubePinch,TesolloCubePinch-20260624-165709-cubepinch_sb_propriotarget_s5,proprio.target,5,1,50,2.5,2.94046,2.31831,5.25878,3682863
pinch_sinusoid,pinch_sweep_size_rand_sinusoid-20260624-142357,TesolloCubePinch,TesolloCubePinch-20260624-165709-cubepinch_sb_propriotarget_s5,proprio.target,5,1,51,2.55,2.90597,2.39496,5.30093,3682863
pinch_sinusoid,pinch_sweep_size_rand_sinusoid-20260624-142357,TesolloCubePinch,TesolloCubePinch-20260624-165709-cubepinch_sb_propriotarget_s5,proprio.target,5,1,52,2.6,2.85316,2.43151,5.28467,3682863
pinch_sinusoid,pinch_sweep_size_rand_sinusoid-20260624-142357,TesolloCubePinch,TesolloCubePinch-20260624-165709-cubepinch_sb_propriotarget_s5,proprio.target,5,1,53,2.65,2.83457,2.42947,5.26404,3682863
pinch_sinusoid,pinch_sweep_size_rand_sinusoid-20260624-142357,TesolloCubePinch,TesolloCubePinch-20260624-165709-cubepinch_sb_propriotarget_s5,proprio.target,5,1,54,2.7,2.82916,2.38721,5.21637,3682863
pinch_sinusoid,pinch_sweep_size_rand_sinusoid-20260624-142357,TesolloCubePinch,TesolloCubePinch-20260624-165709-cubepinch_sb_propriotarget_s5,proprio.target,5,1,55,2.75,2.75065,2.35041,5.10106,3682863
pinch_sinusoid,pinch_sweep_size_rand_sinusoid-20260624-142357,TesolloCubePinch,TesolloCubePinch-20260624-165709-cubepinch_sb_propriotarget_s5,proprio.target,5,1,56,2.8,2.65983,2.28935,4.94918,3682863
pinch_sinusoid,pinch_sweep_size_rand_sinusoid-20260624-142357,TesolloCubePinch,TesolloCubePinch-20260624-165709-cubepinch_sb_propriotarget_s5,proprio.target,5,1,57,2.85,2.5734,2.17941,4.75281,3682863
pinch_sinusoid,pinch_sweep_size_rand_sinusoid-20260624-142357,TesolloCubePinch,TesolloCubePinch-20260624-165709-cubepinch_sb_propriotarget_s5,proprio.target,5,1,58,2.9,2.46722,2.02265,4.48986,3682863
pinch_sinusoid,pinch_sweep_size_rand_sinusoid-20260624-142357,TesolloCubePinch,TesolloCubePinch-20260624-165709-cubepinch_sb_propriotarget_s5,proprio.target,5,1,59,2.95,2.37265,1.93898,4.31163,3682863
pinch_sinusoid,pinch_sweep_size_rand_sinusoid-20260624-142357,TesolloCubePinch,TesolloCubePinch-20260624-165709-cubepinch_sb_propriotarget_s5,proprio.target,5,1,60,3.0,2.33107,1.902,4.23306,3682863
pinch_sinusoid,pinch_sweep_size_rand_sinusoid-20260624-142357,TesolloCubePinch,TesolloCubePinch-20260624-165709-cubepinch_sb_propriotarget_s5,proprio.target,5,1,61,3.05,2.18386,1.80313,3.987,3682863
pinch_sinusoid,pinch_sweep_size_rand_sinusoid-20260624-142357,TesolloCubePinch,TesolloCubePinch-20260624-165709-cubepinch_sb_propriotarget_s5,proprio.target,5,1,62,3.1,2.03065,1.68127,3.71192,3682863
pinch_sinusoid,pinch_sweep_size_rand_sinusoid-20260624-142357,TesolloCubePinch,TesolloCubePinch-20260624-165709-cubepinch_sb_propriotarget_s5,proprio.target,5,1,63,3.15,1.9211,1.66923,3.59032,3682863
pinch_sinusoid,pinch_sweep_size_rand_sinusoid-20260624-142357,TesolloCubePinch,TesolloCubePinch-20260624-165709-cubepinch_sb_propriotarget_s5,proprio.target,5,1,64,3.2,1.94334,1.33984,3.28318,3682863
pinch_sinusoid,pinch_sweep_size_rand_sinusoid-20260624-142357,TesolloCubePinch,TesolloCubePinch-20260624-165709-cubepinch_sb_propriotarget_s5,proprio.target,5,1,65,3.25,2.13003,0.9881,3.11813,3682863
pinch_sinusoid,pinch_sweep_size_rand_sinusoid-20260624-142357,TesolloCubePinch,TesolloCubePinch-20260624-165709-cubepinch_sb_propriotarget_s5,proprio.target,5,1,66,3.3,1.52557,0.90545,2.43102,3682863
pinch_sinusoid,pinch_sweep_size_rand_sinusoid-20260624-142357,TesolloCubePinch,TesolloCubePinch-20260624-165709-cubepinch_sb_propriotarget_s5,proprio.target,5,1,67,3.35,1.46339,1.03908,2.50248,3682863
pinch_sinusoid,pinch_sweep_size_rand_sinusoid-20260624-142357,TesolloCubePinch,TesolloCubePinch-20260624-165709-cubepinch_sb_propriotarget_s5,proprio.target,5,1,68,3.4,1.36722,0.99544,2.36266,3682863
pinch_sinusoid,pinch_sweep_size_rand_sinusoid-20260624-142357,TesolloCubePinch,TesolloCubePinch-20260624-165709-cubepinch_sb_propriotarget_s5,proprio.target,5,1,69,3.45,1.34556,0.92206,2.26762,3682863
pinch_sinusoid,pinch_sweep_size_rand_sinusoid-20260624-142357,TesolloCubePinch,TesolloCubePinch-20260624-165709-cubepinch_sb_propriotarget_s5,proprio.target,5,1,70,3.5,1.26725,0.87039,2.13764,3682863
pinch_sinusoid,pinch_sweep_size_rand_sinusoid-20260624-142357,TesolloCubePinch,TesolloCubePinch-20260624-165709-cubepinch_sb_propriotarget_s5,proprio.target,5,1,71,3.55,1.25866,0.81918,2.07784,3682863
pinch_sinusoid,pinch_sweep_size_rand_sinusoid-20260624-142357,TesolloCubePinch,TesolloCubePinch-20260624-165709-cubepinch_sb_propriotarget_s5,proprio.target,5,1,72,3.6,1.25887,0.79264,2.05151,3682863
pinch_sinusoid,pinch_sweep_size_rand_sinusoid-20260624-142357,TesolloCubePinch,TesolloCubePinch-20260624-165709-cubepinch_sb_propriotarget_s5,proprio.target,5,1,73,3.65,1.33545,0.79558,2.13103,3682863
pinch_sinusoid,pinch_sweep_size_rand_sinusoid-20260624-142357,TesolloCubePinch,TesolloCubePinch-20260624-165709-cubepinch_sb_propriotarget_s5,proprio.target,5,1,74,3.7,1.31978,0.84717,2.16695,3682863
pinch_sinusoid,pinch_sweep_size_rand_sinusoid-20260624-142357,TesolloCubePinch,TesolloCubePinch-20260624-165709-cubepinch_sb_propriotarget_s5,proprio.target,5,1,75,3.75,1.354,0.895,2.249,3682863
pinch_sinusoid,pinch_sweep_size_rand_sinusoid-20260624-142357,TesolloCubePinch,TesolloCubePinch-20260624-165709-cubepinch_sb_propriotarget_s5,proprio.target,5,1,76,3.8,1.41167,0.95435,2.36602,3682863
pinch_sinusoid,pinch_sweep_size_rand_sinusoid-20260624-142357,TesolloCubePinch,TesolloCubePinch-20260624-165709-cubepinch_sb_propriotarget_s5,proprio.target,5,1,77,3.85,1.41678,0.91856,2.33534,3682863
pinch_sinusoid,pinch_sweep_size_rand_sinusoid-20260624-142357,TesolloCubePinch,TesolloCubePinch-20260624-165709-cubepinch_sb_propriotarget_s5,proprio.target,5,1,78,3.9,1.65023,0.90039,2.55062,3682863
pinch_sinusoid,pinch_sweep_size_rand_sinusoid-20260624-142357,TesolloCubePinch,TesolloCubePinch-20260624-165709-cubepinch_sb_propriotarget_s5,proprio.target,5,1,79,3.95,1.98809,0.97555,2.96364,3682863
pinch_sinusoid,pinch_sweep_size_rand_sinusoid-20260624-142357,TesolloCubePinch,TesolloCubePinch-20260624-165709-cubepinch_sb_propriotarget_s5,proprio.target,5,2,0,0.0,0.0,0.0,0.0,3682863
pinch_sinusoid,pinch_sweep_size_rand_sinusoid-20260624-142357,TesolloCubePinch,TesolloCubePinch-20260624-165709-cubepinch_sb_propriotarget_s5,proprio.target,5,2,1,0.05,0.0,0.0,0.0,3682863
pinch_sinusoid,pinch_sweep_size_rand_sinusoid-20260624-142357,TesolloCubePinch,TesolloCubePinch-20260624-165709-cubepinch_sb_propriotarget_s5,proprio.target,5,2,2,0.1,0.0,0.0,0.0,3682863
pinch_sinusoid,pinch_sweep_size_rand_sinusoid-20260624-142357,TesolloCubePinch,TesolloCubePinch-20260624-165709-cubepinch_sb_propriotarget_s5,proprio.target,5,2,3,0.15,0.0,0.0,0.0,3682863
pinch_sinusoid,pinch_sweep_size_rand_sinusoid-20260624-142357,TesolloCubePinch,TesolloCubePinch-20260624-165709-cubepinch_sb_propriotarget_s5,proprio.target,5,2,4,0.2,0.0,0.0,0.0,3682863
pinch_sinusoid,pinch_sweep_size_rand_sinusoid-20260624-142357,TesolloCubePinch,TesolloCubePinch-20260624-165709-cubepinch_sb_propriotarget_s5,proprio.target,5,2,5,0.25,0.0,0.0,0.0,3682863
pinch_sinusoid,pinch_sweep_size_rand_sinusoid-20260624-142357,TesolloCubePinch,TesolloCubePinch-20260624-165709-cubepinch_sb_propriotarget_s5,proprio.target,5,2,6,0.3,0.0,0.0,0.0,3682863
pinch_sinusoid,pinch_sweep_size_rand_sinusoid-20260624-142357,TesolloCubePinch,TesolloCubePinch-20260624-165709-cubepinch_sb_propriotarget_s5,proprio.target,5,2,7,0.35,0.0,0.0,0.0,3682863
pinch_sinusoid,pinch_sweep_size_rand_sinusoid-20260624-142357,TesolloCubePinch,TesolloCubePinch-20260624-165709-cubepinch_sb_propriotarget_s5,proprio.target,5,2,8,0.4,0.0,0.0,0.0,3682863
pinch_sinusoid,pinch_sweep_size_rand_sinusoid-20260624-142357,TesolloCubePinch,TesolloCubePinch-20260624-165709-cubepinch_sb_propriotarget_s5,proprio.target,5,2,9,0.45,2.01114,0.74583,2.75697,3682863
pinch_sinusoid,pinch_sweep_size_rand_sinusoid-20260624-142357,TesolloCubePinch,TesolloCubePinch-20260624-165709-cubepinch_sb_propriotarget_s5,proprio.target,5,2,10,0.5,2.69401,0.76371,3.45772,3682863
pinch_sinusoid,pinch_sweep_size_rand_sinusoid-20260624-142357,TesolloCubePinch,TesolloCubePinch-20260624-165709-cubepinch_sb_propriotarget_s5,proprio.target,5,2,11,0.55,2.30407,0.79029,3.09436,3682863
pinch_sinusoid,pinch_sweep_size_rand_sinusoid-20260624-142357,TesolloCubePinch,TesolloCubePinch-20260624-165709-cubepinch_sb_propriotarget_s5,proprio.target,5,2,12,0.6,2.66234,0.91568,3.57803,3682863
pinch_sinusoid,pinch_sweep_size_rand_sinusoid-20260624-142357,TesolloCubePinch,TesolloCubePinch-20260624-165709-cubepinch_sb_propriotarget_s5,proprio.target,5,2,13,0.65,2.36591,0.74066,3.10657,3682863
pinch_sinusoid,pinch_sweep_size_rand_sinusoid-20260624-142357,TesolloCubePinch,TesolloCubePinch-20260624-165709-cubepinch_sb_propriotarget_s5,proprio.target,5,2,14,0.7,2.28983,1.10537,3.39521,3682863
pinch_sinusoid,pinch_sweep_size_rand_sinusoid-20260624-142357,TesolloCubePinch,TesolloCubePinch-20260624-165709-cubepinch_sb_propriotarget_s5,proprio.target,5,2,15,0.75,2.22694,1.59347,3.8204,3682863
pinch_sinusoid,pinch_sweep_size_rand_sinusoid-20260624-142357,TesolloCubePinch,TesolloCubePinch-20260624-165709-cubepinch_sb_propriotarget_s5,proprio.target,5,2,16,0.8,2.13828,1.72996,3.86824,3682863
pinch_sinusoid,pinch_sweep_size_rand_sinusoid-20260624-142357,TesolloCubePinch,TesolloCubePinch-20260624-165709-cubepinch_sb_propriotarget_s5,proprio.target,5,2,17,0.85,2.25593,1.78786,4.04378,3682863
pinch_sinusoid,pinch_sweep_size_rand_sinusoid-20260624-142357,TesolloCubePinch,TesolloCubePinch-20260624-165709-cubepinch_sb_propriotarget_s5,proprio.target,5,2,18,0.9,2.45034,1.87596,4.3263,3682863
pinch_sinusoid,pinch_sweep_size_rand_sinusoid-20260624-142357,TesolloCubePinch,TesolloCubePinch-20260624-165709-cubepinch_sb_propriotarget_s5,proprio.target,5,2,19,0.95,2.76816,1.97909,4.74725,3682863
pinch_sinusoid,pinch_sweep_size_rand_sinusoid-20260624-142357,TesolloCubePinch,TesolloCubePinch-20260624-165709-cubepinch_sb_propriotarget_s5,proprio.target,5,2,20,1.0,2.8514,2.06582,4.91721,3682863
pinch_sinusoid,pinch_sweep_size_rand_sinusoid-20260624-142357,TesolloCubePinch,TesolloCubePinch-20260624-165709-cubepinch_sb_propriotarget_s5,proprio.target,5,2,21,1.05,2.84511,2.01101,4.85612,3682863
pinch_sinusoid,pinch_sweep_size_rand_sinusoid-20260624-142357,TesolloCubePinch,TesolloCubePinch-20260624-165709-cubepinch_sb_propriotarget_s5,proprio.target,5,2,22,1.1,2.84828,2.17391,5.02218,3682863
pinch_sinusoid,pinch_sweep_size_rand_sinusoid-20260624-142357,TesolloCubePinch,TesolloCubePinch-20260624-165709-cubepinch_sb_propriotarget_s5,proprio.target,5,2,23,1.15,2.84562,2.32496,5.17058,3682863
pinch_sinusoid,pinch_sweep_size_rand_sinusoid-20260624-142357,TesolloCubePinch,TesolloCubePinch-20260624-165709-cubepinch_sb_propriotarget_s5,proprio.target,5,2,24,1.2,2.85879,2.40985,5.26864,3682863
pinch_sinusoid,pinch_sweep_size_rand_sinusoid-20260624-142357,TesolloCubePinch,TesolloCubePinch-20260624-165709-cubepinch_sb_propriotarget_s5,proprio.target,5,2,25,1.25,2.85928,2.42928,5.28856,3682863
pinch_sinusoid,pinch_sweep_size_rand_sinusoid-20260624-142357,TesolloCubePinch,TesolloCubePinch-20260624-165709-cubepinch_sb_propriotarget_s5,proprio.target,5,2,26,1.3,2.84963,2.4054,5.25502,3682863
pinch_sinusoid,pinch_sweep_size_rand_sinusoid-20260624-142357,TesolloCubePinch,TesolloCubePinch-20260624-165709-cubepinch_sb_propriotarget_s5,proprio.target,5,2,27,1.35,2.82593,2.33928,5.1652,3682863
pinch_sinusoid,pinch_sweep_size_rand_sinusoid-20260624-142357,TesolloCubePinch,TesolloCubePinch-20260624-165709-cubepinch_sb_propriotarget_s5,proprio.target,5,2,28,1.4,2.78043,2.21879,4.99923,3682863
pinch_sinusoid,pinch_sweep_size_rand_sinusoid-20260624-142357,TesolloCubePinch,TesolloCubePinch-20260624-165709-cubepinch_sb_propriotarget_s5,proprio.target,5,2,29,1.45,2.71317,2.17776,4.89093,3682863
pinch_sinusoid,pinch_sweep_size_rand_sinusoid-20260624-142357,TesolloCubePinch,TesolloCubePinch-20260624-165709-cubepinch_sb_propriotarget_s5,proprio.target,5,2,30,1.5,2.61945,2.11087,4.73032,3682863
pinch_sinusoid,pinch_sweep_size_rand_sinusoid-20260624-142357,TesolloCubePinch,TesolloCubePinch-20260624-165709-cubepinch_sb_propriotarget_s5,proprio.target,5,2,31,1.55,2.51818,1.97821,4.49639,3682863
pinch_sinusoid,pinch_sweep_size_rand_sinusoid-20260624-142357,TesolloCubePinch,TesolloCubePinch-20260624-165709-cubepinch_sb_propriotarget_s5,proprio.target,5,2,32,1.6,2.38433,1.95554,4.33987,3682863
pinch_sinusoid,pinch_sweep_size_rand_sinusoid-20260624-142357,TesolloCubePinch,TesolloCubePinch-20260624-165709-cubepinch_sb_propriotarget_s5,proprio.target,5,2,33,1.65,2.35267,1.88507,4.23773,3682863
pinch_sinusoid,pinch_sweep_size_rand_sinusoid-20260624-142357,TesolloCubePinch,TesolloCubePinch-20260624-165709-cubepinch_sb_propriotarget_s5,proprio.target,5,2,34,1.7,2.25503,1.7878,4.04283,3682863
pinch_sinusoid,pinch_sweep_size_rand_sinusoid-20260624-142357,TesolloCubePinch,TesolloCubePinch-20260624-165709-cubepinch_sb_propriotarget_s5,proprio.target,5,2,35,1.75,2.05104,1.69455,3.74558,3682863
pinch_sinusoid,pinch_sweep_size_rand_sinusoid-20260624-142357,TesolloCubePinch,TesolloCubePinch-20260624-165709-cubepinch_sb_propriotarget_s5,proprio.target,5,2,36,1.8,1.90367,1.67884,3.58252,3682863
pinch_sinusoid,pinch_sweep_size_rand_sinusoid-20260624-142357,TesolloCubePinch,TesolloCubePinch-20260624-165709-cubepinch_sb_propriotarget_s5,proprio.target,5,2,37,1.85,1.87945,1.78154,3.66099,3682863
pinch_sinusoid,pinch_sweep_size_rand_sinusoid-20260624-142357,TesolloCubePinch,TesolloCubePinch-20260624-165709-cubepinch_sb_propriotarget_s5,proprio.target,5,2,38,1.9,1.95853,1.12488,3.08341,3682863
pinch_sinusoid,pinch_sweep_size_rand_sinusoid-20260624-142357,TesolloCubePinch,TesolloCubePinch-20260624-165709-cubepinch_sb_propriotarget_s5,proprio.target,5,2,39,1.95,1.65231,0.77042,2.42273,3682863
pinch_sinusoid,pinch_sweep_size_rand_sinusoid-20260624-142357,TesolloCubePinch,TesolloCubePinch-20260624-165709-cubepinch_sb_propriotarget_s5,proprio.target,5,2,40,2.0,1.55406,0.92107,2.47513,3682863
pinch_sinusoid,pinch_sweep_size_rand_sinusoid-20260624-142357,TesolloCubePinch,TesolloCubePinch-20260624-165709-cubepinch_sb_propriotarget_s5,proprio.target,5,2,41,2.05,1.35794,0.9821,2.34004,3682863
pinch_sinusoid,pinch_sweep_size_rand_sinusoid-20260624-142357,TesolloCubePinch,TesolloCubePinch-20260624-165709-cubepinch_sb_propriotarget_s5,proprio.target,5,2,42,2.1,1.28857,0.94263,2.2312,3682863
pinch_sinusoid,pinch_sweep_size_rand_sinusoid-20260624-142357,TesolloCubePinch,TesolloCubePinch-20260624-165709-cubepinch_sb_propriotarget_s5,proprio.target,5,2,43,2.15,1.25551,0.88094,2.13645,3682863
pinch_sinusoid,pinch_sweep_size_rand_sinusoid-20260624-142357,TesolloCubePinch,TesolloCubePinch-20260624-165709-cubepinch_sb_propriotarget_s5,proprio.target,5,2,44,2.2,1.28975,0.82769,2.11745,3682863
pinch_sinusoid,pinch_sweep_size_rand_sinusoid-20260624-142357,TesolloCubePinch,TesolloCubePinch-20260624-165709-cubepinch_sb_propriotarget_s5,proprio.target,5,2,45,2.25,1.23283,0.80925,2.04208,3682863
pinch_sinusoid,pinch_sweep_size_rand_sinusoid-20260624-142357,TesolloCubePinch,TesolloCubePinch-20260624-165709-cubepinch_sb_propriotarget_s5,proprio.target,5,2,46,2.3,1.25878,0.80736,2.06614,3682863
pinch_sinusoid,pinch_sweep_size_rand_sinusoid-20260624-142357,TesolloCubePinch,TesolloCubePinch-20260624-165709-cubepinch_sb_propriotarget_s5,proprio.target,5,2,47,2.35,1.28399,0.83432,2.11831,3682863
pinch_sinusoid,pinch_sweep_size_rand_sinusoid-20260624-142357,TesolloCubePinch,TesolloCubePinch-20260624-165709-cubepinch_sb_propriotarget_s5,proprio.target,5,2,48,2.4,1.32481,0.88983,2.21464,3682863
pinch_sinusoid,pinch_sweep_size_rand_sinusoid-20260624-142357,TesolloCubePinch,TesolloCubePinch-20260624-165709-cubepinch_sb_propriotarget_s5,proprio.target,5,2,49,2.45,1.39059,0.92541,2.316,3682863
pinch_sinusoid,pinch_sweep_size_rand_sinusoid-20260624-142357,TesolloCubePinch,TesolloCubePinch-20260624-165709-cubepinch_sb_propriotarget_s5,proprio.target,5,2,50,2.5,1.43956,0.90261,2.34217,3682863
pinch_sinusoid,pinch_sweep_size_rand_sinusoid-20260624-142357,TesolloCubePinch,TesolloCubePinch-20260624-165709-cubepinch_sb_propriotarget_s5,proprio.target,5,2,51,2.55,1.67744,0.91057,2.58801,3682863
pinch_sinusoid,pinch_sweep_size_rand_sinusoid-20260624-142357,TesolloCubePinch,TesolloCubePinch-20260624-165709-cubepinch_sb_propriotarget_s5,proprio.target,5,2,52,2.6,2.07895,0.97525,3.0542,3682863
pinch_sinusoid,pinch_sweep_size_rand_sinusoid-20260624-142357,TesolloCubePinch,TesolloCubePinch-20260624-165709-cubepinch_sb_propriotarget_s5,proprio.target,5,2,53,2.65,2.00846,1.26232,3.27077,3682863
pinch_sinusoid,pinch_sweep_size_rand_sinusoid-20260624-142357,TesolloCubePinch,TesolloCubePinch-20260624-165709-cubepinch_sb_propriotarget_s5,proprio.target,5,2,54,2.7,1.88705,1.61856,3.50561,3682863
pinch_sinusoid,pinch_sweep_size_rand_sinusoid-20260624-142357,TesolloCubePinch,TesolloCubePinch-20260624-165709-cubepinch_sb_propriotarget_s5,proprio.target,5,2,55,2.75,2.06167,1.65085,3.71252,3682863
pinch_sinusoid,pinch_sweep_size_rand_sinusoid-20260624-142357,TesolloCubePinch,TesolloCubePinch-20260624-165709-cubepinch_sb_propriotarget_s5,proprio.target,5,2,56,2.8,2.1998,1.71041,3.91021,3682863
pinch_sinusoid,pinch_sweep_size_rand_sinusoid-20260624-142357,TesolloCubePinch,TesolloCubePinch-20260624-165709-cubepinch_sb_propriotarget_s5,proprio.target,5,2,57,2.85,2.47907,1.78176,4.26083,3682863
pinch_sinusoid,pinch_sweep_size_rand_sinusoid-20260624-142357,TesolloCubePinch,TesolloCubePinch-20260624-165709-cubepinch_sb_propriotarget_s5,proprio.target,5,2,58,2.9,2.82061,1.87196,4.69256,3682863
pinch_sinusoid,pinch_sweep_size_rand_sinusoid-20260624-142357,TesolloCubePinch,TesolloCubePinch-20260624-165709-cubepinch_sb_propriotarget_s5,proprio.target,5,2,59,2.95,2.86122,1.96163,4.82285,3682863
pinch_sinusoid,pinch_sweep_size_rand_sinusoid-20260624-142357,TesolloCubePinch,TesolloCubePinch-20260624-165709-cubepinch_sb_propriotarget_s5,proprio.target,5,2,60,3.0,2.89662,2.07752,4.97414,3682863
pinch_sinusoid,pinch_sweep_size_rand_sinusoid-20260624-142357,TesolloCubePinch,TesolloCubePinch-20260624-165709-cubepinch_sb_propriotarget_s5,proprio.target,5,2,61,3.05,2.92322,2.12253,5.04575,3682863
pinch_sinusoid,pinch_sweep_size_rand_sinusoid-20260624-142357,TesolloCubePinch,TesolloCubePinch-20260624-165709-cubepinch_sb_propriotarget_s5,proprio.target,5,2,62,3.1,2.93554,2.21912,5.15466,3682863
pinch_sinusoid,pinch_sweep_size_rand_sinusoid-20260624-142357,TesolloCubePinch,TesolloCubePinch-20260624-165709-cubepinch_sb_propriotarget_s5,proprio.target,5,2,63,3.15,2.94134,2.31219,5.25353,3682863
pinch_sinusoid,pinch_sweep_size_rand_sinusoid-20260624-142357,TesolloCubePinch,TesolloCubePinch-20260624-165709-cubepinch_sb_propriotarget_s5,proprio.target,5,2,64,3.2,2.94537,2.33652,5.28189,3682863
pinch_sinusoid,pinch_sweep_size_rand_sinusoid-20260624-142357,TesolloCubePinch,TesolloCubePinch-20260624-165709-cubepinch_sb_propriotarget_s5,proprio.target,5,2,65,3.25,2.87458,2.38392,5.2585,3682863
pinch_sinusoid,pinch_sweep_size_rand_sinusoid-20260624-142357,TesolloCubePinch,TesolloCubePinch-20260624-165709-cubepinch_sb_propriotarget_s5,proprio.target,5,2,66,3.3,2.83811,2.39001,5.22811,3682863
pinch_sinusoid,pinch_sweep_size_rand_sinusoid-20260624-142357,TesolloCubePinch,TesolloCubePinch-20260624-165709-cubepinch_sb_propriotarget_s5,proprio.target,5,2,67,3.35,2.8284,2.36143,5.18983,3682863
pinch_sinusoid,pinch_sweep_size_rand_sinusoid-20260624-142357,TesolloCubePinch,TesolloCubePinch-20260624-165709-cubepinch_sb_propriotarget_s5,proprio.target,5,2,68,3.4,2.76119,2.34497,5.10617,3682863
pinch_sinusoid,pinch_sweep_size_rand_sinusoid-20260624-142357,TesolloCubePinch,TesolloCubePinch-20260624-165709-cubepinch_sb_propriotarget_s5,proprio.target,5,2,69,3.45,2.65285,2.28688,4.93972,3682863
pinch_sinusoid,pinch_sweep_size_rand_sinusoid-20260624-142357,TesolloCubePinch,TesolloCubePinch-20260624-165709-cubepinch_sb_propriotarget_s5,proprio.target,5,2,70,3.5,2.56512,2.18158,4.7467,3682863
pinch_sinusoid,pinch_sweep_size_rand_sinusoid-20260624-142357,TesolloCubePinch,TesolloCubePinch-20260624-165709-cubepinch_sb_propriotarget_s5,proprio.target,5,2,71,3.55,2.45685,2.03826,4.49511,3682863
pinch_sinusoid,pinch_sweep_size_rand_sinusoid-20260624-142357,TesolloCubePinch,TesolloCubePinch-20260624-165709-cubepinch_sb_propriotarget_s5,proprio.target,5,2,72,3.6,2.37259,1.94535,4.31794,3682863
pinch_sinusoid,pinch_sweep_size_rand_sinusoid-20260624-142357,TesolloCubePinch,TesolloCubePinch-20260624-165709-cubepinch_sb_propriotarget_s5,proprio.target,5,2,73,3.65,2.32468,1.91527,4.23995,3682863
pinch_sinusoid,pinch_sweep_size_rand_sinusoid-20260624-142357,TesolloCubePinch,TesolloCubePinch-20260624-165709-cubepinch_sb_propriotarget_s5,proprio.target,5,2,74,3.7,2.19556,1.8163,4.01186,3682863
pinch_sinusoid,pinch_sweep_size_rand_sinusoid-20260624-142357,TesolloCubePinch,TesolloCubePinch-20260624-165709-cubepinch_sb_propriotarget_s5,proprio.target,5,2,75,3.75,2.04809,1.69001,3.7381,3682863
pinch_sinusoid,pinch_sweep_size_rand_sinusoid-20260624-142357,TesolloCubePinch,TesolloCubePinch-20260624-165709-cubepinch_sb_propriotarget_s5,proprio.target,5,2,76,3.8,1.93446,1.65621,3.59067,3682863
pinch_sinusoid,pinch_sweep_size_rand_sinusoid-20260624-142357,TesolloCubePinch,TesolloCubePinch-20260624-165709-cubepinch_sb_propriotarget_s5,proprio.target,5,2,77,3.85,1.94721,1.34219,3.28941,3682863
pinch_sinusoid,pinch_sweep_size_rand_sinusoid-20260624-142357,TesolloCubePinch,TesolloCubePinch-20260624-165709-cubepinch_sb_propriotarget_s5,proprio.target,5,2,78,3.9,2.16497,0.98737,3.15234,3682863
pinch_sinusoid,pinch_sweep_size_rand_sinusoid-20260624-142357,TesolloCubePinch,TesolloCubePinch-20260624-165709-cubepinch_sb_propriotarget_s5,proprio.target,5,2,79,3.95,1.57796,0.88936,2.46733,3682863
pinch_sinusoid,pinch_sweep_size_rand_sinusoid-20260624-142357,TesolloCubePinch,TesolloCubePinch-20260624-165709-cubepinch_sb_propriotarget_s5,proprio.target,5,3,0,0.0,0.0,0.0,0.0,3682863
pinch_sinusoid,pinch_sweep_size_rand_sinusoid-20260624-142357,TesolloCubePinch,TesolloCubePinch-20260624-165709-cubepinch_sb_propriotarget_s5,proprio.target,5,3,1,0.05,0.0,0.0,0.0,3682863
pinch_sinusoid,pinch_sweep_size_rand_sinusoid-20260624-142357,TesolloCubePinch,TesolloCubePinch-20260624-165709-cubepinch_sb_propriotarget_s5,proprio.target,5,3,2,0.1,0.0,0.0,0.0,3682863
pinch_sinusoid,pinch_sweep_size_rand_sinusoid-20260624-142357,TesolloCubePinch,TesolloCubePinch-20260624-165709-cubepinch_sb_propriotarget_s5,proprio.target,5,3,3,0.15,0.0,0.0,0.0,3682863
pinch_sinusoid,pinch_sweep_size_rand_sinusoid-20260624-142357,TesolloCubePinch,TesolloCubePinch-20260624-165709-cubepinch_sb_propriotarget_s5,proprio.target,5,3,4,0.2,0.0,0.0,0.0,3682863
pinch_sinusoid,pinch_sweep_size_rand_sinusoid-20260624-142357,TesolloCubePinch,TesolloCubePinch-20260624-165709-cubepinch_sb_propriotarget_s5,proprio.target,5,3,5,0.25,0.0,1.37041,1.37041,3682863
pinch_sinusoid,pinch_sweep_size_rand_sinusoid-20260624-142357,TesolloCubePinch,TesolloCubePinch-20260624-165709-cubepinch_sb_propriotarget_s5,proprio.target,5,3,6,0.3,0.0,1.7956,1.7956,3682863
pinch_sinusoid,pinch_sweep_size_rand_sinusoid-20260624-142357,TesolloCubePinch,TesolloCubePinch-20260624-165709-cubepinch_sb_propriotarget_s5,proprio.target,5,3,7,0.35,2.45462,1.9473,4.40192,3682863
pinch_sinusoid,pinch_sweep_size_rand_sinusoid-20260624-142357,TesolloCubePinch,TesolloCubePinch-20260624-165709-cubepinch_sb_propriotarget_s5,proprio.target,5,3,8,0.4,2.42307,1.43203,3.8551,3682863
pinch_sinusoid,pinch_sweep_size_rand_sinusoid-20260624-142357,TesolloCubePinch,TesolloCubePinch-20260624-165709-cubepinch_sb_propriotarget_s5,proprio.target,5,3,9,0.45,2.34243,0.91841,3.26084,3682863
pinch_sinusoid,pinch_sweep_size_rand_sinusoid-20260624-142357,TesolloCubePinch,TesolloCubePinch-20260624-165709-cubepinch_sb_propriotarget_s5,proprio.target,5,3,10,0.5,2.60979,0.78639,3.39619,3682863
pinch_sinusoid,pinch_sweep_size_rand_sinusoid-20260624-142357,TesolloCubePinch,TesolloCubePinch-20260624-165709-cubepinch_sb_propriotarget_s5,proprio.target,5,3,11,0.55,0.0,0.63519,0.63519,3682863
pinch_sinusoid,pinch_sweep_size_rand_sinusoid-20260624-142357,TesolloCubePinch,TesolloCubePinch-20260624-165709-cubepinch_sb_propriotarget_s5,proprio.target,5,3,12,0.6,2.38858,0.76392,3.1525,3682863
pinch_sinusoid,pinch_sweep_size_rand_sinusoid-20260624-142357,TesolloCubePinch,TesolloCubePinch-20260624-165709-cubepinch_sb_propriotarget_s5,proprio.target,5,3,13,0.65,1.97791,0.81203,2.78994,3682863
pinch_sinusoid,pinch_sweep_size_rand_sinusoid-20260624-142357,TesolloCubePinch,TesolloCubePinch-20260624-165709-cubepinch_sb_propriotarget_s5,proprio.target,5,3,14,0.7,1.51878,0.73402,2.25279,3682863
pinch_sinusoid,pinch_sweep_size_rand_sinusoid-20260624-142357,TesolloCubePinch,TesolloCubePinch-20260624-165709-cubepinch_sb_propriotarget_s5,proprio.target,5,3,15,0.75,1.37514,0.71389,2.08903,3682863
pinch_sinusoid,pinch_sweep_size_rand_sinusoid-20260624-142357,TesolloCubePinch,TesolloCubePinch-20260624-165709-cubepinch_sb_propriotarget_s5,proprio.target,5,3,16,0.8,1.77683,0.73644,2.51327,3682863
pinch_sinusoid,pinch_sweep_size_rand_sinusoid-20260624-142357,TesolloCubePinch,TesolloCubePinch-20260624-165709-cubepinch_sb_propriotarget_s5,proprio.target,5,3,17,0.85,1.51974,0.76068,2.28042,3682863
pinch_sinusoid,pinch_sweep_size_rand_sinusoid-20260624-142357,TesolloCubePinch,TesolloCubePinch-20260624-165709-cubepinch_sb_propriotarget_s5,proprio.target,5,3,18,0.9,1.45872,0.80623,2.26494,3682863
pinch_sinusoid,pinch_sweep_size_rand_sinusoid-20260624-142357,TesolloCubePinch,TesolloCubePinch-20260624-165709-cubepinch_sb_propriotarget_s5,proprio.target,5,3,19,0.95,1.47396,0.87069,2.34465,3682863
pinch_sinusoid,pinch_sweep_size_rand_sinusoid-20260624-142357,TesolloCubePinch,TesolloCubePinch-20260624-165709-cubepinch_sb_propriotarget_s5,proprio.target,5,3,20,1.0,1.43333,0.79749,2.23082,3682863
pinch_sinusoid,pinch_sweep_size_rand_sinusoid-20260624-142357,TesolloCubePinch,TesolloCubePinch-20260624-165709-cubepinch_sb_propriotarget_s5,proprio.target,5,3,21,1.05,1.3148,0.79681,2.11161,3682863
pinch_sinusoid,pinch_sweep_size_rand_sinusoid-20260624-142357,TesolloCubePinch,TesolloCubePinch-20260624-165709-cubepinch_sb_propriotarget_s5,proprio.target,5,3,22,1.1,1.60196,0.96771,2.56967,3682863
pinch_sinusoid,pinch_sweep_size_rand_sinusoid-20260624-142357,TesolloCubePinch,TesolloCubePinch-20260624-165709-cubepinch_sb_propriotarget_s5,proprio.target,5,3,23,1.15,1.87891,1.00501,2.88392,3682863
pinch_sinusoid,pinch_sweep_size_rand_sinusoid-20260624-142357,TesolloCubePinch,TesolloCubePinch-20260624-165709-cubepinch_sb_propriotarget_s5,proprio.target,5,3,24,1.2,1.99837,0.97112,2.96949,3682863
pinch_sinusoid,pinch_sweep_size_rand_sinusoid-20260624-142357,TesolloCubePinch,TesolloCubePinch-20260624-165709-cubepinch_sb_propriotarget_s5,proprio.target,5,3,25,1.25,1.95332,1.23277,3.18609,3682863
pinch_sinusoid,pinch_sweep_size_rand_sinusoid-20260624-142357,TesolloCubePinch,TesolloCubePinch-20260624-165709-cubepinch_sb_propriotarget_s5,proprio.target,5,3,26,1.3,1.88697,1.63281,3.51978,3682863
pinch_sinusoid,pinch_sweep_size_rand_sinusoid-20260624-142357,TesolloCubePinch,TesolloCubePinch-20260624-165709-cubepinch_sb_propriotarget_s5,proprio.target,5,3,27,1.35,2.00887,1.68329,3.69216,3682863
pinch_sinusoid,pinch_sweep_size_rand_sinusoid-20260624-142357,TesolloCubePinch,TesolloCubePinch-20260624-165709-cubepinch_sb_propriotarget_s5,proprio.target,5,3,28,1.4,2.20709,1.7338,3.94089,3682863
pinch_sinusoid,pinch_sweep_size_rand_sinusoid-20260624-142357,TesolloCubePinch,TesolloCubePinch-20260624-165709-cubepinch_sb_propriotarget_s5,proprio.target,5,3,29,1.45,2.27125,1.8059,4.07715,3682863
pinch_sinusoid,pinch_sweep_size_rand_sinusoid-20260624-142357,TesolloCubePinch,TesolloCubePinch-20260624-165709-cubepinch_sb_propriotarget_s5,proprio.target,5,3,30,1.5,2.64759,1.9043,4.55189,3682863
pinch_sinusoid,pinch_sweep_size_rand_sinusoid-20260624-142357,TesolloCubePinch,TesolloCubePinch-20260624-165709-cubepinch_sb_propriotarget_s5,proprio.target,5,3,31,1.55,2.85353,1.98367,4.8372,3682863
pinch_sinusoid,pinch_sweep_size_rand_sinusoid-20260624-142357,TesolloCubePinch,TesolloCubePinch-20260624-165709-cubepinch_sb_propriotarget_s5,proprio.target,5,3,32,1.6,2.85561,2.03855,4.89416,3682863
pinch_sinusoid,pinch_sweep_size_rand_sinusoid-20260624-142357,TesolloCubePinch,TesolloCubePinch-20260624-165709-cubepinch_sb_propriotarget_s5,proprio.target,5,3,33,1.65,2.85865,2.12224,4.98088,3682863
pinch_sinusoid,pinch_sweep_size_rand_sinusoid-20260624-142357,TesolloCubePinch,TesolloCubePinch-20260624-165709-cubepinch_sb_propriotarget_s5,proprio.target,5,3,34,1.7,2.85308,2.14962,5.0027,3682863
pinch_sinusoid,pinch_sweep_size_rand_sinusoid-20260624-142357,TesolloCubePinch,TesolloCubePinch-20260624-165709-cubepinch_sb_propriotarget_s5,proprio.target,5,3,35,1.75,2.84006,2.33732,5.17739,3682863
pinch_sinusoid,pinch_sweep_size_rand_sinusoid-20260624-142357,TesolloCubePinch,TesolloCubePinch-20260624-165709-cubepinch_sb_propriotarget_s5,proprio.target,5,3,36,1.8,2.82594,2.43098,5.25693,3682863
pinch_sinusoid,pinch_sweep_size_rand_sinusoid-20260624-142357,TesolloCubePinch,TesolloCubePinch-20260624-165709-cubepinch_sb_propriotarget_s5,proprio.target,5,3,37,1.85,2.81561,2.46275,5.27836,3682863
pinch_sinusoid,pinch_sweep_size_rand_sinusoid-20260624-142357,TesolloCubePinch,TesolloCubePinch-20260624-165709-cubepinch_sb_propriotarget_s5,proprio.target,5,3,38,1.9,2.81069,2.45507,5.26576,3682863
pinch_sinusoid,pinch_sweep_size_rand_sinusoid-20260624-142357,TesolloCubePinch,TesolloCubePinch-20260624-165709-cubepinch_sb_propriotarget_s5,proprio.target,5,3,39,1.95,2.80667,2.40672,5.21339,3682863
pinch_sinusoid,pinch_sweep_size_rand_sinusoid-20260624-142357,TesolloCubePinch,TesolloCubePinch-20260624-165709-cubepinch_sb_propriotarget_s5,proprio.target,5,3,40,2.0,2.72647,2.34048,5.06695,3682863
pinch_sinusoid,pinch_sweep_size_rand_sinusoid-20260624-142357,TesolloCubePinch,TesolloCubePinch-20260624-165709-cubepinch_sb_propriotarget_s5,proprio.target,5,3,41,2.05,2.66507,2.29506,4.96013,3682863
pinch_sinusoid,pinch_sweep_size_rand_sinusoid-20260624-142357,TesolloCubePinch,TesolloCubePinch-20260624-165709-cubepinch_sb_propriotarget_s5,proprio.target,5,3,42,2.1,2.59903,2.18065,4.77968,3682863
pinch_sinusoid,pinch_sweep_size_rand_sinusoid-20260624-142357,TesolloCubePinch,TesolloCubePinch-20260624-165709-cubepinch_sb_propriotarget_s5,proprio.target,5,3,43,2.15,2.51634,2.02511,4.54146,3682863
pinch_sinusoid,pinch_sweep_size_rand_sinusoid-20260624-142357,TesolloCubePinch,TesolloCubePinch-20260624-165709-cubepinch_sb_propriotarget_s5,proprio.target,5,3,44,2.2,2.41444,1.98232,4.39676,3682863
pinch_sinusoid,pinch_sweep_size_rand_sinusoid-20260624-142357,TesolloCubePinch,TesolloCubePinch-20260624-165709-cubepinch_sb_propriotarget_s5,proprio.target,5,3,45,2.25,2.3428,1.88602,4.22882,3682863
pinch_sinusoid,pinch_sweep_size_rand_sinusoid-20260624-142357,TesolloCubePinch,TesolloCubePinch-20260624-165709-cubepinch_sb_propriotarget_s5,proprio.target,5,3,46,2.3,2.21976,1.81036,4.03012,3682863
pinch_sinusoid,pinch_sweep_size_rand_sinusoid-20260624-142357,TesolloCubePinch,TesolloCubePinch-20260624-165709-cubepinch_sb_propriotarget_s5,proprio.target,5,3,47,2.35,2.04864,1.69884,3.74748,3682863
pinch_sinusoid,pinch_sweep_size_rand_sinusoid-20260624-142357,TesolloCubePinch,TesolloCubePinch-20260624-165709-cubepinch_sb_propriotarget_s5,proprio.target,5,3,48,2.4,1.90339,1.64651,3.5499,3682863
pinch_sinusoid,pinch_sweep_size_rand_sinusoid-20260624-142357,TesolloCubePinch,TesolloCubePinch-20260624-165709-cubepinch_sb_propriotarget_s5,proprio.target,5,3,49,2.45,1.8706,1.822,3.6926,3682863
pinch_sinusoid,pinch_sweep_size_rand_sinusoid-20260624-142357,TesolloCubePinch,TesolloCubePinch-20260624-165709-cubepinch_sb_propriotarget_s5,proprio.target,5,3,50,2.5,1.94558,1.16562,3.11121,3682863
pinch_sinusoid,pinch_sweep_size_rand_sinusoid-20260624-142357,TesolloCubePinch,TesolloCubePinch-20260624-165709-cubepinch_sb_propriotarget_s5,proprio.target,5,3,51,2.55,1.81365,0.77318,2.58682,3682863
pinch_sinusoid,pinch_sweep_size_rand_sinusoid-20260624-142357,TesolloCubePinch,TesolloCubePinch-20260624-165709-cubepinch_sb_propriotarget_s5,proprio.target,5,3,52,2.6,1.59721,0.93009,2.52729,3682863
pinch_sinusoid,pinch_sweep_size_rand_sinusoid-20260624-142357,TesolloCubePinch,TesolloCubePinch-20260624-165709-cubepinch_sb_propriotarget_s5,proprio.target,5,3,53,2.65,1.37977,0.97995,2.35972,3682863
pinch_sinusoid,pinch_sweep_size_rand_sinusoid-20260624-142357,TesolloCubePinch,TesolloCubePinch-20260624-165709-cubepinch_sb_propriotarget_s5,proprio.target,5,3,54,2.7,1.30582,0.94117,2.24699,3682863
pinch_sinusoid,pinch_sweep_size_rand_sinusoid-20260624-142357,TesolloCubePinch,TesolloCubePinch-20260624-165709-cubepinch_sb_propriotarget_s5,proprio.target,5,3,55,2.75,1.26922,0.8766,2.14582,3682863
pinch_sinusoid,pinch_sweep_size_rand_sinusoid-20260624-142357,TesolloCubePinch,TesolloCubePinch-20260624-165709-cubepinch_sb_propriotarget_s5,proprio.target,5,3,56,2.8,1.29637,0.82452,2.12089,3682863
pinch_sinusoid,pinch_sweep_size_rand_sinusoid-20260624-142357,TesolloCubePinch,TesolloCubePinch-20260624-165709-cubepinch_sb_propriotarget_s5,proprio.target,5,3,57,2.85,1.24821,0.80862,2.05683,3682863
pinch_sinusoid,pinch_sweep_size_rand_sinusoid-20260624-142357,TesolloCubePinch,TesolloCubePinch-20260624-165709-cubepinch_sb_propriotarget_s5,proprio.target,5,3,58,2.9,1.27523,0.80527,2.08049,3682863
pinch_sinusoid,pinch_sweep_size_rand_sinusoid-20260624-142357,TesolloCubePinch,TesolloCubePinch-20260624-165709-cubepinch_sb_propriotarget_s5,proprio.target,5,3,59,2.95,1.29261,0.82929,2.1219,3682863
pinch_sinusoid,pinch_sweep_size_rand_sinusoid-20260624-142357,TesolloCubePinch,TesolloCubePinch-20260624-165709-cubepinch_sb_propriotarget_s5,proprio.target,5,3,60,3.0,1.32774,0.87934,2.20707,3682863
pinch_sinusoid,pinch_sweep_size_rand_sinusoid-20260624-142357,TesolloCubePinch,TesolloCubePinch-20260624-165709-cubepinch_sb_propriotarget_s5,proprio.target,5,3,61,3.05,1.39288,0.94464,2.33752,3682863
pinch_sinusoid,pinch_sweep_size_rand_sinusoid-20260624-142357,TesolloCubePinch,TesolloCubePinch-20260624-165709-cubepinch_sb_propriotarget_s5,proprio.target,5,3,62,3.1,1.39643,0.90858,2.30501,3682863
pinch_sinusoid,pinch_sweep_size_rand_sinusoid-20260624-142357,TesolloCubePinch,TesolloCubePinch-20260624-165709-cubepinch_sb_propriotarget_s5,proprio.target,5,3,63,3.15,1.61459,0.88679,2.50138,3682863
pinch_sinusoid,pinch_sweep_size_rand_sinusoid-20260624-142357,TesolloCubePinch,TesolloCubePinch-20260624-165709-cubepinch_sb_propriotarget_s5,proprio.target,5,3,64,3.2,1.97572,0.95645,2.93217,3682863
pinch_sinusoid,pinch_sweep_size_rand_sinusoid-20260624-142357,TesolloCubePinch,TesolloCubePinch-20260624-165709-cubepinch_sb_propriotarget_s5,proprio.target,5,3,65,3.25,2.01721,1.18987,3.20709,3682863
pinch_sinusoid,pinch_sweep_size_rand_sinusoid-20260624-142357,TesolloCubePinch,TesolloCubePinch-20260624-165709-cubepinch_sb_propriotarget_s5,proprio.target,5,3,66,3.3,1.89926,1.61088,3.51014,3682863
pinch_sinusoid,pinch_sweep_size_rand_sinusoid-20260624-142357,TesolloCubePinch,TesolloCubePinch-20260624-165709-cubepinch_sb_propriotarget_s5,proprio.target,5,3,67,3.35,2.03601,1.63675,3.67275,3682863
pinch_sinusoid,pinch_sweep_size_rand_sinusoid-20260624-142357,TesolloCubePinch,TesolloCubePinch-20260624-165709-cubepinch_sb_propriotarget_s5,proprio.target,5,3,68,3.4,2.19323,1.69434,3.88757,3682863
pinch_sinusoid,pinch_sweep_size_rand_sinusoid-20260624-142357,TesolloCubePinch,TesolloCubePinch-20260624-165709-cubepinch_sb_propriotarget_s5,proprio.target,5,3,69,3.45,2.43842,1.76413,4.20255,3682863
pinch_sinusoid,pinch_sweep_size_rand_sinusoid-20260624-142357,TesolloCubePinch,TesolloCubePinch-20260624-165709-cubepinch_sb_propriotarget_s5,proprio.target,5,3,70,3.5,2.80446,1.85423,4.65868,3682863
pinch_sinusoid,pinch_sweep_size_rand_sinusoid-20260624-142357,TesolloCubePinch,TesolloCubePinch-20260624-165709-cubepinch_sb_propriotarget_s5,proprio.target,5,3,71,3.55,2.85752,1.94418,4.8017,3682863
pinch_sinusoid,pinch_sweep_size_rand_sinusoid-20260624-142357,TesolloCubePinch,TesolloCubePinch-20260624-165709-cubepinch_sb_propriotarget_s5,proprio.target,5,3,72,3.6,2.89285,2.06012,4.95297,3682863
pinch_sinusoid,pinch_sweep_size_rand_sinusoid-20260624-142357,TesolloCubePinch,TesolloCubePinch-20260624-165709-cubepinch_sb_propriotarget_s5,proprio.target,5,3,73,3.65,2.92133,2.11436,5.03568,3682863
pinch_sinusoid,pinch_sweep_size_rand_sinusoid-20260624-142357,TesolloCubePinch,TesolloCubePinch-20260624-165709-cubepinch_sb_propriotarget_s5,proprio.target,5,3,74,3.7,2.93607,2.20897,5.14504,3682863
pinch_sinusoid,pinch_sweep_size_rand_sinusoid-20260624-142357,TesolloCubePinch,TesolloCubePinch-20260624-165709-cubepinch_sb_propriotarget_s5,proprio.target,5,3,75,3.75,2.94525,2.30183,5.24708,3682863
pinch_sinusoid,pinch_sweep_size_rand_sinusoid-20260624-142357,TesolloCubePinch,TesolloCubePinch-20260624-165709-cubepinch_sb_propriotarget_s5,proprio.target,5,3,76,3.8,2.94904,2.33616,5.2852,3682863
pinch_sinusoid,pinch_sweep_size_rand_sinusoid-20260624-142357,TesolloCubePinch,TesolloCubePinch-20260624-165709-cubepinch_sb_propriotarget_s5,proprio.target,5,3,77,3.85,2.9246,2.37115,5.29575,3682863
pinch_sinusoid,pinch_sweep_size_rand_sinusoid-20260624-142357,TesolloCubePinch,TesolloCubePinch-20260624-165709-cubepinch_sb_propriotarget_s5,proprio.target,5,3,78,3.9,2.84976,2.37642,5.22618,3682863
pinch_sinusoid,pinch_sweep_size_rand_sinusoid-20260624-142357,TesolloCubePinch,TesolloCubePinch-20260624-165709-cubepinch_sb_propriotarget_s5,proprio.target,5,3,79,3.95,2.83417,2.3563,5.19048,3682863
pinch_sinusoid,pinch_sweep_size_rand_sinusoid-20260624-142357,TesolloCubePinch,TesolloCubePinch-20260624-165709-cubepinch_sb_propriotarget_s5,proprio.target,5,4,0,0.0,0.0,0.0,0.0,3682863
pinch_sinusoid,pinch_sweep_size_rand_sinusoid-20260624-142357,TesolloCubePinch,TesolloCubePinch-20260624-165709-cubepinch_sb_propriotarget_s5,proprio.target,5,4,1,0.05,0.0,0.0,0.0,3682863
pinch_sinusoid,pinch_sweep_size_rand_sinusoid-20260624-142357,TesolloCubePinch,TesolloCubePinch-20260624-165709-cubepinch_sb_propriotarget_s5,proprio.target,5,4,2,0.1,0.0,0.0,0.0,3682863
pinch_sinusoid,pinch_sweep_size_rand_sinusoid-20260624-142357,TesolloCubePinch,TesolloCubePinch-20260624-165709-cubepinch_sb_propriotarget_s5,proprio.target,5,4,3,0.15,0.0,0.0,0.0,3682863
pinch_sinusoid,pinch_sweep_size_rand_sinusoid-20260624-142357,TesolloCubePinch,TesolloCubePinch-20260624-165709-cubepinch_sb_propriotarget_s5,proprio.target,5,4,4,0.2,0.0,0.0,0.0,3682863
pinch_sinusoid,pinch_sweep_size_rand_sinusoid-20260624-142357,TesolloCubePinch,TesolloCubePinch-20260624-165709-cubepinch_sb_propriotarget_s5,proprio.target,5,4,5,0.25,0.0,0.0,0.0,3682863
pinch_sinusoid,pinch_sweep_size_rand_sinusoid-20260624-142357,TesolloCubePinch,TesolloCubePinch-20260624-165709-cubepinch_sb_propriotarget_s5,proprio.target,5,4,6,0.3,0.0,0.0,0.0,3682863
pinch_sinusoid,pinch_sweep_size_rand_sinusoid-20260624-142357,TesolloCubePinch,TesolloCubePinch-20260624-165709-cubepinch_sb_propriotarget_s5,proprio.target,5,4,7,0.35,0.0,0.0,0.0,3682863
pinch_sinusoid,pinch_sweep_size_rand_sinusoid-20260624-142357,TesolloCubePinch,TesolloCubePinch-20260624-165709-cubepinch_sb_propriotarget_s5,proprio.target,5,4,8,0.4,1.84564,1.33413,3.17978,3682863
pinch_sinusoid,pinch_sweep_size_rand_sinusoid-20260624-142357,TesolloCubePinch,TesolloCubePinch-20260624-165709-cubepinch_sb_propriotarget_s5,proprio.target,5,4,9,0.45,2.09759,1.72906,3.82665,3682863
pinch_sinusoid,pinch_sweep_size_rand_sinusoid-20260624-142357,TesolloCubePinch,TesolloCubePinch-20260624-165709-cubepinch_sb_propriotarget_s5,proprio.target,5,4,10,0.5,2.31316,1.37309,3.68625,3682863
pinch_sinusoid,pinch_sweep_size_rand_sinusoid-20260624-142357,TesolloCubePinch,TesolloCubePinch-20260624-165709-cubepinch_sb_propriotarget_s5,proprio.target,5,4,11,0.55,2.91245,1.70363,4.61608,3682863
pinch_sinusoid,pinch_sweep_size_rand_sinusoid-20260624-142357,TesolloCubePinch,TesolloCubePinch-20260624-165709-cubepinch_sb_propriotarget_s5,proprio.target,5,4,12,0.6,2.50092,1.74991,4.25083,3682863
pinch_sinusoid,pinch_sweep_size_rand_sinusoid-20260624-142357,TesolloCubePinch,TesolloCubePinch-20260624-165709-cubepinch_sb_propriotarget_s5,proprio.target,5,4,13,0.65,2.20683,1.86299,4.06982,3682863
pinch_sinusoid,pinch_sweep_size_rand_sinusoid-20260624-142357,TesolloCubePinch,TesolloCubePinch-20260624-165709-cubepinch_sb_propriotarget_s5,proprio.target,5,4,14,0.7,3.8368,1.96654,5.80334,3682863
pinch_sinusoid,pinch_sweep_size_rand_sinusoid-20260624-142357,TesolloCubePinch,TesolloCubePinch-20260624-165709-cubepinch_sb_propriotarget_s5,proprio.target,5,4,15,0.75,3.20251,2.01731,5.21982,3682863
pinch_sinusoid,pinch_sweep_size_rand_sinusoid-20260624-142357,TesolloCubePinch,TesolloCubePinch-20260624-165709-cubepinch_sb_propriotarget_s5,proprio.target,5,4,16,0.8,2.9231,2.02656,4.94966,3682863
pinch_sinusoid,pinch_sweep_size_rand_sinusoid-20260624-142357,TesolloCubePinch,TesolloCubePinch-20260624-165709-cubepinch_sb_propriotarget_s5,proprio.target,5,4,17,0.85,2.80916,2.24209,5.05125,3682863
pinch_sinusoid,pinch_sweep_size_rand_sinusoid-20260624-142357,TesolloCubePinch,TesolloCubePinch-20260624-165709-cubepinch_sb_propriotarget_s5,proprio.target,5,4,18,0.9,2.76206,2.35936,5.12143,3682863
pinch_sinusoid,pinch_sweep_size_rand_sinusoid-20260624-142357,TesolloCubePinch,TesolloCubePinch-20260624-165709-cubepinch_sb_propriotarget_s5,proprio.target,5,4,19,0.95,2.70081,2.40572,5.10653,3682863
pinch_sinusoid,pinch_sweep_size_rand_sinusoid-20260624-142357,TesolloCubePinch,TesolloCubePinch-20260624-165709-cubepinch_sb_propriotarget_s5,proprio.target,5,4,20,1.0,2.65092,2.39123,5.04215,3682863
pinch_sinusoid,pinch_sweep_size_rand_sinusoid-20260624-142357,TesolloCubePinch,TesolloCubePinch-20260624-165709-cubepinch_sb_propriotarget_s5,proprio.target,5,4,21,1.05,2.57671,2.3191,4.89581,3682863
pinch_sinusoid,pinch_sweep_size_rand_sinusoid-20260624-142357,TesolloCubePinch,TesolloCubePinch-20260624-165709-cubepinch_sb_propriotarget_s5,proprio.target,5,4,22,1.1,2.49846,2.19326,4.69172,3682863
pinch_sinusoid,pinch_sweep_size_rand_sinusoid-20260624-142357,TesolloCubePinch,TesolloCubePinch-20260624-165709-cubepinch_sb_propriotarget_s5,proprio.target,5,4,23,1.15,2.43281,2.12085,4.55366,3682863
pinch_sinusoid,pinch_sweep_size_rand_sinusoid-20260624-142357,TesolloCubePinch,TesolloCubePinch-20260624-165709-cubepinch_sb_propriotarget_s5,proprio.target,5,4,24,1.2,2.39924,2.09458,4.49382,3682863
pinch_sinusoid,pinch_sweep_size_rand_sinusoid-20260624-142357,TesolloCubePinch,TesolloCubePinch-20260624-165709-cubepinch_sb_propriotarget_s5,proprio.target,5,4,25,1.25,2.38192,2.05599,4.4379,3682863
pinch_sinusoid,pinch_sweep_size_rand_sinusoid-20260624-142357,TesolloCubePinch,TesolloCubePinch-20260624-165709-cubepinch_sb_propriotarget_s5,proprio.target,5,4,26,1.3,2.37041,1.97361,4.34402,3682863
pinch_sinusoid,pinch_sweep_size_rand_sinusoid-20260624-142357,TesolloCubePinch,TesolloCubePinch-20260624-165709-cubepinch_sb_propriotarget_s5,proprio.target,5,4,27,1.35,2.34188,1.8926,4.23448,3682863
pinch_sinusoid,pinch_sweep_size_rand_sinusoid-20260624-142357,TesolloCubePinch,TesolloCubePinch-20260624-165709-cubepinch_sb_propriotarget_s5,proprio.target,5,4,28,1.4,2.2538,1.80473,4.05853,3682863
pinch_sinusoid,pinch_sweep_size_rand_sinusoid-20260624-142357,TesolloCubePinch,TesolloCubePinch-20260624-165709-cubepinch_sb_propriotarget_s5,proprio.target,5,4,29,1.45,2.05593,1.73103,3.78696,3682863
pinch_sinusoid,pinch_sweep_size_rand_sinusoid-20260624-142357,TesolloCubePinch,TesolloCubePinch-20260624-165709-cubepinch_sb_propriotarget_s5,proprio.target,5,4,30,1.5,1.89839,1.688,3.58639,3682863
pinch_sinusoid,pinch_sweep_size_rand_sinusoid-20260624-142357,TesolloCubePinch,TesolloCubePinch-20260624-165709-cubepinch_sb_propriotarget_s5,proprio.target,5,4,31,1.55,1.84763,1.8391,3.68673,3682863
pinch_sinusoid,pinch_sweep_size_rand_sinusoid-20260624-142357,TesolloCubePinch,TesolloCubePinch-20260624-165709-cubepinch_sb_propriotarget_s5,proprio.target,5,4,32,1.6,1.90509,1.18714,3.09223,3682863
pinch_sinusoid,pinch_sweep_size_rand_sinusoid-20260624-142357,TesolloCubePinch,TesolloCubePinch-20260624-165709-cubepinch_sb_propriotarget_s5,proprio.target,5,4,33,1.65,1.73712,0.74893,2.48606,3682863
pinch_sinusoid,pinch_sweep_size_rand_sinusoid-20260624-142357,TesolloCubePinch,TesolloCubePinch-20260624-165709-cubepinch_sb_propriotarget_s5,proprio.target,5,4,34,1.7,1.59026,0.86086,2.45113,3682863
pinch_sinusoid,pinch_sweep_size_rand_sinusoid-20260624-142357,TesolloCubePinch,TesolloCubePinch-20260624-165709-cubepinch_sb_propriotarget_s5,proprio.target,5,4,35,1.75,1.41628,0.94108,2.35737,3682863
pinch_sinusoid,pinch_sweep_size_rand_sinusoid-20260624-142357,TesolloCubePinch,TesolloCubePinch-20260624-165709-cubepinch_sb_propriotarget_s5,proprio.target,5,4,36,1.8,1.31474,0.91437,2.22911,3682863
pinch_sinusoid,pinch_sweep_size_rand_sinusoid-20260624-142357,TesolloCubePinch,TesolloCubePinch-20260624-165709-cubepinch_sb_propriotarget_s5,proprio.target,5,4,37,1.85,1.25681,0.86944,2.12625,3682863
pinch_sinusoid,pinch_sweep_size_rand_sinusoid-20260624-142357,TesolloCubePinch,TesolloCubePinch-20260624-165709-cubepinch_sb_propriotarget_s5,proprio.target,5,4,38,1.9,1.27491,0.81795,2.09286,3682863
pinch_sinusoid,pinch_sweep_size_rand_sinusoid-20260624-142357,TesolloCubePinch,TesolloCubePinch-20260624-165709-cubepinch_sb_propriotarget_s5,proprio.target,5,4,39,1.95,1.25728,0.79197,2.04925,3682863
pinch_sinusoid,pinch_sweep_size_rand_sinusoid-20260624-142357,TesolloCubePinch,TesolloCubePinch-20260624-165709-cubepinch_sb_propriotarget_s5,proprio.target,5,4,40,2.0,1.28039,0.79548,2.07587,3682863
pinch_sinusoid,pinch_sweep_size_rand_sinusoid-20260624-142357,TesolloCubePinch,TesolloCubePinch-20260624-165709-cubepinch_sb_propriotarget_s5,proprio.target,5,4,41,2.05,1.31017,0.82439,2.13456,3682863
pinch_sinusoid,pinch_sweep_size_rand_sinusoid-20260624-142357,TesolloCubePinch,TesolloCubePinch-20260624-165709-cubepinch_sb_propriotarget_s5,proprio.target,5,4,42,2.1,1.36218,0.88354,2.24571,3682863
pinch_sinusoid,pinch_sweep_size_rand_sinusoid-20260624-142357,TesolloCubePinch,TesolloCubePinch-20260624-165709-cubepinch_sb_propriotarget_s5,proprio.target,5,4,43,2.15,1.3927,0.88308,2.27578,3682863
pinch_sinusoid,pinch_sweep_size_rand_sinusoid-20260624-142357,TesolloCubePinch,TesolloCubePinch-20260624-165709-cubepinch_sb_propriotarget_s5,proprio.target,5,4,44,2.2,1.46812,0.88526,2.35338,3682863
pinch_sinusoid,pinch_sweep_size_rand_sinusoid-20260624-142357,TesolloCubePinch,TesolloCubePinch-20260624-165709-cubepinch_sb_propriotarget_s5,proprio.target,5,4,45,2.25,1.76933,0.93518,2.70451,3682863
pinch_sinusoid,pinch_sweep_size_rand_sinusoid-20260624-142357,TesolloCubePinch,TesolloCubePinch-20260624-165709-cubepinch_sb_propriotarget_s5,proprio.target,5,4,46,2.3,2.16203,0.96836,3.1304,3682863
pinch_sinusoid,pinch_sweep_size_rand_sinusoid-20260624-142357,TesolloCubePinch,TesolloCubePinch-20260624-165709-cubepinch_sb_propriotarget_s5,proprio.target,5,4,47,2.35,2.07377,1.22296,3.29673,3682863
pinch_sinusoid,pinch_sweep_size_rand_sinusoid-20260624-142357,TesolloCubePinch,TesolloCubePinch-20260624-165709-cubepinch_sb_propriotarget_s5,proprio.target,5,4,48,2.4,1.91975,1.61604,3.53579,3682863
pinch_sinusoid,pinch_sweep_size_rand_sinusoid-20260624-142357,TesolloCubePinch,TesolloCubePinch-20260624-165709-cubepinch_sb_propriotarget_s5,proprio.target,5,4,49,2.45,2.00321,1.66215,3.66537,3682863
pinch_sinusoid,pinch_sweep_size_rand_sinusoid-20260624-142357,TesolloCubePinch,TesolloCubePinch-20260624-165709-cubepinch_sb_propriotarget_s5,proprio.target,5,4,50,2.5,2.18774,1.71471,3.90245,3682863
pinch_sinusoid,pinch_sweep_size_rand_sinusoid-20260624-142357,TesolloCubePinch,TesolloCubePinch-20260624-165709-cubepinch_sb_propriotarget_s5,proprio.target,5,4,51,2.55,2.43084,1.7938,4.22464,3682863
pinch_sinusoid,pinch_sweep_size_rand_sinusoid-20260624-142357,TesolloCubePinch,TesolloCubePinch-20260624-165709-cubepinch_sb_propriotarget_s5,proprio.target,5,4,52,2.6,2.78753,1.88512,4.67265,3682863
pinch_sinusoid,pinch_sweep_size_rand_sinusoid-20260624-142357,TesolloCubePinch,TesolloCubePinch-20260624-165709-cubepinch_sb_propriotarget_s5,proprio.target,5,4,53,2.65,2.85568,1.96897,4.82466,3682863
pinch_sinusoid,pinch_sweep_size_rand_sinusoid-20260624-142357,TesolloCubePinch,TesolloCubePinch-20260624-165709-cubepinch_sb_propriotarget_s5,proprio.target,5,4,54,2.7,2.88927,2.08081,4.97008,3682863
pinch_sinusoid,pinch_sweep_size_rand_sinusoid-20260624-142357,TesolloCubePinch,TesolloCubePinch-20260624-165709-cubepinch_sb_propriotarget_s5,proprio.target,5,4,55,2.75,2.91396,2.11696,5.03093,3682863
pinch_sinusoid,pinch_sweep_size_rand_sinusoid-20260624-142357,TesolloCubePinch,TesolloCubePinch-20260624-165709-cubepinch_sb_propriotarget_s5,proprio.target,5,4,56,2.8,2.92637,2.20501,5.13138,3682863
pinch_sinusoid,pinch_sweep_size_rand_sinusoid-20260624-142357,TesolloCubePinch,TesolloCubePinch-20260624-165709-cubepinch_sb_propriotarget_s5,proprio.target,5,4,57,2.85,2.9335,2.29709,5.23058,3682863
pinch_sinusoid,pinch_sweep_size_rand_sinusoid-20260624-142357,TesolloCubePinch,TesolloCubePinch-20260624-165709-cubepinch_sb_propriotarget_s5,proprio.target,5,4,58,2.9,2.90031,2.32894,5.22925,3682863
pinch_sinusoid,pinch_sweep_size_rand_sinusoid-20260624-142357,TesolloCubePinch,TesolloCubePinch-20260624-165709-cubepinch_sb_propriotarget_s5,proprio.target,5,4,59,2.95,2.84672,2.38326,5.22998,3682863
pinch_sinusoid,pinch_sweep_size_rand_sinusoid-20260624-142357,TesolloCubePinch,TesolloCubePinch-20260624-165709-cubepinch_sb_propriotarget_s5,proprio.target,5,4,60,3.0,2.8259,2.3912,5.2171,3682863
pinch_sinusoid,pinch_sweep_size_rand_sinusoid-20260624-142357,TesolloCubePinch,TesolloCubePinch-20260624-165709-cubepinch_sb_propriotarget_s5,proprio.target,5,4,61,3.05,2.81903,2.36382,5.18285,3682863
pinch_sinusoid,pinch_sweep_size_rand_sinusoid-20260624-142357,TesolloCubePinch,TesolloCubePinch-20260624-165709-cubepinch_sb_propriotarget_s5,proprio.target,5,4,62,3.1,2.73375,2.33978,5.07353,3682863
pinch_sinusoid,pinch_sweep_size_rand_sinusoid-20260624-142357,TesolloCubePinch,TesolloCubePinch-20260624-165709-cubepinch_sb_propriotarget_s5,proprio.target,5,4,63,3.15,2.6336,2.27988,4.91348,3682863
pinch_sinusoid,pinch_sweep_size_rand_sinusoid-20260624-142357,TesolloCubePinch,TesolloCubePinch-20260624-165709-cubepinch_sb_propriotarget_s5,proprio.target,5,4,64,3.2,2.54897,2.17583,4.7248,3682863
pinch_sinusoid,pinch_sweep_size_rand_sinusoid-20260624-142357,TesolloCubePinch,TesolloCubePinch-20260624-165709-cubepinch_sb_propriotarget_s5,proprio.target,5,4,65,3.25,2.45134,2.02821,4.47955,3682863
pinch_sinusoid,pinch_sweep_size_rand_sinusoid-20260624-142357,TesolloCubePinch,TesolloCubePinch-20260624-165709-cubepinch_sb_propriotarget_s5,proprio.target,5,4,66,3.3,2.3683,1.98185,4.35015,3682863
pinch_sinusoid,pinch_sweep_size_rand_sinusoid-20260624-142357,TesolloCubePinch,TesolloCubePinch-20260624-165709-cubepinch_sb_propriotarget_s5,proprio.target,5,4,67,3.35,2.31506,1.9246,4.23967,3682863
pinch_sinusoid,pinch_sweep_size_rand_sinusoid-20260624-142357,TesolloCubePinch,TesolloCubePinch-20260624-165709-cubepinch_sb_propriotarget_s5,proprio.target,5,4,68,3.4,2.19187,1.81506,4.00693,3682863
pinch_sinusoid,pinch_sweep_size_rand_sinusoid-20260624-142357,TesolloCubePinch,TesolloCubePinch-20260624-165709-cubepinch_sb_propriotarget_s5,proprio.target,5,4,69,3.45,2.04658,1.6883,3.73488,3682863
pinch_sinusoid,pinch_sweep_size_rand_sinusoid-20260624-142357,TesolloCubePinch,TesolloCubePinch-20260624-165709-cubepinch_sb_propriotarget_s5,proprio.target,5,4,70,3.5,1.92737,1.64651,3.57388,3682863
pinch_sinusoid,pinch_sweep_size_rand_sinusoid-20260624-142357,TesolloCubePinch,TesolloCubePinch-20260624-165709-cubepinch_sb_propriotarget_s5,proprio.target,5,4,71,3.55,1.93081,1.36588,3.29669,3682863
pinch_sinusoid,pinch_sweep_size_rand_sinusoid-20260624-142357,TesolloCubePinch,TesolloCubePinch-20260624-165709-cubepinch_sb_propriotarget_s5,proprio.target,5,4,72,3.6,2.1288,0.99918,3.12798,3682863
pinch_sinusoid,pinch_sweep_size_rand_sinusoid-20260624-142357,TesolloCubePinch,TesolloCubePinch-20260624-165709-cubepinch_sb_propriotarget_s5,proprio.target,5,4,73,3.65,1.61613,0.84282,2.45895,3682863
pinch_sinusoid,pinch_sweep_size_rand_sinusoid-20260624-142357,TesolloCubePinch,TesolloCubePinch-20260624-165709-cubepinch_sb_propriotarget_s5,proprio.target,5,4,74,3.7,1.49762,0.99167,2.48929,3682863
pinch_sinusoid,pinch_sweep_size_rand_sinusoid-20260624-142357,TesolloCubePinch,TesolloCubePinch-20260624-165709-cubepinch_sb_propriotarget_s5,proprio.target,5,4,75,3.75,1.41106,0.96382,2.37488,3682863
pinch_sinusoid,pinch_sweep_size_rand_sinusoid-20260624-142357,TesolloCubePinch,TesolloCubePinch-20260624-165709-cubepinch_sb_propriotarget_s5,proprio.target,5,4,76,3.8,1.32606,0.91082,2.23688,3682863
pinch_sinusoid,pinch_sweep_size_rand_sinusoid-20260624-142357,TesolloCubePinch,TesolloCubePinch-20260624-165709-cubepinch_sb_propriotarget_s5,proprio.target,5,4,77,3.85,1.28307,0.84647,2.12955,3682863
pinch_sinusoid,pinch_sweep_size_rand_sinusoid-20260624-142357,TesolloCubePinch,TesolloCubePinch-20260624-165709-cubepinch_sb_propriotarget_s5,proprio.target,5,4,78,3.9,1.30144,0.79787,2.09931,3682863
pinch_sinusoid,pinch_sweep_size_rand_sinusoid-20260624-142357,TesolloCubePinch,TesolloCubePinch-20260624-165709-cubepinch_sb_propriotarget_s5,proprio.target,5,4,79,3.95,1.2701,0.79284,2.06294,3682863
pinch_sinusoid,pinch_sweep_size_rand_sinusoid-20260624-142357,TesolloCubePinch,TesolloCubePinch-20260624-165709-cubepinch_sb_propriotarget_s5,proprio.target,5,5,0,0.0,0.0,0.0,0.0,3682863
pinch_sinusoid,pinch_sweep_size_rand_sinusoid-20260624-142357,TesolloCubePinch,TesolloCubePinch-20260624-165709-cubepinch_sb_propriotarget_s5,proprio.target,5,5,1,0.05,0.0,0.0,0.0,3682863
pinch_sinusoid,pinch_sweep_size_rand_sinusoid-20260624-142357,TesolloCubePinch,TesolloCubePinch-20260624-165709-cubepinch_sb_propriotarget_s5,proprio.target,5,5,2,0.1,0.0,0.0,0.0,3682863
pinch_sinusoid,pinch_sweep_size_rand_sinusoid-20260624-142357,TesolloCubePinch,TesolloCubePinch-20260624-165709-cubepinch_sb_propriotarget_s5,proprio.target,5,5,3,0.15,0.0,0.0,0.0,3682863
pinch_sinusoid,pinch_sweep_size_rand_sinusoid-20260624-142357,TesolloCubePinch,TesolloCubePinch-20260624-165709-cubepinch_sb_propriotarget_s5,proprio.target,5,5,4,0.2,0.0,0.0,0.0,3682863
pinch_sinusoid,pinch_sweep_size_rand_sinusoid-20260624-142357,TesolloCubePinch,TesolloCubePinch-20260624-165709-cubepinch_sb_propriotarget_s5,proprio.target,5,5,5,0.25,0.0,0.0,0.0,3682863
pinch_sinusoid,pinch_sweep_size_rand_sinusoid-20260624-142357,TesolloCubePinch,TesolloCubePinch-20260624-165709-cubepinch_sb_propriotarget_s5,proprio.target,5,5,6,0.3,0.0,0.0,0.0,3682863
pinch_sinusoid,pinch_sweep_size_rand_sinusoid-20260624-142357,TesolloCubePinch,TesolloCubePinch-20260624-165709-cubepinch_sb_propriotarget_s5,proprio.target,5,5,7,0.35,0.0,0.0,0.0,3682863
pinch_sinusoid,pinch_sweep_size_rand_sinusoid-20260624-142357,TesolloCubePinch,TesolloCubePinch-20260624-165709-cubepinch_sb_propriotarget_s5,proprio.target,5,5,8,0.4,1.04803,0.0,1.04803,3682863
pinch_sinusoid,pinch_sweep_size_rand_sinusoid-20260624-142357,TesolloCubePinch,TesolloCubePinch-20260624-165709-cubepinch_sb_propriotarget_s5,proprio.target,5,5,9,0.45,1.87039,0.50921,2.3796,3682863
pinch_sinusoid,pinch_sweep_size_rand_sinusoid-20260624-142357,TesolloCubePinch,TesolloCubePinch-20260624-165709-cubepinch_sb_propriotarget_s5,proprio.target,5,5,10,0.5,2.09855,0.73817,2.83672,3682863
pinch_sinusoid,pinch_sweep_size_rand_sinusoid-20260624-142357,TesolloCubePinch,TesolloCubePinch-20260624-165709-cubepinch_sb_propriotarget_s5,proprio.target,5,5,11,0.55,2.29373,0.67636,2.97009,3682863
pinch_sinusoid,pinch_sweep_size_rand_sinusoid-20260624-142357,TesolloCubePinch,TesolloCubePinch-20260624-165709-cubepinch_sb_propriotarget_s5,proprio.target,5,5,12,0.6,2.17846,0.69012,2.86858,3682863
pinch_sinusoid,pinch_sweep_size_rand_sinusoid-20260624-142357,TesolloCubePinch,TesolloCubePinch-20260624-165709-cubepinch_sb_propriotarget_s5,proprio.target,5,5,13,0.65,2.22613,0.78415,3.01028,3682863
pinch_sinusoid,pinch_sweep_size_rand_sinusoid-20260624-142357,TesolloCubePinch,TesolloCubePinch-20260624-165709-cubepinch_sb_propriotarget_s5,proprio.target,5,5,14,0.7,2.42162,0.90455,3.32617,3682863
pinch_sinusoid,pinch_sweep_size_rand_sinusoid-20260624-142357,TesolloCubePinch,TesolloCubePinch-20260624-165709-cubepinch_sb_propriotarget_s5,proprio.target,5,5,15,0.75,2.32284,1.03248,3.35532,3682863
pinch_sinusoid,pinch_sweep_size_rand_sinusoid-20260624-142357,TesolloCubePinch,TesolloCubePinch-20260624-165709-cubepinch_sb_propriotarget_s5,proprio.target,5,5,16,0.8,2.23186,0.90639,3.13826,3682863
pinch_sinusoid,pinch_sweep_size_rand_sinusoid-20260624-142357,TesolloCubePinch,TesolloCubePinch-20260624-165709-cubepinch_sb_propriotarget_s5,proprio.target,5,5,17,0.85,2.1407,1.17315,3.31385,3682863
pinch_sinusoid,pinch_sweep_size_rand_sinusoid-20260624-142357,TesolloCubePinch,TesolloCubePinch-20260624-165709-cubepinch_sb_propriotarget_s5,proprio.target,5,5,18,0.9,2.10206,1.67909,3.78115,3682863
pinch_sinusoid,pinch_sweep_size_rand_sinusoid-20260624-142357,TesolloCubePinch,TesolloCubePinch-20260624-165709-cubepinch_sb_propriotarget_s5,proprio.target,5,5,19,0.95,2.04463,1.71175,3.75638,3682863
pinch_sinusoid,pinch_sweep_size_rand_sinusoid-20260624-142357,TesolloCubePinch,TesolloCubePinch-20260624-165709-cubepinch_sb_propriotarget_s5,proprio.target,5,5,20,1.0,2.27986,1.77194,4.0518,3682863
pinch_sinusoid,pinch_sweep_size_rand_sinusoid-20260624-142357,TesolloCubePinch,TesolloCubePinch-20260624-165709-cubepinch_sb_propriotarget_s5,proprio.target,5,5,21,1.05,2.4354,1.8551,4.2905,3682863
pinch_sinusoid,pinch_sweep_size_rand_sinusoid-20260624-142357,TesolloCubePinch,TesolloCubePinch-20260624-165709-cubepinch_sb_propriotarget_s5,proprio.target,5,5,22,1.1,2.78796,1.96332,4.75128,3682863
pinch_sinusoid,pinch_sweep_size_rand_sinusoid-20260624-142357,TesolloCubePinch,TesolloCubePinch-20260624-165709-cubepinch_sb_propriotarget_s5,proprio.target,5,5,23,1.15,2.85863,1.99748,4.85611,3682863
pinch_sinusoid,pinch_sweep_size_rand_sinusoid-20260624-142357,TesolloCubePinch,TesolloCubePinch-20260624-165709-cubepinch_sb_propriotarget_s5,proprio.target,5,5,24,1.2,2.85234,2.00429,4.85664,3682863
pinch_sinusoid,pinch_sweep_size_rand_sinusoid-20260624-142357,TesolloCubePinch,TesolloCubePinch-20260624-165709-cubepinch_sb_propriotarget_s5,proprio.target,5,5,25,1.25,2.85345,2.02805,4.88149,3682863
pinch_sinusoid,pinch_sweep_size_rand_sinusoid-20260624-142357,TesolloCubePinch,TesolloCubePinch-20260624-165709-cubepinch_sb_propriotarget_s5,proprio.target,5,5,26,1.3,2.84527,2.21361,5.05887,3682863
pinch_sinusoid,pinch_sweep_size_rand_sinusoid-20260624-142357,TesolloCubePinch,TesolloCubePinch-20260624-165709-cubepinch_sb_propriotarget_s5,proprio.target,5,5,27,1.35,2.83432,2.32723,5.16155,3682863
pinch_sinusoid,pinch_sweep_size_rand_sinusoid-20260624-142357,TesolloCubePinch,TesolloCubePinch-20260624-165709-cubepinch_sb_propriotarget_s5,proprio.target,5,5,28,1.4,2.83056,2.38265,5.21321,3682863
pinch_sinusoid,pinch_sweep_size_rand_sinusoid-20260624-142357,TesolloCubePinch,TesolloCubePinch-20260624-165709-cubepinch_sb_propriotarget_s5,proprio.target,5,5,29,1.45,2.83061,2.3831,5.21372,3682863
pinch_sinusoid,pinch_sweep_size_rand_sinusoid-20260624-142357,TesolloCubePinch,TesolloCubePinch-20260624-165709-cubepinch_sb_propriotarget_s5,proprio.target,5,5,30,1.5,2.82701,2.33772,5.16474,3682863
pinch_sinusoid,pinch_sweep_size_rand_sinusoid-20260624-142357,TesolloCubePinch,TesolloCubePinch-20260624-165709-cubepinch_sb_propriotarget_s5,proprio.target,5,5,31,1.55,2.78545,2.24155,5.027,3682863
pinch_sinusoid,pinch_sweep_size_rand_sinusoid-20260624-142357,TesolloCubePinch,TesolloCubePinch-20260624-165709-cubepinch_sb_propriotarget_s5,proprio.target,5,5,32,1.6,2.72514,2.21597,4.94111,3682863
pinch_sinusoid,pinch_sweep_size_rand_sinusoid-20260624-142357,TesolloCubePinch,TesolloCubePinch-20260624-165709-cubepinch_sb_propriotarget_s5,proprio.target,5,5,33,1.65,2.64454,2.14172,4.78626,3682863
pinch_sinusoid,pinch_sweep_size_rand_sinusoid-20260624-142357,TesolloCubePinch,TesolloCubePinch-20260624-165709-cubepinch_sb_propriotarget_s5,proprio.target,5,5,34,1.7,2.57156,2.00014,4.5717,3682863
pinch_sinusoid,pinch_sweep_size_rand_sinusoid-20260624-142357,TesolloCubePinch,TesolloCubePinch-20260624-165709-cubepinch_sb_propriotarget_s5,proprio.target,5,5,35,1.75,2.48066,1.97789,4.45855,3682863
pinch_sinusoid,pinch_sweep_size_rand_sinusoid-20260624-142357,TesolloCubePinch,TesolloCubePinch-20260624-165709-cubepinch_sb_propriotarget_s5,proprio.target,5,5,36,1.8,2.36357,1.91622,4.27979,3682863
pinch_sinusoid,pinch_sweep_size_rand_sinusoid-20260624-142357,TesolloCubePinch,TesolloCubePinch-20260624-165709-cubepinch_sb_propriotarget_s5,proprio.target,5,5,37,1.85,2.30605,1.82494,4.131,3682863
pinch_sinusoid,pinch_sweep_size_rand_sinusoid-20260624-142357,TesolloCubePinch,TesolloCubePinch-20260624-165709-cubepinch_sb_propriotarget_s5,proprio.target,5,5,38,1.9,2.10548,1.72115,3.82663,3682863
pinch_sinusoid,pinch_sweep_size_rand_sinusoid-20260624-142357,TesolloCubePinch,TesolloCubePinch-20260624-165709-cubepinch_sb_propriotarget_s5,proprio.target,5,5,39,1.95,1.93875,1.65951,3.59826,3682863
pinch_sinusoid,pinch_sweep_size_rand_sinusoid-20260624-142357,TesolloCubePinch,TesolloCubePinch-20260624-165709-cubepinch_sb_propriotarget_s5,proprio.target,5,5,40,2.0,1.86362,1.74797,3.61159,3682863
pinch_sinusoid,pinch_sweep_size_rand_sinusoid-20260624-142357,TesolloCubePinch,TesolloCubePinch-20260624-165709-cubepinch_sb_propriotarget_s5,proprio.target,5,5,41,2.05,1.91766,1.30933,3.22699,3682863
pinch_sinusoid,pinch_sweep_size_rand_sinusoid-20260624-142357,TesolloCubePinch,TesolloCubePinch-20260624-165709-cubepinch_sb_propriotarget_s5,proprio.target,5,5,42,2.1,2.15847,0.81977,2.97823,3682863
pinch_sinusoid,pinch_sweep_size_rand_sinusoid-20260624-142357,TesolloCubePinch,TesolloCubePinch-20260624-165709-cubepinch_sb_propriotarget_s5,proprio.target,5,5,43,2.15,1.60614,0.88169,2.48783,3682863
pinch_sinusoid,pinch_sweep_size_rand_sinusoid-20260624-142357,TesolloCubePinch,TesolloCubePinch-20260624-165709-cubepinch_sb_propriotarget_s5,proprio.target,5,5,44,2.2,1.42951,0.96521,2.39473,3682863
pinch_sinusoid,pinch_sweep_size_rand_sinusoid-20260624-142357,TesolloCubePinch,TesolloCubePinch-20260624-165709-cubepinch_sb_propriotarget_s5,proprio.target,5,5,45,2.25,1.32585,0.9544,2.28025,3682863
pinch_sinusoid,pinch_sweep_size_rand_sinusoid-20260624-142357,TesolloCubePinch,TesolloCubePinch-20260624-165709-cubepinch_sb_propriotarget_s5,proprio.target,5,5,46,2.3,1.27687,0.89623,2.1731,3682863
pinch_sinusoid,pinch_sweep_size_rand_sinusoid-20260624-142357,TesolloCubePinch,TesolloCubePinch-20260624-165709-cubepinch_sb_propriotarget_s5,proprio.target,5,5,47,2.35,1.29236,0.83829,2.13065,3682863
pinch_sinusoid,pinch_sweep_size_rand_sinusoid-20260624-142357,TesolloCubePinch,TesolloCubePinch-20260624-165709-cubepinch_sb_propriotarget_s5,proprio.target,5,5,48,2.4,1.23852,0.81185,2.05036,3682863
pinch_sinusoid,pinch_sweep_size_rand_sinusoid-20260624-142357,TesolloCubePinch,TesolloCubePinch-20260624-165709-cubepinch_sb_propriotarget_s5,proprio.target,5,5,49,2.45,1.25577,0.80172,2.05749,3682863
pinch_sinusoid,pinch_sweep_size_rand_sinusoid-20260624-142357,TesolloCubePinch,TesolloCubePinch-20260624-165709-cubepinch_sb_propriotarget_s5,proprio.target,5,5,50,2.5,1.27271,0.81996,2.09267,3682863
pinch_sinusoid,pinch_sweep_size_rand_sinusoid-20260624-142357,TesolloCubePinch,TesolloCubePinch-20260624-165709-cubepinch_sb_propriotarget_s5,proprio.target,5,5,51,2.55,1.30455,0.86658,2.17113,3682863
pinch_sinusoid,pinch_sweep_size_rand_sinusoid-20260624-142357,TesolloCubePinch,TesolloCubePinch-20260624-165709-cubepinch_sb_propriotarget_s5,proprio.target,5,5,52,2.6,1.3666,0.9339,2.3005,3682863
pinch_sinusoid,pinch_sweep_size_rand_sinusoid-20260624-142357,TesolloCubePinch,TesolloCubePinch-20260624-165709-cubepinch_sb_propriotarget_s5,proprio.target,5,5,53,2.65,1.37911,0.90332,2.28243,3682863
pinch_sinusoid,pinch_sweep_size_rand_sinusoid-20260624-142357,TesolloCubePinch,TesolloCubePinch-20260624-165709-cubepinch_sb_propriotarget_s5,proprio.target,5,5,54,2.7,1.55307,0.87891,2.43198,3682863
pinch_sinusoid,pinch_sweep_size_rand_sinusoid-20260624-142357,TesolloCubePinch,TesolloCubePinch-20260624-165709-cubepinch_sb_propriotarget_s5,proprio.target,5,5,55,2.75,1.92892,0.94584,2.87476,3682863
pinch_sinusoid,pinch_sweep_size_rand_sinusoid-20260624-142357,TesolloCubePinch,TesolloCubePinch-20260624-165709-cubepinch_sb_propriotarget_s5,proprio.target,5,5,56,2.8,2.04552,1.12173,3.16725,3682863
pinch_sinusoid,pinch_sweep_size_rand_sinusoid-20260624-142357,TesolloCubePinch,TesolloCubePinch-20260624-165709-cubepinch_sb_propriotarget_s5,proprio.target,5,5,57,2.85,1.91698,1.60927,3.52625,3682863
pinch_sinusoid,pinch_sweep_size_rand_sinusoid-20260624-142357,TesolloCubePinch,TesolloCubePinch-20260624-165709-cubepinch_sb_propriotarget_s5,proprio.target,5,5,58,2.9,1.98185,1.63157,3.61342,3682863
pinch_sinusoid,pinch_sweep_size_rand_sinusoid-20260624-142357,TesolloCubePinch,TesolloCubePinch-20260624-165709-cubepinch_sb_propriotarget_s5,proprio.target,5,5,59,2.95,2.17554,1.68978,3.86532,3682863
pinch_sinusoid,pinch_sweep_size_rand_sinusoid-20260624-142357,TesolloCubePinch,TesolloCubePinch-20260624-165709-cubepinch_sb_propriotarget_s5,proprio.target,5,5,60,3.0,2.31406,1.75381,4.06787,3682863
pinch_sinusoid,pinch_sweep_size_rand_sinusoid-20260624-142357,TesolloCubePinch,TesolloCubePinch-20260624-165709-cubepinch_sb_propriotarget_s5,proprio.target,5,5,61,3.05,2.73322,1.84063,4.57385,3682863
pinch_sinusoid,pinch_sweep_size_rand_sinusoid-20260624-142357,TesolloCubePinch,TesolloCubePinch-20260624-165709-cubepinch_sb_propriotarget_s5,proprio.target,5,5,62,3.1,2.85273,1.92956,4.78229,3682863
pinch_sinusoid,pinch_sweep_size_rand_sinusoid-20260624-142357,TesolloCubePinch,TesolloCubePinch-20260624-165709-cubepinch_sb_propriotarget_s5,proprio.target,5,5,63,3.15,2.885,2.04031,4.92532,3682863
pinch_sinusoid,pinch_sweep_size_rand_sinusoid-20260624-142357,TesolloCubePinch,TesolloCubePinch-20260624-165709-cubepinch_sb_propriotarget_s5,proprio.target,5,5,64,3.2,2.91412,2.10354,5.01767,3682863
pinch_sinusoid,pinch_sweep_size_rand_sinusoid-20260624-142357,TesolloCubePinch,TesolloCubePinch-20260624-165709-cubepinch_sb_propriotarget_s5,proprio.target,5,5,65,3.25,2.93167,2.1869,5.11857,3682863
pinch_sinusoid,pinch_sweep_size_rand_sinusoid-20260624-142357,TesolloCubePinch,TesolloCubePinch-20260624-165709-cubepinch_sb_propriotarget_s5,proprio.target,5,5,66,3.3,2.94045,2.28491,5.22536,3682863
pinch_sinusoid,pinch_sweep_size_rand_sinusoid-20260624-142357,TesolloCubePinch,TesolloCubePinch-20260624-165709-cubepinch_sb_propriotarget_s5,proprio.target,5,5,67,3.35,2.94482,2.33048,5.27529,3682863
pinch_sinusoid,pinch_sweep_size_rand_sinusoid-20260624-142357,TesolloCubePinch,TesolloCubePinch-20260624-165709-cubepinch_sb_propriotarget_s5,proprio.target,5,5,68,3.4,2.91876,2.37023,5.28899,3682863
pinch_sinusoid,pinch_sweep_size_rand_sinusoid-20260624-142357,TesolloCubePinch,TesolloCubePinch-20260624-165709-cubepinch_sb_propriotarget_s5,proprio.target,5,5,69,3.45,2.84857,2.38417,5.23274,3682863
pinch_sinusoid,pinch_sweep_size_rand_sinusoid-20260624-142357,TesolloCubePinch,TesolloCubePinch-20260624-165709-cubepinch_sb_propriotarget_s5,proprio.target,5,5,70,3.5,2.83176,2.36928,5.20104,3682863
pinch_sinusoid,pinch_sweep_size_rand_sinusoid-20260624-142357,TesolloCubePinch,TesolloCubePinch-20260624-165709-cubepinch_sb_propriotarget_s5,proprio.target,5,5,71,3.55,2.80594,2.33363,5.13957,3682863
pinch_sinusoid,pinch_sweep_size_rand_sinusoid-20260624-142357,TesolloCubePinch,TesolloCubePinch-20260624-165709-cubepinch_sb_propriotarget_s5,proprio.target,5,5,72,3.6,2.67423,2.30919,4.98342,3682863
pinch_sinusoid,pinch_sweep_size_rand_sinusoid-20260624-142357,TesolloCubePinch,TesolloCubePinch-20260624-165709-cubepinch_sb_propriotarget_s5,proprio.target,5,5,73,3.65,2.59363,2.21198,4.80561,3682863
pinch_sinusoid,pinch_sweep_size_rand_sinusoid-20260624-142357,TesolloCubePinch,TesolloCubePinch-20260624-165709-cubepinch_sb_propriotarget_s5,proprio.target,5,5,74,3.7,2.48974,2.10191,4.59166,3682863
pinch_sinusoid,pinch_sweep_size_rand_sinusoid-20260624-142357,TesolloCubePinch,TesolloCubePinch-20260624-165709-cubepinch_sb_propriotarget_s5,proprio.target,5,5,75,3.75,2.37962,1.97886,4.35848,3682863
pinch_sinusoid,pinch_sweep_size_rand_sinusoid-20260624-142357,TesolloCubePinch,TesolloCubePinch-20260624-165709-cubepinch_sb_propriotarget_s5,proprio.target,5,5,76,3.8,2.35408,1.90766,4.26174,3682863
pinch_sinusoid,pinch_sweep_size_rand_sinusoid-20260624-142357,TesolloCubePinch,TesolloCubePinch-20260624-165709-cubepinch_sb_propriotarget_s5,proprio.target,5,5,77,3.85,2.23288,1.85016,4.08304,3682863
pinch_sinusoid,pinch_sweep_size_rand_sinusoid-20260624-142357,TesolloCubePinch,TesolloCubePinch-20260624-165709-cubepinch_sb_propriotarget_s5,proprio.target,5,5,78,3.9,2.09679,1.72736,3.82415,3682863
pinch_sinusoid,pinch_sweep_size_rand_sinusoid-20260624-142357,TesolloCubePinch,TesolloCubePinch-20260624-165709-cubepinch_sb_propriotarget_s5,proprio.target,5,5,79,3.95,1.96227,1.64225,3.60452,3682863
pinch_sinusoid,pinch_sweep_size_rand_sinusoid-20260624-142357,TesolloCubePinch,TesolloCubePinch-20260624-165709-cubepinch_sb_propriotarget_s5,proprio.target,5,6,0,0.0,0.0,0.0,0.0,3682863
pinch_sinusoid,pinch_sweep_size_rand_sinusoid-20260624-142357,TesolloCubePinch,TesolloCubePinch-20260624-165709-cubepinch_sb_propriotarget_s5,proprio.target,5,6,1,0.05,0.0,0.0,0.0,3682863
pinch_sinusoid,pinch_sweep_size_rand_sinusoid-20260624-142357,TesolloCubePinch,TesolloCubePinch-20260624-165709-cubepinch_sb_propriotarget_s5,proprio.target,5,6,2,0.1,0.0,0.0,0.0,3682863
pinch_sinusoid,pinch_sweep_size_rand_sinusoid-20260624-142357,TesolloCubePinch,TesolloCubePinch-20260624-165709-cubepinch_sb_propriotarget_s5,proprio.target,5,6,3,0.15,0.0,0.0,0.0,3682863
pinch_sinusoid,pinch_sweep_size_rand_sinusoid-20260624-142357,TesolloCubePinch,TesolloCubePinch-20260624-165709-cubepinch_sb_propriotarget_s5,proprio.target,5,6,4,0.2,0.0,0.0,0.0,3682863
pinch_sinusoid,pinch_sweep_size_rand_sinusoid-20260624-142357,TesolloCubePinch,TesolloCubePinch-20260624-165709-cubepinch_sb_propriotarget_s5,proprio.target,5,6,5,0.25,0.0,0.0,0.0,3682863
pinch_sinusoid,pinch_sweep_size_rand_sinusoid-20260624-142357,TesolloCubePinch,TesolloCubePinch-20260624-165709-cubepinch_sb_propriotarget_s5,proprio.target,5,6,6,0.3,0.0,0.0,0.0,3682863
pinch_sinusoid,pinch_sweep_size_rand_sinusoid-20260624-142357,TesolloCubePinch,TesolloCubePinch-20260624-165709-cubepinch_sb_propriotarget_s5,proprio.target,5,6,7,0.35,0.0,0.0,0.0,3682863
pinch_sinusoid,pinch_sweep_size_rand_sinusoid-20260624-142357,TesolloCubePinch,TesolloCubePinch-20260624-165709-cubepinch_sb_propriotarget_s5,proprio.target,5,6,8,0.4,0.0,0.0,0.0,3682863
pinch_sinusoid,pinch_sweep_size_rand_sinusoid-20260624-142357,TesolloCubePinch,TesolloCubePinch-20260624-165709-cubepinch_sb_propriotarget_s5,proprio.target,5,6,9,0.45,0.0,0.73071,0.73071,3682863
pinch_sinusoid,pinch_sweep_size_rand_sinusoid-20260624-142357,TesolloCubePinch,TesolloCubePinch-20260624-165709-cubepinch_sb_propriotarget_s5,proprio.target,5,6,10,0.5,2.20405,0.83109,3.03515,3682863
pinch_sinusoid,pinch_sweep_size_rand_sinusoid-20260624-142357,TesolloCubePinch,TesolloCubePinch-20260624-165709-cubepinch_sb_propriotarget_s5,proprio.target,5,6,11,0.55,2.34002,0.82188,3.1619,3682863
pinch_sinusoid,pinch_sweep_size_rand_sinusoid-20260624-142357,TesolloCubePinch,TesolloCubePinch-20260624-165709-cubepinch_sb_propriotarget_s5,proprio.target,5,6,12,0.6,2.27308,0.79487,3.06795,3682863
pinch_sinusoid,pinch_sweep_size_rand_sinusoid-20260624-142357,TesolloCubePinch,TesolloCubePinch-20260624-165709-cubepinch_sb_propriotarget_s5,proprio.target,5,6,13,0.65,2.16359,0.61857,2.78216,3682863
pinch_sinusoid,pinch_sweep_size_rand_sinusoid-20260624-142357,TesolloCubePinch,TesolloCubePinch-20260624-165709-cubepinch_sb_propriotarget_s5,proprio.target,5,6,14,0.7,2.2706,1.06804,3.33864,3682863
pinch_sinusoid,pinch_sweep_size_rand_sinusoid-20260624-142357,TesolloCubePinch,TesolloCubePinch-20260624-165709-cubepinch_sb_propriotarget_s5,proprio.target,5,6,15,0.75,2.22179,1.30923,3.53102,3682863
pinch_sinusoid,pinch_sweep_size_rand_sinusoid-20260624-142357,TesolloCubePinch,TesolloCubePinch-20260624-165709-cubepinch_sb_propriotarget_s5,proprio.target,5,6,16,0.8,2.15508,1.72111,3.87618,3682863
pinch_sinusoid,pinch_sweep_size_rand_sinusoid-20260624-142357,TesolloCubePinch,TesolloCubePinch-20260624-165709-cubepinch_sb_propriotarget_s5,proprio.target,5,6,17,0.85,2.14673,1.75989,3.90663,3682863
pinch_sinusoid,pinch_sweep_size_rand_sinusoid-20260624-142357,TesolloCubePinch,TesolloCubePinch-20260624-165709-cubepinch_sb_propriotarget_s5,proprio.target,5,6,18,0.9,2.36741,1.83141,4.19882,3682863
pinch_sinusoid,pinch_sweep_size_rand_sinusoid-20260624-142357,TesolloCubePinch,TesolloCubePinch-20260624-165709-cubepinch_sb_propriotarget_s5,proprio.target,5,6,19,0.95,2.5617,1.93153,4.49323,3682863
pinch_sinusoid,pinch_sweep_size_rand_sinusoid-20260624-142357,TesolloCubePinch,TesolloCubePinch-20260624-165709-cubepinch_sb_propriotarget_s5,proprio.target,5,6,20,1.0,2.84551,2.01394,4.85946,3682863
pinch_sinusoid,pinch_sweep_size_rand_sinusoid-20260624-142357,TesolloCubePinch,TesolloCubePinch-20260624-165709-cubepinch_sb_propriotarget_s5,proprio.target,5,6,21,1.05,2.85962,2.00155,4.86117,3682863
pinch_sinusoid,pinch_sweep_size_rand_sinusoid-20260624-142357,TesolloCubePinch,TesolloCubePinch-20260624-165709-cubepinch_sb_propriotarget_s5,proprio.target,5,6,22,1.1,2.85991,2.04965,4.90956,3682863
pinch_sinusoid,pinch_sweep_size_rand_sinusoid-20260624-142357,TesolloCubePinch,TesolloCubePinch-20260624-165709-cubepinch_sb_propriotarget_s5,proprio.target,5,6,23,1.15,2.85604,2.23974,5.09579,3682863
pinch_sinusoid,pinch_sweep_size_rand_sinusoid-20260624-142357,TesolloCubePinch,TesolloCubePinch-20260624-165709-cubepinch_sb_propriotarget_s5,proprio.target,5,6,24,1.2,2.86103,2.3581,5.21914,3682863
pinch_sinusoid,pinch_sweep_size_rand_sinusoid-20260624-142357,TesolloCubePinch,TesolloCubePinch-20260624-165709-cubepinch_sb_propriotarget_s5,proprio.target,5,6,25,1.25,2.86861,2.41215,5.28076,3682863
pinch_sinusoid,pinch_sweep_size_rand_sinusoid-20260624-142357,TesolloCubePinch,TesolloCubePinch-20260624-165709-cubepinch_sb_propriotarget_s5,proprio.target,5,6,26,1.3,2.86907,2.41264,5.28172,3682863
pinch_sinusoid,pinch_sweep_size_rand_sinusoid-20260624-142357,TesolloCubePinch,TesolloCubePinch-20260624-165709-cubepinch_sb_propriotarget_s5,proprio.target,5,6,27,1.35,2.86093,2.37481,5.23575,3682863
pinch_sinusoid,pinch_sweep_size_rand_sinusoid-20260624-142357,TesolloCubePinch,TesolloCubePinch-20260624-165709-cubepinch_sb_propriotarget_s5,proprio.target,5,6,28,1.4,2.83136,2.28405,5.11541,3682863
pinch_sinusoid,pinch_sweep_size_rand_sinusoid-20260624-142357,TesolloCubePinch,TesolloCubePinch-20260624-165709-cubepinch_sb_propriotarget_s5,proprio.target,5,6,29,1.45,2.77608,2.18832,4.9644,3682863
pinch_sinusoid,pinch_sweep_size_rand_sinusoid-20260624-142357,TesolloCubePinch,TesolloCubePinch-20260624-165709-cubepinch_sb_propriotarget_s5,proprio.target,5,6,30,1.5,2.69274,2.15677,4.84951,3682863
pinch_sinusoid,pinch_sweep_size_rand_sinusoid-20260624-142357,TesolloCubePinch,TesolloCubePinch-20260624-165709-cubepinch_sb_propriotarget_s5,proprio.target,5,6,31,1.55,2.58027,2.12059,4.70087,3682863
pinch_sinusoid,pinch_sweep_size_rand_sinusoid-20260624-142357,TesolloCubePinch,TesolloCubePinch-20260624-165709-cubepinch_sb_propriotarget_s5,proprio.target,5,6,32,1.6,2.46699,1.93621,4.4032,3682863
pinch_sinusoid,pinch_sweep_size_rand_sinusoid-20260624-142357,TesolloCubePinch,TesolloCubePinch-20260624-165709-cubepinch_sb_propriotarget_s5,proprio.target,5,6,33,1.65,2.37413,1.91777,4.2919,3682863
pinch_sinusoid,pinch_sweep_size_rand_sinusoid-20260624-142357,TesolloCubePinch,TesolloCubePinch-20260624-165709-cubepinch_sb_propriotarget_s5,proprio.target,5,6,34,1.7,2.33445,1.83591,4.17035,3682863
pinch_sinusoid,pinch_sweep_size_rand_sinusoid-20260624-142357,TesolloCubePinch,TesolloCubePinch-20260624-165709-cubepinch_sb_propriotarget_s5,proprio.target,5,6,35,1.75,2.14972,1.73442,3.88415,3682863
pinch_sinusoid,pinch_sweep_size_rand_sinusoid-20260624-142357,TesolloCubePinch,TesolloCubePinch-20260624-165709-cubepinch_sb_propriotarget_s5,proprio.target,5,6,36,1.8,1.97114,1.66929,3.64043,3682863
pinch_sinusoid,pinch_sweep_size_rand_sinusoid-20260624-142357,TesolloCubePinch,TesolloCubePinch-20260624-165709-cubepinch_sb_propriotarget_s5,proprio.target,5,6,37,1.85,1.87994,1.74013,3.62007,3682863
pinch_sinusoid,pinch_sweep_size_rand_sinusoid-20260624-142357,TesolloCubePinch,TesolloCubePinch-20260624-165709-cubepinch_sb_propriotarget_s5,proprio.target,5,6,38,1.9,1.92409,1.30879,3.23289,3682863
pinch_sinusoid,pinch_sweep_size_rand_sinusoid-20260624-142357,TesolloCubePinch,TesolloCubePinch-20260624-165709-cubepinch_sb_propriotarget_s5,proprio.target,5,6,39,1.95,2.15085,0.8875,3.03835,3682863
pinch_sinusoid,pinch_sweep_size_rand_sinusoid-20260624-142357,TesolloCubePinch,TesolloCubePinch-20260624-165709-cubepinch_sb_propriotarget_s5,proprio.target,5,6,40,2.0,1.58853,0.88335,2.47189,3682863
pinch_sinusoid,pinch_sweep_size_rand_sinusoid-20260624-142357,TesolloCubePinch,TesolloCubePinch-20260624-165709-cubepinch_sb_propriotarget_s5,proprio.target,5,6,41,2.05,1.42597,0.98678,2.41275,3682863
pinch_sinusoid,pinch_sweep_size_rand_sinusoid-20260624-142357,TesolloCubePinch,TesolloCubePinch-20260624-165709-cubepinch_sb_propriotarget_s5,proprio.target,5,6,42,2.1,1.30521,0.97905,2.28426,3682863
pinch_sinusoid,pinch_sweep_size_rand_sinusoid-20260624-142357,TesolloCubePinch,TesolloCubePinch-20260624-165709-cubepinch_sb_propriotarget_s5,proprio.target,5,6,43,2.15,1.25995,0.91739,2.17735,3682863
pinch_sinusoid,pinch_sweep_size_rand_sinusoid-20260624-142357,TesolloCubePinch,TesolloCubePinch-20260624-165709-cubepinch_sb_propriotarget_s5,proprio.target,5,6,44,2.2,1.24065,0.85533,2.09598,3682863
pinch_sinusoid,pinch_sweep_size_rand_sinusoid-20260624-142357,TesolloCubePinch,TesolloCubePinch-20260624-165709-cubepinch_sb_propriotarget_s5,proprio.target,5,6,45,2.25,1.28497,0.8111,2.09607,3682863
pinch_sinusoid,pinch_sweep_size_rand_sinusoid-20260624-142357,TesolloCubePinch,TesolloCubePinch-20260624-165709-cubepinch_sb_propriotarget_s5,proprio.target,5,6,46,2.3,1.23708,0.80811,2.04519,3682863
pinch_sinusoid,pinch_sweep_size_rand_sinusoid-20260624-142357,TesolloCubePinch,TesolloCubePinch-20260624-165709-cubepinch_sb_propriotarget_s5,proprio.target,5,6,47,2.35,1.26938,0.82111,2.09049,3682863
pinch_sinusoid,pinch_sweep_size_rand_sinusoid-20260624-142357,TesolloCubePinch,TesolloCubePinch-20260624-165709-cubepinch_sb_propriotarget_s5,proprio.target,5,6,48,2.4,1.29896,0.86202,2.16098,3682863
pinch_sinusoid,pinch_sweep_size_rand_sinusoid-20260624-142357,TesolloCubePinch,TesolloCubePinch-20260624-165709-cubepinch_sb_propriotarget_s5,proprio.target,5,6,49,2.45,1.34559,0.92581,2.27141,3682863
pinch_sinusoid,pinch_sweep_size_rand_sinusoid-20260624-142357,TesolloCubePinch,TesolloCubePinch-20260624-165709-cubepinch_sb_propriotarget_s5,proprio.target,5,6,50,2.5,1.35072,0.90298,2.2537,3682863
pinch_sinusoid,pinch_sweep_size_rand_sinusoid-20260624-142357,TesolloCubePinch,TesolloCubePinch-20260624-165709-cubepinch_sb_propriotarget_s5,proprio.target,5,6,51,2.55,1.47023,0.8669,2.33713,3682863
pinch_sinusoid,pinch_sweep_size_rand_sinusoid-20260624-142357,TesolloCubePinch,TesolloCubePinch-20260624-165709-cubepinch_sb_propriotarget_s5,proprio.target,5,6,52,2.6,1.83613,0.94321,2.77933,3682863
pinch_sinusoid,pinch_sweep_size_rand_sinusoid-20260624-142357,TesolloCubePinch,TesolloCubePinch-20260624-165709-cubepinch_sb_propriotarget_s5,proprio.target,5,6,53,2.65,2.05208,1.07014,3.12222,3682863
pinch_sinusoid,pinch_sweep_size_rand_sinusoid-20260624-142357,TesolloCubePinch,TesolloCubePinch-20260624-165709-cubepinch_sb_propriotarget_s5,proprio.target,5,6,54,2.7,1.92928,1.57082,3.5001,3682863
pinch_sinusoid,pinch_sweep_size_rand_sinusoid-20260624-142357,TesolloCubePinch,TesolloCubePinch-20260624-165709-cubepinch_sb_propriotarget_s5,proprio.target,5,6,55,2.75,1.9424,1.62604,3.56844,3682863
pinch_sinusoid,pinch_sweep_size_rand_sinusoid-20260624-142357,TesolloCubePinch,TesolloCubePinch-20260624-165709-cubepinch_sb_propriotarget_s5,proprio.target,5,6,56,2.8,2.16461,1.67999,3.8446,3682863
pinch_sinusoid,pinch_sweep_size_rand_sinusoid-20260624-142357,TesolloCubePinch,TesolloCubePinch-20260624-165709-cubepinch_sb_propriotarget_s5,proprio.target,5,6,57,2.85,2.22913,1.74045,3.96958,3682863
pinch_sinusoid,pinch_sweep_size_rand_sinusoid-20260624-142357,TesolloCubePinch,TesolloCubePinch-20260624-165709-cubepinch_sb_propriotarget_s5,proprio.target,5,6,58,2.9,2.68958,1.82467,4.51425,3682863
pinch_sinusoid,pinch_sweep_size_rand_sinusoid-20260624-142357,TesolloCubePinch,TesolloCubePinch-20260624-165709-cubepinch_sb_propriotarget_s5,proprio.target,5,6,59,2.95,2.85204,1.91666,4.76871,3682863
pinch_sinusoid,pinch_sweep_size_rand_sinusoid-20260624-142357,TesolloCubePinch,TesolloCubePinch-20260624-165709-cubepinch_sb_propriotarget_s5,proprio.target,5,6,60,3.0,2.8803,2.0215,4.9018,3682863
pinch_sinusoid,pinch_sweep_size_rand_sinusoid-20260624-142357,TesolloCubePinch,TesolloCubePinch-20260624-165709-cubepinch_sb_propriotarget_s5,proprio.target,5,6,61,3.05,2.91074,2.18422,5.09496,3682863
pinch_sinusoid,pinch_sweep_size_rand_sinusoid-20260624-142357,TesolloCubePinch,TesolloCubePinch-20260624-165709-cubepinch_sb_propriotarget_s5,proprio.target,5,6,62,3.1,2.92895,2.17634,5.10529,3682863
pinch_sinusoid,pinch_sweep_size_rand_sinusoid-20260624-142357,TesolloCubePinch,TesolloCubePinch-20260624-165709-cubepinch_sb_propriotarget_s5,proprio.target,5,6,63,3.15,2.93963,2.27704,5.21667,3682863
pinch_sinusoid,pinch_sweep_size_rand_sinusoid-20260624-142357,TesolloCubePinch,TesolloCubePinch-20260624-165709-cubepinch_sb_propriotarget_s5,proprio.target,5,6,64,3.2,2.9434,2.33308,5.27648,3682863
pinch_sinusoid,pinch_sweep_size_rand_sinusoid-20260624-142357,TesolloCubePinch,TesolloCubePinch-20260624-165709-cubepinch_sb_propriotarget_s5,proprio.target,5,6,65,3.25,2.9261,2.37068,5.29678,3682863
pinch_sinusoid,pinch_sweep_size_rand_sinusoid-20260624-142357,TesolloCubePinch,TesolloCubePinch-20260624-165709-cubepinch_sb_propriotarget_s5,proprio.target,5,6,66,3.3,2.85205,2.3909,5.24295,3682863
pinch_sinusoid,pinch_sweep_size_rand_sinusoid-20260624-142357,TesolloCubePinch,TesolloCubePinch-20260624-165709-cubepinch_sb_propriotarget_s5,proprio.target,5,6,67,3.35,2.83297,2.38022,5.21319,3682863
pinch_sinusoid,pinch_sweep_size_rand_sinusoid-20260624-142357,TesolloCubePinch,TesolloCubePinch-20260624-165709-cubepinch_sb_propriotarget_s5,proprio.target,5,6,68,3.4,2.82643,2.33613,5.16257,3682863
pinch_sinusoid,pinch_sweep_size_rand_sinusoid-20260624-142357,TesolloCubePinch,TesolloCubePinch-20260624-165709-cubepinch_sb_propriotarget_s5,proprio.target,5,6,69,3.45,2.69479,2.32566,5.02044,3682863
pinch_sinusoid,pinch_sweep_size_rand_sinusoid-20260624-142357,TesolloCubePinch,TesolloCubePinch-20260624-165709-cubepinch_sb_propriotarget_s5,proprio.target,5,6,70,3.5,2.61279,2.23334,4.84613,3682863
pinch_sinusoid,pinch_sweep_size_rand_sinusoid-20260624-142357,TesolloCubePinch,TesolloCubePinch-20260624-165709-cubepinch_sb_propriotarget_s5,proprio.target,5,6,71,3.55,2.51209,2.18806,4.70015,3682863
pinch_sinusoid,pinch_sweep_size_rand_sinusoid-20260624-142357,TesolloCubePinch,TesolloCubePinch-20260624-165709-cubepinch_sb_propriotarget_s5,proprio.target,5,6,72,3.6,2.38434,1.99765,4.38199,3682863
pinch_sinusoid,pinch_sweep_size_rand_sinusoid-20260624-142357,TesolloCubePinch,TesolloCubePinch-20260624-165709-cubepinch_sb_propriotarget_s5,proprio.target,5,6,73,3.65,2.36229,1.9467,4.30899,3682863
pinch_sinusoid,pinch_sweep_size_rand_sinusoid-20260624-142357,TesolloCubePinch,TesolloCubePinch-20260624-165709-cubepinch_sb_propriotarget_s5,proprio.target,5,6,74,3.7,2.25907,1.87905,4.13812,3682863
pinch_sinusoid,pinch_sweep_size_rand_sinusoid-20260624-142357,TesolloCubePinch,TesolloCubePinch-20260624-165709-cubepinch_sb_propriotarget_s5,proprio.target,5,6,75,3.75,2.12295,1.74941,3.87235,3682863
pinch_sinusoid,pinch_sweep_size_rand_sinusoid-20260624-142357,TesolloCubePinch,TesolloCubePinch-20260624-165709-cubepinch_sb_propriotarget_s5,proprio.target,5,6,76,3.8,1.97873,1.64821,3.62694,3682863
pinch_sinusoid,pinch_sweep_size_rand_sinusoid-20260624-142357,TesolloCubePinch,TesolloCubePinch-20260624-165709-cubepinch_sb_propriotarget_s5,proprio.target,5,6,77,3.85,1.92456,1.77388,3.69844,3682863
pinch_sinusoid,pinch_sweep_size_rand_sinusoid-20260624-142357,TesolloCubePinch,TesolloCubePinch-20260624-165709-cubepinch_sb_propriotarget_s5,proprio.target,5,6,78,3.9,1.99141,1.1536,3.14501,3682863
pinch_sinusoid,pinch_sweep_size_rand_sinusoid-20260624-142357,TesolloCubePinch,TesolloCubePinch-20260624-165709-cubepinch_sb_propriotarget_s5,proprio.target,5,6,79,3.95,1.93553,0.81678,2.75232,3682863
pinch_sinusoid,pinch_sweep_size_rand_sinusoid-20260624-142357,TesolloCubePinch,TesolloCubePinch-20260624-165709-cubepinch_sb_propriotarget_s5,proprio.target,5,7,0,0.0,0.0,0.0,0.0,3682863
pinch_sinusoid,pinch_sweep_size_rand_sinusoid-20260624-142357,TesolloCubePinch,TesolloCubePinch-20260624-165709-cubepinch_sb_propriotarget_s5,proprio.target,5,7,1,0.05,0.0,0.0,0.0,3682863
pinch_sinusoid,pinch_sweep_size_rand_sinusoid-20260624-142357,TesolloCubePinch,TesolloCubePinch-20260624-165709-cubepinch_sb_propriotarget_s5,proprio.target,5,7,2,0.1,0.0,0.0,0.0,3682863
pinch_sinusoid,pinch_sweep_size_rand_sinusoid-20260624-142357,TesolloCubePinch,TesolloCubePinch-20260624-165709-cubepinch_sb_propriotarget_s5,proprio.target,5,7,3,0.15,0.0,0.0,0.0,3682863
pinch_sinusoid,pinch_sweep_size_rand_sinusoid-20260624-142357,TesolloCubePinch,TesolloCubePinch-20260624-165709-cubepinch_sb_propriotarget_s5,proprio.target,5,7,4,0.2,0.0,0.0,0.0,3682863
pinch_sinusoid,pinch_sweep_size_rand_sinusoid-20260624-142357,TesolloCubePinch,TesolloCubePinch-20260624-165709-cubepinch_sb_propriotarget_s5,proprio.target,5,7,5,0.25,0.0,0.0,0.0,3682863
pinch_sinusoid,pinch_sweep_size_rand_sinusoid-20260624-142357,TesolloCubePinch,TesolloCubePinch-20260624-165709-cubepinch_sb_propriotarget_s5,proprio.target,5,7,6,0.3,0.0,0.0,0.0,3682863
pinch_sinusoid,pinch_sweep_size_rand_sinusoid-20260624-142357,TesolloCubePinch,TesolloCubePinch-20260624-165709-cubepinch_sb_propriotarget_s5,proprio.target,5,7,7,0.35,0.0,0.0,0.0,3682863
pinch_sinusoid,pinch_sweep_size_rand_sinusoid-20260624-142357,TesolloCubePinch,TesolloCubePinch-20260624-165709-cubepinch_sb_propriotarget_s5,proprio.target,5,7,8,0.4,2.34152,1.12896,3.47049,3682863
pinch_sinusoid,pinch_sweep_size_rand_sinusoid-20260624-142357,TesolloCubePinch,TesolloCubePinch-20260624-165709-cubepinch_sb_propriotarget_s5,proprio.target,5,7,9,0.45,2.35125,0.65637,3.00762,3682863
pinch_sinusoid,pinch_sweep_size_rand_sinusoid-20260624-142357,TesolloCubePinch,TesolloCubePinch-20260624-165709-cubepinch_sb_propriotarget_s5,proprio.target,5,7,10,0.5,2.81124,0.56584,3.37709,3682863
pinch_sinusoid,pinch_sweep_size_rand_sinusoid-20260624-142357,TesolloCubePinch,TesolloCubePinch-20260624-165709-cubepinch_sb_propriotarget_s5,proprio.target,5,7,11,0.55,2.00725,0.43909,2.44634,3682863
pinch_sinusoid,pinch_sweep_size_rand_sinusoid-20260624-142357,TesolloCubePinch,TesolloCubePinch-20260624-165709-cubepinch_sb_propriotarget_s5,proprio.target,5,7,12,0.6,1.95865,0.48828,2.44694,3682863
pinch_sinusoid,pinch_sweep_size_rand_sinusoid-20260624-142357,TesolloCubePinch,TesolloCubePinch-20260624-165709-cubepinch_sb_propriotarget_s5,proprio.target,5,7,13,0.65,1.72514,0.69052,2.41565,3682863
pinch_sinusoid,pinch_sweep_size_rand_sinusoid-20260624-142357,TesolloCubePinch,TesolloCubePinch-20260624-165709-cubepinch_sb_propriotarget_s5,proprio.target,5,7,14,0.7,1.63212,0.64512,2.27724,3682863
pinch_sinusoid,pinch_sweep_size_rand_sinusoid-20260624-142357,TesolloCubePinch,TesolloCubePinch-20260624-165709-cubepinch_sb_propriotarget_s5,proprio.target,5,7,15,0.75,1.65399,0.62177,2.27576,3682863
pinch_sinusoid,pinch_sweep_size_rand_sinusoid-20260624-142357,TesolloCubePinch,TesolloCubePinch-20260624-165709-cubepinch_sb_propriotarget_s5,proprio.target,5,7,16,0.8,1.84087,0.86689,2.70775,3682863
pinch_sinusoid,pinch_sweep_size_rand_sinusoid-20260624-142357,TesolloCubePinch,TesolloCubePinch-20260624-165709-cubepinch_sb_propriotarget_s5,proprio.target,5,7,17,0.85,2.14972,0.99636,3.14608,3682863
pinch_sinusoid,pinch_sweep_size_rand_sinusoid-20260624-142357,TesolloCubePinch,TesolloCubePinch-20260624-165709-cubepinch_sb_propriotarget_s5,proprio.target,5,7,18,0.9,2.09784,0.93168,3.02952,3682863
pinch_sinusoid,pinch_sweep_size_rand_sinusoid-20260624-142357,TesolloCubePinch,TesolloCubePinch-20260624-165709-cubepinch_sb_propriotarget_s5,proprio.target,5,7,19,0.95,2.02327,1.11395,3.13722,3682863
pinch_sinusoid,pinch_sweep_size_rand_sinusoid-20260624-142357,TesolloCubePinch,TesolloCubePinch-20260624-165709-cubepinch_sb_propriotarget_s5,proprio.target,5,7,20,1.0,1.98811,1.64145,3.62956,3682863
pinch_sinusoid,pinch_sweep_size_rand_sinusoid-20260624-142357,TesolloCubePinch,TesolloCubePinch-20260624-165709-cubepinch_sb_propriotarget_s5,proprio.target,5,7,21,1.05,1.98992,1.6829,3.67282,3682863
pinch_sinusoid,pinch_sweep_size_rand_sinusoid-20260624-142357,TesolloCubePinch,TesolloCubePinch-20260624-165709-cubepinch_sb_propriotarget_s5,proprio.target,5,7,22,1.1,2.25176,1.74006,3.99183,3682863
pinch_sinusoid,pinch_sweep_size_rand_sinusoid-20260624-142357,TesolloCubePinch,TesolloCubePinch-20260624-165709-cubepinch_sb_propriotarget_s5,proprio.target,5,7,23,1.15,2.36861,1.81729,4.1859,3682863
pinch_sinusoid,pinch_sweep_size_rand_sinusoid-20260624-142357,TesolloCubePinch,TesolloCubePinch-20260624-165709-cubepinch_sb_propriotarget_s5,proprio.target,5,7,24,1.2,2.72532,1.92453,4.64984,3682863
pinch_sinusoid,pinch_sweep_size_rand_sinusoid-20260624-142357,TesolloCubePinch,TesolloCubePinch-20260624-165709-cubepinch_sb_propriotarget_s5,proprio.target,5,7,25,1.25,2.85818,2.00215,4.86034,3682863
pinch_sinusoid,pinch_sweep_size_rand_sinusoid-20260624-142357,TesolloCubePinch,TesolloCubePinch-20260624-165709-cubepinch_sb_propriotarget_s5,proprio.target,5,7,26,1.3,2.85041,2.04122,4.89162,3682863
pinch_sinusoid,pinch_sweep_size_rand_sinusoid-20260624-142357,TesolloCubePinch,TesolloCubePinch-20260624-165709-cubepinch_sb_propriotarget_s5,proprio.target,5,7,27,1.35,2.85322,2.08192,4.93514,3682863
pinch_sinusoid,pinch_sweep_size_rand_sinusoid-20260624-142357,TesolloCubePinch,TesolloCubePinch-20260624-165709-cubepinch_sb_propriotarget_s5,proprio.target,5,7,28,1.4,2.84791,2.16388,5.01179,3682863
pinch_sinusoid,pinch_sweep_size_rand_sinusoid-20260624-142357,TesolloCubePinch,TesolloCubePinch-20260624-165709-cubepinch_sb_propriotarget_s5,proprio.target,5,7,29,1.45,2.83715,2.32303,5.16018,3682863
pinch_sinusoid,pinch_sweep_size_rand_sinusoid-20260624-142357,TesolloCubePinch,TesolloCubePinch-20260624-165709-cubepinch_sb_propriotarget_s5,proprio.target,5,7,30,1.5,2.82685,2.40369,5.23054,3682863
pinch_sinusoid,pinch_sweep_size_rand_sinusoid-20260624-142357,TesolloCubePinch,TesolloCubePinch-20260624-165709-cubepinch_sb_propriotarget_s5,proprio.target,5,7,31,1.55,2.82121,2.42583,5.24704,3682863
pinch_sinusoid,pinch_sweep_size_rand_sinusoid-20260624-142357,TesolloCubePinch,TesolloCubePinch-20260624-165709-cubepinch_sb_propriotarget_s5,proprio.target,5,7,32,1.6,2.81999,2.40671,5.2267,3682863
pinch_sinusoid,pinch_sweep_size_rand_sinusoid-20260624-142357,TesolloCubePinch,TesolloCubePinch-20260624-165709-cubepinch_sb_propriotarget_s5,proprio.target,5,7,33,1.65,2.79327,2.34478,5.13805,3682863
pinch_sinusoid,pinch_sweep_size_rand_sinusoid-20260624-142357,TesolloCubePinch,TesolloCubePinch-20260624-165709-cubepinch_sb_propriotarget_s5,proprio.target,5,7,34,1.7,2.72702,2.29578,5.02281,3682863
pinch_sinusoid,pinch_sweep_size_rand_sinusoid-20260624-142357,TesolloCubePinch,TesolloCubePinch-20260624-165709-cubepinch_sb_propriotarget_s5,proprio.target,5,7,35,1.75,2.67045,2.21738,4.88782,3682863
pinch_sinusoid,pinch_sweep_size_rand_sinusoid-20260624-142357,TesolloCubePinch,TesolloCubePinch-20260624-165709-cubepinch_sb_propriotarget_s5,proprio.target,5,7,36,1.8,2.60182,2.12529,4.72711,3682863
pinch_sinusoid,pinch_sweep_size_rand_sinusoid-20260624-142357,TesolloCubePinch,TesolloCubePinch-20260624-165709-cubepinch_sb_propriotarget_s5,proprio.target,5,7,37,1.85,2.51787,1.97099,4.48886,3682863
pinch_sinusoid,pinch_sweep_size_rand_sinusoid-20260624-142357,TesolloCubePinch,TesolloCubePinch-20260624-165709-cubepinch_sb_propriotarget_s5,proprio.target,5,7,38,1.9,2.3995,1.95137,4.35087,3682863
pinch_sinusoid,pinch_sweep_size_rand_sinusoid-20260624-142357,TesolloCubePinch,TesolloCubePinch-20260624-165709-cubepinch_sb_propriotarget_s5,proprio.target,5,7,39,1.95,2.33659,1.87746,4.21405,3682863
pinch_sinusoid,pinch_sweep_size_rand_sinusoid-20260624-142357,TesolloCubePinch,TesolloCubePinch-20260624-165709-cubepinch_sb_propriotarget_s5,proprio.target,5,7,40,2.0,2.18715,1.77545,3.96259,3682863
pinch_sinusoid,pinch_sweep_size_rand_sinusoid-20260624-142357,TesolloCubePinch,TesolloCubePinch-20260624-165709-cubepinch_sb_propriotarget_s5,proprio.target,5,7,41,2.05,2.0062,1.67357,3.67978,3682863
pinch_sinusoid,pinch_sweep_size_rand_sinusoid-20260624-142357,TesolloCubePinch,TesolloCubePinch-20260624-165709-cubepinch_sb_propriotarget_s5,proprio.target,5,7,42,2.1,1.87761,1.67586,3.55347,3682863
pinch_sinusoid,pinch_sweep_size_rand_sinusoid-20260624-142357,TesolloCubePinch,TesolloCubePinch-20260624-165709-cubepinch_sb_propriotarget_s5,proprio.target,5,7,43,2.15,1.88192,1.55236,3.43428,3682863
pinch_sinusoid,pinch_sweep_size_rand_sinusoid-20260624-142357,TesolloCubePinch,TesolloCubePinch-20260624-165709-cubepinch_sb_propriotarget_s5,proprio.target,5,7,44,2.2,1.97869,1.0922,3.07088,3682863
pinch_sinusoid,pinch_sweep_size_rand_sinusoid-20260624-142357,TesolloCubePinch,TesolloCubePinch-20260624-165709-cubepinch_sb_propriotarget_s5,proprio.target,5,7,45,2.25,1.53853,0.77975,2.31829,3682863
pinch_sinusoid,pinch_sweep_size_rand_sinusoid-20260624-142357,TesolloCubePinch,TesolloCubePinch-20260624-165709-cubepinch_sb_propriotarget_s5,proprio.target,5,7,46,2.3,1.50154,0.94156,2.4431,3682863
pinch_sinusoid,pinch_sweep_size_rand_sinusoid-20260624-142357,TesolloCubePinch,TesolloCubePinch-20260624-165709-cubepinch_sb_propriotarget_s5,proprio.target,5,7,47,2.35,1.35004,0.97126,2.3213,3682863
pinch_sinusoid,pinch_sweep_size_rand_sinusoid-20260624-142357,TesolloCubePinch,TesolloCubePinch-20260624-165709-cubepinch_sb_propriotarget_s5,proprio.target,5,7,48,2.4,1.29638,0.9213,2.21768,3682863
pinch_sinusoid,pinch_sweep_size_rand_sinusoid-20260624-142357,TesolloCubePinch,TesolloCubePinch-20260624-165709-cubepinch_sb_propriotarget_s5,proprio.target,5,7,49,2.45,1.32717,0.85994,2.18711,3682863
pinch_sinusoid,pinch_sweep_size_rand_sinusoid-20260624-142357,TesolloCubePinch,TesolloCubePinch-20260624-165709-cubepinch_sb_propriotarget_s5,proprio.target,5,7,50,2.5,1.24438,0.82308,2.06746,3682863
pinch_sinusoid,pinch_sweep_size_rand_sinusoid-20260624-142357,TesolloCubePinch,TesolloCubePinch-20260624-165709-cubepinch_sb_propriotarget_s5,proprio.target,5,7,51,2.55,1.25697,0.79919,2.05616,3682863
pinch_sinusoid,pinch_sweep_size_rand_sinusoid-20260624-142357,TesolloCubePinch,TesolloCubePinch-20260624-165709-cubepinch_sb_propriotarget_s5,proprio.target,5,7,52,2.6,1.27443,0.8049,2.07932,3682863
pinch_sinusoid,pinch_sweep_size_rand_sinusoid-20260624-142357,TesolloCubePinch,TesolloCubePinch-20260624-165709-cubepinch_sb_propriotarget_s5,proprio.target,5,7,53,2.65,1.29435,0.83997,2.13431,3682863
pinch_sinusoid,pinch_sweep_size_rand_sinusoid-20260624-142357,TesolloCubePinch,TesolloCubePinch-20260624-165709-cubepinch_sb_propriotarget_s5,proprio.target,5,7,54,2.7,1.33906,0.89862,2.23767,3682863
pinch_sinusoid,pinch_sweep_size_rand_sinusoid-20260624-142357,TesolloCubePinch,TesolloCubePinch-20260624-165709-cubepinch_sb_propriotarget_s5,proprio.target,5,7,55,2.75,1.37155,0.90133,2.27288,3682863
pinch_sinusoid,pinch_sweep_size_rand_sinusoid-20260624-142357,TesolloCubePinch,TesolloCubePinch-20260624-165709-cubepinch_sb_propriotarget_s5,proprio.target,5,7,56,2.8,1.46479,0.90472,2.36951,3682863
pinch_sinusoid,pinch_sweep_size_rand_sinusoid-20260624-142357,TesolloCubePinch,TesolloCubePinch-20260624-165709-cubepinch_sb_propriotarget_s5,proprio.target,5,7,57,2.85,1.71896,0.92439,2.64335,3682863
pinch_sinusoid,pinch_sweep_size_rand_sinusoid-20260624-142357,TesolloCubePinch,TesolloCubePinch-20260624-165709-cubepinch_sb_propriotarget_s5,proprio.target,5,7,58,2.9,2.12669,0.99905,3.12574,3682863
pinch_sinusoid,pinch_sweep_size_rand_sinusoid-20260624-142357,TesolloCubePinch,TesolloCubePinch-20260624-165709-cubepinch_sb_propriotarget_s5,proprio.target,5,7,59,2.95,1.99302,1.36287,3.35589,3682863
pinch_sinusoid,pinch_sweep_size_rand_sinusoid-20260624-142357,TesolloCubePinch,TesolloCubePinch-20260624-165709-cubepinch_sb_propriotarget_s5,proprio.target,5,7,60,3.0,1.88622,1.61429,3.50052,3682863
pinch_sinusoid,pinch_sweep_size_rand_sinusoid-20260624-142357,TesolloCubePinch,TesolloCubePinch-20260624-165709-cubepinch_sb_propriotarget_s5,proprio.target,5,7,61,3.05,2.1077,1.6562,3.76391,3682863
pinch_sinusoid,pinch_sweep_size_rand_sinusoid-20260624-142357,TesolloCubePinch,TesolloCubePinch-20260624-165709-cubepinch_sb_propriotarget_s5,proprio.target,5,7,62,3.1,2.20946,1.71583,3.92529,3682863
pinch_sinusoid,pinch_sweep_size_rand_sinusoid-20260624-142357,TesolloCubePinch,TesolloCubePinch-20260624-165709-cubepinch_sb_propriotarget_s5,proprio.target,5,7,63,3.15,2.62447,1.79299,4.41746,3682863
pinch_sinusoid,pinch_sweep_size_rand_sinusoid-20260624-142357,TesolloCubePinch,TesolloCubePinch-20260624-165709-cubepinch_sb_propriotarget_s5,proprio.target,5,7,64,3.2,2.84237,1.88509,4.72746,3682863
pinch_sinusoid,pinch_sweep_size_rand_sinusoid-20260624-142357,TesolloCubePinch,TesolloCubePinch-20260624-165709-cubepinch_sb_propriotarget_s5,proprio.target,5,7,65,3.25,2.86834,1.98122,4.84956,3682863
pinch_sinusoid,pinch_sweep_size_rand_sinusoid-20260624-142357,TesolloCubePinch,TesolloCubePinch-20260624-165709-cubepinch_sb_propriotarget_s5,proprio.target,5,7,66,3.3,2.90239,2.11659,5.01898,3682863
pinch_sinusoid,pinch_sweep_size_rand_sinusoid-20260624-142357,TesolloCubePinch,TesolloCubePinch-20260624-165709-cubepinch_sb_propriotarget_s5,proprio.target,5,7,67,3.35,2.92666,2.13821,5.06486,3682863
pinch_sinusoid,pinch_sweep_size_rand_sinusoid-20260624-142357,TesolloCubePinch,TesolloCubePinch-20260624-165709-cubepinch_sb_propriotarget_s5,proprio.target,5,7,68,3.4,2.93832,2.23498,5.1733,3682863
pinch_sinusoid,pinch_sweep_size_rand_sinusoid-20260624-142357,TesolloCubePinch,TesolloCubePinch-20260624-165709-cubepinch_sb_propriotarget_s5,proprio.target,5,7,69,3.45,2.94558,2.32072,5.2663,3682863
pinch_sinusoid,pinch_sweep_size_rand_sinusoid-20260624-142357,TesolloCubePinch,TesolloCubePinch-20260624-165709-cubepinch_sb_propriotarget_s5,proprio.target,5,7,70,3.5,2.94945,2.33866,5.28811,3682863
pinch_sinusoid,pinch_sweep_size_rand_sinusoid-20260624-142357,TesolloCubePinch,TesolloCubePinch-20260624-165709-cubepinch_sb_propriotarget_s5,proprio.target,5,7,71,3.55,2.89153,2.37677,5.26829,3682863
pinch_sinusoid,pinch_sweep_size_rand_sinusoid-20260624-142357,TesolloCubePinch,TesolloCubePinch-20260624-165709-cubepinch_sb_propriotarget_s5,proprio.target,5,7,72,3.6,2.8416,2.37276,5.21436,3682863
pinch_sinusoid,pinch_sweep_size_rand_sinusoid-20260624-142357,TesolloCubePinch,TesolloCubePinch-20260624-165709-cubepinch_sb_propriotarget_s5,proprio.target,5,7,73,3.65,2.83184,2.3416,5.17344,3682863
pinch_sinusoid,pinch_sweep_size_rand_sinusoid-20260624-142357,TesolloCubePinch,TesolloCubePinch-20260624-165709-cubepinch_sb_propriotarget_s5,proprio.target,5,7,74,3.7,2.74736,2.33685,5.08421,3682863
pinch_sinusoid,pinch_sweep_size_rand_sinusoid-20260624-142357,TesolloCubePinch,TesolloCubePinch-20260624-165709-cubepinch_sb_propriotarget_s5,proprio.target,5,7,75,3.75,2.6413,2.25917,4.90047,3682863
pinch_sinusoid,pinch_sweep_size_rand_sinusoid-20260624-142357,TesolloCubePinch,TesolloCubePinch-20260624-165709-cubepinch_sb_propriotarget_s5,proprio.target,5,7,76,3.8,2.54726,2.16265,4.70991,3682863
pinch_sinusoid,pinch_sweep_size_rand_sinusoid-20260624-142357,TesolloCubePinch,TesolloCubePinch-20260624-165709-cubepinch_sb_propriotarget_s5,proprio.target,5,7,77,3.85,2.43412,2.01115,4.44527,3682863
pinch_sinusoid,pinch_sweep_size_rand_sinusoid-20260624-142357,TesolloCubePinch,TesolloCubePinch-20260624-165709-cubepinch_sb_propriotarget_s5,proprio.target,5,7,78,3.9,2.37093,1.93379,4.30471,3682863
pinch_sinusoid,pinch_sweep_size_rand_sinusoid-20260624-142357,TesolloCubePinch,TesolloCubePinch-20260624-165709-cubepinch_sb_propriotarget_s5,proprio.target,5,7,79,3.95,2.30156,1.89886,4.20041,3682863
pinch_sinusoid,pinch_sweep_size_rand_sinusoid-20260624-142357,TesolloCubePinch,TesolloCubePinch-20260624-182805-cubepinch_sb_propriodelta_s6,proprio.delta,6,0,0,0.0,0.0,0.0,0.0,3682863
pinch_sinusoid,pinch_sweep_size_rand_sinusoid-20260624-142357,TesolloCubePinch,TesolloCubePinch-20260624-182805-cubepinch_sb_propriodelta_s6,proprio.delta,6,0,1,0.05,0.0,0.0,0.0,3682863
pinch_sinusoid,pinch_sweep_size_rand_sinusoid-20260624-142357,TesolloCubePinch,TesolloCubePinch-20260624-182805-cubepinch_sb_propriodelta_s6,proprio.delta,6,0,2,0.1,0.0,0.0,0.0,3682863
pinch_sinusoid,pinch_sweep_size_rand_sinusoid-20260624-142357,TesolloCubePinch,TesolloCubePinch-20260624-182805-cubepinch_sb_propriodelta_s6,proprio.delta,6,0,3,0.15,2.98853,0.0,2.98853,3682863
pinch_sinusoid,pinch_sweep_size_rand_sinusoid-20260624-142357,TesolloCubePinch,TesolloCubePinch-20260624-182805-cubepinch_sb_propriodelta_s6,proprio.delta,6,0,4,0.2,0.0,0.96643,0.96643,3682863
pinch_sinusoid,pinch_sweep_size_rand_sinusoid-20260624-142357,TesolloCubePinch,TesolloCubePinch-20260624-182805-cubepinch_sb_propriodelta_s6,proprio.delta,6,0,5,0.25,3.55905,0.77197,4.33103,3682863
pinch_sinusoid,pinch_sweep_size_rand_sinusoid-20260624-142357,TesolloCubePinch,TesolloCubePinch-20260624-182805-cubepinch_sb_propriodelta_s6,proprio.delta,6,0,6,0.3,0.0,0.69311,0.69311,3682863
pinch_sinusoid,pinch_sweep_size_rand_sinusoid-20260624-142357,TesolloCubePinch,TesolloCubePinch-20260624-182805-cubepinch_sb_propriodelta_s6,proprio.delta,6,0,7,0.35,2.96893,0.67838,3.64731,3682863
pinch_sinusoid,pinch_sweep_size_rand_sinusoid-20260624-142357,TesolloCubePinch,TesolloCubePinch-20260624-182805-cubepinch_sb_propriodelta_s6,proprio.delta,6,0,8,0.4,2.34771,0.41398,2.76169,3682863
pinch_sinusoid,pinch_sweep_size_rand_sinusoid-20260624-142357,TesolloCubePinch,TesolloCubePinch-20260624-182805-cubepinch_sb_propriodelta_s6,proprio.delta,6,0,9,0.45,0.0,0.0,0.0,3682863
pinch_sinusoid,pinch_sweep_size_rand_sinusoid-20260624-142357,TesolloCubePinch,TesolloCubePinch-20260624-182805-cubepinch_sb_propriodelta_s6,proprio.delta,6,0,10,0.5,3.0701,0.41483,3.48493,3682863
pinch_sinusoid,pinch_sweep_size_rand_sinusoid-20260624-142357,TesolloCubePinch,TesolloCubePinch-20260624-182805-cubepinch_sb_propriodelta_s6,proprio.delta,6,0,11,0.55,2.48985,0.34422,2.83407,3682863
pinch_sinusoid,pinch_sweep_size_rand_sinusoid-20260624-142357,TesolloCubePinch,TesolloCubePinch-20260624-182805-cubepinch_sb_propriodelta_s6,proprio.delta,6,0,12,0.6,2.49288,0.43056,2.92344,3682863
pinch_sinusoid,pinch_sweep_size_rand_sinusoid-20260624-142357,TesolloCubePinch,TesolloCubePinch-20260624-182805-cubepinch_sb_propriodelta_s6,proprio.delta,6,0,13,0.65,2.52978,0.53818,3.06797,3682863
pinch_sinusoid,pinch_sweep_size_rand_sinusoid-20260624-142357,TesolloCubePinch,TesolloCubePinch-20260624-182805-cubepinch_sb_propriodelta_s6,proprio.delta,6,0,14,0.7,2.48846,0.72864,3.21711,3682863
pinch_sinusoid,pinch_sweep_size_rand_sinusoid-20260624-142357,TesolloCubePinch,TesolloCubePinch-20260624-182805-cubepinch_sb_propriodelta_s6,proprio.delta,6,0,15,0.75,2.39355,0.90885,3.3024,3682863
pinch_sinusoid,pinch_sweep_size_rand_sinusoid-20260624-142357,TesolloCubePinch,TesolloCubePinch-20260624-182805-cubepinch_sb_propriodelta_s6,proprio.delta,6,0,16,0.8,2.34872,1.03772,3.38644,3682863
pinch_sinusoid,pinch_sweep_size_rand_sinusoid-20260624-142357,TesolloCubePinch,TesolloCubePinch-20260624-182805-cubepinch_sb_propriodelta_s6,proprio.delta,6,0,17,0.85,2.3647,1.14728,3.51199,3682863
pinch_sinusoid,pinch_sweep_size_rand_sinusoid-20260624-142357,TesolloCubePinch,TesolloCubePinch-20260624-182805-cubepinch_sb_propriodelta_s6,proprio.delta,6,0,18,0.9,2.40458,1.32367,3.72824,3682863
pinch_sinusoid,pinch_sweep_size_rand_sinusoid-20260624-142357,TesolloCubePinch,TesolloCubePinch-20260624-182805-cubepinch_sb_propriodelta_s6,proprio.delta,6,0,19,0.95,2.44145,1.63291,4.07436,3682863
pinch_sinusoid,pinch_sweep_size_rand_sinusoid-20260624-142357,TesolloCubePinch,TesolloCubePinch-20260624-182805-cubepinch_sb_propriodelta_s6,proprio.delta,6,0,20,1.0,2.4968,1.90986,4.40666,3682863
pinch_sinusoid,pinch_sweep_size_rand_sinusoid-20260624-142357,TesolloCubePinch,TesolloCubePinch-20260624-182805-cubepinch_sb_propriodelta_s6,proprio.delta,6,0,21,1.05,2.54935,2.08507,4.63442,3682863
pinch_sinusoid,pinch_sweep_size_rand_sinusoid-20260624-142357,TesolloCubePinch,TesolloCubePinch-20260624-182805-cubepinch_sb_propriodelta_s6,proprio.delta,6,0,22,1.1,2.57756,2.21659,4.79415,3682863
pinch_sinusoid,pinch_sweep_size_rand_sinusoid-20260624-142357,TesolloCubePinch,TesolloCubePinch-20260624-182805-cubepinch_sb_propriodelta_s6,proprio.delta,6,0,23,1.15,2.59244,2.30107,4.8935,3682863
pinch_sinusoid,pinch_sweep_size_rand_sinusoid-20260624-142357,TesolloCubePinch,TesolloCubePinch-20260624-182805-cubepinch_sb_propriodelta_s6,proprio.delta,6,0,24,1.2,2.60844,2.35616,4.9646,3682863
pinch_sinusoid,pinch_sweep_size_rand_sinusoid-20260624-142357,TesolloCubePinch,TesolloCubePinch-20260624-182805-cubepinch_sb_propriodelta_s6,proprio.delta,6,0,25,1.25,2.60882,2.39349,5.00231,3682863
pinch_sinusoid,pinch_sweep_size_rand_sinusoid-20260624-142357,TesolloCubePinch,TesolloCubePinch-20260624-182805-cubepinch_sb_propriodelta_s6,proprio.delta,6,0,26,1.3,2.60258,2.42273,5.02531,3682863
pinch_sinusoid,pinch_sweep_size_rand_sinusoid-20260624-142357,TesolloCubePinch,TesolloCubePinch-20260624-182805-cubepinch_sb_propriodelta_s6,proprio.delta,6,0,27,1.35,2.592,2.42649,5.01849,3682863
pinch_sinusoid,pinch_sweep_size_rand_sinusoid-20260624-142357,TesolloCubePinch,TesolloCubePinch-20260624-182805-cubepinch_sb_propriodelta_s6,proprio.delta,6,0,28,1.4,2.5737,2.40291,4.97661,3682863
pinch_sinusoid,pinch_sweep_size_rand_sinusoid-20260624-142357,TesolloCubePinch,TesolloCubePinch-20260624-182805-cubepinch_sb_propriodelta_s6,proprio.delta,6,0,29,1.45,2.55331,2.35549,4.9088,3682863
pinch_sinusoid,pinch_sweep_size_rand_sinusoid-20260624-142357,TesolloCubePinch,TesolloCubePinch-20260624-182805-cubepinch_sb_propriodelta_s6,proprio.delta,6,0,30,1.5,2.5301,2.29288,4.82298,3682863
pinch_sinusoid,pinch_sweep_size_rand_sinusoid-20260624-142357,TesolloCubePinch,TesolloCubePinch-20260624-182805-cubepinch_sb_propriodelta_s6,proprio.delta,6,0,31,1.55,2.50313,2.14044,4.64358,3682863
pinch_sinusoid,pinch_sweep_size_rand_sinusoid-20260624-142357,TesolloCubePinch,TesolloCubePinch-20260624-182805-cubepinch_sb_propriodelta_s6,proprio.delta,6,0,32,1.6,2.46951,1.94802,4.41753,3682863
pinch_sinusoid,pinch_sweep_size_rand_sinusoid-20260624-142357,TesolloCubePinch,TesolloCubePinch-20260624-182805-cubepinch_sb_propriodelta_s6,proprio.delta,6,0,33,1.65,2.42393,1.7567,4.18063,3682863
pinch_sinusoid,pinch_sweep_size_rand_sinusoid-20260624-142357,TesolloCubePinch,TesolloCubePinch-20260624-182805-cubepinch_sb_propriodelta_s6,proprio.delta,6,0,34,1.7,2.37269,1.58054,3.95323,3682863
pinch_sinusoid,pinch_sweep_size_rand_sinusoid-20260624-142357,TesolloCubePinch,TesolloCubePinch-20260624-182805-cubepinch_sb_propriodelta_s6,proprio.delta,6,0,35,1.75,2.34587,1.37289,3.71876,3682863
pinch_sinusoid,pinch_sweep_size_rand_sinusoid-20260624-142357,TesolloCubePinch,TesolloCubePinch-20260624-182805-cubepinch_sb_propriodelta_s6,proprio.delta,6,0,36,1.8,2.3274,1.17234,3.49974,3682863
pinch_sinusoid,pinch_sweep_size_rand_sinusoid-20260624-142357,TesolloCubePinch,TesolloCubePinch-20260624-182805-cubepinch_sb_propriodelta_s6,proprio.delta,6,0,37,1.85,2.30695,0.99898,3.30593,3682863
pinch_sinusoid,pinch_sweep_size_rand_sinusoid-20260624-142357,TesolloCubePinch,TesolloCubePinch-20260624-182805-cubepinch_sb_propriodelta_s6,proprio.delta,6,0,38,1.9,2.2755,0.85404,3.12954,3682863
pinch_sinusoid,pinch_sweep_size_rand_sinusoid-20260624-142357,TesolloCubePinch,TesolloCubePinch-20260624-182805-cubepinch_sb_propriodelta_s6,proprio.delta,6,0,39,1.95,2.24683,0.73523,2.98206,3682863
pinch_sinusoid,pinch_sweep_size_rand_sinusoid-20260624-142357,TesolloCubePinch,TesolloCubePinch-20260624-182805-cubepinch_sb_propriodelta_s6,proprio.delta,6,0,40,2.0,2.22624,0.63933,2.86557,3682863
pinch_sinusoid,pinch_sweep_size_rand_sinusoid-20260624-142357,TesolloCubePinch,TesolloCubePinch-20260624-182805-cubepinch_sb_propriodelta_s6,proprio.delta,6,0,41,2.05,2.21245,0.55931,2.77176,3682863
pinch_sinusoid,pinch_sweep_size_rand_sinusoid-20260624-142357,TesolloCubePinch,TesolloCubePinch-20260624-182805-cubepinch_sb_propriodelta_s6,proprio.delta,6,0,42,2.1,2.2162,0.49096,2.70716,3682863
pinch_sinusoid,pinch_sweep_size_rand_sinusoid-20260624-142357,TesolloCubePinch,TesolloCubePinch-20260624-182805-cubepinch_sb_propriodelta_s6,proprio.delta,6,0,43,2.15,2.23702,0.4297,2.66672,3682863
pinch_sinusoid,pinch_sweep_size_rand_sinusoid-20260624-142357,TesolloCubePinch,TesolloCubePinch-20260624-182805-cubepinch_sb_propriodelta_s6,proprio.delta,6,0,44,2.2,2.25499,0.38171,2.6367,3682863
pinch_sinusoid,pinch_sweep_size_rand_sinusoid-20260624-142357,TesolloCubePinch,TesolloCubePinch-20260624-182805-cubepinch_sb_propriodelta_s6,proprio.delta,6,0,45,2.25,2.27286,0.34757,2.62044,3682863
pinch_sinusoid,pinch_sweep_size_rand_sinusoid-20260624-142357,TesolloCubePinch,TesolloCubePinch-20260624-182805-cubepinch_sb_propriodelta_s6,proprio.delta,6,0,46,2.3,2.28859,0.32919,2.61778,3682863
pinch_sinusoid,pinch_sweep_size_rand_sinusoid-20260624-142357,TesolloCubePinch,TesolloCubePinch-20260624-182805-cubepinch_sb_propriodelta_s6,proprio.delta,6,0,47,2.35,2.30469,0.32368,2.62837,3682863
pinch_sinusoid,pinch_sweep_size_rand_sinusoid-20260624-142357,TesolloCubePinch,TesolloCubePinch-20260624-182805-cubepinch_sb_propriodelta_s6,proprio.delta,6,0,48,2.4,2.31935,0.33504,2.65439,3682863
pinch_sinusoid,pinch_sweep_size_rand_sinusoid-20260624-142357,TesolloCubePinch,TesolloCubePinch-20260624-182805-cubepinch_sb_propriodelta_s6,proprio.delta,6,0,49,2.45,2.33367,0.36085,2.69452,3682863
pinch_sinusoid,pinch_sweep_size_rand_sinusoid-20260624-142357,TesolloCubePinch,TesolloCubePinch-20260624-182805-cubepinch_sb_propriodelta_s6,proprio.delta,6,0,50,2.5,2.35247,0.40226,2.75473,3682863
pinch_sinusoid,pinch_sweep_size_rand_sinusoid-20260624-142357,TesolloCubePinch,TesolloCubePinch-20260624-182805-cubepinch_sb_propriodelta_s6,proprio.delta,6,0,51,2.55,2.37694,0.44185,2.81879,3682863
pinch_sinusoid,pinch_sweep_size_rand_sinusoid-20260624-142357,TesolloCubePinch,TesolloCubePinch-20260624-182805-cubepinch_sb_propriodelta_s6,proprio.delta,6,0,52,2.6,2.40624,0.46711,2.87335,3682863
pinch_sinusoid,pinch_sweep_size_rand_sinusoid-20260624-142357,TesolloCubePinch,TesolloCubePinch-20260624-182805-cubepinch_sb_propriodelta_s6,proprio.delta,6,0,53,2.65,2.44625,0.51659,2.96284,3682863
pinch_sinusoid,pinch_sweep_size_rand_sinusoid-20260624-142357,TesolloCubePinch,TesolloCubePinch-20260624-182805-cubepinch_sb_propriodelta_s6,proprio.delta,6,0,54,2.7,2.51193,0.63921,3.15113,3682863
pinch_sinusoid,pinch_sweep_size_rand_sinusoid-20260624-142357,TesolloCubePinch,TesolloCubePinch-20260624-182805-cubepinch_sb_propriodelta_s6,proprio.delta,6,0,55,2.75,2.57181,0.8419,3.41371,3682863
pinch_sinusoid,pinch_sweep_size_rand_sinusoid-20260624-142357,TesolloCubePinch,TesolloCubePinch-20260624-182805-cubepinch_sb_propriodelta_s6,proprio.delta,6,0,56,2.8,2.63125,1.01321,3.64447,3682863
pinch_sinusoid,pinch_sweep_size_rand_sinusoid-20260624-142357,TesolloCubePinch,TesolloCubePinch-20260624-182805-cubepinch_sb_propriodelta_s6,proprio.delta,6,0,57,2.85,2.6854,1.12097,3.80637,3682863
pinch_sinusoid,pinch_sweep_size_rand_sinusoid-20260624-142357,TesolloCubePinch,TesolloCubePinch-20260624-182805-cubepinch_sb_propriodelta_s6,proprio.delta,6,0,58,2.9,2.73733,1.2361,3.97343,3682863
pinch_sinusoid,pinch_sweep_size_rand_sinusoid-20260624-142357,TesolloCubePinch,TesolloCubePinch-20260624-182805-cubepinch_sb_propriodelta_s6,proprio.delta,6,0,59,2.95,2.78575,1.34655,4.1323,3682863
pinch_sinusoid,pinch_sweep_size_rand_sinusoid-20260624-142357,TesolloCubePinch,TesolloCubePinch-20260624-182805-cubepinch_sb_propriodelta_s6,proprio.delta,6,0,60,3.0,2.83581,1.45456,4.29037,3682863
pinch_sinusoid,pinch_sweep_size_rand_sinusoid-20260624-142357,TesolloCubePinch,TesolloCubePinch-20260624-182805-cubepinch_sb_propriodelta_s6,proprio.delta,6,0,61,3.05,2.91561,1.58517,4.50077,3682863
pinch_sinusoid,pinch_sweep_size_rand_sinusoid-20260624-142357,TesolloCubePinch,TesolloCubePinch-20260624-182805-cubepinch_sb_propriodelta_s6,proprio.delta,6,0,62,3.1,2.99052,1.73747,4.72799,3682863
pinch_sinusoid,pinch_sweep_size_rand_sinusoid-20260624-142357,TesolloCubePinch,TesolloCubePinch-20260624-182805-cubepinch_sb_propriodelta_s6,proprio.delta,6,0,63,3.15,3.02644,1.87891,4.90535,3682863
pinch_sinusoid,pinch_sweep_size_rand_sinusoid-20260624-142357,TesolloCubePinch,TesolloCubePinch-20260624-182805-cubepinch_sb_propriodelta_s6,proprio.delta,6,0,64,3.2,3.04793,2.0126,5.06052,3682863
pinch_sinusoid,pinch_sweep_size_rand_sinusoid-20260624-142357,TesolloCubePinch,TesolloCubePinch-20260624-182805-cubepinch_sb_propriodelta_s6,proprio.delta,6,0,65,3.25,3.05785,2.05949,5.11734,3682863
pinch_sinusoid,pinch_sweep_size_rand_sinusoid-20260624-142357,TesolloCubePinch,TesolloCubePinch-20260624-182805-cubepinch_sb_propriodelta_s6,proprio.delta,6,0,66,3.3,3.06535,2.13887,5.20422,3682863
pinch_sinusoid,pinch_sweep_size_rand_sinusoid-20260624-142357,TesolloCubePinch,TesolloCubePinch-20260624-182805-cubepinch_sb_propriodelta_s6,proprio.delta,6,0,67,3.35,3.04344,2.17274,5.21618,3682863
pinch_sinusoid,pinch_sweep_size_rand_sinusoid-20260624-142357,TesolloCubePinch,TesolloCubePinch-20260624-182805-cubepinch_sb_propriodelta_s6,proprio.delta,6,0,68,3.4,3.01118,2.16501,5.17618,3682863
pinch_sinusoid,pinch_sweep_size_rand_sinusoid-20260624-142357,TesolloCubePinch,TesolloCubePinch-20260624-182805-cubepinch_sb_propriodelta_s6,proprio.delta,6,0,69,3.45,2.97519,2.1125,5.08769,3682863
pinch_sinusoid,pinch_sweep_size_rand_sinusoid-20260624-142357,TesolloCubePinch,TesolloCubePinch-20260624-182805-cubepinch_sb_propriodelta_s6,proprio.delta,6,0,70,3.5,2.9242,2.01283,4.93702,3682863
pinch_sinusoid,pinch_sweep_size_rand_sinusoid-20260624-142357,TesolloCubePinch,TesolloCubePinch-20260624-182805-cubepinch_sb_propriodelta_s6,proprio.delta,6,0,71,3.55,2.87603,1.89491,4.77094,3682863
pinch_sinusoid,pinch_sweep_size_rand_sinusoid-20260624-142357,TesolloCubePinch,TesolloCubePinch-20260624-182805-cubepinch_sb_propriodelta_s6,proprio.delta,6,0,72,3.6,2.82875,1.78691,4.61566,3682863
pinch_sinusoid,pinch_sweep_size_rand_sinusoid-20260624-142357,TesolloCubePinch,TesolloCubePinch-20260624-182805-cubepinch_sb_propriodelta_s6,proprio.delta,6,0,73,3.65,2.76926,1.63822,4.40748,3682863
pinch_sinusoid,pinch_sweep_size_rand_sinusoid-20260624-142357,TesolloCubePinch,TesolloCubePinch-20260624-182805-cubepinch_sb_propriodelta_s6,proprio.delta,6,0,74,3.7,2.69561,1.42442,4.12003,3682863
pinch_sinusoid,pinch_sweep_size_rand_sinusoid-20260624-142357,TesolloCubePinch,TesolloCubePinch-20260624-182805-cubepinch_sb_propriodelta_s6,proprio.delta,6,0,75,3.75,2.61752,1.39086,4.00838,3682863
pinch_sinusoid,pinch_sweep_size_rand_sinusoid-20260624-142357,TesolloCubePinch,TesolloCubePinch-20260624-182805-cubepinch_sb_propriodelta_s6,proprio.delta,6,0,76,3.8,2.55158,1.25473,3.8063,3682863
pinch_sinusoid,pinch_sweep_size_rand_sinusoid-20260624-142357,TesolloCubePinch,TesolloCubePinch-20260624-182805-cubepinch_sb_propriodelta_s6,proprio.delta,6,0,77,3.85,2.49316,1.08729,3.58045,3682863
pinch_sinusoid,pinch_sweep_size_rand_sinusoid-20260624-142357,TesolloCubePinch,TesolloCubePinch-20260624-182805-cubepinch_sb_propriodelta_s6,proprio.delta,6,0,78,3.9,2.4852,0.9465,3.4317,3682863
pinch_sinusoid,pinch_sweep_size_rand_sinusoid-20260624-142357,TesolloCubePinch,TesolloCubePinch-20260624-182805-cubepinch_sb_propriodelta_s6,proprio.delta,6,0,79,3.95,2.46798,0.82637,3.29435,3682863
pinch_sinusoid,pinch_sweep_size_rand_sinusoid-20260624-142357,TesolloCubePinch,TesolloCubePinch-20260624-182805-cubepinch_sb_propriodelta_s6,proprio.delta,6,1,0,0.0,0.0,0.0,0.0,3682863
pinch_sinusoid,pinch_sweep_size_rand_sinusoid-20260624-142357,TesolloCubePinch,TesolloCubePinch-20260624-182805-cubepinch_sb_propriodelta_s6,proprio.delta,6,1,1,0.05,0.0,0.0,0.0,3682863
pinch_sinusoid,pinch_sweep_size_rand_sinusoid-20260624-142357,TesolloCubePinch,TesolloCubePinch-20260624-182805-cubepinch_sb_propriodelta_s6,proprio.delta,6,1,2,0.1,0.0,0.0,0.0,3682863
pinch_sinusoid,pinch_sweep_size_rand_sinusoid-20260624-142357,TesolloCubePinch,TesolloCubePinch-20260624-182805-cubepinch_sb_propriodelta_s6,proprio.delta,6,1,3,0.15,0.0,1.62333,1.62333,3682863
pinch_sinusoid,pinch_sweep_size_rand_sinusoid-20260624-142357,TesolloCubePinch,TesolloCubePinch-20260624-182805-cubepinch_sb_propriodelta_s6,proprio.delta,6,1,4,0.2,3.39543,0.0,3.39543,3682863
pinch_sinusoid,pinch_sweep_size_rand_sinusoid-20260624-142357,TesolloCubePinch,TesolloCubePinch-20260624-182805-cubepinch_sb_propriodelta_s6,proprio.delta,6,1,5,0.25,3.74152,1.34117,5.08269,3682863
pinch_sinusoid,pinch_sweep_size_rand_sinusoid-20260624-142357,TesolloCubePinch,TesolloCubePinch-20260624-182805-cubepinch_sb_propriodelta_s6,proprio.delta,6,1,6,0.3,3.06234,1.20856,4.2709,3682863
pinch_sinusoid,pinch_sweep_size_rand_sinusoid-20260624-142357,TesolloCubePinch,TesolloCubePinch-20260624-182805-cubepinch_sb_propriodelta_s6,proprio.delta,6,1,7,0.35,0.0,0.0,0.0,3682863
pinch_sinusoid,pinch_sweep_size_rand_sinusoid-20260624-142357,TesolloCubePinch,TesolloCubePinch-20260624-182805-cubepinch_sb_propriodelta_s6,proprio.delta,6,1,8,0.4,2.82989,1.15985,3.98975,3682863
pinch_sinusoid,pinch_sweep_size_rand_sinusoid-20260624-142357,TesolloCubePinch,TesolloCubePinch-20260624-182805-cubepinch_sb_propriodelta_s6,proprio.delta,6,1,9,0.45,2.50366,1.21925,3.72291,3682863
pinch_sinusoid,pinch_sweep_size_rand_sinusoid-20260624-142357,TesolloCubePinch,TesolloCubePinch-20260624-182805-cubepinch_sb_propriodelta_s6,proprio.delta,6,1,10,0.5,2.85021,1.51508,4.36529,3682863
pinch_sinusoid,pinch_sweep_size_rand_sinusoid-20260624-142357,TesolloCubePinch,TesolloCubePinch-20260624-182805-cubepinch_sb_propriodelta_s6,proprio.delta,6,1,11,0.55,2.43533,1.78555,4.22087,3682863
pinch_sinusoid,pinch_sweep_size_rand_sinusoid-20260624-142357,TesolloCubePinch,TesolloCubePinch-20260624-182805-cubepinch_sb_propriodelta_s6,proprio.delta,6,1,12,0.6,2.35828,2.0666,4.42487,3682863
pinch_sinusoid,pinch_sweep_size_rand_sinusoid-20260624-142357,TesolloCubePinch,TesolloCubePinch-20260624-182805-cubepinch_sb_propriodelta_s6,proprio.delta,6,1,13,0.65,2.33257,2.28337,4.61594,3682863
pinch_sinusoid,pinch_sweep_size_rand_sinusoid-20260624-142357,TesolloCubePinch,TesolloCubePinch-20260624-182805-cubepinch_sb_propriodelta_s6,proprio.delta,6,1,14,0.7,2.37148,2.57548,4.94696,3682863
pinch_sinusoid,pinch_sweep_size_rand_sinusoid-20260624-142357,TesolloCubePinch,TesolloCubePinch-20260624-182805-cubepinch_sb_propriodelta_s6,proprio.delta,6,1,15,0.75,2.38374,2.52778,4.91152,3682863
pinch_sinusoid,pinch_sweep_size_rand_sinusoid-20260624-142357,TesolloCubePinch,TesolloCubePinch-20260624-182805-cubepinch_sb_propriodelta_s6,proprio.delta,6,1,16,0.8,2.38322,2.49188,4.8751,3682863
pinch_sinusoid,pinch_sweep_size_rand_sinusoid-20260624-142357,TesolloCubePinch,TesolloCubePinch-20260624-182805-cubepinch_sb_propriodelta_s6,proprio.delta,6,1,17,0.85,2.38396,2.32949,4.71346,3682863
pinch_sinusoid,pinch_sweep_size_rand_sinusoid-20260624-142357,TesolloCubePinch,TesolloCubePinch-20260624-182805-cubepinch_sb_propriodelta_s6,proprio.delta,6,1,18,0.9,2.37278,2.16012,4.5329,3682863
pinch_sinusoid,pinch_sweep_size_rand_sinusoid-20260624-142357,TesolloCubePinch,TesolloCubePinch-20260624-182805-cubepinch_sb_propriodelta_s6,proprio.delta,6,1,19,0.95,2.36756,1.92556,4.29312,3682863
pinch_sinusoid,pinch_sweep_size_rand_sinusoid-20260624-142357,TesolloCubePinch,TesolloCubePinch-20260624-182805-cubepinch_sb_propriodelta_s6,proprio.delta,6,1,20,1.0,2.3668,1.64259,4.00939,3682863
pinch_sinusoid,pinch_sweep_size_rand_sinusoid-20260624-142357,TesolloCubePinch,TesolloCubePinch-20260624-182805-cubepinch_sb_propriodelta_s6,proprio.delta,6,1,21,1.05,2.3516,1.36124,3.71284,3682863
pinch_sinusoid,pinch_sweep_size_rand_sinusoid-20260624-142357,TesolloCubePinch,TesolloCubePinch-20260624-182805-cubepinch_sb_propriodelta_s6,proprio.delta,6,1,22,1.1,2.33084,1.12038,3.45121,3682863
pinch_sinusoid,pinch_sweep_size_rand_sinusoid-20260624-142357,TesolloCubePinch,TesolloCubePinch-20260624-182805-cubepinch_sb_propriodelta_s6,proprio.delta,6,1,23,1.15,2.30865,0.9293,3.23795,3682863
pinch_sinusoid,pinch_sweep_size_rand_sinusoid-20260624-142357,TesolloCubePinch,TesolloCubePinch-20260624-182805-cubepinch_sb_propriodelta_s6,proprio.delta,6,1,24,1.2,2.28314,0.77826,3.0614,3682863
pinch_sinusoid,pinch_sweep_size_rand_sinusoid-20260624-142357,TesolloCubePinch,TesolloCubePinch-20260624-182805-cubepinch_sb_propriodelta_s6,proprio.delta,6,1,25,1.25,2.25325,0.66019,2.91344,3682863
pinch_sinusoid,pinch_sweep_size_rand_sinusoid-20260624-142357,TesolloCubePinch,TesolloCubePinch-20260624-182805-cubepinch_sb_propriodelta_s6,proprio.delta,6,1,26,1.3,2.22497,0.57051,2.79548,3682863
pinch_sinusoid,pinch_sweep_size_rand_sinusoid-20260624-142357,TesolloCubePinch,TesolloCubePinch-20260624-182805-cubepinch_sb_propriodelta_s6,proprio.delta,6,1,27,1.35,2.20707,0.49883,2.7059,3682863
pinch_sinusoid,pinch_sweep_size_rand_sinusoid-20260624-142357,TesolloCubePinch,TesolloCubePinch-20260624-182805-cubepinch_sb_propriodelta_s6,proprio.delta,6,1,28,1.4,2.19709,0.4415,2.63858,3682863
pinch_sinusoid,pinch_sweep_size_rand_sinusoid-20260624-142357,TesolloCubePinch,TesolloCubePinch-20260624-182805-cubepinch_sb_propriodelta_s6,proprio.delta,6,1,29,1.45,2.19452,0.39682,2.59135,3682863
pinch_sinusoid,pinch_sweep_size_rand_sinusoid-20260624-142357,TesolloCubePinch,TesolloCubePinch-20260624-182805-cubepinch_sb_propriodelta_s6,proprio.delta,6,1,30,1.5,2.19696,0.36336,2.56032,3682863
pinch_sinusoid,pinch_sweep_size_rand_sinusoid-20260624-142357,TesolloCubePinch,TesolloCubePinch-20260624-182805-cubepinch_sb_propriodelta_s6,proprio.delta,6,1,31,1.55,2.20134,0.34203,2.54337,3682863
pinch_sinusoid,pinch_sweep_size_rand_sinusoid-20260624-142357,TesolloCubePinch,TesolloCubePinch-20260624-182805-cubepinch_sb_propriodelta_s6,proprio.delta,6,1,32,1.6,2.20882,0.33531,2.54414,3682863
pinch_sinusoid,pinch_sweep_size_rand_sinusoid-20260624-142357,TesolloCubePinch,TesolloCubePinch-20260624-182805-cubepinch_sb_propriodelta_s6,proprio.delta,6,1,33,1.65,2.218,0.34286,2.56085,3682863
pinch_sinusoid,pinch_sweep_size_rand_sinusoid-20260624-142357,TesolloCubePinch,TesolloCubePinch-20260624-182805-cubepinch_sb_propriodelta_s6,proprio.delta,6,1,34,1.7,2.23336,0.36415,2.5975,3682863
pinch_sinusoid,pinch_sweep_size_rand_sinusoid-20260624-142357,TesolloCubePinch,TesolloCubePinch-20260624-182805-cubepinch_sb_propriodelta_s6,proprio.delta,6,1,35,1.75,2.27161,0.39603,2.66765,3682863
pinch_sinusoid,pinch_sweep_size_rand_sinusoid-20260624-142357,TesolloCubePinch,TesolloCubePinch-20260624-182805-cubepinch_sb_propriodelta_s6,proprio.delta,6,1,36,1.8,2.30858,0.44309,2.75167,3682863
pinch_sinusoid,pinch_sweep_size_rand_sinusoid-20260624-142357,TesolloCubePinch,TesolloCubePinch-20260624-182805-cubepinch_sb_propriodelta_s6,proprio.delta,6,1,37,1.85,2.34676,0.47646,2.82323,3682863
pinch_sinusoid,pinch_sweep_size_rand_sinusoid-20260624-142357,TesolloCubePinch,TesolloCubePinch-20260624-182805-cubepinch_sb_propriodelta_s6,proprio.delta,6,1,38,1.9,2.38757,0.49779,2.88536,3682863
pinch_sinusoid,pinch_sweep_size_rand_sinusoid-20260624-142357,TesolloCubePinch,TesolloCubePinch-20260624-182805-cubepinch_sb_propriodelta_s6,proprio.delta,6,1,39,1.95,2.44324,0.55695,3.00019,3682863
pinch_sinusoid,pinch_sweep_size_rand_sinusoid-20260624-142357,TesolloCubePinch,TesolloCubePinch-20260624-182805-cubepinch_sb_propriodelta_s6,proprio.delta,6,1,40,2.0,2.52095,0.73108,3.25203,3682863
pinch_sinusoid,pinch_sweep_size_rand_sinusoid-20260624-142357,TesolloCubePinch,TesolloCubePinch-20260624-182805-cubepinch_sb_propriodelta_s6,proprio.delta,6,1,41,2.05,2.58581,0.95617,3.54199,3682863
pinch_sinusoid,pinch_sweep_size_rand_sinusoid-20260624-142357,TesolloCubePinch,TesolloCubePinch-20260624-182805-cubepinch_sb_propriodelta_s6,proprio.delta,6,1,42,2.1,2.64647,1.103,3.74947,3682863
pinch_sinusoid,pinch_sweep_size_rand_sinusoid-20260624-142357,TesolloCubePinch,TesolloCubePinch-20260624-182805-cubepinch_sb_propriodelta_s6,proprio.delta,6,1,43,2.15,2.70002,1.21548,3.9155,3682863
pinch_sinusoid,pinch_sweep_size_rand_sinusoid-20260624-142357,TesolloCubePinch,TesolloCubePinch-20260624-182805-cubepinch_sb_propriodelta_s6,proprio.delta,6,1,44,2.2,2.75072,1.3328,4.08352,3682863
pinch_sinusoid,pinch_sweep_size_rand_sinusoid-20260624-142357,TesolloCubePinch,TesolloCubePinch-20260624-182805-cubepinch_sb_propriodelta_s6,proprio.delta,6,1,45,2.25,2.80063,1.44087,4.2415,3682863
pinch_sinusoid,pinch_sweep_size_rand_sinusoid-20260624-142357,TesolloCubePinch,TesolloCubePinch-20260624-182805-cubepinch_sb_propriodelta_s6,proprio.delta,6,1,46,2.3,2.8612,1.55526,4.41645,3682863
pinch_sinusoid,pinch_sweep_size_rand_sinusoid-20260624-142357,TesolloCubePinch,TesolloCubePinch-20260624-182805-cubepinch_sb_propriodelta_s6,proprio.delta,6,1,47,2.35,2.94264,1.6935,4.63614,3682863
pinch_sinusoid,pinch_sweep_size_rand_sinusoid-20260624-142357,TesolloCubePinch,TesolloCubePinch-20260624-182805-cubepinch_sb_propriodelta_s6,proprio.delta,6,1,48,2.4,3.00113,1.84032,4.84145,3682863
pinch_sinusoid,pinch_sweep_size_rand_sinusoid-20260624-142357,TesolloCubePinch,TesolloCubePinch-20260624-182805-cubepinch_sb_propriodelta_s6,proprio.delta,6,1,49,2.45,3.029,1.97683,5.00583,3682863
pinch_sinusoid,pinch_sweep_size_rand_sinusoid-20260624-142357,TesolloCubePinch,TesolloCubePinch-20260624-182805-cubepinch_sb_propriodelta_s6,proprio.delta,6,1,50,2.5,3.0429,2.0964,5.1393,3682863
pinch_sinusoid,pinch_sweep_size_rand_sinusoid-20260624-142357,TesolloCubePinch,TesolloCubePinch-20260624-182805-cubepinch_sb_propriodelta_s6,proprio.delta,6,1,51,2.55,3.04591,2.1247,5.17061,3682863
pinch_sinusoid,pinch_sweep_size_rand_sinusoid-20260624-142357,TesolloCubePinch,TesolloCubePinch-20260624-182805-cubepinch_sb_propriodelta_s6,proprio.delta,6,1,52,2.6,3.04306,2.17816,5.22122,3682863
pinch_sinusoid,pinch_sweep_size_rand_sinusoid-20260624-142357,TesolloCubePinch,TesolloCubePinch-20260624-182805-cubepinch_sb_propriodelta_s6,proprio.delta,6,1,53,2.65,3.01474,2.18402,5.19876,3682863
pinch_sinusoid,pinch_sweep_size_rand_sinusoid-20260624-142357,TesolloCubePinch,TesolloCubePinch-20260624-182805-cubepinch_sb_propriodelta_s6,proprio.delta,6,1,54,2.7,2.97556,2.22441,5.19997,3682863
pinch_sinusoid,pinch_sweep_size_rand_sinusoid-20260624-142357,TesolloCubePinch,TesolloCubePinch-20260624-182805-cubepinch_sb_propriodelta_s6,proprio.delta,6,1,55,2.75,2.91098,2.07291,4.98389,3682863
pinch_sinusoid,pinch_sweep_size_rand_sinusoid-20260624-142357,TesolloCubePinch,TesolloCubePinch-20260624-182805-cubepinch_sb_propriodelta_s6,proprio.delta,6,1,56,2.8,2.88054,2.01183,4.89237,3682863
pinch_sinusoid,pinch_sweep_size_rand_sinusoid-20260624-142357,TesolloCubePinch,TesolloCubePinch-20260624-182805-cubepinch_sb_propriodelta_s6,proprio.delta,6,1,57,2.85,2.82917,1.86649,4.69566,3682863
pinch_sinusoid,pinch_sweep_size_rand_sinusoid-20260624-142357,TesolloCubePinch,TesolloCubePinch-20260624-182805-cubepinch_sb_propriodelta_s6,proprio.delta,6,1,58,2.9,2.77746,1.71154,4.48899,3682863
pinch_sinusoid,pinch_sweep_size_rand_sinusoid-20260624-142357,TesolloCubePinch,TesolloCubePinch-20260624-182805-cubepinch_sb_propriodelta_s6,proprio.delta,6,1,59,2.95,2.7097,1.54241,4.25212,3682863
pinch_sinusoid,pinch_sweep_size_rand_sinusoid-20260624-142357,TesolloCubePinch,TesolloCubePinch-20260624-182805-cubepinch_sb_propriodelta_s6,proprio.delta,6,1,60,3.0,2.63425,1.42914,4.06339,3682863
pinch_sinusoid,pinch_sweep_size_rand_sinusoid-20260624-142357,TesolloCubePinch,TesolloCubePinch-20260624-182805-cubepinch_sb_propriodelta_s6,proprio.delta,6,1,61,3.05,2.56522,1.32044,3.88567,3682863
pinch_sinusoid,pinch_sweep_size_rand_sinusoid-20260624-142357,TesolloCubePinch,TesolloCubePinch-20260624-182805-cubepinch_sb_propriodelta_s6,proprio.delta,6,1,62,3.1,2.50547,1.14084,3.64631,3682863
pinch_sinusoid,pinch_sweep_size_rand_sinusoid-20260624-142357,TesolloCubePinch,TesolloCubePinch-20260624-182805-cubepinch_sb_propriodelta_s6,proprio.delta,6,1,63,3.15,2.49195,0.98909,3.48104,3682863
pinch_sinusoid,pinch_sweep_size_rand_sinusoid-20260624-142357,TesolloCubePinch,TesolloCubePinch-20260624-182805-cubepinch_sb_propriodelta_s6,proprio.delta,6,1,64,3.2,2.47625,0.86094,3.33719,3682863
pinch_sinusoid,pinch_sweep_size_rand_sinusoid-20260624-142357,TesolloCubePinch,TesolloCubePinch-20260624-182805-cubepinch_sb_propriodelta_s6,proprio.delta,6,1,65,3.25,2.45652,0.75472,3.21124,3682863
pinch_sinusoid,pinch_sweep_size_rand_sinusoid-20260624-142357,TesolloCubePinch,TesolloCubePinch-20260624-182805-cubepinch_sb_propriodelta_s6,proprio.delta,6,1,66,3.3,2.43056,0.66166,3.09221,3682863
pinch_sinusoid,pinch_sweep_size_rand_sinusoid-20260624-142357,TesolloCubePinch,TesolloCubePinch-20260624-182805-cubepinch_sb_propriodelta_s6,proprio.delta,6,1,67,3.35,2.37672,0.57734,2.95406,3682863
pinch_sinusoid,pinch_sweep_size_rand_sinusoid-20260624-142357,TesolloCubePinch,TesolloCubePinch-20260624-182805-cubepinch_sb_propriodelta_s6,proprio.delta,6,1,68,3.4,2.35631,0.50618,2.86248,3682863
pinch_sinusoid,pinch_sweep_size_rand_sinusoid-20260624-142357,TesolloCubePinch,TesolloCubePinch-20260624-182805-cubepinch_sb_propriodelta_s6,proprio.delta,6,1,69,3.45,2.35287,0.44854,2.80141,3682863
pinch_sinusoid,pinch_sweep_size_rand_sinusoid-20260624-142357,TesolloCubePinch,TesolloCubePinch-20260624-182805-cubepinch_sb_propriodelta_s6,proprio.delta,6,1,70,3.5,2.35439,0.40386,2.75825,3682863
pinch_sinusoid,pinch_sweep_size_rand_sinusoid-20260624-142357,TesolloCubePinch,TesolloCubePinch-20260624-182805-cubepinch_sb_propriodelta_s6,proprio.delta,6,1,71,3.55,2.36161,0.37113,2.73274,3682863
pinch_sinusoid,pinch_sweep_size_rand_sinusoid-20260624-142357,TesolloCubePinch,TesolloCubePinch-20260624-182805-cubepinch_sb_propriodelta_s6,proprio.delta,6,1,72,3.6,2.37048,0.35123,2.72171,3682863
pinch_sinusoid,pinch_sweep_size_rand_sinusoid-20260624-142357,TesolloCubePinch,TesolloCubePinch-20260624-182805-cubepinch_sb_propriodelta_s6,proprio.delta,6,1,73,3.65,2.37967,0.34557,2.72524,3682863
pinch_sinusoid,pinch_sweep_size_rand_sinusoid-20260624-142357,TesolloCubePinch,TesolloCubePinch-20260624-182805-cubepinch_sb_propriodelta_s6,proprio.delta,6,1,74,3.7,2.38872,0.35514,2.74386,3682863
pinch_sinusoid,pinch_sweep_size_rand_sinusoid-20260624-142357,TesolloCubePinch,TesolloCubePinch-20260624-182805-cubepinch_sb_propriodelta_s6,proprio.delta,6,1,75,3.75,2.39765,0.38425,2.7819,3682863
pinch_sinusoid,pinch_sweep_size_rand_sinusoid-20260624-142357,TesolloCubePinch,TesolloCubePinch-20260624-182805-cubepinch_sb_propriodelta_s6,proprio.delta,6,1,76,3.8,2.41119,0.42889,2.84008,3682863
pinch_sinusoid,pinch_sweep_size_rand_sinusoid-20260624-142357,TesolloCubePinch,TesolloCubePinch-20260624-182805-cubepinch_sb_propriodelta_s6,proprio.delta,6,1,77,3.85,2.43214,0.45813,2.89027,3682863
pinch_sinusoid,pinch_sweep_size_rand_sinusoid-20260624-142357,TesolloCubePinch,TesolloCubePinch-20260624-182805-cubepinch_sb_propriodelta_s6,proprio.delta,6,1,78,3.9,2.46069,0.49413,2.95482,3682863
pinch_sinusoid,pinch_sweep_size_rand_sinusoid-20260624-142357,TesolloCubePinch,TesolloCubePinch-20260624-182805-cubepinch_sb_propriodelta_s6,proprio.delta,6,1,79,3.95,2.51289,0.56243,3.07533,3682863
pinch_sinusoid,pinch_sweep_size_rand_sinusoid-20260624-142357,TesolloCubePinch,TesolloCubePinch-20260624-182805-cubepinch_sb_propriodelta_s6,proprio.delta,6,2,0,0.0,0.0,0.0,0.0,3682863
pinch_sinusoid,pinch_sweep_size_rand_sinusoid-20260624-142357,TesolloCubePinch,TesolloCubePinch-20260624-182805-cubepinch_sb_propriodelta_s6,proprio.delta,6,2,1,0.05,0.0,0.0,0.0,3682863
pinch_sinusoid,pinch_sweep_size_rand_sinusoid-20260624-142357,TesolloCubePinch,TesolloCubePinch-20260624-182805-cubepinch_sb_propriodelta_s6,proprio.delta,6,2,2,0.1,0.0,0.0,0.0,3682863
pinch_sinusoid,pinch_sweep_size_rand_sinusoid-20260624-142357,TesolloCubePinch,TesolloCubePinch-20260624-182805-cubepinch_sb_propriodelta_s6,proprio.delta,6,2,3,0.15,2.96504,0.0,2.96504,3682863
pinch_sinusoid,pinch_sweep_size_rand_sinusoid-20260624-142357,TesolloCubePinch,TesolloCubePinch-20260624-182805-cubepinch_sb_propriodelta_s6,proprio.delta,6,2,4,0.2,3.88367,0.96028,4.84395,3682863
pinch_sinusoid,pinch_sweep_size_rand_sinusoid-20260624-142357,TesolloCubePinch,TesolloCubePinch-20260624-182805-cubepinch_sb_propriodelta_s6,proprio.delta,6,2,5,0.25,3.54103,0.0,3.54103,3682863
pinch_sinusoid,pinch_sweep_size_rand_sinusoid-20260624-142357,TesolloCubePinch,TesolloCubePinch-20260624-182805-cubepinch_sb_propriodelta_s6,proprio.delta,6,2,6,0.3,3.33939,0.85284,4.19223,3682863
pinch_sinusoid,pinch_sweep_size_rand_sinusoid-20260624-142357,TesolloCubePinch,TesolloCubePinch-20260624-182805-cubepinch_sb_propriodelta_s6,proprio.delta,6,2,7,0.35,2.7954,0.0,2.7954,3682863
pinch_sinusoid,pinch_sweep_size_rand_sinusoid-20260624-142357,TesolloCubePinch,TesolloCubePinch-20260624-182805-cubepinch_sb_propriodelta_s6,proprio.delta,6,2,8,0.4,2.35968,0.70337,3.06305,3682863
pinch_sinusoid,pinch_sweep_size_rand_sinusoid-20260624-142357,TesolloCubePinch,TesolloCubePinch-20260624-182805-cubepinch_sb_propriodelta_s6,proprio.delta,6,2,9,0.45,0.0,0.54118,0.54118,3682863
pinch_sinusoid,pinch_sweep_size_rand_sinusoid-20260624-142357,TesolloCubePinch,TesolloCubePinch-20260624-182805-cubepinch_sb_propriodelta_s6,proprio.delta,6,2,10,0.5,0.0,0.47579,0.47579,3682863
pinch_sinusoid,pinch_sweep_size_rand_sinusoid-20260624-142357,TesolloCubePinch,TesolloCubePinch-20260624-182805-cubepinch_sb_propriodelta_s6,proprio.delta,6,2,11,0.55,2.5025,0.55166,3.05416,3682863
pinch_sinusoid,pinch_sweep_size_rand_sinusoid-20260624-142357,TesolloCubePinch,TesolloCubePinch-20260624-182805-cubepinch_sb_propriodelta_s6,proprio.delta,6,2,12,0.6,2.43376,0.61189,3.04565,3682863
pinch_sinusoid,pinch_sweep_size_rand_sinusoid-20260624-142357,TesolloCubePinch,TesolloCubePinch-20260624-182805-cubepinch_sb_propriodelta_s6,proprio.delta,6,2,13,0.65,2.448,0.74969,3.19769,3682863
pinch_sinusoid,pinch_sweep_size_rand_sinusoid-20260624-142357,TesolloCubePinch,TesolloCubePinch-20260624-182805-cubepinch_sb_propriodelta_s6,proprio.delta,6,2,14,0.7,2.4424,0.97036,3.41277,3682863
pinch_sinusoid,pinch_sweep_size_rand_sinusoid-20260624-142357,TesolloCubePinch,TesolloCubePinch-20260624-182805-cubepinch_sb_propriodelta_s6,proprio.delta,6,2,15,0.75,2.38808,1.17536,3.56344,3682863
pinch_sinusoid,pinch_sweep_size_rand_sinusoid-20260624-142357,TesolloCubePinch,TesolloCubePinch-20260624-182805-cubepinch_sb_propriodelta_s6,proprio.delta,6,2,16,0.8,2.39411,1.28945,3.68356,3682863
pinch_sinusoid,pinch_sweep_size_rand_sinusoid-20260624-142357,TesolloCubePinch,TesolloCubePinch-20260624-182805-cubepinch_sb_propriodelta_s6,proprio.delta,6,2,17,0.85,2.4175,1.47445,3.89196,3682863
pinch_sinusoid,pinch_sweep_size_rand_sinusoid-20260624-142357,TesolloCubePinch,TesolloCubePinch-20260624-182805-cubepinch_sb_propriodelta_s6,proprio.delta,6,2,18,0.9,2.44487,1.75329,4.19816,3682863
pinch_sinusoid,pinch_sweep_size_rand_sinusoid-20260624-142357,TesolloCubePinch,TesolloCubePinch-20260624-182805-cubepinch_sb_propriodelta_s6,proprio.delta,6,2,19,0.95,2.48809,1.9968,4.48489,3682863
pinch_sinusoid,pinch_sweep_size_rand_sinusoid-20260624-142357,TesolloCubePinch,TesolloCubePinch-20260624-182805-cubepinch_sb_propriodelta_s6,proprio.delta,6,2,20,1.0,2.5335,2.17936,4.71286,3682863
pinch_sinusoid,pinch_sweep_size_rand_sinusoid-20260624-142357,TesolloCubePinch,TesolloCubePinch-20260624-182805-cubepinch_sb_propriodelta_s6,proprio.delta,6,2,21,1.05,2.56063,2.29683,4.85746,3682863
pinch_sinusoid,pinch_sweep_size_rand_sinusoid-20260624-142357,TesolloCubePinch,TesolloCubePinch-20260624-182805-cubepinch_sb_propriodelta_s6,proprio.delta,6,2,22,1.1,2.56829,2.36306,4.93136,3682863
pinch_sinusoid,pinch_sweep_size_rand_sinusoid-20260624-142357,TesolloCubePinch,TesolloCubePinch-20260624-182805-cubepinch_sb_propriodelta_s6,proprio.delta,6,2,23,1.15,2.56961,2.40783,4.97744,3682863
pinch_sinusoid,pinch_sweep_size_rand_sinusoid-20260624-142357,TesolloCubePinch,TesolloCubePinch-20260624-182805-cubepinch_sb_propriodelta_s6,proprio.delta,6,2,24,1.2,2.56949,2.42828,4.99777,3682863
pinch_sinusoid,pinch_sweep_size_rand_sinusoid-20260624-142357,TesolloCubePinch,TesolloCubePinch-20260624-182805-cubepinch_sb_propriodelta_s6,proprio.delta,6,2,25,1.25,2.56701,2.43358,5.00059,3682863
pinch_sinusoid,pinch_sweep_size_rand_sinusoid-20260624-142357,TesolloCubePinch,TesolloCubePinch-20260624-182805-cubepinch_sb_propriodelta_s6,proprio.delta,6,2,26,1.3,2.55652,2.41769,4.97421,3682863
pinch_sinusoid,pinch_sweep_size_rand_sinusoid-20260624-142357,TesolloCubePinch,TesolloCubePinch-20260624-182805-cubepinch_sb_propriodelta_s6,proprio.delta,6,2,27,1.35,2.54378,2.37847,4.92225,3682863
pinch_sinusoid,pinch_sweep_size_rand_sinusoid-20260624-142357,TesolloCubePinch,TesolloCubePinch-20260624-182805-cubepinch_sb_propriodelta_s6,proprio.delta,6,2,28,1.4,2.52759,2.32213,4.84972,3682863
pinch_sinusoid,pinch_sweep_size_rand_sinusoid-20260624-142357,TesolloCubePinch,TesolloCubePinch-20260624-182805-cubepinch_sb_propriodelta_s6,proprio.delta,6,2,29,1.45,2.50626,2.20975,4.71601,3682863
pinch_sinusoid,pinch_sweep_size_rand_sinusoid-20260624-142357,TesolloCubePinch,TesolloCubePinch-20260624-182805-cubepinch_sb_propriodelta_s6,proprio.delta,6,2,30,1.5,2.48011,2.01405,4.49416,3682863
pinch_sinusoid,pinch_sweep_size_rand_sinusoid-20260624-142357,TesolloCubePinch,TesolloCubePinch-20260624-182805-cubepinch_sb_propriodelta_s6,proprio.delta,6,2,31,1.55,2.44117,1.83984,4.28101,3682863
pinch_sinusoid,pinch_sweep_size_rand_sinusoid-20260624-142357,TesolloCubePinch,TesolloCubePinch-20260624-182805-cubepinch_sb_propriodelta_s6,proprio.delta,6,2,32,1.6,2.39546,1.65622,4.05168,3682863
pinch_sinusoid,pinch_sweep_size_rand_sinusoid-20260624-142357,TesolloCubePinch,TesolloCubePinch-20260624-182805-cubepinch_sb_propriodelta_s6,proprio.delta,6,2,33,1.65,2.36453,1.45674,3.82127,3682863
pinch_sinusoid,pinch_sweep_size_rand_sinusoid-20260624-142357,TesolloCubePinch,TesolloCubePinch-20260624-182805-cubepinch_sb_propriodelta_s6,proprio.delta,6,2,34,1.7,2.34642,1.25256,3.59898,3682863
pinch_sinusoid,pinch_sweep_size_rand_sinusoid-20260624-142357,TesolloCubePinch,TesolloCubePinch-20260624-182805-cubepinch_sb_propriodelta_s6,proprio.delta,6,2,35,1.75,2.3282,1.07,3.3982,3682863
pinch_sinusoid,pinch_sweep_size_rand_sinusoid-20260624-142357,TesolloCubePinch,TesolloCubePinch-20260624-182805-cubepinch_sb_propriodelta_s6,proprio.delta,6,2,36,1.8,2.30723,0.91554,3.22277,3682863
pinch_sinusoid,pinch_sweep_size_rand_sinusoid-20260624-142357,TesolloCubePinch,TesolloCubePinch-20260624-182805-cubepinch_sb_propriodelta_s6,proprio.delta,6,2,37,1.85,2.27742,0.78658,3.06399,3682863
pinch_sinusoid,pinch_sweep_size_rand_sinusoid-20260624-142357,TesolloCubePinch,TesolloCubePinch-20260624-182805-cubepinch_sb_propriodelta_s6,proprio.delta,6,2,38,1.9,2.24587,0.68082,2.9267,3682863
pinch_sinusoid,pinch_sweep_size_rand_sinusoid-20260624-142357,TesolloCubePinch,TesolloCubePinch-20260624-182805-cubepinch_sb_propriodelta_s6,proprio.delta,6,2,39,1.95,2.22881,0.59538,2.82419,3682863
pinch_sinusoid,pinch_sweep_size_rand_sinusoid-20260624-142357,TesolloCubePinch,TesolloCubePinch-20260624-182805-cubepinch_sb_propriodelta_s6,proprio.delta,6,2,40,2.0,2.21854,0.52223,2.74077,3682863
pinch_sinusoid,pinch_sweep_size_rand_sinusoid-20260624-142357,TesolloCubePinch,TesolloCubePinch-20260624-182805-cubepinch_sb_propriodelta_s6,proprio.delta,6,2,41,2.05,2.22899,0.45988,2.68887,3682863
pinch_sinusoid,pinch_sweep_size_rand_sinusoid-20260624-142357,TesolloCubePinch,TesolloCubePinch-20260624-182805-cubepinch_sb_propriodelta_s6,proprio.delta,6,2,42,2.1,2.25459,0.40473,2.65932,3682863
pinch_sinusoid,pinch_sweep_size_rand_sinusoid-20260624-142357,TesolloCubePinch,TesolloCubePinch-20260624-182805-cubepinch_sb_propriodelta_s6,proprio.delta,6,2,43,2.15,2.2794,0.36327,2.64266,3682863
pinch_sinusoid,pinch_sweep_size_rand_sinusoid-20260624-142357,TesolloCubePinch,TesolloCubePinch-20260624-182805-cubepinch_sb_propriodelta_s6,proprio.delta,6,2,44,2.2,2.29768,0.33467,2.63235,3682863
pinch_sinusoid,pinch_sweep_size_rand_sinusoid-20260624-142357,TesolloCubePinch,TesolloCubePinch-20260624-182805-cubepinch_sb_propriodelta_s6,proprio.delta,6,2,45,2.25,2.31472,0.3223,2.63702,3682863
pinch_sinusoid,pinch_sweep_size_rand_sinusoid-20260624-142357,TesolloCubePinch,TesolloCubePinch-20260624-182805-cubepinch_sb_propriodelta_s6,proprio.delta,6,2,46,2.3,2.32895,0.32446,2.65341,3682863
pinch_sinusoid,pinch_sweep_size_rand_sinusoid-20260624-142357,TesolloCubePinch,TesolloCubePinch-20260624-182805-cubepinch_sb_propriodelta_s6,proprio.delta,6,2,47,2.35,2.34198,0.34271,2.68469,3682863
pinch_sinusoid,pinch_sweep_size_rand_sinusoid-20260624-142357,TesolloCubePinch,TesolloCubePinch-20260624-182805-cubepinch_sb_propriodelta_s6,proprio.delta,6,2,48,2.4,2.35813,0.37742,2.73555,3682863
pinch_sinusoid,pinch_sweep_size_rand_sinusoid-20260624-142357,TesolloCubePinch,TesolloCubePinch-20260624-182805-cubepinch_sb_propriodelta_s6,proprio.delta,6,2,49,2.45,2.37767,0.42355,2.80122,3682863
pinch_sinusoid,pinch_sweep_size_rand_sinusoid-20260624-142357,TesolloCubePinch,TesolloCubePinch-20260624-182805-cubepinch_sb_propriodelta_s6,proprio.delta,6,2,50,2.5,2.40156,0.45606,2.85763,3682863
pinch_sinusoid,pinch_sweep_size_rand_sinusoid-20260624-142357,TesolloCubePinch,TesolloCubePinch-20260624-182805-cubepinch_sb_propriodelta_s6,proprio.delta,6,2,51,2.55,2.43503,0.48329,2.91832,3682863
pinch_sinusoid,pinch_sweep_size_rand_sinusoid-20260624-142357,TesolloCubePinch,TesolloCubePinch-20260624-182805-cubepinch_sb_propriodelta_s6,proprio.delta,6,2,52,2.6,2.48629,0.55142,3.03771,3682863
pinch_sinusoid,pinch_sweep_size_rand_sinusoid-20260624-142357,TesolloCubePinch,TesolloCubePinch-20260624-182805-cubepinch_sb_propriodelta_s6,proprio.delta,6,2,53,2.65,2.54932,0.73597,3.28529,3682863
pinch_sinusoid,pinch_sweep_size_rand_sinusoid-20260624-142357,TesolloCubePinch,TesolloCubePinch-20260624-182805-cubepinch_sb_propriodelta_s6,proprio.delta,6,2,54,2.7,2.61064,0.94669,3.55733,3682863
pinch_sinusoid,pinch_sweep_size_rand_sinusoid-20260624-142357,TesolloCubePinch,TesolloCubePinch-20260624-182805-cubepinch_sb_propriodelta_s6,proprio.delta,6,2,55,2.75,2.66886,1.06326,3.73212,3682863
pinch_sinusoid,pinch_sweep_size_rand_sinusoid-20260624-142357,TesolloCubePinch,TesolloCubePinch-20260624-182805-cubepinch_sb_propriodelta_s6,proprio.delta,6,2,56,2.8,2.72174,1.17618,3.89791,3682863
pinch_sinusoid,pinch_sweep_size_rand_sinusoid-20260624-142357,TesolloCubePinch,TesolloCubePinch-20260624-182805-cubepinch_sb_propriodelta_s6,proprio.delta,6,2,57,2.85,2.77104,1.2908,4.06184,3682863
pinch_sinusoid,pinch_sweep_size_rand_sinusoid-20260624-142357,TesolloCubePinch,TesolloCubePinch-20260624-182805-cubepinch_sb_propriodelta_s6,proprio.delta,6,2,58,2.9,2.81664,1.39666,4.21331,3682863
pinch_sinusoid,pinch_sweep_size_rand_sinusoid-20260624-142357,TesolloCubePinch,TesolloCubePinch-20260624-182805-cubepinch_sb_propriodelta_s6,proprio.delta,6,2,59,2.95,2.88295,1.51357,4.39652,3682863
pinch_sinusoid,pinch_sweep_size_rand_sinusoid-20260624-142357,TesolloCubePinch,TesolloCubePinch-20260624-182805-cubepinch_sb_propriodelta_s6,proprio.delta,6,2,60,3.0,2.97464,1.66384,4.63848,3682863
pinch_sinusoid,pinch_sweep_size_rand_sinusoid-20260624-142357,TesolloCubePinch,TesolloCubePinch-20260624-182805-cubepinch_sb_propriodelta_s6,proprio.delta,6,2,61,3.05,3.01959,1.80554,4.82513,3682863
pinch_sinusoid,pinch_sweep_size_rand_sinusoid-20260624-142357,TesolloCubePinch,TesolloCubePinch-20260624-182805-cubepinch_sb_propriodelta_s6,proprio.delta,6,2,62,3.1,3.04728,1.94499,4.99226,3682863
pinch_sinusoid,pinch_sweep_size_rand_sinusoid-20260624-142357,TesolloCubePinch,TesolloCubePinch-20260624-182805-cubepinch_sb_propriodelta_s6,proprio.delta,6,2,63,3.15,3.0621,2.06766,5.12976,3682863
pinch_sinusoid,pinch_sweep_size_rand_sinusoid-20260624-142357,TesolloCubePinch,TesolloCubePinch-20260624-182805-cubepinch_sb_propriodelta_s6,proprio.delta,6,2,64,3.2,3.06471,2.09945,5.16417,3682863
pinch_sinusoid,pinch_sweep_size_rand_sinusoid-20260624-142357,TesolloCubePinch,TesolloCubePinch-20260624-182805-cubepinch_sb_propriodelta_s6,proprio.delta,6,2,65,3.25,3.06645,2.15715,5.2236,3682863
pinch_sinusoid,pinch_sweep_size_rand_sinusoid-20260624-142357,TesolloCubePinch,TesolloCubePinch-20260624-182805-cubepinch_sb_propriodelta_s6,proprio.delta,6,2,66,3.3,3.0401,2.16563,5.20573,3682863
pinch_sinusoid,pinch_sweep_size_rand_sinusoid-20260624-142357,TesolloCubePinch,TesolloCubePinch-20260624-182805-cubepinch_sb_propriodelta_s6,proprio.delta,6,2,67,3.35,3.00539,2.1352,5.14059,3682863
pinch_sinusoid,pinch_sweep_size_rand_sinusoid-20260624-142357,TesolloCubePinch,TesolloCubePinch-20260624-182805-cubepinch_sb_propriodelta_s6,proprio.delta,6,2,68,3.4,2.95522,2.05575,5.01097,3682863
pinch_sinusoid,pinch_sweep_size_rand_sinusoid-20260624-142357,TesolloCubePinch,TesolloCubePinch-20260624-182805-cubepinch_sb_propriodelta_s6,proprio.delta,6,2,69,3.45,2.90727,1.9418,4.84907,3682863
pinch_sinusoid,pinch_sweep_size_rand_sinusoid-20260624-142357,TesolloCubePinch,TesolloCubePinch-20260624-182805-cubepinch_sb_propriodelta_s6,proprio.delta,6,2,70,3.5,2.8561,1.84953,4.70563,3682863
pinch_sinusoid,pinch_sweep_size_rand_sinusoid-20260624-142357,TesolloCubePinch,TesolloCubePinch-20260624-182805-cubepinch_sb_propriodelta_s6,proprio.delta,6,2,71,3.55,2.80568,1.70219,4.50787,3682863
pinch_sinusoid,pinch_sweep_size_rand_sinusoid-20260624-142357,TesolloCubePinch,TesolloCubePinch-20260624-182805-cubepinch_sb_propriodelta_s6,proprio.delta,6,2,72,3.6,2.73725,1.53163,4.26888,3682863
pinch_sinusoid,pinch_sweep_size_rand_sinusoid-20260624-142357,TesolloCubePinch,TesolloCubePinch-20260624-182805-cubepinch_sb_propriodelta_s6,proprio.delta,6,2,73,3.65,2.65977,1.41473,4.0745,3682863
pinch_sinusoid,pinch_sweep_size_rand_sinusoid-20260624-142357,TesolloCubePinch,TesolloCubePinch-20260624-182805-cubepinch_sb_propriodelta_s6,proprio.delta,6,2,74,3.7,2.58743,1.33619,3.92362,3682863
pinch_sinusoid,pinch_sweep_size_rand_sinusoid-20260624-142357,TesolloCubePinch,TesolloCubePinch-20260624-182805-cubepinch_sb_propriodelta_s6,proprio.delta,6,2,75,3.75,2.52342,1.16029,3.68371,3682863
pinch_sinusoid,pinch_sweep_size_rand_sinusoid-20260624-142357,TesolloCubePinch,TesolloCubePinch-20260624-182805-cubepinch_sb_propriodelta_s6,proprio.delta,6,2,76,3.8,2.46729,1.00815,3.47544,3682863
pinch_sinusoid,pinch_sweep_size_rand_sinusoid-20260624-142357,TesolloCubePinch,TesolloCubePinch-20260624-182805-cubepinch_sb_propriodelta_s6,proprio.delta,6,2,77,3.85,2.46968,0.87989,3.34956,3682863
pinch_sinusoid,pinch_sweep_size_rand_sinusoid-20260624-142357,TesolloCubePinch,TesolloCubePinch-20260624-182805-cubepinch_sb_propriodelta_s6,proprio.delta,6,2,78,3.9,2.45383,0.76946,3.22329,3682863
pinch_sinusoid,pinch_sweep_size_rand_sinusoid-20260624-142357,TesolloCubePinch,TesolloCubePinch-20260624-182805-cubepinch_sb_propriodelta_s6,proprio.delta,6,2,79,3.95,2.43224,0.67227,3.1045,3682863
pinch_sinusoid,pinch_sweep_size_rand_sinusoid-20260624-142357,TesolloCubePinch,TesolloCubePinch-20260624-182805-cubepinch_sb_propriodelta_s6,proprio.delta,6,3,0,0.0,0.0,0.0,0.0,3682863
pinch_sinusoid,pinch_sweep_size_rand_sinusoid-20260624-142357,TesolloCubePinch,TesolloCubePinch-20260624-182805-cubepinch_sb_propriodelta_s6,proprio.delta,6,3,1,0.05,0.0,0.0,0.0,3682863
pinch_sinusoid,pinch_sweep_size_rand_sinusoid-20260624-142357,TesolloCubePinch,TesolloCubePinch-20260624-182805-cubepinch_sb_propriodelta_s6,proprio.delta,6,3,2,0.1,0.0,0.0,0.0,3682863
pinch_sinusoid,pinch_sweep_size_rand_sinusoid-20260624-142357,TesolloCubePinch,TesolloCubePinch-20260624-182805-cubepinch_sb_propriodelta_s6,proprio.delta,6,3,3,0.15,3.00811,2.18714,5.19525,3682863
pinch_sinusoid,pinch_sweep_size_rand_sinusoid-20260624-142357,TesolloCubePinch,TesolloCubePinch-20260624-182805-cubepinch_sb_propriodelta_s6,proprio.delta,6,3,4,0.2,3.70435,1.81971,5.52406,3682863
pinch_sinusoid,pinch_sweep_size_rand_sinusoid-20260624-142357,TesolloCubePinch,TesolloCubePinch-20260624-182805-cubepinch_sb_propriodelta_s6,proprio.delta,6,3,5,0.25,3.54042,0.0,3.54042,3682863
pinch_sinusoid,pinch_sweep_size_rand_sinusoid-20260624-142357,TesolloCubePinch,TesolloCubePinch-20260624-182805-cubepinch_sb_propriodelta_s6,proprio.delta,6,3,6,0.3,3.20707,1.08785,4.29492,3682863
pinch_sinusoid,pinch_sweep_size_rand_sinusoid-20260624-142357,TesolloCubePinch,TesolloCubePinch-20260624-182805-cubepinch_sb_propriodelta_s6,proprio.delta,6,3,7,0.35,2.8598,0.0,2.8598,3682863
pinch_sinusoid,pinch_sweep_size_rand_sinusoid-20260624-142357,TesolloCubePinch,TesolloCubePinch-20260624-182805-cubepinch_sb_propriodelta_s6,proprio.delta,6,3,8,0.4,0.0,0.58733,0.58733,3682863
pinch_sinusoid,pinch_sweep_size_rand_sinusoid-20260624-142357,TesolloCubePinch,TesolloCubePinch-20260624-182805-cubepinch_sb_propriodelta_s6,proprio.delta,6,3,9,0.45,2.73736,0.72253,3.45989,3682863
pinch_sinusoid,pinch_sweep_size_rand_sinusoid-20260624-142357,TesolloCubePinch,TesolloCubePinch-20260624-182805-cubepinch_sb_propriodelta_s6,proprio.delta,6,3,10,0.5,2.91838,0.55679,3.47517,3682863
pinch_sinusoid,pinch_sweep_size_rand_sinusoid-20260624-142357,TesolloCubePinch,TesolloCubePinch-20260624-182805-cubepinch_sb_propriodelta_s6,proprio.delta,6,3,11,0.55,3.23399,0.50823,3.74222,3682863
pinch_sinusoid,pinch_sweep_size_rand_sinusoid-20260624-142357,TesolloCubePinch,TesolloCubePinch-20260624-182805-cubepinch_sb_propriodelta_s6,proprio.delta,6,3,12,0.6,2.45929,0.40245,2.86174,3682863
pinch_sinusoid,pinch_sweep_size_rand_sinusoid-20260624-142357,TesolloCubePinch,TesolloCubePinch-20260624-182805-cubepinch_sb_propriodelta_s6,proprio.delta,6,3,13,0.65,2.40545,0.38889,2.79434,3682863
pinch_sinusoid,pinch_sweep_size_rand_sinusoid-20260624-142357,TesolloCubePinch,TesolloCubePinch-20260624-182805-cubepinch_sb_propriodelta_s6,proprio.delta,6,3,14,0.7,2.42268,0.36606,2.78874,3682863
pinch_sinusoid,pinch_sweep_size_rand_sinusoid-20260624-142357,TesolloCubePinch,TesolloCubePinch-20260624-182805-cubepinch_sb_propriodelta_s6,proprio.delta,6,3,15,0.75,2.45935,0.3899,2.84925,3682863
pinch_sinusoid,pinch_sweep_size_rand_sinusoid-20260624-142357,TesolloCubePinch,TesolloCubePinch-20260624-182805-cubepinch_sb_propriodelta_s6,proprio.delta,6,3,16,0.8,2.44663,0.37964,2.82627,3682863
pinch_sinusoid,pinch_sweep_size_rand_sinusoid-20260624-142357,TesolloCubePinch,TesolloCubePinch-20260624-182805-cubepinch_sb_propriodelta_s6,proprio.delta,6,3,17,0.85,2.37542,0.42225,2.79767,3682863
pinch_sinusoid,pinch_sweep_size_rand_sinusoid-20260624-142357,TesolloCubePinch,TesolloCubePinch-20260624-182805-cubepinch_sb_propriodelta_s6,proprio.delta,6,3,18,0.9,2.2992,0.4286,2.72781,3682863
pinch_sinusoid,pinch_sweep_size_rand_sinusoid-20260624-142357,TesolloCubePinch,TesolloCubePinch-20260624-182805-cubepinch_sb_propriodelta_s6,proprio.delta,6,3,19,0.95,2.23739,0.49379,2.73117,3682863
pinch_sinusoid,pinch_sweep_size_rand_sinusoid-20260624-142357,TesolloCubePinch,TesolloCubePinch-20260624-182805-cubepinch_sb_propriodelta_s6,proprio.delta,6,3,20,1.0,2.19342,0.52564,2.71905,3682863
pinch_sinusoid,pinch_sweep_size_rand_sinusoid-20260624-142357,TesolloCubePinch,TesolloCubePinch-20260624-182805-cubepinch_sb_propriodelta_s6,proprio.delta,6,3,21,1.05,2.17875,0.55663,2.73538,3682863
pinch_sinusoid,pinch_sweep_size_rand_sinusoid-20260624-142357,TesolloCubePinch,TesolloCubePinch-20260624-182805-cubepinch_sb_propriodelta_s6,proprio.delta,6,3,22,1.1,2.18453,0.63172,2.81625,3682863
pinch_sinusoid,pinch_sweep_size_rand_sinusoid-20260624-142357,TesolloCubePinch,TesolloCubePinch-20260624-182805-cubepinch_sb_propriodelta_s6,proprio.delta,6,3,23,1.15,2.20065,0.63164,2.8323,3682863
pinch_sinusoid,pinch_sweep_size_rand_sinusoid-20260624-142357,TesolloCubePinch,TesolloCubePinch-20260624-182805-cubepinch_sb_propriodelta_s6,proprio.delta,6,3,24,1.2,2.23673,0.63802,2.87474,3682863
pinch_sinusoid,pinch_sweep_size_rand_sinusoid-20260624-142357,TesolloCubePinch,TesolloCubePinch-20260624-182805-cubepinch_sb_propriodelta_s6,proprio.delta,6,3,25,1.25,2.2875,0.6941,2.9816,3682863
pinch_sinusoid,pinch_sweep_size_rand_sinusoid-20260624-142357,TesolloCubePinch,TesolloCubePinch-20260624-182805-cubepinch_sb_propriodelta_s6,proprio.delta,6,3,26,1.3,2.33991,0.85915,3.19905,3682863
pinch_sinusoid,pinch_sweep_size_rand_sinusoid-20260624-142357,TesolloCubePinch,TesolloCubePinch-20260624-182805-cubepinch_sb_propriodelta_s6,proprio.delta,6,3,27,1.35,2.39705,1.06873,3.46578,3682863
pinch_sinusoid,pinch_sweep_size_rand_sinusoid-20260624-142357,TesolloCubePinch,TesolloCubePinch-20260624-182805-cubepinch_sb_propriodelta_s6,proprio.delta,6,3,28,1.4,2.4539,1.287,3.7409,3682863
pinch_sinusoid,pinch_sweep_size_rand_sinusoid-20260624-142357,TesolloCubePinch,TesolloCubePinch-20260624-182805-cubepinch_sb_propriodelta_s6,proprio.delta,6,3,29,1.45,2.52012,1.43558,3.9557,3682863
pinch_sinusoid,pinch_sweep_size_rand_sinusoid-20260624-142357,TesolloCubePinch,TesolloCubePinch-20260624-182805-cubepinch_sb_propriodelta_s6,proprio.delta,6,3,30,1.5,2.57637,1.57572,4.15209,3682863
pinch_sinusoid,pinch_sweep_size_rand_sinusoid-20260624-142357,TesolloCubePinch,TesolloCubePinch-20260624-182805-cubepinch_sb_propriodelta_s6,proprio.delta,6,3,31,1.55,2.62215,1.69391,4.31606,3682863
pinch_sinusoid,pinch_sweep_size_rand_sinusoid-20260624-142357,TesolloCubePinch,TesolloCubePinch-20260624-182805-cubepinch_sb_propriodelta_s6,proprio.delta,6,3,32,1.6,2.66263,1.80625,4.46888,3682863
pinch_sinusoid,pinch_sweep_size_rand_sinusoid-20260624-142357,TesolloCubePinch,TesolloCubePinch-20260624-182805-cubepinch_sb_propriodelta_s6,proprio.delta,6,3,33,1.65,2.69712,1.91396,4.61108,3682863
pinch_sinusoid,pinch_sweep_size_rand_sinusoid-20260624-142357,TesolloCubePinch,TesolloCubePinch-20260624-182805-cubepinch_sb_propriodelta_s6,proprio.delta,6,3,34,1.7,2.72535,1.97381,4.69916,3682863
pinch_sinusoid,pinch_sweep_size_rand_sinusoid-20260624-142357,TesolloCubePinch,TesolloCubePinch-20260624-182805-cubepinch_sb_propriodelta_s6,proprio.delta,6,3,35,1.75,2.74675,2.09087,4.83763,3682863
pinch_sinusoid,pinch_sweep_size_rand_sinusoid-20260624-142357,TesolloCubePinch,TesolloCubePinch-20260624-182805-cubepinch_sb_propriodelta_s6,proprio.delta,6,3,36,1.8,2.76404,2.18576,4.9498,3682863
pinch_sinusoid,pinch_sweep_size_rand_sinusoid-20260624-142357,TesolloCubePinch,TesolloCubePinch-20260624-182805-cubepinch_sb_propriodelta_s6,proprio.delta,6,3,37,1.85,2.77035,2.24627,5.01662,3682863
pinch_sinusoid,pinch_sweep_size_rand_sinusoid-20260624-142357,TesolloCubePinch,TesolloCubePinch-20260624-182805-cubepinch_sb_propriodelta_s6,proprio.delta,6,3,38,1.9,2.76114,2.25848,5.01962,3682863
pinch_sinusoid,pinch_sweep_size_rand_sinusoid-20260624-142357,TesolloCubePinch,TesolloCubePinch-20260624-182805-cubepinch_sb_propriodelta_s6,proprio.delta,6,3,39,1.95,2.74193,2.31505,5.05698,3682863
pinch_sinusoid,pinch_sweep_size_rand_sinusoid-20260624-142357,TesolloCubePinch,TesolloCubePinch-20260624-182805-cubepinch_sb_propriodelta_s6,proprio.delta,6,3,40,2.0,2.7178,2.14532,4.86311,3682863
pinch_sinusoid,pinch_sweep_size_rand_sinusoid-20260624-142357,TesolloCubePinch,TesolloCubePinch-20260624-182805-cubepinch_sb_propriodelta_s6,proprio.delta,6,3,41,2.05,2.6891,2.04985,4.73895,3682863
pinch_sinusoid,pinch_sweep_size_rand_sinusoid-20260624-142357,TesolloCubePinch,TesolloCubePinch-20260624-182805-cubepinch_sb_propriodelta_s6,proprio.delta,6,3,42,2.1,2.65833,1.94214,4.60047,3682863
pinch_sinusoid,pinch_sweep_size_rand_sinusoid-20260624-142357,TesolloCubePinch,TesolloCubePinch-20260624-182805-cubepinch_sb_propriodelta_s6,proprio.delta,6,3,43,2.15,2.61258,1.77832,4.39091,3682863
pinch_sinusoid,pinch_sweep_size_rand_sinusoid-20260624-142357,TesolloCubePinch,TesolloCubePinch-20260624-182805-cubepinch_sb_propriodelta_s6,proprio.delta,6,3,44,2.2,2.53737,1.63105,4.16842,3682863
pinch_sinusoid,pinch_sweep_size_rand_sinusoid-20260624-142357,TesolloCubePinch,TesolloCubePinch-20260624-182805-cubepinch_sb_propriodelta_s6,proprio.delta,6,3,45,2.25,2.45066,1.50938,3.96003,3682863
pinch_sinusoid,pinch_sweep_size_rand_sinusoid-20260624-142357,TesolloCubePinch,TesolloCubePinch-20260624-182805-cubepinch_sb_propriodelta_s6,proprio.delta,6,3,46,2.3,2.38017,1.31922,3.69939,3682863
pinch_sinusoid,pinch_sweep_size_rand_sinusoid-20260624-142357,TesolloCubePinch,TesolloCubePinch-20260624-182805-cubepinch_sb_propriodelta_s6,proprio.delta,6,3,47,2.35,2.33807,1.13738,3.47544,3682863
pinch_sinusoid,pinch_sweep_size_rand_sinusoid-20260624-142357,TesolloCubePinch,TesolloCubePinch-20260624-182805-cubepinch_sb_propriodelta_s6,proprio.delta,6,3,48,2.4,2.31645,0.98179,3.29823,3682863
pinch_sinusoid,pinch_sweep_size_rand_sinusoid-20260624-142357,TesolloCubePinch,TesolloCubePinch-20260624-182805-cubepinch_sb_propriodelta_s6,proprio.delta,6,3,49,2.45,2.29768,0.8517,3.14938,3682863
pinch_sinusoid,pinch_sweep_size_rand_sinusoid-20260624-142357,TesolloCubePinch,TesolloCubePinch-20260624-182805-cubepinch_sb_propriodelta_s6,proprio.delta,6,3,50,2.5,2.27585,0.74347,3.01932,3682863
pinch_sinusoid,pinch_sweep_size_rand_sinusoid-20260624-142357,TesolloCubePinch,TesolloCubePinch-20260624-182805-cubepinch_sb_propriodelta_s6,proprio.delta,6,3,51,2.55,2.24892,0.65452,2.90344,3682863
pinch_sinusoid,pinch_sweep_size_rand_sinusoid-20260624-142357,TesolloCubePinch,TesolloCubePinch-20260624-182805-cubepinch_sb_propriodelta_s6,proprio.delta,6,3,52,2.6,2.28432,0.57704,2.86137,3682863
pinch_sinusoid,pinch_sweep_size_rand_sinusoid-20260624-142357,TesolloCubePinch,TesolloCubePinch-20260624-182805-cubepinch_sb_propriodelta_s6,proprio.delta,6,3,53,2.65,2.30223,0.50645,2.80868,3682863
pinch_sinusoid,pinch_sweep_size_rand_sinusoid-20260624-142357,TesolloCubePinch,TesolloCubePinch-20260624-182805-cubepinch_sb_propriodelta_s6,proprio.delta,6,3,54,2.7,2.31481,0.44716,2.76197,3682863
pinch_sinusoid,pinch_sweep_size_rand_sinusoid-20260624-142357,TesolloCubePinch,TesolloCubePinch-20260624-182805-cubepinch_sb_propriodelta_s6,proprio.delta,6,3,55,2.75,2.32592,0.39966,2.72558,3682863
pinch_sinusoid,pinch_sweep_size_rand_sinusoid-20260624-142357,TesolloCubePinch,TesolloCubePinch-20260624-182805-cubepinch_sb_propriodelta_s6,proprio.delta,6,3,56,2.8,2.33894,0.36463,2.70357,3682863
pinch_sinusoid,pinch_sweep_size_rand_sinusoid-20260624-142357,TesolloCubePinch,TesolloCubePinch-20260624-182805-cubepinch_sb_propriodelta_s6,proprio.delta,6,3,57,2.85,2.35065,0.34324,2.69389,3682863
pinch_sinusoid,pinch_sweep_size_rand_sinusoid-20260624-142357,TesolloCubePinch,TesolloCubePinch-20260624-182805-cubepinch_sb_propriodelta_s6,proprio.delta,6,3,58,2.9,2.36111,0.3363,2.69741,3682863
pinch_sinusoid,pinch_sweep_size_rand_sinusoid-20260624-142357,TesolloCubePinch,TesolloCubePinch-20260624-182805-cubepinch_sb_propriodelta_s6,proprio.delta,6,3,59,2.95,2.37005,0.34491,2.71496,3682863
pinch_sinusoid,pinch_sweep_size_rand_sinusoid-20260624-142357,TesolloCubePinch,TesolloCubePinch-20260624-182805-cubepinch_sb_propriodelta_s6,proprio.delta,6,3,60,3.0,2.38176,0.37256,2.75433,3682863
pinch_sinusoid,pinch_sweep_size_rand_sinusoid-20260624-142357,TesolloCubePinch,TesolloCubePinch-20260624-182805-cubepinch_sb_propriodelta_s6,proprio.delta,6,3,61,3.05,2.39596,0.41989,2.81585,3682863
pinch_sinusoid,pinch_sweep_size_rand_sinusoid-20260624-142357,TesolloCubePinch,TesolloCubePinch-20260624-182805-cubepinch_sb_propriodelta_s6,proprio.delta,6,3,62,3.1,2.41793,0.45407,2.872,3682863
pinch_sinusoid,pinch_sweep_size_rand_sinusoid-20260624-142357,TesolloCubePinch,TesolloCubePinch-20260624-182805-cubepinch_sb_propriodelta_s6,proprio.delta,6,3,63,3.15,2.44489,0.47943,2.92433,3682863
pinch_sinusoid,pinch_sweep_size_rand_sinusoid-20260624-142357,TesolloCubePinch,TesolloCubePinch-20260624-182805-cubepinch_sb_propriodelta_s6,proprio.delta,6,3,64,3.2,2.49344,0.54521,3.03865,3682863
pinch_sinusoid,pinch_sweep_size_rand_sinusoid-20260624-142357,TesolloCubePinch,TesolloCubePinch-20260624-182805-cubepinch_sb_propriodelta_s6,proprio.delta,6,3,65,3.25,2.54948,0.72286,3.27234,3682863
pinch_sinusoid,pinch_sweep_size_rand_sinusoid-20260624-142357,TesolloCubePinch,TesolloCubePinch-20260624-182805-cubepinch_sb_propriodelta_s6,proprio.delta,6,3,66,3.3,2.6048,0.92787,3.53267,3682863
pinch_sinusoid,pinch_sweep_size_rand_sinusoid-20260624-142357,TesolloCubePinch,TesolloCubePinch-20260624-182805-cubepinch_sb_propriodelta_s6,proprio.delta,6,3,67,3.35,2.66234,1.03915,3.7015,3682863
pinch_sinusoid,pinch_sweep_size_rand_sinusoid-20260624-142357,TesolloCubePinch,TesolloCubePinch-20260624-182805-cubepinch_sb_propriodelta_s6,proprio.delta,6,3,68,3.4,2.71386,1.15282,3.86668,3682863
pinch_sinusoid,pinch_sweep_size_rand_sinusoid-20260624-142357,TesolloCubePinch,TesolloCubePinch-20260624-182805-cubepinch_sb_propriodelta_s6,proprio.delta,6,3,69,3.45,2.76327,1.26694,4.03022,3682863
pinch_sinusoid,pinch_sweep_size_rand_sinusoid-20260624-142357,TesolloCubePinch,TesolloCubePinch-20260624-182805-cubepinch_sb_propriodelta_s6,proprio.delta,6,3,70,3.5,2.81026,1.37443,4.18469,3682863
pinch_sinusoid,pinch_sweep_size_rand_sinusoid-20260624-142357,TesolloCubePinch,TesolloCubePinch-20260624-182805-cubepinch_sb_propriodelta_s6,proprio.delta,6,3,71,3.55,2.87431,1.49208,4.36639,3682863
pinch_sinusoid,pinch_sweep_size_rand_sinusoid-20260624-142357,TesolloCubePinch,TesolloCubePinch-20260624-182805-cubepinch_sb_propriodelta_s6,proprio.delta,6,3,72,3.6,2.96459,1.64523,4.60982,3682863
pinch_sinusoid,pinch_sweep_size_rand_sinusoid-20260624-142357,TesolloCubePinch,TesolloCubePinch-20260624-182805-cubepinch_sb_propriodelta_s6,proprio.delta,6,3,73,3.65,3.00953,1.79002,4.79955,3682863
pinch_sinusoid,pinch_sweep_size_rand_sinusoid-20260624-142357,TesolloCubePinch,TesolloCubePinch-20260624-182805-cubepinch_sb_propriodelta_s6,proprio.delta,6,3,74,3.7,3.0395,1.93303,4.97252,3682863
pinch_sinusoid,pinch_sweep_size_rand_sinusoid-20260624-142357,TesolloCubePinch,TesolloCubePinch-20260624-182805-cubepinch_sb_propriodelta_s6,proprio.delta,6,3,75,3.75,3.05488,2.05909,5.11397,3682863
pinch_sinusoid,pinch_sweep_size_rand_sinusoid-20260624-142357,TesolloCubePinch,TesolloCubePinch-20260624-182805-cubepinch_sb_propriodelta_s6,proprio.delta,6,3,76,3.8,3.05808,2.09673,5.15481,3682863
pinch_sinusoid,pinch_sweep_size_rand_sinusoid-20260624-142357,TesolloCubePinch,TesolloCubePinch-20260624-182805-cubepinch_sb_propriodelta_s6,proprio.delta,6,3,77,3.85,3.05937,2.16032,5.21969,3682863
pinch_sinusoid,pinch_sweep_size_rand_sinusoid-20260624-142357,TesolloCubePinch,TesolloCubePinch-20260624-182805-cubepinch_sb_propriodelta_s6,proprio.delta,6,3,78,3.9,3.03226,2.17632,5.20858,3682863
pinch_sinusoid,pinch_sweep_size_rand_sinusoid-20260624-142357,TesolloCubePinch,TesolloCubePinch-20260624-182805-cubepinch_sb_propriodelta_s6,proprio.delta,6,3,79,3.95,2.99952,2.14684,5.14636,3682863
pinch_sinusoid,pinch_sweep_size_rand_sinusoid-20260624-142357,TesolloCubePinch,TesolloCubePinch-20260624-182805-cubepinch_sb_propriodelta_s6,proprio.delta,6,4,0,0.0,0.0,0.0,0.0,3682863
pinch_sinusoid,pinch_sweep_size_rand_sinusoid-20260624-142357,TesolloCubePinch,TesolloCubePinch-20260624-182805-cubepinch_sb_propriodelta_s6,proprio.delta,6,4,1,0.05,0.0,0.0,0.0,3682863
pinch_sinusoid,pinch_sweep_size_rand_sinusoid-20260624-142357,TesolloCubePinch,TesolloCubePinch-20260624-182805-cubepinch_sb_propriodelta_s6,proprio.delta,6,4,2,0.1,0.0,0.0,0.0,3682863
pinch_sinusoid,pinch_sweep_size_rand_sinusoid-20260624-142357,TesolloCubePinch,TesolloCubePinch-20260624-182805-cubepinch_sb_propriodelta_s6,proprio.delta,6,4,3,0.15,2.95482,0.0,2.95482,3682863
pinch_sinusoid,pinch_sweep_size_rand_sinusoid-20260624-142357,TesolloCubePinch,TesolloCubePinch-20260624-182805-cubepinch_sb_propriodelta_s6,proprio.delta,6,4,4,0.2,3.91985,1.0443,4.96414,3682863
pinch_sinusoid,pinch_sweep_size_rand_sinusoid-20260624-142357,TesolloCubePinch,TesolloCubePinch-20260624-182805-cubepinch_sb_propriodelta_s6,proprio.delta,6,4,5,0.25,3.37671,0.95372,4.33044,3682863
pinch_sinusoid,pinch_sweep_size_rand_sinusoid-20260624-142357,TesolloCubePinch,TesolloCubePinch-20260624-182805-cubepinch_sb_propriodelta_s6,proprio.delta,6,4,6,0.3,3.15306,0.0,3.15306,3682863
pinch_sinusoid,pinch_sweep_size_rand_sinusoid-20260624-142357,TesolloCubePinch,TesolloCubePinch-20260624-182805-cubepinch_sb_propriodelta_s6,proprio.delta,6,4,7,0.35,2.57931,1.01747,3.59678,3682863
pinch_sinusoid,pinch_sweep_size_rand_sinusoid-20260624-142357,TesolloCubePinch,TesolloCubePinch-20260624-182805-cubepinch_sb_propriodelta_s6,proprio.delta,6,4,8,0.4,0.0,0.93057,0.93057,3682863
pinch_sinusoid,pinch_sweep_size_rand_sinusoid-20260624-142357,TesolloCubePinch,TesolloCubePinch-20260624-182805-cubepinch_sb_propriodelta_s6,proprio.delta,6,4,9,0.45,2.5013,0.86029,3.36158,3682863
pinch_sinusoid,pinch_sweep_size_rand_sinusoid-20260624-142357,TesolloCubePinch,TesolloCubePinch-20260624-182805-cubepinch_sb_propriodelta_s6,proprio.delta,6,4,10,0.5,3.05111,0.92245,3.97356,3682863
pinch_sinusoid,pinch_sweep_size_rand_sinusoid-20260624-142357,TesolloCubePinch,TesolloCubePinch-20260624-182805-cubepinch_sb_propriodelta_s6,proprio.delta,6,4,11,0.55,2.45519,1.11451,3.5697,3682863
pinch_sinusoid,pinch_sweep_size_rand_sinusoid-20260624-142357,TesolloCubePinch,TesolloCubePinch-20260624-182805-cubepinch_sb_propriodelta_s6,proprio.delta,6,4,12,0.6,2.39228,1.4555,3.84778,3682863
pinch_sinusoid,pinch_sweep_size_rand_sinusoid-20260624-142357,TesolloCubePinch,TesolloCubePinch-20260624-182805-cubepinch_sb_propriodelta_s6,proprio.delta,6,4,13,0.65,2.39477,1.76751,4.16228,3682863
pinch_sinusoid,pinch_sweep_size_rand_sinusoid-20260624-142357,TesolloCubePinch,TesolloCubePinch-20260624-182805-cubepinch_sb_propriodelta_s6,proprio.delta,6,4,14,0.7,2.41172,2.05948,4.4712,3682863
pinch_sinusoid,pinch_sweep_size_rand_sinusoid-20260624-142357,TesolloCubePinch,TesolloCubePinch-20260624-182805-cubepinch_sb_propriodelta_s6,proprio.delta,6,4,15,0.75,2.41498,2.45643,4.8714,3682863
pinch_sinusoid,pinch_sweep_size_rand_sinusoid-20260624-142357,TesolloCubePinch,TesolloCubePinch-20260624-182805-cubepinch_sb_propriodelta_s6,proprio.delta,6,4,16,0.8,2.44304,2.74842,5.19146,3682863
pinch_sinusoid,pinch_sweep_size_rand_sinusoid-20260624-142357,TesolloCubePinch,TesolloCubePinch-20260624-182805-cubepinch_sb_propriodelta_s6,proprio.delta,6,4,17,0.85,2.47276,2.83795,5.31071,3682863
pinch_sinusoid,pinch_sweep_size_rand_sinusoid-20260624-142357,TesolloCubePinch,TesolloCubePinch-20260624-182805-cubepinch_sb_propriodelta_s6,proprio.delta,6,4,18,0.9,2.488,2.84993,5.33792,3682863
pinch_sinusoid,pinch_sweep_size_rand_sinusoid-20260624-142357,TesolloCubePinch,TesolloCubePinch-20260624-182805-cubepinch_sb_propriodelta_s6,proprio.delta,6,4,19,0.95,2.50208,2.83598,5.33805,3682863
pinch_sinusoid,pinch_sweep_size_rand_sinusoid-20260624-142357,TesolloCubePinch,TesolloCubePinch-20260624-182805-cubepinch_sb_propriodelta_s6,proprio.delta,6,4,20,1.0,2.51003,2.80721,5.31724,3682863
pinch_sinusoid,pinch_sweep_size_rand_sinusoid-20260624-142357,TesolloCubePinch,TesolloCubePinch-20260624-182805-cubepinch_sb_propriodelta_s6,proprio.delta,6,4,21,1.05,2.50001,2.75816,5.25817,3682863
pinch_sinusoid,pinch_sweep_size_rand_sinusoid-20260624-142357,TesolloCubePinch,TesolloCubePinch-20260624-182805-cubepinch_sb_propriodelta_s6,proprio.delta,6,4,22,1.1,2.48294,2.62299,5.10592,3682863
pinch_sinusoid,pinch_sweep_size_rand_sinusoid-20260624-142357,TesolloCubePinch,TesolloCubePinch-20260624-182805-cubepinch_sb_propriodelta_s6,proprio.delta,6,4,23,1.15,2.4598,2.34412,4.80392,3682863
pinch_sinusoid,pinch_sweep_size_rand_sinusoid-20260624-142357,TesolloCubePinch,TesolloCubePinch-20260624-182805-cubepinch_sb_propriodelta_s6,proprio.delta,6,4,24,1.2,2.43051,2.09735,4.52787,3682863
pinch_sinusoid,pinch_sweep_size_rand_sinusoid-20260624-142357,TesolloCubePinch,TesolloCubePinch-20260624-182805-cubepinch_sb_propriodelta_s6,proprio.delta,6,4,25,1.25,2.397,1.92609,4.32308,3682863
pinch_sinusoid,pinch_sweep_size_rand_sinusoid-20260624-142357,TesolloCubePinch,TesolloCubePinch-20260624-182805-cubepinch_sb_propriodelta_s6,proprio.delta,6,4,26,1.3,2.37763,1.70638,4.08401,3682863
pinch_sinusoid,pinch_sweep_size_rand_sinusoid-20260624-142357,TesolloCubePinch,TesolloCubePinch-20260624-182805-cubepinch_sb_propriodelta_s6,proprio.delta,6,4,27,1.35,2.37207,1.46484,3.83691,3682863
pinch_sinusoid,pinch_sweep_size_rand_sinusoid-20260624-142357,TesolloCubePinch,TesolloCubePinch-20260624-182805-cubepinch_sb_propriodelta_s6,proprio.delta,6,4,28,1.4,2.35999,1.24112,3.60111,3682863
pinch_sinusoid,pinch_sweep_size_rand_sinusoid-20260624-142357,TesolloCubePinch,TesolloCubePinch-20260624-182805-cubepinch_sb_propriodelta_s6,proprio.delta,6,4,29,1.45,2.3435,1.04809,3.39158,3682863
pinch_sinusoid,pinch_sweep_size_rand_sinusoid-20260624-142357,TesolloCubePinch,TesolloCubePinch-20260624-182805-cubepinch_sb_propriodelta_s6,proprio.delta,6,4,30,1.5,2.3231,0.88682,3.20992,3682863
pinch_sinusoid,pinch_sweep_size_rand_sinusoid-20260624-142357,TesolloCubePinch,TesolloCubePinch-20260624-182805-cubepinch_sb_propriodelta_s6,proprio.delta,6,4,31,1.55,2.30197,0.75466,3.05664,3682863
pinch_sinusoid,pinch_sweep_size_rand_sinusoid-20260624-142357,TesolloCubePinch,TesolloCubePinch-20260624-182805-cubepinch_sb_propriodelta_s6,proprio.delta,6,4,32,1.6,2.27704,0.64854,2.92559,3682863
pinch_sinusoid,pinch_sweep_size_rand_sinusoid-20260624-142357,TesolloCubePinch,TesolloCubePinch-20260624-182805-cubepinch_sb_propriodelta_s6,proprio.delta,6,4,33,1.65,2.23976,0.5636,2.80336,3682863
pinch_sinusoid,pinch_sweep_size_rand_sinusoid-20260624-142357,TesolloCubePinch,TesolloCubePinch-20260624-182805-cubepinch_sb_propriodelta_s6,proprio.delta,6,4,34,1.7,2.22141,0.49609,2.7175,3682863
pinch_sinusoid,pinch_sweep_size_rand_sinusoid-20260624-142357,TesolloCubePinch,TesolloCubePinch-20260624-182805-cubepinch_sb_propriodelta_s6,proprio.delta,6,4,35,1.75,2.2153,0.43849,2.65379,3682863
pinch_sinusoid,pinch_sweep_size_rand_sinusoid-20260624-142357,TesolloCubePinch,TesolloCubePinch-20260624-182805-cubepinch_sb_propriodelta_s6,proprio.delta,6,4,36,1.8,2.21446,0.3916,2.60606,3682863
pinch_sinusoid,pinch_sweep_size_rand_sinusoid-20260624-142357,TesolloCubePinch,TesolloCubePinch-20260624-182805-cubepinch_sb_propriodelta_s6,proprio.delta,6,4,37,1.85,2.24481,0.35638,2.6012,3682863
pinch_sinusoid,pinch_sweep_size_rand_sinusoid-20260624-142357,TesolloCubePinch,TesolloCubePinch-20260624-182805-cubepinch_sb_propriodelta_s6,proprio.delta,6,4,38,1.9,2.27675,0.32799,2.60474,3682863
pinch_sinusoid,pinch_sweep_size_rand_sinusoid-20260624-142357,TesolloCubePinch,TesolloCubePinch-20260624-182805-cubepinch_sb_propriodelta_s6,proprio.delta,6,4,39,1.95,2.29935,0.31912,2.61847,3682863
pinch_sinusoid,pinch_sweep_size_rand_sinusoid-20260624-142357,TesolloCubePinch,TesolloCubePinch-20260624-182805-cubepinch_sb_propriodelta_s6,proprio.delta,6,4,40,2.0,2.31797,0.32597,2.64394,3682863
pinch_sinusoid,pinch_sweep_size_rand_sinusoid-20260624-142357,TesolloCubePinch,TesolloCubePinch-20260624-182805-cubepinch_sb_propriodelta_s6,proprio.delta,6,4,41,2.05,2.33323,0.34658,2.6798,3682863
pinch_sinusoid,pinch_sweep_size_rand_sinusoid-20260624-142357,TesolloCubePinch,TesolloCubePinch-20260624-182805-cubepinch_sb_propriodelta_s6,proprio.delta,6,4,42,2.1,2.35035,0.38281,2.73316,3682863
pinch_sinusoid,pinch_sweep_size_rand_sinusoid-20260624-142357,TesolloCubePinch,TesolloCubePinch-20260624-182805-cubepinch_sb_propriodelta_s6,proprio.delta,6,4,43,2.15,2.3716,0.42738,2.79899,3682863
pinch_sinusoid,pinch_sweep_size_rand_sinusoid-20260624-142357,TesolloCubePinch,TesolloCubePinch-20260624-182805-cubepinch_sb_propriodelta_s6,proprio.delta,6,4,44,2.2,2.39703,0.45626,2.85328,3682863
pinch_sinusoid,pinch_sweep_size_rand_sinusoid-20260624-142357,TesolloCubePinch,TesolloCubePinch-20260624-182805-cubepinch_sb_propriodelta_s6,proprio.delta,6,4,45,2.25,2.43084,0.47815,2.909,3682863
pinch_sinusoid,pinch_sweep_size_rand_sinusoid-20260624-142357,TesolloCubePinch,TesolloCubePinch-20260624-182805-cubepinch_sb_propriodelta_s6,proprio.delta,6,4,46,2.3,2.48265,0.55367,3.03632,3682863
pinch_sinusoid,pinch_sweep_size_rand_sinusoid-20260624-142357,TesolloCubePinch,TesolloCubePinch-20260624-182805-cubepinch_sb_propriodelta_s6,proprio.delta,6,4,47,2.35,2.54629,0.73525,3.28155,3682863
pinch_sinusoid,pinch_sweep_size_rand_sinusoid-20260624-142357,TesolloCubePinch,TesolloCubePinch-20260624-182805-cubepinch_sb_propriodelta_s6,proprio.delta,6,4,48,2.4,2.60555,0.95632,3.56187,3682863
pinch_sinusoid,pinch_sweep_size_rand_sinusoid-20260624-142357,TesolloCubePinch,TesolloCubePinch-20260624-182805-cubepinch_sb_propriodelta_s6,proprio.delta,6,4,49,2.45,2.66448,1.07805,3.74253,3682863
pinch_sinusoid,pinch_sweep_size_rand_sinusoid-20260624-142357,TesolloCubePinch,TesolloCubePinch-20260624-182805-cubepinch_sb_propriodelta_s6,proprio.delta,6,4,50,2.5,2.71569,1.19221,3.90791,3682863
pinch_sinusoid,pinch_sweep_size_rand_sinusoid-20260624-142357,TesolloCubePinch,TesolloCubePinch-20260624-182805-cubepinch_sb_propriodelta_s6,proprio.delta,6,4,51,2.55,2.765,1.30565,4.07065,3682863
pinch_sinusoid,pinch_sweep_size_rand_sinusoid-20260624-142357,TesolloCubePinch,TesolloCubePinch-20260624-182805-cubepinch_sb_propriodelta_s6,proprio.delta,6,4,52,2.6,2.81132,1.41288,4.22421,3682863
pinch_sinusoid,pinch_sweep_size_rand_sinusoid-20260624-142357,TesolloCubePinch,TesolloCubePinch-20260624-182805-cubepinch_sb_propriodelta_s6,proprio.delta,6,4,53,2.65,2.8769,1.52685,4.40375,3682863
pinch_sinusoid,pinch_sweep_size_rand_sinusoid-20260624-142357,TesolloCubePinch,TesolloCubePinch-20260624-182805-cubepinch_sb_propriodelta_s6,proprio.delta,6,4,54,2.7,2.96953,1.67077,4.64031,3682863
pinch_sinusoid,pinch_sweep_size_rand_sinusoid-20260624-142357,TesolloCubePinch,TesolloCubePinch-20260624-182805-cubepinch_sb_propriodelta_s6,proprio.delta,6,4,55,2.75,3.01529,1.81258,4.82787,3682863
pinch_sinusoid,pinch_sweep_size_rand_sinusoid-20260624-142357,TesolloCubePinch,TesolloCubePinch-20260624-182805-cubepinch_sb_propriodelta_s6,proprio.delta,6,4,56,2.8,3.04324,1.95215,4.99538,3682863
pinch_sinusoid,pinch_sweep_size_rand_sinusoid-20260624-142357,TesolloCubePinch,TesolloCubePinch-20260624-182805-cubepinch_sb_propriodelta_s6,proprio.delta,6,4,57,2.85,3.05707,2.0748,5.13188,3682863
pinch_sinusoid,pinch_sweep_size_rand_sinusoid-20260624-142357,TesolloCubePinch,TesolloCubePinch-20260624-182805-cubepinch_sb_propriodelta_s6,proprio.delta,6,4,58,2.9,3.06017,2.10614,5.16631,3682863
pinch_sinusoid,pinch_sweep_size_rand_sinusoid-20260624-142357,TesolloCubePinch,TesolloCubePinch-20260624-182805-cubepinch_sb_propriodelta_s6,proprio.delta,6,4,59,2.95,3.05863,2.16329,5.22192,3682863
pinch_sinusoid,pinch_sweep_size_rand_sinusoid-20260624-142357,TesolloCubePinch,TesolloCubePinch-20260624-182805-cubepinch_sb_propriodelta_s6,proprio.delta,6,4,60,3.0,3.02985,2.17269,5.20254,3682863
pinch_sinusoid,pinch_sweep_size_rand_sinusoid-20260624-142357,TesolloCubePinch,TesolloCubePinch-20260624-182805-cubepinch_sb_propriodelta_s6,proprio.delta,6,4,61,3.05,2.99256,2.14008,5.13264,3682863
pinch_sinusoid,pinch_sweep_size_rand_sinusoid-20260624-142357,TesolloCubePinch,TesolloCubePinch-20260624-182805-cubepinch_sb_propriodelta_s6,proprio.delta,6,4,62,3.1,2.95182,2.06273,5.01455,3682863
pinch_sinusoid,pinch_sweep_size_rand_sinusoid-20260624-142357,TesolloCubePinch,TesolloCubePinch-20260624-182805-cubepinch_sb_propriodelta_s6,proprio.delta,6,4,63,3.15,2.89938,1.94129,4.84068,3682863
pinch_sinusoid,pinch_sweep_size_rand_sinusoid-20260624-142357,TesolloCubePinch,TesolloCubePinch-20260624-182805-cubepinch_sb_propriodelta_s6,proprio.delta,6,4,64,3.2,2.85074,1.85654,4.70727,3682863
pinch_sinusoid,pinch_sweep_size_rand_sinusoid-20260624-142357,TesolloCubePinch,TesolloCubePinch-20260624-182805-cubepinch_sb_propriodelta_s6,proprio.delta,6,4,65,3.25,2.79876,1.70745,4.50621,3682863
pinch_sinusoid,pinch_sweep_size_rand_sinusoid-20260624-142357,TesolloCubePinch,TesolloCubePinch-20260624-182805-cubepinch_sb_propriodelta_s6,proprio.delta,6,4,66,3.3,2.73059,1.54264,4.27323,3682863
pinch_sinusoid,pinch_sweep_size_rand_sinusoid-20260624-142357,TesolloCubePinch,TesolloCubePinch-20260624-182805-cubepinch_sb_propriodelta_s6,proprio.delta,6,4,67,3.35,2.6532,1.4208,4.07399,3682863
pinch_sinusoid,pinch_sweep_size_rand_sinusoid-20260624-142357,TesolloCubePinch,TesolloCubePinch-20260624-182805-cubepinch_sb_propriodelta_s6,proprio.delta,6,4,68,3.4,2.581,1.33416,3.91515,3682863
pinch_sinusoid,pinch_sweep_size_rand_sinusoid-20260624-142357,TesolloCubePinch,TesolloCubePinch-20260624-182805-cubepinch_sb_propriodelta_s6,proprio.delta,6,4,69,3.45,2.51729,1.15352,3.67081,3682863
pinch_sinusoid,pinch_sweep_size_rand_sinusoid-20260624-142357,TesolloCubePinch,TesolloCubePinch-20260624-182805-cubepinch_sb_propriodelta_s6,proprio.delta,6,4,70,3.5,2.46381,1.00146,3.46528,3682863
pinch_sinusoid,pinch_sweep_size_rand_sinusoid-20260624-142357,TesolloCubePinch,TesolloCubePinch-20260624-182805-cubepinch_sb_propriodelta_s6,proprio.delta,6,4,71,3.55,2.47709,0.87344,3.35053,3682863
pinch_sinusoid,pinch_sweep_size_rand_sinusoid-20260624-142357,TesolloCubePinch,TesolloCubePinch-20260624-182805-cubepinch_sb_propriodelta_s6,proprio.delta,6,4,72,3.6,2.46006,0.76525,3.22531,3682863
pinch_sinusoid,pinch_sweep_size_rand_sinusoid-20260624-142357,TesolloCubePinch,TesolloCubePinch-20260624-182805-cubepinch_sb_propriodelta_s6,proprio.delta,6,4,73,3.65,2.43493,0.6697,3.10463,3682863
pinch_sinusoid,pinch_sweep_size_rand_sinusoid-20260624-142357,TesolloCubePinch,TesolloCubePinch-20260624-182805-cubepinch_sb_propriodelta_s6,proprio.delta,6,4,74,3.7,2.38203,0.58232,2.96435,3682863
pinch_sinusoid,pinch_sweep_size_rand_sinusoid-20260624-142357,TesolloCubePinch,TesolloCubePinch-20260624-182805-cubepinch_sb_propriodelta_s6,proprio.delta,6,4,75,3.75,2.36014,0.50919,2.86933,3682863
pinch_sinusoid,pinch_sweep_size_rand_sinusoid-20260624-142357,TesolloCubePinch,TesolloCubePinch-20260624-182805-cubepinch_sb_propriodelta_s6,proprio.delta,6,4,76,3.8,2.3546,0.44986,2.80446,3682863
pinch_sinusoid,pinch_sweep_size_rand_sinusoid-20260624-142357,TesolloCubePinch,TesolloCubePinch-20260624-182805-cubepinch_sb_propriodelta_s6,proprio.delta,6,4,77,3.85,2.35955,0.40467,2.76422,3682863
pinch_sinusoid,pinch_sweep_size_rand_sinusoid-20260624-142357,TesolloCubePinch,TesolloCubePinch-20260624-182805-cubepinch_sb_propriodelta_s6,proprio.delta,6,4,78,3.9,2.36777,0.37246,2.74022,3682863
pinch_sinusoid,pinch_sweep_size_rand_sinusoid-20260624-142357,TesolloCubePinch,TesolloCubePinch-20260624-182805-cubepinch_sb_propriodelta_s6,proprio.delta,6,4,79,3.95,2.37639,0.35139,2.72778,3682863
pinch_sinusoid,pinch_sweep_size_rand_sinusoid-20260624-142357,TesolloCubePinch,TesolloCubePinch-20260624-182805-cubepinch_sb_propriodelta_s6,proprio.delta,6,5,0,0.0,0.0,0.0,0.0,3682863
pinch_sinusoid,pinch_sweep_size_rand_sinusoid-20260624-142357,TesolloCubePinch,TesolloCubePinch-20260624-182805-cubepinch_sb_propriodelta_s6,proprio.delta,6,5,1,0.05,0.0,0.0,0.0,3682863
pinch_sinusoid,pinch_sweep_size_rand_sinusoid-20260624-142357,TesolloCubePinch,TesolloCubePinch-20260624-182805-cubepinch_sb_propriodelta_s6,proprio.delta,6,5,2,0.1,0.0,0.0,0.0,3682863
pinch_sinusoid,pinch_sweep_size_rand_sinusoid-20260624-142357,TesolloCubePinch,TesolloCubePinch-20260624-182805-cubepinch_sb_propriodelta_s6,proprio.delta,6,5,3,0.15,3.18387,1.09841,4.28228,3682863
pinch_sinusoid,pinch_sweep_size_rand_sinusoid-20260624-142357,TesolloCubePinch,TesolloCubePinch-20260624-182805-cubepinch_sb_propriodelta_s6,proprio.delta,6,5,4,0.2,0.0,0.94537,0.94537,3682863
pinch_sinusoid,pinch_sweep_size_rand_sinusoid-20260624-142357,TesolloCubePinch,TesolloCubePinch-20260624-182805-cubepinch_sb_propriodelta_s6,proprio.delta,6,5,5,0.25,3.60005,0.76211,4.36216,3682863
pinch_sinusoid,pinch_sweep_size_rand_sinusoid-20260624-142357,TesolloCubePinch,TesolloCubePinch-20260624-182805-cubepinch_sb_propriodelta_s6,proprio.delta,6,5,6,0.3,0.0,0.64962,0.64962,3682863
pinch_sinusoid,pinch_sweep_size_rand_sinusoid-20260624-142357,TesolloCubePinch,TesolloCubePinch-20260624-182805-cubepinch_sb_propriodelta_s6,proprio.delta,6,5,7,0.35,3.06485,0.67637,3.74122,3682863
pinch_sinusoid,pinch_sweep_size_rand_sinusoid-20260624-142357,TesolloCubePinch,TesolloCubePinch-20260624-182805-cubepinch_sb_propriodelta_s6,proprio.delta,6,5,8,0.4,2.42096,0.4692,2.89016,3682863
pinch_sinusoid,pinch_sweep_size_rand_sinusoid-20260624-142357,TesolloCubePinch,TesolloCubePinch-20260624-182805-cubepinch_sb_propriodelta_s6,proprio.delta,6,5,9,0.45,0.0,0.38572,0.38572,3682863
pinch_sinusoid,pinch_sweep_size_rand_sinusoid-20260624-142357,TesolloCubePinch,TesolloCubePinch-20260624-182805-cubepinch_sb_propriodelta_s6,proprio.delta,6,5,10,0.5,0.0,0.3576,0.3576,3682863
pinch_sinusoid,pinch_sweep_size_rand_sinusoid-20260624-142357,TesolloCubePinch,TesolloCubePinch-20260624-182805-cubepinch_sb_propriodelta_s6,proprio.delta,6,5,11,0.55,2.42069,0.40766,2.82835,3682863
pinch_sinusoid,pinch_sweep_size_rand_sinusoid-20260624-142357,TesolloCubePinch,TesolloCubePinch-20260624-182805-cubepinch_sb_propriodelta_s6,proprio.delta,6,5,12,0.6,2.41115,0.42779,2.83894,3682863
pinch_sinusoid,pinch_sweep_size_rand_sinusoid-20260624-142357,TesolloCubePinch,TesolloCubePinch-20260624-182805-cubepinch_sb_propriodelta_s6,proprio.delta,6,5,13,0.65,2.44207,0.46366,2.90573,3682863
pinch_sinusoid,pinch_sweep_size_rand_sinusoid-20260624-142357,TesolloCubePinch,TesolloCubePinch-20260624-182805-cubepinch_sb_propriodelta_s6,proprio.delta,6,5,14,0.7,2.42828,0.60661,3.03489,3682863
pinch_sinusoid,pinch_sweep_size_rand_sinusoid-20260624-142357,TesolloCubePinch,TesolloCubePinch-20260624-182805-cubepinch_sb_propriodelta_s6,proprio.delta,6,5,15,0.75,2.35788,0.76773,3.12561,3682863
pinch_sinusoid,pinch_sweep_size_rand_sinusoid-20260624-142357,TesolloCubePinch,TesolloCubePinch-20260624-182805-cubepinch_sb_propriodelta_s6,proprio.delta,6,5,16,0.8,2.30002,0.92175,3.22177,3682863
pinch_sinusoid,pinch_sweep_size_rand_sinusoid-20260624-142357,TesolloCubePinch,TesolloCubePinch-20260624-182805-cubepinch_sb_propriodelta_s6,proprio.delta,6,5,17,0.85,2.29231,0.96269,3.255,3682863
pinch_sinusoid,pinch_sweep_size_rand_sinusoid-20260624-142357,TesolloCubePinch,TesolloCubePinch-20260624-182805-cubepinch_sb_propriodelta_s6,proprio.delta,6,5,18,0.9,2.33265,1.04958,3.38223,3682863
pinch_sinusoid,pinch_sweep_size_rand_sinusoid-20260624-142357,TesolloCubePinch,TesolloCubePinch-20260624-182805-cubepinch_sb_propriodelta_s6,proprio.delta,6,5,19,0.95,2.38121,1.19233,3.57354,3682863
pinch_sinusoid,pinch_sweep_size_rand_sinusoid-20260624-142357,TesolloCubePinch,TesolloCubePinch-20260624-182805-cubepinch_sb_propriodelta_s6,proprio.delta,6,5,20,1.0,2.42403,1.42364,3.84767,3682863
pinch_sinusoid,pinch_sweep_size_rand_sinusoid-20260624-142357,TesolloCubePinch,TesolloCubePinch-20260624-182805-cubepinch_sb_propriodelta_s6,proprio.delta,6,5,21,1.05,2.4775,1.68171,4.15921,3682863
pinch_sinusoid,pinch_sweep_size_rand_sinusoid-20260624-142357,TesolloCubePinch,TesolloCubePinch-20260624-182805-cubepinch_sb_propriodelta_s6,proprio.delta,6,5,22,1.1,2.53394,1.9006,4.43455,3682863
pinch_sinusoid,pinch_sweep_size_rand_sinusoid-20260624-142357,TesolloCubePinch,TesolloCubePinch-20260624-182805-cubepinch_sb_propriodelta_s6,proprio.delta,6,5,23,1.15,2.57681,2.01453,4.59134,3682863
pinch_sinusoid,pinch_sweep_size_rand_sinusoid-20260624-142357,TesolloCubePinch,TesolloCubePinch-20260624-182805-cubepinch_sb_propriodelta_s6,proprio.delta,6,5,24,1.2,2.57767,2.12038,4.69805,3682863
pinch_sinusoid,pinch_sweep_size_rand_sinusoid-20260624-142357,TesolloCubePinch,TesolloCubePinch-20260624-182805-cubepinch_sb_propriodelta_s6,proprio.delta,6,5,25,1.25,2.58129,2.19919,4.78048,3682863
pinch_sinusoid,pinch_sweep_size_rand_sinusoid-20260624-142357,TesolloCubePinch,TesolloCubePinch-20260624-182805-cubepinch_sb_propriodelta_s6,proprio.delta,6,5,26,1.3,2.58329,2.25221,4.8355,3682863
pinch_sinusoid,pinch_sweep_size_rand_sinusoid-20260624-142357,TesolloCubePinch,TesolloCubePinch-20260624-182805-cubepinch_sb_propriodelta_s6,proprio.delta,6,5,27,1.35,2.58496,2.3936,4.97856,3682863
pinch_sinusoid,pinch_sweep_size_rand_sinusoid-20260624-142357,TesolloCubePinch,TesolloCubePinch-20260624-182805-cubepinch_sb_propriodelta_s6,proprio.delta,6,5,28,1.4,2.59482,2.33466,4.92948,3682863
pinch_sinusoid,pinch_sweep_size_rand_sinusoid-20260624-142357,TesolloCubePinch,TesolloCubePinch-20260624-182805-cubepinch_sb_propriodelta_s6,proprio.delta,6,5,29,1.45,2.57427,2.33811,4.91238,3682863
pinch_sinusoid,pinch_sweep_size_rand_sinusoid-20260624-142357,TesolloCubePinch,TesolloCubePinch-20260624-182805-cubepinch_sb_propriodelta_s6,proprio.delta,6,5,30,1.5,2.56193,2.30952,4.87145,3682863
pinch_sinusoid,pinch_sweep_size_rand_sinusoid-20260624-142357,TesolloCubePinch,TesolloCubePinch-20260624-182805-cubepinch_sb_propriodelta_s6,proprio.delta,6,5,31,1.55,2.54457,2.25762,4.80219,3682863
pinch_sinusoid,pinch_sweep_size_rand_sinusoid-20260624-142357,TesolloCubePinch,TesolloCubePinch-20260624-182805-cubepinch_sb_propriodelta_s6,proprio.delta,6,5,32,1.6,2.52069,2.19014,4.71083,3682863
pinch_sinusoid,pinch_sweep_size_rand_sinusoid-20260624-142357,TesolloCubePinch,TesolloCubePinch-20260624-182805-cubepinch_sb_propriodelta_s6,proprio.delta,6,5,33,1.65,2.49577,2.03554,4.53131,3682863
pinch_sinusoid,pinch_sweep_size_rand_sinusoid-20260624-142357,TesolloCubePinch,TesolloCubePinch-20260624-182805-cubepinch_sb_propriodelta_s6,proprio.delta,6,5,34,1.7,2.4643,1.87248,4.33677,3682863
pinch_sinusoid,pinch_sweep_size_rand_sinusoid-20260624-142357,TesolloCubePinch,TesolloCubePinch-20260624-182805-cubepinch_sb_propriodelta_s6,proprio.delta,6,5,35,1.75,2.42046,1.69009,4.11055,3682863
pinch_sinusoid,pinch_sweep_size_rand_sinusoid-20260624-142357,TesolloCubePinch,TesolloCubePinch-20260624-182805-cubepinch_sb_propriodelta_s6,proprio.delta,6,5,36,1.8,2.37201,1.53158,3.90359,3682863
pinch_sinusoid,pinch_sweep_size_rand_sinusoid-20260624-142357,TesolloCubePinch,TesolloCubePinch-20260624-182805-cubepinch_sb_propriodelta_s6,proprio.delta,6,5,37,1.85,2.34329,1.33027,3.67356,3682863
pinch_sinusoid,pinch_sweep_size_rand_sinusoid-20260624-142357,TesolloCubePinch,TesolloCubePinch-20260624-182805-cubepinch_sb_propriodelta_s6,proprio.delta,6,5,38,1.9,2.32622,1.14068,3.4669,3682863
pinch_sinusoid,pinch_sweep_size_rand_sinusoid-20260624-142357,TesolloCubePinch,TesolloCubePinch-20260624-182805-cubepinch_sb_propriodelta_s6,proprio.delta,6,5,39,1.95,2.30636,0.97591,3.28227,3682863
pinch_sinusoid,pinch_sweep_size_rand_sinusoid-20260624-142357,TesolloCubePinch,TesolloCubePinch-20260624-182805-cubepinch_sb_propriodelta_s6,proprio.delta,6,5,40,2.0,2.27703,0.83807,3.1151,3682863
pinch_sinusoid,pinch_sweep_size_rand_sinusoid-20260624-142357,TesolloCubePinch,TesolloCubePinch-20260624-182805-cubepinch_sb_propriodelta_s6,proprio.delta,6,5,41,2.05,2.24865,0.7245,2.97314,3682863
pinch_sinusoid,pinch_sweep_size_rand_sinusoid-20260624-142357,TesolloCubePinch,TesolloCubePinch-20260624-182805-cubepinch_sb_propriodelta_s6,proprio.delta,6,5,42,2.1,2.22997,0.63263,2.8626,3682863
pinch_sinusoid,pinch_sweep_size_rand_sinusoid-20260624-142357,TesolloCubePinch,TesolloCubePinch-20260624-182805-cubepinch_sb_propriodelta_s6,proprio.delta,6,5,43,2.15,2.21873,0.555,2.77373,3682863
pinch_sinusoid,pinch_sweep_size_rand_sinusoid-20260624-142357,TesolloCubePinch,TesolloCubePinch-20260624-182805-cubepinch_sb_propriodelta_s6,proprio.delta,6,5,44,2.2,2.24943,0.48837,2.7378,3682863
pinch_sinusoid,pinch_sweep_size_rand_sinusoid-20260624-142357,TesolloCubePinch,TesolloCubePinch-20260624-182805-cubepinch_sb_propriodelta_s6,proprio.delta,6,5,45,2.25,2.26596,0.42845,2.69441,3682863
pinch_sinusoid,pinch_sweep_size_rand_sinusoid-20260624-142357,TesolloCubePinch,TesolloCubePinch-20260624-182805-cubepinch_sb_propriodelta_s6,proprio.delta,6,5,46,2.3,2.28053,0.38198,2.66252,3682863
pinch_sinusoid,pinch_sweep_size_rand_sinusoid-20260624-142357,TesolloCubePinch,TesolloCubePinch-20260624-182805-cubepinch_sb_propriodelta_s6,proprio.delta,6,5,47,2.35,2.29711,0.3487,2.64581,3682863
pinch_sinusoid,pinch_sweep_size_rand_sinusoid-20260624-142357,TesolloCubePinch,TesolloCubePinch-20260624-182805-cubepinch_sb_propriodelta_s6,proprio.delta,6,5,48,2.4,2.3123,0.33233,2.64463,3682863
pinch_sinusoid,pinch_sweep_size_rand_sinusoid-20260624-142357,TesolloCubePinch,TesolloCubePinch-20260624-182805-cubepinch_sb_propriodelta_s6,proprio.delta,6,5,49,2.45,2.32545,0.32571,2.65116,3682863
pinch_sinusoid,pinch_sweep_size_rand_sinusoid-20260624-142357,TesolloCubePinch,TesolloCubePinch-20260624-182805-cubepinch_sb_propriodelta_s6,proprio.delta,6,5,50,2.5,2.33908,0.33762,2.6767,3682863
pinch_sinusoid,pinch_sweep_size_rand_sinusoid-20260624-142357,TesolloCubePinch,TesolloCubePinch-20260624-182805-cubepinch_sb_propriodelta_s6,proprio.delta,6,5,51,2.55,2.35414,0.36656,2.7207,3682863
pinch_sinusoid,pinch_sweep_size_rand_sinusoid-20260624-142357,TesolloCubePinch,TesolloCubePinch-20260624-182805-cubepinch_sb_propriodelta_s6,proprio.delta,6,5,52,2.6,2.36968,0.41058,2.78026,3682863
pinch_sinusoid,pinch_sweep_size_rand_sinusoid-20260624-142357,TesolloCubePinch,TesolloCubePinch-20260624-182805-cubepinch_sb_propriodelta_s6,proprio.delta,6,5,53,2.65,2.39383,0.44762,2.84145,3682863
pinch_sinusoid,pinch_sweep_size_rand_sinusoid-20260624-142357,TesolloCubePinch,TesolloCubePinch-20260624-182805-cubepinch_sb_propriodelta_s6,proprio.delta,6,5,54,2.7,2.42266,0.46588,2.88854,3682863
pinch_sinusoid,pinch_sweep_size_rand_sinusoid-20260624-142357,TesolloCubePinch,TesolloCubePinch-20260624-182805-cubepinch_sb_propriodelta_s6,proprio.delta,6,5,55,2.75,2.46635,0.53069,2.99704,3682863
pinch_sinusoid,pinch_sweep_size_rand_sinusoid-20260624-142357,TesolloCubePinch,TesolloCubePinch-20260624-182805-cubepinch_sb_propriodelta_s6,proprio.delta,6,5,56,2.8,2.53228,0.67902,3.2113,3682863
pinch_sinusoid,pinch_sweep_size_rand_sinusoid-20260624-142357,TesolloCubePinch,TesolloCubePinch-20260624-182805-cubepinch_sb_propriodelta_s6,proprio.delta,6,5,57,2.85,2.58984,0.88907,3.4789,3682863
pinch_sinusoid,pinch_sweep_size_rand_sinusoid-20260624-142357,TesolloCubePinch,TesolloCubePinch-20260624-182805-cubepinch_sb_propriodelta_s6,proprio.delta,6,5,58,2.9,2.64844,1.02721,3.67565,3682863
pinch_sinusoid,pinch_sweep_size_rand_sinusoid-20260624-142357,TesolloCubePinch,TesolloCubePinch-20260624-182805-cubepinch_sb_propriodelta_s6,proprio.delta,6,5,59,2.95,2.70091,1.13848,3.83939,3682863
pinch_sinusoid,pinch_sweep_size_rand_sinusoid-20260624-142357,TesolloCubePinch,TesolloCubePinch-20260624-182805-cubepinch_sb_propriodelta_s6,proprio.delta,6,5,60,3.0,2.75193,1.25486,4.00679,3682863
pinch_sinusoid,pinch_sweep_size_rand_sinusoid-20260624-142357,TesolloCubePinch,TesolloCubePinch-20260624-182805-cubepinch_sb_propriodelta_s6,proprio.delta,6,5,61,3.05,2.79983,1.36185,4.16169,3682863
pinch_sinusoid,pinch_sweep_size_rand_sinusoid-20260624-142357,TesolloCubePinch,TesolloCubePinch-20260624-182805-cubepinch_sb_propriodelta_s6,proprio.delta,6,5,62,3.1,2.8558,1.47537,4.33116,3682863
pinch_sinusoid,pinch_sweep_size_rand_sinusoid-20260624-142357,TesolloCubePinch,TesolloCubePinch-20260624-182805-cubepinch_sb_propriodelta_s6,proprio.delta,6,5,63,3.15,2.94292,1.61623,4.55916,3682863
pinch_sinusoid,pinch_sweep_size_rand_sinusoid-20260624-142357,TesolloCubePinch,TesolloCubePinch-20260624-182805-cubepinch_sb_propriodelta_s6,proprio.delta,6,5,64,3.2,3.00319,1.76383,4.76702,3682863
pinch_sinusoid,pinch_sweep_size_rand_sinusoid-20260624-142357,TesolloCubePinch,TesolloCubePinch-20260624-182805-cubepinch_sb_propriodelta_s6,proprio.delta,6,5,65,3.25,3.03531,1.90553,4.94084,3682863
pinch_sinusoid,pinch_sweep_size_rand_sinusoid-20260624-142357,TesolloCubePinch,TesolloCubePinch-20260624-182805-cubepinch_sb_propriodelta_s6,proprio.delta,6,5,66,3.3,3.05406,2.03493,5.08899,3682863
pinch_sinusoid,pinch_sweep_size_rand_sinusoid-20260624-142357,TesolloCubePinch,TesolloCubePinch-20260624-182805-cubepinch_sb_propriodelta_s6,proprio.delta,6,5,67,3.35,3.06126,2.076,5.13726,3682863
pinch_sinusoid,pinch_sweep_size_rand_sinusoid-20260624-142357,TesolloCubePinch,TesolloCubePinch-20260624-182805-cubepinch_sb_propriodelta_s6,proprio.delta,6,5,68,3.4,3.06441,2.1468,5.21121,3682863
pinch_sinusoid,pinch_sweep_size_rand_sinusoid-20260624-142357,TesolloCubePinch,TesolloCubePinch-20260624-182805-cubepinch_sb_propriodelta_s6,proprio.delta,6,5,69,3.45,3.04085,2.1718,5.21265,3682863
pinch_sinusoid,pinch_sweep_size_rand_sinusoid-20260624-142357,TesolloCubePinch,TesolloCubePinch-20260624-182805-cubepinch_sb_propriodelta_s6,proprio.delta,6,5,70,3.5,3.00832,2.15471,5.16303,3682863
pinch_sinusoid,pinch_sweep_size_rand_sinusoid-20260624-142357,TesolloCubePinch,TesolloCubePinch-20260624-182805-cubepinch_sb_propriodelta_s6,proprio.delta,6,5,71,3.55,2.97059,2.09175,5.06234,3682863
pinch_sinusoid,pinch_sweep_size_rand_sinusoid-20260624-142357,TesolloCubePinch,TesolloCubePinch-20260624-182805-cubepinch_sb_propriodelta_s6,proprio.delta,6,5,72,3.6,2.91891,1.98289,4.9018,3682863
pinch_sinusoid,pinch_sweep_size_rand_sinusoid-20260624-142357,TesolloCubePinch,TesolloCubePinch-20260624-182805-cubepinch_sb_propriodelta_s6,proprio.delta,6,5,73,3.65,2.8703,1.87812,4.74841,3682863
pinch_sinusoid,pinch_sweep_size_rand_sinusoid-20260624-142357,TesolloCubePinch,TesolloCubePinch-20260624-182805-cubepinch_sb_propriodelta_s6,proprio.delta,6,5,74,3.7,2.82034,1.75185,4.5722,3682863
pinch_sinusoid,pinch_sweep_size_rand_sinusoid-20260624-142357,TesolloCubePinch,TesolloCubePinch-20260624-182805-cubepinch_sb_propriodelta_s6,proprio.delta,6,5,75,3.75,2.75716,1.605,4.36216,3682863
pinch_sinusoid,pinch_sweep_size_rand_sinusoid-20260624-142357,TesolloCubePinch,TesolloCubePinch-20260624-182805-cubepinch_sb_propriodelta_s6,proprio.delta,6,5,76,3.8,2.68142,1.42803,4.10945,3682863
pinch_sinusoid,pinch_sweep_size_rand_sinusoid-20260624-142357,TesolloCubePinch,TesolloCubePinch-20260624-182805-cubepinch_sb_propriodelta_s6,proprio.delta,6,5,77,3.85,2.60557,1.37028,3.97585,3682863
pinch_sinusoid,pinch_sweep_size_rand_sinusoid-20260624-142357,TesolloCubePinch,TesolloCubePinch-20260624-182805-cubepinch_sb_propriodelta_s6,proprio.delta,6,5,78,3.9,2.54008,1.2177,3.75778,3682863
pinch_sinusoid,pinch_sweep_size_rand_sinusoid-20260624-142357,TesolloCubePinch,TesolloCubePinch-20260624-182805-cubepinch_sb_propriodelta_s6,proprio.delta,6,5,79,3.95,2.48243,1.05655,3.53898,3682863
pinch_sinusoid,pinch_sweep_size_rand_sinusoid-20260624-142357,TesolloCubePinch,TesolloCubePinch-20260624-182805-cubepinch_sb_propriodelta_s6,proprio.delta,6,6,0,0.0,0.0,0.0,0.0,3682863
pinch_sinusoid,pinch_sweep_size_rand_sinusoid-20260624-142357,TesolloCubePinch,TesolloCubePinch-20260624-182805-cubepinch_sb_propriodelta_s6,proprio.delta,6,6,1,0.05,0.0,0.0,0.0,3682863
pinch_sinusoid,pinch_sweep_size_rand_sinusoid-20260624-142357,TesolloCubePinch,TesolloCubePinch-20260624-182805-cubepinch_sb_propriodelta_s6,proprio.delta,6,6,2,0.1,0.0,0.0,0.0,3682863
pinch_sinusoid,pinch_sweep_size_rand_sinusoid-20260624-142357,TesolloCubePinch,TesolloCubePinch-20260624-182805-cubepinch_sb_propriodelta_s6,proprio.delta,6,6,3,0.15,2.96582,0.0,2.96582,3682863
pinch_sinusoid,pinch_sweep_size_rand_sinusoid-20260624-142357,TesolloCubePinch,TesolloCubePinch-20260624-182805-cubepinch_sb_propriodelta_s6,proprio.delta,6,6,4,0.2,3.88214,0.94597,4.82811,3682863
pinch_sinusoid,pinch_sweep_size_rand_sinusoid-20260624-142357,TesolloCubePinch,TesolloCubePinch-20260624-182805-cubepinch_sb_propriodelta_s6,proprio.delta,6,6,5,0.25,3.51373,0.0,3.51373,3682863
pinch_sinusoid,pinch_sweep_size_rand_sinusoid-20260624-142357,TesolloCubePinch,TesolloCubePinch-20260624-182805-cubepinch_sb_propriodelta_s6,proprio.delta,6,6,6,0.3,3.33969,0.83058,4.17026,3682863
pinch_sinusoid,pinch_sweep_size_rand_sinusoid-20260624-142357,TesolloCubePinch,TesolloCubePinch-20260624-182805-cubepinch_sb_propriodelta_s6,proprio.delta,6,6,7,0.35,2.799,0.0,2.799,3682863
pinch_sinusoid,pinch_sweep_size_rand_sinusoid-20260624-142357,TesolloCubePinch,TesolloCubePinch-20260624-182805-cubepinch_sb_propriodelta_s6,proprio.delta,6,6,8,0.4,0.0,0.69275,0.69275,3682863
pinch_sinusoid,pinch_sweep_size_rand_sinusoid-20260624-142357,TesolloCubePinch,TesolloCubePinch-20260624-182805-cubepinch_sb_propriodelta_s6,proprio.delta,6,6,9,0.45,2.60418,0.44716,3.05135,3682863
pinch_sinusoid,pinch_sweep_size_rand_sinusoid-20260624-142357,TesolloCubePinch,TesolloCubePinch-20260624-182805-cubepinch_sb_propriodelta_s6,proprio.delta,6,6,10,0.5,2.95351,0.38361,3.33713,3682863
pinch_sinusoid,pinch_sweep_size_rand_sinusoid-20260624-142357,TesolloCubePinch,TesolloCubePinch-20260624-182805-cubepinch_sb_propriodelta_s6,proprio.delta,6,6,11,0.55,2.45181,0.40419,2.856,3682863
pinch_sinusoid,pinch_sweep_size_rand_sinusoid-20260624-142357,TesolloCubePinch,TesolloCubePinch-20260624-182805-cubepinch_sb_propriodelta_s6,proprio.delta,6,6,12,0.6,2.44375,0.52775,2.9715,3682863
pinch_sinusoid,pinch_sweep_size_rand_sinusoid-20260624-142357,TesolloCubePinch,TesolloCubePinch-20260624-182805-cubepinch_sb_propriodelta_s6,proprio.delta,6,6,13,0.65,2.47179,0.65889,3.13068,3682863
pinch_sinusoid,pinch_sweep_size_rand_sinusoid-20260624-142357,TesolloCubePinch,TesolloCubePinch-20260624-182805-cubepinch_sb_propriodelta_s6,proprio.delta,6,6,14,0.7,2.44418,0.906,3.35017,3682863
pinch_sinusoid,pinch_sweep_size_rand_sinusoid-20260624-142357,TesolloCubePinch,TesolloCubePinch-20260624-182805-cubepinch_sb_propriodelta_s6,proprio.delta,6,6,15,0.75,2.40304,1.07755,3.48059,3682863
pinch_sinusoid,pinch_sweep_size_rand_sinusoid-20260624-142357,TesolloCubePinch,TesolloCubePinch-20260624-182805-cubepinch_sb_propriodelta_s6,proprio.delta,6,6,16,0.8,2.39558,1.16976,3.56534,3682863
pinch_sinusoid,pinch_sweep_size_rand_sinusoid-20260624-142357,TesolloCubePinch,TesolloCubePinch-20260624-182805-cubepinch_sb_propriodelta_s6,proprio.delta,6,6,17,0.85,2.42231,1.31522,3.73753,3682863
pinch_sinusoid,pinch_sweep_size_rand_sinusoid-20260624-142357,TesolloCubePinch,TesolloCubePinch-20260624-182805-cubepinch_sb_propriodelta_s6,proprio.delta,6,6,18,0.9,2.45095,1.55406,4.00502,3682863
pinch_sinusoid,pinch_sweep_size_rand_sinusoid-20260624-142357,TesolloCubePinch,TesolloCubePinch-20260624-182805-cubepinch_sb_propriodelta_s6,proprio.delta,6,6,19,0.95,2.48417,1.88417,4.36833,3682863
pinch_sinusoid,pinch_sweep_size_rand_sinusoid-20260624-142357,TesolloCubePinch,TesolloCubePinch-20260624-182805-cubepinch_sb_propriodelta_s6,proprio.delta,6,6,20,1.0,2.53445,2.14522,4.67967,3682863
pinch_sinusoid,pinch_sweep_size_rand_sinusoid-20260624-142357,TesolloCubePinch,TesolloCubePinch-20260624-182805-cubepinch_sb_propriodelta_s6,proprio.delta,6,6,21,1.05,2.57592,2.24403,4.81996,3682863
pinch_sinusoid,pinch_sweep_size_rand_sinusoid-20260624-142357,TesolloCubePinch,TesolloCubePinch-20260624-182805-cubepinch_sb_propriodelta_s6,proprio.delta,6,6,22,1.1,2.58474,2.31852,4.90327,3682863
pinch_sinusoid,pinch_sweep_size_rand_sinusoid-20260624-142357,TesolloCubePinch,TesolloCubePinch-20260624-182805-cubepinch_sb_propriodelta_s6,proprio.delta,6,6,23,1.15,2.59148,2.37047,4.96196,3682863
pinch_sinusoid,pinch_sweep_size_rand_sinusoid-20260624-142357,TesolloCubePinch,TesolloCubePinch-20260624-182805-cubepinch_sb_propriodelta_s6,proprio.delta,6,6,24,1.2,2.59064,2.40227,4.99291,3682863
pinch_sinusoid,pinch_sweep_size_rand_sinusoid-20260624-142357,TesolloCubePinch,TesolloCubePinch-20260624-182805-cubepinch_sb_propriodelta_s6,proprio.delta,6,6,25,1.25,2.58658,2.42538,5.01196,3682863
pinch_sinusoid,pinch_sweep_size_rand_sinusoid-20260624-142357,TesolloCubePinch,TesolloCubePinch-20260624-182805-cubepinch_sb_propriodelta_s6,proprio.delta,6,6,26,1.3,2.57615,2.42167,4.99782,3682863
pinch_sinusoid,pinch_sweep_size_rand_sinusoid-20260624-142357,TesolloCubePinch,TesolloCubePinch-20260624-182805-cubepinch_sb_propriodelta_s6,proprio.delta,6,6,27,1.35,2.56297,2.3959,4.95887,3682863
pinch_sinusoid,pinch_sweep_size_rand_sinusoid-20260624-142357,TesolloCubePinch,TesolloCubePinch-20260624-182805-cubepinch_sb_propriodelta_s6,proprio.delta,6,6,28,1.4,2.54586,2.34734,4.89321,3682863
pinch_sinusoid,pinch_sweep_size_rand_sinusoid-20260624-142357,TesolloCubePinch,TesolloCubePinch-20260624-182805-cubepinch_sb_propriodelta_s6,proprio.delta,6,6,29,1.45,2.52472,2.28607,4.81079,3682863
pinch_sinusoid,pinch_sweep_size_rand_sinusoid-20260624-142357,TesolloCubePinch,TesolloCubePinch-20260624-182805-cubepinch_sb_propriodelta_s6,proprio.delta,6,6,30,1.5,2.50027,2.10714,4.60741,3682863
pinch_sinusoid,pinch_sweep_size_rand_sinusoid-20260624-142357,TesolloCubePinch,TesolloCubePinch-20260624-182805-cubepinch_sb_propriodelta_s6,proprio.delta,6,6,31,1.55,2.46609,1.92741,4.3935,3682863
pinch_sinusoid,pinch_sweep_size_rand_sinusoid-20260624-142357,TesolloCubePinch,TesolloCubePinch-20260624-182805-cubepinch_sb_propriodelta_s6,proprio.delta,6,6,32,1.6,2.42057,1.75428,4.17485,3682863
pinch_sinusoid,pinch_sweep_size_rand_sinusoid-20260624-142357,TesolloCubePinch,TesolloCubePinch-20260624-182805-cubepinch_sb_propriodelta_s6,proprio.delta,6,6,33,1.65,2.37156,1.56638,3.93794,3682863
pinch_sinusoid,pinch_sweep_size_rand_sinusoid-20260624-142357,TesolloCubePinch,TesolloCubePinch-20260624-182805-cubepinch_sb_propriodelta_s6,proprio.delta,6,6,34,1.7,2.35008,1.35596,3.70604,3682863
pinch_sinusoid,pinch_sweep_size_rand_sinusoid-20260624-142357,TesolloCubePinch,TesolloCubePinch-20260624-182805-cubepinch_sb_propriodelta_s6,proprio.delta,6,6,35,1.75,2.33267,1.16014,3.49282,3682863
pinch_sinusoid,pinch_sweep_size_rand_sinusoid-20260624-142357,TesolloCubePinch,TesolloCubePinch-20260624-182805-cubepinch_sb_propriodelta_s6,proprio.delta,6,6,36,1.8,2.31388,0.99078,3.30466,3682863
pinch_sinusoid,pinch_sweep_size_rand_sinusoid-20260624-142357,TesolloCubePinch,TesolloCubePinch-20260624-182805-cubepinch_sb_propriodelta_s6,proprio.delta,6,6,37,1.85,2.28628,0.84895,3.13523,3682863
pinch_sinusoid,pinch_sweep_size_rand_sinusoid-20260624-142357,TesolloCubePinch,TesolloCubePinch-20260624-182805-cubepinch_sb_propriodelta_s6,proprio.delta,6,6,38,1.9,2.25365,0.73156,2.98521,3682863
pinch_sinusoid,pinch_sweep_size_rand_sinusoid-20260624-142357,TesolloCubePinch,TesolloCubePinch-20260624-182805-cubepinch_sb_propriodelta_s6,proprio.delta,6,6,39,1.95,2.23294,0.63698,2.86992,3682863
pinch_sinusoid,pinch_sweep_size_rand_sinusoid-20260624-142357,TesolloCubePinch,TesolloCubePinch-20260624-182805-cubepinch_sb_propriodelta_s6,proprio.delta,6,6,40,2.0,2.21873,0.55748,2.7762,3682863
pinch_sinusoid,pinch_sweep_size_rand_sinusoid-20260624-142357,TesolloCubePinch,TesolloCubePinch-20260624-182805-cubepinch_sb_propriodelta_s6,proprio.delta,6,6,41,2.05,2.22536,0.48997,2.71533,3682863
pinch_sinusoid,pinch_sweep_size_rand_sinusoid-20260624-142357,TesolloCubePinch,TesolloCubePinch-20260624-182805-cubepinch_sb_propriodelta_s6,proprio.delta,6,6,42,2.1,2.24358,0.42888,2.67246,3682863
pinch_sinusoid,pinch_sweep_size_rand_sinusoid-20260624-142357,TesolloCubePinch,TesolloCubePinch-20260624-182805-cubepinch_sb_propriodelta_s6,proprio.delta,6,6,43,2.15,2.26382,0.3813,2.64512,3682863
pinch_sinusoid,pinch_sweep_size_rand_sinusoid-20260624-142357,TesolloCubePinch,TesolloCubePinch-20260624-182805-cubepinch_sb_propriodelta_s6,proprio.delta,6,6,44,2.2,2.28257,0.34659,2.62916,3682863
pinch_sinusoid,pinch_sweep_size_rand_sinusoid-20260624-142357,TesolloCubePinch,TesolloCubePinch-20260624-182805-cubepinch_sb_propriodelta_s6,proprio.delta,6,6,45,2.25,2.30034,0.32704,2.62737,3682863
pinch_sinusoid,pinch_sweep_size_rand_sinusoid-20260624-142357,TesolloCubePinch,TesolloCubePinch-20260624-182805-cubepinch_sb_propriodelta_s6,proprio.delta,6,6,46,2.3,2.31543,0.322,2.63743,3682863
pinch_sinusoid,pinch_sweep_size_rand_sinusoid-20260624-142357,TesolloCubePinch,TesolloCubePinch-20260624-182805-cubepinch_sb_propriodelta_s6,proprio.delta,6,6,47,2.35,2.33043,0.33262,2.66305,3682863
pinch_sinusoid,pinch_sweep_size_rand_sinusoid-20260624-142357,TesolloCubePinch,TesolloCubePinch-20260624-182805-cubepinch_sb_propriodelta_s6,proprio.delta,6,6,48,2.4,2.34401,0.35873,2.70274,3682863
pinch_sinusoid,pinch_sweep_size_rand_sinusoid-20260624-142357,TesolloCubePinch,TesolloCubePinch-20260624-182805-cubepinch_sb_propriodelta_s6,proprio.delta,6,6,49,2.45,2.36082,0.40078,2.76161,3682863
pinch_sinusoid,pinch_sweep_size_rand_sinusoid-20260624-142357,TesolloCubePinch,TesolloCubePinch-20260624-182805-cubepinch_sb_propriodelta_s6,proprio.delta,6,6,50,2.5,2.38383,0.4405,2.82432,3682863
pinch_sinusoid,pinch_sweep_size_rand_sinusoid-20260624-142357,TesolloCubePinch,TesolloCubePinch-20260624-182805-cubepinch_sb_propriodelta_s6,proprio.delta,6,6,51,2.55,2.41268,0.46542,2.8781,3682863
pinch_sinusoid,pinch_sweep_size_rand_sinusoid-20260624-142357,TesolloCubePinch,TesolloCubePinch-20260624-182805-cubepinch_sb_propriodelta_s6,proprio.delta,6,6,52,2.6,2.45495,0.51682,2.97177,3682863
pinch_sinusoid,pinch_sweep_size_rand_sinusoid-20260624-142357,TesolloCubePinch,TesolloCubePinch-20260624-182805-cubepinch_sb_propriodelta_s6,proprio.delta,6,6,53,2.65,2.51908,0.64367,3.16275,3682863
pinch_sinusoid,pinch_sweep_size_rand_sinusoid-20260624-142357,TesolloCubePinch,TesolloCubePinch-20260624-182805-cubepinch_sb_propriodelta_s6,proprio.delta,6,6,54,2.7,2.57761,0.84727,3.42487,3682863
pinch_sinusoid,pinch_sweep_size_rand_sinusoid-20260624-142357,TesolloCubePinch,TesolloCubePinch-20260624-182805-cubepinch_sb_propriodelta_s6,proprio.delta,6,6,55,2.75,2.63884,1.01485,3.65368,3682863
pinch_sinusoid,pinch_sweep_size_rand_sinusoid-20260624-142357,TesolloCubePinch,TesolloCubePinch-20260624-182805-cubepinch_sb_propriodelta_s6,proprio.delta,6,6,56,2.8,2.693,1.12159,3.81458,3682863
pinch_sinusoid,pinch_sweep_size_rand_sinusoid-20260624-142357,TesolloCubePinch,TesolloCubePinch-20260624-182805-cubepinch_sb_propriodelta_s6,proprio.delta,6,6,57,2.85,2.74434,1.2376,3.98195,3682863
pinch_sinusoid,pinch_sweep_size_rand_sinusoid-20260624-142357,TesolloCubePinch,TesolloCubePinch-20260624-182805-cubepinch_sb_propriodelta_s6,proprio.delta,6,6,58,2.9,2.79277,1.3463,4.13907,3682863
pinch_sinusoid,pinch_sweep_size_rand_sinusoid-20260624-142357,TesolloCubePinch,TesolloCubePinch-20260624-182805-cubepinch_sb_propriodelta_s6,proprio.delta,6,6,59,2.95,2.84559,1.4545,4.30009,3682863
pinch_sinusoid,pinch_sweep_size_rand_sinusoid-20260624-142357,TesolloCubePinch,TesolloCubePinch-20260624-182805-cubepinch_sb_propriodelta_s6,proprio.delta,6,6,60,3.0,2.92836,1.58547,4.51383,3682863
pinch_sinusoid,pinch_sweep_size_rand_sinusoid-20260624-142357,TesolloCubePinch,TesolloCubePinch-20260624-182805-cubepinch_sb_propriodelta_s6,proprio.delta,6,6,61,3.05,3.00034,1.73649,4.73683,3682863
pinch_sinusoid,pinch_sweep_size_rand_sinusoid-20260624-142357,TesolloCubePinch,TesolloCubePinch-20260624-182805-cubepinch_sb_propriodelta_s6,proprio.delta,6,6,62,3.1,3.03471,1.87806,4.91276,3682863
pinch_sinusoid,pinch_sweep_size_rand_sinusoid-20260624-142357,TesolloCubePinch,TesolloCubePinch-20260624-182805-cubepinch_sb_propriodelta_s6,proprio.delta,6,6,63,3.15,3.05675,2.01133,5.06808,3682863
pinch_sinusoid,pinch_sweep_size_rand_sinusoid-20260624-142357,TesolloCubePinch,TesolloCubePinch-20260624-182805-cubepinch_sb_propriodelta_s6,proprio.delta,6,6,64,3.2,3.06476,2.06014,5.1249,3682863
pinch_sinusoid,pinch_sweep_size_rand_sinusoid-20260624-142357,TesolloCubePinch,TesolloCubePinch-20260624-182805-cubepinch_sb_propriodelta_s6,proprio.delta,6,6,65,3.25,3.06832,2.13717,5.20549,3682863
pinch_sinusoid,pinch_sweep_size_rand_sinusoid-20260624-142357,TesolloCubePinch,TesolloCubePinch-20260624-182805-cubepinch_sb_propriodelta_s6,proprio.delta,6,6,66,3.3,3.04727,2.16964,5.21691,3682863
pinch_sinusoid,pinch_sweep_size_rand_sinusoid-20260624-142357,TesolloCubePinch,TesolloCubePinch-20260624-182805-cubepinch_sb_propriodelta_s6,proprio.delta,6,6,67,3.35,3.01579,2.15817,5.17396,3682863
pinch_sinusoid,pinch_sweep_size_rand_sinusoid-20260624-142357,TesolloCubePinch,TesolloCubePinch-20260624-182805-cubepinch_sb_propriodelta_s6,proprio.delta,6,6,68,3.4,2.97576,2.17815,5.15391,3682863
pinch_sinusoid,pinch_sweep_size_rand_sinusoid-20260624-142357,TesolloCubePinch,TesolloCubePinch-20260624-182805-cubepinch_sb_propriodelta_s6,proprio.delta,6,6,69,3.45,2.91167,2.00783,4.91951,3682863
pinch_sinusoid,pinch_sweep_size_rand_sinusoid-20260624-142357,TesolloCubePinch,TesolloCubePinch-20260624-182805-cubepinch_sb_propriodelta_s6,proprio.delta,6,6,70,3.5,2.88198,1.89279,4.77477,3682863
pinch_sinusoid,pinch_sweep_size_rand_sinusoid-20260624-142357,TesolloCubePinch,TesolloCubePinch-20260624-182805-cubepinch_sb_propriodelta_s6,proprio.delta,6,6,71,3.55,2.83247,1.77638,4.60886,3682863
pinch_sinusoid,pinch_sweep_size_rand_sinusoid-20260624-142357,TesolloCubePinch,TesolloCubePinch-20260624-182805-cubepinch_sb_propriodelta_s6,proprio.delta,6,6,72,3.6,2.77177,1.62772,4.39949,3682863
pinch_sinusoid,pinch_sweep_size_rand_sinusoid-20260624-142357,TesolloCubePinch,TesolloCubePinch-20260624-182805-cubepinch_sb_propriodelta_s6,proprio.delta,6,6,73,3.65,2.69745,1.42434,4.12179,3682863
pinch_sinusoid,pinch_sweep_size_rand_sinusoid-20260624-142357,TesolloCubePinch,TesolloCubePinch-20260624-182805-cubepinch_sb_propriodelta_s6,proprio.delta,6,6,74,3.7,2.6192,1.38433,4.00353,3682863
pinch_sinusoid,pinch_sweep_size_rand_sinusoid-20260624-142357,TesolloCubePinch,TesolloCubePinch-20260624-182805-cubepinch_sb_propriodelta_s6,proprio.delta,6,6,75,3.75,2.55334,1.24599,3.79934,3682863
pinch_sinusoid,pinch_sweep_size_rand_sinusoid-20260624-142357,TesolloCubePinch,TesolloCubePinch-20260624-182805-cubepinch_sb_propriodelta_s6,proprio.delta,6,6,76,3.8,2.495,1.08042,3.57542,3682863
pinch_sinusoid,pinch_sweep_size_rand_sinusoid-20260624-142357,TesolloCubePinch,TesolloCubePinch-20260624-182805-cubepinch_sb_propriodelta_s6,proprio.delta,6,6,77,3.85,2.47755,0.94075,3.4183,3682863
pinch_sinusoid,pinch_sweep_size_rand_sinusoid-20260624-142357,TesolloCubePinch,TesolloCubePinch-20260624-182805-cubepinch_sb_propriodelta_s6,proprio.delta,6,6,78,3.9,2.46282,0.82168,3.2845,3682863
pinch_sinusoid,pinch_sweep_size_rand_sinusoid-20260624-142357,TesolloCubePinch,TesolloCubePinch-20260624-182805-cubepinch_sb_propriodelta_s6,proprio.delta,6,6,79,3.95,2.44469,0.71883,3.16352,3682863
pinch_sinusoid,pinch_sweep_size_rand_sinusoid-20260624-142357,TesolloCubePinch,TesolloCubePinch-20260624-182805-cubepinch_sb_propriodelta_s6,proprio.delta,6,7,0,0.0,0.0,0.0,0.0,3682863
pinch_sinusoid,pinch_sweep_size_rand_sinusoid-20260624-142357,TesolloCubePinch,TesolloCubePinch-20260624-182805-cubepinch_sb_propriodelta_s6,proprio.delta,6,7,1,0.05,0.0,0.0,0.0,3682863
pinch_sinusoid,pinch_sweep_size_rand_sinusoid-20260624-142357,TesolloCubePinch,TesolloCubePinch-20260624-182805-cubepinch_sb_propriodelta_s6,proprio.delta,6,7,2,0.1,0.0,0.0,0.0,3682863
pinch_sinusoid,pinch_sweep_size_rand_sinusoid-20260624-142357,TesolloCubePinch,TesolloCubePinch-20260624-182805-cubepinch_sb_propriodelta_s6,proprio.delta,6,7,3,0.15,0.0,0.0,0.0,3682863
pinch_sinusoid,pinch_sweep_size_rand_sinusoid-20260624-142357,TesolloCubePinch,TesolloCubePinch-20260624-182805-cubepinch_sb_propriodelta_s6,proprio.delta,6,7,4,0.2,3.3242,1.12281,4.44701,3682863
pinch_sinusoid,pinch_sweep_size_rand_sinusoid-20260624-142357,TesolloCubePinch,TesolloCubePinch-20260624-182805-cubepinch_sb_propriodelta_s6,proprio.delta,6,7,5,0.25,3.7819,0.88516,4.66706,3682863
pinch_sinusoid,pinch_sweep_size_rand_sinusoid-20260624-142357,TesolloCubePinch,TesolloCubePinch-20260624-182805-cubepinch_sb_propriodelta_s6,proprio.delta,6,7,6,0.3,3.218,0.75767,3.97567,3682863
pinch_sinusoid,pinch_sweep_size_rand_sinusoid-20260624-142357,TesolloCubePinch,TesolloCubePinch-20260624-182805-cubepinch_sb_propriodelta_s6,proprio.delta,6,7,7,0.35,0.0,0.62819,0.62819,3682863
pinch_sinusoid,pinch_sweep_size_rand_sinusoid-20260624-142357,TesolloCubePinch,TesolloCubePinch-20260624-182805-cubepinch_sb_propriodelta_s6,proprio.delta,6,7,8,0.4,2.66529,0.0,2.66529,3682863
pinch_sinusoid,pinch_sweep_size_rand_sinusoid-20260624-142357,TesolloCubePinch,TesolloCubePinch-20260624-182805-cubepinch_sb_propriodelta_s6,proprio.delta,6,7,9,0.45,2.45644,0.51335,2.96979,3682863
pinch_sinusoid,pinch_sweep_size_rand_sinusoid-20260624-142357,TesolloCubePinch,TesolloCubePinch-20260624-182805-cubepinch_sb_propriodelta_s6,proprio.delta,6,7,10,0.5,2.43391,0.35936,2.79327,3682863
pinch_sinusoid,pinch_sweep_size_rand_sinusoid-20260624-142357,TesolloCubePinch,TesolloCubePinch-20260624-182805-cubepinch_sb_propriodelta_s6,proprio.delta,6,7,11,0.55,2.84476,0.29625,3.14101,3682863
pinch_sinusoid,pinch_sweep_size_rand_sinusoid-20260624-142357,TesolloCubePinch,TesolloCubePinch-20260624-182805-cubepinch_sb_propriodelta_s6,proprio.delta,6,7,12,0.6,2.49091,0.30381,2.79472,3682863
pinch_sinusoid,pinch_sweep_size_rand_sinusoid-20260624-142357,TesolloCubePinch,TesolloCubePinch-20260624-182805-cubepinch_sb_propriodelta_s6,proprio.delta,6,7,13,0.65,2.49257,0.36422,2.85679,3682863
pinch_sinusoid,pinch_sweep_size_rand_sinusoid-20260624-142357,TesolloCubePinch,TesolloCubePinch-20260624-182805-cubepinch_sb_propriodelta_s6,proprio.delta,6,7,14,0.7,2.52126,0.45077,2.97203,3682863
pinch_sinusoid,pinch_sweep_size_rand_sinusoid-20260624-142357,TesolloCubePinch,TesolloCubePinch-20260624-182805-cubepinch_sb_propriodelta_s6,proprio.delta,6,7,15,0.75,2.45656,0.49702,2.95358,3682863
pinch_sinusoid,pinch_sweep_size_rand_sinusoid-20260624-142357,TesolloCubePinch,TesolloCubePinch-20260624-182805-cubepinch_sb_propriodelta_s6,proprio.delta,6,7,16,0.8,2.35627,0.63338,2.98965,3682863
pinch_sinusoid,pinch_sweep_size_rand_sinusoid-20260624-142357,TesolloCubePinch,TesolloCubePinch-20260624-182805-cubepinch_sb_propriodelta_s6,proprio.delta,6,7,17,0.85,2.28003,0.74454,3.02457,3682863
pinch_sinusoid,pinch_sweep_size_rand_sinusoid-20260624-142357,TesolloCubePinch,TesolloCubePinch-20260624-182805-cubepinch_sb_propriodelta_s6,proprio.delta,6,7,18,0.9,2.25495,0.81825,3.0732,3682863
pinch_sinusoid,pinch_sweep_size_rand_sinusoid-20260624-142357,TesolloCubePinch,TesolloCubePinch-20260624-182805-cubepinch_sb_propriodelta_s6,proprio.delta,6,7,19,0.95,2.26259,0.90487,3.16747,3682863
pinch_sinusoid,pinch_sweep_size_rand_sinusoid-20260624-142357,TesolloCubePinch,TesolloCubePinch-20260624-182805-cubepinch_sb_propriodelta_s6,proprio.delta,6,7,20,1.0,2.31267,0.96859,3.28126,3682863
pinch_sinusoid,pinch_sweep_size_rand_sinusoid-20260624-142357,TesolloCubePinch,TesolloCubePinch-20260624-182805-cubepinch_sb_propriodelta_s6,proprio.delta,6,7,21,1.05,2.36915,1.12287,3.49201,3682863
pinch_sinusoid,pinch_sweep_size_rand_sinusoid-20260624-142357,TesolloCubePinch,TesolloCubePinch-20260624-182805-cubepinch_sb_propriodelta_s6,proprio.delta,6,7,22,1.1,2.42526,1.34377,3.76904,3682863
pinch_sinusoid,pinch_sweep_size_rand_sinusoid-20260624-142357,TesolloCubePinch,TesolloCubePinch-20260624-182805-cubepinch_sb_propriodelta_s6,proprio.delta,6,7,23,1.15,2.48791,1.58001,4.06792,3682863
pinch_sinusoid,pinch_sweep_size_rand_sinusoid-20260624-142357,TesolloCubePinch,TesolloCubePinch-20260624-182805-cubepinch_sb_propriodelta_s6,proprio.delta,6,7,24,1.2,2.54866,1.75957,4.30823,3682863
pinch_sinusoid,pinch_sweep_size_rand_sinusoid-20260624-142357,TesolloCubePinch,TesolloCubePinch-20260624-182805-cubepinch_sb_propriodelta_s6,proprio.delta,6,7,25,1.25,2.5801,1.91113,4.49123,3682863
pinch_sinusoid,pinch_sweep_size_rand_sinusoid-20260624-142357,TesolloCubePinch,TesolloCubePinch-20260624-182805-cubepinch_sb_propriodelta_s6,proprio.delta,6,7,26,1.3,2.58626,1.98674,4.573,3682863
pinch_sinusoid,pinch_sweep_size_rand_sinusoid-20260624-142357,TesolloCubePinch,TesolloCubePinch-20260624-182805-cubepinch_sb_propriodelta_s6,proprio.delta,6,7,27,1.35,2.58125,2.07713,4.65838,3682863
pinch_sinusoid,pinch_sweep_size_rand_sinusoid-20260624-142357,TesolloCubePinch,TesolloCubePinch-20260624-182805-cubepinch_sb_propriodelta_s6,proprio.delta,6,7,28,1.4,2.58456,2.14137,4.72593,3682863
pinch_sinusoid,pinch_sweep_size_rand_sinusoid-20260624-142357,TesolloCubePinch,TesolloCubePinch-20260624-182805-cubepinch_sb_propriodelta_s6,proprio.delta,6,7,29,1.45,2.58631,2.20504,4.79134,3682863
pinch_sinusoid,pinch_sweep_size_rand_sinusoid-20260624-142357,TesolloCubePinch,TesolloCubePinch-20260624-182805-cubepinch_sb_propriodelta_s6,proprio.delta,6,7,30,1.5,2.58606,2.26788,4.85394,3682863
pinch_sinusoid,pinch_sweep_size_rand_sinusoid-20260624-142357,TesolloCubePinch,TesolloCubePinch-20260624-182805-cubepinch_sb_propriodelta_s6,proprio.delta,6,7,31,1.55,2.58991,2.30586,4.89578,3682863
pinch_sinusoid,pinch_sweep_size_rand_sinusoid-20260624-142357,TesolloCubePinch,TesolloCubePinch-20260624-182805-cubepinch_sb_propriodelta_s6,proprio.delta,6,7,32,1.6,2.5864,2.30162,4.88802,3682863
pinch_sinusoid,pinch_sweep_size_rand_sinusoid-20260624-142357,TesolloCubePinch,TesolloCubePinch-20260624-182805-cubepinch_sb_propriodelta_s6,proprio.delta,6,7,33,1.65,2.57332,2.25049,4.82381,3682863
pinch_sinusoid,pinch_sweep_size_rand_sinusoid-20260624-142357,TesolloCubePinch,TesolloCubePinch-20260624-182805-cubepinch_sb_propriodelta_s6,proprio.delta,6,7,34,1.7,2.55364,2.19023,4.74387,3682863
pinch_sinusoid,pinch_sweep_size_rand_sinusoid-20260624-142357,TesolloCubePinch,TesolloCubePinch-20260624-182805-cubepinch_sb_propriodelta_s6,proprio.delta,6,7,35,1.75,2.52432,2.11248,4.6368,3682863
pinch_sinusoid,pinch_sweep_size_rand_sinusoid-20260624-142357,TesolloCubePinch,TesolloCubePinch-20260624-182805-cubepinch_sb_propriodelta_s6,proprio.delta,6,7,36,1.8,2.49039,1.9408,4.43119,3682863
pinch_sinusoid,pinch_sweep_size_rand_sinusoid-20260624-142357,TesolloCubePinch,TesolloCubePinch-20260624-182805-cubepinch_sb_propriodelta_s6,proprio.delta,6,7,37,1.85,2.4474,1.77956,4.22695,3682863
pinch_sinusoid,pinch_sweep_size_rand_sinusoid-20260624-142357,TesolloCubePinch,TesolloCubePinch-20260624-182805-cubepinch_sb_propriodelta_s6,proprio.delta,6,7,38,1.9,2.39995,1.61136,4.01131,3682863
pinch_sinusoid,pinch_sweep_size_rand_sinusoid-20260624-142357,TesolloCubePinch,TesolloCubePinch-20260624-182805-cubepinch_sb_propriodelta_s6,proprio.delta,6,7,39,1.95,2.3525,1.44672,3.79922,3682863
pinch_sinusoid,pinch_sweep_size_rand_sinusoid-20260624-142357,TesolloCubePinch,TesolloCubePinch-20260624-182805-cubepinch_sb_propriodelta_s6,proprio.delta,6,7,40,2.0,2.33009,1.24546,3.57555,3682863
pinch_sinusoid,pinch_sweep_size_rand_sinusoid-20260624-142357,TesolloCubePinch,TesolloCubePinch-20260624-182805-cubepinch_sb_propriodelta_s6,proprio.delta,6,7,41,2.05,2.3117,1.06773,3.37942,3682863
pinch_sinusoid,pinch_sweep_size_rand_sinusoid-20260624-142357,TesolloCubePinch,TesolloCubePinch-20260624-182805-cubepinch_sb_propriodelta_s6,proprio.delta,6,7,42,2.1,2.28758,0.9177,3.20528,3682863
pinch_sinusoid,pinch_sweep_size_rand_sinusoid-20260624-142357,TesolloCubePinch,TesolloCubePinch-20260624-182805-cubepinch_sb_propriodelta_s6,proprio.delta,6,7,43,2.15,2.25797,0.79292,3.05089,3682863
pinch_sinusoid,pinch_sweep_size_rand_sinusoid-20260624-142357,TesolloCubePinch,TesolloCubePinch-20260624-182805-cubepinch_sb_propriodelta_s6,proprio.delta,6,7,44,2.2,2.23607,0.69085,2.92692,3682863
pinch_sinusoid,pinch_sweep_size_rand_sinusoid-20260624-142357,TesolloCubePinch,TesolloCubePinch-20260624-182805-cubepinch_sb_propriodelta_s6,proprio.delta,6,7,45,2.25,2.22115,0.60576,2.82691,3682863
pinch_sinusoid,pinch_sweep_size_rand_sinusoid-20260624-142357,TesolloCubePinch,TesolloCubePinch-20260624-182805-cubepinch_sb_propriodelta_s6,proprio.delta,6,7,46,2.3,2.23451,0.5332,2.76772,3682863
pinch_sinusoid,pinch_sweep_size_rand_sinusoid-20260624-142357,TesolloCubePinch,TesolloCubePinch-20260624-182805-cubepinch_sb_propriodelta_s6,proprio.delta,6,7,47,2.35,2.25359,0.46805,2.72164,3682863
pinch_sinusoid,pinch_sweep_size_rand_sinusoid-20260624-142357,TesolloCubePinch,TesolloCubePinch-20260624-182805-cubepinch_sb_propriodelta_s6,proprio.delta,6,7,48,2.4,2.27174,0.41471,2.68645,3682863
pinch_sinusoid,pinch_sweep_size_rand_sinusoid-20260624-142357,TesolloCubePinch,TesolloCubePinch-20260624-182805-cubepinch_sb_propriodelta_s6,proprio.delta,6,7,49,2.45,2.2867,0.37279,2.6595,3682863
pinch_sinusoid,pinch_sweep_size_rand_sinusoid-20260624-142357,TesolloCubePinch,TesolloCubePinch-20260624-182805-cubepinch_sb_propriodelta_s6,proprio.delta,6,7,50,2.5,2.30197,0.3441,2.64607,3682863
pinch_sinusoid,pinch_sweep_size_rand_sinusoid-20260624-142357,TesolloCubePinch,TesolloCubePinch-20260624-182805-cubepinch_sb_propriodelta_s6,proprio.delta,6,7,51,2.55,2.31879,0.33109,2.64988,3682863
pinch_sinusoid,pinch_sweep_size_rand_sinusoid-20260624-142357,TesolloCubePinch,TesolloCubePinch-20260624-182805-cubepinch_sb_propriodelta_s6,proprio.delta,6,7,52,2.6,2.33191,0.33233,2.66424,3682863
pinch_sinusoid,pinch_sweep_size_rand_sinusoid-20260624-142357,TesolloCubePinch,TesolloCubePinch-20260624-182805-cubepinch_sb_propriodelta_s6,proprio.delta,6,7,53,2.65,2.34513,0.35057,2.69569,3682863
pinch_sinusoid,pinch_sweep_size_rand_sinusoid-20260624-142357,TesolloCubePinch,TesolloCubePinch-20260624-182805-cubepinch_sb_propriodelta_s6,proprio.delta,6,7,54,2.7,2.36088,0.38721,2.7481,3682863
pinch_sinusoid,pinch_sweep_size_rand_sinusoid-20260624-142357,TesolloCubePinch,TesolloCubePinch-20260624-182805-cubepinch_sb_propriodelta_s6,proprio.delta,6,7,55,2.75,2.37963,0.43196,2.81159,3682863
pinch_sinusoid,pinch_sweep_size_rand_sinusoid-20260624-142357,TesolloCubePinch,TesolloCubePinch-20260624-182805-cubepinch_sb_propriodelta_s6,proprio.delta,6,7,56,2.8,2.40522,0.4629,2.86812,3682863
pinch_sinusoid,pinch_sweep_size_rand_sinusoid-20260624-142357,TesolloCubePinch,TesolloCubePinch-20260624-182805-cubepinch_sb_propriodelta_s6,proprio.delta,6,7,57,2.85,2.44053,0.49917,2.9397,3682863
pinch_sinusoid,pinch_sweep_size_rand_sinusoid-20260624-142357,TesolloCubePinch,TesolloCubePinch-20260624-182805-cubepinch_sb_propriodelta_s6,proprio.delta,6,7,58,2.9,2.49758,0.57855,3.07613,3682863
pinch_sinusoid,pinch_sweep_size_rand_sinusoid-20260624-142357,TesolloCubePinch,TesolloCubePinch-20260624-182805-cubepinch_sb_propriodelta_s6,proprio.delta,6,7,59,2.95,2.55816,0.78093,3.33909,3682863
pinch_sinusoid,pinch_sweep_size_rand_sinusoid-20260624-142357,TesolloCubePinch,TesolloCubePinch-20260624-182805-cubepinch_sb_propriodelta_s6,proprio.delta,6,7,60,3.0,2.61763,0.97217,3.5898,3682863
pinch_sinusoid,pinch_sweep_size_rand_sinusoid-20260624-142357,TesolloCubePinch,TesolloCubePinch-20260624-182805-cubepinch_sb_propriodelta_s6,proprio.delta,6,7,61,3.05,2.67473,1.08257,3.7573,3682863
pinch_sinusoid,pinch_sweep_size_rand_sinusoid-20260624-142357,TesolloCubePinch,TesolloCubePinch-20260624-182805-cubepinch_sb_propriodelta_s6,proprio.delta,6,7,62,3.1,2.72685,1.19509,3.92194,3682863
pinch_sinusoid,pinch_sweep_size_rand_sinusoid-20260624-142357,TesolloCubePinch,TesolloCubePinch-20260624-182805-cubepinch_sb_propriodelta_s6,proprio.delta,6,7,63,3.15,2.776,1.30773,4.08373,3682863
pinch_sinusoid,pinch_sweep_size_rand_sinusoid-20260624-142357,TesolloCubePinch,TesolloCubePinch-20260624-182805-cubepinch_sb_propriodelta_s6,proprio.delta,6,7,64,3.2,2.82177,1.41614,4.23792,3682863
pinch_sinusoid,pinch_sweep_size_rand_sinusoid-20260624-142357,TesolloCubePinch,TesolloCubePinch-20260624-182805-cubepinch_sb_propriodelta_s6,proprio.delta,6,7,65,3.25,2.89645,1.53924,4.43569,3682863
pinch_sinusoid,pinch_sweep_size_rand_sinusoid-20260624-142357,TesolloCubePinch,TesolloCubePinch-20260624-182805-cubepinch_sb_propriodelta_s6,proprio.delta,6,7,66,3.3,2.9813,1.69329,4.67458,3682863
pinch_sinusoid,pinch_sweep_size_rand_sinusoid-20260624-142357,TesolloCubePinch,TesolloCubePinch-20260624-182805-cubepinch_sb_propriodelta_s6,proprio.delta,6,7,67,3.35,3.0199,1.83644,4.85634,3682863
pinch_sinusoid,pinch_sweep_size_rand_sinusoid-20260624-142357,TesolloCubePinch,TesolloCubePinch-20260624-182805-cubepinch_sb_propriodelta_s6,proprio.delta,6,7,68,3.4,3.04551,1.97495,5.02046,3682863
pinch_sinusoid,pinch_sweep_size_rand_sinusoid-20260624-142357,TesolloCubePinch,TesolloCubePinch-20260624-182805-cubepinch_sb_propriodelta_s6,proprio.delta,6,7,69,3.45,3.05798,2.03027,5.08824,3682863
pinch_sinusoid,pinch_sweep_size_rand_sinusoid-20260624-142357,TesolloCubePinch,TesolloCubePinch-20260624-182805-cubepinch_sb_propriodelta_s6,proprio.delta,6,7,70,3.5,3.07233,2.11788,5.1902,3682863
pinch_sinusoid,pinch_sweep_size_rand_sinusoid-20260624-142357,TesolloCubePinch,TesolloCubePinch-20260624-182805-cubepinch_sb_propriodelta_s6,proprio.delta,6,7,71,3.55,3.05194,2.16468,5.21662,3682863
pinch_sinusoid,pinch_sweep_size_rand_sinusoid-20260624-142357,TesolloCubePinch,TesolloCubePinch-20260624-182805-cubepinch_sb_propriodelta_s6,proprio.delta,6,7,72,3.6,3.02655,2.16767,5.19422,3682863
pinch_sinusoid,pinch_sweep_size_rand_sinusoid-20260624-142357,TesolloCubePinch,TesolloCubePinch-20260624-182805-cubepinch_sb_propriodelta_s6,proprio.delta,6,7,73,3.65,2.98905,2.12894,5.11799,3682863
pinch_sinusoid,pinch_sweep_size_rand_sinusoid-20260624-142357,TesolloCubePinch,TesolloCubePinch-20260624-182805-cubepinch_sb_propriodelta_s6,proprio.delta,6,7,74,3.7,2.93977,2.04145,4.98123,3682863
pinch_sinusoid,pinch_sweep_size_rand_sinusoid-20260624-142357,TesolloCubePinch,TesolloCubePinch-20260624-182805-cubepinch_sb_propriodelta_s6,proprio.delta,6,7,75,3.75,2.89288,1.92074,4.81362,3682863
pinch_sinusoid,pinch_sweep_size_rand_sinusoid-20260624-142357,TesolloCubePinch,TesolloCubePinch-20260624-182805-cubepinch_sb_propriodelta_s6,proprio.delta,6,7,76,3.8,2.84444,1.82365,4.66808,3682863
pinch_sinusoid,pinch_sweep_size_rand_sinusoid-20260624-142357,TesolloCubePinch,TesolloCubePinch-20260624-182805-cubepinch_sb_propriodelta_s6,proprio.delta,6,7,77,3.85,2.79065,1.68005,4.47069,3682863
pinch_sinusoid,pinch_sweep_size_rand_sinusoid-20260624-142357,TesolloCubePinch,TesolloCubePinch-20260624-182805-cubepinch_sb_propriodelta_s6,proprio.delta,6,7,78,3.9,2.71978,1.47988,4.19966,3682863
pinch_sinusoid,pinch_sweep_size_rand_sinusoid-20260624-142357,TesolloCubePinch,TesolloCubePinch-20260624-182805-cubepinch_sb_propriodelta_s6,proprio.delta,6,7,79,3.95,2.6413,1.40704,4.04834,3682863
pinch_sinusoid,pinch_sweep_size_rand_sinusoid-20260624-142357,TesolloCubePinch,TesolloCubePinch-20260624-173716-cubepinch_sb_forcemagnitude_s8,force.magnitude,8,0,0,0.0,0.0,0.0,0.0,3682863
pinch_sinusoid,pinch_sweep_size_rand_sinusoid-20260624-142357,TesolloCubePinch,TesolloCubePinch-20260624-173716-cubepinch_sb_forcemagnitude_s8,force.magnitude,8,0,1,0.05,0.0,0.0,0.0,3682863
pinch_sinusoid,pinch_sweep_size_rand_sinusoid-20260624-142357,TesolloCubePinch,TesolloCubePinch-20260624-173716-cubepinch_sb_forcemagnitude_s8,force.magnitude,8,0,2,0.1,0.0,0.0,0.0,3682863
pinch_sinusoid,pinch_sweep_size_rand_sinusoid-20260624-142357,TesolloCubePinch,TesolloCubePinch-20260624-173716-cubepinch_sb_forcemagnitude_s8,force.magnitude,8,0,3,0.15,0.0,0.0,0.0,3682863
pinch_sinusoid,pinch_sweep_size_rand_sinusoid-20260624-142357,TesolloCubePinch,TesolloCubePinch-20260624-173716-cubepinch_sb_forcemagnitude_s8,force.magnitude,8,0,4,0.2,2.93552,0.0,2.93552,3682863
pinch_sinusoid,pinch_sweep_size_rand_sinusoid-20260624-142357,TesolloCubePinch,TesolloCubePinch-20260624-173716-cubepinch_sb_forcemagnitude_s8,force.magnitude,8,0,5,0.25,2.61645,0.0,2.61645,3682863
pinch_sinusoid,pinch_sweep_size_rand_sinusoid-20260624-142357,TesolloCubePinch,TesolloCubePinch-20260624-173716-cubepinch_sb_forcemagnitude_s8,force.magnitude,8,0,6,0.3,1.1374,0.0,1.1374,3682863
pinch_sinusoid,pinch_sweep_size_rand_sinusoid-20260624-142357,TesolloCubePinch,TesolloCubePinch-20260624-173716-cubepinch_sb_forcemagnitude_s8,force.magnitude,8,0,7,0.35,2.26873,0.0,2.26873,3682863
pinch_sinusoid,pinch_sweep_size_rand_sinusoid-20260624-142357,TesolloCubePinch,TesolloCubePinch-20260624-173716-cubepinch_sb_forcemagnitude_s8,force.magnitude,8,0,8,0.4,0.0,0.29707,0.29707,3682863
pinch_sinusoid,pinch_sweep_size_rand_sinusoid-20260624-142357,TesolloCubePinch,TesolloCubePinch-20260624-173716-cubepinch_sb_forcemagnitude_s8,force.magnitude,8,0,9,0.45,1.17566,0.49778,1.67344,3682863
pinch_sinusoid,pinch_sweep_size_rand_sinusoid-20260624-142357,TesolloCubePinch,TesolloCubePinch-20260624-173716-cubepinch_sb_forcemagnitude_s8,force.magnitude,8,0,10,0.5,2.26558,0.66383,2.92942,3682863
pinch_sinusoid,pinch_sweep_size_rand_sinusoid-20260624-142357,TesolloCubePinch,TesolloCubePinch-20260624-173716-cubepinch_sb_forcemagnitude_s8,force.magnitude,8,0,11,0.55,1.94805,0.65691,2.60496,3682863
pinch_sinusoid,pinch_sweep_size_rand_sinusoid-20260624-142357,TesolloCubePinch,TesolloCubePinch-20260624-173716-cubepinch_sb_forcemagnitude_s8,force.magnitude,8,0,12,0.6,1.62238,0.89154,2.51392,3682863
pinch_sinusoid,pinch_sweep_size_rand_sinusoid-20260624-142357,TesolloCubePinch,TesolloCubePinch-20260624-173716-cubepinch_sb_forcemagnitude_s8,force.magnitude,8,0,13,0.65,1.68376,1.07785,2.76161,3682863
pinch_sinusoid,pinch_sweep_size_rand_sinusoid-20260624-142357,TesolloCubePinch,TesolloCubePinch-20260624-173716-cubepinch_sb_forcemagnitude_s8,force.magnitude,8,0,14,0.7,1.74526,1.20466,2.94992,3682863
pinch_sinusoid,pinch_sweep_size_rand_sinusoid-20260624-142357,TesolloCubePinch,TesolloCubePinch-20260624-173716-cubepinch_sb_forcemagnitude_s8,force.magnitude,8,0,15,0.75,1.86554,1.44351,3.30905,3682863
pinch_sinusoid,pinch_sweep_size_rand_sinusoid-20260624-142357,TesolloCubePinch,TesolloCubePinch-20260624-173716-cubepinch_sb_forcemagnitude_s8,force.magnitude,8,0,16,0.8,1.98522,1.58553,3.57076,3682863
pinch_sinusoid,pinch_sweep_size_rand_sinusoid-20260624-142357,TesolloCubePinch,TesolloCubePinch-20260624-173716-cubepinch_sb_forcemagnitude_s8,force.magnitude,8,0,17,0.85,2.15532,1.7032,3.85852,3682863
pinch_sinusoid,pinch_sweep_size_rand_sinusoid-20260624-142357,TesolloCubePinch,TesolloCubePinch-20260624-173716-cubepinch_sb_forcemagnitude_s8,force.magnitude,8,0,18,0.9,2.33443,1.65617,3.9906,3682863
pinch_sinusoid,pinch_sweep_size_rand_sinusoid-20260624-142357,TesolloCubePinch,TesolloCubePinch-20260624-173716-cubepinch_sb_forcemagnitude_s8,force.magnitude,8,0,19,0.95,2.29805,1.92197,4.22002,3682863
pinch_sinusoid,pinch_sweep_size_rand_sinusoid-20260624-142357,TesolloCubePinch,TesolloCubePinch-20260624-173716-cubepinch_sb_forcemagnitude_s8,force.magnitude,8,0,20,1.0,2.26372,2.15404,4.41776,3682863
pinch_sinusoid,pinch_sweep_size_rand_sinusoid-20260624-142357,TesolloCubePinch,TesolloCubePinch-20260624-173716-cubepinch_sb_forcemagnitude_s8,force.magnitude,8,0,21,1.05,2.32137,2.22787,4.54924,3682863
pinch_sinusoid,pinch_sweep_size_rand_sinusoid-20260624-142357,TesolloCubePinch,TesolloCubePinch-20260624-173716-cubepinch_sb_forcemagnitude_s8,force.magnitude,8,0,22,1.1,2.43559,2.31233,4.74792,3682863
pinch_sinusoid,pinch_sweep_size_rand_sinusoid-20260624-142357,TesolloCubePinch,TesolloCubePinch-20260624-173716-cubepinch_sb_forcemagnitude_s8,force.magnitude,8,0,23,1.15,2.54045,2.39875,4.9392,3682863
pinch_sinusoid,pinch_sweep_size_rand_sinusoid-20260624-142357,TesolloCubePinch,TesolloCubePinch-20260624-173716-cubepinch_sb_forcemagnitude_s8,force.magnitude,8,0,24,1.2,2.57415,2.52625,5.1004,3682863
pinch_sinusoid,pinch_sweep_size_rand_sinusoid-20260624-142357,TesolloCubePinch,TesolloCubePinch-20260624-173716-cubepinch_sb_forcemagnitude_s8,force.magnitude,8,0,25,1.25,2.6178,2.63655,5.25435,3682863
pinch_sinusoid,pinch_sweep_size_rand_sinusoid-20260624-142357,TesolloCubePinch,TesolloCubePinch-20260624-173716-cubepinch_sb_forcemagnitude_s8,force.magnitude,8,0,26,1.3,2.61544,2.70329,5.31873,3682863
pinch_sinusoid,pinch_sweep_size_rand_sinusoid-20260624-142357,TesolloCubePinch,TesolloCubePinch-20260624-173716-cubepinch_sb_forcemagnitude_s8,force.magnitude,8,0,27,1.35,2.57708,2.72363,5.30071,3682863
pinch_sinusoid,pinch_sweep_size_rand_sinusoid-20260624-142357,TesolloCubePinch,TesolloCubePinch-20260624-173716-cubepinch_sb_forcemagnitude_s8,force.magnitude,8,0,28,1.4,2.5257,2.69075,5.21645,3682863
pinch_sinusoid,pinch_sweep_size_rand_sinusoid-20260624-142357,TesolloCubePinch,TesolloCubePinch-20260624-173716-cubepinch_sb_forcemagnitude_s8,force.magnitude,8,0,29,1.45,2.47219,2.59644,5.06863,3682863
pinch_sinusoid,pinch_sweep_size_rand_sinusoid-20260624-142357,TesolloCubePinch,TesolloCubePinch-20260624-173716-cubepinch_sb_forcemagnitude_s8,force.magnitude,8,0,30,1.5,2.37139,2.50446,4.87585,3682863
pinch_sinusoid,pinch_sweep_size_rand_sinusoid-20260624-142357,TesolloCubePinch,TesolloCubePinch-20260624-173716-cubepinch_sb_forcemagnitude_s8,force.magnitude,8,0,31,1.55,2.37434,2.43574,4.81008,3682863
pinch_sinusoid,pinch_sweep_size_rand_sinusoid-20260624-142357,TesolloCubePinch,TesolloCubePinch-20260624-173716-cubepinch_sb_forcemagnitude_s8,force.magnitude,8,0,32,1.6,2.37566,2.35038,4.72604,3682863
pinch_sinusoid,pinch_sweep_size_rand_sinusoid-20260624-142357,TesolloCubePinch,TesolloCubePinch-20260624-173716-cubepinch_sb_forcemagnitude_s8,force.magnitude,8,0,33,1.65,2.33708,2.25807,4.59515,3682863
pinch_sinusoid,pinch_sweep_size_rand_sinusoid-20260624-142357,TesolloCubePinch,TesolloCubePinch-20260624-173716-cubepinch_sb_forcemagnitude_s8,force.magnitude,8,0,34,1.7,1.89278,2.24387,4.13665,3682863
pinch_sinusoid,pinch_sweep_size_rand_sinusoid-20260624-142357,TesolloCubePinch,TesolloCubePinch-20260624-173716-cubepinch_sb_forcemagnitude_s8,force.magnitude,8,0,35,1.75,1.80261,1.94491,3.74752,3682863
pinch_sinusoid,pinch_sweep_size_rand_sinusoid-20260624-142357,TesolloCubePinch,TesolloCubePinch-20260624-173716-cubepinch_sb_forcemagnitude_s8,force.magnitude,8,0,36,1.8,1.79242,1.65875,3.45117,3682863
pinch_sinusoid,pinch_sweep_size_rand_sinusoid-20260624-142357,TesolloCubePinch,TesolloCubePinch-20260624-173716-cubepinch_sb_forcemagnitude_s8,force.magnitude,8,0,37,1.85,1.74131,1.50829,3.2496,3682863
pinch_sinusoid,pinch_sweep_size_rand_sinusoid-20260624-142357,TesolloCubePinch,TesolloCubePinch-20260624-173716-cubepinch_sb_forcemagnitude_s8,force.magnitude,8,0,38,1.9,1.66976,1.55294,3.2227,3682863
pinch_sinusoid,pinch_sweep_size_rand_sinusoid-20260624-142357,TesolloCubePinch,TesolloCubePinch-20260624-173716-cubepinch_sb_forcemagnitude_s8,force.magnitude,8,0,39,1.95,1.56693,1.44882,3.01575,3682863
pinch_sinusoid,pinch_sweep_size_rand_sinusoid-20260624-142357,TesolloCubePinch,TesolloCubePinch-20260624-173716-cubepinch_sb_forcemagnitude_s8,force.magnitude,8,0,40,2.0,1.42491,1.29495,2.71986,3682863
pinch_sinusoid,pinch_sweep_size_rand_sinusoid-20260624-142357,TesolloCubePinch,TesolloCubePinch-20260624-173716-cubepinch_sb_forcemagnitude_s8,force.magnitude,8,0,41,2.05,1.30228,1.21393,2.51621,3682863
pinch_sinusoid,pinch_sweep_size_rand_sinusoid-20260624-142357,TesolloCubePinch,TesolloCubePinch-20260624-173716-cubepinch_sb_forcemagnitude_s8,force.magnitude,8,0,42,2.1,1.19282,1.14103,2.33385,3682863
pinch_sinusoid,pinch_sweep_size_rand_sinusoid-20260624-142357,TesolloCubePinch,TesolloCubePinch-20260624-173716-cubepinch_sb_forcemagnitude_s8,force.magnitude,8,0,43,2.15,1.10372,1.07455,2.17827,3682863
pinch_sinusoid,pinch_sweep_size_rand_sinusoid-20260624-142357,TesolloCubePinch,TesolloCubePinch-20260624-173716-cubepinch_sb_forcemagnitude_s8,force.magnitude,8,0,44,2.2,1.03976,1.02524,2.06501,3682863
pinch_sinusoid,pinch_sweep_size_rand_sinusoid-20260624-142357,TesolloCubePinch,TesolloCubePinch-20260624-173716-cubepinch_sb_forcemagnitude_s8,force.magnitude,8,0,45,2.25,0.99785,0.98893,1.98678,3682863
pinch_sinusoid,pinch_sweep_size_rand_sinusoid-20260624-142357,TesolloCubePinch,TesolloCubePinch-20260624-173716-cubepinch_sb_forcemagnitude_s8,force.magnitude,8,0,46,2.3,0.99427,0.97222,1.96649,3682863
pinch_sinusoid,pinch_sweep_size_rand_sinusoid-20260624-142357,TesolloCubePinch,TesolloCubePinch-20260624-173716-cubepinch_sb_forcemagnitude_s8,force.magnitude,8,0,47,2.35,0.98473,0.97321,1.95794,3682863
pinch_sinusoid,pinch_sweep_size_rand_sinusoid-20260624-142357,TesolloCubePinch,TesolloCubePinch-20260624-173716-cubepinch_sb_forcemagnitude_s8,force.magnitude,8,0,48,2.4,1.00395,0.99332,1.99726,3682863
pinch_sinusoid,pinch_sweep_size_rand_sinusoid-20260624-142357,TesolloCubePinch,TesolloCubePinch-20260624-173716-cubepinch_sb_forcemagnitude_s8,force.magnitude,8,0,49,2.45,1.0386,1.03087,2.06947,3682863
pinch_sinusoid,pinch_sweep_size_rand_sinusoid-20260624-142357,TesolloCubePinch,TesolloCubePinch-20260624-173716-cubepinch_sb_forcemagnitude_s8,force.magnitude,8,0,50,2.5,1.09862,1.07371,2.17233,3682863
pinch_sinusoid,pinch_sweep_size_rand_sinusoid-20260624-142357,TesolloCubePinch,TesolloCubePinch-20260624-173716-cubepinch_sb_forcemagnitude_s8,force.magnitude,8,0,51,2.55,1.17722,1.09871,2.27593,3682863
pinch_sinusoid,pinch_sweep_size_rand_sinusoid-20260624-142357,TesolloCubePinch,TesolloCubePinch-20260624-173716-cubepinch_sb_forcemagnitude_s8,force.magnitude,8,0,52,2.6,1.27202,1.1895,2.46152,3682863
pinch_sinusoid,pinch_sweep_size_rand_sinusoid-20260624-142357,TesolloCubePinch,TesolloCubePinch-20260624-173716-cubepinch_sb_forcemagnitude_s8,force.magnitude,8,0,53,2.65,1.37081,1.282,2.65281,3682863
pinch_sinusoid,pinch_sweep_size_rand_sinusoid-20260624-142357,TesolloCubePinch,TesolloCubePinch-20260624-173716-cubepinch_sb_forcemagnitude_s8,force.magnitude,8,0,54,2.7,1.48497,1.35152,2.83649,3682863
pinch_sinusoid,pinch_sweep_size_rand_sinusoid-20260624-142357,TesolloCubePinch,TesolloCubePinch-20260624-173716-cubepinch_sb_forcemagnitude_s8,force.magnitude,8,0,55,2.75,1.58307,1.45294,3.03602,3682863
pinch_sinusoid,pinch_sweep_size_rand_sinusoid-20260624-142357,TesolloCubePinch,TesolloCubePinch-20260624-173716-cubepinch_sb_forcemagnitude_s8,force.magnitude,8,0,56,2.8,1.81125,1.57816,3.38941,3682863
pinch_sinusoid,pinch_sweep_size_rand_sinusoid-20260624-142357,TesolloCubePinch,TesolloCubePinch-20260624-173716-cubepinch_sb_forcemagnitude_s8,force.magnitude,8,0,57,2.85,2.09422,1.68928,3.7835,3682863
pinch_sinusoid,pinch_sweep_size_rand_sinusoid-20260624-142357,TesolloCubePinch,TesolloCubePinch-20260624-173716-cubepinch_sb_forcemagnitude_s8,force.magnitude,8,0,58,2.9,2.2285,1.87856,4.10706,3682863
pinch_sinusoid,pinch_sweep_size_rand_sinusoid-20260624-142357,TesolloCubePinch,TesolloCubePinch-20260624-173716-cubepinch_sb_forcemagnitude_s8,force.magnitude,8,0,59,2.95,2.38556,2.14126,4.52682,3682863
pinch_sinusoid,pinch_sweep_size_rand_sinusoid-20260624-142357,TesolloCubePinch,TesolloCubePinch-20260624-173716-cubepinch_sb_forcemagnitude_s8,force.magnitude,8,0,60,3.0,2.48059,2.1014,4.58199,3682863
pinch_sinusoid,pinch_sweep_size_rand_sinusoid-20260624-142357,TesolloCubePinch,TesolloCubePinch-20260624-173716-cubepinch_sb_forcemagnitude_s8,force.magnitude,8,0,61,3.05,2.5528,2.16265,4.71545,3682863
pinch_sinusoid,pinch_sweep_size_rand_sinusoid-20260624-142357,TesolloCubePinch,TesolloCubePinch-20260624-173716-cubepinch_sb_forcemagnitude_s8,force.magnitude,8,0,62,3.1,2.82456,2.21019,5.03475,3682863
pinch_sinusoid,pinch_sweep_size_rand_sinusoid-20260624-142357,TesolloCubePinch,TesolloCubePinch-20260624-173716-cubepinch_sb_forcemagnitude_s8,force.magnitude,8,0,63,3.15,2.86587,2.26566,5.13152,3682863
pinch_sinusoid,pinch_sweep_size_rand_sinusoid-20260624-142357,TesolloCubePinch,TesolloCubePinch-20260624-173716-cubepinch_sb_forcemagnitude_s8,force.magnitude,8,0,64,3.2,2.85264,2.32353,5.17616,3682863
pinch_sinusoid,pinch_sweep_size_rand_sinusoid-20260624-142357,TesolloCubePinch,TesolloCubePinch-20260624-173716-cubepinch_sb_forcemagnitude_s8,force.magnitude,8,0,65,3.25,2.81675,2.45843,5.27519,3682863
pinch_sinusoid,pinch_sweep_size_rand_sinusoid-20260624-142357,TesolloCubePinch,TesolloCubePinch-20260624-173716-cubepinch_sb_forcemagnitude_s8,force.magnitude,8,0,66,3.3,2.62902,2.55705,5.18607,3682863
pinch_sinusoid,pinch_sweep_size_rand_sinusoid-20260624-142357,TesolloCubePinch,TesolloCubePinch-20260624-173716-cubepinch_sb_forcemagnitude_s8,force.magnitude,8,0,67,3.35,2.6373,2.53889,5.17618,3682863
pinch_sinusoid,pinch_sweep_size_rand_sinusoid-20260624-142357,TesolloCubePinch,TesolloCubePinch-20260624-173716-cubepinch_sb_forcemagnitude_s8,force.magnitude,8,0,68,3.4,2.63234,2.55184,5.18418,3682863
pinch_sinusoid,pinch_sweep_size_rand_sinusoid-20260624-142357,TesolloCubePinch,TesolloCubePinch-20260624-173716-cubepinch_sb_forcemagnitude_s8,force.magnitude,8,0,69,3.45,2.60373,2.49969,5.10343,3682863
pinch_sinusoid,pinch_sweep_size_rand_sinusoid-20260624-142357,TesolloCubePinch,TesolloCubePinch-20260624-173716-cubepinch_sb_forcemagnitude_s8,force.magnitude,8,0,70,3.5,2.54292,2.38763,4.93055,3682863
pinch_sinusoid,pinch_sweep_size_rand_sinusoid-20260624-142357,TesolloCubePinch,TesolloCubePinch-20260624-173716-cubepinch_sb_forcemagnitude_s8,force.magnitude,8,0,71,3.55,2.31169,2.35228,4.66397,3682863
pinch_sinusoid,pinch_sweep_size_rand_sinusoid-20260624-142357,TesolloCubePinch,TesolloCubePinch-20260624-173716-cubepinch_sb_forcemagnitude_s8,force.magnitude,8,0,72,3.6,2.11204,2.29088,4.40292,3682863
pinch_sinusoid,pinch_sweep_size_rand_sinusoid-20260624-142357,TesolloCubePinch,TesolloCubePinch-20260624-173716-cubepinch_sb_forcemagnitude_s8,force.magnitude,8,0,73,3.65,1.99676,2.2462,4.24297,3682863
pinch_sinusoid,pinch_sweep_size_rand_sinusoid-20260624-142357,TesolloCubePinch,TesolloCubePinch-20260624-173716-cubepinch_sb_forcemagnitude_s8,force.magnitude,8,0,74,3.7,1.90962,2.24374,4.15336,3682863
pinch_sinusoid,pinch_sweep_size_rand_sinusoid-20260624-142357,TesolloCubePinch,TesolloCubePinch-20260624-173716-cubepinch_sb_forcemagnitude_s8,force.magnitude,8,0,75,3.75,1.80851,2.16866,3.97717,3682863
pinch_sinusoid,pinch_sweep_size_rand_sinusoid-20260624-142357,TesolloCubePinch,TesolloCubePinch-20260624-173716-cubepinch_sb_forcemagnitude_s8,force.magnitude,8,0,76,3.8,1.72011,1.84471,3.56481,3682863
pinch_sinusoid,pinch_sweep_size_rand_sinusoid-20260624-142357,TesolloCubePinch,TesolloCubePinch-20260624-173716-cubepinch_sb_forcemagnitude_s8,force.magnitude,8,0,77,3.85,1.69141,1.75165,3.44306,3682863
pinch_sinusoid,pinch_sweep_size_rand_sinusoid-20260624-142357,TesolloCubePinch,TesolloCubePinch-20260624-173716-cubepinch_sb_forcemagnitude_s8,force.magnitude,8,0,78,3.9,1.6277,1.50878,3.13648,3682863
pinch_sinusoid,pinch_sweep_size_rand_sinusoid-20260624-142357,TesolloCubePinch,TesolloCubePinch-20260624-173716-cubepinch_sb_forcemagnitude_s8,force.magnitude,8,0,79,3.95,1.56539,1.39137,2.95676,3682863
pinch_sinusoid,pinch_sweep_size_rand_sinusoid-20260624-142357,TesolloCubePinch,TesolloCubePinch-20260624-173716-cubepinch_sb_forcemagnitude_s8,force.magnitude,8,1,0,0.0,0.0,0.0,0.0,3682863
pinch_sinusoid,pinch_sweep_size_rand_sinusoid-20260624-142357,TesolloCubePinch,TesolloCubePinch-20260624-173716-cubepinch_sb_forcemagnitude_s8,force.magnitude,8,1,1,0.05,0.0,0.0,0.0,3682863
pinch_sinusoid,pinch_sweep_size_rand_sinusoid-20260624-142357,TesolloCubePinch,TesolloCubePinch-20260624-173716-cubepinch_sb_forcemagnitude_s8,force.magnitude,8,1,2,0.1,0.0,0.0,0.0,3682863
pinch_sinusoid,pinch_sweep_size_rand_sinusoid-20260624-142357,TesolloCubePinch,TesolloCubePinch-20260624-173716-cubepinch_sb_forcemagnitude_s8,force.magnitude,8,1,3,0.15,0.0,0.0,0.0,3682863
pinch_sinusoid,pinch_sweep_size_rand_sinusoid-20260624-142357,TesolloCubePinch,TesolloCubePinch-20260624-173716-cubepinch_sb_forcemagnitude_s8,force.magnitude,8,1,4,0.2,2.21222,0.0,2.21222,3682863
pinch_sinusoid,pinch_sweep_size_rand_sinusoid-20260624-142357,TesolloCubePinch,TesolloCubePinch-20260624-173716-cubepinch_sb_forcemagnitude_s8,force.magnitude,8,1,5,0.25,0.0,0.0,0.0,3682863
pinch_sinusoid,pinch_sweep_size_rand_sinusoid-20260624-142357,TesolloCubePinch,TesolloCubePinch-20260624-173716-cubepinch_sb_forcemagnitude_s8,force.magnitude,8,1,6,0.3,2.62678,1.31198,3.93875,3682863
pinch_sinusoid,pinch_sweep_size_rand_sinusoid-20260624-142357,TesolloCubePinch,TesolloCubePinch-20260624-173716-cubepinch_sb_forcemagnitude_s8,force.magnitude,8,1,7,0.35,2.53182,1.85042,4.38224,3682863
pinch_sinusoid,pinch_sweep_size_rand_sinusoid-20260624-142357,TesolloCubePinch,TesolloCubePinch-20260624-173716-cubepinch_sb_forcemagnitude_s8,force.magnitude,8,1,8,0.4,2.54553,2.09198,4.63751,3682863
pinch_sinusoid,pinch_sweep_size_rand_sinusoid-20260624-142357,TesolloCubePinch,TesolloCubePinch-20260624-173716-cubepinch_sb_forcemagnitude_s8,force.magnitude,8,1,9,0.45,2.44851,2.34919,4.7977,3682863
pinch_sinusoid,pinch_sweep_size_rand_sinusoid-20260624-142357,TesolloCubePinch,TesolloCubePinch-20260624-173716-cubepinch_sb_forcemagnitude_s8,force.magnitude,8,1,10,0.5,2.54767,2.53951,5.08719,3682863
pinch_sinusoid,pinch_sweep_size_rand_sinusoid-20260624-142357,TesolloCubePinch,TesolloCubePinch-20260624-173716-cubepinch_sb_forcemagnitude_s8,force.magnitude,8,1,11,0.55,2.91545,2.72821,5.64366,3682863
pinch_sinusoid,pinch_sweep_size_rand_sinusoid-20260624-142357,TesolloCubePinch,TesolloCubePinch-20260624-173716-cubepinch_sb_forcemagnitude_s8,force.magnitude,8,1,12,0.6,2.43344,2.64552,5.07896,3682863
pinch_sinusoid,pinch_sweep_size_rand_sinusoid-20260624-142357,TesolloCubePinch,TesolloCubePinch-20260624-173716-cubepinch_sb_forcemagnitude_s8,force.magnitude,8,1,13,0.65,2.40574,2.69199,5.09773,3682863
pinch_sinusoid,pinch_sweep_size_rand_sinusoid-20260624-142357,TesolloCubePinch,TesolloCubePinch-20260624-173716-cubepinch_sb_forcemagnitude_s8,force.magnitude,8,1,14,0.7,2.44684,2.60239,5.04923,3682863
pinch_sinusoid,pinch_sweep_size_rand_sinusoid-20260624-142357,TesolloCubePinch,TesolloCubePinch-20260624-173716-cubepinch_sb_forcemagnitude_s8,force.magnitude,8,1,15,0.75,2.31893,2.52246,4.84139,3682863
pinch_sinusoid,pinch_sweep_size_rand_sinusoid-20260624-142357,TesolloCubePinch,TesolloCubePinch-20260624-173716-cubepinch_sb_forcemagnitude_s8,force.magnitude,8,1,16,0.8,2.08747,2.45573,4.5432,3682863
pinch_sinusoid,pinch_sweep_size_rand_sinusoid-20260624-142357,TesolloCubePinch,TesolloCubePinch-20260624-173716-cubepinch_sb_forcemagnitude_s8,force.magnitude,8,1,17,0.85,2.07606,2.34725,4.42331,3682863
pinch_sinusoid,pinch_sweep_size_rand_sinusoid-20260624-142357,TesolloCubePinch,TesolloCubePinch-20260624-173716-cubepinch_sb_forcemagnitude_s8,force.magnitude,8,1,18,0.9,2.02347,2.20489,4.22837,3682863
pinch_sinusoid,pinch_sweep_size_rand_sinusoid-20260624-142357,TesolloCubePinch,TesolloCubePinch-20260624-173716-cubepinch_sb_forcemagnitude_s8,force.magnitude,8,1,19,0.95,1.97967,2.06751,4.04718,3682863
pinch_sinusoid,pinch_sweep_size_rand_sinusoid-20260624-142357,TesolloCubePinch,TesolloCubePinch-20260624-173716-cubepinch_sb_forcemagnitude_s8,force.magnitude,8,1,20,1.0,1.92487,1.93472,3.85959,3682863
pinch_sinusoid,pinch_sweep_size_rand_sinusoid-20260624-142357,TesolloCubePinch,TesolloCubePinch-20260624-173716-cubepinch_sb_forcemagnitude_s8,force.magnitude,8,1,21,1.05,1.85571,1.79086,3.64657,3682863
pinch_sinusoid,pinch_sweep_size_rand_sinusoid-20260624-142357,TesolloCubePinch,TesolloCubePinch-20260624-173716-cubepinch_sb_forcemagnitude_s8,force.magnitude,8,1,22,1.1,1.77926,1.63598,3.41525,3682863
pinch_sinusoid,pinch_sweep_size_rand_sinusoid-20260624-142357,TesolloCubePinch,TesolloCubePinch-20260624-173716-cubepinch_sb_forcemagnitude_s8,force.magnitude,8,1,23,1.15,1.69149,1.5186,3.21009,3682863
pinch_sinusoid,pinch_sweep_size_rand_sinusoid-20260624-142357,TesolloCubePinch,TesolloCubePinch-20260624-173716-cubepinch_sb_forcemagnitude_s8,force.magnitude,8,1,24,1.2,1.58169,1.42113,3.00282,3682863
pinch_sinusoid,pinch_sweep_size_rand_sinusoid-20260624-142357,TesolloCubePinch,TesolloCubePinch-20260624-173716-cubepinch_sb_forcemagnitude_s8,force.magnitude,8,1,25,1.25,1.45952,1.33762,2.79714,3682863
pinch_sinusoid,pinch_sweep_size_rand_sinusoid-20260624-142357,TesolloCubePinch,TesolloCubePinch-20260624-173716-cubepinch_sb_forcemagnitude_s8,force.magnitude,8,1,26,1.3,1.35969,1.25444,2.61412,3682863
pinch_sinusoid,pinch_sweep_size_rand_sinusoid-20260624-142357,TesolloCubePinch,TesolloCubePinch-20260624-173716-cubepinch_sb_forcemagnitude_s8,force.magnitude,8,1,27,1.35,1.2779,1.16555,2.44345,3682863
pinch_sinusoid,pinch_sweep_size_rand_sinusoid-20260624-142357,TesolloCubePinch,TesolloCubePinch-20260624-173716-cubepinch_sb_forcemagnitude_s8,force.magnitude,8,1,28,1.4,1.1819,1.09182,2.27372,3682863
pinch_sinusoid,pinch_sweep_size_rand_sinusoid-20260624-142357,TesolloCubePinch,TesolloCubePinch-20260624-173716-cubepinch_sb_forcemagnitude_s8,force.magnitude,8,1,29,1.45,1.09391,1.03657,2.13048,3682863
pinch_sinusoid,pinch_sweep_size_rand_sinusoid-20260624-142357,TesolloCubePinch,TesolloCubePinch-20260624-173716-cubepinch_sb_forcemagnitude_s8,force.magnitude,8,1,30,1.5,1.03667,0.9993,2.03598,3682863
pinch_sinusoid,pinch_sweep_size_rand_sinusoid-20260624-142357,TesolloCubePinch,TesolloCubePinch-20260624-173716-cubepinch_sb_forcemagnitude_s8,force.magnitude,8,1,31,1.55,1.00536,0.97829,1.98365,3682863
pinch_sinusoid,pinch_sweep_size_rand_sinusoid-20260624-142357,TesolloCubePinch,TesolloCubePinch-20260624-173716-cubepinch_sb_forcemagnitude_s8,force.magnitude,8,1,32,1.6,0.99586,0.97095,1.96681,3682863
pinch_sinusoid,pinch_sweep_size_rand_sinusoid-20260624-142357,TesolloCubePinch,TesolloCubePinch-20260624-173716-cubepinch_sb_forcemagnitude_s8,force.magnitude,8,1,33,1.65,1.00877,0.97731,1.98608,3682863
pinch_sinusoid,pinch_sweep_size_rand_sinusoid-20260624-142357,TesolloCubePinch,TesolloCubePinch-20260624-173716-cubepinch_sb_forcemagnitude_s8,force.magnitude,8,1,34,1.7,1.03573,1.00236,2.03809,3682863
pinch_sinusoid,pinch_sweep_size_rand_sinusoid-20260624-142357,TesolloCubePinch,TesolloCubePinch-20260624-173716-cubepinch_sb_forcemagnitude_s8,force.magnitude,8,1,35,1.75,1.08215,1.04538,2.12753,3682863
pinch_sinusoid,pinch_sweep_size_rand_sinusoid-20260624-142357,TesolloCubePinch,TesolloCubePinch-20260624-173716-cubepinch_sb_forcemagnitude_s8,force.magnitude,8,1,36,1.8,1.14842,1.10097,2.24939,3682863
pinch_sinusoid,pinch_sweep_size_rand_sinusoid-20260624-142357,TesolloCubePinch,TesolloCubePinch-20260624-173716-cubepinch_sb_forcemagnitude_s8,force.magnitude,8,1,37,1.85,1.23186,1.17023,2.40208,3682863
pinch_sinusoid,pinch_sweep_size_rand_sinusoid-20260624-142357,TesolloCubePinch,TesolloCubePinch-20260624-173716-cubepinch_sb_forcemagnitude_s8,force.magnitude,8,1,38,1.9,1.33089,1.25679,2.58768,3682863
pinch_sinusoid,pinch_sweep_size_rand_sinusoid-20260624-142357,TesolloCubePinch,TesolloCubePinch-20260624-173716-cubepinch_sb_forcemagnitude_s8,force.magnitude,8,1,39,1.95,1.41132,1.3416,2.75292,3682863
pinch_sinusoid,pinch_sweep_size_rand_sinusoid-20260624-142357,TesolloCubePinch,TesolloCubePinch-20260624-173716-cubepinch_sb_forcemagnitude_s8,force.magnitude,8,1,40,2.0,1.54979,1.43193,2.98172,3682863
pinch_sinusoid,pinch_sweep_size_rand_sinusoid-20260624-142357,TesolloCubePinch,TesolloCubePinch-20260624-173716-cubepinch_sb_forcemagnitude_s8,force.magnitude,8,1,41,2.05,1.77563,1.44649,3.22212,3682863
pinch_sinusoid,pinch_sweep_size_rand_sinusoid-20260624-142357,TesolloCubePinch,TesolloCubePinch-20260624-173716-cubepinch_sb_forcemagnitude_s8,force.magnitude,8,1,42,2.1,2.05332,1.60481,3.65813,3682863
pinch_sinusoid,pinch_sweep_size_rand_sinusoid-20260624-142357,TesolloCubePinch,TesolloCubePinch-20260624-173716-cubepinch_sb_forcemagnitude_s8,force.magnitude,8,1,43,2.15,2.21632,1.73163,3.94795,3682863
pinch_sinusoid,pinch_sweep_size_rand_sinusoid-20260624-142357,TesolloCubePinch,TesolloCubePinch-20260624-173716-cubepinch_sb_forcemagnitude_s8,force.magnitude,8,1,44,2.2,2.33907,2.01161,4.35069,3682863
pinch_sinusoid,pinch_sweep_size_rand_sinusoid-20260624-142357,TesolloCubePinch,TesolloCubePinch-20260624-173716-cubepinch_sb_forcemagnitude_s8,force.magnitude,8,1,45,2.25,2.45665,2.1057,4.56234,3682863
pinch_sinusoid,pinch_sweep_size_rand_sinusoid-20260624-142357,TesolloCubePinch,TesolloCubePinch-20260624-173716-cubepinch_sb_forcemagnitude_s8,force.magnitude,8,1,46,2.3,2.51533,2.13841,4.65374,3682863
pinch_sinusoid,pinch_sweep_size_rand_sinusoid-20260624-142357,TesolloCubePinch,TesolloCubePinch-20260624-173716-cubepinch_sb_forcemagnitude_s8,force.magnitude,8,1,47,2.35,2.67398,2.19599,4.86996,3682863
pinch_sinusoid,pinch_sweep_size_rand_sinusoid-20260624-142357,TesolloCubePinch,TesolloCubePinch-20260624-173716-cubepinch_sb_forcemagnitude_s8,force.magnitude,8,1,48,2.4,2.84026,2.25877,5.09903,3682863
pinch_sinusoid,pinch_sweep_size_rand_sinusoid-20260624-142357,TesolloCubePinch,TesolloCubePinch-20260624-173716-cubepinch_sb_forcemagnitude_s8,force.magnitude,8,1,49,2.45,2.84514,2.31502,5.16016,3682863
pinch_sinusoid,pinch_sweep_size_rand_sinusoid-20260624-142357,TesolloCubePinch,TesolloCubePinch-20260624-173716-cubepinch_sb_forcemagnitude_s8,force.magnitude,8,1,50,2.5,2.81778,2.44954,5.26733,3682863
pinch_sinusoid,pinch_sweep_size_rand_sinusoid-20260624-142357,TesolloCubePinch,TesolloCubePinch-20260624-173716-cubepinch_sb_forcemagnitude_s8,force.magnitude,8,1,51,2.55,2.7201,2.55628,5.27639,3682863
pinch_sinusoid,pinch_sweep_size_rand_sinusoid-20260624-142357,TesolloCubePinch,TesolloCubePinch-20260624-173716-cubepinch_sb_forcemagnitude_s8,force.magnitude,8,1,52,2.6,2.58545,2.55039,5.13584,3682863
pinch_sinusoid,pinch_sweep_size_rand_sinusoid-20260624-142357,TesolloCubePinch,TesolloCubePinch-20260624-173716-cubepinch_sb_forcemagnitude_s8,force.magnitude,8,1,53,2.65,2.5966,2.59434,5.19094,3682863
pinch_sinusoid,pinch_sweep_size_rand_sinusoid-20260624-142357,TesolloCubePinch,TesolloCubePinch-20260624-173716-cubepinch_sb_forcemagnitude_s8,force.magnitude,8,1,54,2.7,2.58923,2.57526,5.16449,3682863
pinch_sinusoid,pinch_sweep_size_rand_sinusoid-20260624-142357,TesolloCubePinch,TesolloCubePinch-20260624-173716-cubepinch_sb_forcemagnitude_s8,force.magnitude,8,1,55,2.75,2.56001,2.51926,5.07927,3682863
pinch_sinusoid,pinch_sweep_size_rand_sinusoid-20260624-142357,TesolloCubePinch,TesolloCubePinch-20260624-173716-cubepinch_sb_forcemagnitude_s8,force.magnitude,8,1,56,2.8,2.51365,2.38898,4.90263,3682863
pinch_sinusoid,pinch_sweep_size_rand_sinusoid-20260624-142357,TesolloCubePinch,TesolloCubePinch-20260624-173716-cubepinch_sb_forcemagnitude_s8,force.magnitude,8,1,57,2.85,2.24084,2.29297,4.5338,3682863
pinch_sinusoid,pinch_sweep_size_rand_sinusoid-20260624-142357,TesolloCubePinch,TesolloCubePinch-20260624-173716-cubepinch_sb_forcemagnitude_s8,force.magnitude,8,1,58,2.9,2.08457,2.25436,4.33893,3682863
pinch_sinusoid,pinch_sweep_size_rand_sinusoid-20260624-142357,TesolloCubePinch,TesolloCubePinch-20260624-173716-cubepinch_sb_forcemagnitude_s8,force.magnitude,8,1,59,2.95,1.95965,2.2359,4.19554,3682863
pinch_sinusoid,pinch_sweep_size_rand_sinusoid-20260624-142357,TesolloCubePinch,TesolloCubePinch-20260624-173716-cubepinch_sb_forcemagnitude_s8,force.magnitude,8,1,60,3.0,1.85266,2.35095,4.20361,3682863
pinch_sinusoid,pinch_sweep_size_rand_sinusoid-20260624-142357,TesolloCubePinch,TesolloCubePinch-20260624-173716-cubepinch_sb_forcemagnitude_s8,force.magnitude,8,1,61,3.05,1.7317,1.8363,3.56799,3682863
pinch_sinusoid,pinch_sweep_size_rand_sinusoid-20260624-142357,TesolloCubePinch,TesolloCubePinch-20260624-173716-cubepinch_sb_forcemagnitude_s8,force.magnitude,8,1,62,3.1,1.72514,1.76921,3.49435,3682863
pinch_sinusoid,pinch_sweep_size_rand_sinusoid-20260624-142357,TesolloCubePinch,TesolloCubePinch-20260624-173716-cubepinch_sb_forcemagnitude_s8,force.magnitude,8,1,63,3.15,1.6704,1.5615,3.2319,3682863
pinch_sinusoid,pinch_sweep_size_rand_sinusoid-20260624-142357,TesolloCubePinch,TesolloCubePinch-20260624-173716-cubepinch_sb_forcemagnitude_s8,force.magnitude,8,1,64,3.2,1.60588,1.42954,3.03542,3682863
pinch_sinusoid,pinch_sweep_size_rand_sinusoid-20260624-142357,TesolloCubePinch,TesolloCubePinch-20260624-173716-cubepinch_sb_forcemagnitude_s8,force.magnitude,8,1,65,3.25,1.47681,1.33218,2.80899,3682863
pinch_sinusoid,pinch_sweep_size_rand_sinusoid-20260624-142357,TesolloCubePinch,TesolloCubePinch-20260624-173716-cubepinch_sb_forcemagnitude_s8,force.magnitude,8,1,66,3.3,1.34919,1.24533,2.59452,3682863
pinch_sinusoid,pinch_sweep_size_rand_sinusoid-20260624-142357,TesolloCubePinch,TesolloCubePinch-20260624-173716-cubepinch_sb_forcemagnitude_s8,force.magnitude,8,1,67,3.35,1.23144,1.15074,2.38217,3682863
pinch_sinusoid,pinch_sweep_size_rand_sinusoid-20260624-142357,TesolloCubePinch,TesolloCubePinch-20260624-173716-cubepinch_sb_forcemagnitude_s8,force.magnitude,8,1,68,3.4,1.13617,1.07142,2.20759,3682863
pinch_sinusoid,pinch_sweep_size_rand_sinusoid-20260624-142357,TesolloCubePinch,TesolloCubePinch-20260624-173716-cubepinch_sb_forcemagnitude_s8,force.magnitude,8,1,69,3.45,1.07995,1.01365,2.0936,3682863
pinch_sinusoid,pinch_sweep_size_rand_sinusoid-20260624-142357,TesolloCubePinch,TesolloCubePinch-20260624-173716-cubepinch_sb_forcemagnitude_s8,force.magnitude,8,1,70,3.5,1.04516,0.97565,2.02081,3682863
pinch_sinusoid,pinch_sweep_size_rand_sinusoid-20260624-142357,TesolloCubePinch,TesolloCubePinch-20260624-173716-cubepinch_sb_forcemagnitude_s8,force.magnitude,8,1,71,3.55,1.00779,0.95437,1.96217,3682863
pinch_sinusoid,pinch_sweep_size_rand_sinusoid-20260624-142357,TesolloCubePinch,TesolloCubePinch-20260624-173716-cubepinch_sb_forcemagnitude_s8,force.magnitude,8,1,72,3.6,1.00057,0.94936,1.94993,3682863
pinch_sinusoid,pinch_sweep_size_rand_sinusoid-20260624-142357,TesolloCubePinch,TesolloCubePinch-20260624-173716-cubepinch_sb_forcemagnitude_s8,force.magnitude,8,1,73,3.65,1.00819,0.96309,1.97128,3682863
pinch_sinusoid,pinch_sweep_size_rand_sinusoid-20260624-142357,TesolloCubePinch,TesolloCubePinch-20260624-173716-cubepinch_sb_forcemagnitude_s8,force.magnitude,8,1,74,3.7,1.03589,0.99075,2.02665,3682863
pinch_sinusoid,pinch_sweep_size_rand_sinusoid-20260624-142357,TesolloCubePinch,TesolloCubePinch-20260624-173716-cubepinch_sb_forcemagnitude_s8,force.magnitude,8,1,75,3.75,1.08141,1.03715,2.11855,3682863
pinch_sinusoid,pinch_sweep_size_rand_sinusoid-20260624-142357,TesolloCubePinch,TesolloCubePinch-20260624-173716-cubepinch_sb_forcemagnitude_s8,force.magnitude,8,1,76,3.8,1.14579,1.08543,2.23123,3682863
pinch_sinusoid,pinch_sweep_size_rand_sinusoid-20260624-142357,TesolloCubePinch,TesolloCubePinch-20260624-173716-cubepinch_sb_forcemagnitude_s8,force.magnitude,8,1,77,3.85,1.23357,1.14728,2.38085,3682863
pinch_sinusoid,pinch_sweep_size_rand_sinusoid-20260624-142357,TesolloCubePinch,TesolloCubePinch-20260624-173716-cubepinch_sb_forcemagnitude_s8,force.magnitude,8,1,78,3.9,1.32826,1.24082,2.56908,3682863
pinch_sinusoid,pinch_sweep_size_rand_sinusoid-20260624-142357,TesolloCubePinch,TesolloCubePinch-20260624-173716-cubepinch_sb_forcemagnitude_s8,force.magnitude,8,1,79,3.95,1.43494,1.32602,2.76096,3682863
pinch_sinusoid,pinch_sweep_size_rand_sinusoid-20260624-142357,TesolloCubePinch,TesolloCubePinch-20260624-173716-cubepinch_sb_forcemagnitude_s8,force.magnitude,8,2,0,0.0,0.0,0.0,0.0,3682863
pinch_sinusoid,pinch_sweep_size_rand_sinusoid-20260624-142357,TesolloCubePinch,TesolloCubePinch-20260624-173716-cubepinch_sb_forcemagnitude_s8,force.magnitude,8,2,1,0.05,0.0,0.0,0.0,3682863
pinch_sinusoid,pinch_sweep_size_rand_sinusoid-20260624-142357,TesolloCubePinch,TesolloCubePinch-20260624-173716-cubepinch_sb_forcemagnitude_s8,force.magnitude,8,2,2,0.1,0.0,0.0,0.0,3682863
pinch_sinusoid,pinch_sweep_size_rand_sinusoid-20260624-142357,TesolloCubePinch,TesolloCubePinch-20260624-173716-cubepinch_sb_forcemagnitude_s8,force.magnitude,8,2,3,0.15,0.0,0.0,0.0,3682863
pinch_sinusoid,pinch_sweep_size_rand_sinusoid-20260624-142357,TesolloCubePinch,TesolloCubePinch-20260624-173716-cubepinch_sb_forcemagnitude_s8,force.magnitude,8,2,4,0.2,0.0,0.0,0.0,3682863
pinch_sinusoid,pinch_sweep_size_rand_sinusoid-20260624-142357,TesolloCubePinch,TesolloCubePinch-20260624-173716-cubepinch_sb_forcemagnitude_s8,force.magnitude,8,2,5,0.25,2.62808,0.0,2.62808,3682863
pinch_sinusoid,pinch_sweep_size_rand_sinusoid-20260624-142357,TesolloCubePinch,TesolloCubePinch-20260624-173716-cubepinch_sb_forcemagnitude_s8,force.magnitude,8,2,6,0.3,0.0,0.0,0.0,3682863
pinch_sinusoid,pinch_sweep_size_rand_sinusoid-20260624-142357,TesolloCubePinch,TesolloCubePinch-20260624-173716-cubepinch_sb_forcemagnitude_s8,force.magnitude,8,2,7,0.35,1.25679,0.39493,1.65172,3682863
pinch_sinusoid,pinch_sweep_size_rand_sinusoid-20260624-142357,TesolloCubePinch,TesolloCubePinch-20260624-173716-cubepinch_sb_forcemagnitude_s8,force.magnitude,8,2,8,0.4,0.0,0.53687,0.53687,3682863
pinch_sinusoid,pinch_sweep_size_rand_sinusoid-20260624-142357,TesolloCubePinch,TesolloCubePinch-20260624-173716-cubepinch_sb_forcemagnitude_s8,force.magnitude,8,2,9,0.45,1.41883,0.5793,1.99812,3682863
pinch_sinusoid,pinch_sweep_size_rand_sinusoid-20260624-142357,TesolloCubePinch,TesolloCubePinch-20260624-173716-cubepinch_sb_forcemagnitude_s8,force.magnitude,8,2,10,0.5,2.40184,0.7428,3.14464,3682863
pinch_sinusoid,pinch_sweep_size_rand_sinusoid-20260624-142357,TesolloCubePinch,TesolloCubePinch-20260624-173716-cubepinch_sb_forcemagnitude_s8,force.magnitude,8,2,11,0.55,1.76174,0.79128,2.55302,3682863
pinch_sinusoid,pinch_sweep_size_rand_sinusoid-20260624-142357,TesolloCubePinch,TesolloCubePinch-20260624-173716-cubepinch_sb_forcemagnitude_s8,force.magnitude,8,2,12,0.6,1.83079,1.14888,2.97967,3682863
pinch_sinusoid,pinch_sweep_size_rand_sinusoid-20260624-142357,TesolloCubePinch,TesolloCubePinch-20260624-173716-cubepinch_sb_forcemagnitude_s8,force.magnitude,8,2,13,0.65,1.90101,1.25254,3.15355,3682863
pinch_sinusoid,pinch_sweep_size_rand_sinusoid-20260624-142357,TesolloCubePinch,TesolloCubePinch-20260624-173716-cubepinch_sb_forcemagnitude_s8,force.magnitude,8,2,14,0.7,2.01181,1.38095,3.39276,3682863
pinch_sinusoid,pinch_sweep_size_rand_sinusoid-20260624-142357,TesolloCubePinch,TesolloCubePinch-20260624-173716-cubepinch_sb_forcemagnitude_s8,force.magnitude,8,2,15,0.75,2.12872,1.66783,3.79655,3682863
pinch_sinusoid,pinch_sweep_size_rand_sinusoid-20260624-142357,TesolloCubePinch,TesolloCubePinch-20260624-173716-cubepinch_sb_forcemagnitude_s8,force.magnitude,8,2,16,0.8,2.18109,1.82716,4.00825,3682863
pinch_sinusoid,pinch_sweep_size_rand_sinusoid-20260624-142357,TesolloCubePinch,TesolloCubePinch-20260624-173716-cubepinch_sb_forcemagnitude_s8,force.magnitude,8,2,17,0.85,2.33925,1.83962,4.17887,3682863
pinch_sinusoid,pinch_sweep_size_rand_sinusoid-20260624-142357,TesolloCubePinch,TesolloCubePinch-20260624-173716-cubepinch_sb_forcemagnitude_s8,force.magnitude,8,2,18,0.9,2.32439,2.02692,4.35131,3682863
pinch_sinusoid,pinch_sweep_size_rand_sinusoid-20260624-142357,TesolloCubePinch,TesolloCubePinch-20260624-173716-cubepinch_sb_forcemagnitude_s8,force.magnitude,8,2,19,0.95,2.28738,2.22397,4.51134,3682863
pinch_sinusoid,pinch_sweep_size_rand_sinusoid-20260624-142357,TesolloCubePinch,TesolloCubePinch-20260624-173716-cubepinch_sb_forcemagnitude_s8,force.magnitude,8,2,20,1.0,2.26861,2.30104,4.56966,3682863
pinch_sinusoid,pinch_sweep_size_rand_sinusoid-20260624-142357,TesolloCubePinch,TesolloCubePinch-20260624-173716-cubepinch_sb_forcemagnitude_s8,force.magnitude,8,2,21,1.05,2.28634,2.38076,4.6671,3682863
pinch_sinusoid,pinch_sweep_size_rand_sinusoid-20260624-142357,TesolloCubePinch,TesolloCubePinch-20260624-173716-cubepinch_sb_forcemagnitude_s8,force.magnitude,8,2,22,1.1,2.38601,2.50583,4.89185,3682863
pinch_sinusoid,pinch_sweep_size_rand_sinusoid-20260624-142357,TesolloCubePinch,TesolloCubePinch-20260624-173716-cubepinch_sb_forcemagnitude_s8,force.magnitude,8,2,23,1.15,2.42804,2.62542,5.05346,3682863
pinch_sinusoid,pinch_sweep_size_rand_sinusoid-20260624-142357,TesolloCubePinch,TesolloCubePinch-20260624-173716-cubepinch_sb_forcemagnitude_s8,force.magnitude,8,2,24,1.2,2.44071,2.71377,5.15449,3682863
pinch_sinusoid,pinch_sweep_size_rand_sinusoid-20260624-142357,TesolloCubePinch,TesolloCubePinch-20260624-173716-cubepinch_sb_forcemagnitude_s8,force.magnitude,8,2,25,1.25,2.43177,2.75127,5.18304,3682863
pinch_sinusoid,pinch_sweep_size_rand_sinusoid-20260624-142357,TesolloCubePinch,TesolloCubePinch-20260624-173716-cubepinch_sb_forcemagnitude_s8,force.magnitude,8,2,26,1.3,2.38125,2.74647,5.12771,3682863
pinch_sinusoid,pinch_sweep_size_rand_sinusoid-20260624-142357,TesolloCubePinch,TesolloCubePinch-20260624-173716-cubepinch_sb_forcemagnitude_s8,force.magnitude,8,2,27,1.35,2.33993,2.6939,5.03383,3682863
pinch_sinusoid,pinch_sweep_size_rand_sinusoid-20260624-142357,TesolloCubePinch,TesolloCubePinch-20260624-173716-cubepinch_sb_forcemagnitude_s8,force.magnitude,8,2,28,1.4,2.34421,2.59615,4.94037,3682863
pinch_sinusoid,pinch_sweep_size_rand_sinusoid-20260624-142357,TesolloCubePinch,TesolloCubePinch-20260624-173716-cubepinch_sb_forcemagnitude_s8,force.magnitude,8,2,29,1.45,2.34783,2.47751,4.82534,3682863
pinch_sinusoid,pinch_sweep_size_rand_sinusoid-20260624-142357,TesolloCubePinch,TesolloCubePinch-20260624-173716-cubepinch_sb_forcemagnitude_s8,force.magnitude,8,2,30,1.5,2.34999,2.40352,4.75351,3682863
pinch_sinusoid,pinch_sweep_size_rand_sinusoid-20260624-142357,TesolloCubePinch,TesolloCubePinch-20260624-173716-cubepinch_sb_forcemagnitude_s8,force.magnitude,8,2,31,1.55,2.34566,2.30227,4.64793,3682863
pinch_sinusoid,pinch_sweep_size_rand_sinusoid-20260624-142357,TesolloCubePinch,TesolloCubePinch-20260624-173716-cubepinch_sb_forcemagnitude_s8,force.magnitude,8,2,32,1.6,2.22803,2.24435,4.47238,3682863
pinch_sinusoid,pinch_sweep_size_rand_sinusoid-20260624-142357,TesolloCubePinch,TesolloCubePinch-20260624-173716-cubepinch_sb_forcemagnitude_s8,force.magnitude,8,2,33,1.65,1.86401,2.04258,3.90658,3682863
pinch_sinusoid,pinch_sweep_size_rand_sinusoid-20260624-142357,TesolloCubePinch,TesolloCubePinch-20260624-173716-cubepinch_sb_forcemagnitude_s8,force.magnitude,8,2,34,1.7,1.8299,1.75423,3.58413,3682863
pinch_sinusoid,pinch_sweep_size_rand_sinusoid-20260624-142357,TesolloCubePinch,TesolloCubePinch-20260624-173716-cubepinch_sb_forcemagnitude_s8,force.magnitude,8,2,35,1.75,1.79043,1.55963,3.35005,3682863
pinch_sinusoid,pinch_sweep_size_rand_sinusoid-20260624-142357,TesolloCubePinch,TesolloCubePinch-20260624-173716-cubepinch_sb_forcemagnitude_s8,force.magnitude,8,2,36,1.8,1.718,1.48613,3.20413,3682863
pinch_sinusoid,pinch_sweep_size_rand_sinusoid-20260624-142357,TesolloCubePinch,TesolloCubePinch-20260624-173716-cubepinch_sb_forcemagnitude_s8,force.magnitude,8,2,37,1.85,1.62927,1.51938,3.14865,3682863
pinch_sinusoid,pinch_sweep_size_rand_sinusoid-20260624-142357,TesolloCubePinch,TesolloCubePinch-20260624-173716-cubepinch_sb_forcemagnitude_s8,force.magnitude,8,2,38,1.9,1.48132,1.37,2.85132,3682863
pinch_sinusoid,pinch_sweep_size_rand_sinusoid-20260624-142357,TesolloCubePinch,TesolloCubePinch-20260624-173716-cubepinch_sb_forcemagnitude_s8,force.magnitude,8,2,39,1.95,1.35467,1.25462,2.60929,3682863
pinch_sinusoid,pinch_sweep_size_rand_sinusoid-20260624-142357,TesolloCubePinch,TesolloCubePinch-20260624-173716-cubepinch_sb_forcemagnitude_s8,force.magnitude,8,2,40,2.0,1.24396,1.18479,2.42875,3682863
pinch_sinusoid,pinch_sweep_size_rand_sinusoid-20260624-142357,TesolloCubePinch,TesolloCubePinch-20260624-173716-cubepinch_sb_forcemagnitude_s8,force.magnitude,8,2,41,2.05,1.14202,1.10971,2.25173,3682863
pinch_sinusoid,pinch_sweep_size_rand_sinusoid-20260624-142357,TesolloCubePinch,TesolloCubePinch-20260624-173716-cubepinch_sb_forcemagnitude_s8,force.magnitude,8,2,42,2.1,1.06619,1.05533,2.12153,3682863
pinch_sinusoid,pinch_sweep_size_rand_sinusoid-20260624-142357,TesolloCubePinch,TesolloCubePinch-20260624-173716-cubepinch_sb_forcemagnitude_s8,force.magnitude,8,2,43,2.15,1.01226,1.0118,2.02406,3682863
pinch_sinusoid,pinch_sweep_size_rand_sinusoid-20260624-142357,TesolloCubePinch,TesolloCubePinch-20260624-173716-cubepinch_sb_forcemagnitude_s8,force.magnitude,8,2,44,2.2,0.98161,0.98587,1.96748,3682863
pinch_sinusoid,pinch_sweep_size_rand_sinusoid-20260624-142357,TesolloCubePinch,TesolloCubePinch-20260624-173716-cubepinch_sb_forcemagnitude_s8,force.magnitude,8,2,45,2.25,0.97692,0.97881,1.95572,3682863
pinch_sinusoid,pinch_sweep_size_rand_sinusoid-20260624-142357,TesolloCubePinch,TesolloCubePinch-20260624-173716-cubepinch_sb_forcemagnitude_s8,force.magnitude,8,2,46,2.3,0.99099,0.98958,1.98057,3682863
pinch_sinusoid,pinch_sweep_size_rand_sinusoid-20260624-142357,TesolloCubePinch,TesolloCubePinch-20260624-173716-cubepinch_sb_forcemagnitude_s8,force.magnitude,8,2,47,2.35,1.01963,1.01753,2.03716,3682863
pinch_sinusoid,pinch_sweep_size_rand_sinusoid-20260624-142357,TesolloCubePinch,TesolloCubePinch-20260624-173716-cubepinch_sb_forcemagnitude_s8,force.magnitude,8,2,48,2.4,1.06895,1.0621,2.13105,3682863
pinch_sinusoid,pinch_sweep_size_rand_sinusoid-20260624-142357,TesolloCubePinch,TesolloCubePinch-20260624-173716-cubepinch_sb_forcemagnitude_s8,force.magnitude,8,2,49,2.45,1.1364,1.08598,2.22238,3682863
pinch_sinusoid,pinch_sweep_size_rand_sinusoid-20260624-142357,TesolloCubePinch,TesolloCubePinch-20260624-173716-cubepinch_sb_forcemagnitude_s8,force.magnitude,8,2,50,2.5,1.22669,1.14617,2.37286,3682863
pinch_sinusoid,pinch_sweep_size_rand_sinusoid-20260624-142357,TesolloCubePinch,TesolloCubePinch-20260624-173716-cubepinch_sb_forcemagnitude_s8,force.magnitude,8,2,51,2.55,1.32367,1.24105,2.56471,3682863
pinch_sinusoid,pinch_sweep_size_rand_sinusoid-20260624-142357,TesolloCubePinch,TesolloCubePinch-20260624-173716-cubepinch_sb_forcemagnitude_s8,force.magnitude,8,2,52,2.6,1.43121,1.31114,2.74234,3682863
pinch_sinusoid,pinch_sweep_size_rand_sinusoid-20260624-142357,TesolloCubePinch,TesolloCubePinch-20260624-173716-cubepinch_sb_forcemagnitude_s8,force.magnitude,8,2,53,2.65,1.55102,1.41202,2.96303,3682863
pinch_sinusoid,pinch_sweep_size_rand_sinusoid-20260624-142357,TesolloCubePinch,TesolloCubePinch-20260624-173716-cubepinch_sb_forcemagnitude_s8,force.magnitude,8,2,54,2.7,1.69155,1.509,3.20055,3682863
pinch_sinusoid,pinch_sweep_size_rand_sinusoid-20260624-142357,TesolloCubePinch,TesolloCubePinch-20260624-173716-cubepinch_sb_forcemagnitude_s8,force.magnitude,8,2,55,2.75,1.95973,1.7158,3.67553,3682863
pinch_sinusoid,pinch_sweep_size_rand_sinusoid-20260624-142357,TesolloCubePinch,TesolloCubePinch-20260624-173716-cubepinch_sb_forcemagnitude_s8,force.magnitude,8,2,56,2.8,2.2681,1.72137,3.98947,3682863
pinch_sinusoid,pinch_sweep_size_rand_sinusoid-20260624-142357,TesolloCubePinch,TesolloCubePinch-20260624-173716-cubepinch_sb_forcemagnitude_s8,force.magnitude,8,2,57,2.85,2.25677,1.96956,4.22633,3682863
pinch_sinusoid,pinch_sweep_size_rand_sinusoid-20260624-142357,TesolloCubePinch,TesolloCubePinch-20260624-173716-cubepinch_sb_forcemagnitude_s8,force.magnitude,8,2,58,2.9,2.45277,2.11772,4.57048,3682863
pinch_sinusoid,pinch_sweep_size_rand_sinusoid-20260624-142357,TesolloCubePinch,TesolloCubePinch-20260624-173716-cubepinch_sb_forcemagnitude_s8,force.magnitude,8,2,59,2.95,2.50972,2.1302,4.63991,3682863
pinch_sinusoid,pinch_sweep_size_rand_sinusoid-20260624-142357,TesolloCubePinch,TesolloCubePinch-20260624-173716-cubepinch_sb_forcemagnitude_s8,force.magnitude,8,2,60,3.0,2.72214,2.18275,4.90488,3682863
pinch_sinusoid,pinch_sweep_size_rand_sinusoid-20260624-142357,TesolloCubePinch,TesolloCubePinch-20260624-173716-cubepinch_sb_forcemagnitude_s8,force.magnitude,8,2,61,3.05,2.8597,2.23691,5.09661,3682863
pinch_sinusoid,pinch_sweep_size_rand_sinusoid-20260624-142357,TesolloCubePinch,TesolloCubePinch-20260624-173716-cubepinch_sb_forcemagnitude_s8,force.magnitude,8,2,62,3.1,2.86708,2.29524,5.16231,3682863
pinch_sinusoid,pinch_sweep_size_rand_sinusoid-20260624-142357,TesolloCubePinch,TesolloCubePinch-20260624-173716-cubepinch_sb_forcemagnitude_s8,force.magnitude,8,2,63,3.15,2.83458,2.39618,5.23076,3682863
pinch_sinusoid,pinch_sweep_size_rand_sinusoid-20260624-142357,TesolloCubePinch,TesolloCubePinch-20260624-173716-cubepinch_sb_forcemagnitude_s8,force.magnitude,8,2,64,3.2,2.73763,2.51073,5.24836,3682863
pinch_sinusoid,pinch_sweep_size_rand_sinusoid-20260624-142357,TesolloCubePinch,TesolloCubePinch-20260624-173716-cubepinch_sb_forcemagnitude_s8,force.magnitude,8,2,65,3.25,2.62609,2.51475,5.14084,3682863
pinch_sinusoid,pinch_sweep_size_rand_sinusoid-20260624-142357,TesolloCubePinch,TesolloCubePinch-20260624-173716-cubepinch_sb_forcemagnitude_s8,force.magnitude,8,2,66,3.3,2.64601,2.54832,5.19433,3682863
pinch_sinusoid,pinch_sweep_size_rand_sinusoid-20260624-142357,TesolloCubePinch,TesolloCubePinch-20260624-173716-cubepinch_sb_forcemagnitude_s8,force.magnitude,8,2,67,3.35,2.62619,2.53536,5.16156,3682863
pinch_sinusoid,pinch_sweep_size_rand_sinusoid-20260624-142357,TesolloCubePinch,TesolloCubePinch-20260624-173716-cubepinch_sb_forcemagnitude_s8,force.magnitude,8,2,68,3.4,2.58692,2.40984,4.99676,3682863
pinch_sinusoid,pinch_sweep_size_rand_sinusoid-20260624-142357,TesolloCubePinch,TesolloCubePinch-20260624-173716-cubepinch_sb_forcemagnitude_s8,force.magnitude,8,2,69,3.45,2.44139,2.37484,4.81623,3682863
pinch_sinusoid,pinch_sweep_size_rand_sinusoid-20260624-142357,TesolloCubePinch,TesolloCubePinch-20260624-173716-cubepinch_sb_forcemagnitude_s8,force.magnitude,8,2,70,3.5,2.17459,2.32271,4.4973,3682863
pinch_sinusoid,pinch_sweep_size_rand_sinusoid-20260624-142357,TesolloCubePinch,TesolloCubePinch-20260624-173716-cubepinch_sb_forcemagnitude_s8,force.magnitude,8,2,71,3.55,2.03646,2.26605,4.30251,3682863
pinch_sinusoid,pinch_sweep_size_rand_sinusoid-20260624-142357,TesolloCubePinch,TesolloCubePinch-20260624-173716-cubepinch_sb_forcemagnitude_s8,force.magnitude,8,2,72,3.6,1.94348,2.24327,4.18676,3682863
pinch_sinusoid,pinch_sweep_size_rand_sinusoid-20260624-142357,TesolloCubePinch,TesolloCubePinch-20260624-173716-cubepinch_sb_forcemagnitude_s8,force.magnitude,8,2,73,3.65,1.85404,2.24205,4.09609,3682863
pinch_sinusoid,pinch_sweep_size_rand_sinusoid-20260624-142357,TesolloCubePinch,TesolloCubePinch-20260624-173716-cubepinch_sb_forcemagnitude_s8,force.magnitude,8,2,74,3.7,1.74955,1.92647,3.67601,3682863
pinch_sinusoid,pinch_sweep_size_rand_sinusoid-20260624-142357,TesolloCubePinch,TesolloCubePinch-20260624-173716-cubepinch_sb_forcemagnitude_s8,force.magnitude,8,2,75,3.75,1.72,1.81886,3.53886,3682863
pinch_sinusoid,pinch_sweep_size_rand_sinusoid-20260624-142357,TesolloCubePinch,TesolloCubePinch-20260624-173716-cubepinch_sb_forcemagnitude_s8,force.magnitude,8,2,76,3.8,1.65921,1.62652,3.28573,3682863
pinch_sinusoid,pinch_sweep_size_rand_sinusoid-20260624-142357,TesolloCubePinch,TesolloCubePinch-20260624-173716-cubepinch_sb_forcemagnitude_s8,force.magnitude,8,2,77,3.85,1.59213,1.43694,3.02907,3682863
pinch_sinusoid,pinch_sweep_size_rand_sinusoid-20260624-142357,TesolloCubePinch,TesolloCubePinch-20260624-173716-cubepinch_sb_forcemagnitude_s8,force.magnitude,8,2,78,3.9,1.48544,1.3354,2.82084,3682863
pinch_sinusoid,pinch_sweep_size_rand_sinusoid-20260624-142357,TesolloCubePinch,TesolloCubePinch-20260624-173716-cubepinch_sb_forcemagnitude_s8,force.magnitude,8,2,79,3.95,1.353,1.24088,2.59388,3682863
pinch_sinusoid,pinch_sweep_size_rand_sinusoid-20260624-142357,TesolloCubePinch,TesolloCubePinch-20260624-173716-cubepinch_sb_forcemagnitude_s8,force.magnitude,8,3,0,0.0,0.0,0.0,0.0,3682863
pinch_sinusoid,pinch_sweep_size_rand_sinusoid-20260624-142357,TesolloCubePinch,TesolloCubePinch-20260624-173716-cubepinch_sb_forcemagnitude_s8,force.magnitude,8,3,1,0.05,0.0,0.0,0.0,3682863
pinch_sinusoid,pinch_sweep_size_rand_sinusoid-20260624-142357,TesolloCubePinch,TesolloCubePinch-20260624-173716-cubepinch_sb_forcemagnitude_s8,force.magnitude,8,3,2,0.1,0.0,0.0,0.0,3682863
pinch_sinusoid,pinch_sweep_size_rand_sinusoid-20260624-142357,TesolloCubePinch,TesolloCubePinch-20260624-173716-cubepinch_sb_forcemagnitude_s8,force.magnitude,8,3,3,0.15,0.0,0.0,0.0,3682863
pinch_sinusoid,pinch_sweep_size_rand_sinusoid-20260624-142357,TesolloCubePinch,TesolloCubePinch-20260624-173716-cubepinch_sb_forcemagnitude_s8,force.magnitude,8,3,4,0.2,0.0,0.0,0.0,3682863
pinch_sinusoid,pinch_sweep_size_rand_sinusoid-20260624-142357,TesolloCubePinch,TesolloCubePinch-20260624-173716-cubepinch_sb_forcemagnitude_s8,force.magnitude,8,3,5,0.25,0.0,0.0,0.0,3682863
pinch_sinusoid,pinch_sweep_size_rand_sinusoid-20260624-142357,TesolloCubePinch,TesolloCubePinch-20260624-173716-cubepinch_sb_forcemagnitude_s8,force.magnitude,8,3,6,0.3,2.56419,0.85801,3.4222,3682863
pinch_sinusoid,pinch_sweep_size_rand_sinusoid-20260624-142357,TesolloCubePinch,TesolloCubePinch-20260624-173716-cubepinch_sb_forcemagnitude_s8,force.magnitude,8,3,7,0.35,2.75935,0.92136,3.68071,3682863
pinch_sinusoid,pinch_sweep_size_rand_sinusoid-20260624-142357,TesolloCubePinch,TesolloCubePinch-20260624-173716-cubepinch_sb_forcemagnitude_s8,force.magnitude,8,3,8,0.4,2.43327,0.97939,3.41266,3682863
pinch_sinusoid,pinch_sweep_size_rand_sinusoid-20260624-142357,TesolloCubePinch,TesolloCubePinch-20260624-173716-cubepinch_sb_forcemagnitude_s8,force.magnitude,8,3,9,0.45,0.0,0.83293,0.83293,3682863
pinch_sinusoid,pinch_sweep_size_rand_sinusoid-20260624-142357,TesolloCubePinch,TesolloCubePinch-20260624-173716-cubepinch_sb_forcemagnitude_s8,force.magnitude,8,3,10,0.5,1.41716,0.95332,2.37047,3682863
pinch_sinusoid,pinch_sweep_size_rand_sinusoid-20260624-142357,TesolloCubePinch,TesolloCubePinch-20260624-173716-cubepinch_sb_forcemagnitude_s8,force.magnitude,8,3,11,0.55,2.92543,0.90323,3.82866,3682863
pinch_sinusoid,pinch_sweep_size_rand_sinusoid-20260624-142357,TesolloCubePinch,TesolloCubePinch-20260624-173716-cubepinch_sb_forcemagnitude_s8,force.magnitude,8,3,12,0.6,1.09825,0.68099,1.77923,3682863
pinch_sinusoid,pinch_sweep_size_rand_sinusoid-20260624-142357,TesolloCubePinch,TesolloCubePinch-20260624-173716-cubepinch_sb_forcemagnitude_s8,force.magnitude,8,3,13,0.65,1.68923,0.9752,2.66443,3682863
pinch_sinusoid,pinch_sweep_size_rand_sinusoid-20260624-142357,TesolloCubePinch,TesolloCubePinch-20260624-173716-cubepinch_sb_forcemagnitude_s8,force.magnitude,8,3,14,0.7,0.0,0.94009,0.94009,3682863
pinch_sinusoid,pinch_sweep_size_rand_sinusoid-20260624-142357,TesolloCubePinch,TesolloCubePinch-20260624-173716-cubepinch_sb_forcemagnitude_s8,force.magnitude,8,3,15,0.75,0.0,0.83504,0.83504,3682863
pinch_sinusoid,pinch_sweep_size_rand_sinusoid-20260624-142357,TesolloCubePinch,TesolloCubePinch-20260624-173716-cubepinch_sb_forcemagnitude_s8,force.magnitude,8,3,16,0.8,1.92533,0.52098,2.4463,3682863
pinch_sinusoid,pinch_sweep_size_rand_sinusoid-20260624-142357,TesolloCubePinch,TesolloCubePinch-20260624-173716-cubepinch_sb_forcemagnitude_s8,force.magnitude,8,3,17,0.85,1.15259,0.69363,1.84622,3682863
pinch_sinusoid,pinch_sweep_size_rand_sinusoid-20260624-142357,TesolloCubePinch,TesolloCubePinch-20260624-173716-cubepinch_sb_forcemagnitude_s8,force.magnitude,8,3,18,0.9,1.05172,0.91184,1.96355,3682863
pinch_sinusoid,pinch_sweep_size_rand_sinusoid-20260624-142357,TesolloCubePinch,TesolloCubePinch-20260624-173716-cubepinch_sb_forcemagnitude_s8,force.magnitude,8,3,19,0.95,1.07657,1.04949,2.12606,3682863
pinch_sinusoid,pinch_sweep_size_rand_sinusoid-20260624-142357,TesolloCubePinch,TesolloCubePinch-20260624-173716-cubepinch_sb_forcemagnitude_s8,force.magnitude,8,3,20,1.0,1.12984,1.07165,2.20149,3682863
pinch_sinusoid,pinch_sweep_size_rand_sinusoid-20260624-142357,TesolloCubePinch,TesolloCubePinch-20260624-173716-cubepinch_sb_forcemagnitude_s8,force.magnitude,8,3,21,1.05,1.19343,1.15805,2.35148,3682863
pinch_sinusoid,pinch_sweep_size_rand_sinusoid-20260624-142357,TesolloCubePinch,TesolloCubePinch-20260624-173716-cubepinch_sb_forcemagnitude_s8,force.magnitude,8,3,22,1.1,1.27617,1.24189,2.51806,3682863
pinch_sinusoid,pinch_sweep_size_rand_sinusoid-20260624-142357,TesolloCubePinch,TesolloCubePinch-20260624-173716-cubepinch_sb_forcemagnitude_s8,force.magnitude,8,3,23,1.15,1.38944,1.27985,2.66929,3682863
pinch_sinusoid,pinch_sweep_size_rand_sinusoid-20260624-142357,TesolloCubePinch,TesolloCubePinch-20260624-173716-cubepinch_sb_forcemagnitude_s8,force.magnitude,8,3,24,1.2,1.54442,1.26842,2.81284,3682863
pinch_sinusoid,pinch_sweep_size_rand_sinusoid-20260624-142357,TesolloCubePinch,TesolloCubePinch-20260624-173716-cubepinch_sb_forcemagnitude_s8,force.magnitude,8,3,25,1.25,1.74675,1.24539,2.99214,3682863
pinch_sinusoid,pinch_sweep_size_rand_sinusoid-20260624-142357,TesolloCubePinch,TesolloCubePinch-20260624-173716-cubepinch_sb_forcemagnitude_s8,force.magnitude,8,3,26,1.3,2.03018,1.42007,3.45025,3682863
pinch_sinusoid,pinch_sweep_size_rand_sinusoid-20260624-142357,TesolloCubePinch,TesolloCubePinch-20260624-173716-cubepinch_sb_forcemagnitude_s8,force.magnitude,8,3,27,1.35,2.12853,1.539,3.66753,3682863
pinch_sinusoid,pinch_sweep_size_rand_sinusoid-20260624-142357,TesolloCubePinch,TesolloCubePinch-20260624-173716-cubepinch_sb_forcemagnitude_s8,force.magnitude,8,3,28,1.4,2.22183,1.6713,3.89313,3682863
pinch_sinusoid,pinch_sweep_size_rand_sinusoid-20260624-142357,TesolloCubePinch,TesolloCubePinch-20260624-173716-cubepinch_sb_forcemagnitude_s8,force.magnitude,8,3,29,1.45,2.29604,2.01226,4.3083,3682863
pinch_sinusoid,pinch_sweep_size_rand_sinusoid-20260624-142357,TesolloCubePinch,TesolloCubePinch-20260624-173716-cubepinch_sb_forcemagnitude_s8,force.magnitude,8,3,30,1.5,2.33645,2.10867,4.44512,3682863
pinch_sinusoid,pinch_sweep_size_rand_sinusoid-20260624-142357,TesolloCubePinch,TesolloCubePinch-20260624-173716-cubepinch_sb_forcemagnitude_s8,force.magnitude,8,3,31,1.55,2.48205,2.15246,4.63452,3682863
pinch_sinusoid,pinch_sweep_size_rand_sinusoid-20260624-142357,TesolloCubePinch,TesolloCubePinch-20260624-173716-cubepinch_sb_forcemagnitude_s8,force.magnitude,8,3,32,1.6,2.78642,2.19735,4.98377,3682863
pinch_sinusoid,pinch_sweep_size_rand_sinusoid-20260624-142357,TesolloCubePinch,TesolloCubePinch-20260624-173716-cubepinch_sb_forcemagnitude_s8,force.magnitude,8,3,33,1.65,2.85286,2.24923,5.10209,3682863
pinch_sinusoid,pinch_sweep_size_rand_sinusoid-20260624-142357,TesolloCubePinch,TesolloCubePinch-20260624-173716-cubepinch_sb_forcemagnitude_s8,force.magnitude,8,3,34,1.7,2.85443,2.31764,5.17207,3682863
pinch_sinusoid,pinch_sweep_size_rand_sinusoid-20260624-142357,TesolloCubePinch,TesolloCubePinch-20260624-173716-cubepinch_sb_forcemagnitude_s8,force.magnitude,8,3,35,1.75,2.81212,2.45859,5.27071,3682863
pinch_sinusoid,pinch_sweep_size_rand_sinusoid-20260624-142357,TesolloCubePinch,TesolloCubePinch-20260624-173716-cubepinch_sb_forcemagnitude_s8,force.magnitude,8,3,36,1.8,2.7588,2.5901,5.3489,3682863
pinch_sinusoid,pinch_sweep_size_rand_sinusoid-20260624-142357,TesolloCubePinch,TesolloCubePinch-20260624-173716-cubepinch_sb_forcemagnitude_s8,force.magnitude,8,3,37,1.85,2.58842,2.68258,5.27099,3682863
pinch_sinusoid,pinch_sweep_size_rand_sinusoid-20260624-142357,TesolloCubePinch,TesolloCubePinch-20260624-173716-cubepinch_sb_forcemagnitude_s8,force.magnitude,8,3,38,1.9,2.49885,2.65581,5.15466,3682863
pinch_sinusoid,pinch_sweep_size_rand_sinusoid-20260624-142357,TesolloCubePinch,TesolloCubePinch-20260624-173716-cubepinch_sb_forcemagnitude_s8,force.magnitude,8,3,39,1.95,2.41264,2.66555,5.07819,3682863
pinch_sinusoid,pinch_sweep_size_rand_sinusoid-20260624-142357,TesolloCubePinch,TesolloCubePinch-20260624-173716-cubepinch_sb_forcemagnitude_s8,force.magnitude,8,3,40,2.0,2.29296,2.62921,4.92217,3682863
pinch_sinusoid,pinch_sweep_size_rand_sinusoid-20260624-142357,TesolloCubePinch,TesolloCubePinch-20260624-173716-cubepinch_sb_forcemagnitude_s8,force.magnitude,8,3,41,2.05,2.31495,2.53532,4.85027,3682863
pinch_sinusoid,pinch_sweep_size_rand_sinusoid-20260624-142357,TesolloCubePinch,TesolloCubePinch-20260624-173716-cubepinch_sb_forcemagnitude_s8,force.magnitude,8,3,42,2.1,2.3344,2.36392,4.69832,3682863
pinch_sinusoid,pinch_sweep_size_rand_sinusoid-20260624-142357,TesolloCubePinch,TesolloCubePinch-20260624-173716-cubepinch_sb_forcemagnitude_s8,force.magnitude,8,3,43,2.15,2.34478,2.28577,4.63055,3682863
pinch_sinusoid,pinch_sweep_size_rand_sinusoid-20260624-142357,TesolloCubePinch,TesolloCubePinch-20260624-173716-cubepinch_sb_forcemagnitude_s8,force.magnitude,8,3,44,2.2,2.3489,2.25436,4.60326,3682863
pinch_sinusoid,pinch_sweep_size_rand_sinusoid-20260624-142357,TesolloCubePinch,TesolloCubePinch-20260624-173716-cubepinch_sb_forcemagnitude_s8,force.magnitude,8,3,45,2.25,1.85837,2.05753,3.9159,3682863
pinch_sinusoid,pinch_sweep_size_rand_sinusoid-20260624-142357,TesolloCubePinch,TesolloCubePinch-20260624-173716-cubepinch_sb_forcemagnitude_s8,force.magnitude,8,3,46,2.3,1.82247,1.80365,3.62613,3682863
pinch_sinusoid,pinch_sweep_size_rand_sinusoid-20260624-142357,TesolloCubePinch,TesolloCubePinch-20260624-173716-cubepinch_sb_forcemagnitude_s8,force.magnitude,8,3,47,2.35,1.79358,1.73478,3.52836,3682863
pinch_sinusoid,pinch_sweep_size_rand_sinusoid-20260624-142357,TesolloCubePinch,TesolloCubePinch-20260624-173716-cubepinch_sb_forcemagnitude_s8,force.magnitude,8,3,48,2.4,1.70422,1.66606,3.37028,3682863
pinch_sinusoid,pinch_sweep_size_rand_sinusoid-20260624-142357,TesolloCubePinch,TesolloCubePinch-20260624-173716-cubepinch_sb_forcemagnitude_s8,force.magnitude,8,3,49,2.45,1.61188,1.4695,3.08138,3682863
pinch_sinusoid,pinch_sweep_size_rand_sinusoid-20260624-142357,TesolloCubePinch,TesolloCubePinch-20260624-173716-cubepinch_sb_forcemagnitude_s8,force.magnitude,8,3,50,2.5,1.50288,1.3441,2.84698,3682863
pinch_sinusoid,pinch_sweep_size_rand_sinusoid-20260624-142357,TesolloCubePinch,TesolloCubePinch-20260624-173716-cubepinch_sb_forcemagnitude_s8,force.magnitude,8,3,51,2.55,1.37564,1.25706,2.6327,3682863
pinch_sinusoid,pinch_sweep_size_rand_sinusoid-20260624-142357,TesolloCubePinch,TesolloCubePinch-20260624-173716-cubepinch_sb_forcemagnitude_s8,force.magnitude,8,3,52,2.6,1.25722,1.17741,2.43462,3682863
pinch_sinusoid,pinch_sweep_size_rand_sinusoid-20260624-142357,TesolloCubePinch,TesolloCubePinch-20260624-173716-cubepinch_sb_forcemagnitude_s8,force.magnitude,8,3,53,2.65,1.15911,1.10824,2.26736,3682863
pinch_sinusoid,pinch_sweep_size_rand_sinusoid-20260624-142357,TesolloCubePinch,TesolloCubePinch-20260624-173716-cubepinch_sb_forcemagnitude_s8,force.magnitude,8,3,54,2.7,1.08159,1.04604,2.12763,3682863
pinch_sinusoid,pinch_sweep_size_rand_sinusoid-20260624-142357,TesolloCubePinch,TesolloCubePinch-20260624-173716-cubepinch_sb_forcemagnitude_s8,force.magnitude,8,3,55,2.75,1.02756,1.00206,2.02962,3682863
pinch_sinusoid,pinch_sweep_size_rand_sinusoid-20260624-142357,TesolloCubePinch,TesolloCubePinch-20260624-173716-cubepinch_sb_forcemagnitude_s8,force.magnitude,8,3,56,2.8,1.00302,0.97585,1.97886,3682863
pinch_sinusoid,pinch_sweep_size_rand_sinusoid-20260624-142357,TesolloCubePinch,TesolloCubePinch-20260624-173716-cubepinch_sb_forcemagnitude_s8,force.magnitude,8,3,57,2.85,0.99362,0.96801,1.96163,3682863
pinch_sinusoid,pinch_sweep_size_rand_sinusoid-20260624-142357,TesolloCubePinch,TesolloCubePinch-20260624-173716-cubepinch_sb_forcemagnitude_s8,force.magnitude,8,3,58,2.9,0.99696,0.97689,1.97385,3682863
pinch_sinusoid,pinch_sweep_size_rand_sinusoid-20260624-142357,TesolloCubePinch,TesolloCubePinch-20260624-173716-cubepinch_sb_forcemagnitude_s8,force.magnitude,8,3,59,2.95,1.0213,1.00415,2.02545,3682863
pinch_sinusoid,pinch_sweep_size_rand_sinusoid-20260624-142357,TesolloCubePinch,TesolloCubePinch-20260624-173716-cubepinch_sb_forcemagnitude_s8,force.magnitude,8,3,60,3.0,1.06601,1.04855,2.11456,3682863
pinch_sinusoid,pinch_sweep_size_rand_sinusoid-20260624-142357,TesolloCubePinch,TesolloCubePinch-20260624-173716-cubepinch_sb_forcemagnitude_s8,force.magnitude,8,3,61,3.05,1.13151,1.07954,2.21106,3682863
pinch_sinusoid,pinch_sweep_size_rand_sinusoid-20260624-142357,TesolloCubePinch,TesolloCubePinch-20260624-173716-cubepinch_sb_forcemagnitude_s8,force.magnitude,8,3,62,3.1,1.21567,1.1286,2.34426,3682863
pinch_sinusoid,pinch_sweep_size_rand_sinusoid-20260624-142357,TesolloCubePinch,TesolloCubePinch-20260624-173716-cubepinch_sb_forcemagnitude_s8,force.magnitude,8,3,63,3.15,1.31778,1.22531,2.54309,3682863
pinch_sinusoid,pinch_sweep_size_rand_sinusoid-20260624-142357,TesolloCubePinch,TesolloCubePinch-20260624-173716-cubepinch_sb_forcemagnitude_s8,force.magnitude,8,3,64,3.2,1.42619,1.30153,2.72772,3682863
pinch_sinusoid,pinch_sweep_size_rand_sinusoid-20260624-142357,TesolloCubePinch,TesolloCubePinch-20260624-173716-cubepinch_sb_forcemagnitude_s8,force.magnitude,8,3,65,3.25,1.55078,1.39068,2.94146,3682863
pinch_sinusoid,pinch_sweep_size_rand_sinusoid-20260624-142357,TesolloCubePinch,TesolloCubePinch-20260624-173716-cubepinch_sb_forcemagnitude_s8,force.magnitude,8,3,66,3.3,1.66964,1.52923,3.19886,3682863
pinch_sinusoid,pinch_sweep_size_rand_sinusoid-20260624-142357,TesolloCubePinch,TesolloCubePinch-20260624-173716-cubepinch_sb_forcemagnitude_s8,force.magnitude,8,3,67,3.35,1.94399,1.60412,3.54811,3682863
pinch_sinusoid,pinch_sweep_size_rand_sinusoid-20260624-142357,TesolloCubePinch,TesolloCubePinch-20260624-173716-cubepinch_sb_forcemagnitude_s8,force.magnitude,8,3,68,3.4,2.27315,1.73414,4.00729,3682863
pinch_sinusoid,pinch_sweep_size_rand_sinusoid-20260624-142357,TesolloCubePinch,TesolloCubePinch-20260624-173716-cubepinch_sb_forcemagnitude_s8,force.magnitude,8,3,69,3.45,2.25872,1.92907,4.18779,3682863
pinch_sinusoid,pinch_sweep_size_rand_sinusoid-20260624-142357,TesolloCubePinch,TesolloCubePinch-20260624-173716-cubepinch_sb_forcemagnitude_s8,force.magnitude,8,3,70,3.5,2.45318,2.13084,4.58402,3682863
pinch_sinusoid,pinch_sweep_size_rand_sinusoid-20260624-142357,TesolloCubePinch,TesolloCubePinch-20260624-173716-cubepinch_sb_forcemagnitude_s8,force.magnitude,8,3,71,3.55,2.50737,2.12459,4.63195,3682863
pinch_sinusoid,pinch_sweep_size_rand_sinusoid-20260624-142357,TesolloCubePinch,TesolloCubePinch-20260624-173716-cubepinch_sb_forcemagnitude_s8,force.magnitude,8,3,72,3.6,2.64811,2.1776,4.8257,3682863
pinch_sinusoid,pinch_sweep_size_rand_sinusoid-20260624-142357,TesolloCubePinch,TesolloCubePinch-20260624-173716-cubepinch_sb_forcemagnitude_s8,force.magnitude,8,3,73,3.65,2.85189,2.23272,5.08461,3682863
pinch_sinusoid,pinch_sweep_size_rand_sinusoid-20260624-142357,TesolloCubePinch,TesolloCubePinch-20260624-173716-cubepinch_sb_forcemagnitude_s8,force.magnitude,8,3,74,3.7,2.86582,2.29107,5.15689,3682863
pinch_sinusoid,pinch_sweep_size_rand_sinusoid-20260624-142357,TesolloCubePinch,TesolloCubePinch-20260624-173716-cubepinch_sb_forcemagnitude_s8,force.magnitude,8,3,75,3.75,2.8371,2.38916,5.22627,3682863
pinch_sinusoid,pinch_sweep_size_rand_sinusoid-20260624-142357,TesolloCubePinch,TesolloCubePinch-20260624-173716-cubepinch_sb_forcemagnitude_s8,force.magnitude,8,3,76,3.8,2.78111,2.50655,5.28766,3682863
pinch_sinusoid,pinch_sweep_size_rand_sinusoid-20260624-142357,TesolloCubePinch,TesolloCubePinch-20260624-173716-cubepinch_sb_forcemagnitude_s8,force.magnitude,8,3,77,3.85,2.60598,2.5172,5.12319,3682863
pinch_sinusoid,pinch_sweep_size_rand_sinusoid-20260624-142357,TesolloCubePinch,TesolloCubePinch-20260624-173716-cubepinch_sb_forcemagnitude_s8,force.magnitude,8,3,78,3.9,2.62055,2.56594,5.18649,3682863
pinch_sinusoid,pinch_sweep_size_rand_sinusoid-20260624-142357,TesolloCubePinch,TesolloCubePinch-20260624-173716-cubepinch_sb_forcemagnitude_s8,force.magnitude,8,3,79,3.95,2.61006,2.5591,5.16917,3682863
pinch_sinusoid,pinch_sweep_size_rand_sinusoid-20260624-142357,TesolloCubePinch,TesolloCubePinch-20260624-173716-cubepinch_sb_forcemagnitude_s8,force.magnitude,8,4,0,0.0,0.0,0.0,0.0,3682863
pinch_sinusoid,pinch_sweep_size_rand_sinusoid-20260624-142357,TesolloCubePinch,TesolloCubePinch-20260624-173716-cubepinch_sb_forcemagnitude_s8,force.magnitude,8,4,1,0.05,0.0,0.0,0.0,3682863
pinch_sinusoid,pinch_sweep_size_rand_sinusoid-20260624-142357,TesolloCubePinch,TesolloCubePinch-20260624-173716-cubepinch_sb_forcemagnitude_s8,force.magnitude,8,4,2,0.1,0.0,0.0,0.0,3682863
pinch_sinusoid,pinch_sweep_size_rand_sinusoid-20260624-142357,TesolloCubePinch,TesolloCubePinch-20260624-173716-cubepinch_sb_forcemagnitude_s8,force.magnitude,8,4,3,0.15,0.0,0.0,0.0,3682863
pinch_sinusoid,pinch_sweep_size_rand_sinusoid-20260624-142357,TesolloCubePinch,TesolloCubePinch-20260624-173716-cubepinch_sb_forcemagnitude_s8,force.magnitude,8,4,4,0.2,0.0,0.0,0.0,3682863
pinch_sinusoid,pinch_sweep_size_rand_sinusoid-20260624-142357,TesolloCubePinch,TesolloCubePinch-20260624-173716-cubepinch_sb_forcemagnitude_s8,force.magnitude,8,4,5,0.25,2.63718,0.0,2.63718,3682863
pinch_sinusoid,pinch_sweep_size_rand_sinusoid-20260624-142357,TesolloCubePinch,TesolloCubePinch-20260624-173716-cubepinch_sb_forcemagnitude_s8,force.magnitude,8,4,6,0.3,2.36695,0.47889,2.84584,3682863
pinch_sinusoid,pinch_sweep_size_rand_sinusoid-20260624-142357,TesolloCubePinch,TesolloCubePinch-20260624-173716-cubepinch_sb_forcemagnitude_s8,force.magnitude,8,4,7,0.35,1.70724,0.95413,2.66137,3682863
pinch_sinusoid,pinch_sweep_size_rand_sinusoid-20260624-142357,TesolloCubePinch,TesolloCubePinch-20260624-173716-cubepinch_sb_forcemagnitude_s8,force.magnitude,8,4,8,0.4,2.45822,0.9707,3.42892,3682863
pinch_sinusoid,pinch_sweep_size_rand_sinusoid-20260624-142357,TesolloCubePinch,TesolloCubePinch-20260624-173716-cubepinch_sb_forcemagnitude_s8,force.magnitude,8,4,9,0.45,2.41151,1.16972,3.58124,3682863
pinch_sinusoid,pinch_sweep_size_rand_sinusoid-20260624-142357,TesolloCubePinch,TesolloCubePinch-20260624-173716-cubepinch_sb_forcemagnitude_s8,force.magnitude,8,4,10,0.5,2.72565,1.4321,4.15775,3682863
pinch_sinusoid,pinch_sweep_size_rand_sinusoid-20260624-142357,TesolloCubePinch,TesolloCubePinch-20260624-173716-cubepinch_sb_forcemagnitude_s8,force.magnitude,8,4,11,0.55,2.32339,1.75235,4.07574,3682863
pinch_sinusoid,pinch_sweep_size_rand_sinusoid-20260624-142357,TesolloCubePinch,TesolloCubePinch-20260624-173716-cubepinch_sb_forcemagnitude_s8,force.magnitude,8,4,12,0.6,2.31974,2.06286,4.38259,3682863
pinch_sinusoid,pinch_sweep_size_rand_sinusoid-20260624-142357,TesolloCubePinch,TesolloCubePinch-20260624-173716-cubepinch_sb_forcemagnitude_s8,force.magnitude,8,4,13,0.65,2.37412,2.50646,4.88058,3682863
pinch_sinusoid,pinch_sweep_size_rand_sinusoid-20260624-142357,TesolloCubePinch,TesolloCubePinch-20260624-173716-cubepinch_sb_forcemagnitude_s8,force.magnitude,8,4,14,0.7,2.42699,2.45576,4.88275,3682863
pinch_sinusoid,pinch_sweep_size_rand_sinusoid-20260624-142357,TesolloCubePinch,TesolloCubePinch-20260624-173716-cubepinch_sb_forcemagnitude_s8,force.magnitude,8,4,15,0.75,2.44936,2.56894,5.0183,3682863
pinch_sinusoid,pinch_sweep_size_rand_sinusoid-20260624-142357,TesolloCubePinch,TesolloCubePinch-20260624-173716-cubepinch_sb_forcemagnitude_s8,force.magnitude,8,4,16,0.8,2.42979,2.68444,5.11423,3682863
pinch_sinusoid,pinch_sweep_size_rand_sinusoid-20260624-142357,TesolloCubePinch,TesolloCubePinch-20260624-173716-cubepinch_sb_forcemagnitude_s8,force.magnitude,8,4,17,0.85,2.41849,2.75461,5.17311,3682863
pinch_sinusoid,pinch_sweep_size_rand_sinusoid-20260624-142357,TesolloCubePinch,TesolloCubePinch-20260624-173716-cubepinch_sb_forcemagnitude_s8,force.magnitude,8,4,18,0.9,2.4023,2.79932,5.20163,3682863
pinch_sinusoid,pinch_sweep_size_rand_sinusoid-20260624-142357,TesolloCubePinch,TesolloCubePinch-20260624-173716-cubepinch_sb_forcemagnitude_s8,force.magnitude,8,4,19,0.95,2.38721,2.80976,5.19697,3682863
pinch_sinusoid,pinch_sweep_size_rand_sinusoid-20260624-142357,TesolloCubePinch,TesolloCubePinch-20260624-173716-cubepinch_sb_forcemagnitude_s8,force.magnitude,8,4,20,1.0,2.37421,2.78278,5.15699,3682863
pinch_sinusoid,pinch_sweep_size_rand_sinusoid-20260624-142357,TesolloCubePinch,TesolloCubePinch-20260624-173716-cubepinch_sb_forcemagnitude_s8,force.magnitude,8,4,21,1.05,2.363,2.69779,5.06079,3682863
pinch_sinusoid,pinch_sweep_size_rand_sinusoid-20260624-142357,TesolloCubePinch,TesolloCubePinch-20260624-173716-cubepinch_sb_forcemagnitude_s8,force.magnitude,8,4,22,1.1,2.3269,2.58592,4.91282,3682863
pinch_sinusoid,pinch_sweep_size_rand_sinusoid-20260624-142357,TesolloCubePinch,TesolloCubePinch-20260624-173716-cubepinch_sb_forcemagnitude_s8,force.magnitude,8,4,23,1.15,2.2444,2.46288,4.70728,3682863
pinch_sinusoid,pinch_sweep_size_rand_sinusoid-20260624-142357,TesolloCubePinch,TesolloCubePinch-20260624-173716-cubepinch_sb_forcemagnitude_s8,force.magnitude,8,4,24,1.2,2.19803,2.35949,4.55752,3682863
pinch_sinusoid,pinch_sweep_size_rand_sinusoid-20260624-142357,TesolloCubePinch,TesolloCubePinch-20260624-173716-cubepinch_sb_forcemagnitude_s8,force.magnitude,8,4,25,1.25,2.11576,2.22288,4.33864,3682863
pinch_sinusoid,pinch_sweep_size_rand_sinusoid-20260624-142357,TesolloCubePinch,TesolloCubePinch-20260624-173716-cubepinch_sb_forcemagnitude_s8,force.magnitude,8,4,26,1.3,2.04487,2.09051,4.13538,3682863
pinch_sinusoid,pinch_sweep_size_rand_sinusoid-20260624-142357,TesolloCubePinch,TesolloCubePinch-20260624-173716-cubepinch_sb_forcemagnitude_s8,force.magnitude,8,4,27,1.35,1.96419,1.9307,3.89489,3682863
pinch_sinusoid,pinch_sweep_size_rand_sinusoid-20260624-142357,TesolloCubePinch,TesolloCubePinch-20260624-173716-cubepinch_sb_forcemagnitude_s8,force.magnitude,8,4,28,1.4,1.88814,1.74042,3.62856,3682863
pinch_sinusoid,pinch_sweep_size_rand_sinusoid-20260624-142357,TesolloCubePinch,TesolloCubePinch-20260624-173716-cubepinch_sb_forcemagnitude_s8,force.magnitude,8,4,29,1.45,1.80242,1.57149,3.37391,3682863
pinch_sinusoid,pinch_sweep_size_rand_sinusoid-20260624-142357,TesolloCubePinch,TesolloCubePinch-20260624-173716-cubepinch_sb_forcemagnitude_s8,force.magnitude,8,4,30,1.5,1.71136,1.57422,3.28557,3682863
pinch_sinusoid,pinch_sweep_size_rand_sinusoid-20260624-142357,TesolloCubePinch,TesolloCubePinch-20260624-173716-cubepinch_sb_forcemagnitude_s8,force.magnitude,8,4,31,1.55,1.61904,1.49071,3.10974,3682863
pinch_sinusoid,pinch_sweep_size_rand_sinusoid-20260624-142357,TesolloCubePinch,TesolloCubePinch-20260624-173716-cubepinch_sb_forcemagnitude_s8,force.magnitude,8,4,32,1.6,1.48542,1.33744,2.82287,3682863
pinch_sinusoid,pinch_sweep_size_rand_sinusoid-20260624-142357,TesolloCubePinch,TesolloCubePinch-20260624-173716-cubepinch_sb_forcemagnitude_s8,force.magnitude,8,4,33,1.65,1.36313,1.25795,2.62108,3682863
pinch_sinusoid,pinch_sweep_size_rand_sinusoid-20260624-142357,TesolloCubePinch,TesolloCubePinch-20260624-173716-cubepinch_sb_forcemagnitude_s8,force.magnitude,8,4,34,1.7,1.24998,1.1878,2.43778,3682863
pinch_sinusoid,pinch_sweep_size_rand_sinusoid-20260624-142357,TesolloCubePinch,TesolloCubePinch-20260624-173716-cubepinch_sb_forcemagnitude_s8,force.magnitude,8,4,35,1.75,1.15083,1.11222,2.26305,3682863
pinch_sinusoid,pinch_sweep_size_rand_sinusoid-20260624-142357,TesolloCubePinch,TesolloCubePinch-20260624-173716-cubepinch_sb_forcemagnitude_s8,force.magnitude,8,4,36,1.8,1.07383,1.05224,2.12607,3682863
pinch_sinusoid,pinch_sweep_size_rand_sinusoid-20260624-142357,TesolloCubePinch,TesolloCubePinch-20260624-173716-cubepinch_sb_forcemagnitude_s8,force.magnitude,8,4,37,1.85,1.02147,1.011,2.03247,3682863
pinch_sinusoid,pinch_sweep_size_rand_sinusoid-20260624-142357,TesolloCubePinch,TesolloCubePinch-20260624-173716-cubepinch_sb_forcemagnitude_s8,force.magnitude,8,4,38,1.9,0.99108,0.98645,1.97753,3682863
pinch_sinusoid,pinch_sweep_size_rand_sinusoid-20260624-142357,TesolloCubePinch,TesolloCubePinch-20260624-173716-cubepinch_sb_forcemagnitude_s8,force.magnitude,8,4,39,1.95,0.98169,0.97772,1.95941,3682863
pinch_sinusoid,pinch_sweep_size_rand_sinusoid-20260624-142357,TesolloCubePinch,TesolloCubePinch-20260624-173716-cubepinch_sb_forcemagnitude_s8,force.magnitude,8,4,40,2.0,0.99326,0.98762,1.98088,3682863
pinch_sinusoid,pinch_sweep_size_rand_sinusoid-20260624-142357,TesolloCubePinch,TesolloCubePinch-20260624-173716-cubepinch_sb_forcemagnitude_s8,force.magnitude,8,4,41,2.05,1.0246,1.01239,2.03699,3682863
pinch_sinusoid,pinch_sweep_size_rand_sinusoid-20260624-142357,TesolloCubePinch,TesolloCubePinch-20260624-173716-cubepinch_sb_forcemagnitude_s8,force.magnitude,8,4,42,2.1,1.07292,1.05414,2.12706,3682863
pinch_sinusoid,pinch_sweep_size_rand_sinusoid-20260624-142357,TesolloCubePinch,TesolloCubePinch-20260624-173716-cubepinch_sb_forcemagnitude_s8,force.magnitude,8,4,43,2.15,1.13905,1.0958,2.23485,3682863
pinch_sinusoid,pinch_sweep_size_rand_sinusoid-20260624-142357,TesolloCubePinch,TesolloCubePinch-20260624-173716-cubepinch_sb_forcemagnitude_s8,force.magnitude,8,4,44,2.2,1.22269,1.15299,2.37568,3682863
pinch_sinusoid,pinch_sweep_size_rand_sinusoid-20260624-142357,TesolloCubePinch,TesolloCubePinch-20260624-173716-cubepinch_sb_forcemagnitude_s8,force.magnitude,8,4,45,2.25,1.31909,1.24409,2.56318,3682863
pinch_sinusoid,pinch_sweep_size_rand_sinusoid-20260624-142357,TesolloCubePinch,TesolloCubePinch-20260624-173716-cubepinch_sb_forcemagnitude_s8,force.magnitude,8,4,46,2.3,1.43131,1.33023,2.76154,3682863
pinch_sinusoid,pinch_sweep_size_rand_sinusoid-20260624-142357,TesolloCubePinch,TesolloCubePinch-20260624-173716-cubepinch_sb_forcemagnitude_s8,force.magnitude,8,4,47,2.35,1.55608,1.40727,2.96335,3682863
pinch_sinusoid,pinch_sweep_size_rand_sinusoid-20260624-142357,TesolloCubePinch,TesolloCubePinch-20260624-173716-cubepinch_sb_forcemagnitude_s8,force.magnitude,8,4,48,2.4,1.70242,1.48052,3.18294,3682863
pinch_sinusoid,pinch_sweep_size_rand_sinusoid-20260624-142357,TesolloCubePinch,TesolloCubePinch-20260624-173716-cubepinch_sb_forcemagnitude_s8,force.magnitude,8,4,49,2.45,1.9751,1.68934,3.66444,3682863
pinch_sinusoid,pinch_sweep_size_rand_sinusoid-20260624-142357,TesolloCubePinch,TesolloCubePinch-20260624-173716-cubepinch_sb_forcemagnitude_s8,force.magnitude,8,4,50,2.5,2.23805,1.71717,3.95522,3682863
pinch_sinusoid,pinch_sweep_size_rand_sinusoid-20260624-142357,TesolloCubePinch,TesolloCubePinch-20260624-173716-cubepinch_sb_forcemagnitude_s8,force.magnitude,8,4,51,2.55,2.27811,1.95688,4.23498,3682863
pinch_sinusoid,pinch_sweep_size_rand_sinusoid-20260624-142357,TesolloCubePinch,TesolloCubePinch-20260624-173716-cubepinch_sb_forcemagnitude_s8,force.magnitude,8,4,52,2.6,2.4498,2.11953,4.56933,3682863
pinch_sinusoid,pinch_sweep_size_rand_sinusoid-20260624-142357,TesolloCubePinch,TesolloCubePinch-20260624-173716-cubepinch_sb_forcemagnitude_s8,force.magnitude,8,4,53,2.65,2.50582,2.12961,4.63543,3682863
pinch_sinusoid,pinch_sweep_size_rand_sinusoid-20260624-142357,TesolloCubePinch,TesolloCubePinch-20260624-173716-cubepinch_sb_forcemagnitude_s8,force.magnitude,8,4,54,2.7,2.65523,2.18743,4.84266,3682863
pinch_sinusoid,pinch_sweep_size_rand_sinusoid-20260624-142357,TesolloCubePinch,TesolloCubePinch-20260624-173716-cubepinch_sb_forcemagnitude_s8,force.magnitude,8,4,55,2.75,2.8448,2.24731,5.0921,3682863
pinch_sinusoid,pinch_sweep_size_rand_sinusoid-20260624-142357,TesolloCubePinch,TesolloCubePinch-20260624-173716-cubepinch_sb_forcemagnitude_s8,force.magnitude,8,4,56,2.8,2.85342,2.30389,5.1573,3682863
pinch_sinusoid,pinch_sweep_size_rand_sinusoid-20260624-142357,TesolloCubePinch,TesolloCubePinch-20260624-173716-cubepinch_sb_forcemagnitude_s8,force.magnitude,8,4,57,2.85,2.82624,2.41932,5.24556,3682863
pinch_sinusoid,pinch_sweep_size_rand_sinusoid-20260624-142357,TesolloCubePinch,TesolloCubePinch-20260624-173716-cubepinch_sb_forcemagnitude_s8,force.magnitude,8,4,58,2.9,2.73712,2.52163,5.25875,3682863
pinch_sinusoid,pinch_sweep_size_rand_sinusoid-20260624-142357,TesolloCubePinch,TesolloCubePinch-20260624-173716-cubepinch_sb_forcemagnitude_s8,force.magnitude,8,4,59,2.95,2.60772,2.52982,5.13753,3682863
pinch_sinusoid,pinch_sweep_size_rand_sinusoid-20260624-142357,TesolloCubePinch,TesolloCubePinch-20260624-173716-cubepinch_sb_forcemagnitude_s8,force.magnitude,8,4,60,3.0,2.63809,2.56923,5.20732,3682863
pinch_sinusoid,pinch_sweep_size_rand_sinusoid-20260624-142357,TesolloCubePinch,TesolloCubePinch-20260624-173716-cubepinch_sb_forcemagnitude_s8,force.magnitude,8,4,61,3.05,2.62181,2.55223,5.17404,3682863
pinch_sinusoid,pinch_sweep_size_rand_sinusoid-20260624-142357,TesolloCubePinch,TesolloCubePinch-20260624-173716-cubepinch_sb_forcemagnitude_s8,force.magnitude,8,4,62,3.1,2.58627,2.49176,5.07802,3682863
pinch_sinusoid,pinch_sweep_size_rand_sinusoid-20260624-142357,TesolloCubePinch,TesolloCubePinch-20260624-173716-cubepinch_sb_forcemagnitude_s8,force.magnitude,8,4,63,3.15,2.49127,2.34847,4.83974,3682863
pinch_sinusoid,pinch_sweep_size_rand_sinusoid-20260624-142357,TesolloCubePinch,TesolloCubePinch-20260624-173716-cubepinch_sb_forcemagnitude_s8,force.magnitude,8,4,64,3.2,2.18183,2.29762,4.47945,3682863
pinch_sinusoid,pinch_sweep_size_rand_sinusoid-20260624-142357,TesolloCubePinch,TesolloCubePinch-20260624-173716-cubepinch_sb_forcemagnitude_s8,force.magnitude,8,4,65,3.25,2.07483,2.2622,4.33704,3682863
pinch_sinusoid,pinch_sweep_size_rand_sinusoid-20260624-142357,TesolloCubePinch,TesolloCubePinch-20260624-173716-cubepinch_sb_forcemagnitude_s8,force.magnitude,8,4,66,3.3,1.95578,2.24057,4.19635,3682863
pinch_sinusoid,pinch_sweep_size_rand_sinusoid-20260624-142357,TesolloCubePinch,TesolloCubePinch-20260624-173716-cubepinch_sb_forcemagnitude_s8,force.magnitude,8,4,67,3.35,1.85371,2.23259,4.08629,3682863
pinch_sinusoid,pinch_sweep_size_rand_sinusoid-20260624-142357,TesolloCubePinch,TesolloCubePinch-20260624-173716-cubepinch_sb_forcemagnitude_s8,force.magnitude,8,4,68,3.4,1.74987,1.90208,3.65195,3682863
pinch_sinusoid,pinch_sweep_size_rand_sinusoid-20260624-142357,TesolloCubePinch,TesolloCubePinch-20260624-173716-cubepinch_sb_forcemagnitude_s8,force.magnitude,8,4,69,3.45,1.71849,1.81121,3.5297,3682863
pinch_sinusoid,pinch_sweep_size_rand_sinusoid-20260624-142357,TesolloCubePinch,TesolloCubePinch-20260624-173716-cubepinch_sb_forcemagnitude_s8,force.magnitude,8,4,70,3.5,1.66242,1.61213,3.27456,3682863
pinch_sinusoid,pinch_sweep_size_rand_sinusoid-20260624-142357,TesolloCubePinch,TesolloCubePinch-20260624-173716-cubepinch_sb_forcemagnitude_s8,force.magnitude,8,4,71,3.55,1.59794,1.44023,3.03817,3682863
pinch_sinusoid,pinch_sweep_size_rand_sinusoid-20260624-142357,TesolloCubePinch,TesolloCubePinch-20260624-173716-cubepinch_sb_forcemagnitude_s8,force.magnitude,8,4,72,3.6,1.48156,1.33768,2.81923,3682863
pinch_sinusoid,pinch_sweep_size_rand_sinusoid-20260624-142357,TesolloCubePinch,TesolloCubePinch-20260624-173716-cubepinch_sb_forcemagnitude_s8,force.magnitude,8,4,73,3.65,1.35138,1.2437,2.59508,3682863
pinch_sinusoid,pinch_sweep_size_rand_sinusoid-20260624-142357,TesolloCubePinch,TesolloCubePinch-20260624-173716-cubepinch_sb_forcemagnitude_s8,force.magnitude,8,4,74,3.7,1.2365,1.15448,2.39098,3682863
pinch_sinusoid,pinch_sweep_size_rand_sinusoid-20260624-142357,TesolloCubePinch,TesolloCubePinch-20260624-173716-cubepinch_sb_forcemagnitude_s8,force.magnitude,8,4,75,3.75,1.14171,1.07141,2.21312,3682863
pinch_sinusoid,pinch_sweep_size_rand_sinusoid-20260624-142357,TesolloCubePinch,TesolloCubePinch-20260624-173716-cubepinch_sb_forcemagnitude_s8,force.magnitude,8,4,76,3.8,1.09807,1.01249,2.11056,3682863
pinch_sinusoid,pinch_sweep_size_rand_sinusoid-20260624-142357,TesolloCubePinch,TesolloCubePinch-20260624-173716-cubepinch_sb_forcemagnitude_s8,force.magnitude,8,4,77,3.85,1.03872,0.97306,2.01179,3682863
pinch_sinusoid,pinch_sweep_size_rand_sinusoid-20260624-142357,TesolloCubePinch,TesolloCubePinch-20260624-173716-cubepinch_sb_forcemagnitude_s8,force.magnitude,8,4,78,3.9,1.01104,0.95128,1.96232,3682863
pinch_sinusoid,pinch_sweep_size_rand_sinusoid-20260624-142357,TesolloCubePinch,TesolloCubePinch-20260624-173716-cubepinch_sb_forcemagnitude_s8,force.magnitude,8,4,79,3.95,0.99846,0.94632,1.94478,3682863
pinch_sinusoid,pinch_sweep_size_rand_sinusoid-20260624-142357,TesolloCubePinch,TesolloCubePinch-20260624-173716-cubepinch_sb_forcemagnitude_s8,force.magnitude,8,5,0,0.0,0.0,0.0,0.0,3682863
pinch_sinusoid,pinch_sweep_size_rand_sinusoid-20260624-142357,TesolloCubePinch,TesolloCubePinch-20260624-173716-cubepinch_sb_forcemagnitude_s8,force.magnitude,8,5,1,0.05,0.0,0.0,0.0,3682863
pinch_sinusoid,pinch_sweep_size_rand_sinusoid-20260624-142357,TesolloCubePinch,TesolloCubePinch-20260624-173716-cubepinch_sb_forcemagnitude_s8,force.magnitude,8,5,2,0.1,0.0,0.0,0.0,3682863
pinch_sinusoid,pinch_sweep_size_rand_sinusoid-20260624-142357,TesolloCubePinch,TesolloCubePinch-20260624-173716-cubepinch_sb_forcemagnitude_s8,force.magnitude,8,5,3,0.15,0.0,0.0,0.0,3682863
pinch_sinusoid,pinch_sweep_size_rand_sinusoid-20260624-142357,TesolloCubePinch,TesolloCubePinch-20260624-173716-cubepinch_sb_forcemagnitude_s8,force.magnitude,8,5,4,0.2,2.88188,0.0,2.88188,3682863
pinch_sinusoid,pinch_sweep_size_rand_sinusoid-20260624-142357,TesolloCubePinch,TesolloCubePinch-20260624-173716-cubepinch_sb_forcemagnitude_s8,force.magnitude,8,5,5,0.25,2.15191,0.0,2.15191,3682863
pinch_sinusoid,pinch_sweep_size_rand_sinusoid-20260624-142357,TesolloCubePinch,TesolloCubePinch-20260624-173716-cubepinch_sb_forcemagnitude_s8,force.magnitude,8,5,6,0.3,2.23261,0.0,2.23261,3682863
pinch_sinusoid,pinch_sweep_size_rand_sinusoid-20260624-142357,TesolloCubePinch,TesolloCubePinch-20260624-173716-cubepinch_sb_forcemagnitude_s8,force.magnitude,8,5,7,0.35,1.10066,0.0,1.10066,3682863
pinch_sinusoid,pinch_sweep_size_rand_sinusoid-20260624-142357,TesolloCubePinch,TesolloCubePinch-20260624-173716-cubepinch_sb_forcemagnitude_s8,force.magnitude,8,5,8,0.4,0.0,0.31069,0.31069,3682863
pinch_sinusoid,pinch_sweep_size_rand_sinusoid-20260624-142357,TesolloCubePinch,TesolloCubePinch-20260624-173716-cubepinch_sb_forcemagnitude_s8,force.magnitude,8,5,9,0.45,1.47223,0.37213,1.84436,3682863
pinch_sinusoid,pinch_sweep_size_rand_sinusoid-20260624-142357,TesolloCubePinch,TesolloCubePinch-20260624-173716-cubepinch_sb_forcemagnitude_s8,force.magnitude,8,5,10,0.5,2.33319,0.53464,2.86782,3682863
pinch_sinusoid,pinch_sweep_size_rand_sinusoid-20260624-142357,TesolloCubePinch,TesolloCubePinch-20260624-173716-cubepinch_sb_forcemagnitude_s8,force.magnitude,8,5,11,0.55,1.80522,0.53749,2.34271,3682863
pinch_sinusoid,pinch_sweep_size_rand_sinusoid-20260624-142357,TesolloCubePinch,TesolloCubePinch-20260624-173716-cubepinch_sb_forcemagnitude_s8,force.magnitude,8,5,12,0.6,1.48629,0.78423,2.27052,3682863
pinch_sinusoid,pinch_sweep_size_rand_sinusoid-20260624-142357,TesolloCubePinch,TesolloCubePinch-20260624-173716-cubepinch_sb_forcemagnitude_s8,force.magnitude,8,5,13,0.65,1.45396,0.93309,2.38705,3682863
pinch_sinusoid,pinch_sweep_size_rand_sinusoid-20260624-142357,TesolloCubePinch,TesolloCubePinch-20260624-173716-cubepinch_sb_forcemagnitude_s8,force.magnitude,8,5,14,0.7,1.48501,1.02684,2.51184,3682863
pinch_sinusoid,pinch_sweep_size_rand_sinusoid-20260624-142357,TesolloCubePinch,TesolloCubePinch-20260624-173716-cubepinch_sb_forcemagnitude_s8,force.magnitude,8,5,15,0.75,1.55888,1.20452,2.7634,3682863
pinch_sinusoid,pinch_sweep_size_rand_sinusoid-20260624-142357,TesolloCubePinch,TesolloCubePinch-20260624-173716-cubepinch_sb_forcemagnitude_s8,force.magnitude,8,5,16,0.8,1.68248,1.34411,3.02659,3682863
pinch_sinusoid,pinch_sweep_size_rand_sinusoid-20260624-142357,TesolloCubePinch,TesolloCubePinch-20260624-173716-cubepinch_sb_forcemagnitude_s8,force.magnitude,8,5,17,0.85,1.82619,1.49754,3.32373,3682863
pinch_sinusoid,pinch_sweep_size_rand_sinusoid-20260624-142357,TesolloCubePinch,TesolloCubePinch-20260624-173716-cubepinch_sb_forcemagnitude_s8,force.magnitude,8,5,18,0.9,2.01849,1.58644,3.60493,3682863
pinch_sinusoid,pinch_sweep_size_rand_sinusoid-20260624-142357,TesolloCubePinch,TesolloCubePinch-20260624-173716-cubepinch_sb_forcemagnitude_s8,force.magnitude,8,5,19,0.95,2.31296,1.50886,3.82182,3682863
pinch_sinusoid,pinch_sweep_size_rand_sinusoid-20260624-142357,TesolloCubePinch,TesolloCubePinch-20260624-173716-cubepinch_sb_forcemagnitude_s8,force.magnitude,8,5,20,1.0,2.2719,1.72515,3.99705,3682863
pinch_sinusoid,pinch_sweep_size_rand_sinusoid-20260624-142357,TesolloCubePinch,TesolloCubePinch-20260624-173716-cubepinch_sb_forcemagnitude_s8,force.magnitude,8,5,21,1.05,2.21695,2.10785,4.3248,3682863
pinch_sinusoid,pinch_sweep_size_rand_sinusoid-20260624-142357,TesolloCubePinch,TesolloCubePinch-20260624-173716-cubepinch_sb_forcemagnitude_s8,force.magnitude,8,5,22,1.1,2.31754,2.17187,4.48941,3682863
pinch_sinusoid,pinch_sweep_size_rand_sinusoid-20260624-142357,TesolloCubePinch,TesolloCubePinch-20260624-173716-cubepinch_sb_forcemagnitude_s8,force.magnitude,8,5,23,1.15,2.44704,2.23954,4.68658,3682863
pinch_sinusoid,pinch_sweep_size_rand_sinusoid-20260624-142357,TesolloCubePinch,TesolloCubePinch-20260624-173716-cubepinch_sb_forcemagnitude_s8,force.magnitude,8,5,24,1.2,2.61319,2.31641,4.9296,3682863
pinch_sinusoid,pinch_sweep_size_rand_sinusoid-20260624-142357,TesolloCubePinch,TesolloCubePinch-20260624-173716-cubepinch_sb_forcemagnitude_s8,force.magnitude,8,5,25,1.25,2.79497,2.39092,5.18589,3682863
pinch_sinusoid,pinch_sweep_size_rand_sinusoid-20260624-142357,TesolloCubePinch,TesolloCubePinch-20260624-173716-cubepinch_sb_forcemagnitude_s8,force.magnitude,8,5,26,1.3,2.79297,2.50254,5.29551,3682863
pinch_sinusoid,pinch_sweep_size_rand_sinusoid-20260624-142357,TesolloCubePinch,TesolloCubePinch-20260624-173716-cubepinch_sb_forcemagnitude_s8,force.magnitude,8,5,27,1.35,2.69519,2.60804,5.30323,3682863
pinch_sinusoid,pinch_sweep_size_rand_sinusoid-20260624-142357,TesolloCubePinch,TesolloCubePinch-20260624-173716-cubepinch_sb_forcemagnitude_s8,force.magnitude,8,5,28,1.4,2.6052,2.69157,5.29677,3682863
pinch_sinusoid,pinch_sweep_size_rand_sinusoid-20260624-142357,TesolloCubePinch,TesolloCubePinch-20260624-173716-cubepinch_sb_forcemagnitude_s8,force.magnitude,8,5,29,1.45,2.55305,2.72396,5.27701,3682863
pinch_sinusoid,pinch_sweep_size_rand_sinusoid-20260624-142357,TesolloCubePinch,TesolloCubePinch-20260624-173716-cubepinch_sb_forcemagnitude_s8,force.magnitude,8,5,30,1.5,2.53678,2.64798,5.18475,3682863
pinch_sinusoid,pinch_sweep_size_rand_sinusoid-20260624-142357,TesolloCubePinch,TesolloCubePinch-20260624-173716-cubepinch_sb_forcemagnitude_s8,force.magnitude,8,5,31,1.55,2.49305,2.56237,5.05541,3682863
pinch_sinusoid,pinch_sweep_size_rand_sinusoid-20260624-142357,TesolloCubePinch,TesolloCubePinch-20260624-173716-cubepinch_sb_forcemagnitude_s8,force.magnitude,8,5,32,1.6,2.43108,2.49803,4.92912,3682863
pinch_sinusoid,pinch_sweep_size_rand_sinusoid-20260624-142357,TesolloCubePinch,TesolloCubePinch-20260624-173716-cubepinch_sb_forcemagnitude_s8,force.magnitude,8,5,33,1.65,2.36782,2.42171,4.78953,3682863
pinch_sinusoid,pinch_sweep_size_rand_sinusoid-20260624-142357,TesolloCubePinch,TesolloCubePinch-20260624-173716-cubepinch_sb_forcemagnitude_s8,force.magnitude,8,5,34,1.7,2.37017,2.33298,4.70315,3682863
pinch_sinusoid,pinch_sweep_size_rand_sinusoid-20260624-142357,TesolloCubePinch,TesolloCubePinch-20260624-173716-cubepinch_sb_forcemagnitude_s8,force.magnitude,8,5,35,1.75,2.23052,2.25236,4.48288,3682863
pinch_sinusoid,pinch_sweep_size_rand_sinusoid-20260624-142357,TesolloCubePinch,TesolloCubePinch-20260624-173716-cubepinch_sb_forcemagnitude_s8,force.magnitude,8,5,36,1.8,1.87556,2.24919,4.12475,3682863
pinch_sinusoid,pinch_sweep_size_rand_sinusoid-20260624-142357,TesolloCubePinch,TesolloCubePinch-20260624-173716-cubepinch_sb_forcemagnitude_s8,force.magnitude,8,5,37,1.85,1.7771,1.84486,3.62196,3682863
pinch_sinusoid,pinch_sweep_size_rand_sinusoid-20260624-142357,TesolloCubePinch,TesolloCubePinch-20260624-173716-cubepinch_sb_forcemagnitude_s8,force.magnitude,8,5,38,1.9,1.79387,1.62797,3.42184,3682863
pinch_sinusoid,pinch_sweep_size_rand_sinusoid-20260624-142357,TesolloCubePinch,TesolloCubePinch-20260624-173716-cubepinch_sb_forcemagnitude_s8,force.magnitude,8,5,39,1.95,1.7235,1.55879,3.28229,3682863
pinch_sinusoid,pinch_sweep_size_rand_sinusoid-20260624-142357,TesolloCubePinch,TesolloCubePinch-20260624-173716-cubepinch_sb_forcemagnitude_s8,force.magnitude,8,5,40,2.0,1.64324,1.56656,3.2098,3682863
pinch_sinusoid,pinch_sweep_size_rand_sinusoid-20260624-142357,TesolloCubePinch,TesolloCubePinch-20260624-173716-cubepinch_sb_forcemagnitude_s8,force.magnitude,8,5,41,2.05,1.5337,1.38814,2.92184,3682863
pinch_sinusoid,pinch_sweep_size_rand_sinusoid-20260624-142357,TesolloCubePinch,TesolloCubePinch-20260624-173716-cubepinch_sb_forcemagnitude_s8,force.magnitude,8,5,42,2.1,1.39857,1.27227,2.67084,3682863
pinch_sinusoid,pinch_sweep_size_rand_sinusoid-20260624-142357,TesolloCubePinch,TesolloCubePinch-20260624-173716-cubepinch_sb_forcemagnitude_s8,force.magnitude,8,5,43,2.15,1.27801,1.1924,2.47041,3682863
pinch_sinusoid,pinch_sweep_size_rand_sinusoid-20260624-142357,TesolloCubePinch,TesolloCubePinch-20260624-173716-cubepinch_sb_forcemagnitude_s8,force.magnitude,8,5,44,2.2,1.17511,1.12455,2.29966,3682863
pinch_sinusoid,pinch_sweep_size_rand_sinusoid-20260624-142357,TesolloCubePinch,TesolloCubePinch-20260624-173716-cubepinch_sb_forcemagnitude_s8,force.magnitude,8,5,45,2.25,1.09186,1.06077,2.15263,3682863
pinch_sinusoid,pinch_sweep_size_rand_sinusoid-20260624-142357,TesolloCubePinch,TesolloCubePinch-20260624-173716-cubepinch_sb_forcemagnitude_s8,force.magnitude,8,5,46,2.3,1.03102,1.01293,2.04395,3682863
pinch_sinusoid,pinch_sweep_size_rand_sinusoid-20260624-142357,TesolloCubePinch,TesolloCubePinch-20260624-173716-cubepinch_sb_forcemagnitude_s8,force.magnitude,8,5,47,2.35,0.99847,0.98298,1.98145,3682863
pinch_sinusoid,pinch_sweep_size_rand_sinusoid-20260624-142357,TesolloCubePinch,TesolloCubePinch-20260624-173716-cubepinch_sb_forcemagnitude_s8,force.magnitude,8,5,48,2.4,0.99165,0.97113,1.96277,3682863
pinch_sinusoid,pinch_sweep_size_rand_sinusoid-20260624-142357,TesolloCubePinch,TesolloCubePinch-20260624-173716-cubepinch_sb_forcemagnitude_s8,force.magnitude,8,5,49,2.45,0.9893,0.97705,1.96635,3682863
pinch_sinusoid,pinch_sweep_size_rand_sinusoid-20260624-142357,TesolloCubePinch,TesolloCubePinch-20260624-173716-cubepinch_sb_forcemagnitude_s8,force.magnitude,8,5,50,2.5,1.01054,1.00104,2.01157,3682863
pinch_sinusoid,pinch_sweep_size_rand_sinusoid-20260624-142357,TesolloCubePinch,TesolloCubePinch-20260624-173716-cubepinch_sb_forcemagnitude_s8,force.magnitude,8,5,51,2.55,1.05285,1.04272,2.09558,3682863
pinch_sinusoid,pinch_sweep_size_rand_sinusoid-20260624-142357,TesolloCubePinch,TesolloCubePinch-20260624-173716-cubepinch_sb_forcemagnitude_s8,force.magnitude,8,5,52,2.6,1.11515,1.07707,2.19222,3682863
pinch_sinusoid,pinch_sweep_size_rand_sinusoid-20260624-142357,TesolloCubePinch,TesolloCubePinch-20260624-173716-cubepinch_sb_forcemagnitude_s8,force.magnitude,8,5,53,2.65,1.19719,1.11411,2.31131,3682863
pinch_sinusoid,pinch_sweep_size_rand_sinusoid-20260624-142357,TesolloCubePinch,TesolloCubePinch-20260624-173716-cubepinch_sb_forcemagnitude_s8,force.magnitude,8,5,54,2.7,1.29426,1.20888,2.50314,3682863
pinch_sinusoid,pinch_sweep_size_rand_sinusoid-20260624-142357,TesolloCubePinch,TesolloCubePinch-20260624-173716-cubepinch_sb_forcemagnitude_s8,force.magnitude,8,5,55,2.75,1.4004,1.29202,2.69242,3682863
pinch_sinusoid,pinch_sweep_size_rand_sinusoid-20260624-142357,TesolloCubePinch,TesolloCubePinch-20260624-173716-cubepinch_sb_forcemagnitude_s8,force.magnitude,8,5,56,2.8,1.51862,1.37313,2.89175,3682863
pinch_sinusoid,pinch_sweep_size_rand_sinusoid-20260624-142357,TesolloCubePinch,TesolloCubePinch-20260624-173716-cubepinch_sb_forcemagnitude_s8,force.magnitude,8,5,57,2.85,1.61936,1.4618,3.08117,3682863
pinch_sinusoid,pinch_sweep_size_rand_sinusoid-20260624-142357,TesolloCubePinch,TesolloCubePinch-20260624-173716-cubepinch_sb_forcemagnitude_s8,force.magnitude,8,5,58,2.9,1.87833,1.6241,3.50243,3682863
pinch_sinusoid,pinch_sweep_size_rand_sinusoid-20260624-142357,TesolloCubePinch,TesolloCubePinch-20260624-173716-cubepinch_sb_forcemagnitude_s8,force.magnitude,8,5,59,2.95,2.20047,1.71866,3.91913,3682863
pinch_sinusoid,pinch_sweep_size_rand_sinusoid-20260624-142357,TesolloCubePinch,TesolloCubePinch-20260624-173716-cubepinch_sb_forcemagnitude_s8,force.magnitude,8,5,60,3.0,2.21108,1.89717,4.10825,3682863
pinch_sinusoid,pinch_sweep_size_rand_sinusoid-20260624-142357,TesolloCubePinch,TesolloCubePinch-20260624-173716-cubepinch_sb_forcemagnitude_s8,force.magnitude,8,5,61,3.05,2.44166,2.13379,4.57545,3682863
pinch_sinusoid,pinch_sweep_size_rand_sinusoid-20260624-142357,TesolloCubePinch,TesolloCubePinch-20260624-173716-cubepinch_sb_forcemagnitude_s8,force.magnitude,8,5,62,3.1,2.49159,2.11082,4.60241,3682863
pinch_sinusoid,pinch_sweep_size_rand_sinusoid-20260624-142357,TesolloCubePinch,TesolloCubePinch-20260624-173716-cubepinch_sb_forcemagnitude_s8,force.magnitude,8,5,63,3.15,2.59574,2.17019,4.76593,3682863
pinch_sinusoid,pinch_sweep_size_rand_sinusoid-20260624-142357,TesolloCubePinch,TesolloCubePinch-20260624-173716-cubepinch_sb_forcemagnitude_s8,force.magnitude,8,5,64,3.2,2.84073,2.22079,5.06152,3682863
pinch_sinusoid,pinch_sweep_size_rand_sinusoid-20260624-142357,TesolloCubePinch,TesolloCubePinch-20260624-173716-cubepinch_sb_forcemagnitude_s8,force.magnitude,8,5,65,3.25,2.86806,2.27734,5.1454,3682863
pinch_sinusoid,pinch_sweep_size_rand_sinusoid-20260624-142357,TesolloCubePinch,TesolloCubePinch-20260624-173716-cubepinch_sb_forcemagnitude_s8,force.magnitude,8,5,66,3.3,2.84577,2.34752,5.1933,3682863
pinch_sinusoid,pinch_sweep_size_rand_sinusoid-20260624-142357,TesolloCubePinch,TesolloCubePinch-20260624-173716-cubepinch_sb_forcemagnitude_s8,force.magnitude,8,5,67,3.35,2.81042,2.47937,5.28979,3682863
pinch_sinusoid,pinch_sweep_size_rand_sinusoid-20260624-142357,TesolloCubePinch,TesolloCubePinch-20260624-173716-cubepinch_sb_forcemagnitude_s8,force.magnitude,8,5,68,3.4,2.6017,2.57146,5.17316,3682863
pinch_sinusoid,pinch_sweep_size_rand_sinusoid-20260624-142357,TesolloCubePinch,TesolloCubePinch-20260624-173716-cubepinch_sb_forcemagnitude_s8,force.magnitude,8,5,69,3.45,2.63671,2.55179,5.1885,3682863
pinch_sinusoid,pinch_sweep_size_rand_sinusoid-20260624-142357,TesolloCubePinch,TesolloCubePinch-20260624-173716-cubepinch_sb_forcemagnitude_s8,force.magnitude,8,5,70,3.5,2.62654,2.55366,5.1802,3682863
pinch_sinusoid,pinch_sweep_size_rand_sinusoid-20260624-142357,TesolloCubePinch,TesolloCubePinch-20260624-173716-cubepinch_sb_forcemagnitude_s8,force.magnitude,8,5,71,3.55,2.5925,2.46751,5.06001,3682863
pinch_sinusoid,pinch_sweep_size_rand_sinusoid-20260624-142357,TesolloCubePinch,TesolloCubePinch-20260624-173716-cubepinch_sb_forcemagnitude_s8,force.magnitude,8,5,72,3.6,2.51439,2.38693,4.90132,3682863
pinch_sinusoid,pinch_sweep_size_rand_sinusoid-20260624-142357,TesolloCubePinch,TesolloCubePinch-20260624-173716-cubepinch_sb_forcemagnitude_s8,force.magnitude,8,5,73,3.65,2.27095,2.34188,4.61283,3682863
pinch_sinusoid,pinch_sweep_size_rand_sinusoid-20260624-142357,TesolloCubePinch,TesolloCubePinch-20260624-173716-cubepinch_sb_forcemagnitude_s8,force.magnitude,8,5,74,3.7,2.08959,2.28194,4.37153,3682863
pinch_sinusoid,pinch_sweep_size_rand_sinusoid-20260624-142357,TesolloCubePinch,TesolloCubePinch-20260624-173716-cubepinch_sb_forcemagnitude_s8,force.magnitude,8,5,75,3.75,1.97986,2.24648,4.22635,3682863
pinch_sinusoid,pinch_sweep_size_rand_sinusoid-20260624-142357,TesolloCubePinch,TesolloCubePinch-20260624-173716-cubepinch_sb_forcemagnitude_s8,force.magnitude,8,5,76,3.8,1.88876,2.2439,4.13266,3682863
pinch_sinusoid,pinch_sweep_size_rand_sinusoid-20260624-142357,TesolloCubePinch,TesolloCubePinch-20260624-173716-cubepinch_sb_forcemagnitude_s8,force.magnitude,8,5,77,3.85,1.78619,2.02353,3.80972,3682863
pinch_sinusoid,pinch_sweep_size_rand_sinusoid-20260624-142357,TesolloCubePinch,TesolloCubePinch-20260624-173716-cubepinch_sb_forcemagnitude_s8,force.magnitude,8,5,78,3.9,1.73636,1.84387,3.58023,3682863
pinch_sinusoid,pinch_sweep_size_rand_sinusoid-20260624-142357,TesolloCubePinch,TesolloCubePinch-20260624-173716-cubepinch_sb_forcemagnitude_s8,force.magnitude,8,5,79,3.95,1.6857,1.72494,3.41063,3682863
pinch_sinusoid,pinch_sweep_size_rand_sinusoid-20260624-142357,TesolloCubePinch,TesolloCubePinch-20260624-173716-cubepinch_sb_forcemagnitude_s8,force.magnitude,8,6,0,0.0,0.0,0.0,0.0,3682863
pinch_sinusoid,pinch_sweep_size_rand_sinusoid-20260624-142357,TesolloCubePinch,TesolloCubePinch-20260624-173716-cubepinch_sb_forcemagnitude_s8,force.magnitude,8,6,1,0.05,0.0,0.0,0.0,3682863
pinch_sinusoid,pinch_sweep_size_rand_sinusoid-20260624-142357,TesolloCubePinch,TesolloCubePinch-20260624-173716-cubepinch_sb_forcemagnitude_s8,force.magnitude,8,6,2,0.1,0.0,0.0,0.0,3682863
pinch_sinusoid,pinch_sweep_size_rand_sinusoid-20260624-142357,TesolloCubePinch,TesolloCubePinch-20260624-173716-cubepinch_sb_forcemagnitude_s8,force.magnitude,8,6,3,0.15,0.0,0.0,0.0,3682863
pinch_sinusoid,pinch_sweep_size_rand_sinusoid-20260624-142357,TesolloCubePinch,TesolloCubePinch-20260624-173716-cubepinch_sb_forcemagnitude_s8,force.magnitude,8,6,4,0.2,0.0,0.0,0.0,3682863
pinch_sinusoid,pinch_sweep_size_rand_sinusoid-20260624-142357,TesolloCubePinch,TesolloCubePinch-20260624-173716-cubepinch_sb_forcemagnitude_s8,force.magnitude,8,6,5,0.25,2.60924,0.0,2.60924,3682863
pinch_sinusoid,pinch_sweep_size_rand_sinusoid-20260624-142357,TesolloCubePinch,TesolloCubePinch-20260624-173716-cubepinch_sb_forcemagnitude_s8,force.magnitude,8,6,6,0.3,0.0,0.0,0.0,3682863
pinch_sinusoid,pinch_sweep_size_rand_sinusoid-20260624-142357,TesolloCubePinch,TesolloCubePinch-20260624-173716-cubepinch_sb_forcemagnitude_s8,force.magnitude,8,6,7,0.35,1.25604,0.0,1.25604,3682863
pinch_sinusoid,pinch_sweep_size_rand_sinusoid-20260624-142357,TesolloCubePinch,TesolloCubePinch-20260624-173716-cubepinch_sb_forcemagnitude_s8,force.magnitude,8,6,8,0.4,0.0,0.5596,0.5596,3682863
pinch_sinusoid,pinch_sweep_size_rand_sinusoid-20260624-142357,TesolloCubePinch,TesolloCubePinch-20260624-173716-cubepinch_sb_forcemagnitude_s8,force.magnitude,8,6,9,0.45,1.33519,0.51237,1.84755,3682863
pinch_sinusoid,pinch_sweep_size_rand_sinusoid-20260624-142357,TesolloCubePinch,TesolloCubePinch-20260624-173716-cubepinch_sb_forcemagnitude_s8,force.magnitude,8,6,10,0.5,2.36675,0.82086,3.18761,3682863
pinch_sinusoid,pinch_sweep_size_rand_sinusoid-20260624-142357,TesolloCubePinch,TesolloCubePinch-20260624-173716-cubepinch_sb_forcemagnitude_s8,force.magnitude,8,6,11,0.55,1.71923,0.77038,2.48961,3682863
pinch_sinusoid,pinch_sweep_size_rand_sinusoid-20260624-142357,TesolloCubePinch,TesolloCubePinch-20260624-173716-cubepinch_sb_forcemagnitude_s8,force.magnitude,8,6,12,0.6,1.75044,1.09708,2.84752,3682863
pinch_sinusoid,pinch_sweep_size_rand_sinusoid-20260624-142357,TesolloCubePinch,TesolloCubePinch-20260624-173716-cubepinch_sb_forcemagnitude_s8,force.magnitude,8,6,13,0.65,1.82487,1.20615,3.03103,3682863
pinch_sinusoid,pinch_sweep_size_rand_sinusoid-20260624-142357,TesolloCubePinch,TesolloCubePinch-20260624-173716-cubepinch_sb_forcemagnitude_s8,force.magnitude,8,6,14,0.7,1.93452,1.33126,3.26578,3682863
pinch_sinusoid,pinch_sweep_size_rand_sinusoid-20260624-142357,TesolloCubePinch,TesolloCubePinch-20260624-173716-cubepinch_sb_forcemagnitude_s8,force.magnitude,8,6,15,0.75,2.05946,1.59927,3.65873,3682863
pinch_sinusoid,pinch_sweep_size_rand_sinusoid-20260624-142357,TesolloCubePinch,TesolloCubePinch-20260624-173716-cubepinch_sb_forcemagnitude_s8,force.magnitude,8,6,16,0.8,2.11614,1.74646,3.8626,3682863
pinch_sinusoid,pinch_sweep_size_rand_sinusoid-20260624-142357,TesolloCubePinch,TesolloCubePinch-20260624-173716-cubepinch_sb_forcemagnitude_s8,force.magnitude,8,6,17,0.85,2.28027,1.79656,4.07683,3682863
pinch_sinusoid,pinch_sweep_size_rand_sinusoid-20260624-142357,TesolloCubePinch,TesolloCubePinch-20260624-173716-cubepinch_sb_forcemagnitude_s8,force.magnitude,8,6,18,0.9,2.32583,1.88272,4.20856,3682863
pinch_sinusoid,pinch_sweep_size_rand_sinusoid-20260624-142357,TesolloCubePinch,TesolloCubePinch-20260624-173716-cubepinch_sb_forcemagnitude_s8,force.magnitude,8,6,19,0.95,2.28797,2.1932,4.48117,3682863
pinch_sinusoid,pinch_sweep_size_rand_sinusoid-20260624-142357,TesolloCubePinch,TesolloCubePinch-20260624-173716-cubepinch_sb_forcemagnitude_s8,force.magnitude,8,6,20,1.0,2.25449,2.25754,4.51204,3682863
pinch_sinusoid,pinch_sweep_size_rand_sinusoid-20260624-142357,TesolloCubePinch,TesolloCubePinch-20260624-173716-cubepinch_sb_forcemagnitude_s8,force.magnitude,8,6,21,1.05,2.27321,2.3323,4.60551,3682863
pinch_sinusoid,pinch_sweep_size_rand_sinusoid-20260624-142357,TesolloCubePinch,TesolloCubePinch-20260624-173716-cubepinch_sb_forcemagnitude_s8,force.magnitude,8,6,22,1.1,2.373,2.43426,4.80726,3682863
pinch_sinusoid,pinch_sweep_size_rand_sinusoid-20260624-142357,TesolloCubePinch,TesolloCubePinch-20260624-173716-cubepinch_sb_forcemagnitude_s8,force.magnitude,8,6,23,1.15,2.44176,2.56012,5.00188,3682863
pinch_sinusoid,pinch_sweep_size_rand_sinusoid-20260624-142357,TesolloCubePinch,TesolloCubePinch-20260624-173716-cubepinch_sb_forcemagnitude_s8,force.magnitude,8,6,24,1.2,2.47452,2.66832,5.14284,3682863
pinch_sinusoid,pinch_sweep_size_rand_sinusoid-20260624-142357,TesolloCubePinch,TesolloCubePinch-20260624-173716-cubepinch_sb_forcemagnitude_s8,force.magnitude,8,6,25,1.25,2.472,2.72999,5.20199,3682863
pinch_sinusoid,pinch_sweep_size_rand_sinusoid-20260624-142357,TesolloCubePinch,TesolloCubePinch-20260624-173716-cubepinch_sb_forcemagnitude_s8,force.magnitude,8,6,26,1.3,2.45095,2.74567,5.19662,3682863
pinch_sinusoid,pinch_sweep_size_rand_sinusoid-20260624-142357,TesolloCubePinch,TesolloCubePinch-20260624-173716-cubepinch_sb_forcemagnitude_s8,force.magnitude,8,6,27,1.35,2.39888,2.71742,5.1163,3682863
pinch_sinusoid,pinch_sweep_size_rand_sinusoid-20260624-142357,TesolloCubePinch,TesolloCubePinch-20260624-173716-cubepinch_sb_forcemagnitude_s8,force.magnitude,8,6,28,1.4,2.34833,2.62794,4.97626,3682863
pinch_sinusoid,pinch_sweep_size_rand_sinusoid-20260624-142357,TesolloCubePinch,TesolloCubePinch-20260624-173716-cubepinch_sb_forcemagnitude_s8,force.magnitude,8,6,29,1.45,2.35335,2.51843,4.87178,3682863
pinch_sinusoid,pinch_sweep_size_rand_sinusoid-20260624-142357,TesolloCubePinch,TesolloCubePinch-20260624-173716-cubepinch_sb_forcemagnitude_s8,force.magnitude,8,6,30,1.5,2.35685,2.44331,4.80016,3682863
pinch_sinusoid,pinch_sweep_size_rand_sinusoid-20260624-142357,TesolloCubePinch,TesolloCubePinch-20260624-173716-cubepinch_sb_forcemagnitude_s8,force.magnitude,8,6,31,1.55,2.36123,2.35123,4.71246,3682863
pinch_sinusoid,pinch_sweep_size_rand_sinusoid-20260624-142357,TesolloCubePinch,TesolloCubePinch-20260624-173716-cubepinch_sb_forcemagnitude_s8,force.magnitude,8,6,32,1.6,2.35825,2.26339,4.62164,3682863
pinch_sinusoid,pinch_sweep_size_rand_sinusoid-20260624-142357,TesolloCubePinch,TesolloCubePinch-20260624-173716-cubepinch_sb_forcemagnitude_s8,force.magnitude,8,6,33,1.65,1.91802,2.3331,4.25112,3682863
pinch_sinusoid,pinch_sweep_size_rand_sinusoid-20260624-142357,TesolloCubePinch,TesolloCubePinch-20260624-173716-cubepinch_sb_forcemagnitude_s8,force.magnitude,8,6,34,1.7,1.81641,1.79909,3.6155,3682863
pinch_sinusoid,pinch_sweep_size_rand_sinusoid-20260624-142357,TesolloCubePinch,TesolloCubePinch-20260624-173716-cubepinch_sb_forcemagnitude_s8,force.magnitude,8,6,35,1.75,1.84286,1.64824,3.4911,3682863
pinch_sinusoid,pinch_sweep_size_rand_sinusoid-20260624-142357,TesolloCubePinch,TesolloCubePinch-20260624-173716-cubepinch_sb_forcemagnitude_s8,force.magnitude,8,6,36,1.8,1.75139,1.49387,3.24525,3682863
pinch_sinusoid,pinch_sweep_size_rand_sinusoid-20260624-142357,TesolloCubePinch,TesolloCubePinch-20260624-173716-cubepinch_sb_forcemagnitude_s8,force.magnitude,8,6,37,1.85,1.67577,1.53584,3.21161,3682863
pinch_sinusoid,pinch_sweep_size_rand_sinusoid-20260624-142357,TesolloCubePinch,TesolloCubePinch-20260624-173716-cubepinch_sb_forcemagnitude_s8,force.magnitude,8,6,38,1.9,1.55736,1.46232,3.01968,3682863
pinch_sinusoid,pinch_sweep_size_rand_sinusoid-20260624-142357,TesolloCubePinch,TesolloCubePinch-20260624-173716-cubepinch_sb_forcemagnitude_s8,force.magnitude,8,6,39,1.95,1.41301,1.29584,2.70885,3682863
pinch_sinusoid,pinch_sweep_size_rand_sinusoid-20260624-142357,TesolloCubePinch,TesolloCubePinch-20260624-173716-cubepinch_sb_forcemagnitude_s8,force.magnitude,8,6,40,2.0,1.29582,1.21485,2.51067,3682863
pinch_sinusoid,pinch_sweep_size_rand_sinusoid-20260624-142357,TesolloCubePinch,TesolloCubePinch-20260624-173716-cubepinch_sb_forcemagnitude_s8,force.magnitude,8,6,41,2.05,1.18849,1.14305,2.33154,3682863
pinch_sinusoid,pinch_sweep_size_rand_sinusoid-20260624-142357,TesolloCubePinch,TesolloCubePinch-20260624-173716-cubepinch_sb_forcemagnitude_s8,force.magnitude,8,6,42,2.1,1.10221,1.08274,2.18495,3682863
pinch_sinusoid,pinch_sweep_size_rand_sinusoid-20260624-142357,TesolloCubePinch,TesolloCubePinch-20260624-173716-cubepinch_sb_forcemagnitude_s8,force.magnitude,8,6,43,2.15,1.03625,1.03045,2.0667,3682863
pinch_sinusoid,pinch_sweep_size_rand_sinusoid-20260624-142357,TesolloCubePinch,TesolloCubePinch-20260624-173716-cubepinch_sb_forcemagnitude_s8,force.magnitude,8,6,44,2.2,0.99411,0.99665,1.99076,3682863
pinch_sinusoid,pinch_sweep_size_rand_sinusoid-20260624-142357,TesolloCubePinch,TesolloCubePinch-20260624-173716-cubepinch_sb_forcemagnitude_s8,force.magnitude,8,6,45,2.25,0.97572,0.98069,1.95642,3682863
pinch_sinusoid,pinch_sweep_size_rand_sinusoid-20260624-142357,TesolloCubePinch,TesolloCubePinch-20260624-173716-cubepinch_sb_forcemagnitude_s8,force.magnitude,8,6,46,2.3,0.98536,0.98239,1.96775,3682863
pinch_sinusoid,pinch_sweep_size_rand_sinusoid-20260624-142357,TesolloCubePinch,TesolloCubePinch-20260624-173716-cubepinch_sb_forcemagnitude_s8,force.magnitude,8,6,47,2.35,1.00208,1.00195,2.00403,3682863
pinch_sinusoid,pinch_sweep_size_rand_sinusoid-20260624-142357,TesolloCubePinch,TesolloCubePinch-20260624-173716-cubepinch_sb_forcemagnitude_s8,force.magnitude,8,6,48,2.4,1.04181,1.03858,2.08038,3682863
pinch_sinusoid,pinch_sweep_size_rand_sinusoid-20260624-142357,TesolloCubePinch,TesolloCubePinch-20260624-173716-cubepinch_sb_forcemagnitude_s8,force.magnitude,8,6,49,2.45,1.10186,1.07632,2.17818,3682863
pinch_sinusoid,pinch_sweep_size_rand_sinusoid-20260624-142357,TesolloCubePinch,TesolloCubePinch-20260624-173716-cubepinch_sb_forcemagnitude_s8,force.magnitude,8,6,50,2.5,1.18145,1.10293,2.28438,3682863
pinch_sinusoid,pinch_sweep_size_rand_sinusoid-20260624-142357,TesolloCubePinch,TesolloCubePinch-20260624-173716-cubepinch_sb_forcemagnitude_s8,force.magnitude,8,6,51,2.55,1.27472,1.195,2.46972,3682863
pinch_sinusoid,pinch_sweep_size_rand_sinusoid-20260624-142357,TesolloCubePinch,TesolloCubePinch-20260624-173716-cubepinch_sb_forcemagnitude_s8,force.magnitude,8,6,52,2.6,1.3775,1.28547,2.66297,3682863
pinch_sinusoid,pinch_sweep_size_rand_sinusoid-20260624-142357,TesolloCubePinch,TesolloCubePinch-20260624-173716-cubepinch_sb_forcemagnitude_s8,force.magnitude,8,6,53,2.65,1.49163,1.35916,2.85078,3682863
pinch_sinusoid,pinch_sweep_size_rand_sinusoid-20260624-142357,TesolloCubePinch,TesolloCubePinch-20260624-173716-cubepinch_sb_forcemagnitude_s8,force.magnitude,8,6,54,2.7,1.59027,1.45872,3.04899,3682863
pinch_sinusoid,pinch_sweep_size_rand_sinusoid-20260624-142357,TesolloCubePinch,TesolloCubePinch-20260624-173716-cubepinch_sb_forcemagnitude_s8,force.magnitude,8,6,55,2.75,1.82616,1.59372,3.41988,3682863
pinch_sinusoid,pinch_sweep_size_rand_sinusoid-20260624-142357,TesolloCubePinch,TesolloCubePinch-20260624-173716-cubepinch_sb_forcemagnitude_s8,force.magnitude,8,6,56,2.8,2.10466,1.69887,3.80353,3682863
pinch_sinusoid,pinch_sweep_size_rand_sinusoid-20260624-142357,TesolloCubePinch,TesolloCubePinch-20260624-173716-cubepinch_sb_forcemagnitude_s8,force.magnitude,8,6,57,2.85,2.22587,1.88452,4.11039,3682863
pinch_sinusoid,pinch_sweep_size_rand_sinusoid-20260624-142357,TesolloCubePinch,TesolloCubePinch-20260624-173716-cubepinch_sb_forcemagnitude_s8,force.magnitude,8,6,58,2.9,2.38996,2.14072,4.53068,3682863
pinch_sinusoid,pinch_sweep_size_rand_sinusoid-20260624-142357,TesolloCubePinch,TesolloCubePinch-20260624-173716-cubepinch_sb_forcemagnitude_s8,force.magnitude,8,6,59,2.95,2.48072,2.10329,4.584,3682863
pinch_sinusoid,pinch_sweep_size_rand_sinusoid-20260624-142357,TesolloCubePinch,TesolloCubePinch-20260624-173716-cubepinch_sb_forcemagnitude_s8,force.magnitude,8,6,60,3.0,2.56104,2.16451,4.72554,3682863
pinch_sinusoid,pinch_sweep_size_rand_sinusoid-20260624-142357,TesolloCubePinch,TesolloCubePinch-20260624-173716-cubepinch_sb_forcemagnitude_s8,force.magnitude,8,6,61,3.05,2.82779,2.21194,5.03973,3682863
pinch_sinusoid,pinch_sweep_size_rand_sinusoid-20260624-142357,TesolloCubePinch,TesolloCubePinch-20260624-173716-cubepinch_sb_forcemagnitude_s8,force.magnitude,8,6,62,3.1,2.86697,2.26745,5.13441,3682863
pinch_sinusoid,pinch_sweep_size_rand_sinusoid-20260624-142357,TesolloCubePinch,TesolloCubePinch-20260624-173716-cubepinch_sb_forcemagnitude_s8,force.magnitude,8,6,63,3.15,2.85145,2.32583,5.17728,3682863
pinch_sinusoid,pinch_sweep_size_rand_sinusoid-20260624-142357,TesolloCubePinch,TesolloCubePinch-20260624-173716-cubepinch_sb_forcemagnitude_s8,force.magnitude,8,6,64,3.2,2.81416,2.46247,5.27663,3682863
pinch_sinusoid,pinch_sweep_size_rand_sinusoid-20260624-142357,TesolloCubePinch,TesolloCubePinch-20260624-173716-cubepinch_sb_forcemagnitude_s8,force.magnitude,8,6,65,3.25,2.61668,2.5599,5.17658,3682863
pinch_sinusoid,pinch_sweep_size_rand_sinusoid-20260624-142357,TesolloCubePinch,TesolloCubePinch-20260624-173716-cubepinch_sb_forcemagnitude_s8,force.magnitude,8,6,66,3.3,2.64205,2.53988,5.18193,3682863
pinch_sinusoid,pinch_sweep_size_rand_sinusoid-20260624-142357,TesolloCubePinch,TesolloCubePinch-20260624-173716-cubepinch_sb_forcemagnitude_s8,force.magnitude,8,6,67,3.35,2.63361,2.54932,5.18293,3682863
pinch_sinusoid,pinch_sweep_size_rand_sinusoid-20260624-142357,TesolloCubePinch,TesolloCubePinch-20260624-173716-cubepinch_sb_forcemagnitude_s8,force.magnitude,8,6,68,3.4,2.60233,2.47333,5.07566,3682863
pinch_sinusoid,pinch_sweep_size_rand_sinusoid-20260624-142357,TesolloCubePinch,TesolloCubePinch-20260624-173716-cubepinch_sb_forcemagnitude_s8,force.magnitude,8,6,69,3.45,2.53094,2.39611,4.92705,3682863
pinch_sinusoid,pinch_sweep_size_rand_sinusoid-20260624-142357,TesolloCubePinch,TesolloCubePinch-20260624-173716-cubepinch_sb_forcemagnitude_s8,force.magnitude,8,6,70,3.5,2.29351,2.3551,4.6486,3682863
pinch_sinusoid,pinch_sweep_size_rand_sinusoid-20260624-142357,TesolloCubePinch,TesolloCubePinch-20260624-173716-cubepinch_sb_forcemagnitude_s8,force.magnitude,8,6,71,3.55,2.10143,2.2896,4.39103,3682863
pinch_sinusoid,pinch_sweep_size_rand_sinusoid-20260624-142357,TesolloCubePinch,TesolloCubePinch-20260624-173716-cubepinch_sb_forcemagnitude_s8,force.magnitude,8,6,72,3.6,1.99224,2.24679,4.23903,3682863
pinch_sinusoid,pinch_sweep_size_rand_sinusoid-20260624-142357,TesolloCubePinch,TesolloCubePinch-20260624-173716-cubepinch_sb_forcemagnitude_s8,force.magnitude,8,6,73,3.65,1.90613,2.24463,4.15076,3682863
pinch_sinusoid,pinch_sweep_size_rand_sinusoid-20260624-142357,TesolloCubePinch,TesolloCubePinch-20260624-173716-cubepinch_sb_forcemagnitude_s8,force.magnitude,8,6,74,3.7,1.80398,2.14634,3.95032,3682863
pinch_sinusoid,pinch_sweep_size_rand_sinusoid-20260624-142357,TesolloCubePinch,TesolloCubePinch-20260624-173716-cubepinch_sb_forcemagnitude_s8,force.magnitude,8,6,75,3.75,1.72104,1.84233,3.56338,3682863
pinch_sinusoid,pinch_sweep_size_rand_sinusoid-20260624-142357,TesolloCubePinch,TesolloCubePinch-20260624-173716-cubepinch_sb_forcemagnitude_s8,force.magnitude,8,6,76,3.8,1.69073,1.74792,3.43865,3682863
pinch_sinusoid,pinch_sweep_size_rand_sinusoid-20260624-142357,TesolloCubePinch,TesolloCubePinch-20260624-173716-cubepinch_sb_forcemagnitude_s8,force.magnitude,8,6,77,3.85,1.62501,1.5021,3.12711,3682863
pinch_sinusoid,pinch_sweep_size_rand_sinusoid-20260624-142357,TesolloCubePinch,TesolloCubePinch-20260624-173716-cubepinch_sb_forcemagnitude_s8,force.magnitude,8,6,78,3.9,1.5605,1.38645,2.94696,3682863
pinch_sinusoid,pinch_sweep_size_rand_sinusoid-20260624-142357,TesolloCubePinch,TesolloCubePinch-20260624-173716-cubepinch_sb_forcemagnitude_s8,force.magnitude,8,6,79,3.95,1.42436,1.29297,2.71734,3682863
pinch_sinusoid,pinch_sweep_size_rand_sinusoid-20260624-142357,TesolloCubePinch,TesolloCubePinch-20260624-173716-cubepinch_sb_forcemagnitude_s8,force.magnitude,8,7,0,0.0,0.0,0.0,0.0,3682863
pinch_sinusoid,pinch_sweep_size_rand_sinusoid-20260624-142357,TesolloCubePinch,TesolloCubePinch-20260624-173716-cubepinch_sb_forcemagnitude_s8,force.magnitude,8,7,1,0.05,0.0,0.0,0.0,3682863
pinch_sinusoid,pinch_sweep_size_rand_sinusoid-20260624-142357,TesolloCubePinch,TesolloCubePinch-20260624-173716-cubepinch_sb_forcemagnitude_s8,force.magnitude,8,7,2,0.1,0.0,0.0,0.0,3682863
pinch_sinusoid,pinch_sweep_size_rand_sinusoid-20260624-142357,TesolloCubePinch,TesolloCubePinch-20260624-173716-cubepinch_sb_forcemagnitude_s8,force.magnitude,8,7,3,0.15,0.0,0.0,0.0,3682863
pinch_sinusoid,pinch_sweep_size_rand_sinusoid-20260624-142357,TesolloCubePinch,TesolloCubePinch-20260624-173716-cubepinch_sb_forcemagnitude_s8,force.magnitude,8,7,4,0.2,2.39429,0.0,2.39429,3682863
pinch_sinusoid,pinch_sweep_size_rand_sinusoid-20260624-142357,TesolloCubePinch,TesolloCubePinch-20260624-173716-cubepinch_sb_forcemagnitude_s8,force.magnitude,8,7,5,0.25,3.09726,0.0,3.09726,3682863
pinch_sinusoid,pinch_sweep_size_rand_sinusoid-20260624-142357,TesolloCubePinch,TesolloCubePinch-20260624-173716-cubepinch_sb_forcemagnitude_s8,force.magnitude,8,7,6,0.3,0.0,0.0,0.0,3682863
pinch_sinusoid,pinch_sweep_size_rand_sinusoid-20260624-142357,TesolloCubePinch,TesolloCubePinch-20260624-173716-cubepinch_sb_forcemagnitude_s8,force.magnitude,8,7,7,0.35,2.14673,0.0,2.14673,3682863
pinch_sinusoid,pinch_sweep_size_rand_sinusoid-20260624-142357,TesolloCubePinch,TesolloCubePinch-20260624-173716-cubepinch_sb_forcemagnitude_s8,force.magnitude,8,7,8,0.4,0.0,0.36713,0.36713,3682863
pinch_sinusoid,pinch_sweep_size_rand_sinusoid-20260624-142357,TesolloCubePinch,TesolloCubePinch-20260624-173716-cubepinch_sb_forcemagnitude_s8,force.magnitude,8,7,9,0.45,1.35137,0.52324,1.87461,3682863
pinch_sinusoid,pinch_sweep_size_rand_sinusoid-20260624-142357,TesolloCubePinch,TesolloCubePinch-20260624-173716-cubepinch_sb_forcemagnitude_s8,force.magnitude,8,7,10,0.5,2.38043,0.0,2.38043,3682863
pinch_sinusoid,pinch_sweep_size_rand_sinusoid-20260624-142357,TesolloCubePinch,TesolloCubePinch-20260624-173716-cubepinch_sb_forcemagnitude_s8,force.magnitude,8,7,11,0.55,1.42941,0.50008,1.92949,3682863
pinch_sinusoid,pinch_sweep_size_rand_sinusoid-20260624-142357,TesolloCubePinch,TesolloCubePinch-20260624-173716-cubepinch_sb_forcemagnitude_s8,force.magnitude,8,7,12,0.6,1.38109,0.84795,2.22904,3682863
pinch_sinusoid,pinch_sweep_size_rand_sinusoid-20260624-142357,TesolloCubePinch,TesolloCubePinch-20260624-173716-cubepinch_sb_forcemagnitude_s8,force.magnitude,8,7,13,0.65,1.73569,0.85326,2.58895,3682863
pinch_sinusoid,pinch_sweep_size_rand_sinusoid-20260624-142357,TesolloCubePinch,TesolloCubePinch-20260624-173716-cubepinch_sb_forcemagnitude_s8,force.magnitude,8,7,14,0.7,1.18008,0.88168,2.06176,3682863
pinch_sinusoid,pinch_sweep_size_rand_sinusoid-20260624-142357,TesolloCubePinch,TesolloCubePinch-20260624-173716-cubepinch_sb_forcemagnitude_s8,force.magnitude,8,7,15,0.75,1.19206,1.04741,2.23947,3682863
pinch_sinusoid,pinch_sweep_size_rand_sinusoid-20260624-142357,TesolloCubePinch,TesolloCubePinch-20260624-173716-cubepinch_sb_forcemagnitude_s8,force.magnitude,8,7,16,0.8,1.32032,1.13322,2.45354,3682863
pinch_sinusoid,pinch_sweep_size_rand_sinusoid-20260624-142357,TesolloCubePinch,TesolloCubePinch-20260624-173716-cubepinch_sb_forcemagnitude_s8,force.magnitude,8,7,17,0.85,1.42421,1.23079,2.655,3682863
pinch_sinusoid,pinch_sweep_size_rand_sinusoid-20260624-142357,TesolloCubePinch,TesolloCubePinch-20260624-173716-cubepinch_sb_forcemagnitude_s8,force.magnitude,8,7,18,0.9,1.54843,1.38239,2.93082,3682863
pinch_sinusoid,pinch_sweep_size_rand_sinusoid-20260624-142357,TesolloCubePinch,TesolloCubePinch-20260624-173716-cubepinch_sb_forcemagnitude_s8,force.magnitude,8,7,19,0.95,1.69489,1.53813,3.23301,3682863
pinch_sinusoid,pinch_sweep_size_rand_sinusoid-20260624-142357,TesolloCubePinch,TesolloCubePinch-20260624-173716-cubepinch_sb_forcemagnitude_s8,force.magnitude,8,7,20,1.0,1.88636,1.44184,3.3282,3682863
pinch_sinusoid,pinch_sweep_size_rand_sinusoid-20260624-142357,TesolloCubePinch,TesolloCubePinch-20260624-173716-cubepinch_sb_forcemagnitude_s8,force.magnitude,8,7,21,1.05,2.22415,1.43602,3.66017,3682863
pinch_sinusoid,pinch_sweep_size_rand_sinusoid-20260624-142357,TesolloCubePinch,TesolloCubePinch-20260624-173716-cubepinch_sb_forcemagnitude_s8,force.magnitude,8,7,22,1.1,2.20811,1.77186,3.97997,3682863
pinch_sinusoid,pinch_sweep_size_rand_sinusoid-20260624-142357,TesolloCubePinch,TesolloCubePinch-20260624-173716-cubepinch_sb_forcemagnitude_s8,force.magnitude,8,7,23,1.15,2.18308,2.00441,4.18749,3682863
pinch_sinusoid,pinch_sweep_size_rand_sinusoid-20260624-142357,TesolloCubePinch,TesolloCubePinch-20260624-173716-cubepinch_sb_forcemagnitude_s8,force.magnitude,8,7,24,1.2,2.31367,2.12548,4.43916,3682863
pinch_sinusoid,pinch_sweep_size_rand_sinusoid-20260624-142357,TesolloCubePinch,TesolloCubePinch-20260624-173716-cubepinch_sb_forcemagnitude_s8,force.magnitude,8,7,25,1.25,2.42436,2.16875,4.59311,3682863
pinch_sinusoid,pinch_sweep_size_rand_sinusoid-20260624-142357,TesolloCubePinch,TesolloCubePinch-20260624-173716-cubepinch_sb_forcemagnitude_s8,force.magnitude,8,7,26,1.3,2.66324,2.24294,4.90619,3682863
pinch_sinusoid,pinch_sweep_size_rand_sinusoid-20260624-142357,TesolloCubePinch,TesolloCubePinch-20260624-173716-cubepinch_sb_forcemagnitude_s8,force.magnitude,8,7,27,1.35,2.81079,2.31756,5.12835,3682863
pinch_sinusoid,pinch_sweep_size_rand_sinusoid-20260624-142357,TesolloCubePinch,TesolloCubePinch-20260624-173716-cubepinch_sb_forcemagnitude_s8,force.magnitude,8,7,28,1.4,2.81181,2.3883,5.20011,3682863
pinch_sinusoid,pinch_sweep_size_rand_sinusoid-20260624-142357,TesolloCubePinch,TesolloCubePinch-20260624-173716-cubepinch_sb_forcemagnitude_s8,force.magnitude,8,7,29,1.45,2.78717,2.52418,5.31135,3682863
pinch_sinusoid,pinch_sweep_size_rand_sinusoid-20260624-142357,TesolloCubePinch,TesolloCubePinch-20260624-173716-cubepinch_sb_forcemagnitude_s8,force.magnitude,8,7,30,1.5,2.60881,2.61113,5.21994,3682863
pinch_sinusoid,pinch_sweep_size_rand_sinusoid-20260624-142357,TesolloCubePinch,TesolloCubePinch-20260624-173716-cubepinch_sb_forcemagnitude_s8,force.magnitude,8,7,31,1.55,2.54852,2.66301,5.21153,3682863
pinch_sinusoid,pinch_sweep_size_rand_sinusoid-20260624-142357,TesolloCubePinch,TesolloCubePinch-20260624-173716-cubepinch_sb_forcemagnitude_s8,force.magnitude,8,7,32,1.6,2.56773,2.60307,5.17079,3682863
pinch_sinusoid,pinch_sweep_size_rand_sinusoid-20260624-142357,TesolloCubePinch,TesolloCubePinch-20260624-173716-cubepinch_sb_forcemagnitude_s8,force.magnitude,8,7,33,1.65,2.54275,2.56929,5.11204,3682863
pinch_sinusoid,pinch_sweep_size_rand_sinusoid-20260624-142357,TesolloCubePinch,TesolloCubePinch-20260624-173716-cubepinch_sb_forcemagnitude_s8,force.magnitude,8,7,34,1.7,2.50076,2.51224,5.013,3682863
pinch_sinusoid,pinch_sweep_size_rand_sinusoid-20260624-142357,TesolloCubePinch,TesolloCubePinch-20260624-173716-cubepinch_sb_forcemagnitude_s8,force.magnitude,8,7,35,1.75,2.41137,2.44198,4.85335,3682863
pinch_sinusoid,pinch_sweep_size_rand_sinusoid-20260624-142357,TesolloCubePinch,TesolloCubePinch-20260624-173716-cubepinch_sb_forcemagnitude_s8,force.magnitude,8,7,36,1.8,2.41519,2.32986,4.74505,3682863
pinch_sinusoid,pinch_sweep_size_rand_sinusoid-20260624-142357,TesolloCubePinch,TesolloCubePinch-20260624-173716-cubepinch_sb_forcemagnitude_s8,force.magnitude,8,7,37,1.85,2.10752,2.25905,4.36658,3682863
pinch_sinusoid,pinch_sweep_size_rand_sinusoid-20260624-142357,TesolloCubePinch,TesolloCubePinch-20260624-173716-cubepinch_sb_forcemagnitude_s8,force.magnitude,8,7,38,1.9,1.94296,2.25609,4.19905,3682863
pinch_sinusoid,pinch_sweep_size_rand_sinusoid-20260624-142357,TesolloCubePinch,TesolloCubePinch-20260624-173716-cubepinch_sb_forcemagnitude_s8,force.magnitude,8,7,39,1.95,1.83088,2.21633,4.04721,3682863
pinch_sinusoid,pinch_sweep_size_rand_sinusoid-20260624-142357,TesolloCubePinch,TesolloCubePinch-20260624-173716-cubepinch_sb_forcemagnitude_s8,force.magnitude,8,7,40,2.0,1.71401,1.72128,3.43529,3682863
pinch_sinusoid,pinch_sweep_size_rand_sinusoid-20260624-142357,TesolloCubePinch,TesolloCubePinch-20260624-173716-cubepinch_sb_forcemagnitude_s8,force.magnitude,8,7,41,2.05,1.74013,1.60577,3.3459,3682863
pinch_sinusoid,pinch_sweep_size_rand_sinusoid-20260624-142357,TesolloCubePinch,TesolloCubePinch-20260624-173716-cubepinch_sb_forcemagnitude_s8,force.magnitude,8,7,42,2.1,1.67213,1.615,3.28713,3682863
pinch_sinusoid,pinch_sweep_size_rand_sinusoid-20260624-142357,TesolloCubePinch,TesolloCubePinch-20260624-173716-cubepinch_sb_forcemagnitude_s8,force.magnitude,8,7,43,2.15,1.57745,1.45555,3.033,3682863
pinch_sinusoid,pinch_sweep_size_rand_sinusoid-20260624-142357,TesolloCubePinch,TesolloCubePinch-20260624-173716-cubepinch_sb_forcemagnitude_s8,force.magnitude,8,7,44,2.2,1.4761,1.31816,2.79426,3682863
pinch_sinusoid,pinch_sweep_size_rand_sinusoid-20260624-142357,TesolloCubePinch,TesolloCubePinch-20260624-173716-cubepinch_sb_forcemagnitude_s8,force.magnitude,8,7,45,2.25,1.3419,1.23284,2.57474,3682863
pinch_sinusoid,pinch_sweep_size_rand_sinusoid-20260624-142357,TesolloCubePinch,TesolloCubePinch-20260624-173716-cubepinch_sb_forcemagnitude_s8,force.magnitude,8,7,46,2.3,1.22242,1.15488,2.3773,3682863
pinch_sinusoid,pinch_sweep_size_rand_sinusoid-20260624-142357,TesolloCubePinch,TesolloCubePinch-20260624-173716-cubepinch_sb_forcemagnitude_s8,force.magnitude,8,7,47,2.35,1.12607,1.08395,2.21002,3682863
pinch_sinusoid,pinch_sweep_size_rand_sinusoid-20260624-142357,TesolloCubePinch,TesolloCubePinch-20260624-173716-cubepinch_sb_forcemagnitude_s8,force.magnitude,8,7,48,2.4,1.0568,1.02861,2.08541,3682863
pinch_sinusoid,pinch_sweep_size_rand_sinusoid-20260624-142357,TesolloCubePinch,TesolloCubePinch-20260624-173716-cubepinch_sb_forcemagnitude_s8,force.magnitude,8,7,49,2.45,1.03033,0.9906,2.02092,3682863
pinch_sinusoid,pinch_sweep_size_rand_sinusoid-20260624-142357,TesolloCubePinch,TesolloCubePinch-20260624-173716-cubepinch_sb_forcemagnitude_s8,force.magnitude,8,7,50,2.5,0.99494,0.97035,1.96529,3682863
pinch_sinusoid,pinch_sweep_size_rand_sinusoid-20260624-142357,TesolloCubePinch,TesolloCubePinch-20260624-173716-cubepinch_sb_forcemagnitude_s8,force.magnitude,8,7,51,2.55,0.98929,0.9684,1.95768,3682863
pinch_sinusoid,pinch_sweep_size_rand_sinusoid-20260624-142357,TesolloCubePinch,TesolloCubePinch-20260624-173716-cubepinch_sb_forcemagnitude_s8,force.magnitude,8,7,52,2.6,0.99958,0.98432,1.9839,3682863
pinch_sinusoid,pinch_sweep_size_rand_sinusoid-20260624-142357,TesolloCubePinch,TesolloCubePinch-20260624-173716-cubepinch_sb_forcemagnitude_s8,force.magnitude,8,7,53,2.65,1.03152,1.01812,2.04964,3682863
pinch_sinusoid,pinch_sweep_size_rand_sinusoid-20260624-142357,TesolloCubePinch,TesolloCubePinch-20260624-173716-cubepinch_sb_forcemagnitude_s8,force.magnitude,8,7,54,2.7,1.08117,1.06212,2.14328,3682863
pinch_sinusoid,pinch_sweep_size_rand_sinusoid-20260624-142357,TesolloCubePinch,TesolloCubePinch-20260624-173716-cubepinch_sb_forcemagnitude_s8,force.magnitude,8,7,55,2.75,1.15759,1.08488,2.24247,3682863
pinch_sinusoid,pinch_sweep_size_rand_sinusoid-20260624-142357,TesolloCubePinch,TesolloCubePinch-20260624-173716-cubepinch_sb_forcemagnitude_s8,force.magnitude,8,7,56,2.8,1.25063,1.16069,2.41132,3682863
pinch_sinusoid,pinch_sweep_size_rand_sinusoid-20260624-142357,TesolloCubePinch,TesolloCubePinch-20260624-173716-cubepinch_sb_forcemagnitude_s8,force.magnitude,8,7,57,2.85,1.34479,1.25272,2.5975,3682863
pinch_sinusoid,pinch_sweep_size_rand_sinusoid-20260624-142357,TesolloCubePinch,TesolloCubePinch-20260624-173716-cubepinch_sb_forcemagnitude_s8,force.magnitude,8,7,58,2.9,1.45436,1.3216,2.77596,3682863
pinch_sinusoid,pinch_sweep_size_rand_sinusoid-20260624-142357,TesolloCubePinch,TesolloCubePinch-20260624-173716-cubepinch_sb_forcemagnitude_s8,force.magnitude,8,7,59,2.95,1.56415,1.42471,2.98886,3682863
pinch_sinusoid,pinch_sweep_size_rand_sinusoid-20260624-142357,TesolloCubePinch,TesolloCubePinch-20260624-173716-cubepinch_sb_forcemagnitude_s8,force.magnitude,8,7,60,3.0,1.73279,1.53265,3.26544,3682863
pinch_sinusoid,pinch_sweep_size_rand_sinusoid-20260624-142357,TesolloCubePinch,TesolloCubePinch-20260624-173716-cubepinch_sb_forcemagnitude_s8,force.magnitude,8,7,61,3.05,2.01221,1.67294,3.68515,3682863
pinch_sinusoid,pinch_sweep_size_rand_sinusoid-20260624-142357,TesolloCubePinch,TesolloCubePinch-20260624-173716-cubepinch_sb_forcemagnitude_s8,force.magnitude,8,7,62,3.1,2.24767,1.79285,4.04051,3682863
pinch_sinusoid,pinch_sweep_size_rand_sinusoid-20260624-142357,TesolloCubePinch,TesolloCubePinch-20260624-173716-cubepinch_sb_forcemagnitude_s8,force.magnitude,8,7,63,3.15,2.27849,2.07142,4.34992,3682863
pinch_sinusoid,pinch_sweep_size_rand_sinusoid-20260624-142357,TesolloCubePinch,TesolloCubePinch-20260624-173716-cubepinch_sb_forcemagnitude_s8,force.magnitude,8,7,64,3.2,2.46227,2.09849,4.56076,3682863
pinch_sinusoid,pinch_sweep_size_rand_sinusoid-20260624-142357,TesolloCubePinch,TesolloCubePinch-20260624-173716-cubepinch_sb_forcemagnitude_s8,force.magnitude,8,7,65,3.25,2.52957,2.14483,4.6744,3682863
pinch_sinusoid,pinch_sweep_size_rand_sinusoid-20260624-142357,TesolloCubePinch,TesolloCubePinch-20260624-173716-cubepinch_sb_forcemagnitude_s8,force.magnitude,8,7,66,3.3,2.80898,2.19209,5.00107,3682863
pinch_sinusoid,pinch_sweep_size_rand_sinusoid-20260624-142357,TesolloCubePinch,TesolloCubePinch-20260624-173716-cubepinch_sb_forcemagnitude_s8,force.magnitude,8,7,67,3.35,2.86676,2.24729,5.11405,3682863
pinch_sinusoid,pinch_sweep_size_rand_sinusoid-20260624-142357,TesolloCubePinch,TesolloCubePinch-20260624-173716-cubepinch_sb_forcemagnitude_s8,force.magnitude,8,7,68,3.4,2.86558,2.30565,5.17123,3682863
pinch_sinusoid,pinch_sweep_size_rand_sinusoid-20260624-142357,TesolloCubePinch,TesolloCubePinch-20260624-173716-cubepinch_sb_forcemagnitude_s8,force.magnitude,8,7,69,3.45,2.82994,2.42328,5.25321,3682863
pinch_sinusoid,pinch_sweep_size_rand_sinusoid-20260624-142357,TesolloCubePinch,TesolloCubePinch-20260624-173716-cubepinch_sb_forcemagnitude_s8,force.magnitude,8,7,70,3.5,2.70041,2.52865,5.22906,3682863
pinch_sinusoid,pinch_sweep_size_rand_sinusoid-20260624-142357,TesolloCubePinch,TesolloCubePinch-20260624-173716-cubepinch_sb_forcemagnitude_s8,force.magnitude,8,7,71,3.55,2.62841,2.52213,5.15054,3682863
pinch_sinusoid,pinch_sweep_size_rand_sinusoid-20260624-142357,TesolloCubePinch,TesolloCubePinch-20260624-173716-cubepinch_sb_forcemagnitude_s8,force.magnitude,8,7,72,3.6,2.63852,2.54905,5.18757,3682863
pinch_sinusoid,pinch_sweep_size_rand_sinusoid-20260624-142357,TesolloCubePinch,TesolloCubePinch-20260624-173716-cubepinch_sb_forcemagnitude_s8,force.magnitude,8,7,73,3.65,2.61583,2.52914,5.14497,3682863
pinch_sinusoid,pinch_sweep_size_rand_sinusoid-20260624-142357,TesolloCubePinch,TesolloCubePinch-20260624-173716-cubepinch_sb_forcemagnitude_s8,force.magnitude,8,7,74,3.7,2.57499,2.38997,4.96496,3682863
pinch_sinusoid,pinch_sweep_size_rand_sinusoid-20260624-142357,TesolloCubePinch,TesolloCubePinch-20260624-173716-cubepinch_sb_forcemagnitude_s8,force.magnitude,8,7,75,3.75,2.38729,2.3668,4.75409,3682863
pinch_sinusoid,pinch_sweep_size_rand_sinusoid-20260624-142357,TesolloCubePinch,TesolloCubePinch-20260624-173716-cubepinch_sb_forcemagnitude_s8,force.magnitude,8,7,76,3.8,2.14975,2.31135,4.4611,3682863
pinch_sinusoid,pinch_sweep_size_rand_sinusoid-20260624-142357,TesolloCubePinch,TesolloCubePinch-20260624-173716-cubepinch_sb_forcemagnitude_s8,force.magnitude,8,7,77,3.85,2.02244,2.25515,4.27759,3682863
pinch_sinusoid,pinch_sweep_size_rand_sinusoid-20260624-142357,TesolloCubePinch,TesolloCubePinch-20260624-173716-cubepinch_sb_forcemagnitude_s8,force.magnitude,8,7,78,3.9,1.93239,2.24318,4.17557,3682863
pinch_sinusoid,pinch_sweep_size_rand_sinusoid-20260624-142357,TesolloCubePinch,TesolloCubePinch-20260624-173716-cubepinch_sb_forcemagnitude_s8,force.magnitude,8,7,79,3.95,1.83688,2.24214,4.07902,3682863
