task,queue,env_name,exp_name,sensor_bundle,suffix,seed,eval_mode,rollout_idx,successful_steps,episode_length,success_fraction,result,env_code_commit
pinch,pinch_sweep_size_rand-20260622-195014,TesolloCubePinch,TesolloCubePinch-20260622-202344-cubepinch_sb_baseline_s1,baseline,cubepinch_sb_baseline_s1,1,det,0,9,80,0.1125,ok,3682863
pinch,pinch_sweep_size_rand-20260622-195014,TesolloCubePinch,TesolloCubePinch-20260622-202344-cubepinch_sb_baseline_s1,baseline,cubepinch_sb_baseline_s1,1,det,1,12,80,0.15,ok,3682863
pinch,pinch_sweep_size_rand-20260622-195014,TesolloCubePinch,TesolloCubePinch-20260622-202344-cubepinch_sb_baseline_s1,baseline,cubepinch_sb_baseline_s1,1,det,2,43,80,0.5375,ok,3682863
pinch,pinch_sweep_size_rand-20260622-195014,TesolloCubePinch,TesolloCubePinch-20260622-202344-cubepinch_sb_baseline_s1,baseline,cubepinch_sb_baseline_s1,1,det,3,0,80,0.0,ok,3682863
pinch,pinch_sweep_size_rand-20260622-195014,TesolloCubePinch,TesolloCubePinch-20260622-202344-cubepinch_sb_baseline_s1,baseline,cubepinch_sb_baseline_s1,1,det,4,1,80,0.0125,ok,3682863
pinch,pinch_sweep_size_rand-20260622-195014,TesolloCubePinch,TesolloCubePinch-20260622-202344-cubepinch_sb_baseline_s1,baseline,cubepinch_sb_baseline_s1,1,det,5,55,80,0.6875,ok,3682863
pinch,pinch_sweep_size_rand-20260622-195014,TesolloCubePinch,TesolloCubePinch-20260622-202344-cubepinch_sb_baseline_s1,baseline,cubepinch_sb_baseline_s1,1,det,6,9,80,0.1125,ok,3682863
pinch,pinch_sweep_size_rand-20260622-195014,TesolloCubePinch,TesolloCubePinch-20260622-202344-cubepinch_sb_baseline_s1,baseline,cubepinch_sb_baseline_s1,1,det,7,10,80,0.125,ok,3682863
pinch,pinch_sweep_size_rand-20260622-195014,TesolloCubePinch,TesolloCubePinch-20260622-202344-cubepinch_sb_baseline_s1,baseline,cubepinch_sb_baseline_s1,1,det,8,59,80,0.7375,ok,3682863
pinch,pinch_sweep_size_rand-20260622-195014,TesolloCubePinch,TesolloCubePinch-20260622-202344-cubepinch_sb_baseline_s1,baseline,cubepinch_sb_baseline_s1,1,det,9,0,80,0.0,ok,3682863
pinch,pinch_sweep_size_rand-20260622-195014,TesolloCubePinch,TesolloCubePinch-20260622-202344-cubepinch_sb_baseline_s1,baseline,cubepinch_sb_baseline_s1,1,det,10,14,80,0.175,ok,3682863
pinch,pinch_sweep_size_rand-20260622-195014,TesolloCubePinch,TesolloCubePinch-20260622-202344-cubepinch_sb_baseline_s1,baseline,cubepinch_sb_baseline_s1,1,det,11,21,80,0.2625,ok,3682863
pinch,pinch_sweep_size_rand-20260622-195014,TesolloCubePinch,TesolloCubePinch-20260622-202344-cubepinch_sb_baseline_s1,baseline,cubepinch_sb_baseline_s1,1,det,12,5,80,0.0625,ok,3682863
pinch,pinch_sweep_size_rand-20260622-195014,TesolloCubePinch,TesolloCubePinch-20260622-202344-cubepinch_sb_baseline_s1,baseline,cubepinch_sb_baseline_s1,1,det,13,34,80,0.425,ok,3682863
pinch,pinch_sweep_size_rand-20260622-195014,TesolloCubePinch,TesolloCubePinch-20260622-202344-cubepinch_sb_baseline_s1,baseline,cubepinch_sb_baseline_s1,1,det,14,7,80,0.0875,ok,3682863
pinch,pinch_sweep_size_rand-20260622-195014,TesolloCubePinch,TesolloCubePinch-20260622-202344-cubepinch_sb_baseline_s1,baseline,cubepinch_sb_baseline_s1,1,det,15,28,80,0.35,ok,3682863
pinch,pinch_sweep_size_rand-20260622-195014,TesolloCubePinch,TesolloCubePinch-20260622-202344-cubepinch_sb_baseline_s1,baseline,cubepinch_sb_baseline_s1,1,det,16,6,80,0.075,ok,3682863
pinch,pinch_sweep_size_rand-20260622-195014,TesolloCubePinch,TesolloCubePinch-20260622-202344-cubepinch_sb_baseline_s1,baseline,cubepinch_sb_baseline_s1,1,det,17,0,80,0.0,ok,3682863
pinch,pinch_sweep_size_rand-20260622-195014,TesolloCubePinch,TesolloCubePinch-20260622-202344-cubepinch_sb_baseline_s1,baseline,cubepinch_sb_baseline_s1,1,det,18,4,80,0.05,ok,3682863
pinch,pinch_sweep_size_rand-20260622-195014,TesolloCubePinch,TesolloCubePinch-20260622-202344-cubepinch_sb_baseline_s1,baseline,cubepinch_sb_baseline_s1,1,det,19,9,80,0.1125,ok,3682863
pinch,pinch_sweep_size_rand-20260622-195014,TesolloCubePinch,TesolloCubePinch-20260622-202344-cubepinch_sb_baseline_s1,baseline,cubepinch_sb_baseline_s1,1,det,20,33,80,0.4125,ok,3682863
pinch,pinch_sweep_size_rand-20260622-195014,TesolloCubePinch,TesolloCubePinch-20260622-202344-cubepinch_sb_baseline_s1,baseline,cubepinch_sb_baseline_s1,1,det,21,21,80,0.2625,ok,3682863
pinch,pinch_sweep_size_rand-20260622-195014,TesolloCubePinch,TesolloCubePinch-20260622-202344-cubepinch_sb_baseline_s1,baseline,cubepinch_sb_baseline_s1,1,det,22,3,80,0.0375,ok,3682863
pinch,pinch_sweep_size_rand-20260622-195014,TesolloCubePinch,TesolloCubePinch-20260622-202344-cubepinch_sb_baseline_s1,baseline,cubepinch_sb_baseline_s1,1,det,23,25,80,0.3125,ok,3682863
pinch,pinch_sweep_size_rand-20260622-195014,TesolloCubePinch,TesolloCubePinch-20260622-202344-cubepinch_sb_baseline_s1,baseline,cubepinch_sb_baseline_s1,1,det,24,27,80,0.3375,ok,3682863
pinch,pinch_sweep_size_rand-20260622-195014,TesolloCubePinch,TesolloCubePinch-20260622-202344-cubepinch_sb_baseline_s1,baseline,cubepinch_sb_baseline_s1,1,det,25,44,80,0.55,ok,3682863
pinch,pinch_sweep_size_rand-20260622-195014,TesolloCubePinch,TesolloCubePinch-20260622-202344-cubepinch_sb_baseline_s1,baseline,cubepinch_sb_baseline_s1,1,det,26,14,80,0.175,ok,3682863
pinch,pinch_sweep_size_rand-20260622-195014,TesolloCubePinch,TesolloCubePinch-20260622-202344-cubepinch_sb_baseline_s1,baseline,cubepinch_sb_baseline_s1,1,det,27,21,80,0.2625,ok,3682863
pinch,pinch_sweep_size_rand-20260622-195014,TesolloCubePinch,TesolloCubePinch-20260622-202344-cubepinch_sb_baseline_s1,baseline,cubepinch_sb_baseline_s1,1,det,28,25,80,0.3125,ok,3682863
pinch,pinch_sweep_size_rand-20260622-195014,TesolloCubePinch,TesolloCubePinch-20260622-202344-cubepinch_sb_baseline_s1,baseline,cubepinch_sb_baseline_s1,1,det,29,7,80,0.0875,ok,3682863
pinch,pinch_sweep_size_rand-20260622-195014,TesolloCubePinch,TesolloCubePinch-20260622-202344-cubepinch_sb_baseline_s1,baseline,cubepinch_sb_baseline_s1,1,det,30,25,80,0.3125,ok,3682863
pinch,pinch_sweep_size_rand-20260622-195014,TesolloCubePinch,TesolloCubePinch-20260622-202344-cubepinch_sb_baseline_s1,baseline,cubepinch_sb_baseline_s1,1,det,31,28,80,0.35,ok,3682863
pinch,pinch_sweep_size_rand-20260622-195014,TesolloCubePinch,TesolloCubePinch-20260622-202344-cubepinch_sb_baseline_s1,baseline,cubepinch_sb_baseline_s1,1,det,32,2,80,0.025,ok,3682863
pinch,pinch_sweep_size_rand-20260622-195014,TesolloCubePinch,TesolloCubePinch-20260622-202344-cubepinch_sb_baseline_s1,baseline,cubepinch_sb_baseline_s1,1,det,33,25,80,0.3125,ok,3682863
pinch,pinch_sweep_size_rand-20260622-195014,TesolloCubePinch,TesolloCubePinch-20260622-202344-cubepinch_sb_baseline_s1,baseline,cubepinch_sb_baseline_s1,1,det,34,12,80,0.15,ok,3682863
pinch,pinch_sweep_size_rand-20260622-195014,TesolloCubePinch,TesolloCubePinch-20260622-202344-cubepinch_sb_baseline_s1,baseline,cubepinch_sb_baseline_s1,1,det,35,6,80,0.075,ok,3682863
pinch,pinch_sweep_size_rand-20260622-195014,TesolloCubePinch,TesolloCubePinch-20260622-202344-cubepinch_sb_baseline_s1,baseline,cubepinch_sb_baseline_s1,1,det,36,17,80,0.2125,ok,3682863
pinch,pinch_sweep_size_rand-20260622-195014,TesolloCubePinch,TesolloCubePinch-20260622-202344-cubepinch_sb_baseline_s1,baseline,cubepinch_sb_baseline_s1,1,det,37,31,80,0.3875,ok,3682863
pinch,pinch_sweep_size_rand-20260622-195014,TesolloCubePinch,TesolloCubePinch-20260622-202344-cubepinch_sb_baseline_s1,baseline,cubepinch_sb_baseline_s1,1,det,38,21,80,0.2625,ok,3682863
pinch,pinch_sweep_size_rand-20260622-195014,TesolloCubePinch,TesolloCubePinch-20260622-202344-cubepinch_sb_baseline_s1,baseline,cubepinch_sb_baseline_s1,1,det,39,2,80,0.025,ok,3682863
pinch,pinch_sweep_size_rand-20260622-195014,TesolloCubePinch,TesolloCubePinch-20260622-202344-cubepinch_sb_baseline_s1,baseline,cubepinch_sb_baseline_s1,1,det,40,30,80,0.375,ok,3682863
pinch,pinch_sweep_size_rand-20260622-195014,TesolloCubePinch,TesolloCubePinch-20260622-202344-cubepinch_sb_baseline_s1,baseline,cubepinch_sb_baseline_s1,1,det,41,4,80,0.05,ok,3682863
pinch,pinch_sweep_size_rand-20260622-195014,TesolloCubePinch,TesolloCubePinch-20260622-202344-cubepinch_sb_baseline_s1,baseline,cubepinch_sb_baseline_s1,1,det,42,19,80,0.2375,ok,3682863
pinch,pinch_sweep_size_rand-20260622-195014,TesolloCubePinch,TesolloCubePinch-20260622-202344-cubepinch_sb_baseline_s1,baseline,cubepinch_sb_baseline_s1,1,det,43,10,80,0.125,ok,3682863
pinch,pinch_sweep_size_rand-20260622-195014,TesolloCubePinch,TesolloCubePinch-20260622-202344-cubepinch_sb_baseline_s1,baseline,cubepinch_sb_baseline_s1,1,det,44,12,80,0.15,ok,3682863
pinch,pinch_sweep_size_rand-20260622-195014,TesolloCubePinch,TesolloCubePinch-20260622-202344-cubepinch_sb_baseline_s1,baseline,cubepinch_sb_baseline_s1,1,det,45,28,80,0.35,ok,3682863
pinch,pinch_sweep_size_rand-20260622-195014,TesolloCubePinch,TesolloCubePinch-20260622-202344-cubepinch_sb_baseline_s1,baseline,cubepinch_sb_baseline_s1,1,det,46,12,80,0.15,ok,3682863
pinch,pinch_sweep_size_rand-20260622-195014,TesolloCubePinch,TesolloCubePinch-20260622-202344-cubepinch_sb_baseline_s1,baseline,cubepinch_sb_baseline_s1,1,det,47,19,80,0.2375,ok,3682863
pinch,pinch_sweep_size_rand-20260622-195014,TesolloCubePinch,TesolloCubePinch-20260622-202344-cubepinch_sb_baseline_s1,baseline,cubepinch_sb_baseline_s1,1,det,48,9,80,0.1125,ok,3682863
pinch,pinch_sweep_size_rand-20260622-195014,TesolloCubePinch,TesolloCubePinch-20260622-202344-cubepinch_sb_baseline_s1,baseline,cubepinch_sb_baseline_s1,1,det,49,25,80,0.3125,ok,3682863
pinch,pinch_sweep_size_rand-20260622-195014,TesolloCubePinch,TesolloCubePinch-20260622-202344-cubepinch_sb_baseline_s1,baseline,cubepinch_sb_baseline_s1,1,det,50,9,80,0.1125,ok,3682863
pinch,pinch_sweep_size_rand-20260622-195014,TesolloCubePinch,TesolloCubePinch-20260622-202344-cubepinch_sb_baseline_s1,baseline,cubepinch_sb_baseline_s1,1,det,51,0,80,0.0,ok,3682863
pinch,pinch_sweep_size_rand-20260622-195014,TesolloCubePinch,TesolloCubePinch-20260622-202344-cubepinch_sb_baseline_s1,baseline,cubepinch_sb_baseline_s1,1,det,52,15,80,0.1875,ok,3682863
pinch,pinch_sweep_size_rand-20260622-195014,TesolloCubePinch,TesolloCubePinch-20260622-202344-cubepinch_sb_baseline_s1,baseline,cubepinch_sb_baseline_s1,1,det,53,36,80,0.45,ok,3682863
pinch,pinch_sweep_size_rand-20260622-195014,TesolloCubePinch,TesolloCubePinch-20260622-202344-cubepinch_sb_baseline_s1,baseline,cubepinch_sb_baseline_s1,1,det,54,5,80,0.0625,ok,3682863
pinch,pinch_sweep_size_rand-20260622-195014,TesolloCubePinch,TesolloCubePinch-20260622-202344-cubepinch_sb_baseline_s1,baseline,cubepinch_sb_baseline_s1,1,det,55,6,80,0.075,ok,3682863
pinch,pinch_sweep_size_rand-20260622-195014,TesolloCubePinch,TesolloCubePinch-20260622-202344-cubepinch_sb_baseline_s1,baseline,cubepinch_sb_baseline_s1,1,det,56,44,80,0.55,ok,3682863
pinch,pinch_sweep_size_rand-20260622-195014,TesolloCubePinch,TesolloCubePinch-20260622-202344-cubepinch_sb_baseline_s1,baseline,cubepinch_sb_baseline_s1,1,det,57,19,80,0.2375,ok,3682863
pinch,pinch_sweep_size_rand-20260622-195014,TesolloCubePinch,TesolloCubePinch-20260622-202344-cubepinch_sb_baseline_s1,baseline,cubepinch_sb_baseline_s1,1,det,58,18,80,0.225,ok,3682863
pinch,pinch_sweep_size_rand-20260622-195014,TesolloCubePinch,TesolloCubePinch-20260622-202344-cubepinch_sb_baseline_s1,baseline,cubepinch_sb_baseline_s1,1,det,59,19,80,0.2375,ok,3682863
pinch,pinch_sweep_size_rand-20260622-195014,TesolloCubePinch,TesolloCubePinch-20260622-202344-cubepinch_sb_baseline_s1,baseline,cubepinch_sb_baseline_s1,1,det,60,13,80,0.1625,ok,3682863
pinch,pinch_sweep_size_rand-20260622-195014,TesolloCubePinch,TesolloCubePinch-20260622-202344-cubepinch_sb_baseline_s1,baseline,cubepinch_sb_baseline_s1,1,det,61,30,80,0.375,ok,3682863
pinch,pinch_sweep_size_rand-20260622-195014,TesolloCubePinch,TesolloCubePinch-20260622-202344-cubepinch_sb_baseline_s1,baseline,cubepinch_sb_baseline_s1,1,det,62,36,80,0.45,ok,3682863
pinch,pinch_sweep_size_rand-20260622-195014,TesolloCubePinch,TesolloCubePinch-20260622-202344-cubepinch_sb_baseline_s1,baseline,cubepinch_sb_baseline_s1,1,det,63,14,80,0.175,ok,3682863
pinch,pinch_sweep_size_rand-20260622-195014,TesolloCubePinch,TesolloCubePinch-20260622-202344-cubepinch_sb_baseline_s1,baseline,cubepinch_sb_baseline_s1,1,det,64,13,80,0.1625,ok,3682863
pinch,pinch_sweep_size_rand-20260622-195014,TesolloCubePinch,TesolloCubePinch-20260622-202344-cubepinch_sb_baseline_s1,baseline,cubepinch_sb_baseline_s1,1,det,65,13,80,0.1625,ok,3682863
pinch,pinch_sweep_size_rand-20260622-195014,TesolloCubePinch,TesolloCubePinch-20260622-202344-cubepinch_sb_baseline_s1,baseline,cubepinch_sb_baseline_s1,1,det,66,26,80,0.325,ok,3682863
pinch,pinch_sweep_size_rand-20260622-195014,TesolloCubePinch,TesolloCubePinch-20260622-202344-cubepinch_sb_baseline_s1,baseline,cubepinch_sb_baseline_s1,1,det,67,54,80,0.675,ok,3682863
pinch,pinch_sweep_size_rand-20260622-195014,TesolloCubePinch,TesolloCubePinch-20260622-202344-cubepinch_sb_baseline_s1,baseline,cubepinch_sb_baseline_s1,1,det,68,25,80,0.3125,ok,3682863
pinch,pinch_sweep_size_rand-20260622-195014,TesolloCubePinch,TesolloCubePinch-20260622-202344-cubepinch_sb_baseline_s1,baseline,cubepinch_sb_baseline_s1,1,det,69,40,80,0.5,ok,3682863
pinch,pinch_sweep_size_rand-20260622-195014,TesolloCubePinch,TesolloCubePinch-20260622-202344-cubepinch_sb_baseline_s1,baseline,cubepinch_sb_baseline_s1,1,det,70,0,80,0.0,ok,3682863
pinch,pinch_sweep_size_rand-20260622-195014,TesolloCubePinch,TesolloCubePinch-20260622-202344-cubepinch_sb_baseline_s1,baseline,cubepinch_sb_baseline_s1,1,det,71,8,80,0.1,ok,3682863
pinch,pinch_sweep_size_rand-20260622-195014,TesolloCubePinch,TesolloCubePinch-20260622-202344-cubepinch_sb_baseline_s1,baseline,cubepinch_sb_baseline_s1,1,det,72,28,80,0.35,ok,3682863
pinch,pinch_sweep_size_rand-20260622-195014,TesolloCubePinch,TesolloCubePinch-20260622-202344-cubepinch_sb_baseline_s1,baseline,cubepinch_sb_baseline_s1,1,det,73,33,80,0.4125,ok,3682863
pinch,pinch_sweep_size_rand-20260622-195014,TesolloCubePinch,TesolloCubePinch-20260622-202344-cubepinch_sb_baseline_s1,baseline,cubepinch_sb_baseline_s1,1,det,74,0,80,0.0,ok,3682863
pinch,pinch_sweep_size_rand-20260622-195014,TesolloCubePinch,TesolloCubePinch-20260622-202344-cubepinch_sb_baseline_s1,baseline,cubepinch_sb_baseline_s1,1,det,75,22,80,0.275,ok,3682863
pinch,pinch_sweep_size_rand-20260622-195014,TesolloCubePinch,TesolloCubePinch-20260622-202344-cubepinch_sb_baseline_s1,baseline,cubepinch_sb_baseline_s1,1,det,76,17,80,0.2125,ok,3682863
pinch,pinch_sweep_size_rand-20260622-195014,TesolloCubePinch,TesolloCubePinch-20260622-202344-cubepinch_sb_baseline_s1,baseline,cubepinch_sb_baseline_s1,1,det,77,45,80,0.5625,ok,3682863
pinch,pinch_sweep_size_rand-20260622-195014,TesolloCubePinch,TesolloCubePinch-20260622-202344-cubepinch_sb_baseline_s1,baseline,cubepinch_sb_baseline_s1,1,det,78,3,80,0.0375,ok,3682863
pinch,pinch_sweep_size_rand-20260622-195014,TesolloCubePinch,TesolloCubePinch-20260622-202344-cubepinch_sb_baseline_s1,baseline,cubepinch_sb_baseline_s1,1,det,79,44,80,0.55,ok,3682863
pinch,pinch_sweep_size_rand-20260622-195014,TesolloCubePinch,TesolloCubePinch-20260622-202344-cubepinch_sb_baseline_s1,baseline,cubepinch_sb_baseline_s1,1,det,80,37,80,0.4625,ok,3682863
pinch,pinch_sweep_size_rand-20260622-195014,TesolloCubePinch,TesolloCubePinch-20260622-202344-cubepinch_sb_baseline_s1,baseline,cubepinch_sb_baseline_s1,1,det,81,30,80,0.375,ok,3682863
pinch,pinch_sweep_size_rand-20260622-195014,TesolloCubePinch,TesolloCubePinch-20260622-202344-cubepinch_sb_baseline_s1,baseline,cubepinch_sb_baseline_s1,1,det,82,3,80,0.0375,ok,3682863
pinch,pinch_sweep_size_rand-20260622-195014,TesolloCubePinch,TesolloCubePinch-20260622-202344-cubepinch_sb_baseline_s1,baseline,cubepinch_sb_baseline_s1,1,det,83,27,80,0.3375,ok,3682863
pinch,pinch_sweep_size_rand-20260622-195014,TesolloCubePinch,TesolloCubePinch-20260622-202344-cubepinch_sb_baseline_s1,baseline,cubepinch_sb_baseline_s1,1,det,84,45,80,0.5625,ok,3682863
pinch,pinch_sweep_size_rand-20260622-195014,TesolloCubePinch,TesolloCubePinch-20260622-202344-cubepinch_sb_baseline_s1,baseline,cubepinch_sb_baseline_s1,1,det,85,20,80,0.25,ok,3682863
pinch,pinch_sweep_size_rand-20260622-195014,TesolloCubePinch,TesolloCubePinch-20260622-202344-cubepinch_sb_baseline_s1,baseline,cubepinch_sb_baseline_s1,1,det,86,1,80,0.0125,ok,3682863
pinch,pinch_sweep_size_rand-20260622-195014,TesolloCubePinch,TesolloCubePinch-20260622-202344-cubepinch_sb_baseline_s1,baseline,cubepinch_sb_baseline_s1,1,det,87,54,80,0.675,ok,3682863
pinch,pinch_sweep_size_rand-20260622-195014,TesolloCubePinch,TesolloCubePinch-20260622-202344-cubepinch_sb_baseline_s1,baseline,cubepinch_sb_baseline_s1,1,det,88,41,80,0.5125,ok,3682863
pinch,pinch_sweep_size_rand-20260622-195014,TesolloCubePinch,TesolloCubePinch-20260622-202344-cubepinch_sb_baseline_s1,baseline,cubepinch_sb_baseline_s1,1,det,89,12,80,0.15,ok,3682863
pinch,pinch_sweep_size_rand-20260622-195014,TesolloCubePinch,TesolloCubePinch-20260622-202344-cubepinch_sb_baseline_s1,baseline,cubepinch_sb_baseline_s1,1,det,90,7,80,0.0875,ok,3682863
pinch,pinch_sweep_size_rand-20260622-195014,TesolloCubePinch,TesolloCubePinch-20260622-202344-cubepinch_sb_baseline_s1,baseline,cubepinch_sb_baseline_s1,1,det,91,1,80,0.0125,ok,3682863
pinch,pinch_sweep_size_rand-20260622-195014,TesolloCubePinch,TesolloCubePinch-20260622-202344-cubepinch_sb_baseline_s1,baseline,cubepinch_sb_baseline_s1,1,det,92,27,80,0.3375,ok,3682863
pinch,pinch_sweep_size_rand-20260622-195014,TesolloCubePinch,TesolloCubePinch-20260622-202344-cubepinch_sb_baseline_s1,baseline,cubepinch_sb_baseline_s1,1,det,93,0,80,0.0,ok,3682863
pinch,pinch_sweep_size_rand-20260622-195014,TesolloCubePinch,TesolloCubePinch-20260622-202344-cubepinch_sb_baseline_s1,baseline,cubepinch_sb_baseline_s1,1,det,94,13,80,0.1625,ok,3682863
pinch,pinch_sweep_size_rand-20260622-195014,TesolloCubePinch,TesolloCubePinch-20260622-202344-cubepinch_sb_baseline_s1,baseline,cubepinch_sb_baseline_s1,1,det,95,6,80,0.075,ok,3682863
pinch,pinch_sweep_size_rand-20260622-195014,TesolloCubePinch,TesolloCubePinch-20260622-202344-cubepinch_sb_baseline_s1,baseline,cubepinch_sb_baseline_s1,1,det,96,8,80,0.1,ok,3682863
pinch,pinch_sweep_size_rand-20260622-195014,TesolloCubePinch,TesolloCubePinch-20260622-202344-cubepinch_sb_baseline_s1,baseline,cubepinch_sb_baseline_s1,1,det,97,3,80,0.0375,ok,3682863
pinch,pinch_sweep_size_rand-20260622-195014,TesolloCubePinch,TesolloCubePinch-20260622-202344-cubepinch_sb_baseline_s1,baseline,cubepinch_sb_baseline_s1,1,det,98,0,80,0.0,ok,3682863
pinch,pinch_sweep_size_rand-20260622-195014,TesolloCubePinch,TesolloCubePinch-20260622-202344-cubepinch_sb_baseline_s1,baseline,cubepinch_sb_baseline_s1,1,det,99,39,80,0.4875,ok,3682863
pinch,pinch_sweep_size_rand-20260622-195014,TesolloCubePinch,TesolloCubePinch-20260622-203506-cubepinch_sb_baseline_s2,baseline,cubepinch_sb_baseline_s2,2,det,0,36,80,0.45,ok,3682863
pinch,pinch_sweep_size_rand-20260622-195014,TesolloCubePinch,TesolloCubePinch-20260622-203506-cubepinch_sb_baseline_s2,baseline,cubepinch_sb_baseline_s2,2,det,1,45,80,0.5625,ok,3682863
pinch,pinch_sweep_size_rand-20260622-195014,TesolloCubePinch,TesolloCubePinch-20260622-203506-cubepinch_sb_baseline_s2,baseline,cubepinch_sb_baseline_s2,2,det,2,32,80,0.4,ok,3682863
pinch,pinch_sweep_size_rand-20260622-195014,TesolloCubePinch,TesolloCubePinch-20260622-203506-cubepinch_sb_baseline_s2,baseline,cubepinch_sb_baseline_s2,2,det,3,3,80,0.0375,ok,3682863
pinch,pinch_sweep_size_rand-20260622-195014,TesolloCubePinch,TesolloCubePinch-20260622-203506-cubepinch_sb_baseline_s2,baseline,cubepinch_sb_baseline_s2,2,det,4,0,80,0.0,ok,3682863
pinch,pinch_sweep_size_rand-20260622-195014,TesolloCubePinch,TesolloCubePinch-20260622-203506-cubepinch_sb_baseline_s2,baseline,cubepinch_sb_baseline_s2,2,det,5,52,80,0.65,ok,3682863
pinch,pinch_sweep_size_rand-20260622-195014,TesolloCubePinch,TesolloCubePinch-20260622-203506-cubepinch_sb_baseline_s2,baseline,cubepinch_sb_baseline_s2,2,det,6,27,80,0.3375,ok,3682863
pinch,pinch_sweep_size_rand-20260622-195014,TesolloCubePinch,TesolloCubePinch-20260622-203506-cubepinch_sb_baseline_s2,baseline,cubepinch_sb_baseline_s2,2,det,7,8,80,0.1,ok,3682863
pinch,pinch_sweep_size_rand-20260622-195014,TesolloCubePinch,TesolloCubePinch-20260622-203506-cubepinch_sb_baseline_s2,baseline,cubepinch_sb_baseline_s2,2,det,8,53,80,0.6625,ok,3682863
pinch,pinch_sweep_size_rand-20260622-195014,TesolloCubePinch,TesolloCubePinch-20260622-203506-cubepinch_sb_baseline_s2,baseline,cubepinch_sb_baseline_s2,2,det,9,13,80,0.1625,ok,3682863
pinch,pinch_sweep_size_rand-20260622-195014,TesolloCubePinch,TesolloCubePinch-20260622-203506-cubepinch_sb_baseline_s2,baseline,cubepinch_sb_baseline_s2,2,det,10,22,80,0.275,ok,3682863
pinch,pinch_sweep_size_rand-20260622-195014,TesolloCubePinch,TesolloCubePinch-20260622-203506-cubepinch_sb_baseline_s2,baseline,cubepinch_sb_baseline_s2,2,det,11,39,80,0.4875,ok,3682863
pinch,pinch_sweep_size_rand-20260622-195014,TesolloCubePinch,TesolloCubePinch-20260622-203506-cubepinch_sb_baseline_s2,baseline,cubepinch_sb_baseline_s2,2,det,12,31,80,0.3875,ok,3682863
pinch,pinch_sweep_size_rand-20260622-195014,TesolloCubePinch,TesolloCubePinch-20260622-203506-cubepinch_sb_baseline_s2,baseline,cubepinch_sb_baseline_s2,2,det,13,12,80,0.15,ok,3682863
pinch,pinch_sweep_size_rand-20260622-195014,TesolloCubePinch,TesolloCubePinch-20260622-203506-cubepinch_sb_baseline_s2,baseline,cubepinch_sb_baseline_s2,2,det,14,13,80,0.1625,ok,3682863
pinch,pinch_sweep_size_rand-20260622-195014,TesolloCubePinch,TesolloCubePinch-20260622-203506-cubepinch_sb_baseline_s2,baseline,cubepinch_sb_baseline_s2,2,det,15,28,80,0.35,ok,3682863
pinch,pinch_sweep_size_rand-20260622-195014,TesolloCubePinch,TesolloCubePinch-20260622-203506-cubepinch_sb_baseline_s2,baseline,cubepinch_sb_baseline_s2,2,det,16,34,80,0.425,ok,3682863
pinch,pinch_sweep_size_rand-20260622-195014,TesolloCubePinch,TesolloCubePinch-20260622-203506-cubepinch_sb_baseline_s2,baseline,cubepinch_sb_baseline_s2,2,det,17,14,80,0.175,ok,3682863
pinch,pinch_sweep_size_rand-20260622-195014,TesolloCubePinch,TesolloCubePinch-20260622-203506-cubepinch_sb_baseline_s2,baseline,cubepinch_sb_baseline_s2,2,det,18,5,80,0.0625,ok,3682863
pinch,pinch_sweep_size_rand-20260622-195014,TesolloCubePinch,TesolloCubePinch-20260622-203506-cubepinch_sb_baseline_s2,baseline,cubepinch_sb_baseline_s2,2,det,19,17,80,0.2125,ok,3682863
pinch,pinch_sweep_size_rand-20260622-195014,TesolloCubePinch,TesolloCubePinch-20260622-203506-cubepinch_sb_baseline_s2,baseline,cubepinch_sb_baseline_s2,2,det,20,38,80,0.475,ok,3682863
pinch,pinch_sweep_size_rand-20260622-195014,TesolloCubePinch,TesolloCubePinch-20260622-203506-cubepinch_sb_baseline_s2,baseline,cubepinch_sb_baseline_s2,2,det,21,32,80,0.4,ok,3682863
pinch,pinch_sweep_size_rand-20260622-195014,TesolloCubePinch,TesolloCubePinch-20260622-203506-cubepinch_sb_baseline_s2,baseline,cubepinch_sb_baseline_s2,2,det,22,1,80,0.0125,ok,3682863
pinch,pinch_sweep_size_rand-20260622-195014,TesolloCubePinch,TesolloCubePinch-20260622-203506-cubepinch_sb_baseline_s2,baseline,cubepinch_sb_baseline_s2,2,det,23,15,80,0.1875,ok,3682863
pinch,pinch_sweep_size_rand-20260622-195014,TesolloCubePinch,TesolloCubePinch-20260622-203506-cubepinch_sb_baseline_s2,baseline,cubepinch_sb_baseline_s2,2,det,24,56,80,0.7,ok,3682863
pinch,pinch_sweep_size_rand-20260622-195014,TesolloCubePinch,TesolloCubePinch-20260622-203506-cubepinch_sb_baseline_s2,baseline,cubepinch_sb_baseline_s2,2,det,25,39,80,0.4875,ok,3682863
pinch,pinch_sweep_size_rand-20260622-195014,TesolloCubePinch,TesolloCubePinch-20260622-203506-cubepinch_sb_baseline_s2,baseline,cubepinch_sb_baseline_s2,2,det,26,45,80,0.5625,ok,3682863
pinch,pinch_sweep_size_rand-20260622-195014,TesolloCubePinch,TesolloCubePinch-20260622-203506-cubepinch_sb_baseline_s2,baseline,cubepinch_sb_baseline_s2,2,det,27,61,80,0.7625,ok,3682863
pinch,pinch_sweep_size_rand-20260622-195014,TesolloCubePinch,TesolloCubePinch-20260622-203506-cubepinch_sb_baseline_s2,baseline,cubepinch_sb_baseline_s2,2,det,28,47,80,0.5875,ok,3682863
pinch,pinch_sweep_size_rand-20260622-195014,TesolloCubePinch,TesolloCubePinch-20260622-203506-cubepinch_sb_baseline_s2,baseline,cubepinch_sb_baseline_s2,2,det,29,28,80,0.35,ok,3682863
pinch,pinch_sweep_size_rand-20260622-195014,TesolloCubePinch,TesolloCubePinch-20260622-203506-cubepinch_sb_baseline_s2,baseline,cubepinch_sb_baseline_s2,2,det,30,46,80,0.575,ok,3682863
pinch,pinch_sweep_size_rand-20260622-195014,TesolloCubePinch,TesolloCubePinch-20260622-203506-cubepinch_sb_baseline_s2,baseline,cubepinch_sb_baseline_s2,2,det,31,32,80,0.4,ok,3682863
pinch,pinch_sweep_size_rand-20260622-195014,TesolloCubePinch,TesolloCubePinch-20260622-203506-cubepinch_sb_baseline_s2,baseline,cubepinch_sb_baseline_s2,2,det,32,37,80,0.4625,ok,3682863
pinch,pinch_sweep_size_rand-20260622-195014,TesolloCubePinch,TesolloCubePinch-20260622-203506-cubepinch_sb_baseline_s2,baseline,cubepinch_sb_baseline_s2,2,det,33,52,80,0.65,ok,3682863
pinch,pinch_sweep_size_rand-20260622-195014,TesolloCubePinch,TesolloCubePinch-20260622-203506-cubepinch_sb_baseline_s2,baseline,cubepinch_sb_baseline_s2,2,det,34,32,80,0.4,ok,3682863
pinch,pinch_sweep_size_rand-20260622-195014,TesolloCubePinch,TesolloCubePinch-20260622-203506-cubepinch_sb_baseline_s2,baseline,cubepinch_sb_baseline_s2,2,det,35,30,80,0.375,ok,3682863
pinch,pinch_sweep_size_rand-20260622-195014,TesolloCubePinch,TesolloCubePinch-20260622-203506-cubepinch_sb_baseline_s2,baseline,cubepinch_sb_baseline_s2,2,det,36,4,80,0.05,ok,3682863
pinch,pinch_sweep_size_rand-20260622-195014,TesolloCubePinch,TesolloCubePinch-20260622-203506-cubepinch_sb_baseline_s2,baseline,cubepinch_sb_baseline_s2,2,det,37,49,80,0.6125,ok,3682863
pinch,pinch_sweep_size_rand-20260622-195014,TesolloCubePinch,TesolloCubePinch-20260622-203506-cubepinch_sb_baseline_s2,baseline,cubepinch_sb_baseline_s2,2,det,38,10,80,0.125,ok,3682863
pinch,pinch_sweep_size_rand-20260622-195014,TesolloCubePinch,TesolloCubePinch-20260622-203506-cubepinch_sb_baseline_s2,baseline,cubepinch_sb_baseline_s2,2,det,39,21,80,0.2625,ok,3682863
pinch,pinch_sweep_size_rand-20260622-195014,TesolloCubePinch,TesolloCubePinch-20260622-203506-cubepinch_sb_baseline_s2,baseline,cubepinch_sb_baseline_s2,2,det,40,44,80,0.55,ok,3682863
pinch,pinch_sweep_size_rand-20260622-195014,TesolloCubePinch,TesolloCubePinch-20260622-203506-cubepinch_sb_baseline_s2,baseline,cubepinch_sb_baseline_s2,2,det,41,38,80,0.475,ok,3682863
pinch,pinch_sweep_size_rand-20260622-195014,TesolloCubePinch,TesolloCubePinch-20260622-203506-cubepinch_sb_baseline_s2,baseline,cubepinch_sb_baseline_s2,2,det,42,27,80,0.3375,ok,3682863
pinch,pinch_sweep_size_rand-20260622-195014,TesolloCubePinch,TesolloCubePinch-20260622-203506-cubepinch_sb_baseline_s2,baseline,cubepinch_sb_baseline_s2,2,det,43,20,80,0.25,ok,3682863
pinch,pinch_sweep_size_rand-20260622-195014,TesolloCubePinch,TesolloCubePinch-20260622-203506-cubepinch_sb_baseline_s2,baseline,cubepinch_sb_baseline_s2,2,det,44,21,80,0.2625,ok,3682863
pinch,pinch_sweep_size_rand-20260622-195014,TesolloCubePinch,TesolloCubePinch-20260622-203506-cubepinch_sb_baseline_s2,baseline,cubepinch_sb_baseline_s2,2,det,45,24,80,0.3,ok,3682863
pinch,pinch_sweep_size_rand-20260622-195014,TesolloCubePinch,TesolloCubePinch-20260622-203506-cubepinch_sb_baseline_s2,baseline,cubepinch_sb_baseline_s2,2,det,46,44,80,0.55,ok,3682863
pinch,pinch_sweep_size_rand-20260622-195014,TesolloCubePinch,TesolloCubePinch-20260622-203506-cubepinch_sb_baseline_s2,baseline,cubepinch_sb_baseline_s2,2,det,47,17,80,0.2125,ok,3682863
pinch,pinch_sweep_size_rand-20260622-195014,TesolloCubePinch,TesolloCubePinch-20260622-203506-cubepinch_sb_baseline_s2,baseline,cubepinch_sb_baseline_s2,2,det,48,22,80,0.275,ok,3682863
pinch,pinch_sweep_size_rand-20260622-195014,TesolloCubePinch,TesolloCubePinch-20260622-203506-cubepinch_sb_baseline_s2,baseline,cubepinch_sb_baseline_s2,2,det,49,32,80,0.4,ok,3682863
pinch,pinch_sweep_size_rand-20260622-195014,TesolloCubePinch,TesolloCubePinch-20260622-203506-cubepinch_sb_baseline_s2,baseline,cubepinch_sb_baseline_s2,2,det,50,42,80,0.525,ok,3682863
pinch,pinch_sweep_size_rand-20260622-195014,TesolloCubePinch,TesolloCubePinch-20260622-203506-cubepinch_sb_baseline_s2,baseline,cubepinch_sb_baseline_s2,2,det,51,8,80,0.1,ok,3682863
pinch,pinch_sweep_size_rand-20260622-195014,TesolloCubePinch,TesolloCubePinch-20260622-203506-cubepinch_sb_baseline_s2,baseline,cubepinch_sb_baseline_s2,2,det,52,55,80,0.6875,ok,3682863
pinch,pinch_sweep_size_rand-20260622-195014,TesolloCubePinch,TesolloCubePinch-20260622-203506-cubepinch_sb_baseline_s2,baseline,cubepinch_sb_baseline_s2,2,det,53,35,80,0.4375,ok,3682863
pinch,pinch_sweep_size_rand-20260622-195014,TesolloCubePinch,TesolloCubePinch-20260622-203506-cubepinch_sb_baseline_s2,baseline,cubepinch_sb_baseline_s2,2,det,54,0,80,0.0,ok,3682863
pinch,pinch_sweep_size_rand-20260622-195014,TesolloCubePinch,TesolloCubePinch-20260622-203506-cubepinch_sb_baseline_s2,baseline,cubepinch_sb_baseline_s2,2,det,55,30,80,0.375,ok,3682863
pinch,pinch_sweep_size_rand-20260622-195014,TesolloCubePinch,TesolloCubePinch-20260622-203506-cubepinch_sb_baseline_s2,baseline,cubepinch_sb_baseline_s2,2,det,56,21,80,0.2625,ok,3682863
pinch,pinch_sweep_size_rand-20260622-195014,TesolloCubePinch,TesolloCubePinch-20260622-203506-cubepinch_sb_baseline_s2,baseline,cubepinch_sb_baseline_s2,2,det,57,42,80,0.525,ok,3682863
pinch,pinch_sweep_size_rand-20260622-195014,TesolloCubePinch,TesolloCubePinch-20260622-203506-cubepinch_sb_baseline_s2,baseline,cubepinch_sb_baseline_s2,2,det,58,3,80,0.0375,ok,3682863
pinch,pinch_sweep_size_rand-20260622-195014,TesolloCubePinch,TesolloCubePinch-20260622-203506-cubepinch_sb_baseline_s2,baseline,cubepinch_sb_baseline_s2,2,det,59,46,80,0.575,ok,3682863
pinch,pinch_sweep_size_rand-20260622-195014,TesolloCubePinch,TesolloCubePinch-20260622-203506-cubepinch_sb_baseline_s2,baseline,cubepinch_sb_baseline_s2,2,det,60,2,80,0.025,ok,3682863
pinch,pinch_sweep_size_rand-20260622-195014,TesolloCubePinch,TesolloCubePinch-20260622-203506-cubepinch_sb_baseline_s2,baseline,cubepinch_sb_baseline_s2,2,det,61,51,80,0.6375,ok,3682863
pinch,pinch_sweep_size_rand-20260622-195014,TesolloCubePinch,TesolloCubePinch-20260622-203506-cubepinch_sb_baseline_s2,baseline,cubepinch_sb_baseline_s2,2,det,62,56,80,0.7,ok,3682863
pinch,pinch_sweep_size_rand-20260622-195014,TesolloCubePinch,TesolloCubePinch-20260622-203506-cubepinch_sb_baseline_s2,baseline,cubepinch_sb_baseline_s2,2,det,63,31,80,0.3875,ok,3682863
pinch,pinch_sweep_size_rand-20260622-195014,TesolloCubePinch,TesolloCubePinch-20260622-203506-cubepinch_sb_baseline_s2,baseline,cubepinch_sb_baseline_s2,2,det,64,13,80,0.1625,ok,3682863
pinch,pinch_sweep_size_rand-20260622-195014,TesolloCubePinch,TesolloCubePinch-20260622-203506-cubepinch_sb_baseline_s2,baseline,cubepinch_sb_baseline_s2,2,det,65,9,80,0.1125,ok,3682863
pinch,pinch_sweep_size_rand-20260622-195014,TesolloCubePinch,TesolloCubePinch-20260622-203506-cubepinch_sb_baseline_s2,baseline,cubepinch_sb_baseline_s2,2,det,66,40,80,0.5,ok,3682863
pinch,pinch_sweep_size_rand-20260622-195014,TesolloCubePinch,TesolloCubePinch-20260622-203506-cubepinch_sb_baseline_s2,baseline,cubepinch_sb_baseline_s2,2,det,67,49,80,0.6125,ok,3682863
pinch,pinch_sweep_size_rand-20260622-195014,TesolloCubePinch,TesolloCubePinch-20260622-203506-cubepinch_sb_baseline_s2,baseline,cubepinch_sb_baseline_s2,2,det,68,36,80,0.45,ok,3682863
pinch,pinch_sweep_size_rand-20260622-195014,TesolloCubePinch,TesolloCubePinch-20260622-203506-cubepinch_sb_baseline_s2,baseline,cubepinch_sb_baseline_s2,2,det,69,46,80,0.575,ok,3682863
pinch,pinch_sweep_size_rand-20260622-195014,TesolloCubePinch,TesolloCubePinch-20260622-203506-cubepinch_sb_baseline_s2,baseline,cubepinch_sb_baseline_s2,2,det,70,0,80,0.0,ok,3682863
pinch,pinch_sweep_size_rand-20260622-195014,TesolloCubePinch,TesolloCubePinch-20260622-203506-cubepinch_sb_baseline_s2,baseline,cubepinch_sb_baseline_s2,2,det,71,19,80,0.2375,ok,3682863
pinch,pinch_sweep_size_rand-20260622-195014,TesolloCubePinch,TesolloCubePinch-20260622-203506-cubepinch_sb_baseline_s2,baseline,cubepinch_sb_baseline_s2,2,det,72,36,80,0.45,ok,3682863
pinch,pinch_sweep_size_rand-20260622-195014,TesolloCubePinch,TesolloCubePinch-20260622-203506-cubepinch_sb_baseline_s2,baseline,cubepinch_sb_baseline_s2,2,det,73,32,80,0.4,ok,3682863
pinch,pinch_sweep_size_rand-20260622-195014,TesolloCubePinch,TesolloCubePinch-20260622-203506-cubepinch_sb_baseline_s2,baseline,cubepinch_sb_baseline_s2,2,det,74,14,80,0.175,ok,3682863
pinch,pinch_sweep_size_rand-20260622-195014,TesolloCubePinch,TesolloCubePinch-20260622-203506-cubepinch_sb_baseline_s2,baseline,cubepinch_sb_baseline_s2,2,det,75,35,80,0.4375,ok,3682863
pinch,pinch_sweep_size_rand-20260622-195014,TesolloCubePinch,TesolloCubePinch-20260622-203506-cubepinch_sb_baseline_s2,baseline,cubepinch_sb_baseline_s2,2,det,76,56,80,0.7,ok,3682863
pinch,pinch_sweep_size_rand-20260622-195014,TesolloCubePinch,TesolloCubePinch-20260622-203506-cubepinch_sb_baseline_s2,baseline,cubepinch_sb_baseline_s2,2,det,77,17,80,0.2125,ok,3682863
pinch,pinch_sweep_size_rand-20260622-195014,TesolloCubePinch,TesolloCubePinch-20260622-203506-cubepinch_sb_baseline_s2,baseline,cubepinch_sb_baseline_s2,2,det,78,21,80,0.2625,ok,3682863
pinch,pinch_sweep_size_rand-20260622-195014,TesolloCubePinch,TesolloCubePinch-20260622-203506-cubepinch_sb_baseline_s2,baseline,cubepinch_sb_baseline_s2,2,det,79,48,80,0.6,ok,3682863
pinch,pinch_sweep_size_rand-20260622-195014,TesolloCubePinch,TesolloCubePinch-20260622-203506-cubepinch_sb_baseline_s2,baseline,cubepinch_sb_baseline_s2,2,det,80,29,80,0.3625,ok,3682863
pinch,pinch_sweep_size_rand-20260622-195014,TesolloCubePinch,TesolloCubePinch-20260622-203506-cubepinch_sb_baseline_s2,baseline,cubepinch_sb_baseline_s2,2,det,81,36,80,0.45,ok,3682863
pinch,pinch_sweep_size_rand-20260622-195014,TesolloCubePinch,TesolloCubePinch-20260622-203506-cubepinch_sb_baseline_s2,baseline,cubepinch_sb_baseline_s2,2,det,82,32,80,0.4,ok,3682863
pinch,pinch_sweep_size_rand-20260622-195014,TesolloCubePinch,TesolloCubePinch-20260622-203506-cubepinch_sb_baseline_s2,baseline,cubepinch_sb_baseline_s2,2,det,83,56,80,0.7,ok,3682863
pinch,pinch_sweep_size_rand-20260622-195014,TesolloCubePinch,TesolloCubePinch-20260622-203506-cubepinch_sb_baseline_s2,baseline,cubepinch_sb_baseline_s2,2,det,84,18,80,0.225,ok,3682863
pinch,pinch_sweep_size_rand-20260622-195014,TesolloCubePinch,TesolloCubePinch-20260622-203506-cubepinch_sb_baseline_s2,baseline,cubepinch_sb_baseline_s2,2,det,85,14,80,0.175,ok,3682863
pinch,pinch_sweep_size_rand-20260622-195014,TesolloCubePinch,TesolloCubePinch-20260622-203506-cubepinch_sb_baseline_s2,baseline,cubepinch_sb_baseline_s2,2,det,86,17,80,0.2125,ok,3682863
pinch,pinch_sweep_size_rand-20260622-195014,TesolloCubePinch,TesolloCubePinch-20260622-203506-cubepinch_sb_baseline_s2,baseline,cubepinch_sb_baseline_s2,2,det,87,48,80,0.6,ok,3682863
pinch,pinch_sweep_size_rand-20260622-195014,TesolloCubePinch,TesolloCubePinch-20260622-203506-cubepinch_sb_baseline_s2,baseline,cubepinch_sb_baseline_s2,2,det,88,25,80,0.3125,ok,3682863
pinch,pinch_sweep_size_rand-20260622-195014,TesolloCubePinch,TesolloCubePinch-20260622-203506-cubepinch_sb_baseline_s2,baseline,cubepinch_sb_baseline_s2,2,det,89,32,80,0.4,ok,3682863
pinch,pinch_sweep_size_rand-20260622-195014,TesolloCubePinch,TesolloCubePinch-20260622-203506-cubepinch_sb_baseline_s2,baseline,cubepinch_sb_baseline_s2,2,det,90,21,80,0.2625,ok,3682863
pinch,pinch_sweep_size_rand-20260622-195014,TesolloCubePinch,TesolloCubePinch-20260622-203506-cubepinch_sb_baseline_s2,baseline,cubepinch_sb_baseline_s2,2,det,91,42,80,0.525,ok,3682863
pinch,pinch_sweep_size_rand-20260622-195014,TesolloCubePinch,TesolloCubePinch-20260622-203506-cubepinch_sb_baseline_s2,baseline,cubepinch_sb_baseline_s2,2,det,92,45,80,0.5625,ok,3682863
pinch,pinch_sweep_size_rand-20260622-195014,TesolloCubePinch,TesolloCubePinch-20260622-203506-cubepinch_sb_baseline_s2,baseline,cubepinch_sb_baseline_s2,2,det,93,0,80,0.0,ok,3682863
pinch,pinch_sweep_size_rand-20260622-195014,TesolloCubePinch,TesolloCubePinch-20260622-203506-cubepinch_sb_baseline_s2,baseline,cubepinch_sb_baseline_s2,2,det,94,8,80,0.1,ok,3682863
pinch,pinch_sweep_size_rand-20260622-195014,TesolloCubePinch,TesolloCubePinch-20260622-203506-cubepinch_sb_baseline_s2,baseline,cubepinch_sb_baseline_s2,2,det,95,8,80,0.1,ok,3682863
pinch,pinch_sweep_size_rand-20260622-195014,TesolloCubePinch,TesolloCubePinch-20260622-203506-cubepinch_sb_baseline_s2,baseline,cubepinch_sb_baseline_s2,2,det,96,16,80,0.2,ok,3682863
pinch,pinch_sweep_size_rand-20260622-195014,TesolloCubePinch,TesolloCubePinch-20260622-203506-cubepinch_sb_baseline_s2,baseline,cubepinch_sb_baseline_s2,2,det,97,23,80,0.2875,ok,3682863
pinch,pinch_sweep_size_rand-20260622-195014,TesolloCubePinch,TesolloCubePinch-20260622-203506-cubepinch_sb_baseline_s2,baseline,cubepinch_sb_baseline_s2,2,det,98,17,80,0.2125,ok,3682863
pinch,pinch_sweep_size_rand-20260622-195014,TesolloCubePinch,TesolloCubePinch-20260622-203506-cubepinch_sb_baseline_s2,baseline,cubepinch_sb_baseline_s2,2,det,99,35,80,0.4375,ok,3682863
pinch,pinch_sweep_size_rand-20260622-195014,TesolloCubePinch,TesolloCubePinch-20260622-204625-cubepinch_sb_baseline_s3,baseline,cubepinch_sb_baseline_s3,3,det,0,28,80,0.35,ok,3682863
pinch,pinch_sweep_size_rand-20260622-195014,TesolloCubePinch,TesolloCubePinch-20260622-204625-cubepinch_sb_baseline_s3,baseline,cubepinch_sb_baseline_s3,3,det,1,44,80,0.55,ok,3682863
pinch,pinch_sweep_size_rand-20260622-195014,TesolloCubePinch,TesolloCubePinch-20260622-204625-cubepinch_sb_baseline_s3,baseline,cubepinch_sb_baseline_s3,3,det,2,60,80,0.75,ok,3682863
pinch,pinch_sweep_size_rand-20260622-195014,TesolloCubePinch,TesolloCubePinch-20260622-204625-cubepinch_sb_baseline_s3,baseline,cubepinch_sb_baseline_s3,3,det,3,25,80,0.3125,ok,3682863
pinch,pinch_sweep_size_rand-20260622-195014,TesolloCubePinch,TesolloCubePinch-20260622-204625-cubepinch_sb_baseline_s3,baseline,cubepinch_sb_baseline_s3,3,det,4,12,80,0.15,ok,3682863
pinch,pinch_sweep_size_rand-20260622-195014,TesolloCubePinch,TesolloCubePinch-20260622-204625-cubepinch_sb_baseline_s3,baseline,cubepinch_sb_baseline_s3,3,det,5,59,80,0.7375,ok,3682863
pinch,pinch_sweep_size_rand-20260622-195014,TesolloCubePinch,TesolloCubePinch-20260622-204625-cubepinch_sb_baseline_s3,baseline,cubepinch_sb_baseline_s3,3,det,6,28,80,0.35,ok,3682863
pinch,pinch_sweep_size_rand-20260622-195014,TesolloCubePinch,TesolloCubePinch-20260622-204625-cubepinch_sb_baseline_s3,baseline,cubepinch_sb_baseline_s3,3,det,7,29,80,0.3625,ok,3682863
pinch,pinch_sweep_size_rand-20260622-195014,TesolloCubePinch,TesolloCubePinch-20260622-204625-cubepinch_sb_baseline_s3,baseline,cubepinch_sb_baseline_s3,3,det,8,35,80,0.4375,ok,3682863
pinch,pinch_sweep_size_rand-20260622-195014,TesolloCubePinch,TesolloCubePinch-20260622-204625-cubepinch_sb_baseline_s3,baseline,cubepinch_sb_baseline_s3,3,det,9,31,80,0.3875,ok,3682863
pinch,pinch_sweep_size_rand-20260622-195014,TesolloCubePinch,TesolloCubePinch-20260622-204625-cubepinch_sb_baseline_s3,baseline,cubepinch_sb_baseline_s3,3,det,10,16,80,0.2,ok,3682863
pinch,pinch_sweep_size_rand-20260622-195014,TesolloCubePinch,TesolloCubePinch-20260622-204625-cubepinch_sb_baseline_s3,baseline,cubepinch_sb_baseline_s3,3,det,11,44,80,0.55,ok,3682863
pinch,pinch_sweep_size_rand-20260622-195014,TesolloCubePinch,TesolloCubePinch-20260622-204625-cubepinch_sb_baseline_s3,baseline,cubepinch_sb_baseline_s3,3,det,12,10,80,0.125,ok,3682863
pinch,pinch_sweep_size_rand-20260622-195014,TesolloCubePinch,TesolloCubePinch-20260622-204625-cubepinch_sb_baseline_s3,baseline,cubepinch_sb_baseline_s3,3,det,13,37,80,0.4625,ok,3682863
pinch,pinch_sweep_size_rand-20260622-195014,TesolloCubePinch,TesolloCubePinch-20260622-204625-cubepinch_sb_baseline_s3,baseline,cubepinch_sb_baseline_s3,3,det,14,29,80,0.3625,ok,3682863
pinch,pinch_sweep_size_rand-20260622-195014,TesolloCubePinch,TesolloCubePinch-20260622-204625-cubepinch_sb_baseline_s3,baseline,cubepinch_sb_baseline_s3,3,det,15,25,80,0.3125,ok,3682863
pinch,pinch_sweep_size_rand-20260622-195014,TesolloCubePinch,TesolloCubePinch-20260622-204625-cubepinch_sb_baseline_s3,baseline,cubepinch_sb_baseline_s3,3,det,16,34,80,0.425,ok,3682863
pinch,pinch_sweep_size_rand-20260622-195014,TesolloCubePinch,TesolloCubePinch-20260622-204625-cubepinch_sb_baseline_s3,baseline,cubepinch_sb_baseline_s3,3,det,17,23,80,0.2875,ok,3682863
pinch,pinch_sweep_size_rand-20260622-195014,TesolloCubePinch,TesolloCubePinch-20260622-204625-cubepinch_sb_baseline_s3,baseline,cubepinch_sb_baseline_s3,3,det,18,11,80,0.1375,ok,3682863
pinch,pinch_sweep_size_rand-20260622-195014,TesolloCubePinch,TesolloCubePinch-20260622-204625-cubepinch_sb_baseline_s3,baseline,cubepinch_sb_baseline_s3,3,det,19,23,80,0.2875,ok,3682863
pinch,pinch_sweep_size_rand-20260622-195014,TesolloCubePinch,TesolloCubePinch-20260622-204625-cubepinch_sb_baseline_s3,baseline,cubepinch_sb_baseline_s3,3,det,20,35,80,0.4375,ok,3682863
pinch,pinch_sweep_size_rand-20260622-195014,TesolloCubePinch,TesolloCubePinch-20260622-204625-cubepinch_sb_baseline_s3,baseline,cubepinch_sb_baseline_s3,3,det,21,45,80,0.5625,ok,3682863
pinch,pinch_sweep_size_rand-20260622-195014,TesolloCubePinch,TesolloCubePinch-20260622-204625-cubepinch_sb_baseline_s3,baseline,cubepinch_sb_baseline_s3,3,det,22,4,80,0.05,ok,3682863
pinch,pinch_sweep_size_rand-20260622-195014,TesolloCubePinch,TesolloCubePinch-20260622-204625-cubepinch_sb_baseline_s3,baseline,cubepinch_sb_baseline_s3,3,det,23,33,80,0.4125,ok,3682863
pinch,pinch_sweep_size_rand-20260622-195014,TesolloCubePinch,TesolloCubePinch-20260622-204625-cubepinch_sb_baseline_s3,baseline,cubepinch_sb_baseline_s3,3,det,24,59,80,0.7375,ok,3682863
pinch,pinch_sweep_size_rand-20260622-195014,TesolloCubePinch,TesolloCubePinch-20260622-204625-cubepinch_sb_baseline_s3,baseline,cubepinch_sb_baseline_s3,3,det,25,37,80,0.4625,ok,3682863
pinch,pinch_sweep_size_rand-20260622-195014,TesolloCubePinch,TesolloCubePinch-20260622-204625-cubepinch_sb_baseline_s3,baseline,cubepinch_sb_baseline_s3,3,det,26,36,80,0.45,ok,3682863
pinch,pinch_sweep_size_rand-20260622-195014,TesolloCubePinch,TesolloCubePinch-20260622-204625-cubepinch_sb_baseline_s3,baseline,cubepinch_sb_baseline_s3,3,det,27,59,80,0.7375,ok,3682863
pinch,pinch_sweep_size_rand-20260622-195014,TesolloCubePinch,TesolloCubePinch-20260622-204625-cubepinch_sb_baseline_s3,baseline,cubepinch_sb_baseline_s3,3,det,28,55,80,0.6875,ok,3682863
pinch,pinch_sweep_size_rand-20260622-195014,TesolloCubePinch,TesolloCubePinch-20260622-204625-cubepinch_sb_baseline_s3,baseline,cubepinch_sb_baseline_s3,3,det,29,22,80,0.275,ok,3682863
pinch,pinch_sweep_size_rand-20260622-195014,TesolloCubePinch,TesolloCubePinch-20260622-204625-cubepinch_sb_baseline_s3,baseline,cubepinch_sb_baseline_s3,3,det,30,36,80,0.45,ok,3682863
pinch,pinch_sweep_size_rand-20260622-195014,TesolloCubePinch,TesolloCubePinch-20260622-204625-cubepinch_sb_baseline_s3,baseline,cubepinch_sb_baseline_s3,3,det,31,41,80,0.5125,ok,3682863
pinch,pinch_sweep_size_rand-20260622-195014,TesolloCubePinch,TesolloCubePinch-20260622-204625-cubepinch_sb_baseline_s3,baseline,cubepinch_sb_baseline_s3,3,det,32,37,80,0.4625,ok,3682863
pinch,pinch_sweep_size_rand-20260622-195014,TesolloCubePinch,TesolloCubePinch-20260622-204625-cubepinch_sb_baseline_s3,baseline,cubepinch_sb_baseline_s3,3,det,33,59,80,0.7375,ok,3682863
pinch,pinch_sweep_size_rand-20260622-195014,TesolloCubePinch,TesolloCubePinch-20260622-204625-cubepinch_sb_baseline_s3,baseline,cubepinch_sb_baseline_s3,3,det,34,36,80,0.45,ok,3682863
pinch,pinch_sweep_size_rand-20260622-195014,TesolloCubePinch,TesolloCubePinch-20260622-204625-cubepinch_sb_baseline_s3,baseline,cubepinch_sb_baseline_s3,3,det,35,16,80,0.2,ok,3682863
pinch,pinch_sweep_size_rand-20260622-195014,TesolloCubePinch,TesolloCubePinch-20260622-204625-cubepinch_sb_baseline_s3,baseline,cubepinch_sb_baseline_s3,3,det,36,26,80,0.325,ok,3682863
pinch,pinch_sweep_size_rand-20260622-195014,TesolloCubePinch,TesolloCubePinch-20260622-204625-cubepinch_sb_baseline_s3,baseline,cubepinch_sb_baseline_s3,3,det,37,19,80,0.2375,ok,3682863
pinch,pinch_sweep_size_rand-20260622-195014,TesolloCubePinch,TesolloCubePinch-20260622-204625-cubepinch_sb_baseline_s3,baseline,cubepinch_sb_baseline_s3,3,det,38,23,80,0.2875,ok,3682863
pinch,pinch_sweep_size_rand-20260622-195014,TesolloCubePinch,TesolloCubePinch-20260622-204625-cubepinch_sb_baseline_s3,baseline,cubepinch_sb_baseline_s3,3,det,39,13,80,0.1625,ok,3682863
pinch,pinch_sweep_size_rand-20260622-195014,TesolloCubePinch,TesolloCubePinch-20260622-204625-cubepinch_sb_baseline_s3,baseline,cubepinch_sb_baseline_s3,3,det,40,49,80,0.6125,ok,3682863
pinch,pinch_sweep_size_rand-20260622-195014,TesolloCubePinch,TesolloCubePinch-20260622-204625-cubepinch_sb_baseline_s3,baseline,cubepinch_sb_baseline_s3,3,det,41,55,80,0.6875,ok,3682863
pinch,pinch_sweep_size_rand-20260622-195014,TesolloCubePinch,TesolloCubePinch-20260622-204625-cubepinch_sb_baseline_s3,baseline,cubepinch_sb_baseline_s3,3,det,42,34,80,0.425,ok,3682863
pinch,pinch_sweep_size_rand-20260622-195014,TesolloCubePinch,TesolloCubePinch-20260622-204625-cubepinch_sb_baseline_s3,baseline,cubepinch_sb_baseline_s3,3,det,43,23,80,0.2875,ok,3682863
pinch,pinch_sweep_size_rand-20260622-195014,TesolloCubePinch,TesolloCubePinch-20260622-204625-cubepinch_sb_baseline_s3,baseline,cubepinch_sb_baseline_s3,3,det,44,37,80,0.4625,ok,3682863
pinch,pinch_sweep_size_rand-20260622-195014,TesolloCubePinch,TesolloCubePinch-20260622-204625-cubepinch_sb_baseline_s3,baseline,cubepinch_sb_baseline_s3,3,det,45,16,80,0.2,ok,3682863
pinch,pinch_sweep_size_rand-20260622-195014,TesolloCubePinch,TesolloCubePinch-20260622-204625-cubepinch_sb_baseline_s3,baseline,cubepinch_sb_baseline_s3,3,det,46,10,80,0.125,ok,3682863
pinch,pinch_sweep_size_rand-20260622-195014,TesolloCubePinch,TesolloCubePinch-20260622-204625-cubepinch_sb_baseline_s3,baseline,cubepinch_sb_baseline_s3,3,det,47,33,80,0.4125,ok,3682863
pinch,pinch_sweep_size_rand-20260622-195014,TesolloCubePinch,TesolloCubePinch-20260622-204625-cubepinch_sb_baseline_s3,baseline,cubepinch_sb_baseline_s3,3,det,48,13,80,0.1625,ok,3682863
pinch,pinch_sweep_size_rand-20260622-195014,TesolloCubePinch,TesolloCubePinch-20260622-204625-cubepinch_sb_baseline_s3,baseline,cubepinch_sb_baseline_s3,3,det,49,26,80,0.325,ok,3682863
pinch,pinch_sweep_size_rand-20260622-195014,TesolloCubePinch,TesolloCubePinch-20260622-204625-cubepinch_sb_baseline_s3,baseline,cubepinch_sb_baseline_s3,3,det,50,40,80,0.5,ok,3682863
pinch,pinch_sweep_size_rand-20260622-195014,TesolloCubePinch,TesolloCubePinch-20260622-204625-cubepinch_sb_baseline_s3,baseline,cubepinch_sb_baseline_s3,3,det,51,13,80,0.1625,ok,3682863
pinch,pinch_sweep_size_rand-20260622-195014,TesolloCubePinch,TesolloCubePinch-20260622-204625-cubepinch_sb_baseline_s3,baseline,cubepinch_sb_baseline_s3,3,det,52,12,80,0.15,ok,3682863
pinch,pinch_sweep_size_rand-20260622-195014,TesolloCubePinch,TesolloCubePinch-20260622-204625-cubepinch_sb_baseline_s3,baseline,cubepinch_sb_baseline_s3,3,det,53,4,80,0.05,ok,3682863
pinch,pinch_sweep_size_rand-20260622-195014,TesolloCubePinch,TesolloCubePinch-20260622-204625-cubepinch_sb_baseline_s3,baseline,cubepinch_sb_baseline_s3,3,det,54,19,80,0.2375,ok,3682863
pinch,pinch_sweep_size_rand-20260622-195014,TesolloCubePinch,TesolloCubePinch-20260622-204625-cubepinch_sb_baseline_s3,baseline,cubepinch_sb_baseline_s3,3,det,55,4,80,0.05,ok,3682863
pinch,pinch_sweep_size_rand-20260622-195014,TesolloCubePinch,TesolloCubePinch-20260622-204625-cubepinch_sb_baseline_s3,baseline,cubepinch_sb_baseline_s3,3,det,56,59,80,0.7375,ok,3682863
pinch,pinch_sweep_size_rand-20260622-195014,TesolloCubePinch,TesolloCubePinch-20260622-204625-cubepinch_sb_baseline_s3,baseline,cubepinch_sb_baseline_s3,3,det,57,14,80,0.175,ok,3682863
pinch,pinch_sweep_size_rand-20260622-195014,TesolloCubePinch,TesolloCubePinch-20260622-204625-cubepinch_sb_baseline_s3,baseline,cubepinch_sb_baseline_s3,3,det,58,15,80,0.1875,ok,3682863
pinch,pinch_sweep_size_rand-20260622-195014,TesolloCubePinch,TesolloCubePinch-20260622-204625-cubepinch_sb_baseline_s3,baseline,cubepinch_sb_baseline_s3,3,det,59,56,80,0.7,ok,3682863
pinch,pinch_sweep_size_rand-20260622-195014,TesolloCubePinch,TesolloCubePinch-20260622-204625-cubepinch_sb_baseline_s3,baseline,cubepinch_sb_baseline_s3,3,det,60,3,80,0.0375,ok,3682863
pinch,pinch_sweep_size_rand-20260622-195014,TesolloCubePinch,TesolloCubePinch-20260622-204625-cubepinch_sb_baseline_s3,baseline,cubepinch_sb_baseline_s3,3,det,61,49,80,0.6125,ok,3682863
pinch,pinch_sweep_size_rand-20260622-195014,TesolloCubePinch,TesolloCubePinch-20260622-204625-cubepinch_sb_baseline_s3,baseline,cubepinch_sb_baseline_s3,3,det,62,57,80,0.7125,ok,3682863
pinch,pinch_sweep_size_rand-20260622-195014,TesolloCubePinch,TesolloCubePinch-20260622-204625-cubepinch_sb_baseline_s3,baseline,cubepinch_sb_baseline_s3,3,det,63,29,80,0.3625,ok,3682863
pinch,pinch_sweep_size_rand-20260622-195014,TesolloCubePinch,TesolloCubePinch-20260622-204625-cubepinch_sb_baseline_s3,baseline,cubepinch_sb_baseline_s3,3,det,64,35,80,0.4375,ok,3682863
pinch,pinch_sweep_size_rand-20260622-195014,TesolloCubePinch,TesolloCubePinch-20260622-204625-cubepinch_sb_baseline_s3,baseline,cubepinch_sb_baseline_s3,3,det,65,24,80,0.3,ok,3682863
pinch,pinch_sweep_size_rand-20260622-195014,TesolloCubePinch,TesolloCubePinch-20260622-204625-cubepinch_sb_baseline_s3,baseline,cubepinch_sb_baseline_s3,3,det,66,40,80,0.5,ok,3682863
pinch,pinch_sweep_size_rand-20260622-195014,TesolloCubePinch,TesolloCubePinch-20260622-204625-cubepinch_sb_baseline_s3,baseline,cubepinch_sb_baseline_s3,3,det,67,45,80,0.5625,ok,3682863
pinch,pinch_sweep_size_rand-20260622-195014,TesolloCubePinch,TesolloCubePinch-20260622-204625-cubepinch_sb_baseline_s3,baseline,cubepinch_sb_baseline_s3,3,det,68,11,80,0.1375,ok,3682863
pinch,pinch_sweep_size_rand-20260622-195014,TesolloCubePinch,TesolloCubePinch-20260622-204625-cubepinch_sb_baseline_s3,baseline,cubepinch_sb_baseline_s3,3,det,69,49,80,0.6125,ok,3682863
pinch,pinch_sweep_size_rand-20260622-195014,TesolloCubePinch,TesolloCubePinch-20260622-204625-cubepinch_sb_baseline_s3,baseline,cubepinch_sb_baseline_s3,3,det,70,16,80,0.2,ok,3682863
pinch,pinch_sweep_size_rand-20260622-195014,TesolloCubePinch,TesolloCubePinch-20260622-204625-cubepinch_sb_baseline_s3,baseline,cubepinch_sb_baseline_s3,3,det,71,17,80,0.2125,ok,3682863
pinch,pinch_sweep_size_rand-20260622-195014,TesolloCubePinch,TesolloCubePinch-20260622-204625-cubepinch_sb_baseline_s3,baseline,cubepinch_sb_baseline_s3,3,det,72,10,80,0.125,ok,3682863
pinch,pinch_sweep_size_rand-20260622-195014,TesolloCubePinch,TesolloCubePinch-20260622-204625-cubepinch_sb_baseline_s3,baseline,cubepinch_sb_baseline_s3,3,det,73,43,80,0.5375,ok,3682863
pinch,pinch_sweep_size_rand-20260622-195014,TesolloCubePinch,TesolloCubePinch-20260622-204625-cubepinch_sb_baseline_s3,baseline,cubepinch_sb_baseline_s3,3,det,74,7,80,0.0875,ok,3682863
pinch,pinch_sweep_size_rand-20260622-195014,TesolloCubePinch,TesolloCubePinch-20260622-204625-cubepinch_sb_baseline_s3,baseline,cubepinch_sb_baseline_s3,3,det,75,44,80,0.55,ok,3682863
pinch,pinch_sweep_size_rand-20260622-195014,TesolloCubePinch,TesolloCubePinch-20260622-204625-cubepinch_sb_baseline_s3,baseline,cubepinch_sb_baseline_s3,3,det,76,59,80,0.7375,ok,3682863
pinch,pinch_sweep_size_rand-20260622-195014,TesolloCubePinch,TesolloCubePinch-20260622-204625-cubepinch_sb_baseline_s3,baseline,cubepinch_sb_baseline_s3,3,det,77,30,80,0.375,ok,3682863
pinch,pinch_sweep_size_rand-20260622-195014,TesolloCubePinch,TesolloCubePinch-20260622-204625-cubepinch_sb_baseline_s3,baseline,cubepinch_sb_baseline_s3,3,det,78,13,80,0.1625,ok,3682863
pinch,pinch_sweep_size_rand-20260622-195014,TesolloCubePinch,TesolloCubePinch-20260622-204625-cubepinch_sb_baseline_s3,baseline,cubepinch_sb_baseline_s3,3,det,79,34,80,0.425,ok,3682863
pinch,pinch_sweep_size_rand-20260622-195014,TesolloCubePinch,TesolloCubePinch-20260622-204625-cubepinch_sb_baseline_s3,baseline,cubepinch_sb_baseline_s3,3,det,80,60,80,0.75,ok,3682863
pinch,pinch_sweep_size_rand-20260622-195014,TesolloCubePinch,TesolloCubePinch-20260622-204625-cubepinch_sb_baseline_s3,baseline,cubepinch_sb_baseline_s3,3,det,81,25,80,0.3125,ok,3682863
pinch,pinch_sweep_size_rand-20260622-195014,TesolloCubePinch,TesolloCubePinch-20260622-204625-cubepinch_sb_baseline_s3,baseline,cubepinch_sb_baseline_s3,3,det,82,18,80,0.225,ok,3682863
pinch,pinch_sweep_size_rand-20260622-195014,TesolloCubePinch,TesolloCubePinch-20260622-204625-cubepinch_sb_baseline_s3,baseline,cubepinch_sb_baseline_s3,3,det,83,56,80,0.7,ok,3682863
pinch,pinch_sweep_size_rand-20260622-195014,TesolloCubePinch,TesolloCubePinch-20260622-204625-cubepinch_sb_baseline_s3,baseline,cubepinch_sb_baseline_s3,3,det,84,56,80,0.7,ok,3682863
pinch,pinch_sweep_size_rand-20260622-195014,TesolloCubePinch,TesolloCubePinch-20260622-204625-cubepinch_sb_baseline_s3,baseline,cubepinch_sb_baseline_s3,3,det,85,25,80,0.3125,ok,3682863
pinch,pinch_sweep_size_rand-20260622-195014,TesolloCubePinch,TesolloCubePinch-20260622-204625-cubepinch_sb_baseline_s3,baseline,cubepinch_sb_baseline_s3,3,det,86,27,80,0.3375,ok,3682863
pinch,pinch_sweep_size_rand-20260622-195014,TesolloCubePinch,TesolloCubePinch-20260622-204625-cubepinch_sb_baseline_s3,baseline,cubepinch_sb_baseline_s3,3,det,87,26,80,0.325,ok,3682863
pinch,pinch_sweep_size_rand-20260622-195014,TesolloCubePinch,TesolloCubePinch-20260622-204625-cubepinch_sb_baseline_s3,baseline,cubepinch_sb_baseline_s3,3,det,88,38,80,0.475,ok,3682863
pinch,pinch_sweep_size_rand-20260622-195014,TesolloCubePinch,TesolloCubePinch-20260622-204625-cubepinch_sb_baseline_s3,baseline,cubepinch_sb_baseline_s3,3,det,89,54,80,0.675,ok,3682863
pinch,pinch_sweep_size_rand-20260622-195014,TesolloCubePinch,TesolloCubePinch-20260622-204625-cubepinch_sb_baseline_s3,baseline,cubepinch_sb_baseline_s3,3,det,90,21,80,0.2625,ok,3682863
pinch,pinch_sweep_size_rand-20260622-195014,TesolloCubePinch,TesolloCubePinch-20260622-204625-cubepinch_sb_baseline_s3,baseline,cubepinch_sb_baseline_s3,3,det,91,55,80,0.6875,ok,3682863
pinch,pinch_sweep_size_rand-20260622-195014,TesolloCubePinch,TesolloCubePinch-20260622-204625-cubepinch_sb_baseline_s3,baseline,cubepinch_sb_baseline_s3,3,det,92,41,80,0.5125,ok,3682863
pinch,pinch_sweep_size_rand-20260622-195014,TesolloCubePinch,TesolloCubePinch-20260622-204625-cubepinch_sb_baseline_s3,baseline,cubepinch_sb_baseline_s3,3,det,93,11,80,0.1375,ok,3682863
pinch,pinch_sweep_size_rand-20260622-195014,TesolloCubePinch,TesolloCubePinch-20260622-204625-cubepinch_sb_baseline_s3,baseline,cubepinch_sb_baseline_s3,3,det,94,14,80,0.175,ok,3682863
pinch,pinch_sweep_size_rand-20260622-195014,TesolloCubePinch,TesolloCubePinch-20260622-204625-cubepinch_sb_baseline_s3,baseline,cubepinch_sb_baseline_s3,3,det,95,1,80,0.0125,ok,3682863
pinch,pinch_sweep_size_rand-20260622-195014,TesolloCubePinch,TesolloCubePinch-20260622-204625-cubepinch_sb_baseline_s3,baseline,cubepinch_sb_baseline_s3,3,det,96,41,80,0.5125,ok,3682863
pinch,pinch_sweep_size_rand-20260622-195014,TesolloCubePinch,TesolloCubePinch-20260622-204625-cubepinch_sb_baseline_s3,baseline,cubepinch_sb_baseline_s3,3,det,97,19,80,0.2375,ok,3682863
pinch,pinch_sweep_size_rand-20260622-195014,TesolloCubePinch,TesolloCubePinch-20260622-204625-cubepinch_sb_baseline_s3,baseline,cubepinch_sb_baseline_s3,3,det,98,5,80,0.0625,ok,3682863
pinch,pinch_sweep_size_rand-20260622-195014,TesolloCubePinch,TesolloCubePinch-20260622-204625-cubepinch_sb_baseline_s3,baseline,cubepinch_sb_baseline_s3,3,det,99,53,80,0.6625,ok,3682863
pinch,pinch_sweep_size_rand-20260622-195014,TesolloCubePinch,TesolloCubePinch-20260622-213146-cubepinch_sb_forcemagnitude_s1,force.magnitude,cubepinch_sb_forcemagnitude_s1,1,det,0,43,80,0.5375,ok,0ac79f5
pinch,pinch_sweep_size_rand-20260622-195014,TesolloCubePinch,TesolloCubePinch-20260622-213146-cubepinch_sb_forcemagnitude_s1,force.magnitude,cubepinch_sb_forcemagnitude_s1,1,det,1,57,80,0.7125,ok,0ac79f5
pinch,pinch_sweep_size_rand-20260622-195014,TesolloCubePinch,TesolloCubePinch-20260622-213146-cubepinch_sb_forcemagnitude_s1,force.magnitude,cubepinch_sb_forcemagnitude_s1,1,det,2,35,80,0.4375,ok,0ac79f5
pinch,pinch_sweep_size_rand-20260622-195014,TesolloCubePinch,TesolloCubePinch-20260622-213146-cubepinch_sb_forcemagnitude_s1,force.magnitude,cubepinch_sb_forcemagnitude_s1,1,det,3,38,80,0.475,ok,0ac79f5
pinch,pinch_sweep_size_rand-20260622-195014,TesolloCubePinch,TesolloCubePinch-20260622-213146-cubepinch_sb_forcemagnitude_s1,force.magnitude,cubepinch_sb_forcemagnitude_s1,1,det,4,23,80,0.2875,ok,0ac79f5
pinch,pinch_sweep_size_rand-20260622-195014,TesolloCubePinch,TesolloCubePinch-20260622-213146-cubepinch_sb_forcemagnitude_s1,force.magnitude,cubepinch_sb_forcemagnitude_s1,1,det,5,36,80,0.45,ok,0ac79f5
pinch,pinch_sweep_size_rand-20260622-195014,TesolloCubePinch,TesolloCubePinch-20260622-213146-cubepinch_sb_forcemagnitude_s1,force.magnitude,cubepinch_sb_forcemagnitude_s1,1,det,6,13,80,0.1625,ok,0ac79f5
pinch,pinch_sweep_size_rand-20260622-195014,TesolloCubePinch,TesolloCubePinch-20260622-213146-cubepinch_sb_forcemagnitude_s1,force.magnitude,cubepinch_sb_forcemagnitude_s1,1,det,7,63,80,0.7875,ok,0ac79f5
pinch,pinch_sweep_size_rand-20260622-195014,TesolloCubePinch,TesolloCubePinch-20260622-213146-cubepinch_sb_forcemagnitude_s1,force.magnitude,cubepinch_sb_forcemagnitude_s1,1,det,8,14,80,0.175,ok,0ac79f5
pinch,pinch_sweep_size_rand-20260622-195014,TesolloCubePinch,TesolloCubePinch-20260622-213146-cubepinch_sb_forcemagnitude_s1,force.magnitude,cubepinch_sb_forcemagnitude_s1,1,det,9,19,80,0.2375,ok,0ac79f5
pinch,pinch_sweep_size_rand-20260622-195014,TesolloCubePinch,TesolloCubePinch-20260622-213146-cubepinch_sb_forcemagnitude_s1,force.magnitude,cubepinch_sb_forcemagnitude_s1,1,det,10,39,80,0.4875,ok,0ac79f5
pinch,pinch_sweep_size_rand-20260622-195014,TesolloCubePinch,TesolloCubePinch-20260622-213146-cubepinch_sb_forcemagnitude_s1,force.magnitude,cubepinch_sb_forcemagnitude_s1,1,det,11,32,80,0.4,ok,0ac79f5
pinch,pinch_sweep_size_rand-20260622-195014,TesolloCubePinch,TesolloCubePinch-20260622-213146-cubepinch_sb_forcemagnitude_s1,force.magnitude,cubepinch_sb_forcemagnitude_s1,1,det,12,62,80,0.775,ok,0ac79f5
pinch,pinch_sweep_size_rand-20260622-195014,TesolloCubePinch,TesolloCubePinch-20260622-213146-cubepinch_sb_forcemagnitude_s1,force.magnitude,cubepinch_sb_forcemagnitude_s1,1,det,13,33,80,0.4125,ok,0ac79f5
pinch,pinch_sweep_size_rand-20260622-195014,TesolloCubePinch,TesolloCubePinch-20260622-213146-cubepinch_sb_forcemagnitude_s1,force.magnitude,cubepinch_sb_forcemagnitude_s1,1,det,14,13,80,0.1625,ok,0ac79f5
pinch,pinch_sweep_size_rand-20260622-195014,TesolloCubePinch,TesolloCubePinch-20260622-213146-cubepinch_sb_forcemagnitude_s1,force.magnitude,cubepinch_sb_forcemagnitude_s1,1,det,15,6,80,0.075,ok,0ac79f5
pinch,pinch_sweep_size_rand-20260622-195014,TesolloCubePinch,TesolloCubePinch-20260622-213146-cubepinch_sb_forcemagnitude_s1,force.magnitude,cubepinch_sb_forcemagnitude_s1,1,det,16,52,80,0.65,ok,0ac79f5
pinch,pinch_sweep_size_rand-20260622-195014,TesolloCubePinch,TesolloCubePinch-20260622-213146-cubepinch_sb_forcemagnitude_s1,force.magnitude,cubepinch_sb_forcemagnitude_s1,1,det,17,4,80,0.05,ok,0ac79f5
pinch,pinch_sweep_size_rand-20260622-195014,TesolloCubePinch,TesolloCubePinch-20260622-213146-cubepinch_sb_forcemagnitude_s1,force.magnitude,cubepinch_sb_forcemagnitude_s1,1,det,18,15,80,0.1875,ok,0ac79f5
pinch,pinch_sweep_size_rand-20260622-195014,TesolloCubePinch,TesolloCubePinch-20260622-213146-cubepinch_sb_forcemagnitude_s1,force.magnitude,cubepinch_sb_forcemagnitude_s1,1,det,19,43,80,0.5375,ok,0ac79f5
pinch,pinch_sweep_size_rand-20260622-195014,TesolloCubePinch,TesolloCubePinch-20260622-213146-cubepinch_sb_forcemagnitude_s1,force.magnitude,cubepinch_sb_forcemagnitude_s1,1,det,20,13,80,0.1625,ok,0ac79f5
pinch,pinch_sweep_size_rand-20260622-195014,TesolloCubePinch,TesolloCubePinch-20260622-213146-cubepinch_sb_forcemagnitude_s1,force.magnitude,cubepinch_sb_forcemagnitude_s1,1,det,21,6,80,0.075,ok,0ac79f5
pinch,pinch_sweep_size_rand-20260622-195014,TesolloCubePinch,TesolloCubePinch-20260622-213146-cubepinch_sb_forcemagnitude_s1,force.magnitude,cubepinch_sb_forcemagnitude_s1,1,det,22,40,80,0.5,ok,0ac79f5
pinch,pinch_sweep_size_rand-20260622-195014,TesolloCubePinch,TesolloCubePinch-20260622-213146-cubepinch_sb_forcemagnitude_s1,force.magnitude,cubepinch_sb_forcemagnitude_s1,1,det,23,41,80,0.5125,ok,0ac79f5
pinch,pinch_sweep_size_rand-20260622-195014,TesolloCubePinch,TesolloCubePinch-20260622-213146-cubepinch_sb_forcemagnitude_s1,force.magnitude,cubepinch_sb_forcemagnitude_s1,1,det,24,11,80,0.1375,ok,0ac79f5
pinch,pinch_sweep_size_rand-20260622-195014,TesolloCubePinch,TesolloCubePinch-20260622-213146-cubepinch_sb_forcemagnitude_s1,force.magnitude,cubepinch_sb_forcemagnitude_s1,1,det,25,38,80,0.475,ok,0ac79f5
pinch,pinch_sweep_size_rand-20260622-195014,TesolloCubePinch,TesolloCubePinch-20260622-213146-cubepinch_sb_forcemagnitude_s1,force.magnitude,cubepinch_sb_forcemagnitude_s1,1,det,26,59,80,0.7375,ok,0ac79f5
pinch,pinch_sweep_size_rand-20260622-195014,TesolloCubePinch,TesolloCubePinch-20260622-213146-cubepinch_sb_forcemagnitude_s1,force.magnitude,cubepinch_sb_forcemagnitude_s1,1,det,27,26,80,0.325,ok,0ac79f5
pinch,pinch_sweep_size_rand-20260622-195014,TesolloCubePinch,TesolloCubePinch-20260622-213146-cubepinch_sb_forcemagnitude_s1,force.magnitude,cubepinch_sb_forcemagnitude_s1,1,det,28,35,80,0.4375,ok,0ac79f5
pinch,pinch_sweep_size_rand-20260622-195014,TesolloCubePinch,TesolloCubePinch-20260622-213146-cubepinch_sb_forcemagnitude_s1,force.magnitude,cubepinch_sb_forcemagnitude_s1,1,det,29,46,80,0.575,ok,0ac79f5
pinch,pinch_sweep_size_rand-20260622-195014,TesolloCubePinch,TesolloCubePinch-20260622-213146-cubepinch_sb_forcemagnitude_s1,force.magnitude,cubepinch_sb_forcemagnitude_s1,1,det,30,44,80,0.55,ok,0ac79f5
pinch,pinch_sweep_size_rand-20260622-195014,TesolloCubePinch,TesolloCubePinch-20260622-213146-cubepinch_sb_forcemagnitude_s1,force.magnitude,cubepinch_sb_forcemagnitude_s1,1,det,31,52,80,0.65,ok,0ac79f5
pinch,pinch_sweep_size_rand-20260622-195014,TesolloCubePinch,TesolloCubePinch-20260622-213146-cubepinch_sb_forcemagnitude_s1,force.magnitude,cubepinch_sb_forcemagnitude_s1,1,det,32,29,80,0.3625,ok,0ac79f5
pinch,pinch_sweep_size_rand-20260622-195014,TesolloCubePinch,TesolloCubePinch-20260622-213146-cubepinch_sb_forcemagnitude_s1,force.magnitude,cubepinch_sb_forcemagnitude_s1,1,det,33,52,80,0.65,ok,0ac79f5
pinch,pinch_sweep_size_rand-20260622-195014,TesolloCubePinch,TesolloCubePinch-20260622-213146-cubepinch_sb_forcemagnitude_s1,force.magnitude,cubepinch_sb_forcemagnitude_s1,1,det,34,26,80,0.325,ok,0ac79f5
pinch,pinch_sweep_size_rand-20260622-195014,TesolloCubePinch,TesolloCubePinch-20260622-213146-cubepinch_sb_forcemagnitude_s1,force.magnitude,cubepinch_sb_forcemagnitude_s1,1,det,35,38,80,0.475,ok,0ac79f5
pinch,pinch_sweep_size_rand-20260622-195014,TesolloCubePinch,TesolloCubePinch-20260622-213146-cubepinch_sb_forcemagnitude_s1,force.magnitude,cubepinch_sb_forcemagnitude_s1,1,det,36,62,80,0.775,ok,0ac79f5
pinch,pinch_sweep_size_rand-20260622-195014,TesolloCubePinch,TesolloCubePinch-20260622-213146-cubepinch_sb_forcemagnitude_s1,force.magnitude,cubepinch_sb_forcemagnitude_s1,1,det,37,47,80,0.5875,ok,0ac79f5
pinch,pinch_sweep_size_rand-20260622-195014,TesolloCubePinch,TesolloCubePinch-20260622-213146-cubepinch_sb_forcemagnitude_s1,force.magnitude,cubepinch_sb_forcemagnitude_s1,1,det,38,28,80,0.35,ok,0ac79f5
pinch,pinch_sweep_size_rand-20260622-195014,TesolloCubePinch,TesolloCubePinch-20260622-213146-cubepinch_sb_forcemagnitude_s1,force.magnitude,cubepinch_sb_forcemagnitude_s1,1,det,39,35,80,0.4375,ok,0ac79f5
pinch,pinch_sweep_size_rand-20260622-195014,TesolloCubePinch,TesolloCubePinch-20260622-213146-cubepinch_sb_forcemagnitude_s1,force.magnitude,cubepinch_sb_forcemagnitude_s1,1,det,40,30,80,0.375,ok,0ac79f5
pinch,pinch_sweep_size_rand-20260622-195014,TesolloCubePinch,TesolloCubePinch-20260622-213146-cubepinch_sb_forcemagnitude_s1,force.magnitude,cubepinch_sb_forcemagnitude_s1,1,det,41,13,80,0.1625,ok,0ac79f5
pinch,pinch_sweep_size_rand-20260622-195014,TesolloCubePinch,TesolloCubePinch-20260622-213146-cubepinch_sb_forcemagnitude_s1,force.magnitude,cubepinch_sb_forcemagnitude_s1,1,det,42,18,80,0.225,ok,0ac79f5
pinch,pinch_sweep_size_rand-20260622-195014,TesolloCubePinch,TesolloCubePinch-20260622-213146-cubepinch_sb_forcemagnitude_s1,force.magnitude,cubepinch_sb_forcemagnitude_s1,1,det,43,22,80,0.275,ok,0ac79f5
pinch,pinch_sweep_size_rand-20260622-195014,TesolloCubePinch,TesolloCubePinch-20260622-213146-cubepinch_sb_forcemagnitude_s1,force.magnitude,cubepinch_sb_forcemagnitude_s1,1,det,44,44,80,0.55,ok,0ac79f5
pinch,pinch_sweep_size_rand-20260622-195014,TesolloCubePinch,TesolloCubePinch-20260622-213146-cubepinch_sb_forcemagnitude_s1,force.magnitude,cubepinch_sb_forcemagnitude_s1,1,det,45,60,80,0.75,ok,0ac79f5
pinch,pinch_sweep_size_rand-20260622-195014,TesolloCubePinch,TesolloCubePinch-20260622-213146-cubepinch_sb_forcemagnitude_s1,force.magnitude,cubepinch_sb_forcemagnitude_s1,1,det,46,32,80,0.4,ok,0ac79f5
pinch,pinch_sweep_size_rand-20260622-195014,TesolloCubePinch,TesolloCubePinch-20260622-213146-cubepinch_sb_forcemagnitude_s1,force.magnitude,cubepinch_sb_forcemagnitude_s1,1,det,47,36,80,0.45,ok,0ac79f5
pinch,pinch_sweep_size_rand-20260622-195014,TesolloCubePinch,TesolloCubePinch-20260622-213146-cubepinch_sb_forcemagnitude_s1,force.magnitude,cubepinch_sb_forcemagnitude_s1,1,det,48,41,80,0.5125,ok,0ac79f5
pinch,pinch_sweep_size_rand-20260622-195014,TesolloCubePinch,TesolloCubePinch-20260622-213146-cubepinch_sb_forcemagnitude_s1,force.magnitude,cubepinch_sb_forcemagnitude_s1,1,det,49,38,80,0.475,ok,0ac79f5
pinch,pinch_sweep_size_rand-20260622-195014,TesolloCubePinch,TesolloCubePinch-20260622-213146-cubepinch_sb_forcemagnitude_s1,force.magnitude,cubepinch_sb_forcemagnitude_s1,1,det,50,23,80,0.2875,ok,0ac79f5
pinch,pinch_sweep_size_rand-20260622-195014,TesolloCubePinch,TesolloCubePinch-20260622-213146-cubepinch_sb_forcemagnitude_s1,force.magnitude,cubepinch_sb_forcemagnitude_s1,1,det,51,55,80,0.6875,ok,0ac79f5
pinch,pinch_sweep_size_rand-20260622-195014,TesolloCubePinch,TesolloCubePinch-20260622-213146-cubepinch_sb_forcemagnitude_s1,force.magnitude,cubepinch_sb_forcemagnitude_s1,1,det,52,36,80,0.45,ok,0ac79f5
pinch,pinch_sweep_size_rand-20260622-195014,TesolloCubePinch,TesolloCubePinch-20260622-213146-cubepinch_sb_forcemagnitude_s1,force.magnitude,cubepinch_sb_forcemagnitude_s1,1,det,53,47,80,0.5875,ok,0ac79f5
pinch,pinch_sweep_size_rand-20260622-195014,TesolloCubePinch,TesolloCubePinch-20260622-213146-cubepinch_sb_forcemagnitude_s1,force.magnitude,cubepinch_sb_forcemagnitude_s1,1,det,54,50,80,0.625,ok,0ac79f5
pinch,pinch_sweep_size_rand-20260622-195014,TesolloCubePinch,TesolloCubePinch-20260622-213146-cubepinch_sb_forcemagnitude_s1,force.magnitude,cubepinch_sb_forcemagnitude_s1,1,det,55,21,80,0.2625,ok,0ac79f5
pinch,pinch_sweep_size_rand-20260622-195014,TesolloCubePinch,TesolloCubePinch-20260622-213146-cubepinch_sb_forcemagnitude_s1,force.magnitude,cubepinch_sb_forcemagnitude_s1,1,det,56,53,80,0.6625,ok,0ac79f5
pinch,pinch_sweep_size_rand-20260622-195014,TesolloCubePinch,TesolloCubePinch-20260622-213146-cubepinch_sb_forcemagnitude_s1,force.magnitude,cubepinch_sb_forcemagnitude_s1,1,det,57,28,80,0.35,ok,0ac79f5
pinch,pinch_sweep_size_rand-20260622-195014,TesolloCubePinch,TesolloCubePinch-20260622-213146-cubepinch_sb_forcemagnitude_s1,force.magnitude,cubepinch_sb_forcemagnitude_s1,1,det,58,13,80,0.1625,ok,0ac79f5
pinch,pinch_sweep_size_rand-20260622-195014,TesolloCubePinch,TesolloCubePinch-20260622-213146-cubepinch_sb_forcemagnitude_s1,force.magnitude,cubepinch_sb_forcemagnitude_s1,1,det,59,62,80,0.775,ok,0ac79f5
pinch,pinch_sweep_size_rand-20260622-195014,TesolloCubePinch,TesolloCubePinch-20260622-213146-cubepinch_sb_forcemagnitude_s1,force.magnitude,cubepinch_sb_forcemagnitude_s1,1,det,60,27,80,0.3375,ok,0ac79f5
pinch,pinch_sweep_size_rand-20260622-195014,TesolloCubePinch,TesolloCubePinch-20260622-213146-cubepinch_sb_forcemagnitude_s1,force.magnitude,cubepinch_sb_forcemagnitude_s1,1,det,61,25,80,0.3125,ok,0ac79f5
pinch,pinch_sweep_size_rand-20260622-195014,TesolloCubePinch,TesolloCubePinch-20260622-213146-cubepinch_sb_forcemagnitude_s1,force.magnitude,cubepinch_sb_forcemagnitude_s1,1,det,62,26,80,0.325,ok,0ac79f5
pinch,pinch_sweep_size_rand-20260622-195014,TesolloCubePinch,TesolloCubePinch-20260622-213146-cubepinch_sb_forcemagnitude_s1,force.magnitude,cubepinch_sb_forcemagnitude_s1,1,det,63,23,80,0.2875,ok,0ac79f5
pinch,pinch_sweep_size_rand-20260622-195014,TesolloCubePinch,TesolloCubePinch-20260622-213146-cubepinch_sb_forcemagnitude_s1,force.magnitude,cubepinch_sb_forcemagnitude_s1,1,det,64,60,80,0.75,ok,0ac79f5
pinch,pinch_sweep_size_rand-20260622-195014,TesolloCubePinch,TesolloCubePinch-20260622-213146-cubepinch_sb_forcemagnitude_s1,force.magnitude,cubepinch_sb_forcemagnitude_s1,1,det,65,28,80,0.35,ok,0ac79f5
pinch,pinch_sweep_size_rand-20260622-195014,TesolloCubePinch,TesolloCubePinch-20260622-213146-cubepinch_sb_forcemagnitude_s1,force.magnitude,cubepinch_sb_forcemagnitude_s1,1,det,66,54,80,0.675,ok,0ac79f5
pinch,pinch_sweep_size_rand-20260622-195014,TesolloCubePinch,TesolloCubePinch-20260622-213146-cubepinch_sb_forcemagnitude_s1,force.magnitude,cubepinch_sb_forcemagnitude_s1,1,det,67,54,80,0.675,ok,0ac79f5
pinch,pinch_sweep_size_rand-20260622-195014,TesolloCubePinch,TesolloCubePinch-20260622-213146-cubepinch_sb_forcemagnitude_s1,force.magnitude,cubepinch_sb_forcemagnitude_s1,1,det,68,17,80,0.2125,ok,0ac79f5
pinch,pinch_sweep_size_rand-20260622-195014,TesolloCubePinch,TesolloCubePinch-20260622-213146-cubepinch_sb_forcemagnitude_s1,force.magnitude,cubepinch_sb_forcemagnitude_s1,1,det,69,57,80,0.7125,ok,0ac79f5
pinch,pinch_sweep_size_rand-20260622-195014,TesolloCubePinch,TesolloCubePinch-20260622-213146-cubepinch_sb_forcemagnitude_s1,force.magnitude,cubepinch_sb_forcemagnitude_s1,1,det,70,50,80,0.625,ok,0ac79f5
pinch,pinch_sweep_size_rand-20260622-195014,TesolloCubePinch,TesolloCubePinch-20260622-213146-cubepinch_sb_forcemagnitude_s1,force.magnitude,cubepinch_sb_forcemagnitude_s1,1,det,71,46,80,0.575,ok,0ac79f5
pinch,pinch_sweep_size_rand-20260622-195014,TesolloCubePinch,TesolloCubePinch-20260622-213146-cubepinch_sb_forcemagnitude_s1,force.magnitude,cubepinch_sb_forcemagnitude_s1,1,det,72,24,80,0.3,ok,0ac79f5
pinch,pinch_sweep_size_rand-20260622-195014,TesolloCubePinch,TesolloCubePinch-20260622-213146-cubepinch_sb_forcemagnitude_s1,force.magnitude,cubepinch_sb_forcemagnitude_s1,1,det,73,61,80,0.7625,ok,0ac79f5
pinch,pinch_sweep_size_rand-20260622-195014,TesolloCubePinch,TesolloCubePinch-20260622-213146-cubepinch_sb_forcemagnitude_s1,force.magnitude,cubepinch_sb_forcemagnitude_s1,1,det,74,43,80,0.5375,ok,0ac79f5
pinch,pinch_sweep_size_rand-20260622-195014,TesolloCubePinch,TesolloCubePinch-20260622-213146-cubepinch_sb_forcemagnitude_s1,force.magnitude,cubepinch_sb_forcemagnitude_s1,1,det,75,33,80,0.4125,ok,0ac79f5
pinch,pinch_sweep_size_rand-20260622-195014,TesolloCubePinch,TesolloCubePinch-20260622-213146-cubepinch_sb_forcemagnitude_s1,force.magnitude,cubepinch_sb_forcemagnitude_s1,1,det,76,17,80,0.2125,ok,0ac79f5
pinch,pinch_sweep_size_rand-20260622-195014,TesolloCubePinch,TesolloCubePinch-20260622-213146-cubepinch_sb_forcemagnitude_s1,force.magnitude,cubepinch_sb_forcemagnitude_s1,1,det,77,63,80,0.7875,ok,0ac79f5
pinch,pinch_sweep_size_rand-20260622-195014,TesolloCubePinch,TesolloCubePinch-20260622-213146-cubepinch_sb_forcemagnitude_s1,force.magnitude,cubepinch_sb_forcemagnitude_s1,1,det,78,44,80,0.55,ok,0ac79f5
pinch,pinch_sweep_size_rand-20260622-195014,TesolloCubePinch,TesolloCubePinch-20260622-213146-cubepinch_sb_forcemagnitude_s1,force.magnitude,cubepinch_sb_forcemagnitude_s1,1,det,79,31,80,0.3875,ok,0ac79f5
pinch,pinch_sweep_size_rand-20260622-195014,TesolloCubePinch,TesolloCubePinch-20260622-213146-cubepinch_sb_forcemagnitude_s1,force.magnitude,cubepinch_sb_forcemagnitude_s1,1,det,80,49,80,0.6125,ok,0ac79f5
pinch,pinch_sweep_size_rand-20260622-195014,TesolloCubePinch,TesolloCubePinch-20260622-213146-cubepinch_sb_forcemagnitude_s1,force.magnitude,cubepinch_sb_forcemagnitude_s1,1,det,81,57,80,0.7125,ok,0ac79f5
pinch,pinch_sweep_size_rand-20260622-195014,TesolloCubePinch,TesolloCubePinch-20260622-213146-cubepinch_sb_forcemagnitude_s1,force.magnitude,cubepinch_sb_forcemagnitude_s1,1,det,82,56,80,0.7,ok,0ac79f5
pinch,pinch_sweep_size_rand-20260622-195014,TesolloCubePinch,TesolloCubePinch-20260622-213146-cubepinch_sb_forcemagnitude_s1,force.magnitude,cubepinch_sb_forcemagnitude_s1,1,det,83,55,80,0.6875,ok,0ac79f5
pinch,pinch_sweep_size_rand-20260622-195014,TesolloCubePinch,TesolloCubePinch-20260622-213146-cubepinch_sb_forcemagnitude_s1,force.magnitude,cubepinch_sb_forcemagnitude_s1,1,det,84,50,80,0.625,ok,0ac79f5
pinch,pinch_sweep_size_rand-20260622-195014,TesolloCubePinch,TesolloCubePinch-20260622-213146-cubepinch_sb_forcemagnitude_s1,force.magnitude,cubepinch_sb_forcemagnitude_s1,1,det,85,21,80,0.2625,ok,0ac79f5
pinch,pinch_sweep_size_rand-20260622-195014,TesolloCubePinch,TesolloCubePinch-20260622-213146-cubepinch_sb_forcemagnitude_s1,force.magnitude,cubepinch_sb_forcemagnitude_s1,1,det,86,12,80,0.15,ok,0ac79f5
pinch,pinch_sweep_size_rand-20260622-195014,TesolloCubePinch,TesolloCubePinch-20260622-213146-cubepinch_sb_forcemagnitude_s1,force.magnitude,cubepinch_sb_forcemagnitude_s1,1,det,87,55,80,0.6875,ok,0ac79f5
pinch,pinch_sweep_size_rand-20260622-195014,TesolloCubePinch,TesolloCubePinch-20260622-213146-cubepinch_sb_forcemagnitude_s1,force.magnitude,cubepinch_sb_forcemagnitude_s1,1,det,88,33,80,0.4125,ok,0ac79f5
pinch,pinch_sweep_size_rand-20260622-195014,TesolloCubePinch,TesolloCubePinch-20260622-213146-cubepinch_sb_forcemagnitude_s1,force.magnitude,cubepinch_sb_forcemagnitude_s1,1,det,89,42,80,0.525,ok,0ac79f5
pinch,pinch_sweep_size_rand-20260622-195014,TesolloCubePinch,TesolloCubePinch-20260622-213146-cubepinch_sb_forcemagnitude_s1,force.magnitude,cubepinch_sb_forcemagnitude_s1,1,det,90,10,80,0.125,ok,0ac79f5
pinch,pinch_sweep_size_rand-20260622-195014,TesolloCubePinch,TesolloCubePinch-20260622-213146-cubepinch_sb_forcemagnitude_s1,force.magnitude,cubepinch_sb_forcemagnitude_s1,1,det,91,20,80,0.25,ok,0ac79f5
pinch,pinch_sweep_size_rand-20260622-195014,TesolloCubePinch,TesolloCubePinch-20260622-213146-cubepinch_sb_forcemagnitude_s1,force.magnitude,cubepinch_sb_forcemagnitude_s1,1,det,92,46,80,0.575,ok,0ac79f5
pinch,pinch_sweep_size_rand-20260622-195014,TesolloCubePinch,TesolloCubePinch-20260622-213146-cubepinch_sb_forcemagnitude_s1,force.magnitude,cubepinch_sb_forcemagnitude_s1,1,det,93,7,80,0.0875,ok,0ac79f5
pinch,pinch_sweep_size_rand-20260622-195014,TesolloCubePinch,TesolloCubePinch-20260622-213146-cubepinch_sb_forcemagnitude_s1,force.magnitude,cubepinch_sb_forcemagnitude_s1,1,det,94,55,80,0.6875,ok,0ac79f5
pinch,pinch_sweep_size_rand-20260622-195014,TesolloCubePinch,TesolloCubePinch-20260622-213146-cubepinch_sb_forcemagnitude_s1,force.magnitude,cubepinch_sb_forcemagnitude_s1,1,det,95,62,80,0.775,ok,0ac79f5
pinch,pinch_sweep_size_rand-20260622-195014,TesolloCubePinch,TesolloCubePinch-20260622-213146-cubepinch_sb_forcemagnitude_s1,force.magnitude,cubepinch_sb_forcemagnitude_s1,1,det,96,61,80,0.7625,ok,0ac79f5
pinch,pinch_sweep_size_rand-20260622-195014,TesolloCubePinch,TesolloCubePinch-20260622-213146-cubepinch_sb_forcemagnitude_s1,force.magnitude,cubepinch_sb_forcemagnitude_s1,1,det,97,45,80,0.5625,ok,0ac79f5
pinch,pinch_sweep_size_rand-20260622-195014,TesolloCubePinch,TesolloCubePinch-20260622-213146-cubepinch_sb_forcemagnitude_s1,force.magnitude,cubepinch_sb_forcemagnitude_s1,1,det,98,44,80,0.55,ok,0ac79f5
pinch,pinch_sweep_size_rand-20260622-195014,TesolloCubePinch,TesolloCubePinch-20260622-213146-cubepinch_sb_forcemagnitude_s1,force.magnitude,cubepinch_sb_forcemagnitude_s1,1,det,99,16,80,0.2,ok,0ac79f5
pinch,pinch_sweep_size_rand-20260622-195014,TesolloCubePinch,TesolloCubePinch-20260622-214305-cubepinch_sb_forcemagnitude_s2,force.magnitude,cubepinch_sb_forcemagnitude_s2,2,det,0,56,80,0.7,ok,0ac79f5
pinch,pinch_sweep_size_rand-20260622-195014,TesolloCubePinch,TesolloCubePinch-20260622-214305-cubepinch_sb_forcemagnitude_s2,force.magnitude,cubepinch_sb_forcemagnitude_s2,2,det,1,42,80,0.525,ok,0ac79f5
pinch,pinch_sweep_size_rand-20260622-195014,TesolloCubePinch,TesolloCubePinch-20260622-214305-cubepinch_sb_forcemagnitude_s2,force.magnitude,cubepinch_sb_forcemagnitude_s2,2,det,2,33,80,0.4125,ok,0ac79f5
pinch,pinch_sweep_size_rand-20260622-195014,TesolloCubePinch,TesolloCubePinch-20260622-214305-cubepinch_sb_forcemagnitude_s2,force.magnitude,cubepinch_sb_forcemagnitude_s2,2,det,3,40,80,0.5,ok,0ac79f5
pinch,pinch_sweep_size_rand-20260622-195014,TesolloCubePinch,TesolloCubePinch-20260622-214305-cubepinch_sb_forcemagnitude_s2,force.magnitude,cubepinch_sb_forcemagnitude_s2,2,det,4,19,80,0.2375,ok,0ac79f5
pinch,pinch_sweep_size_rand-20260622-195014,TesolloCubePinch,TesolloCubePinch-20260622-214305-cubepinch_sb_forcemagnitude_s2,force.magnitude,cubepinch_sb_forcemagnitude_s2,2,det,5,45,80,0.5625,ok,0ac79f5
pinch,pinch_sweep_size_rand-20260622-195014,TesolloCubePinch,TesolloCubePinch-20260622-214305-cubepinch_sb_forcemagnitude_s2,force.magnitude,cubepinch_sb_forcemagnitude_s2,2,det,6,6,80,0.075,ok,0ac79f5
pinch,pinch_sweep_size_rand-20260622-195014,TesolloCubePinch,TesolloCubePinch-20260622-214305-cubepinch_sb_forcemagnitude_s2,force.magnitude,cubepinch_sb_forcemagnitude_s2,2,det,7,45,80,0.5625,ok,0ac79f5
pinch,pinch_sweep_size_rand-20260622-195014,TesolloCubePinch,TesolloCubePinch-20260622-214305-cubepinch_sb_forcemagnitude_s2,force.magnitude,cubepinch_sb_forcemagnitude_s2,2,det,8,2,80,0.025,ok,0ac79f5
pinch,pinch_sweep_size_rand-20260622-195014,TesolloCubePinch,TesolloCubePinch-20260622-214305-cubepinch_sb_forcemagnitude_s2,force.magnitude,cubepinch_sb_forcemagnitude_s2,2,det,9,17,80,0.2125,ok,0ac79f5
pinch,pinch_sweep_size_rand-20260622-195014,TesolloCubePinch,TesolloCubePinch-20260622-214305-cubepinch_sb_forcemagnitude_s2,force.magnitude,cubepinch_sb_forcemagnitude_s2,2,det,10,40,80,0.5,ok,0ac79f5
pinch,pinch_sweep_size_rand-20260622-195014,TesolloCubePinch,TesolloCubePinch-20260622-214305-cubepinch_sb_forcemagnitude_s2,force.magnitude,cubepinch_sb_forcemagnitude_s2,2,det,11,49,80,0.6125,ok,0ac79f5
pinch,pinch_sweep_size_rand-20260622-195014,TesolloCubePinch,TesolloCubePinch-20260622-214305-cubepinch_sb_forcemagnitude_s2,force.magnitude,cubepinch_sb_forcemagnitude_s2,2,det,12,51,80,0.6375,ok,0ac79f5
pinch,pinch_sweep_size_rand-20260622-195014,TesolloCubePinch,TesolloCubePinch-20260622-214305-cubepinch_sb_forcemagnitude_s2,force.magnitude,cubepinch_sb_forcemagnitude_s2,2,det,13,7,80,0.0875,ok,0ac79f5
pinch,pinch_sweep_size_rand-20260622-195014,TesolloCubePinch,TesolloCubePinch-20260622-214305-cubepinch_sb_forcemagnitude_s2,force.magnitude,cubepinch_sb_forcemagnitude_s2,2,det,14,16,80,0.2,ok,0ac79f5
pinch,pinch_sweep_size_rand-20260622-195014,TesolloCubePinch,TesolloCubePinch-20260622-214305-cubepinch_sb_forcemagnitude_s2,force.magnitude,cubepinch_sb_forcemagnitude_s2,2,det,15,23,80,0.2875,ok,0ac79f5
pinch,pinch_sweep_size_rand-20260622-195014,TesolloCubePinch,TesolloCubePinch-20260622-214305-cubepinch_sb_forcemagnitude_s2,force.magnitude,cubepinch_sb_forcemagnitude_s2,2,det,16,44,80,0.55,ok,0ac79f5
pinch,pinch_sweep_size_rand-20260622-195014,TesolloCubePinch,TesolloCubePinch-20260622-214305-cubepinch_sb_forcemagnitude_s2,force.magnitude,cubepinch_sb_forcemagnitude_s2,2,det,17,20,80,0.25,ok,0ac79f5
pinch,pinch_sweep_size_rand-20260622-195014,TesolloCubePinch,TesolloCubePinch-20260622-214305-cubepinch_sb_forcemagnitude_s2,force.magnitude,cubepinch_sb_forcemagnitude_s2,2,det,18,8,80,0.1,ok,0ac79f5
pinch,pinch_sweep_size_rand-20260622-195014,TesolloCubePinch,TesolloCubePinch-20260622-214305-cubepinch_sb_forcemagnitude_s2,force.magnitude,cubepinch_sb_forcemagnitude_s2,2,det,19,11,80,0.1375,ok,0ac79f5
pinch,pinch_sweep_size_rand-20260622-195014,TesolloCubePinch,TesolloCubePinch-20260622-214305-cubepinch_sb_forcemagnitude_s2,force.magnitude,cubepinch_sb_forcemagnitude_s2,2,det,20,24,80,0.3,ok,0ac79f5
pinch,pinch_sweep_size_rand-20260622-195014,TesolloCubePinch,TesolloCubePinch-20260622-214305-cubepinch_sb_forcemagnitude_s2,force.magnitude,cubepinch_sb_forcemagnitude_s2,2,det,21,21,80,0.2625,ok,0ac79f5
pinch,pinch_sweep_size_rand-20260622-195014,TesolloCubePinch,TesolloCubePinch-20260622-214305-cubepinch_sb_forcemagnitude_s2,force.magnitude,cubepinch_sb_forcemagnitude_s2,2,det,22,21,80,0.2625,ok,0ac79f5
pinch,pinch_sweep_size_rand-20260622-195014,TesolloCubePinch,TesolloCubePinch-20260622-214305-cubepinch_sb_forcemagnitude_s2,force.magnitude,cubepinch_sb_forcemagnitude_s2,2,det,23,45,80,0.5625,ok,0ac79f5
pinch,pinch_sweep_size_rand-20260622-195014,TesolloCubePinch,TesolloCubePinch-20260622-214305-cubepinch_sb_forcemagnitude_s2,force.magnitude,cubepinch_sb_forcemagnitude_s2,2,det,24,36,80,0.45,ok,0ac79f5
pinch,pinch_sweep_size_rand-20260622-195014,TesolloCubePinch,TesolloCubePinch-20260622-214305-cubepinch_sb_forcemagnitude_s2,force.magnitude,cubepinch_sb_forcemagnitude_s2,2,det,25,23,80,0.2875,ok,0ac79f5
pinch,pinch_sweep_size_rand-20260622-195014,TesolloCubePinch,TesolloCubePinch-20260622-214305-cubepinch_sb_forcemagnitude_s2,force.magnitude,cubepinch_sb_forcemagnitude_s2,2,det,26,44,80,0.55,ok,0ac79f5
pinch,pinch_sweep_size_rand-20260622-195014,TesolloCubePinch,TesolloCubePinch-20260622-214305-cubepinch_sb_forcemagnitude_s2,force.magnitude,cubepinch_sb_forcemagnitude_s2,2,det,27,23,80,0.2875,ok,0ac79f5
pinch,pinch_sweep_size_rand-20260622-195014,TesolloCubePinch,TesolloCubePinch-20260622-214305-cubepinch_sb_forcemagnitude_s2,force.magnitude,cubepinch_sb_forcemagnitude_s2,2,det,28,18,80,0.225,ok,0ac79f5
pinch,pinch_sweep_size_rand-20260622-195014,TesolloCubePinch,TesolloCubePinch-20260622-214305-cubepinch_sb_forcemagnitude_s2,force.magnitude,cubepinch_sb_forcemagnitude_s2,2,det,29,41,80,0.5125,ok,0ac79f5
pinch,pinch_sweep_size_rand-20260622-195014,TesolloCubePinch,TesolloCubePinch-20260622-214305-cubepinch_sb_forcemagnitude_s2,force.magnitude,cubepinch_sb_forcemagnitude_s2,2,det,30,23,80,0.2875,ok,0ac79f5
pinch,pinch_sweep_size_rand-20260622-195014,TesolloCubePinch,TesolloCubePinch-20260622-214305-cubepinch_sb_forcemagnitude_s2,force.magnitude,cubepinch_sb_forcemagnitude_s2,2,det,31,55,80,0.6875,ok,0ac79f5
pinch,pinch_sweep_size_rand-20260622-195014,TesolloCubePinch,TesolloCubePinch-20260622-214305-cubepinch_sb_forcemagnitude_s2,force.magnitude,cubepinch_sb_forcemagnitude_s2,2,det,32,4,80,0.05,ok,0ac79f5
pinch,pinch_sweep_size_rand-20260622-195014,TesolloCubePinch,TesolloCubePinch-20260622-214305-cubepinch_sb_forcemagnitude_s2,force.magnitude,cubepinch_sb_forcemagnitude_s2,2,det,33,45,80,0.5625,ok,0ac79f5
pinch,pinch_sweep_size_rand-20260622-195014,TesolloCubePinch,TesolloCubePinch-20260622-214305-cubepinch_sb_forcemagnitude_s2,force.magnitude,cubepinch_sb_forcemagnitude_s2,2,det,34,6,80,0.075,ok,0ac79f5
pinch,pinch_sweep_size_rand-20260622-195014,TesolloCubePinch,TesolloCubePinch-20260622-214305-cubepinch_sb_forcemagnitude_s2,force.magnitude,cubepinch_sb_forcemagnitude_s2,2,det,35,32,80,0.4,ok,0ac79f5
pinch,pinch_sweep_size_rand-20260622-195014,TesolloCubePinch,TesolloCubePinch-20260622-214305-cubepinch_sb_forcemagnitude_s2,force.magnitude,cubepinch_sb_forcemagnitude_s2,2,det,36,56,80,0.7,ok,0ac79f5
pinch,pinch_sweep_size_rand-20260622-195014,TesolloCubePinch,TesolloCubePinch-20260622-214305-cubepinch_sb_forcemagnitude_s2,force.magnitude,cubepinch_sb_forcemagnitude_s2,2,det,37,39,80,0.4875,ok,0ac79f5
pinch,pinch_sweep_size_rand-20260622-195014,TesolloCubePinch,TesolloCubePinch-20260622-214305-cubepinch_sb_forcemagnitude_s2,force.magnitude,cubepinch_sb_forcemagnitude_s2,2,det,38,28,80,0.35,ok,0ac79f5
pinch,pinch_sweep_size_rand-20260622-195014,TesolloCubePinch,TesolloCubePinch-20260622-214305-cubepinch_sb_forcemagnitude_s2,force.magnitude,cubepinch_sb_forcemagnitude_s2,2,det,39,29,80,0.3625,ok,0ac79f5
pinch,pinch_sweep_size_rand-20260622-195014,TesolloCubePinch,TesolloCubePinch-20260622-214305-cubepinch_sb_forcemagnitude_s2,force.magnitude,cubepinch_sb_forcemagnitude_s2,2,det,40,23,80,0.2875,ok,0ac79f5
pinch,pinch_sweep_size_rand-20260622-195014,TesolloCubePinch,TesolloCubePinch-20260622-214305-cubepinch_sb_forcemagnitude_s2,force.magnitude,cubepinch_sb_forcemagnitude_s2,2,det,41,33,80,0.4125,ok,0ac79f5
pinch,pinch_sweep_size_rand-20260622-195014,TesolloCubePinch,TesolloCubePinch-20260622-214305-cubepinch_sb_forcemagnitude_s2,force.magnitude,cubepinch_sb_forcemagnitude_s2,2,det,42,28,80,0.35,ok,0ac79f5
pinch,pinch_sweep_size_rand-20260622-195014,TesolloCubePinch,TesolloCubePinch-20260622-214305-cubepinch_sb_forcemagnitude_s2,force.magnitude,cubepinch_sb_forcemagnitude_s2,2,det,43,23,80,0.2875,ok,0ac79f5
pinch,pinch_sweep_size_rand-20260622-195014,TesolloCubePinch,TesolloCubePinch-20260622-214305-cubepinch_sb_forcemagnitude_s2,force.magnitude,cubepinch_sb_forcemagnitude_s2,2,det,44,55,80,0.6875,ok,0ac79f5
pinch,pinch_sweep_size_rand-20260622-195014,TesolloCubePinch,TesolloCubePinch-20260622-214305-cubepinch_sb_forcemagnitude_s2,force.magnitude,cubepinch_sb_forcemagnitude_s2,2,det,45,56,80,0.7,ok,0ac79f5
pinch,pinch_sweep_size_rand-20260622-195014,TesolloCubePinch,TesolloCubePinch-20260622-214305-cubepinch_sb_forcemagnitude_s2,force.magnitude,cubepinch_sb_forcemagnitude_s2,2,det,46,49,80,0.6125,ok,0ac79f5
pinch,pinch_sweep_size_rand-20260622-195014,TesolloCubePinch,TesolloCubePinch-20260622-214305-cubepinch_sb_forcemagnitude_s2,force.magnitude,cubepinch_sb_forcemagnitude_s2,2,det,47,20,80,0.25,ok,0ac79f5
pinch,pinch_sweep_size_rand-20260622-195014,TesolloCubePinch,TesolloCubePinch-20260622-214305-cubepinch_sb_forcemagnitude_s2,force.magnitude,cubepinch_sb_forcemagnitude_s2,2,det,48,45,80,0.5625,ok,0ac79f5
pinch,pinch_sweep_size_rand-20260622-195014,TesolloCubePinch,TesolloCubePinch-20260622-214305-cubepinch_sb_forcemagnitude_s2,force.magnitude,cubepinch_sb_forcemagnitude_s2,2,det,49,46,80,0.575,ok,0ac79f5
pinch,pinch_sweep_size_rand-20260622-195014,TesolloCubePinch,TesolloCubePinch-20260622-214305-cubepinch_sb_forcemagnitude_s2,force.magnitude,cubepinch_sb_forcemagnitude_s2,2,det,50,12,80,0.15,ok,0ac79f5
pinch,pinch_sweep_size_rand-20260622-195014,TesolloCubePinch,TesolloCubePinch-20260622-214305-cubepinch_sb_forcemagnitude_s2,force.magnitude,cubepinch_sb_forcemagnitude_s2,2,det,51,45,80,0.5625,ok,0ac79f5
pinch,pinch_sweep_size_rand-20260622-195014,TesolloCubePinch,TesolloCubePinch-20260622-214305-cubepinch_sb_forcemagnitude_s2,force.magnitude,cubepinch_sb_forcemagnitude_s2,2,det,52,29,80,0.3625,ok,0ac79f5
pinch,pinch_sweep_size_rand-20260622-195014,TesolloCubePinch,TesolloCubePinch-20260622-214305-cubepinch_sb_forcemagnitude_s2,force.magnitude,cubepinch_sb_forcemagnitude_s2,2,det,53,26,80,0.325,ok,0ac79f5
pinch,pinch_sweep_size_rand-20260622-195014,TesolloCubePinch,TesolloCubePinch-20260622-214305-cubepinch_sb_forcemagnitude_s2,force.magnitude,cubepinch_sb_forcemagnitude_s2,2,det,54,55,80,0.6875,ok,0ac79f5
pinch,pinch_sweep_size_rand-20260622-195014,TesolloCubePinch,TesolloCubePinch-20260622-214305-cubepinch_sb_forcemagnitude_s2,force.magnitude,cubepinch_sb_forcemagnitude_s2,2,det,55,20,80,0.25,ok,0ac79f5
pinch,pinch_sweep_size_rand-20260622-195014,TesolloCubePinch,TesolloCubePinch-20260622-214305-cubepinch_sb_forcemagnitude_s2,force.magnitude,cubepinch_sb_forcemagnitude_s2,2,det,56,46,80,0.575,ok,0ac79f5
pinch,pinch_sweep_size_rand-20260622-195014,TesolloCubePinch,TesolloCubePinch-20260622-214305-cubepinch_sb_forcemagnitude_s2,force.magnitude,cubepinch_sb_forcemagnitude_s2,2,det,57,29,80,0.3625,ok,0ac79f5
pinch,pinch_sweep_size_rand-20260622-195014,TesolloCubePinch,TesolloCubePinch-20260622-214305-cubepinch_sb_forcemagnitude_s2,force.magnitude,cubepinch_sb_forcemagnitude_s2,2,det,58,18,80,0.225,ok,0ac79f5
pinch,pinch_sweep_size_rand-20260622-195014,TesolloCubePinch,TesolloCubePinch-20260622-214305-cubepinch_sb_forcemagnitude_s2,force.magnitude,cubepinch_sb_forcemagnitude_s2,2,det,59,55,80,0.6875,ok,0ac79f5
pinch,pinch_sweep_size_rand-20260622-195014,TesolloCubePinch,TesolloCubePinch-20260622-214305-cubepinch_sb_forcemagnitude_s2,force.magnitude,cubepinch_sb_forcemagnitude_s2,2,det,60,56,80,0.7,ok,0ac79f5
pinch,pinch_sweep_size_rand-20260622-195014,TesolloCubePinch,TesolloCubePinch-20260622-214305-cubepinch_sb_forcemagnitude_s2,force.magnitude,cubepinch_sb_forcemagnitude_s2,2,det,61,26,80,0.325,ok,0ac79f5
pinch,pinch_sweep_size_rand-20260622-195014,TesolloCubePinch,TesolloCubePinch-20260622-214305-cubepinch_sb_forcemagnitude_s2,force.magnitude,cubepinch_sb_forcemagnitude_s2,2,det,62,16,80,0.2,ok,0ac79f5
pinch,pinch_sweep_size_rand-20260622-195014,TesolloCubePinch,TesolloCubePinch-20260622-214305-cubepinch_sb_forcemagnitude_s2,force.magnitude,cubepinch_sb_forcemagnitude_s2,2,det,63,36,80,0.45,ok,0ac79f5
pinch,pinch_sweep_size_rand-20260622-195014,TesolloCubePinch,TesolloCubePinch-20260622-214305-cubepinch_sb_forcemagnitude_s2,force.magnitude,cubepinch_sb_forcemagnitude_s2,2,det,64,42,80,0.525,ok,0ac79f5
pinch,pinch_sweep_size_rand-20260622-195014,TesolloCubePinch,TesolloCubePinch-20260622-214305-cubepinch_sb_forcemagnitude_s2,force.magnitude,cubepinch_sb_forcemagnitude_s2,2,det,65,27,80,0.3375,ok,0ac79f5
pinch,pinch_sweep_size_rand-20260622-195014,TesolloCubePinch,TesolloCubePinch-20260622-214305-cubepinch_sb_forcemagnitude_s2,force.magnitude,cubepinch_sb_forcemagnitude_s2,2,det,66,17,80,0.2125,ok,0ac79f5
pinch,pinch_sweep_size_rand-20260622-195014,TesolloCubePinch,TesolloCubePinch-20260622-214305-cubepinch_sb_forcemagnitude_s2,force.magnitude,cubepinch_sb_forcemagnitude_s2,2,det,67,49,80,0.6125,ok,0ac79f5
pinch,pinch_sweep_size_rand-20260622-195014,TesolloCubePinch,TesolloCubePinch-20260622-214305-cubepinch_sb_forcemagnitude_s2,force.magnitude,cubepinch_sb_forcemagnitude_s2,2,det,68,50,80,0.625,ok,0ac79f5
pinch,pinch_sweep_size_rand-20260622-195014,TesolloCubePinch,TesolloCubePinch-20260622-214305-cubepinch_sb_forcemagnitude_s2,force.magnitude,cubepinch_sb_forcemagnitude_s2,2,det,69,44,80,0.55,ok,0ac79f5
pinch,pinch_sweep_size_rand-20260622-195014,TesolloCubePinch,TesolloCubePinch-20260622-214305-cubepinch_sb_forcemagnitude_s2,force.magnitude,cubepinch_sb_forcemagnitude_s2,2,det,70,55,80,0.6875,ok,0ac79f5
pinch,pinch_sweep_size_rand-20260622-195014,TesolloCubePinch,TesolloCubePinch-20260622-214305-cubepinch_sb_forcemagnitude_s2,force.magnitude,cubepinch_sb_forcemagnitude_s2,2,det,71,46,80,0.575,ok,0ac79f5
pinch,pinch_sweep_size_rand-20260622-195014,TesolloCubePinch,TesolloCubePinch-20260622-214305-cubepinch_sb_forcemagnitude_s2,force.magnitude,cubepinch_sb_forcemagnitude_s2,2,det,72,20,80,0.25,ok,0ac79f5
pinch,pinch_sweep_size_rand-20260622-195014,TesolloCubePinch,TesolloCubePinch-20260622-214305-cubepinch_sb_forcemagnitude_s2,force.magnitude,cubepinch_sb_forcemagnitude_s2,2,det,73,56,80,0.7,ok,0ac79f5
pinch,pinch_sweep_size_rand-20260622-195014,TesolloCubePinch,TesolloCubePinch-20260622-214305-cubepinch_sb_forcemagnitude_s2,force.magnitude,cubepinch_sb_forcemagnitude_s2,2,det,74,34,80,0.425,ok,0ac79f5
pinch,pinch_sweep_size_rand-20260622-195014,TesolloCubePinch,TesolloCubePinch-20260622-214305-cubepinch_sb_forcemagnitude_s2,force.magnitude,cubepinch_sb_forcemagnitude_s2,2,det,75,46,80,0.575,ok,0ac79f5
pinch,pinch_sweep_size_rand-20260622-195014,TesolloCubePinch,TesolloCubePinch-20260622-214305-cubepinch_sb_forcemagnitude_s2,force.magnitude,cubepinch_sb_forcemagnitude_s2,2,det,76,9,80,0.1125,ok,0ac79f5
pinch,pinch_sweep_size_rand-20260622-195014,TesolloCubePinch,TesolloCubePinch-20260622-214305-cubepinch_sb_forcemagnitude_s2,force.magnitude,cubepinch_sb_forcemagnitude_s2,2,det,77,56,80,0.7,ok,0ac79f5
pinch,pinch_sweep_size_rand-20260622-195014,TesolloCubePinch,TesolloCubePinch-20260622-214305-cubepinch_sb_forcemagnitude_s2,force.magnitude,cubepinch_sb_forcemagnitude_s2,2,det,78,42,80,0.525,ok,0ac79f5
pinch,pinch_sweep_size_rand-20260622-195014,TesolloCubePinch,TesolloCubePinch-20260622-214305-cubepinch_sb_forcemagnitude_s2,force.magnitude,cubepinch_sb_forcemagnitude_s2,2,det,79,56,80,0.7,ok,0ac79f5
pinch,pinch_sweep_size_rand-20260622-195014,TesolloCubePinch,TesolloCubePinch-20260622-214305-cubepinch_sb_forcemagnitude_s2,force.magnitude,cubepinch_sb_forcemagnitude_s2,2,det,80,42,80,0.525,ok,0ac79f5
pinch,pinch_sweep_size_rand-20260622-195014,TesolloCubePinch,TesolloCubePinch-20260622-214305-cubepinch_sb_forcemagnitude_s2,force.magnitude,cubepinch_sb_forcemagnitude_s2,2,det,81,46,80,0.575,ok,0ac79f5
pinch,pinch_sweep_size_rand-20260622-195014,TesolloCubePinch,TesolloCubePinch-20260622-214305-cubepinch_sb_forcemagnitude_s2,force.magnitude,cubepinch_sb_forcemagnitude_s2,2,det,82,6,80,0.075,ok,0ac79f5
pinch,pinch_sweep_size_rand-20260622-195014,TesolloCubePinch,TesolloCubePinch-20260622-214305-cubepinch_sb_forcemagnitude_s2,force.magnitude,cubepinch_sb_forcemagnitude_s2,2,det,83,23,80,0.2875,ok,0ac79f5
pinch,pinch_sweep_size_rand-20260622-195014,TesolloCubePinch,TesolloCubePinch-20260622-214305-cubepinch_sb_forcemagnitude_s2,force.magnitude,cubepinch_sb_forcemagnitude_s2,2,det,84,46,80,0.575,ok,0ac79f5
pinch,pinch_sweep_size_rand-20260622-195014,TesolloCubePinch,TesolloCubePinch-20260622-214305-cubepinch_sb_forcemagnitude_s2,force.magnitude,cubepinch_sb_forcemagnitude_s2,2,det,85,15,80,0.1875,ok,0ac79f5
pinch,pinch_sweep_size_rand-20260622-195014,TesolloCubePinch,TesolloCubePinch-20260622-214305-cubepinch_sb_forcemagnitude_s2,force.magnitude,cubepinch_sb_forcemagnitude_s2,2,det,86,40,80,0.5,ok,0ac79f5
pinch,pinch_sweep_size_rand-20260622-195014,TesolloCubePinch,TesolloCubePinch-20260622-214305-cubepinch_sb_forcemagnitude_s2,force.magnitude,cubepinch_sb_forcemagnitude_s2,2,det,87,41,80,0.5125,ok,0ac79f5
pinch,pinch_sweep_size_rand-20260622-195014,TesolloCubePinch,TesolloCubePinch-20260622-214305-cubepinch_sb_forcemagnitude_s2,force.magnitude,cubepinch_sb_forcemagnitude_s2,2,det,88,27,80,0.3375,ok,0ac79f5
pinch,pinch_sweep_size_rand-20260622-195014,TesolloCubePinch,TesolloCubePinch-20260622-214305-cubepinch_sb_forcemagnitude_s2,force.magnitude,cubepinch_sb_forcemagnitude_s2,2,det,89,12,80,0.15,ok,0ac79f5
pinch,pinch_sweep_size_rand-20260622-195014,TesolloCubePinch,TesolloCubePinch-20260622-214305-cubepinch_sb_forcemagnitude_s2,force.magnitude,cubepinch_sb_forcemagnitude_s2,2,det,90,33,80,0.4125,ok,0ac79f5
pinch,pinch_sweep_size_rand-20260622-195014,TesolloCubePinch,TesolloCubePinch-20260622-214305-cubepinch_sb_forcemagnitude_s2,force.magnitude,cubepinch_sb_forcemagnitude_s2,2,det,91,38,80,0.475,ok,0ac79f5
pinch,pinch_sweep_size_rand-20260622-195014,TesolloCubePinch,TesolloCubePinch-20260622-214305-cubepinch_sb_forcemagnitude_s2,force.magnitude,cubepinch_sb_forcemagnitude_s2,2,det,92,27,80,0.3375,ok,0ac79f5
pinch,pinch_sweep_size_rand-20260622-195014,TesolloCubePinch,TesolloCubePinch-20260622-214305-cubepinch_sb_forcemagnitude_s2,force.magnitude,cubepinch_sb_forcemagnitude_s2,2,det,93,31,80,0.3875,ok,0ac79f5
pinch,pinch_sweep_size_rand-20260622-195014,TesolloCubePinch,TesolloCubePinch-20260622-214305-cubepinch_sb_forcemagnitude_s2,force.magnitude,cubepinch_sb_forcemagnitude_s2,2,det,94,56,80,0.7,ok,0ac79f5
pinch,pinch_sweep_size_rand-20260622-195014,TesolloCubePinch,TesolloCubePinch-20260622-214305-cubepinch_sb_forcemagnitude_s2,force.magnitude,cubepinch_sb_forcemagnitude_s2,2,det,95,56,80,0.7,ok,0ac79f5
pinch,pinch_sweep_size_rand-20260622-195014,TesolloCubePinch,TesolloCubePinch-20260622-214305-cubepinch_sb_forcemagnitude_s2,force.magnitude,cubepinch_sb_forcemagnitude_s2,2,det,96,44,80,0.55,ok,0ac79f5
pinch,pinch_sweep_size_rand-20260622-195014,TesolloCubePinch,TesolloCubePinch-20260622-214305-cubepinch_sb_forcemagnitude_s2,force.magnitude,cubepinch_sb_forcemagnitude_s2,2,det,97,43,80,0.5375,ok,0ac79f5
pinch,pinch_sweep_size_rand-20260622-195014,TesolloCubePinch,TesolloCubePinch-20260622-214305-cubepinch_sb_forcemagnitude_s2,force.magnitude,cubepinch_sb_forcemagnitude_s2,2,det,98,8,80,0.1,ok,0ac79f5
pinch,pinch_sweep_size_rand-20260622-195014,TesolloCubePinch,TesolloCubePinch-20260622-214305-cubepinch_sb_forcemagnitude_s2,force.magnitude,cubepinch_sb_forcemagnitude_s2,2,det,99,1,80,0.0125,ok,0ac79f5
pinch,pinch_sweep_size_rand-20260622-195014,TesolloCubePinch,TesolloCubePinch-20260622-215428-cubepinch_sb_forcemagnitude_s3,force.magnitude,cubepinch_sb_forcemagnitude_s3,3,det,0,43,80,0.5375,ok,0ac79f5
pinch,pinch_sweep_size_rand-20260622-195014,TesolloCubePinch,TesolloCubePinch-20260622-215428-cubepinch_sb_forcemagnitude_s3,force.magnitude,cubepinch_sb_forcemagnitude_s3,3,det,1,57,80,0.7125,ok,0ac79f5
pinch,pinch_sweep_size_rand-20260622-195014,TesolloCubePinch,TesolloCubePinch-20260622-215428-cubepinch_sb_forcemagnitude_s3,force.magnitude,cubepinch_sb_forcemagnitude_s3,3,det,2,34,80,0.425,ok,0ac79f5
pinch,pinch_sweep_size_rand-20260622-195014,TesolloCubePinch,TesolloCubePinch-20260622-215428-cubepinch_sb_forcemagnitude_s3,force.magnitude,cubepinch_sb_forcemagnitude_s3,3,det,3,50,80,0.625,ok,0ac79f5
pinch,pinch_sweep_size_rand-20260622-195014,TesolloCubePinch,TesolloCubePinch-20260622-215428-cubepinch_sb_forcemagnitude_s3,force.magnitude,cubepinch_sb_forcemagnitude_s3,3,det,4,41,80,0.5125,ok,0ac79f5
pinch,pinch_sweep_size_rand-20260622-195014,TesolloCubePinch,TesolloCubePinch-20260622-215428-cubepinch_sb_forcemagnitude_s3,force.magnitude,cubepinch_sb_forcemagnitude_s3,3,det,5,62,80,0.775,ok,0ac79f5
pinch,pinch_sweep_size_rand-20260622-195014,TesolloCubePinch,TesolloCubePinch-20260622-215428-cubepinch_sb_forcemagnitude_s3,force.magnitude,cubepinch_sb_forcemagnitude_s3,3,det,6,12,80,0.15,ok,0ac79f5
pinch,pinch_sweep_size_rand-20260622-195014,TesolloCubePinch,TesolloCubePinch-20260622-215428-cubepinch_sb_forcemagnitude_s3,force.magnitude,cubepinch_sb_forcemagnitude_s3,3,det,7,61,80,0.7625,ok,0ac79f5
pinch,pinch_sweep_size_rand-20260622-195014,TesolloCubePinch,TesolloCubePinch-20260622-215428-cubepinch_sb_forcemagnitude_s3,force.magnitude,cubepinch_sb_forcemagnitude_s3,3,det,8,16,80,0.2,ok,0ac79f5
pinch,pinch_sweep_size_rand-20260622-195014,TesolloCubePinch,TesolloCubePinch-20260622-215428-cubepinch_sb_forcemagnitude_s3,force.magnitude,cubepinch_sb_forcemagnitude_s3,3,det,9,33,80,0.4125,ok,0ac79f5
pinch,pinch_sweep_size_rand-20260622-195014,TesolloCubePinch,TesolloCubePinch-20260622-215428-cubepinch_sb_forcemagnitude_s3,force.magnitude,cubepinch_sb_forcemagnitude_s3,3,det,10,47,80,0.5875,ok,0ac79f5
pinch,pinch_sweep_size_rand-20260622-195014,TesolloCubePinch,TesolloCubePinch-20260622-215428-cubepinch_sb_forcemagnitude_s3,force.magnitude,cubepinch_sb_forcemagnitude_s3,3,det,11,36,80,0.45,ok,0ac79f5
pinch,pinch_sweep_size_rand-20260622-195014,TesolloCubePinch,TesolloCubePinch-20260622-215428-cubepinch_sb_forcemagnitude_s3,force.magnitude,cubepinch_sb_forcemagnitude_s3,3,det,12,52,80,0.65,ok,0ac79f5
pinch,pinch_sweep_size_rand-20260622-195014,TesolloCubePinch,TesolloCubePinch-20260622-215428-cubepinch_sb_forcemagnitude_s3,force.magnitude,cubepinch_sb_forcemagnitude_s3,3,det,13,49,80,0.6125,ok,0ac79f5
pinch,pinch_sweep_size_rand-20260622-195014,TesolloCubePinch,TesolloCubePinch-20260622-215428-cubepinch_sb_forcemagnitude_s3,force.magnitude,cubepinch_sb_forcemagnitude_s3,3,det,14,40,80,0.5,ok,0ac79f5
pinch,pinch_sweep_size_rand-20260622-195014,TesolloCubePinch,TesolloCubePinch-20260622-215428-cubepinch_sb_forcemagnitude_s3,force.magnitude,cubepinch_sb_forcemagnitude_s3,3,det,15,14,80,0.175,ok,0ac79f5
pinch,pinch_sweep_size_rand-20260622-195014,TesolloCubePinch,TesolloCubePinch-20260622-215428-cubepinch_sb_forcemagnitude_s3,force.magnitude,cubepinch_sb_forcemagnitude_s3,3,det,16,52,80,0.65,ok,0ac79f5
pinch,pinch_sweep_size_rand-20260622-195014,TesolloCubePinch,TesolloCubePinch-20260622-215428-cubepinch_sb_forcemagnitude_s3,force.magnitude,cubepinch_sb_forcemagnitude_s3,3,det,17,11,80,0.1375,ok,0ac79f5
pinch,pinch_sweep_size_rand-20260622-195014,TesolloCubePinch,TesolloCubePinch-20260622-215428-cubepinch_sb_forcemagnitude_s3,force.magnitude,cubepinch_sb_forcemagnitude_s3,3,det,18,13,80,0.1625,ok,0ac79f5
pinch,pinch_sweep_size_rand-20260622-195014,TesolloCubePinch,TesolloCubePinch-20260622-215428-cubepinch_sb_forcemagnitude_s3,force.magnitude,cubepinch_sb_forcemagnitude_s3,3,det,19,19,80,0.2375,ok,0ac79f5
pinch,pinch_sweep_size_rand-20260622-195014,TesolloCubePinch,TesolloCubePinch-20260622-215428-cubepinch_sb_forcemagnitude_s3,force.magnitude,cubepinch_sb_forcemagnitude_s3,3,det,20,44,80,0.55,ok,0ac79f5
pinch,pinch_sweep_size_rand-20260622-195014,TesolloCubePinch,TesolloCubePinch-20260622-215428-cubepinch_sb_forcemagnitude_s3,force.magnitude,cubepinch_sb_forcemagnitude_s3,3,det,21,27,80,0.3375,ok,0ac79f5
pinch,pinch_sweep_size_rand-20260622-195014,TesolloCubePinch,TesolloCubePinch-20260622-215428-cubepinch_sb_forcemagnitude_s3,force.magnitude,cubepinch_sb_forcemagnitude_s3,3,det,22,24,80,0.3,ok,0ac79f5
pinch,pinch_sweep_size_rand-20260622-195014,TesolloCubePinch,TesolloCubePinch-20260622-215428-cubepinch_sb_forcemagnitude_s3,force.magnitude,cubepinch_sb_forcemagnitude_s3,3,det,23,62,80,0.775,ok,0ac79f5
pinch,pinch_sweep_size_rand-20260622-195014,TesolloCubePinch,TesolloCubePinch-20260622-215428-cubepinch_sb_forcemagnitude_s3,force.magnitude,cubepinch_sb_forcemagnitude_s3,3,det,24,32,80,0.4,ok,0ac79f5
pinch,pinch_sweep_size_rand-20260622-195014,TesolloCubePinch,TesolloCubePinch-20260622-215428-cubepinch_sb_forcemagnitude_s3,force.magnitude,cubepinch_sb_forcemagnitude_s3,3,det,25,40,80,0.5,ok,0ac79f5
pinch,pinch_sweep_size_rand-20260622-195014,TesolloCubePinch,TesolloCubePinch-20260622-215428-cubepinch_sb_forcemagnitude_s3,force.magnitude,cubepinch_sb_forcemagnitude_s3,3,det,26,40,80,0.5,ok,0ac79f5
pinch,pinch_sweep_size_rand-20260622-195014,TesolloCubePinch,TesolloCubePinch-20260622-215428-cubepinch_sb_forcemagnitude_s3,force.magnitude,cubepinch_sb_forcemagnitude_s3,3,det,27,27,80,0.3375,ok,0ac79f5
pinch,pinch_sweep_size_rand-20260622-195014,TesolloCubePinch,TesolloCubePinch-20260622-215428-cubepinch_sb_forcemagnitude_s3,force.magnitude,cubepinch_sb_forcemagnitude_s3,3,det,28,32,80,0.4,ok,0ac79f5
pinch,pinch_sweep_size_rand-20260622-195014,TesolloCubePinch,TesolloCubePinch-20260622-215428-cubepinch_sb_forcemagnitude_s3,force.magnitude,cubepinch_sb_forcemagnitude_s3,3,det,29,44,80,0.55,ok,0ac79f5
pinch,pinch_sweep_size_rand-20260622-195014,TesolloCubePinch,TesolloCubePinch-20260622-215428-cubepinch_sb_forcemagnitude_s3,force.magnitude,cubepinch_sb_forcemagnitude_s3,3,det,30,33,80,0.4125,ok,0ac79f5
pinch,pinch_sweep_size_rand-20260622-195014,TesolloCubePinch,TesolloCubePinch-20260622-215428-cubepinch_sb_forcemagnitude_s3,force.magnitude,cubepinch_sb_forcemagnitude_s3,3,det,31,64,80,0.8,ok,0ac79f5
pinch,pinch_sweep_size_rand-20260622-195014,TesolloCubePinch,TesolloCubePinch-20260622-215428-cubepinch_sb_forcemagnitude_s3,force.magnitude,cubepinch_sb_forcemagnitude_s3,3,det,32,2,80,0.025,ok,0ac79f5
pinch,pinch_sweep_size_rand-20260622-195014,TesolloCubePinch,TesolloCubePinch-20260622-215428-cubepinch_sb_forcemagnitude_s3,force.magnitude,cubepinch_sb_forcemagnitude_s3,3,det,33,59,80,0.7375,ok,0ac79f5
pinch,pinch_sweep_size_rand-20260622-195014,TesolloCubePinch,TesolloCubePinch-20260622-215428-cubepinch_sb_forcemagnitude_s3,force.magnitude,cubepinch_sb_forcemagnitude_s3,3,det,34,22,80,0.275,ok,0ac79f5
pinch,pinch_sweep_size_rand-20260622-195014,TesolloCubePinch,TesolloCubePinch-20260622-215428-cubepinch_sb_forcemagnitude_s3,force.magnitude,cubepinch_sb_forcemagnitude_s3,3,det,35,45,80,0.5625,ok,0ac79f5
pinch,pinch_sweep_size_rand-20260622-195014,TesolloCubePinch,TesolloCubePinch-20260622-215428-cubepinch_sb_forcemagnitude_s3,force.magnitude,cubepinch_sb_forcemagnitude_s3,3,det,36,43,80,0.5375,ok,0ac79f5
pinch,pinch_sweep_size_rand-20260622-195014,TesolloCubePinch,TesolloCubePinch-20260622-215428-cubepinch_sb_forcemagnitude_s3,force.magnitude,cubepinch_sb_forcemagnitude_s3,3,det,37,28,80,0.35,ok,0ac79f5
pinch,pinch_sweep_size_rand-20260622-195014,TesolloCubePinch,TesolloCubePinch-20260622-215428-cubepinch_sb_forcemagnitude_s3,force.magnitude,cubepinch_sb_forcemagnitude_s3,3,det,38,53,80,0.6625,ok,0ac79f5
pinch,pinch_sweep_size_rand-20260622-195014,TesolloCubePinch,TesolloCubePinch-20260622-215428-cubepinch_sb_forcemagnitude_s3,force.magnitude,cubepinch_sb_forcemagnitude_s3,3,det,39,42,80,0.525,ok,0ac79f5
pinch,pinch_sweep_size_rand-20260622-195014,TesolloCubePinch,TesolloCubePinch-20260622-215428-cubepinch_sb_forcemagnitude_s3,force.magnitude,cubepinch_sb_forcemagnitude_s3,3,det,40,29,80,0.3625,ok,0ac79f5
pinch,pinch_sweep_size_rand-20260622-195014,TesolloCubePinch,TesolloCubePinch-20260622-215428-cubepinch_sb_forcemagnitude_s3,force.magnitude,cubepinch_sb_forcemagnitude_s3,3,det,41,38,80,0.475,ok,0ac79f5
pinch,pinch_sweep_size_rand-20260622-195014,TesolloCubePinch,TesolloCubePinch-20260622-215428-cubepinch_sb_forcemagnitude_s3,force.magnitude,cubepinch_sb_forcemagnitude_s3,3,det,42,37,80,0.4625,ok,0ac79f5
pinch,pinch_sweep_size_rand-20260622-195014,TesolloCubePinch,TesolloCubePinch-20260622-215428-cubepinch_sb_forcemagnitude_s3,force.magnitude,cubepinch_sb_forcemagnitude_s3,3,det,43,43,80,0.5375,ok,0ac79f5
pinch,pinch_sweep_size_rand-20260622-195014,TesolloCubePinch,TesolloCubePinch-20260622-215428-cubepinch_sb_forcemagnitude_s3,force.magnitude,cubepinch_sb_forcemagnitude_s3,3,det,44,62,80,0.775,ok,0ac79f5
pinch,pinch_sweep_size_rand-20260622-195014,TesolloCubePinch,TesolloCubePinch-20260622-215428-cubepinch_sb_forcemagnitude_s3,force.magnitude,cubepinch_sb_forcemagnitude_s3,3,det,45,44,80,0.55,ok,0ac79f5
pinch,pinch_sweep_size_rand-20260622-195014,TesolloCubePinch,TesolloCubePinch-20260622-215428-cubepinch_sb_forcemagnitude_s3,force.magnitude,cubepinch_sb_forcemagnitude_s3,3,det,46,44,80,0.55,ok,0ac79f5
pinch,pinch_sweep_size_rand-20260622-195014,TesolloCubePinch,TesolloCubePinch-20260622-215428-cubepinch_sb_forcemagnitude_s3,force.magnitude,cubepinch_sb_forcemagnitude_s3,3,det,47,40,80,0.5,ok,0ac79f5
pinch,pinch_sweep_size_rand-20260622-195014,TesolloCubePinch,TesolloCubePinch-20260622-215428-cubepinch_sb_forcemagnitude_s3,force.magnitude,cubepinch_sb_forcemagnitude_s3,3,det,48,43,80,0.5375,ok,0ac79f5
pinch,pinch_sweep_size_rand-20260622-195014,TesolloCubePinch,TesolloCubePinch-20260622-215428-cubepinch_sb_forcemagnitude_s3,force.magnitude,cubepinch_sb_forcemagnitude_s3,3,det,49,44,80,0.55,ok,0ac79f5
pinch,pinch_sweep_size_rand-20260622-195014,TesolloCubePinch,TesolloCubePinch-20260622-215428-cubepinch_sb_forcemagnitude_s3,force.magnitude,cubepinch_sb_forcemagnitude_s3,3,det,50,10,80,0.125,ok,0ac79f5
pinch,pinch_sweep_size_rand-20260622-195014,TesolloCubePinch,TesolloCubePinch-20260622-215428-cubepinch_sb_forcemagnitude_s3,force.magnitude,cubepinch_sb_forcemagnitude_s3,3,det,51,63,80,0.7875,ok,0ac79f5
pinch,pinch_sweep_size_rand-20260622-195014,TesolloCubePinch,TesolloCubePinch-20260622-215428-cubepinch_sb_forcemagnitude_s3,force.magnitude,cubepinch_sb_forcemagnitude_s3,3,det,52,48,80,0.6,ok,0ac79f5
pinch,pinch_sweep_size_rand-20260622-195014,TesolloCubePinch,TesolloCubePinch-20260622-215428-cubepinch_sb_forcemagnitude_s3,force.magnitude,cubepinch_sb_forcemagnitude_s3,3,det,53,32,80,0.4,ok,0ac79f5
pinch,pinch_sweep_size_rand-20260622-195014,TesolloCubePinch,TesolloCubePinch-20260622-215428-cubepinch_sb_forcemagnitude_s3,force.magnitude,cubepinch_sb_forcemagnitude_s3,3,det,54,66,80,0.825,ok,0ac79f5
pinch,pinch_sweep_size_rand-20260622-195014,TesolloCubePinch,TesolloCubePinch-20260622-215428-cubepinch_sb_forcemagnitude_s3,force.magnitude,cubepinch_sb_forcemagnitude_s3,3,det,55,52,80,0.65,ok,0ac79f5
pinch,pinch_sweep_size_rand-20260622-195014,TesolloCubePinch,TesolloCubePinch-20260622-215428-cubepinch_sb_forcemagnitude_s3,force.magnitude,cubepinch_sb_forcemagnitude_s3,3,det,56,44,80,0.55,ok,0ac79f5
pinch,pinch_sweep_size_rand-20260622-195014,TesolloCubePinch,TesolloCubePinch-20260622-215428-cubepinch_sb_forcemagnitude_s3,force.magnitude,cubepinch_sb_forcemagnitude_s3,3,det,57,17,80,0.2125,ok,0ac79f5
pinch,pinch_sweep_size_rand-20260622-195014,TesolloCubePinch,TesolloCubePinch-20260622-215428-cubepinch_sb_forcemagnitude_s3,force.magnitude,cubepinch_sb_forcemagnitude_s3,3,det,58,35,80,0.4375,ok,0ac79f5
pinch,pinch_sweep_size_rand-20260622-195014,TesolloCubePinch,TesolloCubePinch-20260622-215428-cubepinch_sb_forcemagnitude_s3,force.magnitude,cubepinch_sb_forcemagnitude_s3,3,det,59,44,80,0.55,ok,0ac79f5
pinch,pinch_sweep_size_rand-20260622-195014,TesolloCubePinch,TesolloCubePinch-20260622-215428-cubepinch_sb_forcemagnitude_s3,force.magnitude,cubepinch_sb_forcemagnitude_s3,3,det,60,47,80,0.5875,ok,0ac79f5
pinch,pinch_sweep_size_rand-20260622-195014,TesolloCubePinch,TesolloCubePinch-20260622-215428-cubepinch_sb_forcemagnitude_s3,force.magnitude,cubepinch_sb_forcemagnitude_s3,3,det,61,51,80,0.6375,ok,0ac79f5
pinch,pinch_sweep_size_rand-20260622-195014,TesolloCubePinch,TesolloCubePinch-20260622-215428-cubepinch_sb_forcemagnitude_s3,force.magnitude,cubepinch_sb_forcemagnitude_s3,3,det,62,19,80,0.2375,ok,0ac79f5
pinch,pinch_sweep_size_rand-20260622-195014,TesolloCubePinch,TesolloCubePinch-20260622-215428-cubepinch_sb_forcemagnitude_s3,force.magnitude,cubepinch_sb_forcemagnitude_s3,3,det,63,39,80,0.4875,ok,0ac79f5
pinch,pinch_sweep_size_rand-20260622-195014,TesolloCubePinch,TesolloCubePinch-20260622-215428-cubepinch_sb_forcemagnitude_s3,force.magnitude,cubepinch_sb_forcemagnitude_s3,3,det,64,57,80,0.7125,ok,0ac79f5
pinch,pinch_sweep_size_rand-20260622-195014,TesolloCubePinch,TesolloCubePinch-20260622-215428-cubepinch_sb_forcemagnitude_s3,force.magnitude,cubepinch_sb_forcemagnitude_s3,3,det,65,54,80,0.675,ok,0ac79f5
pinch,pinch_sweep_size_rand-20260622-195014,TesolloCubePinch,TesolloCubePinch-20260622-215428-cubepinch_sb_forcemagnitude_s3,force.magnitude,cubepinch_sb_forcemagnitude_s3,3,det,66,29,80,0.3625,ok,0ac79f5
pinch,pinch_sweep_size_rand-20260622-195014,TesolloCubePinch,TesolloCubePinch-20260622-215428-cubepinch_sb_forcemagnitude_s3,force.magnitude,cubepinch_sb_forcemagnitude_s3,3,det,67,60,80,0.75,ok,0ac79f5
pinch,pinch_sweep_size_rand-20260622-195014,TesolloCubePinch,TesolloCubePinch-20260622-215428-cubepinch_sb_forcemagnitude_s3,force.magnitude,cubepinch_sb_forcemagnitude_s3,3,det,68,64,80,0.8,ok,0ac79f5
pinch,pinch_sweep_size_rand-20260622-195014,TesolloCubePinch,TesolloCubePinch-20260622-215428-cubepinch_sb_forcemagnitude_s3,force.magnitude,cubepinch_sb_forcemagnitude_s3,3,det,69,42,80,0.525,ok,0ac79f5
pinch,pinch_sweep_size_rand-20260622-195014,TesolloCubePinch,TesolloCubePinch-20260622-215428-cubepinch_sb_forcemagnitude_s3,force.magnitude,cubepinch_sb_forcemagnitude_s3,3,det,70,64,80,0.8,ok,0ac79f5
pinch,pinch_sweep_size_rand-20260622-195014,TesolloCubePinch,TesolloCubePinch-20260622-215428-cubepinch_sb_forcemagnitude_s3,force.magnitude,cubepinch_sb_forcemagnitude_s3,3,det,71,41,80,0.5125,ok,0ac79f5
pinch,pinch_sweep_size_rand-20260622-195014,TesolloCubePinch,TesolloCubePinch-20260622-215428-cubepinch_sb_forcemagnitude_s3,force.magnitude,cubepinch_sb_forcemagnitude_s3,3,det,72,36,80,0.45,ok,0ac79f5
pinch,pinch_sweep_size_rand-20260622-195014,TesolloCubePinch,TesolloCubePinch-20260622-215428-cubepinch_sb_forcemagnitude_s3,force.magnitude,cubepinch_sb_forcemagnitude_s3,3,det,73,52,80,0.65,ok,0ac79f5
pinch,pinch_sweep_size_rand-20260622-195014,TesolloCubePinch,TesolloCubePinch-20260622-215428-cubepinch_sb_forcemagnitude_s3,force.magnitude,cubepinch_sb_forcemagnitude_s3,3,det,74,41,80,0.5125,ok,0ac79f5
pinch,pinch_sweep_size_rand-20260622-195014,TesolloCubePinch,TesolloCubePinch-20260622-215428-cubepinch_sb_forcemagnitude_s3,force.magnitude,cubepinch_sb_forcemagnitude_s3,3,det,75,62,80,0.775,ok,0ac79f5
pinch,pinch_sweep_size_rand-20260622-195014,TesolloCubePinch,TesolloCubePinch-20260622-215428-cubepinch_sb_forcemagnitude_s3,force.magnitude,cubepinch_sb_forcemagnitude_s3,3,det,76,29,80,0.3625,ok,0ac79f5
pinch,pinch_sweep_size_rand-20260622-195014,TesolloCubePinch,TesolloCubePinch-20260622-215428-cubepinch_sb_forcemagnitude_s3,force.magnitude,cubepinch_sb_forcemagnitude_s3,3,det,77,31,80,0.3875,ok,0ac79f5
pinch,pinch_sweep_size_rand-20260622-195014,TesolloCubePinch,TesolloCubePinch-20260622-215428-cubepinch_sb_forcemagnitude_s3,force.magnitude,cubepinch_sb_forcemagnitude_s3,3,det,78,29,80,0.3625,ok,0ac79f5
pinch,pinch_sweep_size_rand-20260622-195014,TesolloCubePinch,TesolloCubePinch-20260622-215428-cubepinch_sb_forcemagnitude_s3,force.magnitude,cubepinch_sb_forcemagnitude_s3,3,det,79,63,80,0.7875,ok,0ac79f5
pinch,pinch_sweep_size_rand-20260622-195014,TesolloCubePinch,TesolloCubePinch-20260622-215428-cubepinch_sb_forcemagnitude_s3,force.magnitude,cubepinch_sb_forcemagnitude_s3,3,det,80,44,80,0.55,ok,0ac79f5
pinch,pinch_sweep_size_rand-20260622-195014,TesolloCubePinch,TesolloCubePinch-20260622-215428-cubepinch_sb_forcemagnitude_s3,force.magnitude,cubepinch_sb_forcemagnitude_s3,3,det,81,45,80,0.5625,ok,0ac79f5
pinch,pinch_sweep_size_rand-20260622-195014,TesolloCubePinch,TesolloCubePinch-20260622-215428-cubepinch_sb_forcemagnitude_s3,force.magnitude,cubepinch_sb_forcemagnitude_s3,3,det,82,33,80,0.4125,ok,0ac79f5
pinch,pinch_sweep_size_rand-20260622-195014,TesolloCubePinch,TesolloCubePinch-20260622-215428-cubepinch_sb_forcemagnitude_s3,force.magnitude,cubepinch_sb_forcemagnitude_s3,3,det,83,31,80,0.3875,ok,0ac79f5
pinch,pinch_sweep_size_rand-20260622-195014,TesolloCubePinch,TesolloCubePinch-20260622-215428-cubepinch_sb_forcemagnitude_s3,force.magnitude,cubepinch_sb_forcemagnitude_s3,3,det,84,62,80,0.775,ok,0ac79f5
pinch,pinch_sweep_size_rand-20260622-195014,TesolloCubePinch,TesolloCubePinch-20260622-215428-cubepinch_sb_forcemagnitude_s3,force.magnitude,cubepinch_sb_forcemagnitude_s3,3,det,85,36,80,0.45,ok,0ac79f5
pinch,pinch_sweep_size_rand-20260622-195014,TesolloCubePinch,TesolloCubePinch-20260622-215428-cubepinch_sb_forcemagnitude_s3,force.magnitude,cubepinch_sb_forcemagnitude_s3,3,det,86,34,80,0.425,ok,0ac79f5
pinch,pinch_sweep_size_rand-20260622-195014,TesolloCubePinch,TesolloCubePinch-20260622-215428-cubepinch_sb_forcemagnitude_s3,force.magnitude,cubepinch_sb_forcemagnitude_s3,3,det,87,36,80,0.45,ok,0ac79f5
pinch,pinch_sweep_size_rand-20260622-195014,TesolloCubePinch,TesolloCubePinch-20260622-215428-cubepinch_sb_forcemagnitude_s3,force.magnitude,cubepinch_sb_forcemagnitude_s3,3,det,88,39,80,0.4875,ok,0ac79f5
pinch,pinch_sweep_size_rand-20260622-195014,TesolloCubePinch,TesolloCubePinch-20260622-215428-cubepinch_sb_forcemagnitude_s3,force.magnitude,cubepinch_sb_forcemagnitude_s3,3,det,89,38,80,0.475,ok,0ac79f5
pinch,pinch_sweep_size_rand-20260622-195014,TesolloCubePinch,TesolloCubePinch-20260622-215428-cubepinch_sb_forcemagnitude_s3,force.magnitude,cubepinch_sb_forcemagnitude_s3,3,det,90,42,80,0.525,ok,0ac79f5
pinch,pinch_sweep_size_rand-20260622-195014,TesolloCubePinch,TesolloCubePinch-20260622-215428-cubepinch_sb_forcemagnitude_s3,force.magnitude,cubepinch_sb_forcemagnitude_s3,3,det,91,51,80,0.6375,ok,0ac79f5
pinch,pinch_sweep_size_rand-20260622-195014,TesolloCubePinch,TesolloCubePinch-20260622-215428-cubepinch_sb_forcemagnitude_s3,force.magnitude,cubepinch_sb_forcemagnitude_s3,3,det,92,49,80,0.6125,ok,0ac79f5
pinch,pinch_sweep_size_rand-20260622-195014,TesolloCubePinch,TesolloCubePinch-20260622-215428-cubepinch_sb_forcemagnitude_s3,force.magnitude,cubepinch_sb_forcemagnitude_s3,3,det,93,58,80,0.725,ok,0ac79f5
pinch,pinch_sweep_size_rand-20260622-195014,TesolloCubePinch,TesolloCubePinch-20260622-215428-cubepinch_sb_forcemagnitude_s3,force.magnitude,cubepinch_sb_forcemagnitude_s3,3,det,94,63,80,0.7875,ok,0ac79f5
pinch,pinch_sweep_size_rand-20260622-195014,TesolloCubePinch,TesolloCubePinch-20260622-215428-cubepinch_sb_forcemagnitude_s3,force.magnitude,cubepinch_sb_forcemagnitude_s3,3,det,95,53,80,0.6625,ok,0ac79f5
pinch,pinch_sweep_size_rand-20260622-195014,TesolloCubePinch,TesolloCubePinch-20260622-215428-cubepinch_sb_forcemagnitude_s3,force.magnitude,cubepinch_sb_forcemagnitude_s3,3,det,96,51,80,0.6375,ok,0ac79f5
pinch,pinch_sweep_size_rand-20260622-195014,TesolloCubePinch,TesolloCubePinch-20260622-215428-cubepinch_sb_forcemagnitude_s3,force.magnitude,cubepinch_sb_forcemagnitude_s3,3,det,97,32,80,0.4,ok,0ac79f5
pinch,pinch_sweep_size_rand-20260622-195014,TesolloCubePinch,TesolloCubePinch-20260622-215428-cubepinch_sb_forcemagnitude_s3,force.magnitude,cubepinch_sb_forcemagnitude_s3,3,det,98,24,80,0.3,ok,0ac79f5
pinch,pinch_sweep_size_rand-20260622-195014,TesolloCubePinch,TesolloCubePinch-20260622-215428-cubepinch_sb_forcemagnitude_s3,force.magnitude,cubepinch_sb_forcemagnitude_s3,3,det,99,20,80,0.25,ok,0ac79f5
pinch,pinch_sweep_size_rand-20260622-195014,TesolloCubePinch,TesolloCubePinch-20260622-195023-cubepinch_sb_none_s1,none,cubepinch_sb_none_s1,1,det,0,0,80,0.0,ok,3682863
pinch,pinch_sweep_size_rand-20260622-195014,TesolloCubePinch,TesolloCubePinch-20260622-195023-cubepinch_sb_none_s1,none,cubepinch_sb_none_s1,1,det,1,0,80,0.0,ok,3682863
pinch,pinch_sweep_size_rand-20260622-195014,TesolloCubePinch,TesolloCubePinch-20260622-195023-cubepinch_sb_none_s1,none,cubepinch_sb_none_s1,1,det,2,44,80,0.55,ok,3682863
pinch,pinch_sweep_size_rand-20260622-195014,TesolloCubePinch,TesolloCubePinch-20260622-195023-cubepinch_sb_none_s1,none,cubepinch_sb_none_s1,1,det,3,0,80,0.0,ok,3682863
pinch,pinch_sweep_size_rand-20260622-195014,TesolloCubePinch,TesolloCubePinch-20260622-195023-cubepinch_sb_none_s1,none,cubepinch_sb_none_s1,1,det,4,0,80,0.0,ok,3682863
pinch,pinch_sweep_size_rand-20260622-195014,TesolloCubePinch,TesolloCubePinch-20260622-195023-cubepinch_sb_none_s1,none,cubepinch_sb_none_s1,1,det,5,41,80,0.5125,ok,3682863
pinch,pinch_sweep_size_rand-20260622-195014,TesolloCubePinch,TesolloCubePinch-20260622-195023-cubepinch_sb_none_s1,none,cubepinch_sb_none_s1,1,det,6,0,80,0.0,ok,3682863
pinch,pinch_sweep_size_rand-20260622-195014,TesolloCubePinch,TesolloCubePinch-20260622-195023-cubepinch_sb_none_s1,none,cubepinch_sb_none_s1,1,det,7,0,80,0.0,ok,3682863
pinch,pinch_sweep_size_rand-20260622-195014,TesolloCubePinch,TesolloCubePinch-20260622-195023-cubepinch_sb_none_s1,none,cubepinch_sb_none_s1,1,det,8,34,80,0.425,ok,3682863
pinch,pinch_sweep_size_rand-20260622-195014,TesolloCubePinch,TesolloCubePinch-20260622-195023-cubepinch_sb_none_s1,none,cubepinch_sb_none_s1,1,det,9,0,80,0.0,ok,3682863
pinch,pinch_sweep_size_rand-20260622-195014,TesolloCubePinch,TesolloCubePinch-20260622-195023-cubepinch_sb_none_s1,none,cubepinch_sb_none_s1,1,det,10,0,80,0.0,ok,3682863
pinch,pinch_sweep_size_rand-20260622-195014,TesolloCubePinch,TesolloCubePinch-20260622-195023-cubepinch_sb_none_s1,none,cubepinch_sb_none_s1,1,det,11,33,80,0.4125,ok,3682863
pinch,pinch_sweep_size_rand-20260622-195014,TesolloCubePinch,TesolloCubePinch-20260622-195023-cubepinch_sb_none_s1,none,cubepinch_sb_none_s1,1,det,12,0,80,0.0,ok,3682863
pinch,pinch_sweep_size_rand-20260622-195014,TesolloCubePinch,TesolloCubePinch-20260622-195023-cubepinch_sb_none_s1,none,cubepinch_sb_none_s1,1,det,13,0,80,0.0,ok,3682863
pinch,pinch_sweep_size_rand-20260622-195014,TesolloCubePinch,TesolloCubePinch-20260622-195023-cubepinch_sb_none_s1,none,cubepinch_sb_none_s1,1,det,14,0,80,0.0,ok,3682863
pinch,pinch_sweep_size_rand-20260622-195014,TesolloCubePinch,TesolloCubePinch-20260622-195023-cubepinch_sb_none_s1,none,cubepinch_sb_none_s1,1,det,15,0,80,0.0,ok,3682863
pinch,pinch_sweep_size_rand-20260622-195014,TesolloCubePinch,TesolloCubePinch-20260622-195023-cubepinch_sb_none_s1,none,cubepinch_sb_none_s1,1,det,16,0,80,0.0,ok,3682863
pinch,pinch_sweep_size_rand-20260622-195014,TesolloCubePinch,TesolloCubePinch-20260622-195023-cubepinch_sb_none_s1,none,cubepinch_sb_none_s1,1,det,17,0,80,0.0,ok,3682863
pinch,pinch_sweep_size_rand-20260622-195014,TesolloCubePinch,TesolloCubePinch-20260622-195023-cubepinch_sb_none_s1,none,cubepinch_sb_none_s1,1,det,18,0,80,0.0,ok,3682863
pinch,pinch_sweep_size_rand-20260622-195014,TesolloCubePinch,TesolloCubePinch-20260622-195023-cubepinch_sb_none_s1,none,cubepinch_sb_none_s1,1,det,19,0,80,0.0,ok,3682863
pinch,pinch_sweep_size_rand-20260622-195014,TesolloCubePinch,TesolloCubePinch-20260622-195023-cubepinch_sb_none_s1,none,cubepinch_sb_none_s1,1,det,20,55,80,0.6875,ok,3682863
pinch,pinch_sweep_size_rand-20260622-195014,TesolloCubePinch,TesolloCubePinch-20260622-195023-cubepinch_sb_none_s1,none,cubepinch_sb_none_s1,1,det,21,0,80,0.0,ok,3682863
pinch,pinch_sweep_size_rand-20260622-195014,TesolloCubePinch,TesolloCubePinch-20260622-195023-cubepinch_sb_none_s1,none,cubepinch_sb_none_s1,1,det,22,0,80,0.0,ok,3682863
pinch,pinch_sweep_size_rand-20260622-195014,TesolloCubePinch,TesolloCubePinch-20260622-195023-cubepinch_sb_none_s1,none,cubepinch_sb_none_s1,1,det,23,0,80,0.0,ok,3682863
pinch,pinch_sweep_size_rand-20260622-195014,TesolloCubePinch,TesolloCubePinch-20260622-195023-cubepinch_sb_none_s1,none,cubepinch_sb_none_s1,1,det,24,0,80,0.0,ok,3682863
pinch,pinch_sweep_size_rand-20260622-195014,TesolloCubePinch,TesolloCubePinch-20260622-195023-cubepinch_sb_none_s1,none,cubepinch_sb_none_s1,1,det,25,30,80,0.375,ok,3682863
pinch,pinch_sweep_size_rand-20260622-195014,TesolloCubePinch,TesolloCubePinch-20260622-195023-cubepinch_sb_none_s1,none,cubepinch_sb_none_s1,1,det,26,0,80,0.0,ok,3682863
pinch,pinch_sweep_size_rand-20260622-195014,TesolloCubePinch,TesolloCubePinch-20260622-195023-cubepinch_sb_none_s1,none,cubepinch_sb_none_s1,1,det,27,39,80,0.4875,ok,3682863
pinch,pinch_sweep_size_rand-20260622-195014,TesolloCubePinch,TesolloCubePinch-20260622-195023-cubepinch_sb_none_s1,none,cubepinch_sb_none_s1,1,det,28,0,80,0.0,ok,3682863
pinch,pinch_sweep_size_rand-20260622-195014,TesolloCubePinch,TesolloCubePinch-20260622-195023-cubepinch_sb_none_s1,none,cubepinch_sb_none_s1,1,det,29,0,80,0.0,ok,3682863
pinch,pinch_sweep_size_rand-20260622-195014,TesolloCubePinch,TesolloCubePinch-20260622-195023-cubepinch_sb_none_s1,none,cubepinch_sb_none_s1,1,det,30,0,80,0.0,ok,3682863
pinch,pinch_sweep_size_rand-20260622-195014,TesolloCubePinch,TesolloCubePinch-20260622-195023-cubepinch_sb_none_s1,none,cubepinch_sb_none_s1,1,det,31,48,80,0.6,ok,3682863
pinch,pinch_sweep_size_rand-20260622-195014,TesolloCubePinch,TesolloCubePinch-20260622-195023-cubepinch_sb_none_s1,none,cubepinch_sb_none_s1,1,det,32,2,80,0.025,ok,3682863
pinch,pinch_sweep_size_rand-20260622-195014,TesolloCubePinch,TesolloCubePinch-20260622-195023-cubepinch_sb_none_s1,none,cubepinch_sb_none_s1,1,det,33,28,80,0.35,ok,3682863
pinch,pinch_sweep_size_rand-20260622-195014,TesolloCubePinch,TesolloCubePinch-20260622-195023-cubepinch_sb_none_s1,none,cubepinch_sb_none_s1,1,det,34,0,80,0.0,ok,3682863
pinch,pinch_sweep_size_rand-20260622-195014,TesolloCubePinch,TesolloCubePinch-20260622-195023-cubepinch_sb_none_s1,none,cubepinch_sb_none_s1,1,det,35,0,80,0.0,ok,3682863
pinch,pinch_sweep_size_rand-20260622-195014,TesolloCubePinch,TesolloCubePinch-20260622-195023-cubepinch_sb_none_s1,none,cubepinch_sb_none_s1,1,det,36,15,80,0.1875,ok,3682863
pinch,pinch_sweep_size_rand-20260622-195014,TesolloCubePinch,TesolloCubePinch-20260622-195023-cubepinch_sb_none_s1,none,cubepinch_sb_none_s1,1,det,37,0,80,0.0,ok,3682863
pinch,pinch_sweep_size_rand-20260622-195014,TesolloCubePinch,TesolloCubePinch-20260622-195023-cubepinch_sb_none_s1,none,cubepinch_sb_none_s1,1,det,38,0,80,0.0,ok,3682863
pinch,pinch_sweep_size_rand-20260622-195014,TesolloCubePinch,TesolloCubePinch-20260622-195023-cubepinch_sb_none_s1,none,cubepinch_sb_none_s1,1,det,39,0,80,0.0,ok,3682863
pinch,pinch_sweep_size_rand-20260622-195014,TesolloCubePinch,TesolloCubePinch-20260622-195023-cubepinch_sb_none_s1,none,cubepinch_sb_none_s1,1,det,40,47,80,0.5875,ok,3682863
pinch,pinch_sweep_size_rand-20260622-195014,TesolloCubePinch,TesolloCubePinch-20260622-195023-cubepinch_sb_none_s1,none,cubepinch_sb_none_s1,1,det,41,0,80,0.0,ok,3682863
pinch,pinch_sweep_size_rand-20260622-195014,TesolloCubePinch,TesolloCubePinch-20260622-195023-cubepinch_sb_none_s1,none,cubepinch_sb_none_s1,1,det,42,0,80,0.0,ok,3682863
pinch,pinch_sweep_size_rand-20260622-195014,TesolloCubePinch,TesolloCubePinch-20260622-195023-cubepinch_sb_none_s1,none,cubepinch_sb_none_s1,1,det,43,0,80,0.0,ok,3682863
pinch,pinch_sweep_size_rand-20260622-195014,TesolloCubePinch,TesolloCubePinch-20260622-195023-cubepinch_sb_none_s1,none,cubepinch_sb_none_s1,1,det,44,0,80,0.0,ok,3682863
pinch,pinch_sweep_size_rand-20260622-195014,TesolloCubePinch,TesolloCubePinch-20260622-195023-cubepinch_sb_none_s1,none,cubepinch_sb_none_s1,1,det,45,1,80,0.0125,ok,3682863
pinch,pinch_sweep_size_rand-20260622-195014,TesolloCubePinch,TesolloCubePinch-20260622-195023-cubepinch_sb_none_s1,none,cubepinch_sb_none_s1,1,det,46,0,80,0.0,ok,3682863
pinch,pinch_sweep_size_rand-20260622-195014,TesolloCubePinch,TesolloCubePinch-20260622-195023-cubepinch_sb_none_s1,none,cubepinch_sb_none_s1,1,det,47,27,80,0.3375,ok,3682863
pinch,pinch_sweep_size_rand-20260622-195014,TesolloCubePinch,TesolloCubePinch-20260622-195023-cubepinch_sb_none_s1,none,cubepinch_sb_none_s1,1,det,48,0,80,0.0,ok,3682863
pinch,pinch_sweep_size_rand-20260622-195014,TesolloCubePinch,TesolloCubePinch-20260622-195023-cubepinch_sb_none_s1,none,cubepinch_sb_none_s1,1,det,49,0,80,0.0,ok,3682863
pinch,pinch_sweep_size_rand-20260622-195014,TesolloCubePinch,TesolloCubePinch-20260622-195023-cubepinch_sb_none_s1,none,cubepinch_sb_none_s1,1,det,50,51,80,0.6375,ok,3682863
pinch,pinch_sweep_size_rand-20260622-195014,TesolloCubePinch,TesolloCubePinch-20260622-195023-cubepinch_sb_none_s1,none,cubepinch_sb_none_s1,1,det,51,0,80,0.0,ok,3682863
pinch,pinch_sweep_size_rand-20260622-195014,TesolloCubePinch,TesolloCubePinch-20260622-195023-cubepinch_sb_none_s1,none,cubepinch_sb_none_s1,1,det,52,0,80,0.0,ok,3682863
pinch,pinch_sweep_size_rand-20260622-195014,TesolloCubePinch,TesolloCubePinch-20260622-195023-cubepinch_sb_none_s1,none,cubepinch_sb_none_s1,1,det,53,0,80,0.0,ok,3682863
pinch,pinch_sweep_size_rand-20260622-195014,TesolloCubePinch,TesolloCubePinch-20260622-195023-cubepinch_sb_none_s1,none,cubepinch_sb_none_s1,1,det,54,0,80,0.0,ok,3682863
pinch,pinch_sweep_size_rand-20260622-195014,TesolloCubePinch,TesolloCubePinch-20260622-195023-cubepinch_sb_none_s1,none,cubepinch_sb_none_s1,1,det,55,6,80,0.075,ok,3682863
pinch,pinch_sweep_size_rand-20260622-195014,TesolloCubePinch,TesolloCubePinch-20260622-195023-cubepinch_sb_none_s1,none,cubepinch_sb_none_s1,1,det,56,10,80,0.125,ok,3682863
pinch,pinch_sweep_size_rand-20260622-195014,TesolloCubePinch,TesolloCubePinch-20260622-195023-cubepinch_sb_none_s1,none,cubepinch_sb_none_s1,1,det,57,15,80,0.1875,ok,3682863
pinch,pinch_sweep_size_rand-20260622-195014,TesolloCubePinch,TesolloCubePinch-20260622-195023-cubepinch_sb_none_s1,none,cubepinch_sb_none_s1,1,det,58,0,80,0.0,ok,3682863
pinch,pinch_sweep_size_rand-20260622-195014,TesolloCubePinch,TesolloCubePinch-20260622-195023-cubepinch_sb_none_s1,none,cubepinch_sb_none_s1,1,det,59,0,80,0.0,ok,3682863
pinch,pinch_sweep_size_rand-20260622-195014,TesolloCubePinch,TesolloCubePinch-20260622-195023-cubepinch_sb_none_s1,none,cubepinch_sb_none_s1,1,det,60,25,80,0.3125,ok,3682863
pinch,pinch_sweep_size_rand-20260622-195014,TesolloCubePinch,TesolloCubePinch-20260622-195023-cubepinch_sb_none_s1,none,cubepinch_sb_none_s1,1,det,61,28,80,0.35,ok,3682863
pinch,pinch_sweep_size_rand-20260622-195014,TesolloCubePinch,TesolloCubePinch-20260622-195023-cubepinch_sb_none_s1,none,cubepinch_sb_none_s1,1,det,62,0,80,0.0,ok,3682863
pinch,pinch_sweep_size_rand-20260622-195014,TesolloCubePinch,TesolloCubePinch-20260622-195023-cubepinch_sb_none_s1,none,cubepinch_sb_none_s1,1,det,63,0,80,0.0,ok,3682863
pinch,pinch_sweep_size_rand-20260622-195014,TesolloCubePinch,TesolloCubePinch-20260622-195023-cubepinch_sb_none_s1,none,cubepinch_sb_none_s1,1,det,64,0,80,0.0,ok,3682863
pinch,pinch_sweep_size_rand-20260622-195014,TesolloCubePinch,TesolloCubePinch-20260622-195023-cubepinch_sb_none_s1,none,cubepinch_sb_none_s1,1,det,65,0,80,0.0,ok,3682863
pinch,pinch_sweep_size_rand-20260622-195014,TesolloCubePinch,TesolloCubePinch-20260622-195023-cubepinch_sb_none_s1,none,cubepinch_sb_none_s1,1,det,66,43,80,0.5375,ok,3682863
pinch,pinch_sweep_size_rand-20260622-195014,TesolloCubePinch,TesolloCubePinch-20260622-195023-cubepinch_sb_none_s1,none,cubepinch_sb_none_s1,1,det,67,44,80,0.55,ok,3682863
pinch,pinch_sweep_size_rand-20260622-195014,TesolloCubePinch,TesolloCubePinch-20260622-195023-cubepinch_sb_none_s1,none,cubepinch_sb_none_s1,1,det,68,0,80,0.0,ok,3682863
pinch,pinch_sweep_size_rand-20260622-195014,TesolloCubePinch,TesolloCubePinch-20260622-195023-cubepinch_sb_none_s1,none,cubepinch_sb_none_s1,1,det,69,0,80,0.0,ok,3682863
pinch,pinch_sweep_size_rand-20260622-195014,TesolloCubePinch,TesolloCubePinch-20260622-195023-cubepinch_sb_none_s1,none,cubepinch_sb_none_s1,1,det,70,0,80,0.0,ok,3682863
pinch,pinch_sweep_size_rand-20260622-195014,TesolloCubePinch,TesolloCubePinch-20260622-195023-cubepinch_sb_none_s1,none,cubepinch_sb_none_s1,1,det,71,0,80,0.0,ok,3682863
pinch,pinch_sweep_size_rand-20260622-195014,TesolloCubePinch,TesolloCubePinch-20260622-195023-cubepinch_sb_none_s1,none,cubepinch_sb_none_s1,1,det,72,2,80,0.025,ok,3682863
pinch,pinch_sweep_size_rand-20260622-195014,TesolloCubePinch,TesolloCubePinch-20260622-195023-cubepinch_sb_none_s1,none,cubepinch_sb_none_s1,1,det,73,26,80,0.325,ok,3682863
pinch,pinch_sweep_size_rand-20260622-195014,TesolloCubePinch,TesolloCubePinch-20260622-195023-cubepinch_sb_none_s1,none,cubepinch_sb_none_s1,1,det,74,0,80,0.0,ok,3682863
pinch,pinch_sweep_size_rand-20260622-195014,TesolloCubePinch,TesolloCubePinch-20260622-195023-cubepinch_sb_none_s1,none,cubepinch_sb_none_s1,1,det,75,0,80,0.0,ok,3682863
pinch,pinch_sweep_size_rand-20260622-195014,TesolloCubePinch,TesolloCubePinch-20260622-195023-cubepinch_sb_none_s1,none,cubepinch_sb_none_s1,1,det,76,0,80,0.0,ok,3682863
pinch,pinch_sweep_size_rand-20260622-195014,TesolloCubePinch,TesolloCubePinch-20260622-195023-cubepinch_sb_none_s1,none,cubepinch_sb_none_s1,1,det,77,0,80,0.0,ok,3682863
pinch,pinch_sweep_size_rand-20260622-195014,TesolloCubePinch,TesolloCubePinch-20260622-195023-cubepinch_sb_none_s1,none,cubepinch_sb_none_s1,1,det,78,0,80,0.0,ok,3682863
pinch,pinch_sweep_size_rand-20260622-195014,TesolloCubePinch,TesolloCubePinch-20260622-195023-cubepinch_sb_none_s1,none,cubepinch_sb_none_s1,1,det,79,52,80,0.65,ok,3682863
pinch,pinch_sweep_size_rand-20260622-195014,TesolloCubePinch,TesolloCubePinch-20260622-195023-cubepinch_sb_none_s1,none,cubepinch_sb_none_s1,1,det,80,43,80,0.5375,ok,3682863
pinch,pinch_sweep_size_rand-20260622-195014,TesolloCubePinch,TesolloCubePinch-20260622-195023-cubepinch_sb_none_s1,none,cubepinch_sb_none_s1,1,det,81,0,80,0.0,ok,3682863
pinch,pinch_sweep_size_rand-20260622-195014,TesolloCubePinch,TesolloCubePinch-20260622-195023-cubepinch_sb_none_s1,none,cubepinch_sb_none_s1,1,det,82,0,80,0.0,ok,3682863
pinch,pinch_sweep_size_rand-20260622-195014,TesolloCubePinch,TesolloCubePinch-20260622-195023-cubepinch_sb_none_s1,none,cubepinch_sb_none_s1,1,det,83,0,80,0.0,ok,3682863
pinch,pinch_sweep_size_rand-20260622-195014,TesolloCubePinch,TesolloCubePinch-20260622-195023-cubepinch_sb_none_s1,none,cubepinch_sb_none_s1,1,det,84,0,80,0.0,ok,3682863
pinch,pinch_sweep_size_rand-20260622-195014,TesolloCubePinch,TesolloCubePinch-20260622-195023-cubepinch_sb_none_s1,none,cubepinch_sb_none_s1,1,det,85,0,80,0.0,ok,3682863
pinch,pinch_sweep_size_rand-20260622-195014,TesolloCubePinch,TesolloCubePinch-20260622-195023-cubepinch_sb_none_s1,none,cubepinch_sb_none_s1,1,det,86,0,80,0.0,ok,3682863
pinch,pinch_sweep_size_rand-20260622-195014,TesolloCubePinch,TesolloCubePinch-20260622-195023-cubepinch_sb_none_s1,none,cubepinch_sb_none_s1,1,det,87,32,80,0.4,ok,3682863
pinch,pinch_sweep_size_rand-20260622-195014,TesolloCubePinch,TesolloCubePinch-20260622-195023-cubepinch_sb_none_s1,none,cubepinch_sb_none_s1,1,det,88,0,80,0.0,ok,3682863
pinch,pinch_sweep_size_rand-20260622-195014,TesolloCubePinch,TesolloCubePinch-20260622-195023-cubepinch_sb_none_s1,none,cubepinch_sb_none_s1,1,det,89,0,80,0.0,ok,3682863
pinch,pinch_sweep_size_rand-20260622-195014,TesolloCubePinch,TesolloCubePinch-20260622-195023-cubepinch_sb_none_s1,none,cubepinch_sb_none_s1,1,det,90,5,80,0.0625,ok,3682863
pinch,pinch_sweep_size_rand-20260622-195014,TesolloCubePinch,TesolloCubePinch-20260622-195023-cubepinch_sb_none_s1,none,cubepinch_sb_none_s1,1,det,91,0,80,0.0,ok,3682863
pinch,pinch_sweep_size_rand-20260622-195014,TesolloCubePinch,TesolloCubePinch-20260622-195023-cubepinch_sb_none_s1,none,cubepinch_sb_none_s1,1,det,92,0,80,0.0,ok,3682863
pinch,pinch_sweep_size_rand-20260622-195014,TesolloCubePinch,TesolloCubePinch-20260622-195023-cubepinch_sb_none_s1,none,cubepinch_sb_none_s1,1,det,93,0,80,0.0,ok,3682863
pinch,pinch_sweep_size_rand-20260622-195014,TesolloCubePinch,TesolloCubePinch-20260622-195023-cubepinch_sb_none_s1,none,cubepinch_sb_none_s1,1,det,94,0,80,0.0,ok,3682863
pinch,pinch_sweep_size_rand-20260622-195014,TesolloCubePinch,TesolloCubePinch-20260622-195023-cubepinch_sb_none_s1,none,cubepinch_sb_none_s1,1,det,95,0,80,0.0,ok,3682863
pinch,pinch_sweep_size_rand-20260622-195014,TesolloCubePinch,TesolloCubePinch-20260622-195023-cubepinch_sb_none_s1,none,cubepinch_sb_none_s1,1,det,96,0,80,0.0,ok,3682863
pinch,pinch_sweep_size_rand-20260622-195014,TesolloCubePinch,TesolloCubePinch-20260622-195023-cubepinch_sb_none_s1,none,cubepinch_sb_none_s1,1,det,97,0,80,0.0,ok,3682863
pinch,pinch_sweep_size_rand-20260622-195014,TesolloCubePinch,TesolloCubePinch-20260622-195023-cubepinch_sb_none_s1,none,cubepinch_sb_none_s1,1,det,98,0,80,0.0,ok,3682863
pinch,pinch_sweep_size_rand-20260622-195014,TesolloCubePinch,TesolloCubePinch-20260622-195023-cubepinch_sb_none_s1,none,cubepinch_sb_none_s1,1,det,99,28,80,0.35,ok,3682863
pinch,pinch_sweep_size_rand-20260622-195014,TesolloCubePinch,TesolloCubePinch-20260622-200126-cubepinch_sb_none_s2,none,cubepinch_sb_none_s2,2,det,0,0,80,0.0,ok,3682863
pinch,pinch_sweep_size_rand-20260622-195014,TesolloCubePinch,TesolloCubePinch-20260622-200126-cubepinch_sb_none_s2,none,cubepinch_sb_none_s2,2,det,1,31,80,0.3875,ok,3682863
pinch,pinch_sweep_size_rand-20260622-195014,TesolloCubePinch,TesolloCubePinch-20260622-200126-cubepinch_sb_none_s2,none,cubepinch_sb_none_s2,2,det,2,22,80,0.275,ok,3682863
pinch,pinch_sweep_size_rand-20260622-195014,TesolloCubePinch,TesolloCubePinch-20260622-200126-cubepinch_sb_none_s2,none,cubepinch_sb_none_s2,2,det,3,0,80,0.0,ok,3682863
pinch,pinch_sweep_size_rand-20260622-195014,TesolloCubePinch,TesolloCubePinch-20260622-200126-cubepinch_sb_none_s2,none,cubepinch_sb_none_s2,2,det,4,0,80,0.0,ok,3682863
pinch,pinch_sweep_size_rand-20260622-195014,TesolloCubePinch,TesolloCubePinch-20260622-200126-cubepinch_sb_none_s2,none,cubepinch_sb_none_s2,2,det,5,29,80,0.3625,ok,3682863
pinch,pinch_sweep_size_rand-20260622-195014,TesolloCubePinch,TesolloCubePinch-20260622-200126-cubepinch_sb_none_s2,none,cubepinch_sb_none_s2,2,det,6,0,80,0.0,ok,3682863
pinch,pinch_sweep_size_rand-20260622-195014,TesolloCubePinch,TesolloCubePinch-20260622-200126-cubepinch_sb_none_s2,none,cubepinch_sb_none_s2,2,det,7,5,80,0.0625,ok,3682863
pinch,pinch_sweep_size_rand-20260622-195014,TesolloCubePinch,TesolloCubePinch-20260622-200126-cubepinch_sb_none_s2,none,cubepinch_sb_none_s2,2,det,8,3,80,0.0375,ok,3682863
pinch,pinch_sweep_size_rand-20260622-195014,TesolloCubePinch,TesolloCubePinch-20260622-200126-cubepinch_sb_none_s2,none,cubepinch_sb_none_s2,2,det,9,0,80,0.0,ok,3682863
pinch,pinch_sweep_size_rand-20260622-195014,TesolloCubePinch,TesolloCubePinch-20260622-200126-cubepinch_sb_none_s2,none,cubepinch_sb_none_s2,2,det,10,0,80,0.0,ok,3682863
pinch,pinch_sweep_size_rand-20260622-195014,TesolloCubePinch,TesolloCubePinch-20260622-200126-cubepinch_sb_none_s2,none,cubepinch_sb_none_s2,2,det,11,21,80,0.2625,ok,3682863
pinch,pinch_sweep_size_rand-20260622-195014,TesolloCubePinch,TesolloCubePinch-20260622-200126-cubepinch_sb_none_s2,none,cubepinch_sb_none_s2,2,det,12,0,80,0.0,ok,3682863
pinch,pinch_sweep_size_rand-20260622-195014,TesolloCubePinch,TesolloCubePinch-20260622-200126-cubepinch_sb_none_s2,none,cubepinch_sb_none_s2,2,det,13,0,80,0.0,ok,3682863
pinch,pinch_sweep_size_rand-20260622-195014,TesolloCubePinch,TesolloCubePinch-20260622-200126-cubepinch_sb_none_s2,none,cubepinch_sb_none_s2,2,det,14,0,80,0.0,ok,3682863
pinch,pinch_sweep_size_rand-20260622-195014,TesolloCubePinch,TesolloCubePinch-20260622-200126-cubepinch_sb_none_s2,none,cubepinch_sb_none_s2,2,det,15,0,80,0.0,ok,3682863
pinch,pinch_sweep_size_rand-20260622-195014,TesolloCubePinch,TesolloCubePinch-20260622-200126-cubepinch_sb_none_s2,none,cubepinch_sb_none_s2,2,det,16,0,80,0.0,ok,3682863
pinch,pinch_sweep_size_rand-20260622-195014,TesolloCubePinch,TesolloCubePinch-20260622-200126-cubepinch_sb_none_s2,none,cubepinch_sb_none_s2,2,det,17,0,80,0.0,ok,3682863
pinch,pinch_sweep_size_rand-20260622-195014,TesolloCubePinch,TesolloCubePinch-20260622-200126-cubepinch_sb_none_s2,none,cubepinch_sb_none_s2,2,det,18,0,80,0.0,ok,3682863
pinch,pinch_sweep_size_rand-20260622-195014,TesolloCubePinch,TesolloCubePinch-20260622-200126-cubepinch_sb_none_s2,none,cubepinch_sb_none_s2,2,det,19,0,80,0.0,ok,3682863
pinch,pinch_sweep_size_rand-20260622-195014,TesolloCubePinch,TesolloCubePinch-20260622-200126-cubepinch_sb_none_s2,none,cubepinch_sb_none_s2,2,det,20,21,80,0.2625,ok,3682863
pinch,pinch_sweep_size_rand-20260622-195014,TesolloCubePinch,TesolloCubePinch-20260622-200126-cubepinch_sb_none_s2,none,cubepinch_sb_none_s2,2,det,21,0,80,0.0,ok,3682863
pinch,pinch_sweep_size_rand-20260622-195014,TesolloCubePinch,TesolloCubePinch-20260622-200126-cubepinch_sb_none_s2,none,cubepinch_sb_none_s2,2,det,22,0,80,0.0,ok,3682863
pinch,pinch_sweep_size_rand-20260622-195014,TesolloCubePinch,TesolloCubePinch-20260622-200126-cubepinch_sb_none_s2,none,cubepinch_sb_none_s2,2,det,23,0,80,0.0,ok,3682863
pinch,pinch_sweep_size_rand-20260622-195014,TesolloCubePinch,TesolloCubePinch-20260622-200126-cubepinch_sb_none_s2,none,cubepinch_sb_none_s2,2,det,24,18,80,0.225,ok,3682863
pinch,pinch_sweep_size_rand-20260622-195014,TesolloCubePinch,TesolloCubePinch-20260622-200126-cubepinch_sb_none_s2,none,cubepinch_sb_none_s2,2,det,25,14,80,0.175,ok,3682863
pinch,pinch_sweep_size_rand-20260622-195014,TesolloCubePinch,TesolloCubePinch-20260622-200126-cubepinch_sb_none_s2,none,cubepinch_sb_none_s2,2,det,26,12,80,0.15,ok,3682863
pinch,pinch_sweep_size_rand-20260622-195014,TesolloCubePinch,TesolloCubePinch-20260622-200126-cubepinch_sb_none_s2,none,cubepinch_sb_none_s2,2,det,27,30,80,0.375,ok,3682863
pinch,pinch_sweep_size_rand-20260622-195014,TesolloCubePinch,TesolloCubePinch-20260622-200126-cubepinch_sb_none_s2,none,cubepinch_sb_none_s2,2,det,28,30,80,0.375,ok,3682863
pinch,pinch_sweep_size_rand-20260622-195014,TesolloCubePinch,TesolloCubePinch-20260622-200126-cubepinch_sb_none_s2,none,cubepinch_sb_none_s2,2,det,29,8,80,0.1,ok,3682863
pinch,pinch_sweep_size_rand-20260622-195014,TesolloCubePinch,TesolloCubePinch-20260622-200126-cubepinch_sb_none_s2,none,cubepinch_sb_none_s2,2,det,30,10,80,0.125,ok,3682863
pinch,pinch_sweep_size_rand-20260622-195014,TesolloCubePinch,TesolloCubePinch-20260622-200126-cubepinch_sb_none_s2,none,cubepinch_sb_none_s2,2,det,31,31,80,0.3875,ok,3682863
pinch,pinch_sweep_size_rand-20260622-195014,TesolloCubePinch,TesolloCubePinch-20260622-200126-cubepinch_sb_none_s2,none,cubepinch_sb_none_s2,2,det,32,0,80,0.0,ok,3682863
pinch,pinch_sweep_size_rand-20260622-195014,TesolloCubePinch,TesolloCubePinch-20260622-200126-cubepinch_sb_none_s2,none,cubepinch_sb_none_s2,2,det,33,29,80,0.3625,ok,3682863
pinch,pinch_sweep_size_rand-20260622-195014,TesolloCubePinch,TesolloCubePinch-20260622-200126-cubepinch_sb_none_s2,none,cubepinch_sb_none_s2,2,det,34,5,80,0.0625,ok,3682863
pinch,pinch_sweep_size_rand-20260622-195014,TesolloCubePinch,TesolloCubePinch-20260622-200126-cubepinch_sb_none_s2,none,cubepinch_sb_none_s2,2,det,35,0,80,0.0,ok,3682863
pinch,pinch_sweep_size_rand-20260622-195014,TesolloCubePinch,TesolloCubePinch-20260622-200126-cubepinch_sb_none_s2,none,cubepinch_sb_none_s2,2,det,36,5,80,0.0625,ok,3682863
pinch,pinch_sweep_size_rand-20260622-195014,TesolloCubePinch,TesolloCubePinch-20260622-200126-cubepinch_sb_none_s2,none,cubepinch_sb_none_s2,2,det,37,0,80,0.0,ok,3682863
pinch,pinch_sweep_size_rand-20260622-195014,TesolloCubePinch,TesolloCubePinch-20260622-200126-cubepinch_sb_none_s2,none,cubepinch_sb_none_s2,2,det,38,0,80,0.0,ok,3682863
pinch,pinch_sweep_size_rand-20260622-195014,TesolloCubePinch,TesolloCubePinch-20260622-200126-cubepinch_sb_none_s2,none,cubepinch_sb_none_s2,2,det,39,0,80,0.0,ok,3682863
pinch,pinch_sweep_size_rand-20260622-195014,TesolloCubePinch,TesolloCubePinch-20260622-200126-cubepinch_sb_none_s2,none,cubepinch_sb_none_s2,2,det,40,8,80,0.1,ok,3682863
pinch,pinch_sweep_size_rand-20260622-195014,TesolloCubePinch,TesolloCubePinch-20260622-200126-cubepinch_sb_none_s2,none,cubepinch_sb_none_s2,2,det,41,10,80,0.125,ok,3682863
pinch,pinch_sweep_size_rand-20260622-195014,TesolloCubePinch,TesolloCubePinch-20260622-200126-cubepinch_sb_none_s2,none,cubepinch_sb_none_s2,2,det,42,0,80,0.0,ok,3682863
pinch,pinch_sweep_size_rand-20260622-195014,TesolloCubePinch,TesolloCubePinch-20260622-200126-cubepinch_sb_none_s2,none,cubepinch_sb_none_s2,2,det,43,0,80,0.0,ok,3682863
pinch,pinch_sweep_size_rand-20260622-195014,TesolloCubePinch,TesolloCubePinch-20260622-200126-cubepinch_sb_none_s2,none,cubepinch_sb_none_s2,2,det,44,0,80,0.0,ok,3682863
pinch,pinch_sweep_size_rand-20260622-195014,TesolloCubePinch,TesolloCubePinch-20260622-200126-cubepinch_sb_none_s2,none,cubepinch_sb_none_s2,2,det,45,0,80,0.0,ok,3682863
pinch,pinch_sweep_size_rand-20260622-195014,TesolloCubePinch,TesolloCubePinch-20260622-200126-cubepinch_sb_none_s2,none,cubepinch_sb_none_s2,2,det,46,0,80,0.0,ok,3682863
pinch,pinch_sweep_size_rand-20260622-195014,TesolloCubePinch,TesolloCubePinch-20260622-200126-cubepinch_sb_none_s2,none,cubepinch_sb_none_s2,2,det,47,0,80,0.0,ok,3682863
pinch,pinch_sweep_size_rand-20260622-195014,TesolloCubePinch,TesolloCubePinch-20260622-200126-cubepinch_sb_none_s2,none,cubepinch_sb_none_s2,2,det,48,0,80,0.0,ok,3682863
pinch,pinch_sweep_size_rand-20260622-195014,TesolloCubePinch,TesolloCubePinch-20260622-200126-cubepinch_sb_none_s2,none,cubepinch_sb_none_s2,2,det,49,0,80,0.0,ok,3682863
pinch,pinch_sweep_size_rand-20260622-195014,TesolloCubePinch,TesolloCubePinch-20260622-200126-cubepinch_sb_none_s2,none,cubepinch_sb_none_s2,2,det,50,29,80,0.3625,ok,3682863
pinch,pinch_sweep_size_rand-20260622-195014,TesolloCubePinch,TesolloCubePinch-20260622-200126-cubepinch_sb_none_s2,none,cubepinch_sb_none_s2,2,det,51,0,80,0.0,ok,3682863
pinch,pinch_sweep_size_rand-20260622-195014,TesolloCubePinch,TesolloCubePinch-20260622-200126-cubepinch_sb_none_s2,none,cubepinch_sb_none_s2,2,det,52,33,80,0.4125,ok,3682863
pinch,pinch_sweep_size_rand-20260622-195014,TesolloCubePinch,TesolloCubePinch-20260622-200126-cubepinch_sb_none_s2,none,cubepinch_sb_none_s2,2,det,53,0,80,0.0,ok,3682863
pinch,pinch_sweep_size_rand-20260622-195014,TesolloCubePinch,TesolloCubePinch-20260622-200126-cubepinch_sb_none_s2,none,cubepinch_sb_none_s2,2,det,54,0,80,0.0,ok,3682863
pinch,pinch_sweep_size_rand-20260622-195014,TesolloCubePinch,TesolloCubePinch-20260622-200126-cubepinch_sb_none_s2,none,cubepinch_sb_none_s2,2,det,55,0,80,0.0,ok,3682863
pinch,pinch_sweep_size_rand-20260622-195014,TesolloCubePinch,TesolloCubePinch-20260622-200126-cubepinch_sb_none_s2,none,cubepinch_sb_none_s2,2,det,56,7,80,0.0875,ok,3682863
pinch,pinch_sweep_size_rand-20260622-195014,TesolloCubePinch,TesolloCubePinch-20260622-200126-cubepinch_sb_none_s2,none,cubepinch_sb_none_s2,2,det,57,4,80,0.05,ok,3682863
pinch,pinch_sweep_size_rand-20260622-195014,TesolloCubePinch,TesolloCubePinch-20260622-200126-cubepinch_sb_none_s2,none,cubepinch_sb_none_s2,2,det,58,0,80,0.0,ok,3682863
pinch,pinch_sweep_size_rand-20260622-195014,TesolloCubePinch,TesolloCubePinch-20260622-200126-cubepinch_sb_none_s2,none,cubepinch_sb_none_s2,2,det,59,23,80,0.2875,ok,3682863
pinch,pinch_sweep_size_rand-20260622-195014,TesolloCubePinch,TesolloCubePinch-20260622-200126-cubepinch_sb_none_s2,none,cubepinch_sb_none_s2,2,det,60,13,80,0.1625,ok,3682863
pinch,pinch_sweep_size_rand-20260622-195014,TesolloCubePinch,TesolloCubePinch-20260622-200126-cubepinch_sb_none_s2,none,cubepinch_sb_none_s2,2,det,61,7,80,0.0875,ok,3682863
pinch,pinch_sweep_size_rand-20260622-195014,TesolloCubePinch,TesolloCubePinch-20260622-200126-cubepinch_sb_none_s2,none,cubepinch_sb_none_s2,2,det,62,7,80,0.0875,ok,3682863
pinch,pinch_sweep_size_rand-20260622-195014,TesolloCubePinch,TesolloCubePinch-20260622-200126-cubepinch_sb_none_s2,none,cubepinch_sb_none_s2,2,det,63,4,80,0.05,ok,3682863
pinch,pinch_sweep_size_rand-20260622-195014,TesolloCubePinch,TesolloCubePinch-20260622-200126-cubepinch_sb_none_s2,none,cubepinch_sb_none_s2,2,det,64,0,80,0.0,ok,3682863
pinch,pinch_sweep_size_rand-20260622-195014,TesolloCubePinch,TesolloCubePinch-20260622-200126-cubepinch_sb_none_s2,none,cubepinch_sb_none_s2,2,det,65,0,80,0.0,ok,3682863
pinch,pinch_sweep_size_rand-20260622-195014,TesolloCubePinch,TesolloCubePinch-20260622-200126-cubepinch_sb_none_s2,none,cubepinch_sb_none_s2,2,det,66,11,80,0.1375,ok,3682863
pinch,pinch_sweep_size_rand-20260622-195014,TesolloCubePinch,TesolloCubePinch-20260622-200126-cubepinch_sb_none_s2,none,cubepinch_sb_none_s2,2,det,67,26,80,0.325,ok,3682863
pinch,pinch_sweep_size_rand-20260622-195014,TesolloCubePinch,TesolloCubePinch-20260622-200126-cubepinch_sb_none_s2,none,cubepinch_sb_none_s2,2,det,68,0,80,0.0,ok,3682863
pinch,pinch_sweep_size_rand-20260622-195014,TesolloCubePinch,TesolloCubePinch-20260622-200126-cubepinch_sb_none_s2,none,cubepinch_sb_none_s2,2,det,69,5,80,0.0625,ok,3682863
pinch,pinch_sweep_size_rand-20260622-195014,TesolloCubePinch,TesolloCubePinch-20260622-200126-cubepinch_sb_none_s2,none,cubepinch_sb_none_s2,2,det,70,0,80,0.0,ok,3682863
pinch,pinch_sweep_size_rand-20260622-195014,TesolloCubePinch,TesolloCubePinch-20260622-200126-cubepinch_sb_none_s2,none,cubepinch_sb_none_s2,2,det,71,0,80,0.0,ok,3682863
pinch,pinch_sweep_size_rand-20260622-195014,TesolloCubePinch,TesolloCubePinch-20260622-200126-cubepinch_sb_none_s2,none,cubepinch_sb_none_s2,2,det,72,0,80,0.0,ok,3682863
pinch,pinch_sweep_size_rand-20260622-195014,TesolloCubePinch,TesolloCubePinch-20260622-200126-cubepinch_sb_none_s2,none,cubepinch_sb_none_s2,2,det,73,18,80,0.225,ok,3682863
pinch,pinch_sweep_size_rand-20260622-195014,TesolloCubePinch,TesolloCubePinch-20260622-200126-cubepinch_sb_none_s2,none,cubepinch_sb_none_s2,2,det,74,0,80,0.0,ok,3682863
pinch,pinch_sweep_size_rand-20260622-195014,TesolloCubePinch,TesolloCubePinch-20260622-200126-cubepinch_sb_none_s2,none,cubepinch_sb_none_s2,2,det,75,0,80,0.0,ok,3682863
pinch,pinch_sweep_size_rand-20260622-195014,TesolloCubePinch,TesolloCubePinch-20260622-200126-cubepinch_sb_none_s2,none,cubepinch_sb_none_s2,2,det,76,46,80,0.575,ok,3682863
pinch,pinch_sweep_size_rand-20260622-195014,TesolloCubePinch,TesolloCubePinch-20260622-200126-cubepinch_sb_none_s2,none,cubepinch_sb_none_s2,2,det,77,0,80,0.0,ok,3682863
pinch,pinch_sweep_size_rand-20260622-195014,TesolloCubePinch,TesolloCubePinch-20260622-200126-cubepinch_sb_none_s2,none,cubepinch_sb_none_s2,2,det,78,0,80,0.0,ok,3682863
pinch,pinch_sweep_size_rand-20260622-195014,TesolloCubePinch,TesolloCubePinch-20260622-200126-cubepinch_sb_none_s2,none,cubepinch_sb_none_s2,2,det,79,12,80,0.15,ok,3682863
pinch,pinch_sweep_size_rand-20260622-195014,TesolloCubePinch,TesolloCubePinch-20260622-200126-cubepinch_sb_none_s2,none,cubepinch_sb_none_s2,2,det,80,29,80,0.3625,ok,3682863
pinch,pinch_sweep_size_rand-20260622-195014,TesolloCubePinch,TesolloCubePinch-20260622-200126-cubepinch_sb_none_s2,none,cubepinch_sb_none_s2,2,det,81,2,80,0.025,ok,3682863
pinch,pinch_sweep_size_rand-20260622-195014,TesolloCubePinch,TesolloCubePinch-20260622-200126-cubepinch_sb_none_s2,none,cubepinch_sb_none_s2,2,det,82,6,80,0.075,ok,3682863
pinch,pinch_sweep_size_rand-20260622-195014,TesolloCubePinch,TesolloCubePinch-20260622-200126-cubepinch_sb_none_s2,none,cubepinch_sb_none_s2,2,det,83,18,80,0.225,ok,3682863
pinch,pinch_sweep_size_rand-20260622-195014,TesolloCubePinch,TesolloCubePinch-20260622-200126-cubepinch_sb_none_s2,none,cubepinch_sb_none_s2,2,det,84,25,80,0.3125,ok,3682863
pinch,pinch_sweep_size_rand-20260622-195014,TesolloCubePinch,TesolloCubePinch-20260622-200126-cubepinch_sb_none_s2,none,cubepinch_sb_none_s2,2,det,85,0,80,0.0,ok,3682863
pinch,pinch_sweep_size_rand-20260622-195014,TesolloCubePinch,TesolloCubePinch-20260622-200126-cubepinch_sb_none_s2,none,cubepinch_sb_none_s2,2,det,86,0,80,0.0,ok,3682863
pinch,pinch_sweep_size_rand-20260622-195014,TesolloCubePinch,TesolloCubePinch-20260622-200126-cubepinch_sb_none_s2,none,cubepinch_sb_none_s2,2,det,87,31,80,0.3875,ok,3682863
pinch,pinch_sweep_size_rand-20260622-195014,TesolloCubePinch,TesolloCubePinch-20260622-200126-cubepinch_sb_none_s2,none,cubepinch_sb_none_s2,2,det,88,0,80,0.0,ok,3682863
pinch,pinch_sweep_size_rand-20260622-195014,TesolloCubePinch,TesolloCubePinch-20260622-200126-cubepinch_sb_none_s2,none,cubepinch_sb_none_s2,2,det,89,5,80,0.0625,ok,3682863
pinch,pinch_sweep_size_rand-20260622-195014,TesolloCubePinch,TesolloCubePinch-20260622-200126-cubepinch_sb_none_s2,none,cubepinch_sb_none_s2,2,det,90,0,80,0.0,ok,3682863
pinch,pinch_sweep_size_rand-20260622-195014,TesolloCubePinch,TesolloCubePinch-20260622-200126-cubepinch_sb_none_s2,none,cubepinch_sb_none_s2,2,det,91,2,80,0.025,ok,3682863
pinch,pinch_sweep_size_rand-20260622-195014,TesolloCubePinch,TesolloCubePinch-20260622-200126-cubepinch_sb_none_s2,none,cubepinch_sb_none_s2,2,det,92,9,80,0.1125,ok,3682863
pinch,pinch_sweep_size_rand-20260622-195014,TesolloCubePinch,TesolloCubePinch-20260622-200126-cubepinch_sb_none_s2,none,cubepinch_sb_none_s2,2,det,93,0,80,0.0,ok,3682863
pinch,pinch_sweep_size_rand-20260622-195014,TesolloCubePinch,TesolloCubePinch-20260622-200126-cubepinch_sb_none_s2,none,cubepinch_sb_none_s2,2,det,94,0,80,0.0,ok,3682863
pinch,pinch_sweep_size_rand-20260622-195014,TesolloCubePinch,TesolloCubePinch-20260622-200126-cubepinch_sb_none_s2,none,cubepinch_sb_none_s2,2,det,95,0,80,0.0,ok,3682863
pinch,pinch_sweep_size_rand-20260622-195014,TesolloCubePinch,TesolloCubePinch-20260622-200126-cubepinch_sb_none_s2,none,cubepinch_sb_none_s2,2,det,96,0,80,0.0,ok,3682863
pinch,pinch_sweep_size_rand-20260622-195014,TesolloCubePinch,TesolloCubePinch-20260622-200126-cubepinch_sb_none_s2,none,cubepinch_sb_none_s2,2,det,97,0,80,0.0,ok,3682863
pinch,pinch_sweep_size_rand-20260622-195014,TesolloCubePinch,TesolloCubePinch-20260622-200126-cubepinch_sb_none_s2,none,cubepinch_sb_none_s2,2,det,98,0,80,0.0,ok,3682863
pinch,pinch_sweep_size_rand-20260622-195014,TesolloCubePinch,TesolloCubePinch-20260622-200126-cubepinch_sb_none_s2,none,cubepinch_sb_none_s2,2,det,99,22,80,0.275,ok,3682863
pinch,pinch_sweep_size_rand-20260622-195014,TesolloCubePinch,TesolloCubePinch-20260622-201232-cubepinch_sb_none_s3,none,cubepinch_sb_none_s3,3,det,0,0,80,0.0,ok,3682863
pinch,pinch_sweep_size_rand-20260622-195014,TesolloCubePinch,TesolloCubePinch-20260622-201232-cubepinch_sb_none_s3,none,cubepinch_sb_none_s3,3,det,1,31,80,0.3875,ok,3682863
pinch,pinch_sweep_size_rand-20260622-195014,TesolloCubePinch,TesolloCubePinch-20260622-201232-cubepinch_sb_none_s3,none,cubepinch_sb_none_s3,3,det,2,30,80,0.375,ok,3682863
pinch,pinch_sweep_size_rand-20260622-195014,TesolloCubePinch,TesolloCubePinch-20260622-201232-cubepinch_sb_none_s3,none,cubepinch_sb_none_s3,3,det,3,0,80,0.0,ok,3682863
pinch,pinch_sweep_size_rand-20260622-195014,TesolloCubePinch,TesolloCubePinch-20260622-201232-cubepinch_sb_none_s3,none,cubepinch_sb_none_s3,3,det,4,0,80,0.0,ok,3682863
pinch,pinch_sweep_size_rand-20260622-195014,TesolloCubePinch,TesolloCubePinch-20260622-201232-cubepinch_sb_none_s3,none,cubepinch_sb_none_s3,3,det,5,12,80,0.15,ok,3682863
pinch,pinch_sweep_size_rand-20260622-195014,TesolloCubePinch,TesolloCubePinch-20260622-201232-cubepinch_sb_none_s3,none,cubepinch_sb_none_s3,3,det,6,0,80,0.0,ok,3682863
pinch,pinch_sweep_size_rand-20260622-195014,TesolloCubePinch,TesolloCubePinch-20260622-201232-cubepinch_sb_none_s3,none,cubepinch_sb_none_s3,3,det,7,0,80,0.0,ok,3682863
pinch,pinch_sweep_size_rand-20260622-195014,TesolloCubePinch,TesolloCubePinch-20260622-201232-cubepinch_sb_none_s3,none,cubepinch_sb_none_s3,3,det,8,2,80,0.025,ok,3682863
pinch,pinch_sweep_size_rand-20260622-195014,TesolloCubePinch,TesolloCubePinch-20260622-201232-cubepinch_sb_none_s3,none,cubepinch_sb_none_s3,3,det,9,0,80,0.0,ok,3682863
pinch,pinch_sweep_size_rand-20260622-195014,TesolloCubePinch,TesolloCubePinch-20260622-201232-cubepinch_sb_none_s3,none,cubepinch_sb_none_s3,3,det,10,0,80,0.0,ok,3682863
pinch,pinch_sweep_size_rand-20260622-195014,TesolloCubePinch,TesolloCubePinch-20260622-201232-cubepinch_sb_none_s3,none,cubepinch_sb_none_s3,3,det,11,27,80,0.3375,ok,3682863
pinch,pinch_sweep_size_rand-20260622-195014,TesolloCubePinch,TesolloCubePinch-20260622-201232-cubepinch_sb_none_s3,none,cubepinch_sb_none_s3,3,det,12,0,80,0.0,ok,3682863
pinch,pinch_sweep_size_rand-20260622-195014,TesolloCubePinch,TesolloCubePinch-20260622-201232-cubepinch_sb_none_s3,none,cubepinch_sb_none_s3,3,det,13,10,80,0.125,ok,3682863
pinch,pinch_sweep_size_rand-20260622-195014,TesolloCubePinch,TesolloCubePinch-20260622-201232-cubepinch_sb_none_s3,none,cubepinch_sb_none_s3,3,det,14,1,80,0.0125,ok,3682863
pinch,pinch_sweep_size_rand-20260622-195014,TesolloCubePinch,TesolloCubePinch-20260622-201232-cubepinch_sb_none_s3,none,cubepinch_sb_none_s3,3,det,15,0,80,0.0,ok,3682863
pinch,pinch_sweep_size_rand-20260622-195014,TesolloCubePinch,TesolloCubePinch-20260622-201232-cubepinch_sb_none_s3,none,cubepinch_sb_none_s3,3,det,16,0,80,0.0,ok,3682863
pinch,pinch_sweep_size_rand-20260622-195014,TesolloCubePinch,TesolloCubePinch-20260622-201232-cubepinch_sb_none_s3,none,cubepinch_sb_none_s3,3,det,17,0,80,0.0,ok,3682863
pinch,pinch_sweep_size_rand-20260622-195014,TesolloCubePinch,TesolloCubePinch-20260622-201232-cubepinch_sb_none_s3,none,cubepinch_sb_none_s3,3,det,18,0,80,0.0,ok,3682863
pinch,pinch_sweep_size_rand-20260622-195014,TesolloCubePinch,TesolloCubePinch-20260622-201232-cubepinch_sb_none_s3,none,cubepinch_sb_none_s3,3,det,19,0,80,0.0,ok,3682863
pinch,pinch_sweep_size_rand-20260622-195014,TesolloCubePinch,TesolloCubePinch-20260622-201232-cubepinch_sb_none_s3,none,cubepinch_sb_none_s3,3,det,20,6,80,0.075,ok,3682863
pinch,pinch_sweep_size_rand-20260622-195014,TesolloCubePinch,TesolloCubePinch-20260622-201232-cubepinch_sb_none_s3,none,cubepinch_sb_none_s3,3,det,21,0,80,0.0,ok,3682863
pinch,pinch_sweep_size_rand-20260622-195014,TesolloCubePinch,TesolloCubePinch-20260622-201232-cubepinch_sb_none_s3,none,cubepinch_sb_none_s3,3,det,22,0,80,0.0,ok,3682863
pinch,pinch_sweep_size_rand-20260622-195014,TesolloCubePinch,TesolloCubePinch-20260622-201232-cubepinch_sb_none_s3,none,cubepinch_sb_none_s3,3,det,23,0,80,0.0,ok,3682863
pinch,pinch_sweep_size_rand-20260622-195014,TesolloCubePinch,TesolloCubePinch-20260622-201232-cubepinch_sb_none_s3,none,cubepinch_sb_none_s3,3,det,24,26,80,0.325,ok,3682863
pinch,pinch_sweep_size_rand-20260622-195014,TesolloCubePinch,TesolloCubePinch-20260622-201232-cubepinch_sb_none_s3,none,cubepinch_sb_none_s3,3,det,25,11,80,0.1375,ok,3682863
pinch,pinch_sweep_size_rand-20260622-195014,TesolloCubePinch,TesolloCubePinch-20260622-201232-cubepinch_sb_none_s3,none,cubepinch_sb_none_s3,3,det,26,12,80,0.15,ok,3682863
pinch,pinch_sweep_size_rand-20260622-195014,TesolloCubePinch,TesolloCubePinch-20260622-201232-cubepinch_sb_none_s3,none,cubepinch_sb_none_s3,3,det,27,24,80,0.3,ok,3682863
pinch,pinch_sweep_size_rand-20260622-195014,TesolloCubePinch,TesolloCubePinch-20260622-201232-cubepinch_sb_none_s3,none,cubepinch_sb_none_s3,3,det,28,30,80,0.375,ok,3682863
pinch,pinch_sweep_size_rand-20260622-195014,TesolloCubePinch,TesolloCubePinch-20260622-201232-cubepinch_sb_none_s3,none,cubepinch_sb_none_s3,3,det,29,5,80,0.0625,ok,3682863
pinch,pinch_sweep_size_rand-20260622-195014,TesolloCubePinch,TesolloCubePinch-20260622-201232-cubepinch_sb_none_s3,none,cubepinch_sb_none_s3,3,det,30,19,80,0.2375,ok,3682863
pinch,pinch_sweep_size_rand-20260622-195014,TesolloCubePinch,TesolloCubePinch-20260622-201232-cubepinch_sb_none_s3,none,cubepinch_sb_none_s3,3,det,31,4,80,0.05,ok,3682863
pinch,pinch_sweep_size_rand-20260622-195014,TesolloCubePinch,TesolloCubePinch-20260622-201232-cubepinch_sb_none_s3,none,cubepinch_sb_none_s3,3,det,32,0,80,0.0,ok,3682863
pinch,pinch_sweep_size_rand-20260622-195014,TesolloCubePinch,TesolloCubePinch-20260622-201232-cubepinch_sb_none_s3,none,cubepinch_sb_none_s3,3,det,33,13,80,0.1625,ok,3682863
pinch,pinch_sweep_size_rand-20260622-195014,TesolloCubePinch,TesolloCubePinch-20260622-201232-cubepinch_sb_none_s3,none,cubepinch_sb_none_s3,3,det,34,0,80,0.0,ok,3682863
pinch,pinch_sweep_size_rand-20260622-195014,TesolloCubePinch,TesolloCubePinch-20260622-201232-cubepinch_sb_none_s3,none,cubepinch_sb_none_s3,3,det,35,0,80,0.0,ok,3682863
pinch,pinch_sweep_size_rand-20260622-195014,TesolloCubePinch,TesolloCubePinch-20260622-201232-cubepinch_sb_none_s3,none,cubepinch_sb_none_s3,3,det,36,0,80,0.0,ok,3682863
pinch,pinch_sweep_size_rand-20260622-195014,TesolloCubePinch,TesolloCubePinch-20260622-201232-cubepinch_sb_none_s3,none,cubepinch_sb_none_s3,3,det,37,3,80,0.0375,ok,3682863
pinch,pinch_sweep_size_rand-20260622-195014,TesolloCubePinch,TesolloCubePinch-20260622-201232-cubepinch_sb_none_s3,none,cubepinch_sb_none_s3,3,det,38,29,80,0.3625,ok,3682863
pinch,pinch_sweep_size_rand-20260622-195014,TesolloCubePinch,TesolloCubePinch-20260622-201232-cubepinch_sb_none_s3,none,cubepinch_sb_none_s3,3,det,39,0,80,0.0,ok,3682863
pinch,pinch_sweep_size_rand-20260622-195014,TesolloCubePinch,TesolloCubePinch-20260622-201232-cubepinch_sb_none_s3,none,cubepinch_sb_none_s3,3,det,40,7,80,0.0875,ok,3682863
pinch,pinch_sweep_size_rand-20260622-195014,TesolloCubePinch,TesolloCubePinch-20260622-201232-cubepinch_sb_none_s3,none,cubepinch_sb_none_s3,3,det,41,8,80,0.1,ok,3682863
pinch,pinch_sweep_size_rand-20260622-195014,TesolloCubePinch,TesolloCubePinch-20260622-201232-cubepinch_sb_none_s3,none,cubepinch_sb_none_s3,3,det,42,0,80,0.0,ok,3682863
pinch,pinch_sweep_size_rand-20260622-195014,TesolloCubePinch,TesolloCubePinch-20260622-201232-cubepinch_sb_none_s3,none,cubepinch_sb_none_s3,3,det,43,0,80,0.0,ok,3682863
pinch,pinch_sweep_size_rand-20260622-195014,TesolloCubePinch,TesolloCubePinch-20260622-201232-cubepinch_sb_none_s3,none,cubepinch_sb_none_s3,3,det,44,0,80,0.0,ok,3682863
pinch,pinch_sweep_size_rand-20260622-195014,TesolloCubePinch,TesolloCubePinch-20260622-201232-cubepinch_sb_none_s3,none,cubepinch_sb_none_s3,3,det,45,23,80,0.2875,ok,3682863
pinch,pinch_sweep_size_rand-20260622-195014,TesolloCubePinch,TesolloCubePinch-20260622-201232-cubepinch_sb_none_s3,none,cubepinch_sb_none_s3,3,det,46,0,80,0.0,ok,3682863
pinch,pinch_sweep_size_rand-20260622-195014,TesolloCubePinch,TesolloCubePinch-20260622-201232-cubepinch_sb_none_s3,none,cubepinch_sb_none_s3,3,det,47,13,80,0.1625,ok,3682863
pinch,pinch_sweep_size_rand-20260622-195014,TesolloCubePinch,TesolloCubePinch-20260622-201232-cubepinch_sb_none_s3,none,cubepinch_sb_none_s3,3,det,48,1,80,0.0125,ok,3682863
pinch,pinch_sweep_size_rand-20260622-195014,TesolloCubePinch,TesolloCubePinch-20260622-201232-cubepinch_sb_none_s3,none,cubepinch_sb_none_s3,3,det,49,0,80,0.0,ok,3682863
pinch,pinch_sweep_size_rand-20260622-195014,TesolloCubePinch,TesolloCubePinch-20260622-201232-cubepinch_sb_none_s3,none,cubepinch_sb_none_s3,3,det,50,20,80,0.25,ok,3682863
pinch,pinch_sweep_size_rand-20260622-195014,TesolloCubePinch,TesolloCubePinch-20260622-201232-cubepinch_sb_none_s3,none,cubepinch_sb_none_s3,3,det,51,0,80,0.0,ok,3682863
pinch,pinch_sweep_size_rand-20260622-195014,TesolloCubePinch,TesolloCubePinch-20260622-201232-cubepinch_sb_none_s3,none,cubepinch_sb_none_s3,3,det,52,13,80,0.1625,ok,3682863
pinch,pinch_sweep_size_rand-20260622-195014,TesolloCubePinch,TesolloCubePinch-20260622-201232-cubepinch_sb_none_s3,none,cubepinch_sb_none_s3,3,det,53,0,80,0.0,ok,3682863
pinch,pinch_sweep_size_rand-20260622-195014,TesolloCubePinch,TesolloCubePinch-20260622-201232-cubepinch_sb_none_s3,none,cubepinch_sb_none_s3,3,det,54,0,80,0.0,ok,3682863
pinch,pinch_sweep_size_rand-20260622-195014,TesolloCubePinch,TesolloCubePinch-20260622-201232-cubepinch_sb_none_s3,none,cubepinch_sb_none_s3,3,det,55,34,80,0.425,ok,3682863
pinch,pinch_sweep_size_rand-20260622-195014,TesolloCubePinch,TesolloCubePinch-20260622-201232-cubepinch_sb_none_s3,none,cubepinch_sb_none_s3,3,det,56,33,80,0.4125,ok,3682863
pinch,pinch_sweep_size_rand-20260622-195014,TesolloCubePinch,TesolloCubePinch-20260622-201232-cubepinch_sb_none_s3,none,cubepinch_sb_none_s3,3,det,57,22,80,0.275,ok,3682863
pinch,pinch_sweep_size_rand-20260622-195014,TesolloCubePinch,TesolloCubePinch-20260622-201232-cubepinch_sb_none_s3,none,cubepinch_sb_none_s3,3,det,58,0,80,0.0,ok,3682863
pinch,pinch_sweep_size_rand-20260622-195014,TesolloCubePinch,TesolloCubePinch-20260622-201232-cubepinch_sb_none_s3,none,cubepinch_sb_none_s3,3,det,59,19,80,0.2375,ok,3682863
pinch,pinch_sweep_size_rand-20260622-195014,TesolloCubePinch,TesolloCubePinch-20260622-201232-cubepinch_sb_none_s3,none,cubepinch_sb_none_s3,3,det,60,0,80,0.0,ok,3682863
pinch,pinch_sweep_size_rand-20260622-195014,TesolloCubePinch,TesolloCubePinch-20260622-201232-cubepinch_sb_none_s3,none,cubepinch_sb_none_s3,3,det,61,30,80,0.375,ok,3682863
pinch,pinch_sweep_size_rand-20260622-195014,TesolloCubePinch,TesolloCubePinch-20260622-201232-cubepinch_sb_none_s3,none,cubepinch_sb_none_s3,3,det,62,16,80,0.2,ok,3682863
pinch,pinch_sweep_size_rand-20260622-195014,TesolloCubePinch,TesolloCubePinch-20260622-201232-cubepinch_sb_none_s3,none,cubepinch_sb_none_s3,3,det,63,4,80,0.05,ok,3682863
pinch,pinch_sweep_size_rand-20260622-195014,TesolloCubePinch,TesolloCubePinch-20260622-201232-cubepinch_sb_none_s3,none,cubepinch_sb_none_s3,3,det,64,0,80,0.0,ok,3682863
pinch,pinch_sweep_size_rand-20260622-195014,TesolloCubePinch,TesolloCubePinch-20260622-201232-cubepinch_sb_none_s3,none,cubepinch_sb_none_s3,3,det,65,0,80,0.0,ok,3682863
pinch,pinch_sweep_size_rand-20260622-195014,TesolloCubePinch,TesolloCubePinch-20260622-201232-cubepinch_sb_none_s3,none,cubepinch_sb_none_s3,3,det,66,5,80,0.0625,ok,3682863
pinch,pinch_sweep_size_rand-20260622-195014,TesolloCubePinch,TesolloCubePinch-20260622-201232-cubepinch_sb_none_s3,none,cubepinch_sb_none_s3,3,det,67,6,80,0.075,ok,3682863
pinch,pinch_sweep_size_rand-20260622-195014,TesolloCubePinch,TesolloCubePinch-20260622-201232-cubepinch_sb_none_s3,none,cubepinch_sb_none_s3,3,det,68,0,80,0.0,ok,3682863
pinch,pinch_sweep_size_rand-20260622-195014,TesolloCubePinch,TesolloCubePinch-20260622-201232-cubepinch_sb_none_s3,none,cubepinch_sb_none_s3,3,det,69,0,80,0.0,ok,3682863
pinch,pinch_sweep_size_rand-20260622-195014,TesolloCubePinch,TesolloCubePinch-20260622-201232-cubepinch_sb_none_s3,none,cubepinch_sb_none_s3,3,det,70,0,80,0.0,ok,3682863
pinch,pinch_sweep_size_rand-20260622-195014,TesolloCubePinch,TesolloCubePinch-20260622-201232-cubepinch_sb_none_s3,none,cubepinch_sb_none_s3,3,det,71,0,80,0.0,ok,3682863
pinch,pinch_sweep_size_rand-20260622-195014,TesolloCubePinch,TesolloCubePinch-20260622-201232-cubepinch_sb_none_s3,none,cubepinch_sb_none_s3,3,det,72,3,80,0.0375,ok,3682863
pinch,pinch_sweep_size_rand-20260622-195014,TesolloCubePinch,TesolloCubePinch-20260622-201232-cubepinch_sb_none_s3,none,cubepinch_sb_none_s3,3,det,73,15,80,0.1875,ok,3682863
pinch,pinch_sweep_size_rand-20260622-195014,TesolloCubePinch,TesolloCubePinch-20260622-201232-cubepinch_sb_none_s3,none,cubepinch_sb_none_s3,3,det,74,0,80,0.0,ok,3682863
pinch,pinch_sweep_size_rand-20260622-195014,TesolloCubePinch,TesolloCubePinch-20260622-201232-cubepinch_sb_none_s3,none,cubepinch_sb_none_s3,3,det,75,0,80,0.0,ok,3682863
pinch,pinch_sweep_size_rand-20260622-195014,TesolloCubePinch,TesolloCubePinch-20260622-201232-cubepinch_sb_none_s3,none,cubepinch_sb_none_s3,3,det,76,27,80,0.3375,ok,3682863
pinch,pinch_sweep_size_rand-20260622-195014,TesolloCubePinch,TesolloCubePinch-20260622-201232-cubepinch_sb_none_s3,none,cubepinch_sb_none_s3,3,det,77,0,80,0.0,ok,3682863
pinch,pinch_sweep_size_rand-20260622-195014,TesolloCubePinch,TesolloCubePinch-20260622-201232-cubepinch_sb_none_s3,none,cubepinch_sb_none_s3,3,det,78,0,80,0.0,ok,3682863
pinch,pinch_sweep_size_rand-20260622-195014,TesolloCubePinch,TesolloCubePinch-20260622-201232-cubepinch_sb_none_s3,none,cubepinch_sb_none_s3,3,det,79,13,80,0.1625,ok,3682863
pinch,pinch_sweep_size_rand-20260622-195014,TesolloCubePinch,TesolloCubePinch-20260622-201232-cubepinch_sb_none_s3,none,cubepinch_sb_none_s3,3,det,80,15,80,0.1875,ok,3682863
pinch,pinch_sweep_size_rand-20260622-195014,TesolloCubePinch,TesolloCubePinch-20260622-201232-cubepinch_sb_none_s3,none,cubepinch_sb_none_s3,3,det,81,1,80,0.0125,ok,3682863
pinch,pinch_sweep_size_rand-20260622-195014,TesolloCubePinch,TesolloCubePinch-20260622-201232-cubepinch_sb_none_s3,none,cubepinch_sb_none_s3,3,det,82,10,80,0.125,ok,3682863
pinch,pinch_sweep_size_rand-20260622-195014,TesolloCubePinch,TesolloCubePinch-20260622-201232-cubepinch_sb_none_s3,none,cubepinch_sb_none_s3,3,det,83,17,80,0.2125,ok,3682863
pinch,pinch_sweep_size_rand-20260622-195014,TesolloCubePinch,TesolloCubePinch-20260622-201232-cubepinch_sb_none_s3,none,cubepinch_sb_none_s3,3,det,84,4,80,0.05,ok,3682863
pinch,pinch_sweep_size_rand-20260622-195014,TesolloCubePinch,TesolloCubePinch-20260622-201232-cubepinch_sb_none_s3,none,cubepinch_sb_none_s3,3,det,85,0,80,0.0,ok,3682863
pinch,pinch_sweep_size_rand-20260622-195014,TesolloCubePinch,TesolloCubePinch-20260622-201232-cubepinch_sb_none_s3,none,cubepinch_sb_none_s3,3,det,86,0,80,0.0,ok,3682863
pinch,pinch_sweep_size_rand-20260622-195014,TesolloCubePinch,TesolloCubePinch-20260622-201232-cubepinch_sb_none_s3,none,cubepinch_sb_none_s3,3,det,87,9,80,0.1125,ok,3682863
pinch,pinch_sweep_size_rand-20260622-195014,TesolloCubePinch,TesolloCubePinch-20260622-201232-cubepinch_sb_none_s3,none,cubepinch_sb_none_s3,3,det,88,0,80,0.0,ok,3682863
pinch,pinch_sweep_size_rand-20260622-195014,TesolloCubePinch,TesolloCubePinch-20260622-201232-cubepinch_sb_none_s3,none,cubepinch_sb_none_s3,3,det,89,0,80,0.0,ok,3682863
pinch,pinch_sweep_size_rand-20260622-195014,TesolloCubePinch,TesolloCubePinch-20260622-201232-cubepinch_sb_none_s3,none,cubepinch_sb_none_s3,3,det,90,11,80,0.1375,ok,3682863
pinch,pinch_sweep_size_rand-20260622-195014,TesolloCubePinch,TesolloCubePinch-20260622-201232-cubepinch_sb_none_s3,none,cubepinch_sb_none_s3,3,det,91,5,80,0.0625,ok,3682863
pinch,pinch_sweep_size_rand-20260622-195014,TesolloCubePinch,TesolloCubePinch-20260622-201232-cubepinch_sb_none_s3,none,cubepinch_sb_none_s3,3,det,92,7,80,0.0875,ok,3682863
pinch,pinch_sweep_size_rand-20260622-195014,TesolloCubePinch,TesolloCubePinch-20260622-201232-cubepinch_sb_none_s3,none,cubepinch_sb_none_s3,3,det,93,0,80,0.0,ok,3682863
pinch,pinch_sweep_size_rand-20260622-195014,TesolloCubePinch,TesolloCubePinch-20260622-201232-cubepinch_sb_none_s3,none,cubepinch_sb_none_s3,3,det,94,0,80,0.0,ok,3682863
pinch,pinch_sweep_size_rand-20260622-195014,TesolloCubePinch,TesolloCubePinch-20260622-201232-cubepinch_sb_none_s3,none,cubepinch_sb_none_s3,3,det,95,0,80,0.0,ok,3682863
pinch,pinch_sweep_size_rand-20260622-195014,TesolloCubePinch,TesolloCubePinch-20260622-201232-cubepinch_sb_none_s3,none,cubepinch_sb_none_s3,3,det,96,0,80,0.0,ok,3682863
pinch,pinch_sweep_size_rand-20260622-195014,TesolloCubePinch,TesolloCubePinch-20260622-201232-cubepinch_sb_none_s3,none,cubepinch_sb_none_s3,3,det,97,0,80,0.0,ok,3682863
pinch,pinch_sweep_size_rand-20260622-195014,TesolloCubePinch,TesolloCubePinch-20260622-201232-cubepinch_sb_none_s3,none,cubepinch_sb_none_s3,3,det,98,0,80,0.0,ok,3682863
pinch,pinch_sweep_size_rand-20260622-195014,TesolloCubePinch,TesolloCubePinch-20260622-201232-cubepinch_sb_none_s3,none,cubepinch_sb_none_s3,3,det,99,8,80,0.1,ok,3682863
pinch,pinch_sweep_size_rand-20260622-195014,TesolloCubePinch,TesolloCubePinch-20260622-205744-cubepinch_sb_propriotarget_s1,proprio.target,cubepinch_sb_propriotarget_s1,1,det,0,59,80,0.7375,ok,3682863
pinch,pinch_sweep_size_rand-20260622-195014,TesolloCubePinch,TesolloCubePinch-20260622-205744-cubepinch_sb_propriotarget_s1,proprio.target,cubepinch_sb_propriotarget_s1,1,det,1,59,80,0.7375,ok,3682863
pinch,pinch_sweep_size_rand-20260622-195014,TesolloCubePinch,TesolloCubePinch-20260622-205744-cubepinch_sb_propriotarget_s1,proprio.target,cubepinch_sb_propriotarget_s1,1,det,2,54,80,0.675,ok,3682863
pinch,pinch_sweep_size_rand-20260622-195014,TesolloCubePinch,TesolloCubePinch-20260622-205744-cubepinch_sb_propriotarget_s1,proprio.target,cubepinch_sb_propriotarget_s1,1,det,3,15,80,0.1875,ok,3682863
pinch,pinch_sweep_size_rand-20260622-195014,TesolloCubePinch,TesolloCubePinch-20260622-205744-cubepinch_sb_propriotarget_s1,proprio.target,cubepinch_sb_propriotarget_s1,1,det,4,29,80,0.3625,ok,3682863
pinch,pinch_sweep_size_rand-20260622-195014,TesolloCubePinch,TesolloCubePinch-20260622-205744-cubepinch_sb_propriotarget_s1,proprio.target,cubepinch_sb_propriotarget_s1,1,det,5,26,80,0.325,ok,3682863
pinch,pinch_sweep_size_rand-20260622-195014,TesolloCubePinch,TesolloCubePinch-20260622-205744-cubepinch_sb_propriotarget_s1,proprio.target,cubepinch_sb_propriotarget_s1,1,det,6,59,80,0.7375,ok,3682863
pinch,pinch_sweep_size_rand-20260622-195014,TesolloCubePinch,TesolloCubePinch-20260622-205744-cubepinch_sb_propriotarget_s1,proprio.target,cubepinch_sb_propriotarget_s1,1,det,7,59,80,0.7375,ok,3682863
pinch,pinch_sweep_size_rand-20260622-195014,TesolloCubePinch,TesolloCubePinch-20260622-205744-cubepinch_sb_propriotarget_s1,proprio.target,cubepinch_sb_propriotarget_s1,1,det,8,38,80,0.475,ok,3682863
pinch,pinch_sweep_size_rand-20260622-195014,TesolloCubePinch,TesolloCubePinch-20260622-205744-cubepinch_sb_propriotarget_s1,proprio.target,cubepinch_sb_propriotarget_s1,1,det,9,38,80,0.475,ok,3682863
pinch,pinch_sweep_size_rand-20260622-195014,TesolloCubePinch,TesolloCubePinch-20260622-205744-cubepinch_sb_propriotarget_s1,proprio.target,cubepinch_sb_propriotarget_s1,1,det,10,46,80,0.575,ok,3682863
pinch,pinch_sweep_size_rand-20260622-195014,TesolloCubePinch,TesolloCubePinch-20260622-205744-cubepinch_sb_propriotarget_s1,proprio.target,cubepinch_sb_propriotarget_s1,1,det,11,39,80,0.4875,ok,3682863
pinch,pinch_sweep_size_rand-20260622-195014,TesolloCubePinch,TesolloCubePinch-20260622-205744-cubepinch_sb_propriotarget_s1,proprio.target,cubepinch_sb_propriotarget_s1,1,det,12,59,80,0.7375,ok,3682863
pinch,pinch_sweep_size_rand-20260622-195014,TesolloCubePinch,TesolloCubePinch-20260622-205744-cubepinch_sb_propriotarget_s1,proprio.target,cubepinch_sb_propriotarget_s1,1,det,13,59,80,0.7375,ok,3682863
pinch,pinch_sweep_size_rand-20260622-195014,TesolloCubePinch,TesolloCubePinch-20260622-205744-cubepinch_sb_propriotarget_s1,proprio.target,cubepinch_sb_propriotarget_s1,1,det,14,27,80,0.3375,ok,3682863
pinch,pinch_sweep_size_rand-20260622-195014,TesolloCubePinch,TesolloCubePinch-20260622-205744-cubepinch_sb_propriotarget_s1,proprio.target,cubepinch_sb_propriotarget_s1,1,det,15,43,80,0.5375,ok,3682863
pinch,pinch_sweep_size_rand-20260622-195014,TesolloCubePinch,TesolloCubePinch-20260622-205744-cubepinch_sb_propriotarget_s1,proprio.target,cubepinch_sb_propriotarget_s1,1,det,16,25,80,0.3125,ok,3682863
pinch,pinch_sweep_size_rand-20260622-195014,TesolloCubePinch,TesolloCubePinch-20260622-205744-cubepinch_sb_propriotarget_s1,proprio.target,cubepinch_sb_propriotarget_s1,1,det,17,46,80,0.575,ok,3682863
pinch,pinch_sweep_size_rand-20260622-195014,TesolloCubePinch,TesolloCubePinch-20260622-205744-cubepinch_sb_propriotarget_s1,proprio.target,cubepinch_sb_propriotarget_s1,1,det,18,23,80,0.2875,ok,3682863
pinch,pinch_sweep_size_rand-20260622-195014,TesolloCubePinch,TesolloCubePinch-20260622-205744-cubepinch_sb_propriotarget_s1,proprio.target,cubepinch_sb_propriotarget_s1,1,det,19,43,80,0.5375,ok,3682863
pinch,pinch_sweep_size_rand-20260622-195014,TesolloCubePinch,TesolloCubePinch-20260622-205744-cubepinch_sb_propriotarget_s1,proprio.target,cubepinch_sb_propriotarget_s1,1,det,20,44,80,0.55,ok,3682863
pinch,pinch_sweep_size_rand-20260622-195014,TesolloCubePinch,TesolloCubePinch-20260622-205744-cubepinch_sb_propriotarget_s1,proprio.target,cubepinch_sb_propriotarget_s1,1,det,21,38,80,0.475,ok,3682863
pinch,pinch_sweep_size_rand-20260622-195014,TesolloCubePinch,TesolloCubePinch-20260622-205744-cubepinch_sb_propriotarget_s1,proprio.target,cubepinch_sb_propriotarget_s1,1,det,22,29,80,0.3625,ok,3682863
pinch,pinch_sweep_size_rand-20260622-195014,TesolloCubePinch,TesolloCubePinch-20260622-205744-cubepinch_sb_propriotarget_s1,proprio.target,cubepinch_sb_propriotarget_s1,1,det,23,48,80,0.6,ok,3682863
pinch,pinch_sweep_size_rand-20260622-195014,TesolloCubePinch,TesolloCubePinch-20260622-205744-cubepinch_sb_propriotarget_s1,proprio.target,cubepinch_sb_propriotarget_s1,1,det,24,40,80,0.5,ok,3682863
pinch,pinch_sweep_size_rand-20260622-195014,TesolloCubePinch,TesolloCubePinch-20260622-205744-cubepinch_sb_propriotarget_s1,proprio.target,cubepinch_sb_propriotarget_s1,1,det,25,53,80,0.6625,ok,3682863
pinch,pinch_sweep_size_rand-20260622-195014,TesolloCubePinch,TesolloCubePinch-20260622-205744-cubepinch_sb_propriotarget_s1,proprio.target,cubepinch_sb_propriotarget_s1,1,det,26,33,80,0.4125,ok,3682863
pinch,pinch_sweep_size_rand-20260622-195014,TesolloCubePinch,TesolloCubePinch-20260622-205744-cubepinch_sb_propriotarget_s1,proprio.target,cubepinch_sb_propriotarget_s1,1,det,27,21,80,0.2625,ok,3682863
pinch,pinch_sweep_size_rand-20260622-195014,TesolloCubePinch,TesolloCubePinch-20260622-205744-cubepinch_sb_propriotarget_s1,proprio.target,cubepinch_sb_propriotarget_s1,1,det,28,28,80,0.35,ok,3682863
pinch,pinch_sweep_size_rand-20260622-195014,TesolloCubePinch,TesolloCubePinch-20260622-205744-cubepinch_sb_propriotarget_s1,proprio.target,cubepinch_sb_propriotarget_s1,1,det,29,38,80,0.475,ok,3682863
pinch,pinch_sweep_size_rand-20260622-195014,TesolloCubePinch,TesolloCubePinch-20260622-205744-cubepinch_sb_propriotarget_s1,proprio.target,cubepinch_sb_propriotarget_s1,1,det,30,60,80,0.75,ok,3682863
pinch,pinch_sweep_size_rand-20260622-195014,TesolloCubePinch,TesolloCubePinch-20260622-205744-cubepinch_sb_propriotarget_s1,proprio.target,cubepinch_sb_propriotarget_s1,1,det,31,61,80,0.7625,ok,3682863
pinch,pinch_sweep_size_rand-20260622-195014,TesolloCubePinch,TesolloCubePinch-20260622-205744-cubepinch_sb_propriotarget_s1,proprio.target,cubepinch_sb_propriotarget_s1,1,det,32,47,80,0.5875,ok,3682863
pinch,pinch_sweep_size_rand-20260622-195014,TesolloCubePinch,TesolloCubePinch-20260622-205744-cubepinch_sb_propriotarget_s1,proprio.target,cubepinch_sb_propriotarget_s1,1,det,33,48,80,0.6,ok,3682863
pinch,pinch_sweep_size_rand-20260622-195014,TesolloCubePinch,TesolloCubePinch-20260622-205744-cubepinch_sb_propriotarget_s1,proprio.target,cubepinch_sb_propriotarget_s1,1,det,34,48,80,0.6,ok,3682863
pinch,pinch_sweep_size_rand-20260622-195014,TesolloCubePinch,TesolloCubePinch-20260622-205744-cubepinch_sb_propriotarget_s1,proprio.target,cubepinch_sb_propriotarget_s1,1,det,35,36,80,0.45,ok,3682863
pinch,pinch_sweep_size_rand-20260622-195014,TesolloCubePinch,TesolloCubePinch-20260622-205744-cubepinch_sb_propriotarget_s1,proprio.target,cubepinch_sb_propriotarget_s1,1,det,36,43,80,0.5375,ok,3682863
pinch,pinch_sweep_size_rand-20260622-195014,TesolloCubePinch,TesolloCubePinch-20260622-205744-cubepinch_sb_propriotarget_s1,proprio.target,cubepinch_sb_propriotarget_s1,1,det,37,49,80,0.6125,ok,3682863
pinch,pinch_sweep_size_rand-20260622-195014,TesolloCubePinch,TesolloCubePinch-20260622-205744-cubepinch_sb_propriotarget_s1,proprio.target,cubepinch_sb_propriotarget_s1,1,det,38,60,80,0.75,ok,3682863
pinch,pinch_sweep_size_rand-20260622-195014,TesolloCubePinch,TesolloCubePinch-20260622-205744-cubepinch_sb_propriotarget_s1,proprio.target,cubepinch_sb_propriotarget_s1,1,det,39,52,80,0.65,ok,3682863
pinch,pinch_sweep_size_rand-20260622-195014,TesolloCubePinch,TesolloCubePinch-20260622-205744-cubepinch_sb_propriotarget_s1,proprio.target,cubepinch_sb_propriotarget_s1,1,det,40,40,80,0.5,ok,3682863
pinch,pinch_sweep_size_rand-20260622-195014,TesolloCubePinch,TesolloCubePinch-20260622-205744-cubepinch_sb_propriotarget_s1,proprio.target,cubepinch_sb_propriotarget_s1,1,det,41,57,80,0.7125,ok,3682863
pinch,pinch_sweep_size_rand-20260622-195014,TesolloCubePinch,TesolloCubePinch-20260622-205744-cubepinch_sb_propriotarget_s1,proprio.target,cubepinch_sb_propriotarget_s1,1,det,42,50,80,0.625,ok,3682863
pinch,pinch_sweep_size_rand-20260622-195014,TesolloCubePinch,TesolloCubePinch-20260622-205744-cubepinch_sb_propriotarget_s1,proprio.target,cubepinch_sb_propriotarget_s1,1,det,43,55,80,0.6875,ok,3682863
pinch,pinch_sweep_size_rand-20260622-195014,TesolloCubePinch,TesolloCubePinch-20260622-205744-cubepinch_sb_propriotarget_s1,proprio.target,cubepinch_sb_propriotarget_s1,1,det,44,46,80,0.575,ok,3682863
pinch,pinch_sweep_size_rand-20260622-195014,TesolloCubePinch,TesolloCubePinch-20260622-205744-cubepinch_sb_propriotarget_s1,proprio.target,cubepinch_sb_propriotarget_s1,1,det,45,50,80,0.625,ok,3682863
pinch,pinch_sweep_size_rand-20260622-195014,TesolloCubePinch,TesolloCubePinch-20260622-205744-cubepinch_sb_propriotarget_s1,proprio.target,cubepinch_sb_propriotarget_s1,1,det,46,50,80,0.625,ok,3682863
pinch,pinch_sweep_size_rand-20260622-195014,TesolloCubePinch,TesolloCubePinch-20260622-205744-cubepinch_sb_propriotarget_s1,proprio.target,cubepinch_sb_propriotarget_s1,1,det,47,40,80,0.5,ok,3682863
pinch,pinch_sweep_size_rand-20260622-195014,TesolloCubePinch,TesolloCubePinch-20260622-205744-cubepinch_sb_propriotarget_s1,proprio.target,cubepinch_sb_propriotarget_s1,1,det,48,49,80,0.6125,ok,3682863
pinch,pinch_sweep_size_rand-20260622-195014,TesolloCubePinch,TesolloCubePinch-20260622-205744-cubepinch_sb_propriotarget_s1,proprio.target,cubepinch_sb_propriotarget_s1,1,det,49,50,80,0.625,ok,3682863
pinch,pinch_sweep_size_rand-20260622-195014,TesolloCubePinch,TesolloCubePinch-20260622-205744-cubepinch_sb_propriotarget_s1,proprio.target,cubepinch_sb_propriotarget_s1,1,det,50,38,80,0.475,ok,3682863
pinch,pinch_sweep_size_rand-20260622-195014,TesolloCubePinch,TesolloCubePinch-20260622-205744-cubepinch_sb_propriotarget_s1,proprio.target,cubepinch_sb_propriotarget_s1,1,det,51,23,80,0.2875,ok,3682863
pinch,pinch_sweep_size_rand-20260622-195014,TesolloCubePinch,TesolloCubePinch-20260622-205744-cubepinch_sb_propriotarget_s1,proprio.target,cubepinch_sb_propriotarget_s1,1,det,52,26,80,0.325,ok,3682863
pinch,pinch_sweep_size_rand-20260622-195014,TesolloCubePinch,TesolloCubePinch-20260622-205744-cubepinch_sb_propriotarget_s1,proprio.target,cubepinch_sb_propriotarget_s1,1,det,53,38,80,0.475,ok,3682863
pinch,pinch_sweep_size_rand-20260622-195014,TesolloCubePinch,TesolloCubePinch-20260622-205744-cubepinch_sb_propriotarget_s1,proprio.target,cubepinch_sb_propriotarget_s1,1,det,54,36,80,0.45,ok,3682863
pinch,pinch_sweep_size_rand-20260622-195014,TesolloCubePinch,TesolloCubePinch-20260622-205744-cubepinch_sb_propriotarget_s1,proprio.target,cubepinch_sb_propriotarget_s1,1,det,55,26,80,0.325,ok,3682863
pinch,pinch_sweep_size_rand-20260622-195014,TesolloCubePinch,TesolloCubePinch-20260622-205744-cubepinch_sb_propriotarget_s1,proprio.target,cubepinch_sb_propriotarget_s1,1,det,56,60,80,0.75,ok,3682863
pinch,pinch_sweep_size_rand-20260622-195014,TesolloCubePinch,TesolloCubePinch-20260622-205744-cubepinch_sb_propriotarget_s1,proprio.target,cubepinch_sb_propriotarget_s1,1,det,57,42,80,0.525,ok,3682863
pinch,pinch_sweep_size_rand-20260622-195014,TesolloCubePinch,TesolloCubePinch-20260622-205744-cubepinch_sb_propriotarget_s1,proprio.target,cubepinch_sb_propriotarget_s1,1,det,58,60,80,0.75,ok,3682863
pinch,pinch_sweep_size_rand-20260622-195014,TesolloCubePinch,TesolloCubePinch-20260622-205744-cubepinch_sb_propriotarget_s1,proprio.target,cubepinch_sb_propriotarget_s1,1,det,59,29,80,0.3625,ok,3682863
pinch,pinch_sweep_size_rand-20260622-195014,TesolloCubePinch,TesolloCubePinch-20260622-205744-cubepinch_sb_propriotarget_s1,proprio.target,cubepinch_sb_propriotarget_s1,1,det,60,40,80,0.5,ok,3682863
pinch,pinch_sweep_size_rand-20260622-195014,TesolloCubePinch,TesolloCubePinch-20260622-205744-cubepinch_sb_propriotarget_s1,proprio.target,cubepinch_sb_propriotarget_s1,1,det,61,61,80,0.7625,ok,3682863
pinch,pinch_sweep_size_rand-20260622-195014,TesolloCubePinch,TesolloCubePinch-20260622-205744-cubepinch_sb_propriotarget_s1,proprio.target,cubepinch_sb_propriotarget_s1,1,det,62,50,80,0.625,ok,3682863
pinch,pinch_sweep_size_rand-20260622-195014,TesolloCubePinch,TesolloCubePinch-20260622-205744-cubepinch_sb_propriotarget_s1,proprio.target,cubepinch_sb_propriotarget_s1,1,det,63,48,80,0.6,ok,3682863
pinch,pinch_sweep_size_rand-20260622-195014,TesolloCubePinch,TesolloCubePinch-20260622-205744-cubepinch_sb_propriotarget_s1,proprio.target,cubepinch_sb_propriotarget_s1,1,det,64,51,80,0.6375,ok,3682863
pinch,pinch_sweep_size_rand-20260622-195014,TesolloCubePinch,TesolloCubePinch-20260622-205744-cubepinch_sb_propriotarget_s1,proprio.target,cubepinch_sb_propriotarget_s1,1,det,65,18,80,0.225,ok,3682863
pinch,pinch_sweep_size_rand-20260622-195014,TesolloCubePinch,TesolloCubePinch-20260622-205744-cubepinch_sb_propriotarget_s1,proprio.target,cubepinch_sb_propriotarget_s1,1,det,66,66,80,0.825,ok,3682863
pinch,pinch_sweep_size_rand-20260622-195014,TesolloCubePinch,TesolloCubePinch-20260622-205744-cubepinch_sb_propriotarget_s1,proprio.target,cubepinch_sb_propriotarget_s1,1,det,67,39,80,0.4875,ok,3682863
pinch,pinch_sweep_size_rand-20260622-195014,TesolloCubePinch,TesolloCubePinch-20260622-205744-cubepinch_sb_propriotarget_s1,proprio.target,cubepinch_sb_propriotarget_s1,1,det,68,41,80,0.5125,ok,3682863
pinch,pinch_sweep_size_rand-20260622-195014,TesolloCubePinch,TesolloCubePinch-20260622-205744-cubepinch_sb_propriotarget_s1,proprio.target,cubepinch_sb_propriotarget_s1,1,det,69,32,80,0.4,ok,3682863
pinch,pinch_sweep_size_rand-20260622-195014,TesolloCubePinch,TesolloCubePinch-20260622-205744-cubepinch_sb_propriotarget_s1,proprio.target,cubepinch_sb_propriotarget_s1,1,det,70,38,80,0.475,ok,3682863
pinch,pinch_sweep_size_rand-20260622-195014,TesolloCubePinch,TesolloCubePinch-20260622-205744-cubepinch_sb_propriotarget_s1,proprio.target,cubepinch_sb_propriotarget_s1,1,det,71,39,80,0.4875,ok,3682863
pinch,pinch_sweep_size_rand-20260622-195014,TesolloCubePinch,TesolloCubePinch-20260622-205744-cubepinch_sb_propriotarget_s1,proprio.target,cubepinch_sb_propriotarget_s1,1,det,72,47,80,0.5875,ok,3682863
pinch,pinch_sweep_size_rand-20260622-195014,TesolloCubePinch,TesolloCubePinch-20260622-205744-cubepinch_sb_propriotarget_s1,proprio.target,cubepinch_sb_propriotarget_s1,1,det,73,41,80,0.5125,ok,3682863
pinch,pinch_sweep_size_rand-20260622-195014,TesolloCubePinch,TesolloCubePinch-20260622-205744-cubepinch_sb_propriotarget_s1,proprio.target,cubepinch_sb_propriotarget_s1,1,det,74,36,80,0.45,ok,3682863
pinch,pinch_sweep_size_rand-20260622-195014,TesolloCubePinch,TesolloCubePinch-20260622-205744-cubepinch_sb_propriotarget_s1,proprio.target,cubepinch_sb_propriotarget_s1,1,det,75,49,80,0.6125,ok,3682863
pinch,pinch_sweep_size_rand-20260622-195014,TesolloCubePinch,TesolloCubePinch-20260622-205744-cubepinch_sb_propriotarget_s1,proprio.target,cubepinch_sb_propriotarget_s1,1,det,76,50,80,0.625,ok,3682863
pinch,pinch_sweep_size_rand-20260622-195014,TesolloCubePinch,TesolloCubePinch-20260622-205744-cubepinch_sb_propriotarget_s1,proprio.target,cubepinch_sb_propriotarget_s1,1,det,77,27,80,0.3375,ok,3682863
pinch,pinch_sweep_size_rand-20260622-195014,TesolloCubePinch,TesolloCubePinch-20260622-205744-cubepinch_sb_propriotarget_s1,proprio.target,cubepinch_sb_propriotarget_s1,1,det,78,34,80,0.425,ok,3682863
pinch,pinch_sweep_size_rand-20260622-195014,TesolloCubePinch,TesolloCubePinch-20260622-205744-cubepinch_sb_propriotarget_s1,proprio.target,cubepinch_sb_propriotarget_s1,1,det,79,66,80,0.825,ok,3682863
pinch,pinch_sweep_size_rand-20260622-195014,TesolloCubePinch,TesolloCubePinch-20260622-205744-cubepinch_sb_propriotarget_s1,proprio.target,cubepinch_sb_propriotarget_s1,1,det,80,50,80,0.625,ok,3682863
pinch,pinch_sweep_size_rand-20260622-195014,TesolloCubePinch,TesolloCubePinch-20260622-205744-cubepinch_sb_propriotarget_s1,proprio.target,cubepinch_sb_propriotarget_s1,1,det,81,35,80,0.4375,ok,3682863
pinch,pinch_sweep_size_rand-20260622-195014,TesolloCubePinch,TesolloCubePinch-20260622-205744-cubepinch_sb_propriotarget_s1,proprio.target,cubepinch_sb_propriotarget_s1,1,det,82,45,80,0.5625,ok,3682863
pinch,pinch_sweep_size_rand-20260622-195014,TesolloCubePinch,TesolloCubePinch-20260622-205744-cubepinch_sb_propriotarget_s1,proprio.target,cubepinch_sb_propriotarget_s1,1,det,83,34,80,0.425,ok,3682863
pinch,pinch_sweep_size_rand-20260622-195014,TesolloCubePinch,TesolloCubePinch-20260622-205744-cubepinch_sb_propriotarget_s1,proprio.target,cubepinch_sb_propriotarget_s1,1,det,84,54,80,0.675,ok,3682863
pinch,pinch_sweep_size_rand-20260622-195014,TesolloCubePinch,TesolloCubePinch-20260622-205744-cubepinch_sb_propriotarget_s1,proprio.target,cubepinch_sb_propriotarget_s1,1,det,85,40,80,0.5,ok,3682863
pinch,pinch_sweep_size_rand-20260622-195014,TesolloCubePinch,TesolloCubePinch-20260622-205744-cubepinch_sb_propriotarget_s1,proprio.target,cubepinch_sb_propriotarget_s1,1,det,86,37,80,0.4625,ok,3682863
pinch,pinch_sweep_size_rand-20260622-195014,TesolloCubePinch,TesolloCubePinch-20260622-205744-cubepinch_sb_propriotarget_s1,proprio.target,cubepinch_sb_propriotarget_s1,1,det,87,51,80,0.6375,ok,3682863
pinch,pinch_sweep_size_rand-20260622-195014,TesolloCubePinch,TesolloCubePinch-20260622-205744-cubepinch_sb_propriotarget_s1,proprio.target,cubepinch_sb_propriotarget_s1,1,det,88,49,80,0.6125,ok,3682863
pinch,pinch_sweep_size_rand-20260622-195014,TesolloCubePinch,TesolloCubePinch-20260622-205744-cubepinch_sb_propriotarget_s1,proprio.target,cubepinch_sb_propriotarget_s1,1,det,89,44,80,0.55,ok,3682863
pinch,pinch_sweep_size_rand-20260622-195014,TesolloCubePinch,TesolloCubePinch-20260622-205744-cubepinch_sb_propriotarget_s1,proprio.target,cubepinch_sb_propriotarget_s1,1,det,90,58,80,0.725,ok,3682863
pinch,pinch_sweep_size_rand-20260622-195014,TesolloCubePinch,TesolloCubePinch-20260622-205744-cubepinch_sb_propriotarget_s1,proprio.target,cubepinch_sb_propriotarget_s1,1,det,91,58,80,0.725,ok,3682863
pinch,pinch_sweep_size_rand-20260622-195014,TesolloCubePinch,TesolloCubePinch-20260622-205744-cubepinch_sb_propriotarget_s1,proprio.target,cubepinch_sb_propriotarget_s1,1,det,92,51,80,0.6375,ok,3682863
pinch,pinch_sweep_size_rand-20260622-195014,TesolloCubePinch,TesolloCubePinch-20260622-205744-cubepinch_sb_propriotarget_s1,proprio.target,cubepinch_sb_propriotarget_s1,1,det,93,37,80,0.4625,ok,3682863
pinch,pinch_sweep_size_rand-20260622-195014,TesolloCubePinch,TesolloCubePinch-20260622-205744-cubepinch_sb_propriotarget_s1,proprio.target,cubepinch_sb_propriotarget_s1,1,det,94,39,80,0.4875,ok,3682863
pinch,pinch_sweep_size_rand-20260622-195014,TesolloCubePinch,TesolloCubePinch-20260622-205744-cubepinch_sb_propriotarget_s1,proprio.target,cubepinch_sb_propriotarget_s1,1,det,95,36,80,0.45,ok,3682863
pinch,pinch_sweep_size_rand-20260622-195014,TesolloCubePinch,TesolloCubePinch-20260622-205744-cubepinch_sb_propriotarget_s1,proprio.target,cubepinch_sb_propriotarget_s1,1,det,96,33,80,0.4125,ok,3682863
pinch,pinch_sweep_size_rand-20260622-195014,TesolloCubePinch,TesolloCubePinch-20260622-205744-cubepinch_sb_propriotarget_s1,proprio.target,cubepinch_sb_propriotarget_s1,1,det,97,50,80,0.625,ok,3682863
pinch,pinch_sweep_size_rand-20260622-195014,TesolloCubePinch,TesolloCubePinch-20260622-205744-cubepinch_sb_propriotarget_s1,proprio.target,cubepinch_sb_propriotarget_s1,1,det,98,27,80,0.3375,ok,3682863
pinch,pinch_sweep_size_rand-20260622-195014,TesolloCubePinch,TesolloCubePinch-20260622-205744-cubepinch_sb_propriotarget_s1,proprio.target,cubepinch_sb_propriotarget_s1,1,det,99,50,80,0.625,ok,3682863
pinch,pinch_sweep_size_rand-20260622-195014,TesolloCubePinch,TesolloCubePinch-20260622-210903-cubepinch_sb_propriotarget_s2,proprio.target,cubepinch_sb_propriotarget_s2,2,det,0,49,80,0.6125,ok,3682863
pinch,pinch_sweep_size_rand-20260622-195014,TesolloCubePinch,TesolloCubePinch-20260622-210903-cubepinch_sb_propriotarget_s2,proprio.target,cubepinch_sb_propriotarget_s2,2,det,1,33,80,0.4125,ok,3682863
pinch,pinch_sweep_size_rand-20260622-195014,TesolloCubePinch,TesolloCubePinch-20260622-210903-cubepinch_sb_propriotarget_s2,proprio.target,cubepinch_sb_propriotarget_s2,2,det,2,39,80,0.4875,ok,3682863
pinch,pinch_sweep_size_rand-20260622-195014,TesolloCubePinch,TesolloCubePinch-20260622-210903-cubepinch_sb_propriotarget_s2,proprio.target,cubepinch_sb_propriotarget_s2,2,det,3,9,80,0.1125,ok,3682863
pinch,pinch_sweep_size_rand-20260622-195014,TesolloCubePinch,TesolloCubePinch-20260622-210903-cubepinch_sb_propriotarget_s2,proprio.target,cubepinch_sb_propriotarget_s2,2,det,4,12,80,0.15,ok,3682863
pinch,pinch_sweep_size_rand-20260622-195014,TesolloCubePinch,TesolloCubePinch-20260622-210903-cubepinch_sb_propriotarget_s2,proprio.target,cubepinch_sb_propriotarget_s2,2,det,5,49,80,0.6125,ok,3682863
pinch,pinch_sweep_size_rand-20260622-195014,TesolloCubePinch,TesolloCubePinch-20260622-210903-cubepinch_sb_propriotarget_s2,proprio.target,cubepinch_sb_propriotarget_s2,2,det,6,56,80,0.7,ok,3682863
pinch,pinch_sweep_size_rand-20260622-195014,TesolloCubePinch,TesolloCubePinch-20260622-210903-cubepinch_sb_propriotarget_s2,proprio.target,cubepinch_sb_propriotarget_s2,2,det,7,56,80,0.7,ok,3682863
pinch,pinch_sweep_size_rand-20260622-195014,TesolloCubePinch,TesolloCubePinch-20260622-210903-cubepinch_sb_propriotarget_s2,proprio.target,cubepinch_sb_propriotarget_s2,2,det,8,26,80,0.325,ok,3682863
pinch,pinch_sweep_size_rand-20260622-195014,TesolloCubePinch,TesolloCubePinch-20260622-210903-cubepinch_sb_propriotarget_s2,proprio.target,cubepinch_sb_propriotarget_s2,2,det,9,51,80,0.6375,ok,3682863
pinch,pinch_sweep_size_rand-20260622-195014,TesolloCubePinch,TesolloCubePinch-20260622-210903-cubepinch_sb_propriotarget_s2,proprio.target,cubepinch_sb_propriotarget_s2,2,det,10,45,80,0.5625,ok,3682863
pinch,pinch_sweep_size_rand-20260622-195014,TesolloCubePinch,TesolloCubePinch-20260622-210903-cubepinch_sb_propriotarget_s2,proprio.target,cubepinch_sb_propriotarget_s2,2,det,11,26,80,0.325,ok,3682863
pinch,pinch_sweep_size_rand-20260622-195014,TesolloCubePinch,TesolloCubePinch-20260622-210903-cubepinch_sb_propriotarget_s2,proprio.target,cubepinch_sb_propriotarget_s2,2,det,12,57,80,0.7125,ok,3682863
pinch,pinch_sweep_size_rand-20260622-195014,TesolloCubePinch,TesolloCubePinch-20260622-210903-cubepinch_sb_propriotarget_s2,proprio.target,cubepinch_sb_propriotarget_s2,2,det,13,33,80,0.4125,ok,3682863
pinch,pinch_sweep_size_rand-20260622-195014,TesolloCubePinch,TesolloCubePinch-20260622-210903-cubepinch_sb_propriotarget_s2,proprio.target,cubepinch_sb_propriotarget_s2,2,det,14,57,80,0.7125,ok,3682863
pinch,pinch_sweep_size_rand-20260622-195014,TesolloCubePinch,TesolloCubePinch-20260622-210903-cubepinch_sb_propriotarget_s2,proprio.target,cubepinch_sb_propriotarget_s2,2,det,15,58,80,0.725,ok,3682863
pinch,pinch_sweep_size_rand-20260622-195014,TesolloCubePinch,TesolloCubePinch-20260622-210903-cubepinch_sb_propriotarget_s2,proprio.target,cubepinch_sb_propriotarget_s2,2,det,16,49,80,0.6125,ok,3682863
pinch,pinch_sweep_size_rand-20260622-195014,TesolloCubePinch,TesolloCubePinch-20260622-210903-cubepinch_sb_propriotarget_s2,proprio.target,cubepinch_sb_propriotarget_s2,2,det,17,49,80,0.6125,ok,3682863
pinch,pinch_sweep_size_rand-20260622-195014,TesolloCubePinch,TesolloCubePinch-20260622-210903-cubepinch_sb_propriotarget_s2,proprio.target,cubepinch_sb_propriotarget_s2,2,det,18,36,80,0.45,ok,3682863
pinch,pinch_sweep_size_rand-20260622-195014,TesolloCubePinch,TesolloCubePinch-20260622-210903-cubepinch_sb_propriotarget_s2,proprio.target,cubepinch_sb_propriotarget_s2,2,det,19,36,80,0.45,ok,3682863
pinch,pinch_sweep_size_rand-20260622-195014,TesolloCubePinch,TesolloCubePinch-20260622-210903-cubepinch_sb_propriotarget_s2,proprio.target,cubepinch_sb_propriotarget_s2,2,det,20,49,80,0.6125,ok,3682863
pinch,pinch_sweep_size_rand-20260622-195014,TesolloCubePinch,TesolloCubePinch-20260622-210903-cubepinch_sb_propriotarget_s2,proprio.target,cubepinch_sb_propriotarget_s2,2,det,21,49,80,0.6125,ok,3682863
pinch,pinch_sweep_size_rand-20260622-195014,TesolloCubePinch,TesolloCubePinch-20260622-210903-cubepinch_sb_propriotarget_s2,proprio.target,cubepinch_sb_propriotarget_s2,2,det,22,26,80,0.325,ok,3682863
pinch,pinch_sweep_size_rand-20260622-195014,TesolloCubePinch,TesolloCubePinch-20260622-210903-cubepinch_sb_propriotarget_s2,proprio.target,cubepinch_sb_propriotarget_s2,2,det,23,58,80,0.725,ok,3682863
pinch,pinch_sweep_size_rand-20260622-195014,TesolloCubePinch,TesolloCubePinch-20260622-210903-cubepinch_sb_propriotarget_s2,proprio.target,cubepinch_sb_propriotarget_s2,2,det,24,30,80,0.375,ok,3682863
pinch,pinch_sweep_size_rand-20260622-195014,TesolloCubePinch,TesolloCubePinch-20260622-210903-cubepinch_sb_propriotarget_s2,proprio.target,cubepinch_sb_propriotarget_s2,2,det,25,56,80,0.7,ok,3682863
pinch,pinch_sweep_size_rand-20260622-195014,TesolloCubePinch,TesolloCubePinch-20260622-210903-cubepinch_sb_propriotarget_s2,proprio.target,cubepinch_sb_propriotarget_s2,2,det,26,60,80,0.75,ok,3682863
pinch,pinch_sweep_size_rand-20260622-195014,TesolloCubePinch,TesolloCubePinch-20260622-210903-cubepinch_sb_propriotarget_s2,proprio.target,cubepinch_sb_propriotarget_s2,2,det,27,35,80,0.4375,ok,3682863
pinch,pinch_sweep_size_rand-20260622-195014,TesolloCubePinch,TesolloCubePinch-20260622-210903-cubepinch_sb_propriotarget_s2,proprio.target,cubepinch_sb_propriotarget_s2,2,det,28,49,80,0.6125,ok,3682863
pinch,pinch_sweep_size_rand-20260622-195014,TesolloCubePinch,TesolloCubePinch-20260622-210903-cubepinch_sb_propriotarget_s2,proprio.target,cubepinch_sb_propriotarget_s2,2,det,29,51,80,0.6375,ok,3682863
pinch,pinch_sweep_size_rand-20260622-195014,TesolloCubePinch,TesolloCubePinch-20260622-210903-cubepinch_sb_propriotarget_s2,proprio.target,cubepinch_sb_propriotarget_s2,2,det,30,41,80,0.5125,ok,3682863
pinch,pinch_sweep_size_rand-20260622-195014,TesolloCubePinch,TesolloCubePinch-20260622-210903-cubepinch_sb_propriotarget_s2,proprio.target,cubepinch_sb_propriotarget_s2,2,det,31,57,80,0.7125,ok,3682863
pinch,pinch_sweep_size_rand-20260622-195014,TesolloCubePinch,TesolloCubePinch-20260622-210903-cubepinch_sb_propriotarget_s2,proprio.target,cubepinch_sb_propriotarget_s2,2,det,32,33,80,0.4125,ok,3682863
pinch,pinch_sweep_size_rand-20260622-195014,TesolloCubePinch,TesolloCubePinch-20260622-210903-cubepinch_sb_propriotarget_s2,proprio.target,cubepinch_sb_propriotarget_s2,2,det,33,42,80,0.525,ok,3682863
pinch,pinch_sweep_size_rand-20260622-195014,TesolloCubePinch,TesolloCubePinch-20260622-210903-cubepinch_sb_propriotarget_s2,proprio.target,cubepinch_sb_propriotarget_s2,2,det,34,47,80,0.5875,ok,3682863
pinch,pinch_sweep_size_rand-20260622-195014,TesolloCubePinch,TesolloCubePinch-20260622-210903-cubepinch_sb_propriotarget_s2,proprio.target,cubepinch_sb_propriotarget_s2,2,det,35,28,80,0.35,ok,3682863
pinch,pinch_sweep_size_rand-20260622-195014,TesolloCubePinch,TesolloCubePinch-20260622-210903-cubepinch_sb_propriotarget_s2,proprio.target,cubepinch_sb_propriotarget_s2,2,det,36,39,80,0.4875,ok,3682863
pinch,pinch_sweep_size_rand-20260622-195014,TesolloCubePinch,TesolloCubePinch-20260622-210903-cubepinch_sb_propriotarget_s2,proprio.target,cubepinch_sb_propriotarget_s2,2,det,37,30,80,0.375,ok,3682863
pinch,pinch_sweep_size_rand-20260622-195014,TesolloCubePinch,TesolloCubePinch-20260622-210903-cubepinch_sb_propriotarget_s2,proprio.target,cubepinch_sb_propriotarget_s2,2,det,38,58,80,0.725,ok,3682863
pinch,pinch_sweep_size_rand-20260622-195014,TesolloCubePinch,TesolloCubePinch-20260622-210903-cubepinch_sb_propriotarget_s2,proprio.target,cubepinch_sb_propriotarget_s2,2,det,39,55,80,0.6875,ok,3682863
pinch,pinch_sweep_size_rand-20260622-195014,TesolloCubePinch,TesolloCubePinch-20260622-210903-cubepinch_sb_propriotarget_s2,proprio.target,cubepinch_sb_propriotarget_s2,2,det,40,49,80,0.6125,ok,3682863
pinch,pinch_sweep_size_rand-20260622-195014,TesolloCubePinch,TesolloCubePinch-20260622-210903-cubepinch_sb_propriotarget_s2,proprio.target,cubepinch_sb_propriotarget_s2,2,det,41,54,80,0.675,ok,3682863
pinch,pinch_sweep_size_rand-20260622-195014,TesolloCubePinch,TesolloCubePinch-20260622-210903-cubepinch_sb_propriotarget_s2,proprio.target,cubepinch_sb_propriotarget_s2,2,det,42,58,80,0.725,ok,3682863
pinch,pinch_sweep_size_rand-20260622-195014,TesolloCubePinch,TesolloCubePinch-20260622-210903-cubepinch_sb_propriotarget_s2,proprio.target,cubepinch_sb_propriotarget_s2,2,det,43,50,80,0.625,ok,3682863
pinch,pinch_sweep_size_rand-20260622-195014,TesolloCubePinch,TesolloCubePinch-20260622-210903-cubepinch_sb_propriotarget_s2,proprio.target,cubepinch_sb_propriotarget_s2,2,det,44,48,80,0.6,ok,3682863
pinch,pinch_sweep_size_rand-20260622-195014,TesolloCubePinch,TesolloCubePinch-20260622-210903-cubepinch_sb_propriotarget_s2,proprio.target,cubepinch_sb_propriotarget_s2,2,det,45,58,80,0.725,ok,3682863
pinch,pinch_sweep_size_rand-20260622-195014,TesolloCubePinch,TesolloCubePinch-20260622-210903-cubepinch_sb_propriotarget_s2,proprio.target,cubepinch_sb_propriotarget_s2,2,det,46,58,80,0.725,ok,3682863
pinch,pinch_sweep_size_rand-20260622-195014,TesolloCubePinch,TesolloCubePinch-20260622-210903-cubepinch_sb_propriotarget_s2,proprio.target,cubepinch_sb_propriotarget_s2,2,det,47,58,80,0.725,ok,3682863
pinch,pinch_sweep_size_rand-20260622-195014,TesolloCubePinch,TesolloCubePinch-20260622-210903-cubepinch_sb_propriotarget_s2,proprio.target,cubepinch_sb_propriotarget_s2,2,det,48,58,80,0.725,ok,3682863
pinch,pinch_sweep_size_rand-20260622-195014,TesolloCubePinch,TesolloCubePinch-20260622-210903-cubepinch_sb_propriotarget_s2,proprio.target,cubepinch_sb_propriotarget_s2,2,det,49,46,80,0.575,ok,3682863
pinch,pinch_sweep_size_rand-20260622-195014,TesolloCubePinch,TesolloCubePinch-20260622-210903-cubepinch_sb_propriotarget_s2,proprio.target,cubepinch_sb_propriotarget_s2,2,det,50,43,80,0.5375,ok,3682863
pinch,pinch_sweep_size_rand-20260622-195014,TesolloCubePinch,TesolloCubePinch-20260622-210903-cubepinch_sb_propriotarget_s2,proprio.target,cubepinch_sb_propriotarget_s2,2,det,51,11,80,0.1375,ok,3682863
pinch,pinch_sweep_size_rand-20260622-195014,TesolloCubePinch,TesolloCubePinch-20260622-210903-cubepinch_sb_propriotarget_s2,proprio.target,cubepinch_sb_propriotarget_s2,2,det,52,53,80,0.6625,ok,3682863
pinch,pinch_sweep_size_rand-20260622-195014,TesolloCubePinch,TesolloCubePinch-20260622-210903-cubepinch_sb_propriotarget_s2,proprio.target,cubepinch_sb_propriotarget_s2,2,det,53,47,80,0.5875,ok,3682863
pinch,pinch_sweep_size_rand-20260622-195014,TesolloCubePinch,TesolloCubePinch-20260622-210903-cubepinch_sb_propriotarget_s2,proprio.target,cubepinch_sb_propriotarget_s2,2,det,54,14,80,0.175,ok,3682863
pinch,pinch_sweep_size_rand-20260622-195014,TesolloCubePinch,TesolloCubePinch-20260622-210903-cubepinch_sb_propriotarget_s2,proprio.target,cubepinch_sb_propriotarget_s2,2,det,55,58,80,0.725,ok,3682863
pinch,pinch_sweep_size_rand-20260622-195014,TesolloCubePinch,TesolloCubePinch-20260622-210903-cubepinch_sb_propriotarget_s2,proprio.target,cubepinch_sb_propriotarget_s2,2,det,56,55,80,0.6875,ok,3682863
pinch,pinch_sweep_size_rand-20260622-195014,TesolloCubePinch,TesolloCubePinch-20260622-210903-cubepinch_sb_propriotarget_s2,proprio.target,cubepinch_sb_propriotarget_s2,2,det,57,47,80,0.5875,ok,3682863
pinch,pinch_sweep_size_rand-20260622-195014,TesolloCubePinch,TesolloCubePinch-20260622-210903-cubepinch_sb_propriotarget_s2,proprio.target,cubepinch_sb_propriotarget_s2,2,det,58,56,80,0.7,ok,3682863
pinch,pinch_sweep_size_rand-20260622-195014,TesolloCubePinch,TesolloCubePinch-20260622-210903-cubepinch_sb_propriotarget_s2,proprio.target,cubepinch_sb_propriotarget_s2,2,det,59,35,80,0.4375,ok,3682863
pinch,pinch_sweep_size_rand-20260622-195014,TesolloCubePinch,TesolloCubePinch-20260622-210903-cubepinch_sb_propriotarget_s2,proprio.target,cubepinch_sb_propriotarget_s2,2,det,60,47,80,0.5875,ok,3682863
pinch,pinch_sweep_size_rand-20260622-195014,TesolloCubePinch,TesolloCubePinch-20260622-210903-cubepinch_sb_propriotarget_s2,proprio.target,cubepinch_sb_propriotarget_s2,2,det,61,51,80,0.6375,ok,3682863
pinch,pinch_sweep_size_rand-20260622-195014,TesolloCubePinch,TesolloCubePinch-20260622-210903-cubepinch_sb_propriotarget_s2,proprio.target,cubepinch_sb_propriotarget_s2,2,det,62,49,80,0.6125,ok,3682863
pinch,pinch_sweep_size_rand-20260622-195014,TesolloCubePinch,TesolloCubePinch-20260622-210903-cubepinch_sb_propriotarget_s2,proprio.target,cubepinch_sb_propriotarget_s2,2,det,63,60,80,0.75,ok,3682863
pinch,pinch_sweep_size_rand-20260622-195014,TesolloCubePinch,TesolloCubePinch-20260622-210903-cubepinch_sb_propriotarget_s2,proprio.target,cubepinch_sb_propriotarget_s2,2,det,64,49,80,0.6125,ok,3682863
pinch,pinch_sweep_size_rand-20260622-195014,TesolloCubePinch,TesolloCubePinch-20260622-210903-cubepinch_sb_propriotarget_s2,proprio.target,cubepinch_sb_propriotarget_s2,2,det,65,27,80,0.3375,ok,3682863
pinch,pinch_sweep_size_rand-20260622-195014,TesolloCubePinch,TesolloCubePinch-20260622-210903-cubepinch_sb_propriotarget_s2,proprio.target,cubepinch_sb_propriotarget_s2,2,det,66,13,80,0.1625,ok,3682863
pinch,pinch_sweep_size_rand-20260622-195014,TesolloCubePinch,TesolloCubePinch-20260622-210903-cubepinch_sb_propriotarget_s2,proprio.target,cubepinch_sb_propriotarget_s2,2,det,67,43,80,0.5375,ok,3682863
pinch,pinch_sweep_size_rand-20260622-195014,TesolloCubePinch,TesolloCubePinch-20260622-210903-cubepinch_sb_propriotarget_s2,proprio.target,cubepinch_sb_propriotarget_s2,2,det,68,45,80,0.5625,ok,3682863
pinch,pinch_sweep_size_rand-20260622-195014,TesolloCubePinch,TesolloCubePinch-20260622-210903-cubepinch_sb_propriotarget_s2,proprio.target,cubepinch_sb_propriotarget_s2,2,det,69,55,80,0.6875,ok,3682863
pinch,pinch_sweep_size_rand-20260622-195014,TesolloCubePinch,TesolloCubePinch-20260622-210903-cubepinch_sb_propriotarget_s2,proprio.target,cubepinch_sb_propriotarget_s2,2,det,70,18,80,0.225,ok,3682863
pinch,pinch_sweep_size_rand-20260622-195014,TesolloCubePinch,TesolloCubePinch-20260622-210903-cubepinch_sb_propriotarget_s2,proprio.target,cubepinch_sb_propriotarget_s2,2,det,71,53,80,0.6625,ok,3682863
pinch,pinch_sweep_size_rand-20260622-195014,TesolloCubePinch,TesolloCubePinch-20260622-210903-cubepinch_sb_propriotarget_s2,proprio.target,cubepinch_sb_propriotarget_s2,2,det,72,30,80,0.375,ok,3682863
pinch,pinch_sweep_size_rand-20260622-195014,TesolloCubePinch,TesolloCubePinch-20260622-210903-cubepinch_sb_propriotarget_s2,proprio.target,cubepinch_sb_propriotarget_s2,2,det,73,46,80,0.575,ok,3682863
pinch,pinch_sweep_size_rand-20260622-195014,TesolloCubePinch,TesolloCubePinch-20260622-210903-cubepinch_sb_propriotarget_s2,proprio.target,cubepinch_sb_propriotarget_s2,2,det,74,14,80,0.175,ok,3682863
pinch,pinch_sweep_size_rand-20260622-195014,TesolloCubePinch,TesolloCubePinch-20260622-210903-cubepinch_sb_propriotarget_s2,proprio.target,cubepinch_sb_propriotarget_s2,2,det,75,43,80,0.5375,ok,3682863
pinch,pinch_sweep_size_rand-20260622-195014,TesolloCubePinch,TesolloCubePinch-20260622-210903-cubepinch_sb_propriotarget_s2,proprio.target,cubepinch_sb_propriotarget_s2,2,det,76,60,80,0.75,ok,3682863
pinch,pinch_sweep_size_rand-20260622-195014,TesolloCubePinch,TesolloCubePinch-20260622-210903-cubepinch_sb_propriotarget_s2,proprio.target,cubepinch_sb_propriotarget_s2,2,det,77,54,80,0.675,ok,3682863
pinch,pinch_sweep_size_rand-20260622-195014,TesolloCubePinch,TesolloCubePinch-20260622-210903-cubepinch_sb_propriotarget_s2,proprio.target,cubepinch_sb_propriotarget_s2,2,det,78,56,80,0.7,ok,3682863
pinch,pinch_sweep_size_rand-20260622-195014,TesolloCubePinch,TesolloCubePinch-20260622-210903-cubepinch_sb_propriotarget_s2,proprio.target,cubepinch_sb_propriotarget_s2,2,det,79,29,80,0.3625,ok,3682863
pinch,pinch_sweep_size_rand-20260622-195014,TesolloCubePinch,TesolloCubePinch-20260622-210903-cubepinch_sb_propriotarget_s2,proprio.target,cubepinch_sb_propriotarget_s2,2,det,80,44,80,0.55,ok,3682863
pinch,pinch_sweep_size_rand-20260622-195014,TesolloCubePinch,TesolloCubePinch-20260622-210903-cubepinch_sb_propriotarget_s2,proprio.target,cubepinch_sb_propriotarget_s2,2,det,81,57,80,0.7125,ok,3682863
pinch,pinch_sweep_size_rand-20260622-195014,TesolloCubePinch,TesolloCubePinch-20260622-210903-cubepinch_sb_propriotarget_s2,proprio.target,cubepinch_sb_propriotarget_s2,2,det,82,46,80,0.575,ok,3682863
pinch,pinch_sweep_size_rand-20260622-195014,TesolloCubePinch,TesolloCubePinch-20260622-210903-cubepinch_sb_propriotarget_s2,proprio.target,cubepinch_sb_propriotarget_s2,2,det,83,23,80,0.2875,ok,3682863
pinch,pinch_sweep_size_rand-20260622-195014,TesolloCubePinch,TesolloCubePinch-20260622-210903-cubepinch_sb_propriotarget_s2,proprio.target,cubepinch_sb_propriotarget_s2,2,det,84,58,80,0.725,ok,3682863
pinch,pinch_sweep_size_rand-20260622-195014,TesolloCubePinch,TesolloCubePinch-20260622-210903-cubepinch_sb_propriotarget_s2,proprio.target,cubepinch_sb_propriotarget_s2,2,det,85,54,80,0.675,ok,3682863
pinch,pinch_sweep_size_rand-20260622-195014,TesolloCubePinch,TesolloCubePinch-20260622-210903-cubepinch_sb_propriotarget_s2,proprio.target,cubepinch_sb_propriotarget_s2,2,det,86,51,80,0.6375,ok,3682863
pinch,pinch_sweep_size_rand-20260622-195014,TesolloCubePinch,TesolloCubePinch-20260622-210903-cubepinch_sb_propriotarget_s2,proprio.target,cubepinch_sb_propriotarget_s2,2,det,87,34,80,0.425,ok,3682863
pinch,pinch_sweep_size_rand-20260622-195014,TesolloCubePinch,TesolloCubePinch-20260622-210903-cubepinch_sb_propriotarget_s2,proprio.target,cubepinch_sb_propriotarget_s2,2,det,88,55,80,0.6875,ok,3682863
pinch,pinch_sweep_size_rand-20260622-195014,TesolloCubePinch,TesolloCubePinch-20260622-210903-cubepinch_sb_propriotarget_s2,proprio.target,cubepinch_sb_propriotarget_s2,2,det,89,59,80,0.7375,ok,3682863
pinch,pinch_sweep_size_rand-20260622-195014,TesolloCubePinch,TesolloCubePinch-20260622-210903-cubepinch_sb_propriotarget_s2,proprio.target,cubepinch_sb_propriotarget_s2,2,det,90,58,80,0.725,ok,3682863
pinch,pinch_sweep_size_rand-20260622-195014,TesolloCubePinch,TesolloCubePinch-20260622-210903-cubepinch_sb_propriotarget_s2,proprio.target,cubepinch_sb_propriotarget_s2,2,det,91,45,80,0.5625,ok,3682863
pinch,pinch_sweep_size_rand-20260622-195014,TesolloCubePinch,TesolloCubePinch-20260622-210903-cubepinch_sb_propriotarget_s2,proprio.target,cubepinch_sb_propriotarget_s2,2,det,92,60,80,0.75,ok,3682863
pinch,pinch_sweep_size_rand-20260622-195014,TesolloCubePinch,TesolloCubePinch-20260622-210903-cubepinch_sb_propriotarget_s2,proprio.target,cubepinch_sb_propriotarget_s2,2,det,93,15,80,0.1875,ok,3682863
pinch,pinch_sweep_size_rand-20260622-195014,TesolloCubePinch,TesolloCubePinch-20260622-210903-cubepinch_sb_propriotarget_s2,proprio.target,cubepinch_sb_propriotarget_s2,2,det,94,46,80,0.575,ok,3682863
pinch,pinch_sweep_size_rand-20260622-195014,TesolloCubePinch,TesolloCubePinch-20260622-210903-cubepinch_sb_propriotarget_s2,proprio.target,cubepinch_sb_propriotarget_s2,2,det,95,47,80,0.5875,ok,3682863
pinch,pinch_sweep_size_rand-20260622-195014,TesolloCubePinch,TesolloCubePinch-20260622-210903-cubepinch_sb_propriotarget_s2,proprio.target,cubepinch_sb_propriotarget_s2,2,det,96,60,80,0.75,ok,3682863
pinch,pinch_sweep_size_rand-20260622-195014,TesolloCubePinch,TesolloCubePinch-20260622-210903-cubepinch_sb_propriotarget_s2,proprio.target,cubepinch_sb_propriotarget_s2,2,det,97,48,80,0.6,ok,3682863
pinch,pinch_sweep_size_rand-20260622-195014,TesolloCubePinch,TesolloCubePinch-20260622-210903-cubepinch_sb_propriotarget_s2,proprio.target,cubepinch_sb_propriotarget_s2,2,det,98,16,80,0.2,ok,3682863
pinch,pinch_sweep_size_rand-20260622-195014,TesolloCubePinch,TesolloCubePinch-20260622-210903-cubepinch_sb_propriotarget_s2,proprio.target,cubepinch_sb_propriotarget_s2,2,det,99,39,80,0.4875,ok,3682863
pinch,pinch_sweep_size_rand-20260622-195014,TesolloCubePinch,TesolloCubePinch-20260622-212024-cubepinch_sb_propriotarget_s3,proprio.target,cubepinch_sb_propriotarget_s3,3,det,0,36,80,0.45,ok,3682863
pinch,pinch_sweep_size_rand-20260622-195014,TesolloCubePinch,TesolloCubePinch-20260622-212024-cubepinch_sb_propriotarget_s3,proprio.target,cubepinch_sb_propriotarget_s3,3,det,1,51,80,0.6375,ok,3682863
pinch,pinch_sweep_size_rand-20260622-195014,TesolloCubePinch,TesolloCubePinch-20260622-212024-cubepinch_sb_propriotarget_s3,proprio.target,cubepinch_sb_propriotarget_s3,3,det,2,40,80,0.5,ok,3682863
pinch,pinch_sweep_size_rand-20260622-195014,TesolloCubePinch,TesolloCubePinch-20260622-212024-cubepinch_sb_propriotarget_s3,proprio.target,cubepinch_sb_propriotarget_s3,3,det,3,0,80,0.0,ok,3682863
pinch,pinch_sweep_size_rand-20260622-195014,TesolloCubePinch,TesolloCubePinch-20260622-212024-cubepinch_sb_propriotarget_s3,proprio.target,cubepinch_sb_propriotarget_s3,3,det,4,0,80,0.0,ok,3682863
pinch,pinch_sweep_size_rand-20260622-195014,TesolloCubePinch,TesolloCubePinch-20260622-212024-cubepinch_sb_propriotarget_s3,proprio.target,cubepinch_sb_propriotarget_s3,3,det,5,32,80,0.4,ok,3682863
pinch,pinch_sweep_size_rand-20260622-195014,TesolloCubePinch,TesolloCubePinch-20260622-212024-cubepinch_sb_propriotarget_s3,proprio.target,cubepinch_sb_propriotarget_s3,3,det,6,34,80,0.425,ok,3682863
pinch,pinch_sweep_size_rand-20260622-195014,TesolloCubePinch,TesolloCubePinch-20260622-212024-cubepinch_sb_propriotarget_s3,proprio.target,cubepinch_sb_propriotarget_s3,3,det,7,0,80,0.0,ok,3682863
pinch,pinch_sweep_size_rand-20260622-195014,TesolloCubePinch,TesolloCubePinch-20260622-212024-cubepinch_sb_propriotarget_s3,proprio.target,cubepinch_sb_propriotarget_s3,3,det,8,43,80,0.5375,ok,3682863
pinch,pinch_sweep_size_rand-20260622-195014,TesolloCubePinch,TesolloCubePinch-20260622-212024-cubepinch_sb_propriotarget_s3,proprio.target,cubepinch_sb_propriotarget_s3,3,det,9,0,80,0.0,ok,3682863
pinch,pinch_sweep_size_rand-20260622-195014,TesolloCubePinch,TesolloCubePinch-20260622-212024-cubepinch_sb_propriotarget_s3,proprio.target,cubepinch_sb_propriotarget_s3,3,det,10,6,80,0.075,ok,3682863
pinch,pinch_sweep_size_rand-20260622-195014,TesolloCubePinch,TesolloCubePinch-20260622-212024-cubepinch_sb_propriotarget_s3,proprio.target,cubepinch_sb_propriotarget_s3,3,det,11,43,80,0.5375,ok,3682863
pinch,pinch_sweep_size_rand-20260622-195014,TesolloCubePinch,TesolloCubePinch-20260622-212024-cubepinch_sb_propriotarget_s3,proprio.target,cubepinch_sb_propriotarget_s3,3,det,12,0,80,0.0,ok,3682863
pinch,pinch_sweep_size_rand-20260622-195014,TesolloCubePinch,TesolloCubePinch-20260622-212024-cubepinch_sb_propriotarget_s3,proprio.target,cubepinch_sb_propriotarget_s3,3,det,13,50,80,0.625,ok,3682863
pinch,pinch_sweep_size_rand-20260622-195014,TesolloCubePinch,TesolloCubePinch-20260622-212024-cubepinch_sb_propriotarget_s3,proprio.target,cubepinch_sb_propriotarget_s3,3,det,14,0,80,0.0,ok,3682863
pinch,pinch_sweep_size_rand-20260622-195014,TesolloCubePinch,TesolloCubePinch-20260622-212024-cubepinch_sb_propriotarget_s3,proprio.target,cubepinch_sb_propriotarget_s3,3,det,15,23,80,0.2875,ok,3682863
pinch,pinch_sweep_size_rand-20260622-195014,TesolloCubePinch,TesolloCubePinch-20260622-212024-cubepinch_sb_propriotarget_s3,proprio.target,cubepinch_sb_propriotarget_s3,3,det,16,31,80,0.3875,ok,3682863
pinch,pinch_sweep_size_rand-20260622-195014,TesolloCubePinch,TesolloCubePinch-20260622-212024-cubepinch_sb_propriotarget_s3,proprio.target,cubepinch_sb_propriotarget_s3,3,det,17,0,80,0.0,ok,3682863
pinch,pinch_sweep_size_rand-20260622-195014,TesolloCubePinch,TesolloCubePinch-20260622-212024-cubepinch_sb_propriotarget_s3,proprio.target,cubepinch_sb_propriotarget_s3,3,det,18,0,80,0.0,ok,3682863
pinch,pinch_sweep_size_rand-20260622-195014,TesolloCubePinch,TesolloCubePinch-20260622-212024-cubepinch_sb_propriotarget_s3,proprio.target,cubepinch_sb_propriotarget_s3,3,det,19,0,80,0.0,ok,3682863
pinch,pinch_sweep_size_rand-20260622-195014,TesolloCubePinch,TesolloCubePinch-20260622-212024-cubepinch_sb_propriotarget_s3,proprio.target,cubepinch_sb_propriotarget_s3,3,det,20,39,80,0.4875,ok,3682863
pinch,pinch_sweep_size_rand-20260622-195014,TesolloCubePinch,TesolloCubePinch-20260622-212024-cubepinch_sb_propriotarget_s3,proprio.target,cubepinch_sb_propriotarget_s3,3,det,21,30,80,0.375,ok,3682863
pinch,pinch_sweep_size_rand-20260622-195014,TesolloCubePinch,TesolloCubePinch-20260622-212024-cubepinch_sb_propriotarget_s3,proprio.target,cubepinch_sb_propriotarget_s3,3,det,22,0,80,0.0,ok,3682863
pinch,pinch_sweep_size_rand-20260622-195014,TesolloCubePinch,TesolloCubePinch-20260622-212024-cubepinch_sb_propriotarget_s3,proprio.target,cubepinch_sb_propriotarget_s3,3,det,23,0,80,0.0,ok,3682863
pinch,pinch_sweep_size_rand-20260622-195014,TesolloCubePinch,TesolloCubePinch-20260622-212024-cubepinch_sb_propriotarget_s3,proprio.target,cubepinch_sb_propriotarget_s3,3,det,24,60,80,0.75,ok,3682863
pinch,pinch_sweep_size_rand-20260622-195014,TesolloCubePinch,TesolloCubePinch-20260622-212024-cubepinch_sb_propriotarget_s3,proprio.target,cubepinch_sb_propriotarget_s3,3,det,25,42,80,0.525,ok,3682863
pinch,pinch_sweep_size_rand-20260622-195014,TesolloCubePinch,TesolloCubePinch-20260622-212024-cubepinch_sb_propriotarget_s3,proprio.target,cubepinch_sb_propriotarget_s3,3,det,26,39,80,0.4875,ok,3682863
pinch,pinch_sweep_size_rand-20260622-195014,TesolloCubePinch,TesolloCubePinch-20260622-212024-cubepinch_sb_propriotarget_s3,proprio.target,cubepinch_sb_propriotarget_s3,3,det,27,50,80,0.625,ok,3682863
pinch,pinch_sweep_size_rand-20260622-195014,TesolloCubePinch,TesolloCubePinch-20260622-212024-cubepinch_sb_propriotarget_s3,proprio.target,cubepinch_sb_propriotarget_s3,3,det,28,45,80,0.5625,ok,3682863
pinch,pinch_sweep_size_rand-20260622-195014,TesolloCubePinch,TesolloCubePinch-20260622-212024-cubepinch_sb_propriotarget_s3,proprio.target,cubepinch_sb_propriotarget_s3,3,det,29,67,80,0.8375,ok,3682863
pinch,pinch_sweep_size_rand-20260622-195014,TesolloCubePinch,TesolloCubePinch-20260622-212024-cubepinch_sb_propriotarget_s3,proprio.target,cubepinch_sb_propriotarget_s3,3,det,30,50,80,0.625,ok,3682863
pinch,pinch_sweep_size_rand-20260622-195014,TesolloCubePinch,TesolloCubePinch-20260622-212024-cubepinch_sb_propriotarget_s3,proprio.target,cubepinch_sb_propriotarget_s3,3,det,31,58,80,0.725,ok,3682863
pinch,pinch_sweep_size_rand-20260622-195014,TesolloCubePinch,TesolloCubePinch-20260622-212024-cubepinch_sb_propriotarget_s3,proprio.target,cubepinch_sb_propriotarget_s3,3,det,32,0,80,0.0,ok,3682863
pinch,pinch_sweep_size_rand-20260622-195014,TesolloCubePinch,TesolloCubePinch-20260622-212024-cubepinch_sb_propriotarget_s3,proprio.target,cubepinch_sb_propriotarget_s3,3,det,33,47,80,0.5875,ok,3682863
pinch,pinch_sweep_size_rand-20260622-195014,TesolloCubePinch,TesolloCubePinch-20260622-212024-cubepinch_sb_propriotarget_s3,proprio.target,cubepinch_sb_propriotarget_s3,3,det,34,49,80,0.6125,ok,3682863
pinch,pinch_sweep_size_rand-20260622-195014,TesolloCubePinch,TesolloCubePinch-20260622-212024-cubepinch_sb_propriotarget_s3,proprio.target,cubepinch_sb_propriotarget_s3,3,det,35,13,80,0.1625,ok,3682863
pinch,pinch_sweep_size_rand-20260622-195014,TesolloCubePinch,TesolloCubePinch-20260622-212024-cubepinch_sb_propriotarget_s3,proprio.target,cubepinch_sb_propriotarget_s3,3,det,36,3,80,0.0375,ok,3682863
pinch,pinch_sweep_size_rand-20260622-195014,TesolloCubePinch,TesolloCubePinch-20260622-212024-cubepinch_sb_propriotarget_s3,proprio.target,cubepinch_sb_propriotarget_s3,3,det,37,58,80,0.725,ok,3682863
pinch,pinch_sweep_size_rand-20260622-195014,TesolloCubePinch,TesolloCubePinch-20260622-212024-cubepinch_sb_propriotarget_s3,proprio.target,cubepinch_sb_propriotarget_s3,3,det,38,2,80,0.025,ok,3682863
pinch,pinch_sweep_size_rand-20260622-195014,TesolloCubePinch,TesolloCubePinch-20260622-212024-cubepinch_sb_propriotarget_s3,proprio.target,cubepinch_sb_propriotarget_s3,3,det,39,0,80,0.0,ok,3682863
pinch,pinch_sweep_size_rand-20260622-195014,TesolloCubePinch,TesolloCubePinch-20260622-212024-cubepinch_sb_propriotarget_s3,proprio.target,cubepinch_sb_propriotarget_s3,3,det,40,29,80,0.3625,ok,3682863
pinch,pinch_sweep_size_rand-20260622-195014,TesolloCubePinch,TesolloCubePinch-20260622-212024-cubepinch_sb_propriotarget_s3,proprio.target,cubepinch_sb_propriotarget_s3,3,det,41,52,80,0.65,ok,3682863
pinch,pinch_sweep_size_rand-20260622-195014,TesolloCubePinch,TesolloCubePinch-20260622-212024-cubepinch_sb_propriotarget_s3,proprio.target,cubepinch_sb_propriotarget_s3,3,det,42,17,80,0.2125,ok,3682863
pinch,pinch_sweep_size_rand-20260622-195014,TesolloCubePinch,TesolloCubePinch-20260622-212024-cubepinch_sb_propriotarget_s3,proprio.target,cubepinch_sb_propriotarget_s3,3,det,43,0,80,0.0,ok,3682863
pinch,pinch_sweep_size_rand-20260622-195014,TesolloCubePinch,TesolloCubePinch-20260622-212024-cubepinch_sb_propriotarget_s3,proprio.target,cubepinch_sb_propriotarget_s3,3,det,44,0,80,0.0,ok,3682863
pinch,pinch_sweep_size_rand-20260622-195014,TesolloCubePinch,TesolloCubePinch-20260622-212024-cubepinch_sb_propriotarget_s3,proprio.target,cubepinch_sb_propriotarget_s3,3,det,45,2,80,0.025,ok,3682863
pinch,pinch_sweep_size_rand-20260622-195014,TesolloCubePinch,TesolloCubePinch-20260622-212024-cubepinch_sb_propriotarget_s3,proprio.target,cubepinch_sb_propriotarget_s3,3,det,46,31,80,0.3875,ok,3682863
pinch,pinch_sweep_size_rand-20260622-195014,TesolloCubePinch,TesolloCubePinch-20260622-212024-cubepinch_sb_propriotarget_s3,proprio.target,cubepinch_sb_propriotarget_s3,3,det,47,0,80,0.0,ok,3682863
pinch,pinch_sweep_size_rand-20260622-195014,TesolloCubePinch,TesolloCubePinch-20260622-212024-cubepinch_sb_propriotarget_s3,proprio.target,cubepinch_sb_propriotarget_s3,3,det,48,9,80,0.1125,ok,3682863
pinch,pinch_sweep_size_rand-20260622-195014,TesolloCubePinch,TesolloCubePinch-20260622-212024-cubepinch_sb_propriotarget_s3,proprio.target,cubepinch_sb_propriotarget_s3,3,det,49,6,80,0.075,ok,3682863
pinch,pinch_sweep_size_rand-20260622-195014,TesolloCubePinch,TesolloCubePinch-20260622-212024-cubepinch_sb_propriotarget_s3,proprio.target,cubepinch_sb_propriotarget_s3,3,det,50,49,80,0.6125,ok,3682863
pinch,pinch_sweep_size_rand-20260622-195014,TesolloCubePinch,TesolloCubePinch-20260622-212024-cubepinch_sb_propriotarget_s3,proprio.target,cubepinch_sb_propriotarget_s3,3,det,51,0,80,0.0,ok,3682863
pinch,pinch_sweep_size_rand-20260622-195014,TesolloCubePinch,TesolloCubePinch-20260622-212024-cubepinch_sb_propriotarget_s3,proprio.target,cubepinch_sb_propriotarget_s3,3,det,52,58,80,0.725,ok,3682863
pinch,pinch_sweep_size_rand-20260622-195014,TesolloCubePinch,TesolloCubePinch-20260622-212024-cubepinch_sb_propriotarget_s3,proprio.target,cubepinch_sb_propriotarget_s3,3,det,53,24,80,0.3,ok,3682863
pinch,pinch_sweep_size_rand-20260622-195014,TesolloCubePinch,TesolloCubePinch-20260622-212024-cubepinch_sb_propriotarget_s3,proprio.target,cubepinch_sb_propriotarget_s3,3,det,54,0,80,0.0,ok,3682863
pinch,pinch_sweep_size_rand-20260622-195014,TesolloCubePinch,TesolloCubePinch-20260622-212024-cubepinch_sb_propriotarget_s3,proprio.target,cubepinch_sb_propriotarget_s3,3,det,55,2,80,0.025,ok,3682863
pinch,pinch_sweep_size_rand-20260622-195014,TesolloCubePinch,TesolloCubePinch-20260622-212024-cubepinch_sb_propriotarget_s3,proprio.target,cubepinch_sb_propriotarget_s3,3,det,56,37,80,0.4625,ok,3682863
pinch,pinch_sweep_size_rand-20260622-195014,TesolloCubePinch,TesolloCubePinch-20260622-212024-cubepinch_sb_propriotarget_s3,proprio.target,cubepinch_sb_propriotarget_s3,3,det,57,59,80,0.7375,ok,3682863
pinch,pinch_sweep_size_rand-20260622-195014,TesolloCubePinch,TesolloCubePinch-20260622-212024-cubepinch_sb_propriotarget_s3,proprio.target,cubepinch_sb_propriotarget_s3,3,det,58,14,80,0.175,ok,3682863
pinch,pinch_sweep_size_rand-20260622-195014,TesolloCubePinch,TesolloCubePinch-20260622-212024-cubepinch_sb_propriotarget_s3,proprio.target,cubepinch_sb_propriotarget_s3,3,det,59,60,80,0.75,ok,3682863
pinch,pinch_sweep_size_rand-20260622-195014,TesolloCubePinch,TesolloCubePinch-20260622-212024-cubepinch_sb_propriotarget_s3,proprio.target,cubepinch_sb_propriotarget_s3,3,det,60,0,80,0.0,ok,3682863
pinch,pinch_sweep_size_rand-20260622-195014,TesolloCubePinch,TesolloCubePinch-20260622-212024-cubepinch_sb_propriotarget_s3,proprio.target,cubepinch_sb_propriotarget_s3,3,det,61,38,80,0.475,ok,3682863
pinch,pinch_sweep_size_rand-20260622-195014,TesolloCubePinch,TesolloCubePinch-20260622-212024-cubepinch_sb_propriotarget_s3,proprio.target,cubepinch_sb_propriotarget_s3,3,det,62,50,80,0.625,ok,3682863
pinch,pinch_sweep_size_rand-20260622-195014,TesolloCubePinch,TesolloCubePinch-20260622-212024-cubepinch_sb_propriotarget_s3,proprio.target,cubepinch_sb_propriotarget_s3,3,det,63,58,80,0.725,ok,3682863
pinch,pinch_sweep_size_rand-20260622-195014,TesolloCubePinch,TesolloCubePinch-20260622-212024-cubepinch_sb_propriotarget_s3,proprio.target,cubepinch_sb_propriotarget_s3,3,det,64,30,80,0.375,ok,3682863
pinch,pinch_sweep_size_rand-20260622-195014,TesolloCubePinch,TesolloCubePinch-20260622-212024-cubepinch_sb_propriotarget_s3,proprio.target,cubepinch_sb_propriotarget_s3,3,det,65,0,80,0.0,ok,3682863
pinch,pinch_sweep_size_rand-20260622-195014,TesolloCubePinch,TesolloCubePinch-20260622-212024-cubepinch_sb_propriotarget_s3,proprio.target,cubepinch_sb_propriotarget_s3,3,det,66,42,80,0.525,ok,3682863
pinch,pinch_sweep_size_rand-20260622-195014,TesolloCubePinch,TesolloCubePinch-20260622-212024-cubepinch_sb_propriotarget_s3,proprio.target,cubepinch_sb_propriotarget_s3,3,det,67,37,80,0.4625,ok,3682863
pinch,pinch_sweep_size_rand-20260622-195014,TesolloCubePinch,TesolloCubePinch-20260622-212024-cubepinch_sb_propriotarget_s3,proprio.target,cubepinch_sb_propriotarget_s3,3,det,68,5,80,0.0625,ok,3682863
pinch,pinch_sweep_size_rand-20260622-195014,TesolloCubePinch,TesolloCubePinch-20260622-212024-cubepinch_sb_propriotarget_s3,proprio.target,cubepinch_sb_propriotarget_s3,3,det,69,40,80,0.5,ok,3682863
pinch,pinch_sweep_size_rand-20260622-195014,TesolloCubePinch,TesolloCubePinch-20260622-212024-cubepinch_sb_propriotarget_s3,proprio.target,cubepinch_sb_propriotarget_s3,3,det,70,0,80,0.0,ok,3682863
pinch,pinch_sweep_size_rand-20260622-195014,TesolloCubePinch,TesolloCubePinch-20260622-212024-cubepinch_sb_propriotarget_s3,proprio.target,cubepinch_sb_propriotarget_s3,3,det,71,0,80,0.0,ok,3682863
pinch,pinch_sweep_size_rand-20260622-195014,TesolloCubePinch,TesolloCubePinch-20260622-212024-cubepinch_sb_propriotarget_s3,proprio.target,cubepinch_sb_propriotarget_s3,3,det,72,9,80,0.1125,ok,3682863
pinch,pinch_sweep_size_rand-20260622-195014,TesolloCubePinch,TesolloCubePinch-20260622-212024-cubepinch_sb_propriotarget_s3,proprio.target,cubepinch_sb_propriotarget_s3,3,det,73,54,80,0.675,ok,3682863
pinch,pinch_sweep_size_rand-20260622-195014,TesolloCubePinch,TesolloCubePinch-20260622-212024-cubepinch_sb_propriotarget_s3,proprio.target,cubepinch_sb_propriotarget_s3,3,det,74,0,80,0.0,ok,3682863
pinch,pinch_sweep_size_rand-20260622-195014,TesolloCubePinch,TesolloCubePinch-20260622-212024-cubepinch_sb_propriotarget_s3,proprio.target,cubepinch_sb_propriotarget_s3,3,det,75,37,80,0.4625,ok,3682863
pinch,pinch_sweep_size_rand-20260622-195014,TesolloCubePinch,TesolloCubePinch-20260622-212024-cubepinch_sb_propriotarget_s3,proprio.target,cubepinch_sb_propriotarget_s3,3,det,76,50,80,0.625,ok,3682863
pinch,pinch_sweep_size_rand-20260622-195014,TesolloCubePinch,TesolloCubePinch-20260622-212024-cubepinch_sb_propriotarget_s3,proprio.target,cubepinch_sb_propriotarget_s3,3,det,77,39,80,0.4875,ok,3682863
pinch,pinch_sweep_size_rand-20260622-195014,TesolloCubePinch,TesolloCubePinch-20260622-212024-cubepinch_sb_propriotarget_s3,proprio.target,cubepinch_sb_propriotarget_s3,3,det,78,0,80,0.0,ok,3682863
pinch,pinch_sweep_size_rand-20260622-195014,TesolloCubePinch,TesolloCubePinch-20260622-212024-cubepinch_sb_propriotarget_s3,proprio.target,cubepinch_sb_propriotarget_s3,3,det,79,49,80,0.6125,ok,3682863
pinch,pinch_sweep_size_rand-20260622-195014,TesolloCubePinch,TesolloCubePinch-20260622-212024-cubepinch_sb_propriotarget_s3,proprio.target,cubepinch_sb_propriotarget_s3,3,det,80,51,80,0.6375,ok,3682863
pinch,pinch_sweep_size_rand-20260622-195014,TesolloCubePinch,TesolloCubePinch-20260622-212024-cubepinch_sb_propriotarget_s3,proprio.target,cubepinch_sb_propriotarget_s3,3,det,81,58,80,0.725,ok,3682863
pinch,pinch_sweep_size_rand-20260622-195014,TesolloCubePinch,TesolloCubePinch-20260622-212024-cubepinch_sb_propriotarget_s3,proprio.target,cubepinch_sb_propriotarget_s3,3,det,82,34,80,0.425,ok,3682863
pinch,pinch_sweep_size_rand-20260622-195014,TesolloCubePinch,TesolloCubePinch-20260622-212024-cubepinch_sb_propriotarget_s3,proprio.target,cubepinch_sb_propriotarget_s3,3,det,83,46,80,0.575,ok,3682863
pinch,pinch_sweep_size_rand-20260622-195014,TesolloCubePinch,TesolloCubePinch-20260622-212024-cubepinch_sb_propriotarget_s3,proprio.target,cubepinch_sb_propriotarget_s3,3,det,84,59,80,0.7375,ok,3682863
pinch,pinch_sweep_size_rand-20260622-195014,TesolloCubePinch,TesolloCubePinch-20260622-212024-cubepinch_sb_propriotarget_s3,proprio.target,cubepinch_sb_propriotarget_s3,3,det,85,35,80,0.4375,ok,3682863
pinch,pinch_sweep_size_rand-20260622-195014,TesolloCubePinch,TesolloCubePinch-20260622-212024-cubepinch_sb_propriotarget_s3,proprio.target,cubepinch_sb_propriotarget_s3,3,det,86,0,80,0.0,ok,3682863
pinch,pinch_sweep_size_rand-20260622-195014,TesolloCubePinch,TesolloCubePinch-20260622-212024-cubepinch_sb_propriotarget_s3,proprio.target,cubepinch_sb_propriotarget_s3,3,det,87,42,80,0.525,ok,3682863
pinch,pinch_sweep_size_rand-20260622-195014,TesolloCubePinch,TesolloCubePinch-20260622-212024-cubepinch_sb_propriotarget_s3,proprio.target,cubepinch_sb_propriotarget_s3,3,det,88,23,80,0.2875,ok,3682863
pinch,pinch_sweep_size_rand-20260622-195014,TesolloCubePinch,TesolloCubePinch-20260622-212024-cubepinch_sb_propriotarget_s3,proprio.target,cubepinch_sb_propriotarget_s3,3,det,89,43,80,0.5375,ok,3682863
pinch,pinch_sweep_size_rand-20260622-195014,TesolloCubePinch,TesolloCubePinch-20260622-212024-cubepinch_sb_propriotarget_s3,proprio.target,cubepinch_sb_propriotarget_s3,3,det,90,8,80,0.1,ok,3682863
pinch,pinch_sweep_size_rand-20260622-195014,TesolloCubePinch,TesolloCubePinch-20260622-212024-cubepinch_sb_propriotarget_s3,proprio.target,cubepinch_sb_propriotarget_s3,3,det,91,57,80,0.7125,ok,3682863
pinch,pinch_sweep_size_rand-20260622-195014,TesolloCubePinch,TesolloCubePinch-20260622-212024-cubepinch_sb_propriotarget_s3,proprio.target,cubepinch_sb_propriotarget_s3,3,det,92,56,80,0.7,ok,3682863
pinch,pinch_sweep_size_rand-20260622-195014,TesolloCubePinch,TesolloCubePinch-20260622-212024-cubepinch_sb_propriotarget_s3,proprio.target,cubepinch_sb_propriotarget_s3,3,det,93,0,80,0.0,ok,3682863
pinch,pinch_sweep_size_rand-20260622-195014,TesolloCubePinch,TesolloCubePinch-20260622-212024-cubepinch_sb_propriotarget_s3,proprio.target,cubepinch_sb_propriotarget_s3,3,det,94,0,80,0.0,ok,3682863
pinch,pinch_sweep_size_rand-20260622-195014,TesolloCubePinch,TesolloCubePinch-20260622-212024-cubepinch_sb_propriotarget_s3,proprio.target,cubepinch_sb_propriotarget_s3,3,det,95,0,80,0.0,ok,3682863
pinch,pinch_sweep_size_rand-20260622-195014,TesolloCubePinch,TesolloCubePinch-20260622-212024-cubepinch_sb_propriotarget_s3,proprio.target,cubepinch_sb_propriotarget_s3,3,det,96,28,80,0.35,ok,3682863
pinch,pinch_sweep_size_rand-20260622-195014,TesolloCubePinch,TesolloCubePinch-20260622-212024-cubepinch_sb_propriotarget_s3,proprio.target,cubepinch_sb_propriotarget_s3,3,det,97,1,80,0.0125,ok,3682863
pinch,pinch_sweep_size_rand-20260622-195014,TesolloCubePinch,TesolloCubePinch-20260622-212024-cubepinch_sb_propriotarget_s3,proprio.target,cubepinch_sb_propriotarget_s3,3,det,98,0,80,0.0,ok,3682863
pinch,pinch_sweep_size_rand-20260622-195014,TesolloCubePinch,TesolloCubePinch-20260622-212024-cubepinch_sb_propriotarget_s3,proprio.target,cubepinch_sb_propriotarget_s3,3,det,99,37,80,0.4625,ok,3682863
pinch,pinch_sweep_size_rand-20260622-222627,TesolloCubePinch,TesolloCubePinch-20260622-222636-cubepinch_sb_propriodelta_s1,proprio.delta,cubepinch_sb_propriodelta_s1,1,det,0,44,80,0.55,ok,3682863
pinch,pinch_sweep_size_rand-20260622-222627,TesolloCubePinch,TesolloCubePinch-20260622-222636-cubepinch_sb_propriodelta_s1,proprio.delta,cubepinch_sb_propriodelta_s1,1,det,1,52,80,0.65,ok,3682863
pinch,pinch_sweep_size_rand-20260622-222627,TesolloCubePinch,TesolloCubePinch-20260622-222636-cubepinch_sb_propriodelta_s1,proprio.delta,cubepinch_sb_propriodelta_s1,1,det,2,52,80,0.65,ok,3682863
pinch,pinch_sweep_size_rand-20260622-222627,TesolloCubePinch,TesolloCubePinch-20260622-222636-cubepinch_sb_propriodelta_s1,proprio.delta,cubepinch_sb_propriodelta_s1,1,det,3,0,80,0.0,ok,3682863
pinch,pinch_sweep_size_rand-20260622-222627,TesolloCubePinch,TesolloCubePinch-20260622-222636-cubepinch_sb_propriodelta_s1,proprio.delta,cubepinch_sb_propriodelta_s1,1,det,4,0,80,0.0,ok,3682863
pinch,pinch_sweep_size_rand-20260622-222627,TesolloCubePinch,TesolloCubePinch-20260622-222636-cubepinch_sb_propriodelta_s1,proprio.delta,cubepinch_sb_propriodelta_s1,1,det,5,53,80,0.6625,ok,3682863
pinch,pinch_sweep_size_rand-20260622-222627,TesolloCubePinch,TesolloCubePinch-20260622-222636-cubepinch_sb_propriodelta_s1,proprio.delta,cubepinch_sb_propriodelta_s1,1,det,6,43,80,0.5375,ok,3682863
pinch,pinch_sweep_size_rand-20260622-222627,TesolloCubePinch,TesolloCubePinch-20260622-222636-cubepinch_sb_propriodelta_s1,proprio.delta,cubepinch_sb_propriodelta_s1,1,det,7,0,80,0.0,ok,3682863
pinch,pinch_sweep_size_rand-20260622-222627,TesolloCubePinch,TesolloCubePinch-20260622-222636-cubepinch_sb_propriodelta_s1,proprio.delta,cubepinch_sb_propriodelta_s1,1,det,8,40,80,0.5,ok,3682863
pinch,pinch_sweep_size_rand-20260622-222627,TesolloCubePinch,TesolloCubePinch-20260622-222636-cubepinch_sb_propriodelta_s1,proprio.delta,cubepinch_sb_propriodelta_s1,1,det,9,0,80,0.0,ok,3682863
pinch,pinch_sweep_size_rand-20260622-222627,TesolloCubePinch,TesolloCubePinch-20260622-222636-cubepinch_sb_propriodelta_s1,proprio.delta,cubepinch_sb_propriodelta_s1,1,det,10,30,80,0.375,ok,3682863
pinch,pinch_sweep_size_rand-20260622-222627,TesolloCubePinch,TesolloCubePinch-20260622-222636-cubepinch_sb_propriodelta_s1,proprio.delta,cubepinch_sb_propriodelta_s1,1,det,11,35,80,0.4375,ok,3682863
pinch,pinch_sweep_size_rand-20260622-222627,TesolloCubePinch,TesolloCubePinch-20260622-222636-cubepinch_sb_propriodelta_s1,proprio.delta,cubepinch_sb_propriodelta_s1,1,det,12,0,80,0.0,ok,3682863
pinch,pinch_sweep_size_rand-20260622-222627,TesolloCubePinch,TesolloCubePinch-20260622-222636-cubepinch_sb_propriodelta_s1,proprio.delta,cubepinch_sb_propriodelta_s1,1,det,13,56,80,0.7,ok,3682863
pinch,pinch_sweep_size_rand-20260622-222627,TesolloCubePinch,TesolloCubePinch-20260622-222636-cubepinch_sb_propriodelta_s1,proprio.delta,cubepinch_sb_propriodelta_s1,1,det,14,0,80,0.0,ok,3682863
pinch,pinch_sweep_size_rand-20260622-222627,TesolloCubePinch,TesolloCubePinch-20260622-222636-cubepinch_sb_propriodelta_s1,proprio.delta,cubepinch_sb_propriodelta_s1,1,det,15,22,80,0.275,ok,3682863
pinch,pinch_sweep_size_rand-20260622-222627,TesolloCubePinch,TesolloCubePinch-20260622-222636-cubepinch_sb_propriodelta_s1,proprio.delta,cubepinch_sb_propriodelta_s1,1,det,16,28,80,0.35,ok,3682863
pinch,pinch_sweep_size_rand-20260622-222627,TesolloCubePinch,TesolloCubePinch-20260622-222636-cubepinch_sb_propriodelta_s1,proprio.delta,cubepinch_sb_propriodelta_s1,1,det,17,0,80,0.0,ok,3682863
pinch,pinch_sweep_size_rand-20260622-222627,TesolloCubePinch,TesolloCubePinch-20260622-222636-cubepinch_sb_propriodelta_s1,proprio.delta,cubepinch_sb_propriodelta_s1,1,det,18,0,80,0.0,ok,3682863
pinch,pinch_sweep_size_rand-20260622-222627,TesolloCubePinch,TesolloCubePinch-20260622-222636-cubepinch_sb_propriodelta_s1,proprio.delta,cubepinch_sb_propriodelta_s1,1,det,19,0,80,0.0,ok,3682863
pinch,pinch_sweep_size_rand-20260622-222627,TesolloCubePinch,TesolloCubePinch-20260622-222636-cubepinch_sb_propriodelta_s1,proprio.delta,cubepinch_sb_propriodelta_s1,1,det,20,28,80,0.35,ok,3682863
pinch,pinch_sweep_size_rand-20260622-222627,TesolloCubePinch,TesolloCubePinch-20260622-222636-cubepinch_sb_propriodelta_s1,proprio.delta,cubepinch_sb_propriodelta_s1,1,det,21,48,80,0.6,ok,3682863
pinch,pinch_sweep_size_rand-20260622-222627,TesolloCubePinch,TesolloCubePinch-20260622-222636-cubepinch_sb_propriodelta_s1,proprio.delta,cubepinch_sb_propriodelta_s1,1,det,22,0,80,0.0,ok,3682863
pinch,pinch_sweep_size_rand-20260622-222627,TesolloCubePinch,TesolloCubePinch-20260622-222636-cubepinch_sb_propriodelta_s1,proprio.delta,cubepinch_sb_propriodelta_s1,1,det,23,6,80,0.075,ok,3682863
pinch,pinch_sweep_size_rand-20260622-222627,TesolloCubePinch,TesolloCubePinch-20260622-222636-cubepinch_sb_propriodelta_s1,proprio.delta,cubepinch_sb_propriodelta_s1,1,det,24,36,80,0.45,ok,3682863
pinch,pinch_sweep_size_rand-20260622-222627,TesolloCubePinch,TesolloCubePinch-20260622-222636-cubepinch_sb_propriodelta_s1,proprio.delta,cubepinch_sb_propriodelta_s1,1,det,25,37,80,0.4625,ok,3682863
pinch,pinch_sweep_size_rand-20260622-222627,TesolloCubePinch,TesolloCubePinch-20260622-222636-cubepinch_sb_propriodelta_s1,proprio.delta,cubepinch_sb_propriodelta_s1,1,det,26,57,80,0.7125,ok,3682863
pinch,pinch_sweep_size_rand-20260622-222627,TesolloCubePinch,TesolloCubePinch-20260622-222636-cubepinch_sb_propriodelta_s1,proprio.delta,cubepinch_sb_propriodelta_s1,1,det,27,35,80,0.4375,ok,3682863
pinch,pinch_sweep_size_rand-20260622-222627,TesolloCubePinch,TesolloCubePinch-20260622-222636-cubepinch_sb_propriodelta_s1,proprio.delta,cubepinch_sb_propriodelta_s1,1,det,28,43,80,0.5375,ok,3682863
pinch,pinch_sweep_size_rand-20260622-222627,TesolloCubePinch,TesolloCubePinch-20260622-222636-cubepinch_sb_propriodelta_s1,proprio.delta,cubepinch_sb_propriodelta_s1,1,det,29,51,80,0.6375,ok,3682863
pinch,pinch_sweep_size_rand-20260622-222627,TesolloCubePinch,TesolloCubePinch-20260622-222636-cubepinch_sb_propriodelta_s1,proprio.delta,cubepinch_sb_propriodelta_s1,1,det,30,54,80,0.675,ok,3682863
pinch,pinch_sweep_size_rand-20260622-222627,TesolloCubePinch,TesolloCubePinch-20260622-222636-cubepinch_sb_propriodelta_s1,proprio.delta,cubepinch_sb_propriodelta_s1,1,det,31,55,80,0.6875,ok,3682863
pinch,pinch_sweep_size_rand-20260622-222627,TesolloCubePinch,TesolloCubePinch-20260622-222636-cubepinch_sb_propriodelta_s1,proprio.delta,cubepinch_sb_propriodelta_s1,1,det,32,0,80,0.0,ok,3682863
pinch,pinch_sweep_size_rand-20260622-222627,TesolloCubePinch,TesolloCubePinch-20260622-222636-cubepinch_sb_propriodelta_s1,proprio.delta,cubepinch_sb_propriodelta_s1,1,det,33,51,80,0.6375,ok,3682863
pinch,pinch_sweep_size_rand-20260622-222627,TesolloCubePinch,TesolloCubePinch-20260622-222636-cubepinch_sb_propriodelta_s1,proprio.delta,cubepinch_sb_propriodelta_s1,1,det,34,51,80,0.6375,ok,3682863
pinch,pinch_sweep_size_rand-20260622-222627,TesolloCubePinch,TesolloCubePinch-20260622-222636-cubepinch_sb_propriodelta_s1,proprio.delta,cubepinch_sb_propriodelta_s1,1,det,35,23,80,0.2875,ok,3682863
pinch,pinch_sweep_size_rand-20260622-222627,TesolloCubePinch,TesolloCubePinch-20260622-222636-cubepinch_sb_propriodelta_s1,proprio.delta,cubepinch_sb_propriodelta_s1,1,det,36,3,80,0.0375,ok,3682863
pinch,pinch_sweep_size_rand-20260622-222627,TesolloCubePinch,TesolloCubePinch-20260622-222636-cubepinch_sb_propriodelta_s1,proprio.delta,cubepinch_sb_propriodelta_s1,1,det,37,52,80,0.65,ok,3682863
pinch,pinch_sweep_size_rand-20260622-222627,TesolloCubePinch,TesolloCubePinch-20260622-222636-cubepinch_sb_propriodelta_s1,proprio.delta,cubepinch_sb_propriodelta_s1,1,det,38,14,80,0.175,ok,3682863
pinch,pinch_sweep_size_rand-20260622-222627,TesolloCubePinch,TesolloCubePinch-20260622-222636-cubepinch_sb_propriodelta_s1,proprio.delta,cubepinch_sb_propriodelta_s1,1,det,39,0,80,0.0,ok,3682863
pinch,pinch_sweep_size_rand-20260622-222627,TesolloCubePinch,TesolloCubePinch-20260622-222636-cubepinch_sb_propriodelta_s1,proprio.delta,cubepinch_sb_propriodelta_s1,1,det,40,61,80,0.7625,ok,3682863
pinch,pinch_sweep_size_rand-20260622-222627,TesolloCubePinch,TesolloCubePinch-20260622-222636-cubepinch_sb_propriodelta_s1,proprio.delta,cubepinch_sb_propriodelta_s1,1,det,41,62,80,0.775,ok,3682863
pinch,pinch_sweep_size_rand-20260622-222627,TesolloCubePinch,TesolloCubePinch-20260622-222636-cubepinch_sb_propriodelta_s1,proprio.delta,cubepinch_sb_propriodelta_s1,1,det,42,26,80,0.325,ok,3682863
pinch,pinch_sweep_size_rand-20260622-222627,TesolloCubePinch,TesolloCubePinch-20260622-222636-cubepinch_sb_propriodelta_s1,proprio.delta,cubepinch_sb_propriodelta_s1,1,det,43,0,80,0.0,ok,3682863
pinch,pinch_sweep_size_rand-20260622-222627,TesolloCubePinch,TesolloCubePinch-20260622-222636-cubepinch_sb_propriodelta_s1,proprio.delta,cubepinch_sb_propriodelta_s1,1,det,44,0,80,0.0,ok,3682863
pinch,pinch_sweep_size_rand-20260622-222627,TesolloCubePinch,TesolloCubePinch-20260622-222636-cubepinch_sb_propriodelta_s1,proprio.delta,cubepinch_sb_propriodelta_s1,1,det,45,16,80,0.2,ok,3682863
pinch,pinch_sweep_size_rand-20260622-222627,TesolloCubePinch,TesolloCubePinch-20260622-222636-cubepinch_sb_propriodelta_s1,proprio.delta,cubepinch_sb_propriodelta_s1,1,det,46,47,80,0.5875,ok,3682863
pinch,pinch_sweep_size_rand-20260622-222627,TesolloCubePinch,TesolloCubePinch-20260622-222636-cubepinch_sb_propriodelta_s1,proprio.delta,cubepinch_sb_propriodelta_s1,1,det,47,4,80,0.05,ok,3682863
pinch,pinch_sweep_size_rand-20260622-222627,TesolloCubePinch,TesolloCubePinch-20260622-222636-cubepinch_sb_propriodelta_s1,proprio.delta,cubepinch_sb_propriodelta_s1,1,det,48,25,80,0.3125,ok,3682863
pinch,pinch_sweep_size_rand-20260622-222627,TesolloCubePinch,TesolloCubePinch-20260622-222636-cubepinch_sb_propriodelta_s1,proprio.delta,cubepinch_sb_propriodelta_s1,1,det,49,31,80,0.3875,ok,3682863
pinch,pinch_sweep_size_rand-20260622-222627,TesolloCubePinch,TesolloCubePinch-20260622-222636-cubepinch_sb_propriodelta_s1,proprio.delta,cubepinch_sb_propriodelta_s1,1,det,50,57,80,0.7125,ok,3682863
pinch,pinch_sweep_size_rand-20260622-222627,TesolloCubePinch,TesolloCubePinch-20260622-222636-cubepinch_sb_propriodelta_s1,proprio.delta,cubepinch_sb_propriodelta_s1,1,det,51,0,80,0.0,ok,3682863
pinch,pinch_sweep_size_rand-20260622-222627,TesolloCubePinch,TesolloCubePinch-20260622-222636-cubepinch_sb_propriodelta_s1,proprio.delta,cubepinch_sb_propriodelta_s1,1,det,52,56,80,0.7,ok,3682863
pinch,pinch_sweep_size_rand-20260622-222627,TesolloCubePinch,TesolloCubePinch-20260622-222636-cubepinch_sb_propriodelta_s1,proprio.delta,cubepinch_sb_propriodelta_s1,1,det,53,35,80,0.4375,ok,3682863
pinch,pinch_sweep_size_rand-20260622-222627,TesolloCubePinch,TesolloCubePinch-20260622-222636-cubepinch_sb_propriodelta_s1,proprio.delta,cubepinch_sb_propriodelta_s1,1,det,54,0,80,0.0,ok,3682863
pinch,pinch_sweep_size_rand-20260622-222627,TesolloCubePinch,TesolloCubePinch-20260622-222636-cubepinch_sb_propriodelta_s1,proprio.delta,cubepinch_sb_propriodelta_s1,1,det,55,19,80,0.2375,ok,3682863
pinch,pinch_sweep_size_rand-20260622-222627,TesolloCubePinch,TesolloCubePinch-20260622-222636-cubepinch_sb_propriodelta_s1,proprio.delta,cubepinch_sb_propriodelta_s1,1,det,56,59,80,0.7375,ok,3682863
pinch,pinch_sweep_size_rand-20260622-222627,TesolloCubePinch,TesolloCubePinch-20260622-222636-cubepinch_sb_propriodelta_s1,proprio.delta,cubepinch_sb_propriodelta_s1,1,det,57,51,80,0.6375,ok,3682863
pinch,pinch_sweep_size_rand-20260622-222627,TesolloCubePinch,TesolloCubePinch-20260622-222636-cubepinch_sb_propriodelta_s1,proprio.delta,cubepinch_sb_propriodelta_s1,1,det,58,35,80,0.4375,ok,3682863
pinch,pinch_sweep_size_rand-20260622-222627,TesolloCubePinch,TesolloCubePinch-20260622-222636-cubepinch_sb_propriodelta_s1,proprio.delta,cubepinch_sb_propriodelta_s1,1,det,59,48,80,0.6,ok,3682863
pinch,pinch_sweep_size_rand-20260622-222627,TesolloCubePinch,TesolloCubePinch-20260622-222636-cubepinch_sb_propriodelta_s1,proprio.delta,cubepinch_sb_propriodelta_s1,1,det,60,0,80,0.0,ok,3682863
pinch,pinch_sweep_size_rand-20260622-222627,TesolloCubePinch,TesolloCubePinch-20260622-222636-cubepinch_sb_propriodelta_s1,proprio.delta,cubepinch_sb_propriodelta_s1,1,det,61,35,80,0.4375,ok,3682863
pinch,pinch_sweep_size_rand-20260622-222627,TesolloCubePinch,TesolloCubePinch-20260622-222636-cubepinch_sb_propriodelta_s1,proprio.delta,cubepinch_sb_propriodelta_s1,1,det,62,52,80,0.65,ok,3682863
pinch,pinch_sweep_size_rand-20260622-222627,TesolloCubePinch,TesolloCubePinch-20260622-222636-cubepinch_sb_propriodelta_s1,proprio.delta,cubepinch_sb_propriodelta_s1,1,det,63,64,80,0.8,ok,3682863
pinch,pinch_sweep_size_rand-20260622-222627,TesolloCubePinch,TesolloCubePinch-20260622-222636-cubepinch_sb_propriodelta_s1,proprio.delta,cubepinch_sb_propriodelta_s1,1,det,64,44,80,0.55,ok,3682863
pinch,pinch_sweep_size_rand-20260622-222627,TesolloCubePinch,TesolloCubePinch-20260622-222636-cubepinch_sb_propriodelta_s1,proprio.delta,cubepinch_sb_propriodelta_s1,1,det,65,0,80,0.0,ok,3682863
pinch,pinch_sweep_size_rand-20260622-222627,TesolloCubePinch,TesolloCubePinch-20260622-222636-cubepinch_sb_propriodelta_s1,proprio.delta,cubepinch_sb_propriodelta_s1,1,det,66,46,80,0.575,ok,3682863
pinch,pinch_sweep_size_rand-20260622-222627,TesolloCubePinch,TesolloCubePinch-20260622-222636-cubepinch_sb_propriodelta_s1,proprio.delta,cubepinch_sb_propriodelta_s1,1,det,67,58,80,0.725,ok,3682863
pinch,pinch_sweep_size_rand-20260622-222627,TesolloCubePinch,TesolloCubePinch-20260622-222636-cubepinch_sb_propriodelta_s1,proprio.delta,cubepinch_sb_propriodelta_s1,1,det,68,26,80,0.325,ok,3682863
pinch,pinch_sweep_size_rand-20260622-222627,TesolloCubePinch,TesolloCubePinch-20260622-222636-cubepinch_sb_propriodelta_s1,proprio.delta,cubepinch_sb_propriodelta_s1,1,det,69,49,80,0.6125,ok,3682863
pinch,pinch_sweep_size_rand-20260622-222627,TesolloCubePinch,TesolloCubePinch-20260622-222636-cubepinch_sb_propriodelta_s1,proprio.delta,cubepinch_sb_propriodelta_s1,1,det,70,0,80,0.0,ok,3682863
pinch,pinch_sweep_size_rand-20260622-222627,TesolloCubePinch,TesolloCubePinch-20260622-222636-cubepinch_sb_propriodelta_s1,proprio.delta,cubepinch_sb_propriodelta_s1,1,det,71,0,80,0.0,ok,3682863
pinch,pinch_sweep_size_rand-20260622-222627,TesolloCubePinch,TesolloCubePinch-20260622-222636-cubepinch_sb_propriodelta_s1,proprio.delta,cubepinch_sb_propriodelta_s1,1,det,72,17,80,0.2125,ok,3682863
pinch,pinch_sweep_size_rand-20260622-222627,TesolloCubePinch,TesolloCubePinch-20260622-222636-cubepinch_sb_propriodelta_s1,proprio.delta,cubepinch_sb_propriodelta_s1,1,det,73,62,80,0.775,ok,3682863
pinch,pinch_sweep_size_rand-20260622-222627,TesolloCubePinch,TesolloCubePinch-20260622-222636-cubepinch_sb_propriodelta_s1,proprio.delta,cubepinch_sb_propriodelta_s1,1,det,74,0,80,0.0,ok,3682863
pinch,pinch_sweep_size_rand-20260622-222627,TesolloCubePinch,TesolloCubePinch-20260622-222636-cubepinch_sb_propriodelta_s1,proprio.delta,cubepinch_sb_propriodelta_s1,1,det,75,61,80,0.7625,ok,3682863
pinch,pinch_sweep_size_rand-20260622-222627,TesolloCubePinch,TesolloCubePinch-20260622-222636-cubepinch_sb_propriodelta_s1,proprio.delta,cubepinch_sb_propriodelta_s1,1,det,76,64,80,0.8,ok,3682863
pinch,pinch_sweep_size_rand-20260622-222627,TesolloCubePinch,TesolloCubePinch-20260622-222636-cubepinch_sb_propriodelta_s1,proprio.delta,cubepinch_sb_propriodelta_s1,1,det,77,38,80,0.475,ok,3682863
pinch,pinch_sweep_size_rand-20260622-222627,TesolloCubePinch,TesolloCubePinch-20260622-222636-cubepinch_sb_propriodelta_s1,proprio.delta,cubepinch_sb_propriodelta_s1,1,det,78,0,80,0.0,ok,3682863
pinch,pinch_sweep_size_rand-20260622-222627,TesolloCubePinch,TesolloCubePinch-20260622-222636-cubepinch_sb_propriodelta_s1,proprio.delta,cubepinch_sb_propriodelta_s1,1,det,79,50,80,0.625,ok,3682863
pinch,pinch_sweep_size_rand-20260622-222627,TesolloCubePinch,TesolloCubePinch-20260622-222636-cubepinch_sb_propriodelta_s1,proprio.delta,cubepinch_sb_propriodelta_s1,1,det,80,52,80,0.65,ok,3682863
pinch,pinch_sweep_size_rand-20260622-222627,TesolloCubePinch,TesolloCubePinch-20260622-222636-cubepinch_sb_propriodelta_s1,proprio.delta,cubepinch_sb_propriodelta_s1,1,det,81,52,80,0.65,ok,3682863
pinch,pinch_sweep_size_rand-20260622-222627,TesolloCubePinch,TesolloCubePinch-20260622-222636-cubepinch_sb_propriodelta_s1,proprio.delta,cubepinch_sb_propriodelta_s1,1,det,82,51,80,0.6375,ok,3682863
pinch,pinch_sweep_size_rand-20260622-222627,TesolloCubePinch,TesolloCubePinch-20260622-222636-cubepinch_sb_propriodelta_s1,proprio.delta,cubepinch_sb_propriodelta_s1,1,det,83,55,80,0.6875,ok,3682863
pinch,pinch_sweep_size_rand-20260622-222627,TesolloCubePinch,TesolloCubePinch-20260622-222636-cubepinch_sb_propriodelta_s1,proprio.delta,cubepinch_sb_propriodelta_s1,1,det,84,68,80,0.85,ok,3682863
pinch,pinch_sweep_size_rand-20260622-222627,TesolloCubePinch,TesolloCubePinch-20260622-222636-cubepinch_sb_propriodelta_s1,proprio.delta,cubepinch_sb_propriodelta_s1,1,det,85,44,80,0.55,ok,3682863
pinch,pinch_sweep_size_rand-20260622-222627,TesolloCubePinch,TesolloCubePinch-20260622-222636-cubepinch_sb_propriodelta_s1,proprio.delta,cubepinch_sb_propriodelta_s1,1,det,86,0,80,0.0,ok,3682863
pinch,pinch_sweep_size_rand-20260622-222627,TesolloCubePinch,TesolloCubePinch-20260622-222636-cubepinch_sb_propriodelta_s1,proprio.delta,cubepinch_sb_propriodelta_s1,1,det,87,42,80,0.525,ok,3682863
pinch,pinch_sweep_size_rand-20260622-222627,TesolloCubePinch,TesolloCubePinch-20260622-222636-cubepinch_sb_propriodelta_s1,proprio.delta,cubepinch_sb_propriodelta_s1,1,det,88,37,80,0.4625,ok,3682863
pinch,pinch_sweep_size_rand-20260622-222627,TesolloCubePinch,TesolloCubePinch-20260622-222636-cubepinch_sb_propriodelta_s1,proprio.delta,cubepinch_sb_propriodelta_s1,1,det,89,58,80,0.725,ok,3682863
pinch,pinch_sweep_size_rand-20260622-222627,TesolloCubePinch,TesolloCubePinch-20260622-222636-cubepinch_sb_propriodelta_s1,proprio.delta,cubepinch_sb_propriodelta_s1,1,det,90,7,80,0.0875,ok,3682863
pinch,pinch_sweep_size_rand-20260622-222627,TesolloCubePinch,TesolloCubePinch-20260622-222636-cubepinch_sb_propriodelta_s1,proprio.delta,cubepinch_sb_propriodelta_s1,1,det,91,64,80,0.8,ok,3682863
pinch,pinch_sweep_size_rand-20260622-222627,TesolloCubePinch,TesolloCubePinch-20260622-222636-cubepinch_sb_propriodelta_s1,proprio.delta,cubepinch_sb_propriodelta_s1,1,det,92,57,80,0.7125,ok,3682863
pinch,pinch_sweep_size_rand-20260622-222627,TesolloCubePinch,TesolloCubePinch-20260622-222636-cubepinch_sb_propriodelta_s1,proprio.delta,cubepinch_sb_propriodelta_s1,1,det,93,0,80,0.0,ok,3682863
pinch,pinch_sweep_size_rand-20260622-222627,TesolloCubePinch,TesolloCubePinch-20260622-222636-cubepinch_sb_propriodelta_s1,proprio.delta,cubepinch_sb_propriodelta_s1,1,det,94,0,80,0.0,ok,3682863
pinch,pinch_sweep_size_rand-20260622-222627,TesolloCubePinch,TesolloCubePinch-20260622-222636-cubepinch_sb_propriodelta_s1,proprio.delta,cubepinch_sb_propriodelta_s1,1,det,95,0,80,0.0,ok,3682863
pinch,pinch_sweep_size_rand-20260622-222627,TesolloCubePinch,TesolloCubePinch-20260622-222636-cubepinch_sb_propriodelta_s1,proprio.delta,cubepinch_sb_propriodelta_s1,1,det,96,40,80,0.5,ok,3682863
pinch,pinch_sweep_size_rand-20260622-222627,TesolloCubePinch,TesolloCubePinch-20260622-222636-cubepinch_sb_propriodelta_s1,proprio.delta,cubepinch_sb_propriodelta_s1,1,det,97,29,80,0.3625,ok,3682863
pinch,pinch_sweep_size_rand-20260622-222627,TesolloCubePinch,TesolloCubePinch-20260622-222636-cubepinch_sb_propriodelta_s1,proprio.delta,cubepinch_sb_propriodelta_s1,1,det,98,0,80,0.0,ok,3682863
pinch,pinch_sweep_size_rand-20260622-222627,TesolloCubePinch,TesolloCubePinch-20260622-222636-cubepinch_sb_propriodelta_s1,proprio.delta,cubepinch_sb_propriodelta_s1,1,det,99,31,80,0.3875,ok,3682863
pinch,pinch_sweep_size_rand-20260622-222627,TesolloCubePinch,TesolloCubePinch-20260622-223757-cubepinch_sb_propriodelta_s2,proprio.delta,cubepinch_sb_propriodelta_s2,2,det,0,31,80,0.3875,ok,3682863
pinch,pinch_sweep_size_rand-20260622-222627,TesolloCubePinch,TesolloCubePinch-20260622-223757-cubepinch_sb_propriodelta_s2,proprio.delta,cubepinch_sb_propriodelta_s2,2,det,1,44,80,0.55,ok,3682863
pinch,pinch_sweep_size_rand-20260622-222627,TesolloCubePinch,TesolloCubePinch-20260622-223757-cubepinch_sb_propriodelta_s2,proprio.delta,cubepinch_sb_propriodelta_s2,2,det,2,42,80,0.525,ok,3682863
pinch,pinch_sweep_size_rand-20260622-222627,TesolloCubePinch,TesolloCubePinch-20260622-223757-cubepinch_sb_propriodelta_s2,proprio.delta,cubepinch_sb_propriodelta_s2,2,det,3,2,80,0.025,ok,3682863
pinch,pinch_sweep_size_rand-20260622-222627,TesolloCubePinch,TesolloCubePinch-20260622-223757-cubepinch_sb_propriodelta_s2,proprio.delta,cubepinch_sb_propriodelta_s2,2,det,4,0,80,0.0,ok,3682863
pinch,pinch_sweep_size_rand-20260622-222627,TesolloCubePinch,TesolloCubePinch-20260622-223757-cubepinch_sb_propriodelta_s2,proprio.delta,cubepinch_sb_propriodelta_s2,2,det,5,43,80,0.5375,ok,3682863
pinch,pinch_sweep_size_rand-20260622-222627,TesolloCubePinch,TesolloCubePinch-20260622-223757-cubepinch_sb_propriodelta_s2,proprio.delta,cubepinch_sb_propriodelta_s2,2,det,6,41,80,0.5125,ok,3682863
pinch,pinch_sweep_size_rand-20260622-222627,TesolloCubePinch,TesolloCubePinch-20260622-223757-cubepinch_sb_propriodelta_s2,proprio.delta,cubepinch_sb_propriodelta_s2,2,det,7,27,80,0.3375,ok,3682863
pinch,pinch_sweep_size_rand-20260622-222627,TesolloCubePinch,TesolloCubePinch-20260622-223757-cubepinch_sb_propriodelta_s2,proprio.delta,cubepinch_sb_propriodelta_s2,2,det,8,45,80,0.5625,ok,3682863
pinch,pinch_sweep_size_rand-20260622-222627,TesolloCubePinch,TesolloCubePinch-20260622-223757-cubepinch_sb_propriodelta_s2,proprio.delta,cubepinch_sb_propriodelta_s2,2,det,9,8,80,0.1,ok,3682863
pinch,pinch_sweep_size_rand-20260622-222627,TesolloCubePinch,TesolloCubePinch-20260622-223757-cubepinch_sb_propriodelta_s2,proprio.delta,cubepinch_sb_propriodelta_s2,2,det,10,34,80,0.425,ok,3682863
pinch,pinch_sweep_size_rand-20260622-222627,TesolloCubePinch,TesolloCubePinch-20260622-223757-cubepinch_sb_propriodelta_s2,proprio.delta,cubepinch_sb_propriodelta_s2,2,det,11,42,80,0.525,ok,3682863
pinch,pinch_sweep_size_rand-20260622-222627,TesolloCubePinch,TesolloCubePinch-20260622-223757-cubepinch_sb_propriodelta_s2,proprio.delta,cubepinch_sb_propriodelta_s2,2,det,12,20,80,0.25,ok,3682863
pinch,pinch_sweep_size_rand-20260622-222627,TesolloCubePinch,TesolloCubePinch-20260622-223757-cubepinch_sb_propriodelta_s2,proprio.delta,cubepinch_sb_propriodelta_s2,2,det,13,58,80,0.725,ok,3682863
pinch,pinch_sweep_size_rand-20260622-222627,TesolloCubePinch,TesolloCubePinch-20260622-223757-cubepinch_sb_propriodelta_s2,proprio.delta,cubepinch_sb_propriodelta_s2,2,det,14,13,80,0.1625,ok,3682863
pinch,pinch_sweep_size_rand-20260622-222627,TesolloCubePinch,TesolloCubePinch-20260622-223757-cubepinch_sb_propriodelta_s2,proprio.delta,cubepinch_sb_propriodelta_s2,2,det,15,36,80,0.45,ok,3682863
pinch,pinch_sweep_size_rand-20260622-222627,TesolloCubePinch,TesolloCubePinch-20260622-223757-cubepinch_sb_propriodelta_s2,proprio.delta,cubepinch_sb_propriodelta_s2,2,det,16,10,80,0.125,ok,3682863
pinch,pinch_sweep_size_rand-20260622-222627,TesolloCubePinch,TesolloCubePinch-20260622-223757-cubepinch_sb_propriodelta_s2,proprio.delta,cubepinch_sb_propriodelta_s2,2,det,17,1,80,0.0125,ok,3682863
pinch,pinch_sweep_size_rand-20260622-222627,TesolloCubePinch,TesolloCubePinch-20260622-223757-cubepinch_sb_propriodelta_s2,proprio.delta,cubepinch_sb_propriodelta_s2,2,det,18,3,80,0.0375,ok,3682863
pinch,pinch_sweep_size_rand-20260622-222627,TesolloCubePinch,TesolloCubePinch-20260622-223757-cubepinch_sb_propriodelta_s2,proprio.delta,cubepinch_sb_propriodelta_s2,2,det,19,25,80,0.3125,ok,3682863
pinch,pinch_sweep_size_rand-20260622-222627,TesolloCubePinch,TesolloCubePinch-20260622-223757-cubepinch_sb_propriodelta_s2,proprio.delta,cubepinch_sb_propriodelta_s2,2,det,20,47,80,0.5875,ok,3682863
pinch,pinch_sweep_size_rand-20260622-222627,TesolloCubePinch,TesolloCubePinch-20260622-223757-cubepinch_sb_propriodelta_s2,proprio.delta,cubepinch_sb_propriodelta_s2,2,det,21,41,80,0.5125,ok,3682863
pinch,pinch_sweep_size_rand-20260622-222627,TesolloCubePinch,TesolloCubePinch-20260622-223757-cubepinch_sb_propriodelta_s2,proprio.delta,cubepinch_sb_propriodelta_s2,2,det,22,0,80,0.0,ok,3682863
pinch,pinch_sweep_size_rand-20260622-222627,TesolloCubePinch,TesolloCubePinch-20260622-223757-cubepinch_sb_propriodelta_s2,proprio.delta,cubepinch_sb_propriodelta_s2,2,det,23,25,80,0.3125,ok,3682863
pinch,pinch_sweep_size_rand-20260622-222627,TesolloCubePinch,TesolloCubePinch-20260622-223757-cubepinch_sb_propriodelta_s2,proprio.delta,cubepinch_sb_propriodelta_s2,2,det,24,57,80,0.7125,ok,3682863
pinch,pinch_sweep_size_rand-20260622-222627,TesolloCubePinch,TesolloCubePinch-20260622-223757-cubepinch_sb_propriodelta_s2,proprio.delta,cubepinch_sb_propriodelta_s2,2,det,25,63,80,0.7875,ok,3682863
pinch,pinch_sweep_size_rand-20260622-222627,TesolloCubePinch,TesolloCubePinch-20260622-223757-cubepinch_sb_propriodelta_s2,proprio.delta,cubepinch_sb_propriodelta_s2,2,det,26,49,80,0.6125,ok,3682863
pinch,pinch_sweep_size_rand-20260622-222627,TesolloCubePinch,TesolloCubePinch-20260622-223757-cubepinch_sb_propriodelta_s2,proprio.delta,cubepinch_sb_propriodelta_s2,2,det,27,58,80,0.725,ok,3682863
pinch,pinch_sweep_size_rand-20260622-222627,TesolloCubePinch,TesolloCubePinch-20260622-223757-cubepinch_sb_propriodelta_s2,proprio.delta,cubepinch_sb_propriodelta_s2,2,det,28,46,80,0.575,ok,3682863
pinch,pinch_sweep_size_rand-20260622-222627,TesolloCubePinch,TesolloCubePinch-20260622-223757-cubepinch_sb_propriodelta_s2,proprio.delta,cubepinch_sb_propriodelta_s2,2,det,29,58,80,0.725,ok,3682863
pinch,pinch_sweep_size_rand-20260622-222627,TesolloCubePinch,TesolloCubePinch-20260622-223757-cubepinch_sb_propriodelta_s2,proprio.delta,cubepinch_sb_propriodelta_s2,2,det,30,40,80,0.5,ok,3682863
pinch,pinch_sweep_size_rand-20260622-222627,TesolloCubePinch,TesolloCubePinch-20260622-223757-cubepinch_sb_propriodelta_s2,proprio.delta,cubepinch_sb_propriodelta_s2,2,det,31,58,80,0.725,ok,3682863
pinch,pinch_sweep_size_rand-20260622-222627,TesolloCubePinch,TesolloCubePinch-20260622-223757-cubepinch_sb_propriodelta_s2,proprio.delta,cubepinch_sb_propriodelta_s2,2,det,32,31,80,0.3875,ok,3682863
pinch,pinch_sweep_size_rand-20260622-222627,TesolloCubePinch,TesolloCubePinch-20260622-223757-cubepinch_sb_propriodelta_s2,proprio.delta,cubepinch_sb_propriodelta_s2,2,det,33,58,80,0.725,ok,3682863
pinch,pinch_sweep_size_rand-20260622-222627,TesolloCubePinch,TesolloCubePinch-20260622-223757-cubepinch_sb_propriodelta_s2,proprio.delta,cubepinch_sb_propriodelta_s2,2,det,34,52,80,0.65,ok,3682863
pinch,pinch_sweep_size_rand-20260622-222627,TesolloCubePinch,TesolloCubePinch-20260622-223757-cubepinch_sb_propriodelta_s2,proprio.delta,cubepinch_sb_propriodelta_s2,2,det,35,37,80,0.4625,ok,3682863
pinch,pinch_sweep_size_rand-20260622-222627,TesolloCubePinch,TesolloCubePinch-20260622-223757-cubepinch_sb_propriodelta_s2,proprio.delta,cubepinch_sb_propriodelta_s2,2,det,36,31,80,0.3875,ok,3682863
pinch,pinch_sweep_size_rand-20260622-222627,TesolloCubePinch,TesolloCubePinch-20260622-223757-cubepinch_sb_propriodelta_s2,proprio.delta,cubepinch_sb_propriodelta_s2,2,det,37,57,80,0.7125,ok,3682863
pinch,pinch_sweep_size_rand-20260622-222627,TesolloCubePinch,TesolloCubePinch-20260622-223757-cubepinch_sb_propriodelta_s2,proprio.delta,cubepinch_sb_propriodelta_s2,2,det,38,32,80,0.4,ok,3682863
pinch,pinch_sweep_size_rand-20260622-222627,TesolloCubePinch,TesolloCubePinch-20260622-223757-cubepinch_sb_propriodelta_s2,proprio.delta,cubepinch_sb_propriodelta_s2,2,det,39,4,80,0.05,ok,3682863
pinch,pinch_sweep_size_rand-20260622-222627,TesolloCubePinch,TesolloCubePinch-20260622-223757-cubepinch_sb_propriodelta_s2,proprio.delta,cubepinch_sb_propriodelta_s2,2,det,40,43,80,0.5375,ok,3682863
pinch,pinch_sweep_size_rand-20260622-222627,TesolloCubePinch,TesolloCubePinch-20260622-223757-cubepinch_sb_propriodelta_s2,proprio.delta,cubepinch_sb_propriodelta_s2,2,det,41,57,80,0.7125,ok,3682863
pinch,pinch_sweep_size_rand-20260622-222627,TesolloCubePinch,TesolloCubePinch-20260622-223757-cubepinch_sb_propriodelta_s2,proprio.delta,cubepinch_sb_propriodelta_s2,2,det,42,38,80,0.475,ok,3682863
pinch,pinch_sweep_size_rand-20260622-222627,TesolloCubePinch,TesolloCubePinch-20260622-223757-cubepinch_sb_propriodelta_s2,proprio.delta,cubepinch_sb_propriodelta_s2,2,det,43,14,80,0.175,ok,3682863
pinch,pinch_sweep_size_rand-20260622-222627,TesolloCubePinch,TesolloCubePinch-20260622-223757-cubepinch_sb_propriodelta_s2,proprio.delta,cubepinch_sb_propriodelta_s2,2,det,44,9,80,0.1125,ok,3682863
pinch,pinch_sweep_size_rand-20260622-222627,TesolloCubePinch,TesolloCubePinch-20260622-223757-cubepinch_sb_propriodelta_s2,proprio.delta,cubepinch_sb_propriodelta_s2,2,det,45,37,80,0.4625,ok,3682863
pinch,pinch_sweep_size_rand-20260622-222627,TesolloCubePinch,TesolloCubePinch-20260622-223757-cubepinch_sb_propriodelta_s2,proprio.delta,cubepinch_sb_propriodelta_s2,2,det,46,39,80,0.4875,ok,3682863
pinch,pinch_sweep_size_rand-20260622-222627,TesolloCubePinch,TesolloCubePinch-20260622-223757-cubepinch_sb_propriodelta_s2,proprio.delta,cubepinch_sb_propriodelta_s2,2,det,47,34,80,0.425,ok,3682863
pinch,pinch_sweep_size_rand-20260622-222627,TesolloCubePinch,TesolloCubePinch-20260622-223757-cubepinch_sb_propriodelta_s2,proprio.delta,cubepinch_sb_propriodelta_s2,2,det,48,37,80,0.4625,ok,3682863
pinch,pinch_sweep_size_rand-20260622-222627,TesolloCubePinch,TesolloCubePinch-20260622-223757-cubepinch_sb_propriodelta_s2,proprio.delta,cubepinch_sb_propriodelta_s2,2,det,49,37,80,0.4625,ok,3682863
pinch,pinch_sweep_size_rand-20260622-222627,TesolloCubePinch,TesolloCubePinch-20260622-223757-cubepinch_sb_propriodelta_s2,proprio.delta,cubepinch_sb_propriodelta_s2,2,det,50,31,80,0.3875,ok,3682863
pinch,pinch_sweep_size_rand-20260622-222627,TesolloCubePinch,TesolloCubePinch-20260622-223757-cubepinch_sb_propriodelta_s2,proprio.delta,cubepinch_sb_propriodelta_s2,2,det,51,0,80,0.0,ok,3682863
pinch,pinch_sweep_size_rand-20260622-222627,TesolloCubePinch,TesolloCubePinch-20260622-223757-cubepinch_sb_propriodelta_s2,proprio.delta,cubepinch_sb_propriodelta_s2,2,det,52,38,80,0.475,ok,3682863
pinch,pinch_sweep_size_rand-20260622-222627,TesolloCubePinch,TesolloCubePinch-20260622-223757-cubepinch_sb_propriodelta_s2,proprio.delta,cubepinch_sb_propriodelta_s2,2,det,53,38,80,0.475,ok,3682863
pinch,pinch_sweep_size_rand-20260622-222627,TesolloCubePinch,TesolloCubePinch-20260622-223757-cubepinch_sb_propriodelta_s2,proprio.delta,cubepinch_sb_propriodelta_s2,2,det,54,1,80,0.0125,ok,3682863
pinch,pinch_sweep_size_rand-20260622-222627,TesolloCubePinch,TesolloCubePinch-20260622-223757-cubepinch_sb_propriodelta_s2,proprio.delta,cubepinch_sb_propriodelta_s2,2,det,55,37,80,0.4625,ok,3682863
pinch,pinch_sweep_size_rand-20260622-222627,TesolloCubePinch,TesolloCubePinch-20260622-223757-cubepinch_sb_propriodelta_s2,proprio.delta,cubepinch_sb_propriodelta_s2,2,det,56,57,80,0.7125,ok,3682863
pinch,pinch_sweep_size_rand-20260622-222627,TesolloCubePinch,TesolloCubePinch-20260622-223757-cubepinch_sb_propriodelta_s2,proprio.delta,cubepinch_sb_propriodelta_s2,2,det,57,29,80,0.3625,ok,3682863
pinch,pinch_sweep_size_rand-20260622-222627,TesolloCubePinch,TesolloCubePinch-20260622-223757-cubepinch_sb_propriodelta_s2,proprio.delta,cubepinch_sb_propriodelta_s2,2,det,58,38,80,0.475,ok,3682863
pinch,pinch_sweep_size_rand-20260622-222627,TesolloCubePinch,TesolloCubePinch-20260622-223757-cubepinch_sb_propriodelta_s2,proprio.delta,cubepinch_sb_propriodelta_s2,2,det,59,51,80,0.6375,ok,3682863
pinch,pinch_sweep_size_rand-20260622-222627,TesolloCubePinch,TesolloCubePinch-20260622-223757-cubepinch_sb_propriodelta_s2,proprio.delta,cubepinch_sb_propriodelta_s2,2,det,60,15,80,0.1875,ok,3682863
pinch,pinch_sweep_size_rand-20260622-222627,TesolloCubePinch,TesolloCubePinch-20260622-223757-cubepinch_sb_propriodelta_s2,proprio.delta,cubepinch_sb_propriodelta_s2,2,det,61,49,80,0.6125,ok,3682863
pinch,pinch_sweep_size_rand-20260622-222627,TesolloCubePinch,TesolloCubePinch-20260622-223757-cubepinch_sb_propriodelta_s2,proprio.delta,cubepinch_sb_propriodelta_s2,2,det,62,51,80,0.6375,ok,3682863
pinch,pinch_sweep_size_rand-20260622-222627,TesolloCubePinch,TesolloCubePinch-20260622-223757-cubepinch_sb_propriodelta_s2,proprio.delta,cubepinch_sb_propriodelta_s2,2,det,63,58,80,0.725,ok,3682863
pinch,pinch_sweep_size_rand-20260622-222627,TesolloCubePinch,TesolloCubePinch-20260622-223757-cubepinch_sb_propriodelta_s2,proprio.delta,cubepinch_sb_propriodelta_s2,2,det,64,45,80,0.5625,ok,3682863
pinch,pinch_sweep_size_rand-20260622-222627,TesolloCubePinch,TesolloCubePinch-20260622-223757-cubepinch_sb_propriodelta_s2,proprio.delta,cubepinch_sb_propriodelta_s2,2,det,65,17,80,0.2125,ok,3682863
pinch,pinch_sweep_size_rand-20260622-222627,TesolloCubePinch,TesolloCubePinch-20260622-223757-cubepinch_sb_propriodelta_s2,proprio.delta,cubepinch_sb_propriodelta_s2,2,det,66,47,80,0.5875,ok,3682863
pinch,pinch_sweep_size_rand-20260622-222627,TesolloCubePinch,TesolloCubePinch-20260622-223757-cubepinch_sb_propriodelta_s2,proprio.delta,cubepinch_sb_propriodelta_s2,2,det,67,55,80,0.6875,ok,3682863
pinch,pinch_sweep_size_rand-20260622-222627,TesolloCubePinch,TesolloCubePinch-20260622-223757-cubepinch_sb_propriodelta_s2,proprio.delta,cubepinch_sb_propriodelta_s2,2,det,68,26,80,0.325,ok,3682863
pinch,pinch_sweep_size_rand-20260622-222627,TesolloCubePinch,TesolloCubePinch-20260622-223757-cubepinch_sb_propriodelta_s2,proprio.delta,cubepinch_sb_propriodelta_s2,2,det,69,58,80,0.725,ok,3682863
pinch,pinch_sweep_size_rand-20260622-222627,TesolloCubePinch,TesolloCubePinch-20260622-223757-cubepinch_sb_propriodelta_s2,proprio.delta,cubepinch_sb_propriodelta_s2,2,det,70,0,80,0.0,ok,3682863
pinch,pinch_sweep_size_rand-20260622-222627,TesolloCubePinch,TesolloCubePinch-20260622-223757-cubepinch_sb_propriodelta_s2,proprio.delta,cubepinch_sb_propriodelta_s2,2,det,71,9,80,0.1125,ok,3682863
pinch,pinch_sweep_size_rand-20260622-222627,TesolloCubePinch,TesolloCubePinch-20260622-223757-cubepinch_sb_propriodelta_s2,proprio.delta,cubepinch_sb_propriodelta_s2,2,det,72,37,80,0.4625,ok,3682863
pinch,pinch_sweep_size_rand-20260622-222627,TesolloCubePinch,TesolloCubePinch-20260622-223757-cubepinch_sb_propriodelta_s2,proprio.delta,cubepinch_sb_propriodelta_s2,2,det,73,58,80,0.725,ok,3682863
pinch,pinch_sweep_size_rand-20260622-222627,TesolloCubePinch,TesolloCubePinch-20260622-223757-cubepinch_sb_propriodelta_s2,proprio.delta,cubepinch_sb_propriodelta_s2,2,det,74,0,80,0.0,ok,3682863
pinch,pinch_sweep_size_rand-20260622-222627,TesolloCubePinch,TesolloCubePinch-20260622-223757-cubepinch_sb_propriodelta_s2,proprio.delta,cubepinch_sb_propriodelta_s2,2,det,75,48,80,0.6,ok,3682863
pinch,pinch_sweep_size_rand-20260622-222627,TesolloCubePinch,TesolloCubePinch-20260622-223757-cubepinch_sb_propriodelta_s2,proprio.delta,cubepinch_sb_propriodelta_s2,2,det,76,48,80,0.6,ok,3682863
pinch,pinch_sweep_size_rand-20260622-222627,TesolloCubePinch,TesolloCubePinch-20260622-223757-cubepinch_sb_propriodelta_s2,proprio.delta,cubepinch_sb_propriodelta_s2,2,det,77,47,80,0.5875,ok,3682863
pinch,pinch_sweep_size_rand-20260622-222627,TesolloCubePinch,TesolloCubePinch-20260622-223757-cubepinch_sb_propriodelta_s2,proprio.delta,cubepinch_sb_propriodelta_s2,2,det,78,22,80,0.275,ok,3682863
pinch,pinch_sweep_size_rand-20260622-222627,TesolloCubePinch,TesolloCubePinch-20260622-223757-cubepinch_sb_propriodelta_s2,proprio.delta,cubepinch_sb_propriodelta_s2,2,det,79,39,80,0.4875,ok,3682863
pinch,pinch_sweep_size_rand-20260622-222627,TesolloCubePinch,TesolloCubePinch-20260622-223757-cubepinch_sb_propriodelta_s2,proprio.delta,cubepinch_sb_propriodelta_s2,2,det,80,60,80,0.75,ok,3682863
pinch,pinch_sweep_size_rand-20260622-222627,TesolloCubePinch,TesolloCubePinch-20260622-223757-cubepinch_sb_propriodelta_s2,proprio.delta,cubepinch_sb_propriodelta_s2,2,det,81,57,80,0.7125,ok,3682863
pinch,pinch_sweep_size_rand-20260622-222627,TesolloCubePinch,TesolloCubePinch-20260622-223757-cubepinch_sb_propriodelta_s2,proprio.delta,cubepinch_sb_propriodelta_s2,2,det,82,52,80,0.65,ok,3682863
pinch,pinch_sweep_size_rand-20260622-222627,TesolloCubePinch,TesolloCubePinch-20260622-223757-cubepinch_sb_propriodelta_s2,proprio.delta,cubepinch_sb_propriodelta_s2,2,det,83,57,80,0.7125,ok,3682863
pinch,pinch_sweep_size_rand-20260622-222627,TesolloCubePinch,TesolloCubePinch-20260622-223757-cubepinch_sb_propriodelta_s2,proprio.delta,cubepinch_sb_propriodelta_s2,2,det,84,38,80,0.475,ok,3682863
pinch,pinch_sweep_size_rand-20260622-222627,TesolloCubePinch,TesolloCubePinch-20260622-223757-cubepinch_sb_propriodelta_s2,proprio.delta,cubepinch_sb_propriodelta_s2,2,det,85,39,80,0.4875,ok,3682863
pinch,pinch_sweep_size_rand-20260622-222627,TesolloCubePinch,TesolloCubePinch-20260622-223757-cubepinch_sb_propriodelta_s2,proprio.delta,cubepinch_sb_propriodelta_s2,2,det,86,9,80,0.1125,ok,3682863
pinch,pinch_sweep_size_rand-20260622-222627,TesolloCubePinch,TesolloCubePinch-20260622-223757-cubepinch_sb_propriodelta_s2,proprio.delta,cubepinch_sb_propriodelta_s2,2,det,87,41,80,0.5125,ok,3682863
pinch,pinch_sweep_size_rand-20260622-222627,TesolloCubePinch,TesolloCubePinch-20260622-223757-cubepinch_sb_propriodelta_s2,proprio.delta,cubepinch_sb_propriodelta_s2,2,det,88,26,80,0.325,ok,3682863
pinch,pinch_sweep_size_rand-20260622-222627,TesolloCubePinch,TesolloCubePinch-20260622-223757-cubepinch_sb_propriodelta_s2,proprio.delta,cubepinch_sb_propriodelta_s2,2,det,89,58,80,0.725,ok,3682863
pinch,pinch_sweep_size_rand-20260622-222627,TesolloCubePinch,TesolloCubePinch-20260622-223757-cubepinch_sb_propriodelta_s2,proprio.delta,cubepinch_sb_propriodelta_s2,2,det,90,34,80,0.425,ok,3682863
pinch,pinch_sweep_size_rand-20260622-222627,TesolloCubePinch,TesolloCubePinch-20260622-223757-cubepinch_sb_propriodelta_s2,proprio.delta,cubepinch_sb_propriodelta_s2,2,det,91,57,80,0.7125,ok,3682863
pinch,pinch_sweep_size_rand-20260622-222627,TesolloCubePinch,TesolloCubePinch-20260622-223757-cubepinch_sb_propriodelta_s2,proprio.delta,cubepinch_sb_propriodelta_s2,2,det,92,28,80,0.35,ok,3682863
pinch,pinch_sweep_size_rand-20260622-222627,TesolloCubePinch,TesolloCubePinch-20260622-223757-cubepinch_sb_propriodelta_s2,proprio.delta,cubepinch_sb_propriodelta_s2,2,det,93,0,80,0.0,ok,3682863
pinch,pinch_sweep_size_rand-20260622-222627,TesolloCubePinch,TesolloCubePinch-20260622-223757-cubepinch_sb_propriodelta_s2,proprio.delta,cubepinch_sb_propriodelta_s2,2,det,94,21,80,0.2625,ok,3682863
pinch,pinch_sweep_size_rand-20260622-222627,TesolloCubePinch,TesolloCubePinch-20260622-223757-cubepinch_sb_propriodelta_s2,proprio.delta,cubepinch_sb_propriodelta_s2,2,det,95,2,80,0.025,ok,3682863
pinch,pinch_sweep_size_rand-20260622-222627,TesolloCubePinch,TesolloCubePinch-20260622-223757-cubepinch_sb_propriodelta_s2,proprio.delta,cubepinch_sb_propriodelta_s2,2,det,96,40,80,0.5,ok,3682863
pinch,pinch_sweep_size_rand-20260622-222627,TesolloCubePinch,TesolloCubePinch-20260622-223757-cubepinch_sb_propriodelta_s2,proprio.delta,cubepinch_sb_propriodelta_s2,2,det,97,37,80,0.4625,ok,3682863
pinch,pinch_sweep_size_rand-20260622-222627,TesolloCubePinch,TesolloCubePinch-20260622-223757-cubepinch_sb_propriodelta_s2,proprio.delta,cubepinch_sb_propriodelta_s2,2,det,98,0,80,0.0,ok,3682863
pinch,pinch_sweep_size_rand-20260622-222627,TesolloCubePinch,TesolloCubePinch-20260622-223757-cubepinch_sb_propriodelta_s2,proprio.delta,cubepinch_sb_propriodelta_s2,2,det,99,21,80,0.2625,ok,3682863
pinch,pinch_sweep_size_rand-20260622-222627,TesolloCubePinch,TesolloCubePinch-20260622-224916-cubepinch_sb_propriodelta_s3,proprio.delta,cubepinch_sb_propriodelta_s3,3,det,0,50,80,0.625,ok,3682863
pinch,pinch_sweep_size_rand-20260622-222627,TesolloCubePinch,TesolloCubePinch-20260622-224916-cubepinch_sb_propriodelta_s3,proprio.delta,cubepinch_sb_propriodelta_s3,3,det,1,63,80,0.7875,ok,3682863
pinch,pinch_sweep_size_rand-20260622-222627,TesolloCubePinch,TesolloCubePinch-20260622-224916-cubepinch_sb_propriodelta_s3,proprio.delta,cubepinch_sb_propriodelta_s3,3,det,2,53,80,0.6625,ok,3682863
pinch,pinch_sweep_size_rand-20260622-222627,TesolloCubePinch,TesolloCubePinch-20260622-224916-cubepinch_sb_propriodelta_s3,proprio.delta,cubepinch_sb_propriodelta_s3,3,det,3,0,80,0.0,ok,3682863
pinch,pinch_sweep_size_rand-20260622-222627,TesolloCubePinch,TesolloCubePinch-20260622-224916-cubepinch_sb_propriodelta_s3,proprio.delta,cubepinch_sb_propriodelta_s3,3,det,4,0,80,0.0,ok,3682863
pinch,pinch_sweep_size_rand-20260622-222627,TesolloCubePinch,TesolloCubePinch-20260622-224916-cubepinch_sb_propriodelta_s3,proprio.delta,cubepinch_sb_propriodelta_s3,3,det,5,63,80,0.7875,ok,3682863
pinch,pinch_sweep_size_rand-20260622-222627,TesolloCubePinch,TesolloCubePinch-20260622-224916-cubepinch_sb_propriodelta_s3,proprio.delta,cubepinch_sb_propriodelta_s3,3,det,6,37,80,0.4625,ok,3682863
pinch,pinch_sweep_size_rand-20260622-222627,TesolloCubePinch,TesolloCubePinch-20260622-224916-cubepinch_sb_propriodelta_s3,proprio.delta,cubepinch_sb_propriodelta_s3,3,det,7,3,80,0.0375,ok,3682863
pinch,pinch_sweep_size_rand-20260622-222627,TesolloCubePinch,TesolloCubePinch-20260622-224916-cubepinch_sb_propriodelta_s3,proprio.delta,cubepinch_sb_propriodelta_s3,3,det,8,61,80,0.7625,ok,3682863
pinch,pinch_sweep_size_rand-20260622-222627,TesolloCubePinch,TesolloCubePinch-20260622-224916-cubepinch_sb_propriodelta_s3,proprio.delta,cubepinch_sb_propriodelta_s3,3,det,9,0,80,0.0,ok,3682863
pinch,pinch_sweep_size_rand-20260622-222627,TesolloCubePinch,TesolloCubePinch-20260622-224916-cubepinch_sb_propriodelta_s3,proprio.delta,cubepinch_sb_propriodelta_s3,3,det,10,30,80,0.375,ok,3682863
pinch,pinch_sweep_size_rand-20260622-222627,TesolloCubePinch,TesolloCubePinch-20260622-224916-cubepinch_sb_propriodelta_s3,proprio.delta,cubepinch_sb_propriodelta_s3,3,det,11,63,80,0.7875,ok,3682863
pinch,pinch_sweep_size_rand-20260622-222627,TesolloCubePinch,TesolloCubePinch-20260622-224916-cubepinch_sb_propriodelta_s3,proprio.delta,cubepinch_sb_propriodelta_s3,3,det,12,0,80,0.0,ok,3682863
pinch,pinch_sweep_size_rand-20260622-222627,TesolloCubePinch,TesolloCubePinch-20260622-224916-cubepinch_sb_propriodelta_s3,proprio.delta,cubepinch_sb_propriodelta_s3,3,det,13,62,80,0.775,ok,3682863
pinch,pinch_sweep_size_rand-20260622-222627,TesolloCubePinch,TesolloCubePinch-20260622-224916-cubepinch_sb_propriodelta_s3,proprio.delta,cubepinch_sb_propriodelta_s3,3,det,14,12,80,0.15,ok,3682863
pinch,pinch_sweep_size_rand-20260622-222627,TesolloCubePinch,TesolloCubePinch-20260622-224916-cubepinch_sb_propriodelta_s3,proprio.delta,cubepinch_sb_propriodelta_s3,3,det,15,31,80,0.3875,ok,3682863
pinch,pinch_sweep_size_rand-20260622-222627,TesolloCubePinch,TesolloCubePinch-20260622-224916-cubepinch_sb_propriodelta_s3,proprio.delta,cubepinch_sb_propriodelta_s3,3,det,16,55,80,0.6875,ok,3682863
pinch,pinch_sweep_size_rand-20260622-222627,TesolloCubePinch,TesolloCubePinch-20260622-224916-cubepinch_sb_propriodelta_s3,proprio.delta,cubepinch_sb_propriodelta_s3,3,det,17,0,80,0.0,ok,3682863
pinch,pinch_sweep_size_rand-20260622-222627,TesolloCubePinch,TesolloCubePinch-20260622-224916-cubepinch_sb_propriodelta_s3,proprio.delta,cubepinch_sb_propriodelta_s3,3,det,18,0,80,0.0,ok,3682863
pinch,pinch_sweep_size_rand-20260622-222627,TesolloCubePinch,TesolloCubePinch-20260622-224916-cubepinch_sb_propriodelta_s3,proprio.delta,cubepinch_sb_propriodelta_s3,3,det,19,11,80,0.1375,ok,3682863
pinch,pinch_sweep_size_rand-20260622-222627,TesolloCubePinch,TesolloCubePinch-20260622-224916-cubepinch_sb_propriodelta_s3,proprio.delta,cubepinch_sb_propriodelta_s3,3,det,20,61,80,0.7625,ok,3682863
pinch,pinch_sweep_size_rand-20260622-222627,TesolloCubePinch,TesolloCubePinch-20260622-224916-cubepinch_sb_propriodelta_s3,proprio.delta,cubepinch_sb_propriodelta_s3,3,det,21,47,80,0.5875,ok,3682863
pinch,pinch_sweep_size_rand-20260622-222627,TesolloCubePinch,TesolloCubePinch-20260622-224916-cubepinch_sb_propriodelta_s3,proprio.delta,cubepinch_sb_propriodelta_s3,3,det,22,0,80,0.0,ok,3682863
pinch,pinch_sweep_size_rand-20260622-222627,TesolloCubePinch,TesolloCubePinch-20260622-224916-cubepinch_sb_propriodelta_s3,proprio.delta,cubepinch_sb_propriodelta_s3,3,det,23,8,80,0.1,ok,3682863
pinch,pinch_sweep_size_rand-20260622-222627,TesolloCubePinch,TesolloCubePinch-20260622-224916-cubepinch_sb_propriodelta_s3,proprio.delta,cubepinch_sb_propriodelta_s3,3,det,24,63,80,0.7875,ok,3682863
pinch,pinch_sweep_size_rand-20260622-222627,TesolloCubePinch,TesolloCubePinch-20260622-224916-cubepinch_sb_propriodelta_s3,proprio.delta,cubepinch_sb_propriodelta_s3,3,det,25,63,80,0.7875,ok,3682863
pinch,pinch_sweep_size_rand-20260622-222627,TesolloCubePinch,TesolloCubePinch-20260622-224916-cubepinch_sb_propriodelta_s3,proprio.delta,cubepinch_sb_propriodelta_s3,3,det,26,62,80,0.775,ok,3682863
pinch,pinch_sweep_size_rand-20260622-222627,TesolloCubePinch,TesolloCubePinch-20260622-224916-cubepinch_sb_propriodelta_s3,proprio.delta,cubepinch_sb_propriodelta_s3,3,det,27,63,80,0.7875,ok,3682863
pinch,pinch_sweep_size_rand-20260622-222627,TesolloCubePinch,TesolloCubePinch-20260622-224916-cubepinch_sb_propriodelta_s3,proprio.delta,cubepinch_sb_propriodelta_s3,3,det,28,63,80,0.7875,ok,3682863
pinch,pinch_sweep_size_rand-20260622-222627,TesolloCubePinch,TesolloCubePinch-20260622-224916-cubepinch_sb_propriodelta_s3,proprio.delta,cubepinch_sb_propriodelta_s3,3,det,29,62,80,0.775,ok,3682863
pinch,pinch_sweep_size_rand-20260622-222627,TesolloCubePinch,TesolloCubePinch-20260622-224916-cubepinch_sb_propriodelta_s3,proprio.delta,cubepinch_sb_propriodelta_s3,3,det,30,63,80,0.7875,ok,3682863
pinch,pinch_sweep_size_rand-20260622-222627,TesolloCubePinch,TesolloCubePinch-20260622-224916-cubepinch_sb_propriodelta_s3,proprio.delta,cubepinch_sb_propriodelta_s3,3,det,31,63,80,0.7875,ok,3682863
pinch,pinch_sweep_size_rand-20260622-222627,TesolloCubePinch,TesolloCubePinch-20260622-224916-cubepinch_sb_propriodelta_s3,proprio.delta,cubepinch_sb_propriodelta_s3,3,det,32,15,80,0.1875,ok,3682863
pinch,pinch_sweep_size_rand-20260622-222627,TesolloCubePinch,TesolloCubePinch-20260622-224916-cubepinch_sb_propriodelta_s3,proprio.delta,cubepinch_sb_propriodelta_s3,3,det,33,63,80,0.7875,ok,3682863
pinch,pinch_sweep_size_rand-20260622-222627,TesolloCubePinch,TesolloCubePinch-20260622-224916-cubepinch_sb_propriodelta_s3,proprio.delta,cubepinch_sb_propriodelta_s3,3,det,34,62,80,0.775,ok,3682863
pinch,pinch_sweep_size_rand-20260622-222627,TesolloCubePinch,TesolloCubePinch-20260622-224916-cubepinch_sb_propriodelta_s3,proprio.delta,cubepinch_sb_propriodelta_s3,3,det,35,31,80,0.3875,ok,3682863
pinch,pinch_sweep_size_rand-20260622-222627,TesolloCubePinch,TesolloCubePinch-20260622-224916-cubepinch_sb_propriodelta_s3,proprio.delta,cubepinch_sb_propriodelta_s3,3,det,36,17,80,0.2125,ok,3682863
pinch,pinch_sweep_size_rand-20260622-222627,TesolloCubePinch,TesolloCubePinch-20260622-224916-cubepinch_sb_propriodelta_s3,proprio.delta,cubepinch_sb_propriodelta_s3,3,det,37,61,80,0.7625,ok,3682863
pinch,pinch_sweep_size_rand-20260622-222627,TesolloCubePinch,TesolloCubePinch-20260622-224916-cubepinch_sb_propriodelta_s3,proprio.delta,cubepinch_sb_propriodelta_s3,3,det,38,21,80,0.2625,ok,3682863
pinch,pinch_sweep_size_rand-20260622-222627,TesolloCubePinch,TesolloCubePinch-20260622-224916-cubepinch_sb_propriodelta_s3,proprio.delta,cubepinch_sb_propriodelta_s3,3,det,39,0,80,0.0,ok,3682863
pinch,pinch_sweep_size_rand-20260622-222627,TesolloCubePinch,TesolloCubePinch-20260622-224916-cubepinch_sb_propriodelta_s3,proprio.delta,cubepinch_sb_propriodelta_s3,3,det,40,63,80,0.7875,ok,3682863
pinch,pinch_sweep_size_rand-20260622-222627,TesolloCubePinch,TesolloCubePinch-20260622-224916-cubepinch_sb_propriodelta_s3,proprio.delta,cubepinch_sb_propriodelta_s3,3,det,41,61,80,0.7625,ok,3682863
pinch,pinch_sweep_size_rand-20260622-222627,TesolloCubePinch,TesolloCubePinch-20260622-224916-cubepinch_sb_propriodelta_s3,proprio.delta,cubepinch_sb_propriodelta_s3,3,det,42,35,80,0.4375,ok,3682863
pinch,pinch_sweep_size_rand-20260622-222627,TesolloCubePinch,TesolloCubePinch-20260622-224916-cubepinch_sb_propriodelta_s3,proprio.delta,cubepinch_sb_propriodelta_s3,3,det,43,17,80,0.2125,ok,3682863
pinch,pinch_sweep_size_rand-20260622-222627,TesolloCubePinch,TesolloCubePinch-20260622-224916-cubepinch_sb_propriodelta_s3,proprio.delta,cubepinch_sb_propriodelta_s3,3,det,44,5,80,0.0625,ok,3682863
pinch,pinch_sweep_size_rand-20260622-222627,TesolloCubePinch,TesolloCubePinch-20260622-224916-cubepinch_sb_propriodelta_s3,proprio.delta,cubepinch_sb_propriodelta_s3,3,det,45,24,80,0.3,ok,3682863
pinch,pinch_sweep_size_rand-20260622-222627,TesolloCubePinch,TesolloCubePinch-20260622-224916-cubepinch_sb_propriodelta_s3,proprio.delta,cubepinch_sb_propriodelta_s3,3,det,46,35,80,0.4375,ok,3682863
pinch,pinch_sweep_size_rand-20260622-222627,TesolloCubePinch,TesolloCubePinch-20260622-224916-cubepinch_sb_propriodelta_s3,proprio.delta,cubepinch_sb_propriodelta_s3,3,det,47,24,80,0.3,ok,3682863
pinch,pinch_sweep_size_rand-20260622-222627,TesolloCubePinch,TesolloCubePinch-20260622-224916-cubepinch_sb_propriodelta_s3,proprio.delta,cubepinch_sb_propriodelta_s3,3,det,48,25,80,0.3125,ok,3682863
pinch,pinch_sweep_size_rand-20260622-222627,TesolloCubePinch,TesolloCubePinch-20260622-224916-cubepinch_sb_propriodelta_s3,proprio.delta,cubepinch_sb_propriodelta_s3,3,det,49,35,80,0.4375,ok,3682863
pinch,pinch_sweep_size_rand-20260622-222627,TesolloCubePinch,TesolloCubePinch-20260622-224916-cubepinch_sb_propriodelta_s3,proprio.delta,cubepinch_sb_propriodelta_s3,3,det,50,63,80,0.7875,ok,3682863
pinch,pinch_sweep_size_rand-20260622-222627,TesolloCubePinch,TesolloCubePinch-20260622-224916-cubepinch_sb_propriodelta_s3,proprio.delta,cubepinch_sb_propriodelta_s3,3,det,51,0,80,0.0,ok,3682863
pinch,pinch_sweep_size_rand-20260622-222627,TesolloCubePinch,TesolloCubePinch-20260622-224916-cubepinch_sb_propriodelta_s3,proprio.delta,cubepinch_sb_propriodelta_s3,3,det,52,63,80,0.7875,ok,3682863
pinch,pinch_sweep_size_rand-20260622-222627,TesolloCubePinch,TesolloCubePinch-20260622-224916-cubepinch_sb_propriodelta_s3,proprio.delta,cubepinch_sb_propriodelta_s3,3,det,53,36,80,0.45,ok,3682863
pinch,pinch_sweep_size_rand-20260622-222627,TesolloCubePinch,TesolloCubePinch-20260622-224916-cubepinch_sb_propriodelta_s3,proprio.delta,cubepinch_sb_propriodelta_s3,3,det,54,0,80,0.0,ok,3682863
pinch,pinch_sweep_size_rand-20260622-222627,TesolloCubePinch,TesolloCubePinch-20260622-224916-cubepinch_sb_propriodelta_s3,proprio.delta,cubepinch_sb_propriodelta_s3,3,det,55,20,80,0.25,ok,3682863
pinch,pinch_sweep_size_rand-20260622-222627,TesolloCubePinch,TesolloCubePinch-20260622-224916-cubepinch_sb_propriodelta_s3,proprio.delta,cubepinch_sb_propriodelta_s3,3,det,56,63,80,0.7875,ok,3682863
pinch,pinch_sweep_size_rand-20260622-222627,TesolloCubePinch,TesolloCubePinch-20260622-224916-cubepinch_sb_propriodelta_s3,proprio.delta,cubepinch_sb_propriodelta_s3,3,det,57,61,80,0.7625,ok,3682863
pinch,pinch_sweep_size_rand-20260622-222627,TesolloCubePinch,TesolloCubePinch-20260622-224916-cubepinch_sb_propriodelta_s3,proprio.delta,cubepinch_sb_propriodelta_s3,3,det,58,34,80,0.425,ok,3682863
pinch,pinch_sweep_size_rand-20260622-222627,TesolloCubePinch,TesolloCubePinch-20260622-224916-cubepinch_sb_propriodelta_s3,proprio.delta,cubepinch_sb_propriodelta_s3,3,det,59,62,80,0.775,ok,3682863
pinch,pinch_sweep_size_rand-20260622-222627,TesolloCubePinch,TesolloCubePinch-20260622-224916-cubepinch_sb_propriodelta_s3,proprio.delta,cubepinch_sb_propriodelta_s3,3,det,60,18,80,0.225,ok,3682863
pinch,pinch_sweep_size_rand-20260622-222627,TesolloCubePinch,TesolloCubePinch-20260622-224916-cubepinch_sb_propriodelta_s3,proprio.delta,cubepinch_sb_propriodelta_s3,3,det,61,62,80,0.775,ok,3682863
pinch,pinch_sweep_size_rand-20260622-222627,TesolloCubePinch,TesolloCubePinch-20260622-224916-cubepinch_sb_propriodelta_s3,proprio.delta,cubepinch_sb_propriodelta_s3,3,det,62,28,80,0.35,ok,3682863
pinch,pinch_sweep_size_rand-20260622-222627,TesolloCubePinch,TesolloCubePinch-20260622-224916-cubepinch_sb_propriodelta_s3,proprio.delta,cubepinch_sb_propriodelta_s3,3,det,63,61,80,0.7625,ok,3682863
pinch,pinch_sweep_size_rand-20260622-222627,TesolloCubePinch,TesolloCubePinch-20260622-224916-cubepinch_sb_propriodelta_s3,proprio.delta,cubepinch_sb_propriodelta_s3,3,det,64,53,80,0.6625,ok,3682863
pinch,pinch_sweep_size_rand-20260622-222627,TesolloCubePinch,TesolloCubePinch-20260622-224916-cubepinch_sb_propriodelta_s3,proprio.delta,cubepinch_sb_propriodelta_s3,3,det,65,8,80,0.1,ok,3682863
pinch,pinch_sweep_size_rand-20260622-222627,TesolloCubePinch,TesolloCubePinch-20260622-224916-cubepinch_sb_propriodelta_s3,proprio.delta,cubepinch_sb_propriodelta_s3,3,det,66,51,80,0.6375,ok,3682863
pinch,pinch_sweep_size_rand-20260622-222627,TesolloCubePinch,TesolloCubePinch-20260622-224916-cubepinch_sb_propriodelta_s3,proprio.delta,cubepinch_sb_propriodelta_s3,3,det,67,51,80,0.6375,ok,3682863
pinch,pinch_sweep_size_rand-20260622-222627,TesolloCubePinch,TesolloCubePinch-20260622-224916-cubepinch_sb_propriodelta_s3,proprio.delta,cubepinch_sb_propriodelta_s3,3,det,68,29,80,0.3625,ok,3682863
pinch,pinch_sweep_size_rand-20260622-222627,TesolloCubePinch,TesolloCubePinch-20260622-224916-cubepinch_sb_propriodelta_s3,proprio.delta,cubepinch_sb_propriodelta_s3,3,det,69,62,80,0.775,ok,3682863
pinch,pinch_sweep_size_rand-20260622-222627,TesolloCubePinch,TesolloCubePinch-20260622-224916-cubepinch_sb_propriodelta_s3,proprio.delta,cubepinch_sb_propriodelta_s3,3,det,70,0,80,0.0,ok,3682863
pinch,pinch_sweep_size_rand-20260622-222627,TesolloCubePinch,TesolloCubePinch-20260622-224916-cubepinch_sb_propriodelta_s3,proprio.delta,cubepinch_sb_propriodelta_s3,3,det,71,0,80,0.0,ok,3682863
pinch,pinch_sweep_size_rand-20260622-222627,TesolloCubePinch,TesolloCubePinch-20260622-224916-cubepinch_sb_propriodelta_s3,proprio.delta,cubepinch_sb_propriodelta_s3,3,det,72,21,80,0.2625,ok,3682863
pinch,pinch_sweep_size_rand-20260622-222627,TesolloCubePinch,TesolloCubePinch-20260622-224916-cubepinch_sb_propriodelta_s3,proprio.delta,cubepinch_sb_propriodelta_s3,3,det,73,31,80,0.3875,ok,3682863
pinch,pinch_sweep_size_rand-20260622-222627,TesolloCubePinch,TesolloCubePinch-20260622-224916-cubepinch_sb_propriodelta_s3,proprio.delta,cubepinch_sb_propriodelta_s3,3,det,74,0,80,0.0,ok,3682863
pinch,pinch_sweep_size_rand-20260622-222627,TesolloCubePinch,TesolloCubePinch-20260622-224916-cubepinch_sb_propriodelta_s3,proprio.delta,cubepinch_sb_propriodelta_s3,3,det,75,62,80,0.775,ok,3682863
pinch,pinch_sweep_size_rand-20260622-222627,TesolloCubePinch,TesolloCubePinch-20260622-224916-cubepinch_sb_propriodelta_s3,proprio.delta,cubepinch_sb_propriodelta_s3,3,det,76,63,80,0.7875,ok,3682863
pinch,pinch_sweep_size_rand-20260622-222627,TesolloCubePinch,TesolloCubePinch-20260622-224916-cubepinch_sb_propriodelta_s3,proprio.delta,cubepinch_sb_propriodelta_s3,3,det,77,60,80,0.75,ok,3682863
pinch,pinch_sweep_size_rand-20260622-222627,TesolloCubePinch,TesolloCubePinch-20260622-224916-cubepinch_sb_propriodelta_s3,proprio.delta,cubepinch_sb_propriodelta_s3,3,det,78,8,80,0.1,ok,3682863
pinch,pinch_sweep_size_rand-20260622-222627,TesolloCubePinch,TesolloCubePinch-20260622-224916-cubepinch_sb_propriodelta_s3,proprio.delta,cubepinch_sb_propriodelta_s3,3,det,79,62,80,0.775,ok,3682863
pinch,pinch_sweep_size_rand-20260622-222627,TesolloCubePinch,TesolloCubePinch-20260622-224916-cubepinch_sb_propriodelta_s3,proprio.delta,cubepinch_sb_propriodelta_s3,3,det,80,26,80,0.325,ok,3682863
pinch,pinch_sweep_size_rand-20260622-222627,TesolloCubePinch,TesolloCubePinch-20260622-224916-cubepinch_sb_propriodelta_s3,proprio.delta,cubepinch_sb_propriodelta_s3,3,det,81,61,80,0.7625,ok,3682863
pinch,pinch_sweep_size_rand-20260622-222627,TesolloCubePinch,TesolloCubePinch-20260622-224916-cubepinch_sb_propriodelta_s3,proprio.delta,cubepinch_sb_propriodelta_s3,3,det,82,62,80,0.775,ok,3682863
pinch,pinch_sweep_size_rand-20260622-222627,TesolloCubePinch,TesolloCubePinch-20260622-224916-cubepinch_sb_propriodelta_s3,proprio.delta,cubepinch_sb_propriodelta_s3,3,det,83,63,80,0.7875,ok,3682863
pinch,pinch_sweep_size_rand-20260622-222627,TesolloCubePinch,TesolloCubePinch-20260622-224916-cubepinch_sb_propriodelta_s3,proprio.delta,cubepinch_sb_propriodelta_s3,3,det,84,63,80,0.7875,ok,3682863
pinch,pinch_sweep_size_rand-20260622-222627,TesolloCubePinch,TesolloCubePinch-20260622-224916-cubepinch_sb_propriodelta_s3,proprio.delta,cubepinch_sb_propriodelta_s3,3,det,85,35,80,0.4375,ok,3682863
pinch,pinch_sweep_size_rand-20260622-222627,TesolloCubePinch,TesolloCubePinch-20260622-224916-cubepinch_sb_propriodelta_s3,proprio.delta,cubepinch_sb_propriodelta_s3,3,det,86,0,80,0.0,ok,3682863
pinch,pinch_sweep_size_rand-20260622-222627,TesolloCubePinch,TesolloCubePinch-20260622-224916-cubepinch_sb_propriodelta_s3,proprio.delta,cubepinch_sb_propriodelta_s3,3,det,87,63,80,0.7875,ok,3682863
pinch,pinch_sweep_size_rand-20260622-222627,TesolloCubePinch,TesolloCubePinch-20260622-224916-cubepinch_sb_propriodelta_s3,proprio.delta,cubepinch_sb_propriodelta_s3,3,det,88,31,80,0.3875,ok,3682863
pinch,pinch_sweep_size_rand-20260622-222627,TesolloCubePinch,TesolloCubePinch-20260622-224916-cubepinch_sb_propriodelta_s3,proprio.delta,cubepinch_sb_propriodelta_s3,3,det,89,60,80,0.75,ok,3682863
pinch,pinch_sweep_size_rand-20260622-222627,TesolloCubePinch,TesolloCubePinch-20260622-224916-cubepinch_sb_propriodelta_s3,proprio.delta,cubepinch_sb_propriodelta_s3,3,det,90,23,80,0.2875,ok,3682863
pinch,pinch_sweep_size_rand-20260622-222627,TesolloCubePinch,TesolloCubePinch-20260622-224916-cubepinch_sb_propriodelta_s3,proprio.delta,cubepinch_sb_propriodelta_s3,3,det,91,62,80,0.775,ok,3682863
pinch,pinch_sweep_size_rand-20260622-222627,TesolloCubePinch,TesolloCubePinch-20260622-224916-cubepinch_sb_propriodelta_s3,proprio.delta,cubepinch_sb_propriodelta_s3,3,det,92,62,80,0.775,ok,3682863
pinch,pinch_sweep_size_rand-20260622-222627,TesolloCubePinch,TesolloCubePinch-20260622-224916-cubepinch_sb_propriodelta_s3,proprio.delta,cubepinch_sb_propriodelta_s3,3,det,93,0,80,0.0,ok,3682863
pinch,pinch_sweep_size_rand-20260622-222627,TesolloCubePinch,TesolloCubePinch-20260622-224916-cubepinch_sb_propriodelta_s3,proprio.delta,cubepinch_sb_propriodelta_s3,3,det,94,6,80,0.075,ok,3682863
pinch,pinch_sweep_size_rand-20260622-222627,TesolloCubePinch,TesolloCubePinch-20260622-224916-cubepinch_sb_propriodelta_s3,proprio.delta,cubepinch_sb_propriodelta_s3,3,det,95,0,80,0.0,ok,3682863
pinch,pinch_sweep_size_rand-20260622-222627,TesolloCubePinch,TesolloCubePinch-20260622-224916-cubepinch_sb_propriodelta_s3,proprio.delta,cubepinch_sb_propriodelta_s3,3,det,96,40,80,0.5,ok,3682863
pinch,pinch_sweep_size_rand-20260622-222627,TesolloCubePinch,TesolloCubePinch-20260622-224916-cubepinch_sb_propriodelta_s3,proprio.delta,cubepinch_sb_propriodelta_s3,3,det,97,30,80,0.375,ok,3682863
pinch,pinch_sweep_size_rand-20260622-222627,TesolloCubePinch,TesolloCubePinch-20260622-224916-cubepinch_sb_propriodelta_s3,proprio.delta,cubepinch_sb_propriodelta_s3,3,det,98,0,80,0.0,ok,3682863
pinch,pinch_sweep_size_rand-20260622-222627,TesolloCubePinch,TesolloCubePinch-20260622-224916-cubepinch_sb_propriodelta_s3,proprio.delta,cubepinch_sb_propriodelta_s3,3,det,99,60,80,0.75,ok,3682863
