task,queue,env_name,exp_name,sensor_bundle,suffix,seed,eval_mode,rollout_idx,successful_steps,episode_length,success_fraction,result,env_code_commit
pinch_sinusoid,pinch_sweep_size_rand_sinusoid-20260623-133237,TesolloCubePinch,TesolloCubePinch-20260623-141420-cubepinch_sb_baseline_s1,baseline,cubepinch_sb_baseline_s1,1,det,0,0,80,0.0,failed,3682863
pinch_sinusoid,pinch_sweep_size_rand_sinusoid-20260623-133237,TesolloCubePinch,TesolloCubePinch-20260623-141420-cubepinch_sb_baseline_s1,baseline,cubepinch_sb_baseline_s1,1,det,1,0,80,0.0,failed,3682863
pinch_sinusoid,pinch_sweep_size_rand_sinusoid-20260623-133237,TesolloCubePinch,TesolloCubePinch-20260623-141420-cubepinch_sb_baseline_s1,baseline,cubepinch_sb_baseline_s1,1,det,2,0,80,0.0,failed,3682863
pinch_sinusoid,pinch_sweep_size_rand_sinusoid-20260623-133237,TesolloCubePinch,TesolloCubePinch-20260623-141420-cubepinch_sb_baseline_s1,baseline,cubepinch_sb_baseline_s1,1,det,3,0,80,0.0,failed,3682863
pinch_sinusoid,pinch_sweep_size_rand_sinusoid-20260623-133237,TesolloCubePinch,TesolloCubePinch-20260623-141420-cubepinch_sb_baseline_s1,baseline,cubepinch_sb_baseline_s1,1,det,4,0,80,0.0,failed,3682863
pinch_sinusoid,pinch_sweep_size_rand_sinusoid-20260623-133237,TesolloCubePinch,TesolloCubePinch-20260623-141420-cubepinch_sb_baseline_s1,baseline,cubepinch_sb_baseline_s1,1,det,5,0,80,0.0,failed,3682863
pinch_sinusoid,pinch_sweep_size_rand_sinusoid-20260623-133237,TesolloCubePinch,TesolloCubePinch-20260623-141420-cubepinch_sb_baseline_s1,baseline,cubepinch_sb_baseline_s1,1,det,6,0,80,0.0,failed,3682863
pinch_sinusoid,pinch_sweep_size_rand_sinusoid-20260623-133237,TesolloCubePinch,TesolloCubePinch-20260623-141420-cubepinch_sb_baseline_s1,baseline,cubepinch_sb_baseline_s1,1,det,7,0,80,0.0,failed,3682863
pinch_sinusoid,pinch_sweep_size_rand_sinusoid-20260623-133237,TesolloCubePinch,TesolloCubePinch-20260623-141420-cubepinch_sb_baseline_s1,baseline,cubepinch_sb_baseline_s1,1,det,8,0,80,0.0,failed,3682863
pinch_sinusoid,pinch_sweep_size_rand_sinusoid-20260623-133237,TesolloCubePinch,TesolloCubePinch-20260623-141420-cubepinch_sb_baseline_s1,baseline,cubepinch_sb_baseline_s1,1,det,9,0,80,0.0,failed,3682863
pinch_sinusoid,pinch_sweep_size_rand_sinusoid-20260623-133237,TesolloCubePinch,TesolloCubePinch-20260623-141420-cubepinch_sb_baseline_s1,baseline,cubepinch_sb_baseline_s1,1,det,10,0,80,0.0,failed,3682863
pinch_sinusoid,pinch_sweep_size_rand_sinusoid-20260623-133237,TesolloCubePinch,TesolloCubePinch-20260623-141420-cubepinch_sb_baseline_s1,baseline,cubepinch_sb_baseline_s1,1,det,11,0,80,0.0,failed,3682863
pinch_sinusoid,pinch_sweep_size_rand_sinusoid-20260623-133237,TesolloCubePinch,TesolloCubePinch-20260623-141420-cubepinch_sb_baseline_s1,baseline,cubepinch_sb_baseline_s1,1,det,12,0,80,0.0,failed,3682863
pinch_sinusoid,pinch_sweep_size_rand_sinusoid-20260623-133237,TesolloCubePinch,TesolloCubePinch-20260623-141420-cubepinch_sb_baseline_s1,baseline,cubepinch_sb_baseline_s1,1,det,13,0,80,0.0,failed,3682863
pinch_sinusoid,pinch_sweep_size_rand_sinusoid-20260623-133237,TesolloCubePinch,TesolloCubePinch-20260623-141420-cubepinch_sb_baseline_s1,baseline,cubepinch_sb_baseline_s1,1,det,14,0,80,0.0,failed,3682863
pinch_sinusoid,pinch_sweep_size_rand_sinusoid-20260623-133237,TesolloCubePinch,TesolloCubePinch-20260623-141420-cubepinch_sb_baseline_s1,baseline,cubepinch_sb_baseline_s1,1,det,15,0,80,0.0,failed,3682863
pinch_sinusoid,pinch_sweep_size_rand_sinusoid-20260623-133237,TesolloCubePinch,TesolloCubePinch-20260623-141420-cubepinch_sb_baseline_s1,baseline,cubepinch_sb_baseline_s1,1,det,16,0,80,0.0,failed,3682863
pinch_sinusoid,pinch_sweep_size_rand_sinusoid-20260623-133237,TesolloCubePinch,TesolloCubePinch-20260623-141420-cubepinch_sb_baseline_s1,baseline,cubepinch_sb_baseline_s1,1,det,17,0,80,0.0,failed,3682863
pinch_sinusoid,pinch_sweep_size_rand_sinusoid-20260623-133237,TesolloCubePinch,TesolloCubePinch-20260623-141420-cubepinch_sb_baseline_s1,baseline,cubepinch_sb_baseline_s1,1,det,18,0,80,0.0,failed,3682863
pinch_sinusoid,pinch_sweep_size_rand_sinusoid-20260623-133237,TesolloCubePinch,TesolloCubePinch-20260623-141420-cubepinch_sb_baseline_s1,baseline,cubepinch_sb_baseline_s1,1,det,19,0,80,0.0,failed,3682863
pinch_sinusoid,pinch_sweep_size_rand_sinusoid-20260623-133237,TesolloCubePinch,TesolloCubePinch-20260623-141420-cubepinch_sb_baseline_s1,baseline,cubepinch_sb_baseline_s1,1,det,20,0,80,0.0,failed,3682863
pinch_sinusoid,pinch_sweep_size_rand_sinusoid-20260623-133237,TesolloCubePinch,TesolloCubePinch-20260623-141420-cubepinch_sb_baseline_s1,baseline,cubepinch_sb_baseline_s1,1,det,21,0,80,0.0,failed,3682863
pinch_sinusoid,pinch_sweep_size_rand_sinusoid-20260623-133237,TesolloCubePinch,TesolloCubePinch-20260623-141420-cubepinch_sb_baseline_s1,baseline,cubepinch_sb_baseline_s1,1,det,22,0,80,0.0,failed,3682863
pinch_sinusoid,pinch_sweep_size_rand_sinusoid-20260623-133237,TesolloCubePinch,TesolloCubePinch-20260623-141420-cubepinch_sb_baseline_s1,baseline,cubepinch_sb_baseline_s1,1,det,23,0,80,0.0,failed,3682863
pinch_sinusoid,pinch_sweep_size_rand_sinusoid-20260623-133237,TesolloCubePinch,TesolloCubePinch-20260623-141420-cubepinch_sb_baseline_s1,baseline,cubepinch_sb_baseline_s1,1,det,24,0,80,0.0,failed,3682863
pinch_sinusoid,pinch_sweep_size_rand_sinusoid-20260623-133237,TesolloCubePinch,TesolloCubePinch-20260623-141420-cubepinch_sb_baseline_s1,baseline,cubepinch_sb_baseline_s1,1,det,25,0,80,0.0,failed,3682863
pinch_sinusoid,pinch_sweep_size_rand_sinusoid-20260623-133237,TesolloCubePinch,TesolloCubePinch-20260623-141420-cubepinch_sb_baseline_s1,baseline,cubepinch_sb_baseline_s1,1,det,26,0,80,0.0,failed,3682863
pinch_sinusoid,pinch_sweep_size_rand_sinusoid-20260623-133237,TesolloCubePinch,TesolloCubePinch-20260623-141420-cubepinch_sb_baseline_s1,baseline,cubepinch_sb_baseline_s1,1,det,27,0,80,0.0,failed,3682863
pinch_sinusoid,pinch_sweep_size_rand_sinusoid-20260623-133237,TesolloCubePinch,TesolloCubePinch-20260623-141420-cubepinch_sb_baseline_s1,baseline,cubepinch_sb_baseline_s1,1,det,28,0,80,0.0,failed,3682863
pinch_sinusoid,pinch_sweep_size_rand_sinusoid-20260623-133237,TesolloCubePinch,TesolloCubePinch-20260623-141420-cubepinch_sb_baseline_s1,baseline,cubepinch_sb_baseline_s1,1,det,29,0,80,0.0,failed,3682863
pinch_sinusoid,pinch_sweep_size_rand_sinusoid-20260623-133237,TesolloCubePinch,TesolloCubePinch-20260623-141420-cubepinch_sb_baseline_s1,baseline,cubepinch_sb_baseline_s1,1,det,30,0,80,0.0,failed,3682863
pinch_sinusoid,pinch_sweep_size_rand_sinusoid-20260623-133237,TesolloCubePinch,TesolloCubePinch-20260623-141420-cubepinch_sb_baseline_s1,baseline,cubepinch_sb_baseline_s1,1,det,31,0,80,0.0,failed,3682863
pinch_sinusoid,pinch_sweep_size_rand_sinusoid-20260623-133237,TesolloCubePinch,TesolloCubePinch-20260623-141420-cubepinch_sb_baseline_s1,baseline,cubepinch_sb_baseline_s1,1,det,32,0,80,0.0,failed,3682863
pinch_sinusoid,pinch_sweep_size_rand_sinusoid-20260623-133237,TesolloCubePinch,TesolloCubePinch-20260623-141420-cubepinch_sb_baseline_s1,baseline,cubepinch_sb_baseline_s1,1,det,33,0,80,0.0,failed,3682863
pinch_sinusoid,pinch_sweep_size_rand_sinusoid-20260623-133237,TesolloCubePinch,TesolloCubePinch-20260623-141420-cubepinch_sb_baseline_s1,baseline,cubepinch_sb_baseline_s1,1,det,34,0,80,0.0,failed,3682863
pinch_sinusoid,pinch_sweep_size_rand_sinusoid-20260623-133237,TesolloCubePinch,TesolloCubePinch-20260623-141420-cubepinch_sb_baseline_s1,baseline,cubepinch_sb_baseline_s1,1,det,35,0,80,0.0,failed,3682863
pinch_sinusoid,pinch_sweep_size_rand_sinusoid-20260623-133237,TesolloCubePinch,TesolloCubePinch-20260623-141420-cubepinch_sb_baseline_s1,baseline,cubepinch_sb_baseline_s1,1,det,36,0,80,0.0,failed,3682863
pinch_sinusoid,pinch_sweep_size_rand_sinusoid-20260623-133237,TesolloCubePinch,TesolloCubePinch-20260623-141420-cubepinch_sb_baseline_s1,baseline,cubepinch_sb_baseline_s1,1,det,37,0,80,0.0,failed,3682863
pinch_sinusoid,pinch_sweep_size_rand_sinusoid-20260623-133237,TesolloCubePinch,TesolloCubePinch-20260623-141420-cubepinch_sb_baseline_s1,baseline,cubepinch_sb_baseline_s1,1,det,38,0,80,0.0,failed,3682863
pinch_sinusoid,pinch_sweep_size_rand_sinusoid-20260623-133237,TesolloCubePinch,TesolloCubePinch-20260623-141420-cubepinch_sb_baseline_s1,baseline,cubepinch_sb_baseline_s1,1,det,39,0,80,0.0,failed,3682863
pinch_sinusoid,pinch_sweep_size_rand_sinusoid-20260623-133237,TesolloCubePinch,TesolloCubePinch-20260623-141420-cubepinch_sb_baseline_s1,baseline,cubepinch_sb_baseline_s1,1,det,40,0,80,0.0,failed,3682863
pinch_sinusoid,pinch_sweep_size_rand_sinusoid-20260623-133237,TesolloCubePinch,TesolloCubePinch-20260623-141420-cubepinch_sb_baseline_s1,baseline,cubepinch_sb_baseline_s1,1,det,41,0,80,0.0,failed,3682863
pinch_sinusoid,pinch_sweep_size_rand_sinusoid-20260623-133237,TesolloCubePinch,TesolloCubePinch-20260623-141420-cubepinch_sb_baseline_s1,baseline,cubepinch_sb_baseline_s1,1,det,42,0,80,0.0,failed,3682863
pinch_sinusoid,pinch_sweep_size_rand_sinusoid-20260623-133237,TesolloCubePinch,TesolloCubePinch-20260623-141420-cubepinch_sb_baseline_s1,baseline,cubepinch_sb_baseline_s1,1,det,43,0,80,0.0,failed,3682863
pinch_sinusoid,pinch_sweep_size_rand_sinusoid-20260623-133237,TesolloCubePinch,TesolloCubePinch-20260623-141420-cubepinch_sb_baseline_s1,baseline,cubepinch_sb_baseline_s1,1,det,44,0,80,0.0,failed,3682863
pinch_sinusoid,pinch_sweep_size_rand_sinusoid-20260623-133237,TesolloCubePinch,TesolloCubePinch-20260623-141420-cubepinch_sb_baseline_s1,baseline,cubepinch_sb_baseline_s1,1,det,45,0,80,0.0,failed,3682863
pinch_sinusoid,pinch_sweep_size_rand_sinusoid-20260623-133237,TesolloCubePinch,TesolloCubePinch-20260623-141420-cubepinch_sb_baseline_s1,baseline,cubepinch_sb_baseline_s1,1,det,46,0,80,0.0,failed,3682863
pinch_sinusoid,pinch_sweep_size_rand_sinusoid-20260623-133237,TesolloCubePinch,TesolloCubePinch-20260623-141420-cubepinch_sb_baseline_s1,baseline,cubepinch_sb_baseline_s1,1,det,47,0,80,0.0,failed,3682863
pinch_sinusoid,pinch_sweep_size_rand_sinusoid-20260623-133237,TesolloCubePinch,TesolloCubePinch-20260623-141420-cubepinch_sb_baseline_s1,baseline,cubepinch_sb_baseline_s1,1,det,48,0,80,0.0,failed,3682863
pinch_sinusoid,pinch_sweep_size_rand_sinusoid-20260623-133237,TesolloCubePinch,TesolloCubePinch-20260623-141420-cubepinch_sb_baseline_s1,baseline,cubepinch_sb_baseline_s1,1,det,49,0,80,0.0,failed,3682863
pinch_sinusoid,pinch_sweep_size_rand_sinusoid-20260623-133237,TesolloCubePinch,TesolloCubePinch-20260623-141420-cubepinch_sb_baseline_s1,baseline,cubepinch_sb_baseline_s1,1,det,50,0,80,0.0,failed,3682863
pinch_sinusoid,pinch_sweep_size_rand_sinusoid-20260623-133237,TesolloCubePinch,TesolloCubePinch-20260623-141420-cubepinch_sb_baseline_s1,baseline,cubepinch_sb_baseline_s1,1,det,51,0,80,0.0,failed,3682863
pinch_sinusoid,pinch_sweep_size_rand_sinusoid-20260623-133237,TesolloCubePinch,TesolloCubePinch-20260623-141420-cubepinch_sb_baseline_s1,baseline,cubepinch_sb_baseline_s1,1,det,52,0,80,0.0,failed,3682863
pinch_sinusoid,pinch_sweep_size_rand_sinusoid-20260623-133237,TesolloCubePinch,TesolloCubePinch-20260623-141420-cubepinch_sb_baseline_s1,baseline,cubepinch_sb_baseline_s1,1,det,53,0,80,0.0,failed,3682863
pinch_sinusoid,pinch_sweep_size_rand_sinusoid-20260623-133237,TesolloCubePinch,TesolloCubePinch-20260623-141420-cubepinch_sb_baseline_s1,baseline,cubepinch_sb_baseline_s1,1,det,54,0,80,0.0,failed,3682863
pinch_sinusoid,pinch_sweep_size_rand_sinusoid-20260623-133237,TesolloCubePinch,TesolloCubePinch-20260623-141420-cubepinch_sb_baseline_s1,baseline,cubepinch_sb_baseline_s1,1,det,55,0,80,0.0,failed,3682863
pinch_sinusoid,pinch_sweep_size_rand_sinusoid-20260623-133237,TesolloCubePinch,TesolloCubePinch-20260623-141420-cubepinch_sb_baseline_s1,baseline,cubepinch_sb_baseline_s1,1,det,56,0,80,0.0,failed,3682863
pinch_sinusoid,pinch_sweep_size_rand_sinusoid-20260623-133237,TesolloCubePinch,TesolloCubePinch-20260623-141420-cubepinch_sb_baseline_s1,baseline,cubepinch_sb_baseline_s1,1,det,57,0,80,0.0,failed,3682863
pinch_sinusoid,pinch_sweep_size_rand_sinusoid-20260623-133237,TesolloCubePinch,TesolloCubePinch-20260623-141420-cubepinch_sb_baseline_s1,baseline,cubepinch_sb_baseline_s1,1,det,58,0,80,0.0,failed,3682863
pinch_sinusoid,pinch_sweep_size_rand_sinusoid-20260623-133237,TesolloCubePinch,TesolloCubePinch-20260623-141420-cubepinch_sb_baseline_s1,baseline,cubepinch_sb_baseline_s1,1,det,59,0,80,0.0,failed,3682863
pinch_sinusoid,pinch_sweep_size_rand_sinusoid-20260623-133237,TesolloCubePinch,TesolloCubePinch-20260623-141420-cubepinch_sb_baseline_s1,baseline,cubepinch_sb_baseline_s1,1,det,60,0,80,0.0,failed,3682863
pinch_sinusoid,pinch_sweep_size_rand_sinusoid-20260623-133237,TesolloCubePinch,TesolloCubePinch-20260623-141420-cubepinch_sb_baseline_s1,baseline,cubepinch_sb_baseline_s1,1,det,61,0,80,0.0,failed,3682863
pinch_sinusoid,pinch_sweep_size_rand_sinusoid-20260623-133237,TesolloCubePinch,TesolloCubePinch-20260623-141420-cubepinch_sb_baseline_s1,baseline,cubepinch_sb_baseline_s1,1,det,62,0,80,0.0,failed,3682863
pinch_sinusoid,pinch_sweep_size_rand_sinusoid-20260623-133237,TesolloCubePinch,TesolloCubePinch-20260623-141420-cubepinch_sb_baseline_s1,baseline,cubepinch_sb_baseline_s1,1,det,63,0,80,0.0,failed,3682863
pinch_sinusoid,pinch_sweep_size_rand_sinusoid-20260623-133237,TesolloCubePinch,TesolloCubePinch-20260623-141420-cubepinch_sb_baseline_s1,baseline,cubepinch_sb_baseline_s1,1,det,64,0,80,0.0,failed,3682863
pinch_sinusoid,pinch_sweep_size_rand_sinusoid-20260623-133237,TesolloCubePinch,TesolloCubePinch-20260623-141420-cubepinch_sb_baseline_s1,baseline,cubepinch_sb_baseline_s1,1,det,65,0,80,0.0,failed,3682863
pinch_sinusoid,pinch_sweep_size_rand_sinusoid-20260623-133237,TesolloCubePinch,TesolloCubePinch-20260623-141420-cubepinch_sb_baseline_s1,baseline,cubepinch_sb_baseline_s1,1,det,66,0,80,0.0,failed,3682863
pinch_sinusoid,pinch_sweep_size_rand_sinusoid-20260623-133237,TesolloCubePinch,TesolloCubePinch-20260623-141420-cubepinch_sb_baseline_s1,baseline,cubepinch_sb_baseline_s1,1,det,67,0,80,0.0,failed,3682863
pinch_sinusoid,pinch_sweep_size_rand_sinusoid-20260623-133237,TesolloCubePinch,TesolloCubePinch-20260623-141420-cubepinch_sb_baseline_s1,baseline,cubepinch_sb_baseline_s1,1,det,68,0,80,0.0,failed,3682863
pinch_sinusoid,pinch_sweep_size_rand_sinusoid-20260623-133237,TesolloCubePinch,TesolloCubePinch-20260623-141420-cubepinch_sb_baseline_s1,baseline,cubepinch_sb_baseline_s1,1,det,69,0,80,0.0,failed,3682863
pinch_sinusoid,pinch_sweep_size_rand_sinusoid-20260623-133237,TesolloCubePinch,TesolloCubePinch-20260623-141420-cubepinch_sb_baseline_s1,baseline,cubepinch_sb_baseline_s1,1,det,70,0,80,0.0,failed,3682863
pinch_sinusoid,pinch_sweep_size_rand_sinusoid-20260623-133237,TesolloCubePinch,TesolloCubePinch-20260623-141420-cubepinch_sb_baseline_s1,baseline,cubepinch_sb_baseline_s1,1,det,71,0,80,0.0,failed,3682863
pinch_sinusoid,pinch_sweep_size_rand_sinusoid-20260623-133237,TesolloCubePinch,TesolloCubePinch-20260623-141420-cubepinch_sb_baseline_s1,baseline,cubepinch_sb_baseline_s1,1,det,72,0,80,0.0,failed,3682863
pinch_sinusoid,pinch_sweep_size_rand_sinusoid-20260623-133237,TesolloCubePinch,TesolloCubePinch-20260623-141420-cubepinch_sb_baseline_s1,baseline,cubepinch_sb_baseline_s1,1,det,73,0,80,0.0,failed,3682863
pinch_sinusoid,pinch_sweep_size_rand_sinusoid-20260623-133237,TesolloCubePinch,TesolloCubePinch-20260623-141420-cubepinch_sb_baseline_s1,baseline,cubepinch_sb_baseline_s1,1,det,74,0,80,0.0,failed,3682863
pinch_sinusoid,pinch_sweep_size_rand_sinusoid-20260623-133237,TesolloCubePinch,TesolloCubePinch-20260623-141420-cubepinch_sb_baseline_s1,baseline,cubepinch_sb_baseline_s1,1,det,75,0,80,0.0,failed,3682863
pinch_sinusoid,pinch_sweep_size_rand_sinusoid-20260623-133237,TesolloCubePinch,TesolloCubePinch-20260623-141420-cubepinch_sb_baseline_s1,baseline,cubepinch_sb_baseline_s1,1,det,76,0,80,0.0,failed,3682863
pinch_sinusoid,pinch_sweep_size_rand_sinusoid-20260623-133237,TesolloCubePinch,TesolloCubePinch-20260623-141420-cubepinch_sb_baseline_s1,baseline,cubepinch_sb_baseline_s1,1,det,77,0,80,0.0,failed,3682863
pinch_sinusoid,pinch_sweep_size_rand_sinusoid-20260623-133237,TesolloCubePinch,TesolloCubePinch-20260623-141420-cubepinch_sb_baseline_s1,baseline,cubepinch_sb_baseline_s1,1,det,78,0,80,0.0,failed,3682863
pinch_sinusoid,pinch_sweep_size_rand_sinusoid-20260623-133237,TesolloCubePinch,TesolloCubePinch-20260623-141420-cubepinch_sb_baseline_s1,baseline,cubepinch_sb_baseline_s1,1,det,79,0,80,0.0,failed,3682863
pinch_sinusoid,pinch_sweep_size_rand_sinusoid-20260623-133237,TesolloCubePinch,TesolloCubePinch-20260623-141420-cubepinch_sb_baseline_s1,baseline,cubepinch_sb_baseline_s1,1,det,80,0,80,0.0,failed,3682863
pinch_sinusoid,pinch_sweep_size_rand_sinusoid-20260623-133237,TesolloCubePinch,TesolloCubePinch-20260623-141420-cubepinch_sb_baseline_s1,baseline,cubepinch_sb_baseline_s1,1,det,81,0,80,0.0,failed,3682863
pinch_sinusoid,pinch_sweep_size_rand_sinusoid-20260623-133237,TesolloCubePinch,TesolloCubePinch-20260623-141420-cubepinch_sb_baseline_s1,baseline,cubepinch_sb_baseline_s1,1,det,82,0,80,0.0,failed,3682863
pinch_sinusoid,pinch_sweep_size_rand_sinusoid-20260623-133237,TesolloCubePinch,TesolloCubePinch-20260623-141420-cubepinch_sb_baseline_s1,baseline,cubepinch_sb_baseline_s1,1,det,83,0,80,0.0,failed,3682863
pinch_sinusoid,pinch_sweep_size_rand_sinusoid-20260623-133237,TesolloCubePinch,TesolloCubePinch-20260623-141420-cubepinch_sb_baseline_s1,baseline,cubepinch_sb_baseline_s1,1,det,84,0,80,0.0,failed,3682863
pinch_sinusoid,pinch_sweep_size_rand_sinusoid-20260623-133237,TesolloCubePinch,TesolloCubePinch-20260623-141420-cubepinch_sb_baseline_s1,baseline,cubepinch_sb_baseline_s1,1,det,85,0,80,0.0,failed,3682863
pinch_sinusoid,pinch_sweep_size_rand_sinusoid-20260623-133237,TesolloCubePinch,TesolloCubePinch-20260623-141420-cubepinch_sb_baseline_s1,baseline,cubepinch_sb_baseline_s1,1,det,86,0,80,0.0,failed,3682863
pinch_sinusoid,pinch_sweep_size_rand_sinusoid-20260623-133237,TesolloCubePinch,TesolloCubePinch-20260623-141420-cubepinch_sb_baseline_s1,baseline,cubepinch_sb_baseline_s1,1,det,87,0,80,0.0,failed,3682863
pinch_sinusoid,pinch_sweep_size_rand_sinusoid-20260623-133237,TesolloCubePinch,TesolloCubePinch-20260623-141420-cubepinch_sb_baseline_s1,baseline,cubepinch_sb_baseline_s1,1,det,88,0,80,0.0,failed,3682863
pinch_sinusoid,pinch_sweep_size_rand_sinusoid-20260623-133237,TesolloCubePinch,TesolloCubePinch-20260623-141420-cubepinch_sb_baseline_s1,baseline,cubepinch_sb_baseline_s1,1,det,89,0,80,0.0,failed,3682863
pinch_sinusoid,pinch_sweep_size_rand_sinusoid-20260623-133237,TesolloCubePinch,TesolloCubePinch-20260623-141420-cubepinch_sb_baseline_s1,baseline,cubepinch_sb_baseline_s1,1,det,90,0,80,0.0,failed,3682863
pinch_sinusoid,pinch_sweep_size_rand_sinusoid-20260623-133237,TesolloCubePinch,TesolloCubePinch-20260623-141420-cubepinch_sb_baseline_s1,baseline,cubepinch_sb_baseline_s1,1,det,91,0,80,0.0,failed,3682863
pinch_sinusoid,pinch_sweep_size_rand_sinusoid-20260623-133237,TesolloCubePinch,TesolloCubePinch-20260623-141420-cubepinch_sb_baseline_s1,baseline,cubepinch_sb_baseline_s1,1,det,92,0,80,0.0,failed,3682863
pinch_sinusoid,pinch_sweep_size_rand_sinusoid-20260623-133237,TesolloCubePinch,TesolloCubePinch-20260623-141420-cubepinch_sb_baseline_s1,baseline,cubepinch_sb_baseline_s1,1,det,93,0,80,0.0,failed,3682863
pinch_sinusoid,pinch_sweep_size_rand_sinusoid-20260623-133237,TesolloCubePinch,TesolloCubePinch-20260623-141420-cubepinch_sb_baseline_s1,baseline,cubepinch_sb_baseline_s1,1,det,94,0,80,0.0,failed,3682863
pinch_sinusoid,pinch_sweep_size_rand_sinusoid-20260623-133237,TesolloCubePinch,TesolloCubePinch-20260623-141420-cubepinch_sb_baseline_s1,baseline,cubepinch_sb_baseline_s1,1,det,95,0,80,0.0,failed,3682863
pinch_sinusoid,pinch_sweep_size_rand_sinusoid-20260623-133237,TesolloCubePinch,TesolloCubePinch-20260623-141420-cubepinch_sb_baseline_s1,baseline,cubepinch_sb_baseline_s1,1,det,96,0,80,0.0,failed,3682863
pinch_sinusoid,pinch_sweep_size_rand_sinusoid-20260623-133237,TesolloCubePinch,TesolloCubePinch-20260623-141420-cubepinch_sb_baseline_s1,baseline,cubepinch_sb_baseline_s1,1,det,97,0,80,0.0,failed,3682863
pinch_sinusoid,pinch_sweep_size_rand_sinusoid-20260623-133237,TesolloCubePinch,TesolloCubePinch-20260623-141420-cubepinch_sb_baseline_s1,baseline,cubepinch_sb_baseline_s1,1,det,98,0,80,0.0,failed,3682863
pinch_sinusoid,pinch_sweep_size_rand_sinusoid-20260623-133237,TesolloCubePinch,TesolloCubePinch-20260623-141420-cubepinch_sb_baseline_s1,baseline,cubepinch_sb_baseline_s1,1,det,99,0,80,0.0,failed,3682863
pinch_sinusoid,pinch_sweep_size_rand_sinusoid-20260623-133237,TesolloCubePinch,TesolloCubePinch-20260623-142829-cubepinch_sb_baseline_s2,baseline,cubepinch_sb_baseline_s2,2,det,0,43,80,0.5375,ok,3682863
pinch_sinusoid,pinch_sweep_size_rand_sinusoid-20260623-133237,TesolloCubePinch,TesolloCubePinch-20260623-142829-cubepinch_sb_baseline_s2,baseline,cubepinch_sb_baseline_s2,2,det,1,14,80,0.175,ok,3682863
pinch_sinusoid,pinch_sweep_size_rand_sinusoid-20260623-133237,TesolloCubePinch,TesolloCubePinch-20260623-142829-cubepinch_sb_baseline_s2,baseline,cubepinch_sb_baseline_s2,2,det,2,20,80,0.25,ok,3682863
pinch_sinusoid,pinch_sweep_size_rand_sinusoid-20260623-133237,TesolloCubePinch,TesolloCubePinch-20260623-142829-cubepinch_sb_baseline_s2,baseline,cubepinch_sb_baseline_s2,2,det,3,28,80,0.35,ok,3682863
pinch_sinusoid,pinch_sweep_size_rand_sinusoid-20260623-133237,TesolloCubePinch,TesolloCubePinch-20260623-142829-cubepinch_sb_baseline_s2,baseline,cubepinch_sb_baseline_s2,2,det,4,26,80,0.325,ok,3682863
pinch_sinusoid,pinch_sweep_size_rand_sinusoid-20260623-133237,TesolloCubePinch,TesolloCubePinch-20260623-142829-cubepinch_sb_baseline_s2,baseline,cubepinch_sb_baseline_s2,2,det,5,23,80,0.2875,ok,3682863
pinch_sinusoid,pinch_sweep_size_rand_sinusoid-20260623-133237,TesolloCubePinch,TesolloCubePinch-20260623-142829-cubepinch_sb_baseline_s2,baseline,cubepinch_sb_baseline_s2,2,det,6,32,80,0.4,ok,3682863
pinch_sinusoid,pinch_sweep_size_rand_sinusoid-20260623-133237,TesolloCubePinch,TesolloCubePinch-20260623-142829-cubepinch_sb_baseline_s2,baseline,cubepinch_sb_baseline_s2,2,det,7,34,80,0.425,ok,3682863
pinch_sinusoid,pinch_sweep_size_rand_sinusoid-20260623-133237,TesolloCubePinch,TesolloCubePinch-20260623-142829-cubepinch_sb_baseline_s2,baseline,cubepinch_sb_baseline_s2,2,det,8,23,80,0.2875,ok,3682863
pinch_sinusoid,pinch_sweep_size_rand_sinusoid-20260623-133237,TesolloCubePinch,TesolloCubePinch-20260623-142829-cubepinch_sb_baseline_s2,baseline,cubepinch_sb_baseline_s2,2,det,9,17,80,0.2125,ok,3682863
pinch_sinusoid,pinch_sweep_size_rand_sinusoid-20260623-133237,TesolloCubePinch,TesolloCubePinch-20260623-142829-cubepinch_sb_baseline_s2,baseline,cubepinch_sb_baseline_s2,2,det,10,16,80,0.2,ok,3682863
pinch_sinusoid,pinch_sweep_size_rand_sinusoid-20260623-133237,TesolloCubePinch,TesolloCubePinch-20260623-142829-cubepinch_sb_baseline_s2,baseline,cubepinch_sb_baseline_s2,2,det,11,29,80,0.3625,ok,3682863
pinch_sinusoid,pinch_sweep_size_rand_sinusoid-20260623-133237,TesolloCubePinch,TesolloCubePinch-20260623-142829-cubepinch_sb_baseline_s2,baseline,cubepinch_sb_baseline_s2,2,det,12,18,80,0.225,ok,3682863
pinch_sinusoid,pinch_sweep_size_rand_sinusoid-20260623-133237,TesolloCubePinch,TesolloCubePinch-20260623-142829-cubepinch_sb_baseline_s2,baseline,cubepinch_sb_baseline_s2,2,det,13,25,80,0.3125,ok,3682863
pinch_sinusoid,pinch_sweep_size_rand_sinusoid-20260623-133237,TesolloCubePinch,TesolloCubePinch-20260623-142829-cubepinch_sb_baseline_s2,baseline,cubepinch_sb_baseline_s2,2,det,14,19,80,0.2375,ok,3682863
pinch_sinusoid,pinch_sweep_size_rand_sinusoid-20260623-133237,TesolloCubePinch,TesolloCubePinch-20260623-142829-cubepinch_sb_baseline_s2,baseline,cubepinch_sb_baseline_s2,2,det,15,14,80,0.175,ok,3682863
pinch_sinusoid,pinch_sweep_size_rand_sinusoid-20260623-133237,TesolloCubePinch,TesolloCubePinch-20260623-142829-cubepinch_sb_baseline_s2,baseline,cubepinch_sb_baseline_s2,2,det,16,15,80,0.1875,ok,3682863
pinch_sinusoid,pinch_sweep_size_rand_sinusoid-20260623-133237,TesolloCubePinch,TesolloCubePinch-20260623-142829-cubepinch_sb_baseline_s2,baseline,cubepinch_sb_baseline_s2,2,det,17,31,80,0.3875,ok,3682863
pinch_sinusoid,pinch_sweep_size_rand_sinusoid-20260623-133237,TesolloCubePinch,TesolloCubePinch-20260623-142829-cubepinch_sb_baseline_s2,baseline,cubepinch_sb_baseline_s2,2,det,18,23,80,0.2875,ok,3682863
pinch_sinusoid,pinch_sweep_size_rand_sinusoid-20260623-133237,TesolloCubePinch,TesolloCubePinch-20260623-142829-cubepinch_sb_baseline_s2,baseline,cubepinch_sb_baseline_s2,2,det,19,33,80,0.4125,ok,3682863
pinch_sinusoid,pinch_sweep_size_rand_sinusoid-20260623-133237,TesolloCubePinch,TesolloCubePinch-20260623-142829-cubepinch_sb_baseline_s2,baseline,cubepinch_sb_baseline_s2,2,det,20,31,80,0.3875,ok,3682863
pinch_sinusoid,pinch_sweep_size_rand_sinusoid-20260623-133237,TesolloCubePinch,TesolloCubePinch-20260623-142829-cubepinch_sb_baseline_s2,baseline,cubepinch_sb_baseline_s2,2,det,21,28,80,0.35,ok,3682863
pinch_sinusoid,pinch_sweep_size_rand_sinusoid-20260623-133237,TesolloCubePinch,TesolloCubePinch-20260623-142829-cubepinch_sb_baseline_s2,baseline,cubepinch_sb_baseline_s2,2,det,22,21,80,0.2625,ok,3682863
pinch_sinusoid,pinch_sweep_size_rand_sinusoid-20260623-133237,TesolloCubePinch,TesolloCubePinch-20260623-142829-cubepinch_sb_baseline_s2,baseline,cubepinch_sb_baseline_s2,2,det,23,25,80,0.3125,ok,3682863
pinch_sinusoid,pinch_sweep_size_rand_sinusoid-20260623-133237,TesolloCubePinch,TesolloCubePinch-20260623-142829-cubepinch_sb_baseline_s2,baseline,cubepinch_sb_baseline_s2,2,det,24,37,80,0.4625,ok,3682863
pinch_sinusoid,pinch_sweep_size_rand_sinusoid-20260623-133237,TesolloCubePinch,TesolloCubePinch-20260623-142829-cubepinch_sb_baseline_s2,baseline,cubepinch_sb_baseline_s2,2,det,25,19,80,0.2375,ok,3682863
pinch_sinusoid,pinch_sweep_size_rand_sinusoid-20260623-133237,TesolloCubePinch,TesolloCubePinch-20260623-142829-cubepinch_sb_baseline_s2,baseline,cubepinch_sb_baseline_s2,2,det,26,42,80,0.525,ok,3682863
pinch_sinusoid,pinch_sweep_size_rand_sinusoid-20260623-133237,TesolloCubePinch,TesolloCubePinch-20260623-142829-cubepinch_sb_baseline_s2,baseline,cubepinch_sb_baseline_s2,2,det,27,19,80,0.2375,ok,3682863
pinch_sinusoid,pinch_sweep_size_rand_sinusoid-20260623-133237,TesolloCubePinch,TesolloCubePinch-20260623-142829-cubepinch_sb_baseline_s2,baseline,cubepinch_sb_baseline_s2,2,det,28,10,80,0.125,ok,3682863
pinch_sinusoid,pinch_sweep_size_rand_sinusoid-20260623-133237,TesolloCubePinch,TesolloCubePinch-20260623-142829-cubepinch_sb_baseline_s2,baseline,cubepinch_sb_baseline_s2,2,det,29,16,80,0.2,ok,3682863
pinch_sinusoid,pinch_sweep_size_rand_sinusoid-20260623-133237,TesolloCubePinch,TesolloCubePinch-20260623-142829-cubepinch_sb_baseline_s2,baseline,cubepinch_sb_baseline_s2,2,det,30,17,80,0.2125,ok,3682863
pinch_sinusoid,pinch_sweep_size_rand_sinusoid-20260623-133237,TesolloCubePinch,TesolloCubePinch-20260623-142829-cubepinch_sb_baseline_s2,baseline,cubepinch_sb_baseline_s2,2,det,31,33,80,0.4125,ok,3682863
pinch_sinusoid,pinch_sweep_size_rand_sinusoid-20260623-133237,TesolloCubePinch,TesolloCubePinch-20260623-142829-cubepinch_sb_baseline_s2,baseline,cubepinch_sb_baseline_s2,2,det,32,23,80,0.2875,ok,3682863
pinch_sinusoid,pinch_sweep_size_rand_sinusoid-20260623-133237,TesolloCubePinch,TesolloCubePinch-20260623-142829-cubepinch_sb_baseline_s2,baseline,cubepinch_sb_baseline_s2,2,det,33,23,80,0.2875,ok,3682863
pinch_sinusoid,pinch_sweep_size_rand_sinusoid-20260623-133237,TesolloCubePinch,TesolloCubePinch-20260623-142829-cubepinch_sb_baseline_s2,baseline,cubepinch_sb_baseline_s2,2,det,34,21,80,0.2625,ok,3682863
pinch_sinusoid,pinch_sweep_size_rand_sinusoid-20260623-133237,TesolloCubePinch,TesolloCubePinch-20260623-142829-cubepinch_sb_baseline_s2,baseline,cubepinch_sb_baseline_s2,2,det,35,50,80,0.625,ok,3682863
pinch_sinusoid,pinch_sweep_size_rand_sinusoid-20260623-133237,TesolloCubePinch,TesolloCubePinch-20260623-142829-cubepinch_sb_baseline_s2,baseline,cubepinch_sb_baseline_s2,2,det,36,19,80,0.2375,ok,3682863
pinch_sinusoid,pinch_sweep_size_rand_sinusoid-20260623-133237,TesolloCubePinch,TesolloCubePinch-20260623-142829-cubepinch_sb_baseline_s2,baseline,cubepinch_sb_baseline_s2,2,det,37,24,80,0.3,ok,3682863
pinch_sinusoid,pinch_sweep_size_rand_sinusoid-20260623-133237,TesolloCubePinch,TesolloCubePinch-20260623-142829-cubepinch_sb_baseline_s2,baseline,cubepinch_sb_baseline_s2,2,det,38,17,80,0.2125,ok,3682863
pinch_sinusoid,pinch_sweep_size_rand_sinusoid-20260623-133237,TesolloCubePinch,TesolloCubePinch-20260623-142829-cubepinch_sb_baseline_s2,baseline,cubepinch_sb_baseline_s2,2,det,39,25,80,0.3125,ok,3682863
pinch_sinusoid,pinch_sweep_size_rand_sinusoid-20260623-133237,TesolloCubePinch,TesolloCubePinch-20260623-142829-cubepinch_sb_baseline_s2,baseline,cubepinch_sb_baseline_s2,2,det,40,16,80,0.2,ok,3682863
pinch_sinusoid,pinch_sweep_size_rand_sinusoid-20260623-133237,TesolloCubePinch,TesolloCubePinch-20260623-142829-cubepinch_sb_baseline_s2,baseline,cubepinch_sb_baseline_s2,2,det,41,18,80,0.225,ok,3682863
pinch_sinusoid,pinch_sweep_size_rand_sinusoid-20260623-133237,TesolloCubePinch,TesolloCubePinch-20260623-142829-cubepinch_sb_baseline_s2,baseline,cubepinch_sb_baseline_s2,2,det,42,18,80,0.225,ok,3682863
pinch_sinusoid,pinch_sweep_size_rand_sinusoid-20260623-133237,TesolloCubePinch,TesolloCubePinch-20260623-142829-cubepinch_sb_baseline_s2,baseline,cubepinch_sb_baseline_s2,2,det,43,36,80,0.45,ok,3682863
pinch_sinusoid,pinch_sweep_size_rand_sinusoid-20260623-133237,TesolloCubePinch,TesolloCubePinch-20260623-142829-cubepinch_sb_baseline_s2,baseline,cubepinch_sb_baseline_s2,2,det,44,26,80,0.325,ok,3682863
pinch_sinusoid,pinch_sweep_size_rand_sinusoid-20260623-133237,TesolloCubePinch,TesolloCubePinch-20260623-142829-cubepinch_sb_baseline_s2,baseline,cubepinch_sb_baseline_s2,2,det,45,22,80,0.275,ok,3682863
pinch_sinusoid,pinch_sweep_size_rand_sinusoid-20260623-133237,TesolloCubePinch,TesolloCubePinch-20260623-142829-cubepinch_sb_baseline_s2,baseline,cubepinch_sb_baseline_s2,2,det,46,8,80,0.1,ok,3682863
pinch_sinusoid,pinch_sweep_size_rand_sinusoid-20260623-133237,TesolloCubePinch,TesolloCubePinch-20260623-142829-cubepinch_sb_baseline_s2,baseline,cubepinch_sb_baseline_s2,2,det,47,38,80,0.475,ok,3682863
pinch_sinusoid,pinch_sweep_size_rand_sinusoid-20260623-133237,TesolloCubePinch,TesolloCubePinch-20260623-142829-cubepinch_sb_baseline_s2,baseline,cubepinch_sb_baseline_s2,2,det,48,41,80,0.5125,ok,3682863
pinch_sinusoid,pinch_sweep_size_rand_sinusoid-20260623-133237,TesolloCubePinch,TesolloCubePinch-20260623-142829-cubepinch_sb_baseline_s2,baseline,cubepinch_sb_baseline_s2,2,det,49,15,80,0.1875,ok,3682863
pinch_sinusoid,pinch_sweep_size_rand_sinusoid-20260623-133237,TesolloCubePinch,TesolloCubePinch-20260623-142829-cubepinch_sb_baseline_s2,baseline,cubepinch_sb_baseline_s2,2,det,50,33,80,0.4125,ok,3682863
pinch_sinusoid,pinch_sweep_size_rand_sinusoid-20260623-133237,TesolloCubePinch,TesolloCubePinch-20260623-142829-cubepinch_sb_baseline_s2,baseline,cubepinch_sb_baseline_s2,2,det,51,13,80,0.1625,ok,3682863
pinch_sinusoid,pinch_sweep_size_rand_sinusoid-20260623-133237,TesolloCubePinch,TesolloCubePinch-20260623-142829-cubepinch_sb_baseline_s2,baseline,cubepinch_sb_baseline_s2,2,det,52,34,80,0.425,ok,3682863
pinch_sinusoid,pinch_sweep_size_rand_sinusoid-20260623-133237,TesolloCubePinch,TesolloCubePinch-20260623-142829-cubepinch_sb_baseline_s2,baseline,cubepinch_sb_baseline_s2,2,det,53,30,80,0.375,ok,3682863
pinch_sinusoid,pinch_sweep_size_rand_sinusoid-20260623-133237,TesolloCubePinch,TesolloCubePinch-20260623-142829-cubepinch_sb_baseline_s2,baseline,cubepinch_sb_baseline_s2,2,det,54,50,80,0.625,ok,3682863
pinch_sinusoid,pinch_sweep_size_rand_sinusoid-20260623-133237,TesolloCubePinch,TesolloCubePinch-20260623-142829-cubepinch_sb_baseline_s2,baseline,cubepinch_sb_baseline_s2,2,det,55,20,80,0.25,ok,3682863
pinch_sinusoid,pinch_sweep_size_rand_sinusoid-20260623-133237,TesolloCubePinch,TesolloCubePinch-20260623-142829-cubepinch_sb_baseline_s2,baseline,cubepinch_sb_baseline_s2,2,det,56,14,80,0.175,ok,3682863
pinch_sinusoid,pinch_sweep_size_rand_sinusoid-20260623-133237,TesolloCubePinch,TesolloCubePinch-20260623-142829-cubepinch_sb_baseline_s2,baseline,cubepinch_sb_baseline_s2,2,det,57,18,80,0.225,ok,3682863
pinch_sinusoid,pinch_sweep_size_rand_sinusoid-20260623-133237,TesolloCubePinch,TesolloCubePinch-20260623-142829-cubepinch_sb_baseline_s2,baseline,cubepinch_sb_baseline_s2,2,det,58,25,80,0.3125,ok,3682863
pinch_sinusoid,pinch_sweep_size_rand_sinusoid-20260623-133237,TesolloCubePinch,TesolloCubePinch-20260623-142829-cubepinch_sb_baseline_s2,baseline,cubepinch_sb_baseline_s2,2,det,59,31,80,0.3875,ok,3682863
pinch_sinusoid,pinch_sweep_size_rand_sinusoid-20260623-133237,TesolloCubePinch,TesolloCubePinch-20260623-142829-cubepinch_sb_baseline_s2,baseline,cubepinch_sb_baseline_s2,2,det,60,24,80,0.3,ok,3682863
pinch_sinusoid,pinch_sweep_size_rand_sinusoid-20260623-133237,TesolloCubePinch,TesolloCubePinch-20260623-142829-cubepinch_sb_baseline_s2,baseline,cubepinch_sb_baseline_s2,2,det,61,22,80,0.275,ok,3682863
pinch_sinusoid,pinch_sweep_size_rand_sinusoid-20260623-133237,TesolloCubePinch,TesolloCubePinch-20260623-142829-cubepinch_sb_baseline_s2,baseline,cubepinch_sb_baseline_s2,2,det,62,31,80,0.3875,ok,3682863
pinch_sinusoid,pinch_sweep_size_rand_sinusoid-20260623-133237,TesolloCubePinch,TesolloCubePinch-20260623-142829-cubepinch_sb_baseline_s2,baseline,cubepinch_sb_baseline_s2,2,det,63,23,80,0.2875,ok,3682863
pinch_sinusoid,pinch_sweep_size_rand_sinusoid-20260623-133237,TesolloCubePinch,TesolloCubePinch-20260623-142829-cubepinch_sb_baseline_s2,baseline,cubepinch_sb_baseline_s2,2,det,64,43,80,0.5375,ok,3682863
pinch_sinusoid,pinch_sweep_size_rand_sinusoid-20260623-133237,TesolloCubePinch,TesolloCubePinch-20260623-142829-cubepinch_sb_baseline_s2,baseline,cubepinch_sb_baseline_s2,2,det,65,38,80,0.475,ok,3682863
pinch_sinusoid,pinch_sweep_size_rand_sinusoid-20260623-133237,TesolloCubePinch,TesolloCubePinch-20260623-142829-cubepinch_sb_baseline_s2,baseline,cubepinch_sb_baseline_s2,2,det,66,28,80,0.35,ok,3682863
pinch_sinusoid,pinch_sweep_size_rand_sinusoid-20260623-133237,TesolloCubePinch,TesolloCubePinch-20260623-142829-cubepinch_sb_baseline_s2,baseline,cubepinch_sb_baseline_s2,2,det,67,8,80,0.1,ok,3682863
pinch_sinusoid,pinch_sweep_size_rand_sinusoid-20260623-133237,TesolloCubePinch,TesolloCubePinch-20260623-142829-cubepinch_sb_baseline_s2,baseline,cubepinch_sb_baseline_s2,2,det,68,33,80,0.4125,ok,3682863
pinch_sinusoid,pinch_sweep_size_rand_sinusoid-20260623-133237,TesolloCubePinch,TesolloCubePinch-20260623-142829-cubepinch_sb_baseline_s2,baseline,cubepinch_sb_baseline_s2,2,det,69,20,80,0.25,ok,3682863
pinch_sinusoid,pinch_sweep_size_rand_sinusoid-20260623-133237,TesolloCubePinch,TesolloCubePinch-20260623-142829-cubepinch_sb_baseline_s2,baseline,cubepinch_sb_baseline_s2,2,det,70,29,80,0.3625,ok,3682863
pinch_sinusoid,pinch_sweep_size_rand_sinusoid-20260623-133237,TesolloCubePinch,TesolloCubePinch-20260623-142829-cubepinch_sb_baseline_s2,baseline,cubepinch_sb_baseline_s2,2,det,71,21,80,0.2625,ok,3682863
pinch_sinusoid,pinch_sweep_size_rand_sinusoid-20260623-133237,TesolloCubePinch,TesolloCubePinch-20260623-142829-cubepinch_sb_baseline_s2,baseline,cubepinch_sb_baseline_s2,2,det,72,33,80,0.4125,ok,3682863
pinch_sinusoid,pinch_sweep_size_rand_sinusoid-20260623-133237,TesolloCubePinch,TesolloCubePinch-20260623-142829-cubepinch_sb_baseline_s2,baseline,cubepinch_sb_baseline_s2,2,det,73,23,80,0.2875,ok,3682863
pinch_sinusoid,pinch_sweep_size_rand_sinusoid-20260623-133237,TesolloCubePinch,TesolloCubePinch-20260623-142829-cubepinch_sb_baseline_s2,baseline,cubepinch_sb_baseline_s2,2,det,74,42,80,0.525,ok,3682863
pinch_sinusoid,pinch_sweep_size_rand_sinusoid-20260623-133237,TesolloCubePinch,TesolloCubePinch-20260623-142829-cubepinch_sb_baseline_s2,baseline,cubepinch_sb_baseline_s2,2,det,75,31,80,0.3875,ok,3682863
pinch_sinusoid,pinch_sweep_size_rand_sinusoid-20260623-133237,TesolloCubePinch,TesolloCubePinch-20260623-142829-cubepinch_sb_baseline_s2,baseline,cubepinch_sb_baseline_s2,2,det,76,14,80,0.175,ok,3682863
pinch_sinusoid,pinch_sweep_size_rand_sinusoid-20260623-133237,TesolloCubePinch,TesolloCubePinch-20260623-142829-cubepinch_sb_baseline_s2,baseline,cubepinch_sb_baseline_s2,2,det,77,14,80,0.175,ok,3682863
pinch_sinusoid,pinch_sweep_size_rand_sinusoid-20260623-133237,TesolloCubePinch,TesolloCubePinch-20260623-142829-cubepinch_sb_baseline_s2,baseline,cubepinch_sb_baseline_s2,2,det,78,22,80,0.275,ok,3682863
pinch_sinusoid,pinch_sweep_size_rand_sinusoid-20260623-133237,TesolloCubePinch,TesolloCubePinch-20260623-142829-cubepinch_sb_baseline_s2,baseline,cubepinch_sb_baseline_s2,2,det,79,23,80,0.2875,ok,3682863
pinch_sinusoid,pinch_sweep_size_rand_sinusoid-20260623-133237,TesolloCubePinch,TesolloCubePinch-20260623-142829-cubepinch_sb_baseline_s2,baseline,cubepinch_sb_baseline_s2,2,det,80,25,80,0.3125,ok,3682863
pinch_sinusoid,pinch_sweep_size_rand_sinusoid-20260623-133237,TesolloCubePinch,TesolloCubePinch-20260623-142829-cubepinch_sb_baseline_s2,baseline,cubepinch_sb_baseline_s2,2,det,81,27,80,0.3375,ok,3682863
pinch_sinusoid,pinch_sweep_size_rand_sinusoid-20260623-133237,TesolloCubePinch,TesolloCubePinch-20260623-142829-cubepinch_sb_baseline_s2,baseline,cubepinch_sb_baseline_s2,2,det,82,29,80,0.3625,ok,3682863
pinch_sinusoid,pinch_sweep_size_rand_sinusoid-20260623-133237,TesolloCubePinch,TesolloCubePinch-20260623-142829-cubepinch_sb_baseline_s2,baseline,cubepinch_sb_baseline_s2,2,det,83,20,80,0.25,ok,3682863
pinch_sinusoid,pinch_sweep_size_rand_sinusoid-20260623-133237,TesolloCubePinch,TesolloCubePinch-20260623-142829-cubepinch_sb_baseline_s2,baseline,cubepinch_sb_baseline_s2,2,det,84,34,80,0.425,ok,3682863
pinch_sinusoid,pinch_sweep_size_rand_sinusoid-20260623-133237,TesolloCubePinch,TesolloCubePinch-20260623-142829-cubepinch_sb_baseline_s2,baseline,cubepinch_sb_baseline_s2,2,det,85,22,80,0.275,ok,3682863
pinch_sinusoid,pinch_sweep_size_rand_sinusoid-20260623-133237,TesolloCubePinch,TesolloCubePinch-20260623-142829-cubepinch_sb_baseline_s2,baseline,cubepinch_sb_baseline_s2,2,det,86,28,80,0.35,ok,3682863
pinch_sinusoid,pinch_sweep_size_rand_sinusoid-20260623-133237,TesolloCubePinch,TesolloCubePinch-20260623-142829-cubepinch_sb_baseline_s2,baseline,cubepinch_sb_baseline_s2,2,det,87,29,80,0.3625,ok,3682863
pinch_sinusoid,pinch_sweep_size_rand_sinusoid-20260623-133237,TesolloCubePinch,TesolloCubePinch-20260623-142829-cubepinch_sb_baseline_s2,baseline,cubepinch_sb_baseline_s2,2,det,88,26,80,0.325,ok,3682863
pinch_sinusoid,pinch_sweep_size_rand_sinusoid-20260623-133237,TesolloCubePinch,TesolloCubePinch-20260623-142829-cubepinch_sb_baseline_s2,baseline,cubepinch_sb_baseline_s2,2,det,89,25,80,0.3125,ok,3682863
pinch_sinusoid,pinch_sweep_size_rand_sinusoid-20260623-133237,TesolloCubePinch,TesolloCubePinch-20260623-142829-cubepinch_sb_baseline_s2,baseline,cubepinch_sb_baseline_s2,2,det,90,23,80,0.2875,ok,3682863
pinch_sinusoid,pinch_sweep_size_rand_sinusoid-20260623-133237,TesolloCubePinch,TesolloCubePinch-20260623-142829-cubepinch_sb_baseline_s2,baseline,cubepinch_sb_baseline_s2,2,det,91,7,80,0.0875,ok,3682863
pinch_sinusoid,pinch_sweep_size_rand_sinusoid-20260623-133237,TesolloCubePinch,TesolloCubePinch-20260623-142829-cubepinch_sb_baseline_s2,baseline,cubepinch_sb_baseline_s2,2,det,92,20,80,0.25,ok,3682863
pinch_sinusoid,pinch_sweep_size_rand_sinusoid-20260623-133237,TesolloCubePinch,TesolloCubePinch-20260623-142829-cubepinch_sb_baseline_s2,baseline,cubepinch_sb_baseline_s2,2,det,93,43,80,0.5375,ok,3682863
pinch_sinusoid,pinch_sweep_size_rand_sinusoid-20260623-133237,TesolloCubePinch,TesolloCubePinch-20260623-142829-cubepinch_sb_baseline_s2,baseline,cubepinch_sb_baseline_s2,2,det,94,42,80,0.525,ok,3682863
pinch_sinusoid,pinch_sweep_size_rand_sinusoid-20260623-133237,TesolloCubePinch,TesolloCubePinch-20260623-142829-cubepinch_sb_baseline_s2,baseline,cubepinch_sb_baseline_s2,2,det,95,15,80,0.1875,ok,3682863
pinch_sinusoid,pinch_sweep_size_rand_sinusoid-20260623-133237,TesolloCubePinch,TesolloCubePinch-20260623-142829-cubepinch_sb_baseline_s2,baseline,cubepinch_sb_baseline_s2,2,det,96,31,80,0.3875,ok,3682863
pinch_sinusoid,pinch_sweep_size_rand_sinusoid-20260623-133237,TesolloCubePinch,TesolloCubePinch-20260623-142829-cubepinch_sb_baseline_s2,baseline,cubepinch_sb_baseline_s2,2,det,97,17,80,0.2125,ok,3682863
pinch_sinusoid,pinch_sweep_size_rand_sinusoid-20260623-133237,TesolloCubePinch,TesolloCubePinch-20260623-142829-cubepinch_sb_baseline_s2,baseline,cubepinch_sb_baseline_s2,2,det,98,16,80,0.2,ok,3682863
pinch_sinusoid,pinch_sweep_size_rand_sinusoid-20260623-133237,TesolloCubePinch,TesolloCubePinch-20260623-142829-cubepinch_sb_baseline_s2,baseline,cubepinch_sb_baseline_s2,2,det,99,22,80,0.275,ok,3682863
pinch_sinusoid,pinch_sweep_size_rand_sinusoid-20260623-133237,TesolloCubePinch,TesolloCubePinch-20260623-144235-cubepinch_sb_baseline_s3,baseline,cubepinch_sb_baseline_s3,3,det,0,40,80,0.5,ok,3682863
pinch_sinusoid,pinch_sweep_size_rand_sinusoid-20260623-133237,TesolloCubePinch,TesolloCubePinch-20260623-144235-cubepinch_sb_baseline_s3,baseline,cubepinch_sb_baseline_s3,3,det,1,30,80,0.375,ok,3682863
pinch_sinusoid,pinch_sweep_size_rand_sinusoid-20260623-133237,TesolloCubePinch,TesolloCubePinch-20260623-144235-cubepinch_sb_baseline_s3,baseline,cubepinch_sb_baseline_s3,3,det,2,22,80,0.275,ok,3682863
pinch_sinusoid,pinch_sweep_size_rand_sinusoid-20260623-133237,TesolloCubePinch,TesolloCubePinch-20260623-144235-cubepinch_sb_baseline_s3,baseline,cubepinch_sb_baseline_s3,3,det,3,22,80,0.275,ok,3682863
pinch_sinusoid,pinch_sweep_size_rand_sinusoid-20260623-133237,TesolloCubePinch,TesolloCubePinch-20260623-144235-cubepinch_sb_baseline_s3,baseline,cubepinch_sb_baseline_s3,3,det,4,38,80,0.475,ok,3682863
pinch_sinusoid,pinch_sweep_size_rand_sinusoid-20260623-133237,TesolloCubePinch,TesolloCubePinch-20260623-144235-cubepinch_sb_baseline_s3,baseline,cubepinch_sb_baseline_s3,3,det,5,28,80,0.35,ok,3682863
pinch_sinusoid,pinch_sweep_size_rand_sinusoid-20260623-133237,TesolloCubePinch,TesolloCubePinch-20260623-144235-cubepinch_sb_baseline_s3,baseline,cubepinch_sb_baseline_s3,3,det,6,20,80,0.25,ok,3682863
pinch_sinusoid,pinch_sweep_size_rand_sinusoid-20260623-133237,TesolloCubePinch,TesolloCubePinch-20260623-144235-cubepinch_sb_baseline_s3,baseline,cubepinch_sb_baseline_s3,3,det,7,40,80,0.5,ok,3682863
pinch_sinusoid,pinch_sweep_size_rand_sinusoid-20260623-133237,TesolloCubePinch,TesolloCubePinch-20260623-144235-cubepinch_sb_baseline_s3,baseline,cubepinch_sb_baseline_s3,3,det,8,34,80,0.425,ok,3682863
pinch_sinusoid,pinch_sweep_size_rand_sinusoid-20260623-133237,TesolloCubePinch,TesolloCubePinch-20260623-144235-cubepinch_sb_baseline_s3,baseline,cubepinch_sb_baseline_s3,3,det,9,26,80,0.325,ok,3682863
pinch_sinusoid,pinch_sweep_size_rand_sinusoid-20260623-133237,TesolloCubePinch,TesolloCubePinch-20260623-144235-cubepinch_sb_baseline_s3,baseline,cubepinch_sb_baseline_s3,3,det,10,32,80,0.4,ok,3682863
pinch_sinusoid,pinch_sweep_size_rand_sinusoid-20260623-133237,TesolloCubePinch,TesolloCubePinch-20260623-144235-cubepinch_sb_baseline_s3,baseline,cubepinch_sb_baseline_s3,3,det,11,35,80,0.4375,ok,3682863
pinch_sinusoid,pinch_sweep_size_rand_sinusoid-20260623-133237,TesolloCubePinch,TesolloCubePinch-20260623-144235-cubepinch_sb_baseline_s3,baseline,cubepinch_sb_baseline_s3,3,det,12,38,80,0.475,ok,3682863
pinch_sinusoid,pinch_sweep_size_rand_sinusoid-20260623-133237,TesolloCubePinch,TesolloCubePinch-20260623-144235-cubepinch_sb_baseline_s3,baseline,cubepinch_sb_baseline_s3,3,det,13,26,80,0.325,ok,3682863
pinch_sinusoid,pinch_sweep_size_rand_sinusoid-20260623-133237,TesolloCubePinch,TesolloCubePinch-20260623-144235-cubepinch_sb_baseline_s3,baseline,cubepinch_sb_baseline_s3,3,det,14,21,80,0.2625,ok,3682863
pinch_sinusoid,pinch_sweep_size_rand_sinusoid-20260623-133237,TesolloCubePinch,TesolloCubePinch-20260623-144235-cubepinch_sb_baseline_s3,baseline,cubepinch_sb_baseline_s3,3,det,15,26,80,0.325,ok,3682863
pinch_sinusoid,pinch_sweep_size_rand_sinusoid-20260623-133237,TesolloCubePinch,TesolloCubePinch-20260623-144235-cubepinch_sb_baseline_s3,baseline,cubepinch_sb_baseline_s3,3,det,16,21,80,0.2625,ok,3682863
pinch_sinusoid,pinch_sweep_size_rand_sinusoid-20260623-133237,TesolloCubePinch,TesolloCubePinch-20260623-144235-cubepinch_sb_baseline_s3,baseline,cubepinch_sb_baseline_s3,3,det,17,29,80,0.3625,ok,3682863
pinch_sinusoid,pinch_sweep_size_rand_sinusoid-20260623-133237,TesolloCubePinch,TesolloCubePinch-20260623-144235-cubepinch_sb_baseline_s3,baseline,cubepinch_sb_baseline_s3,3,det,18,34,80,0.425,ok,3682863
pinch_sinusoid,pinch_sweep_size_rand_sinusoid-20260623-133237,TesolloCubePinch,TesolloCubePinch-20260623-144235-cubepinch_sb_baseline_s3,baseline,cubepinch_sb_baseline_s3,3,det,19,19,80,0.2375,ok,3682863
pinch_sinusoid,pinch_sweep_size_rand_sinusoid-20260623-133237,TesolloCubePinch,TesolloCubePinch-20260623-144235-cubepinch_sb_baseline_s3,baseline,cubepinch_sb_baseline_s3,3,det,20,23,80,0.2875,ok,3682863
pinch_sinusoid,pinch_sweep_size_rand_sinusoid-20260623-133237,TesolloCubePinch,TesolloCubePinch-20260623-144235-cubepinch_sb_baseline_s3,baseline,cubepinch_sb_baseline_s3,3,det,21,34,80,0.425,ok,3682863
pinch_sinusoid,pinch_sweep_size_rand_sinusoid-20260623-133237,TesolloCubePinch,TesolloCubePinch-20260623-144235-cubepinch_sb_baseline_s3,baseline,cubepinch_sb_baseline_s3,3,det,22,27,80,0.3375,ok,3682863
pinch_sinusoid,pinch_sweep_size_rand_sinusoid-20260623-133237,TesolloCubePinch,TesolloCubePinch-20260623-144235-cubepinch_sb_baseline_s3,baseline,cubepinch_sb_baseline_s3,3,det,23,21,80,0.2625,ok,3682863
pinch_sinusoid,pinch_sweep_size_rand_sinusoid-20260623-133237,TesolloCubePinch,TesolloCubePinch-20260623-144235-cubepinch_sb_baseline_s3,baseline,cubepinch_sb_baseline_s3,3,det,24,39,80,0.4875,ok,3682863
pinch_sinusoid,pinch_sweep_size_rand_sinusoid-20260623-133237,TesolloCubePinch,TesolloCubePinch-20260623-144235-cubepinch_sb_baseline_s3,baseline,cubepinch_sb_baseline_s3,3,det,25,28,80,0.35,ok,3682863
pinch_sinusoid,pinch_sweep_size_rand_sinusoid-20260623-133237,TesolloCubePinch,TesolloCubePinch-20260623-144235-cubepinch_sb_baseline_s3,baseline,cubepinch_sb_baseline_s3,3,det,26,38,80,0.475,ok,3682863
pinch_sinusoid,pinch_sweep_size_rand_sinusoid-20260623-133237,TesolloCubePinch,TesolloCubePinch-20260623-144235-cubepinch_sb_baseline_s3,baseline,cubepinch_sb_baseline_s3,3,det,27,36,80,0.45,ok,3682863
pinch_sinusoid,pinch_sweep_size_rand_sinusoid-20260623-133237,TesolloCubePinch,TesolloCubePinch-20260623-144235-cubepinch_sb_baseline_s3,baseline,cubepinch_sb_baseline_s3,3,det,28,22,80,0.275,ok,3682863
pinch_sinusoid,pinch_sweep_size_rand_sinusoid-20260623-133237,TesolloCubePinch,TesolloCubePinch-20260623-144235-cubepinch_sb_baseline_s3,baseline,cubepinch_sb_baseline_s3,3,det,29,43,80,0.5375,ok,3682863
pinch_sinusoid,pinch_sweep_size_rand_sinusoid-20260623-133237,TesolloCubePinch,TesolloCubePinch-20260623-144235-cubepinch_sb_baseline_s3,baseline,cubepinch_sb_baseline_s3,3,det,30,37,80,0.4625,ok,3682863
pinch_sinusoid,pinch_sweep_size_rand_sinusoid-20260623-133237,TesolloCubePinch,TesolloCubePinch-20260623-144235-cubepinch_sb_baseline_s3,baseline,cubepinch_sb_baseline_s3,3,det,31,44,80,0.55,ok,3682863
pinch_sinusoid,pinch_sweep_size_rand_sinusoid-20260623-133237,TesolloCubePinch,TesolloCubePinch-20260623-144235-cubepinch_sb_baseline_s3,baseline,cubepinch_sb_baseline_s3,3,det,32,20,80,0.25,ok,3682863
pinch_sinusoid,pinch_sweep_size_rand_sinusoid-20260623-133237,TesolloCubePinch,TesolloCubePinch-20260623-144235-cubepinch_sb_baseline_s3,baseline,cubepinch_sb_baseline_s3,3,det,33,32,80,0.4,ok,3682863
pinch_sinusoid,pinch_sweep_size_rand_sinusoid-20260623-133237,TesolloCubePinch,TesolloCubePinch-20260623-144235-cubepinch_sb_baseline_s3,baseline,cubepinch_sb_baseline_s3,3,det,34,37,80,0.4625,ok,3682863
pinch_sinusoid,pinch_sweep_size_rand_sinusoid-20260623-133237,TesolloCubePinch,TesolloCubePinch-20260623-144235-cubepinch_sb_baseline_s3,baseline,cubepinch_sb_baseline_s3,3,det,35,35,80,0.4375,ok,3682863
pinch_sinusoid,pinch_sweep_size_rand_sinusoid-20260623-133237,TesolloCubePinch,TesolloCubePinch-20260623-144235-cubepinch_sb_baseline_s3,baseline,cubepinch_sb_baseline_s3,3,det,36,4,80,0.05,ok,3682863
pinch_sinusoid,pinch_sweep_size_rand_sinusoid-20260623-133237,TesolloCubePinch,TesolloCubePinch-20260623-144235-cubepinch_sb_baseline_s3,baseline,cubepinch_sb_baseline_s3,3,det,37,36,80,0.45,ok,3682863
pinch_sinusoid,pinch_sweep_size_rand_sinusoid-20260623-133237,TesolloCubePinch,TesolloCubePinch-20260623-144235-cubepinch_sb_baseline_s3,baseline,cubepinch_sb_baseline_s3,3,det,38,22,80,0.275,ok,3682863
pinch_sinusoid,pinch_sweep_size_rand_sinusoid-20260623-133237,TesolloCubePinch,TesolloCubePinch-20260623-144235-cubepinch_sb_baseline_s3,baseline,cubepinch_sb_baseline_s3,3,det,39,25,80,0.3125,ok,3682863
pinch_sinusoid,pinch_sweep_size_rand_sinusoid-20260623-133237,TesolloCubePinch,TesolloCubePinch-20260623-144235-cubepinch_sb_baseline_s3,baseline,cubepinch_sb_baseline_s3,3,det,40,25,80,0.3125,ok,3682863
pinch_sinusoid,pinch_sweep_size_rand_sinusoid-20260623-133237,TesolloCubePinch,TesolloCubePinch-20260623-144235-cubepinch_sb_baseline_s3,baseline,cubepinch_sb_baseline_s3,3,det,41,38,80,0.475,ok,3682863
pinch_sinusoid,pinch_sweep_size_rand_sinusoid-20260623-133237,TesolloCubePinch,TesolloCubePinch-20260623-144235-cubepinch_sb_baseline_s3,baseline,cubepinch_sb_baseline_s3,3,det,42,36,80,0.45,ok,3682863
pinch_sinusoid,pinch_sweep_size_rand_sinusoid-20260623-133237,TesolloCubePinch,TesolloCubePinch-20260623-144235-cubepinch_sb_baseline_s3,baseline,cubepinch_sb_baseline_s3,3,det,43,24,80,0.3,ok,3682863
pinch_sinusoid,pinch_sweep_size_rand_sinusoid-20260623-133237,TesolloCubePinch,TesolloCubePinch-20260623-144235-cubepinch_sb_baseline_s3,baseline,cubepinch_sb_baseline_s3,3,det,44,25,80,0.3125,ok,3682863
pinch_sinusoid,pinch_sweep_size_rand_sinusoid-20260623-133237,TesolloCubePinch,TesolloCubePinch-20260623-144235-cubepinch_sb_baseline_s3,baseline,cubepinch_sb_baseline_s3,3,det,45,37,80,0.4625,ok,3682863
pinch_sinusoid,pinch_sweep_size_rand_sinusoid-20260623-133237,TesolloCubePinch,TesolloCubePinch-20260623-144235-cubepinch_sb_baseline_s3,baseline,cubepinch_sb_baseline_s3,3,det,46,27,80,0.3375,ok,3682863
pinch_sinusoid,pinch_sweep_size_rand_sinusoid-20260623-133237,TesolloCubePinch,TesolloCubePinch-20260623-144235-cubepinch_sb_baseline_s3,baseline,cubepinch_sb_baseline_s3,3,det,47,37,80,0.4625,ok,3682863
pinch_sinusoid,pinch_sweep_size_rand_sinusoid-20260623-133237,TesolloCubePinch,TesolloCubePinch-20260623-144235-cubepinch_sb_baseline_s3,baseline,cubepinch_sb_baseline_s3,3,det,48,23,80,0.2875,ok,3682863
pinch_sinusoid,pinch_sweep_size_rand_sinusoid-20260623-133237,TesolloCubePinch,TesolloCubePinch-20260623-144235-cubepinch_sb_baseline_s3,baseline,cubepinch_sb_baseline_s3,3,det,49,28,80,0.35,ok,3682863
pinch_sinusoid,pinch_sweep_size_rand_sinusoid-20260623-133237,TesolloCubePinch,TesolloCubePinch-20260623-144235-cubepinch_sb_baseline_s3,baseline,cubepinch_sb_baseline_s3,3,det,50,29,80,0.3625,ok,3682863
pinch_sinusoid,pinch_sweep_size_rand_sinusoid-20260623-133237,TesolloCubePinch,TesolloCubePinch-20260623-144235-cubepinch_sb_baseline_s3,baseline,cubepinch_sb_baseline_s3,3,det,51,22,80,0.275,ok,3682863
pinch_sinusoid,pinch_sweep_size_rand_sinusoid-20260623-133237,TesolloCubePinch,TesolloCubePinch-20260623-144235-cubepinch_sb_baseline_s3,baseline,cubepinch_sb_baseline_s3,3,det,52,11,80,0.1375,ok,3682863
pinch_sinusoid,pinch_sweep_size_rand_sinusoid-20260623-133237,TesolloCubePinch,TesolloCubePinch-20260623-144235-cubepinch_sb_baseline_s3,baseline,cubepinch_sb_baseline_s3,3,det,53,24,80,0.3,ok,3682863
pinch_sinusoid,pinch_sweep_size_rand_sinusoid-20260623-133237,TesolloCubePinch,TesolloCubePinch-20260623-144235-cubepinch_sb_baseline_s3,baseline,cubepinch_sb_baseline_s3,3,det,54,24,80,0.3,ok,3682863
pinch_sinusoid,pinch_sweep_size_rand_sinusoid-20260623-133237,TesolloCubePinch,TesolloCubePinch-20260623-144235-cubepinch_sb_baseline_s3,baseline,cubepinch_sb_baseline_s3,3,det,55,22,80,0.275,ok,3682863
pinch_sinusoid,pinch_sweep_size_rand_sinusoid-20260623-133237,TesolloCubePinch,TesolloCubePinch-20260623-144235-cubepinch_sb_baseline_s3,baseline,cubepinch_sb_baseline_s3,3,det,56,18,80,0.225,ok,3682863
pinch_sinusoid,pinch_sweep_size_rand_sinusoid-20260623-133237,TesolloCubePinch,TesolloCubePinch-20260623-144235-cubepinch_sb_baseline_s3,baseline,cubepinch_sb_baseline_s3,3,det,57,17,80,0.2125,ok,3682863
pinch_sinusoid,pinch_sweep_size_rand_sinusoid-20260623-133237,TesolloCubePinch,TesolloCubePinch-20260623-144235-cubepinch_sb_baseline_s3,baseline,cubepinch_sb_baseline_s3,3,det,58,38,80,0.475,ok,3682863
pinch_sinusoid,pinch_sweep_size_rand_sinusoid-20260623-133237,TesolloCubePinch,TesolloCubePinch-20260623-144235-cubepinch_sb_baseline_s3,baseline,cubepinch_sb_baseline_s3,3,det,59,30,80,0.375,ok,3682863
pinch_sinusoid,pinch_sweep_size_rand_sinusoid-20260623-133237,TesolloCubePinch,TesolloCubePinch-20260623-144235-cubepinch_sb_baseline_s3,baseline,cubepinch_sb_baseline_s3,3,det,60,29,80,0.3625,ok,3682863
pinch_sinusoid,pinch_sweep_size_rand_sinusoid-20260623-133237,TesolloCubePinch,TesolloCubePinch-20260623-144235-cubepinch_sb_baseline_s3,baseline,cubepinch_sb_baseline_s3,3,det,61,22,80,0.275,ok,3682863
pinch_sinusoid,pinch_sweep_size_rand_sinusoid-20260623-133237,TesolloCubePinch,TesolloCubePinch-20260623-144235-cubepinch_sb_baseline_s3,baseline,cubepinch_sb_baseline_s3,3,det,62,28,80,0.35,ok,3682863
pinch_sinusoid,pinch_sweep_size_rand_sinusoid-20260623-133237,TesolloCubePinch,TesolloCubePinch-20260623-144235-cubepinch_sb_baseline_s3,baseline,cubepinch_sb_baseline_s3,3,det,63,36,80,0.45,ok,3682863
pinch_sinusoid,pinch_sweep_size_rand_sinusoid-20260623-133237,TesolloCubePinch,TesolloCubePinch-20260623-144235-cubepinch_sb_baseline_s3,baseline,cubepinch_sb_baseline_s3,3,det,64,28,80,0.35,ok,3682863
pinch_sinusoid,pinch_sweep_size_rand_sinusoid-20260623-133237,TesolloCubePinch,TesolloCubePinch-20260623-144235-cubepinch_sb_baseline_s3,baseline,cubepinch_sb_baseline_s3,3,det,65,35,80,0.4375,ok,3682863
pinch_sinusoid,pinch_sweep_size_rand_sinusoid-20260623-133237,TesolloCubePinch,TesolloCubePinch-20260623-144235-cubepinch_sb_baseline_s3,baseline,cubepinch_sb_baseline_s3,3,det,66,31,80,0.3875,ok,3682863
pinch_sinusoid,pinch_sweep_size_rand_sinusoid-20260623-133237,TesolloCubePinch,TesolloCubePinch-20260623-144235-cubepinch_sb_baseline_s3,baseline,cubepinch_sb_baseline_s3,3,det,67,19,80,0.2375,ok,3682863
pinch_sinusoid,pinch_sweep_size_rand_sinusoid-20260623-133237,TesolloCubePinch,TesolloCubePinch-20260623-144235-cubepinch_sb_baseline_s3,baseline,cubepinch_sb_baseline_s3,3,det,68,27,80,0.3375,ok,3682863
pinch_sinusoid,pinch_sweep_size_rand_sinusoid-20260623-133237,TesolloCubePinch,TesolloCubePinch-20260623-144235-cubepinch_sb_baseline_s3,baseline,cubepinch_sb_baseline_s3,3,det,69,40,80,0.5,ok,3682863
pinch_sinusoid,pinch_sweep_size_rand_sinusoid-20260623-133237,TesolloCubePinch,TesolloCubePinch-20260623-144235-cubepinch_sb_baseline_s3,baseline,cubepinch_sb_baseline_s3,3,det,70,9,80,0.1125,ok,3682863
pinch_sinusoid,pinch_sweep_size_rand_sinusoid-20260623-133237,TesolloCubePinch,TesolloCubePinch-20260623-144235-cubepinch_sb_baseline_s3,baseline,cubepinch_sb_baseline_s3,3,det,71,35,80,0.4375,ok,3682863
pinch_sinusoid,pinch_sweep_size_rand_sinusoid-20260623-133237,TesolloCubePinch,TesolloCubePinch-20260623-144235-cubepinch_sb_baseline_s3,baseline,cubepinch_sb_baseline_s3,3,det,72,30,80,0.375,ok,3682863
pinch_sinusoid,pinch_sweep_size_rand_sinusoid-20260623-133237,TesolloCubePinch,TesolloCubePinch-20260623-144235-cubepinch_sb_baseline_s3,baseline,cubepinch_sb_baseline_s3,3,det,73,22,80,0.275,ok,3682863
pinch_sinusoid,pinch_sweep_size_rand_sinusoid-20260623-133237,TesolloCubePinch,TesolloCubePinch-20260623-144235-cubepinch_sb_baseline_s3,baseline,cubepinch_sb_baseline_s3,3,det,74,35,80,0.4375,ok,3682863
pinch_sinusoid,pinch_sweep_size_rand_sinusoid-20260623-133237,TesolloCubePinch,TesolloCubePinch-20260623-144235-cubepinch_sb_baseline_s3,baseline,cubepinch_sb_baseline_s3,3,det,75,43,80,0.5375,ok,3682863
pinch_sinusoid,pinch_sweep_size_rand_sinusoid-20260623-133237,TesolloCubePinch,TesolloCubePinch-20260623-144235-cubepinch_sb_baseline_s3,baseline,cubepinch_sb_baseline_s3,3,det,76,30,80,0.375,ok,3682863
pinch_sinusoid,pinch_sweep_size_rand_sinusoid-20260623-133237,TesolloCubePinch,TesolloCubePinch-20260623-144235-cubepinch_sb_baseline_s3,baseline,cubepinch_sb_baseline_s3,3,det,77,23,80,0.2875,ok,3682863
pinch_sinusoid,pinch_sweep_size_rand_sinusoid-20260623-133237,TesolloCubePinch,TesolloCubePinch-20260623-144235-cubepinch_sb_baseline_s3,baseline,cubepinch_sb_baseline_s3,3,det,78,27,80,0.3375,ok,3682863
pinch_sinusoid,pinch_sweep_size_rand_sinusoid-20260623-133237,TesolloCubePinch,TesolloCubePinch-20260623-144235-cubepinch_sb_baseline_s3,baseline,cubepinch_sb_baseline_s3,3,det,79,36,80,0.45,ok,3682863
pinch_sinusoid,pinch_sweep_size_rand_sinusoid-20260623-133237,TesolloCubePinch,TesolloCubePinch-20260623-144235-cubepinch_sb_baseline_s3,baseline,cubepinch_sb_baseline_s3,3,det,80,11,80,0.1375,ok,3682863
pinch_sinusoid,pinch_sweep_size_rand_sinusoid-20260623-133237,TesolloCubePinch,TesolloCubePinch-20260623-144235-cubepinch_sb_baseline_s3,baseline,cubepinch_sb_baseline_s3,3,det,81,22,80,0.275,ok,3682863
pinch_sinusoid,pinch_sweep_size_rand_sinusoid-20260623-133237,TesolloCubePinch,TesolloCubePinch-20260623-144235-cubepinch_sb_baseline_s3,baseline,cubepinch_sb_baseline_s3,3,det,82,22,80,0.275,ok,3682863
pinch_sinusoid,pinch_sweep_size_rand_sinusoid-20260623-133237,TesolloCubePinch,TesolloCubePinch-20260623-144235-cubepinch_sb_baseline_s3,baseline,cubepinch_sb_baseline_s3,3,det,83,19,80,0.2375,ok,3682863
pinch_sinusoid,pinch_sweep_size_rand_sinusoid-20260623-133237,TesolloCubePinch,TesolloCubePinch-20260623-144235-cubepinch_sb_baseline_s3,baseline,cubepinch_sb_baseline_s3,3,det,84,37,80,0.4625,ok,3682863
pinch_sinusoid,pinch_sweep_size_rand_sinusoid-20260623-133237,TesolloCubePinch,TesolloCubePinch-20260623-144235-cubepinch_sb_baseline_s3,baseline,cubepinch_sb_baseline_s3,3,det,85,32,80,0.4,ok,3682863
pinch_sinusoid,pinch_sweep_size_rand_sinusoid-20260623-133237,TesolloCubePinch,TesolloCubePinch-20260623-144235-cubepinch_sb_baseline_s3,baseline,cubepinch_sb_baseline_s3,3,det,86,35,80,0.4375,ok,3682863
pinch_sinusoid,pinch_sweep_size_rand_sinusoid-20260623-133237,TesolloCubePinch,TesolloCubePinch-20260623-144235-cubepinch_sb_baseline_s3,baseline,cubepinch_sb_baseline_s3,3,det,87,29,80,0.3625,ok,3682863
pinch_sinusoid,pinch_sweep_size_rand_sinusoid-20260623-133237,TesolloCubePinch,TesolloCubePinch-20260623-144235-cubepinch_sb_baseline_s3,baseline,cubepinch_sb_baseline_s3,3,det,88,21,80,0.2625,ok,3682863
pinch_sinusoid,pinch_sweep_size_rand_sinusoid-20260623-133237,TesolloCubePinch,TesolloCubePinch-20260623-144235-cubepinch_sb_baseline_s3,baseline,cubepinch_sb_baseline_s3,3,det,89,27,80,0.3375,ok,3682863
pinch_sinusoid,pinch_sweep_size_rand_sinusoid-20260623-133237,TesolloCubePinch,TesolloCubePinch-20260623-144235-cubepinch_sb_baseline_s3,baseline,cubepinch_sb_baseline_s3,3,det,90,26,80,0.325,ok,3682863
pinch_sinusoid,pinch_sweep_size_rand_sinusoid-20260623-133237,TesolloCubePinch,TesolloCubePinch-20260623-144235-cubepinch_sb_baseline_s3,baseline,cubepinch_sb_baseline_s3,3,det,91,25,80,0.3125,ok,3682863
pinch_sinusoid,pinch_sweep_size_rand_sinusoid-20260623-133237,TesolloCubePinch,TesolloCubePinch-20260623-144235-cubepinch_sb_baseline_s3,baseline,cubepinch_sb_baseline_s3,3,det,92,34,80,0.425,ok,3682863
pinch_sinusoid,pinch_sweep_size_rand_sinusoid-20260623-133237,TesolloCubePinch,TesolloCubePinch-20260623-144235-cubepinch_sb_baseline_s3,baseline,cubepinch_sb_baseline_s3,3,det,93,30,80,0.375,ok,3682863
pinch_sinusoid,pinch_sweep_size_rand_sinusoid-20260623-133237,TesolloCubePinch,TesolloCubePinch-20260623-144235-cubepinch_sb_baseline_s3,baseline,cubepinch_sb_baseline_s3,3,det,94,47,80,0.5875,ok,3682863
pinch_sinusoid,pinch_sweep_size_rand_sinusoid-20260623-133237,TesolloCubePinch,TesolloCubePinch-20260623-144235-cubepinch_sb_baseline_s3,baseline,cubepinch_sb_baseline_s3,3,det,95,31,80,0.3875,ok,3682863
pinch_sinusoid,pinch_sweep_size_rand_sinusoid-20260623-133237,TesolloCubePinch,TesolloCubePinch-20260623-144235-cubepinch_sb_baseline_s3,baseline,cubepinch_sb_baseline_s3,3,det,96,23,80,0.2875,ok,3682863
pinch_sinusoid,pinch_sweep_size_rand_sinusoid-20260623-133237,TesolloCubePinch,TesolloCubePinch-20260623-144235-cubepinch_sb_baseline_s3,baseline,cubepinch_sb_baseline_s3,3,det,97,28,80,0.35,ok,3682863
pinch_sinusoid,pinch_sweep_size_rand_sinusoid-20260623-133237,TesolloCubePinch,TesolloCubePinch-20260623-144235-cubepinch_sb_baseline_s3,baseline,cubepinch_sb_baseline_s3,3,det,98,29,80,0.3625,ok,3682863
pinch_sinusoid,pinch_sweep_size_rand_sinusoid-20260623-133237,TesolloCubePinch,TesolloCubePinch-20260623-144235-cubepinch_sb_baseline_s3,baseline,cubepinch_sb_baseline_s3,3,det,99,21,80,0.2625,ok,3682863
pinch_sinusoid,pinch_sweep_size_rand_sinusoid-20260623-133237,TesolloCubePinch,TesolloCubePinch-20260623-153920-cubepinch_sb_forcemagnitude_s1,force.magnitude,cubepinch_sb_forcemagnitude_s1,1,det,0,39,80,0.4875,ok,0ac79f5
pinch_sinusoid,pinch_sweep_size_rand_sinusoid-20260623-133237,TesolloCubePinch,TesolloCubePinch-20260623-153920-cubepinch_sb_forcemagnitude_s1,force.magnitude,cubepinch_sb_forcemagnitude_s1,1,det,1,49,80,0.6125,ok,0ac79f5
pinch_sinusoid,pinch_sweep_size_rand_sinusoid-20260623-133237,TesolloCubePinch,TesolloCubePinch-20260623-153920-cubepinch_sb_forcemagnitude_s1,force.magnitude,cubepinch_sb_forcemagnitude_s1,1,det,2,39,80,0.4875,ok,0ac79f5
pinch_sinusoid,pinch_sweep_size_rand_sinusoid-20260623-133237,TesolloCubePinch,TesolloCubePinch-20260623-153920-cubepinch_sb_forcemagnitude_s1,force.magnitude,cubepinch_sb_forcemagnitude_s1,1,det,3,30,80,0.375,ok,0ac79f5
pinch_sinusoid,pinch_sweep_size_rand_sinusoid-20260623-133237,TesolloCubePinch,TesolloCubePinch-20260623-153920-cubepinch_sb_forcemagnitude_s1,force.magnitude,cubepinch_sb_forcemagnitude_s1,1,det,4,9,80,0.1125,ok,0ac79f5
pinch_sinusoid,pinch_sweep_size_rand_sinusoid-20260623-133237,TesolloCubePinch,TesolloCubePinch-20260623-153920-cubepinch_sb_forcemagnitude_s1,force.magnitude,cubepinch_sb_forcemagnitude_s1,1,det,5,42,80,0.525,ok,0ac79f5
pinch_sinusoid,pinch_sweep_size_rand_sinusoid-20260623-133237,TesolloCubePinch,TesolloCubePinch-20260623-153920-cubepinch_sb_forcemagnitude_s1,force.magnitude,cubepinch_sb_forcemagnitude_s1,1,det,6,16,80,0.2,ok,0ac79f5
pinch_sinusoid,pinch_sweep_size_rand_sinusoid-20260623-133237,TesolloCubePinch,TesolloCubePinch-20260623-153920-cubepinch_sb_forcemagnitude_s1,force.magnitude,cubepinch_sb_forcemagnitude_s1,1,det,7,48,80,0.6,ok,0ac79f5
pinch_sinusoid,pinch_sweep_size_rand_sinusoid-20260623-133237,TesolloCubePinch,TesolloCubePinch-20260623-153920-cubepinch_sb_forcemagnitude_s1,force.magnitude,cubepinch_sb_forcemagnitude_s1,1,det,8,17,80,0.2125,ok,0ac79f5
pinch_sinusoid,pinch_sweep_size_rand_sinusoid-20260623-133237,TesolloCubePinch,TesolloCubePinch-20260623-153920-cubepinch_sb_forcemagnitude_s1,force.magnitude,cubepinch_sb_forcemagnitude_s1,1,det,9,12,80,0.15,ok,0ac79f5
pinch_sinusoid,pinch_sweep_size_rand_sinusoid-20260623-133237,TesolloCubePinch,TesolloCubePinch-20260623-153920-cubepinch_sb_forcemagnitude_s1,force.magnitude,cubepinch_sb_forcemagnitude_s1,1,det,10,12,80,0.15,ok,0ac79f5
pinch_sinusoid,pinch_sweep_size_rand_sinusoid-20260623-133237,TesolloCubePinch,TesolloCubePinch-20260623-153920-cubepinch_sb_forcemagnitude_s1,force.magnitude,cubepinch_sb_forcemagnitude_s1,1,det,11,21,80,0.2625,ok,0ac79f5
pinch_sinusoid,pinch_sweep_size_rand_sinusoid-20260623-133237,TesolloCubePinch,TesolloCubePinch-20260623-153920-cubepinch_sb_forcemagnitude_s1,force.magnitude,cubepinch_sb_forcemagnitude_s1,1,det,12,28,80,0.35,ok,0ac79f5
pinch_sinusoid,pinch_sweep_size_rand_sinusoid-20260623-133237,TesolloCubePinch,TesolloCubePinch-20260623-153920-cubepinch_sb_forcemagnitude_s1,force.magnitude,cubepinch_sb_forcemagnitude_s1,1,det,13,16,80,0.2,ok,0ac79f5
pinch_sinusoid,pinch_sweep_size_rand_sinusoid-20260623-133237,TesolloCubePinch,TesolloCubePinch-20260623-153920-cubepinch_sb_forcemagnitude_s1,force.magnitude,cubepinch_sb_forcemagnitude_s1,1,det,14,41,80,0.5125,ok,0ac79f5
pinch_sinusoid,pinch_sweep_size_rand_sinusoid-20260623-133237,TesolloCubePinch,TesolloCubePinch-20260623-153920-cubepinch_sb_forcemagnitude_s1,force.magnitude,cubepinch_sb_forcemagnitude_s1,1,det,15,0,80,0.0,ok,0ac79f5
pinch_sinusoid,pinch_sweep_size_rand_sinusoid-20260623-133237,TesolloCubePinch,TesolloCubePinch-20260623-153920-cubepinch_sb_forcemagnitude_s1,force.magnitude,cubepinch_sb_forcemagnitude_s1,1,det,16,16,80,0.2,ok,0ac79f5
pinch_sinusoid,pinch_sweep_size_rand_sinusoid-20260623-133237,TesolloCubePinch,TesolloCubePinch-20260623-153920-cubepinch_sb_forcemagnitude_s1,force.magnitude,cubepinch_sb_forcemagnitude_s1,1,det,17,7,80,0.0875,ok,0ac79f5
pinch_sinusoid,pinch_sweep_size_rand_sinusoid-20260623-133237,TesolloCubePinch,TesolloCubePinch-20260623-153920-cubepinch_sb_forcemagnitude_s1,force.magnitude,cubepinch_sb_forcemagnitude_s1,1,det,18,39,80,0.4875,ok,0ac79f5
pinch_sinusoid,pinch_sweep_size_rand_sinusoid-20260623-133237,TesolloCubePinch,TesolloCubePinch-20260623-153920-cubepinch_sb_forcemagnitude_s1,force.magnitude,cubepinch_sb_forcemagnitude_s1,1,det,19,13,80,0.1625,ok,0ac79f5
pinch_sinusoid,pinch_sweep_size_rand_sinusoid-20260623-133237,TesolloCubePinch,TesolloCubePinch-20260623-153920-cubepinch_sb_forcemagnitude_s1,force.magnitude,cubepinch_sb_forcemagnitude_s1,1,det,20,25,80,0.3125,ok,0ac79f5
pinch_sinusoid,pinch_sweep_size_rand_sinusoid-20260623-133237,TesolloCubePinch,TesolloCubePinch-20260623-153920-cubepinch_sb_forcemagnitude_s1,force.magnitude,cubepinch_sb_forcemagnitude_s1,1,det,21,10,80,0.125,ok,0ac79f5
pinch_sinusoid,pinch_sweep_size_rand_sinusoid-20260623-133237,TesolloCubePinch,TesolloCubePinch-20260623-153920-cubepinch_sb_forcemagnitude_s1,force.magnitude,cubepinch_sb_forcemagnitude_s1,1,det,22,27,80,0.3375,ok,0ac79f5
pinch_sinusoid,pinch_sweep_size_rand_sinusoid-20260623-133237,TesolloCubePinch,TesolloCubePinch-20260623-153920-cubepinch_sb_forcemagnitude_s1,force.magnitude,cubepinch_sb_forcemagnitude_s1,1,det,23,37,80,0.4625,ok,0ac79f5
pinch_sinusoid,pinch_sweep_size_rand_sinusoid-20260623-133237,TesolloCubePinch,TesolloCubePinch-20260623-153920-cubepinch_sb_forcemagnitude_s1,force.magnitude,cubepinch_sb_forcemagnitude_s1,1,det,24,22,80,0.275,ok,0ac79f5
pinch_sinusoid,pinch_sweep_size_rand_sinusoid-20260623-133237,TesolloCubePinch,TesolloCubePinch-20260623-153920-cubepinch_sb_forcemagnitude_s1,force.magnitude,cubepinch_sb_forcemagnitude_s1,1,det,25,15,80,0.1875,ok,0ac79f5
pinch_sinusoid,pinch_sweep_size_rand_sinusoid-20260623-133237,TesolloCubePinch,TesolloCubePinch-20260623-153920-cubepinch_sb_forcemagnitude_s1,force.magnitude,cubepinch_sb_forcemagnitude_s1,1,det,26,49,80,0.6125,ok,0ac79f5
pinch_sinusoid,pinch_sweep_size_rand_sinusoid-20260623-133237,TesolloCubePinch,TesolloCubePinch-20260623-153920-cubepinch_sb_forcemagnitude_s1,force.magnitude,cubepinch_sb_forcemagnitude_s1,1,det,27,13,80,0.1625,ok,0ac79f5
pinch_sinusoid,pinch_sweep_size_rand_sinusoid-20260623-133237,TesolloCubePinch,TesolloCubePinch-20260623-153920-cubepinch_sb_forcemagnitude_s1,force.magnitude,cubepinch_sb_forcemagnitude_s1,1,det,28,1,80,0.0125,ok,0ac79f5
pinch_sinusoid,pinch_sweep_size_rand_sinusoid-20260623-133237,TesolloCubePinch,TesolloCubePinch-20260623-153920-cubepinch_sb_forcemagnitude_s1,force.magnitude,cubepinch_sb_forcemagnitude_s1,1,det,29,39,80,0.4875,ok,0ac79f5
pinch_sinusoid,pinch_sweep_size_rand_sinusoid-20260623-133237,TesolloCubePinch,TesolloCubePinch-20260623-153920-cubepinch_sb_forcemagnitude_s1,force.magnitude,cubepinch_sb_forcemagnitude_s1,1,det,30,12,80,0.15,ok,0ac79f5
pinch_sinusoid,pinch_sweep_size_rand_sinusoid-20260623-133237,TesolloCubePinch,TesolloCubePinch-20260623-153920-cubepinch_sb_forcemagnitude_s1,force.magnitude,cubepinch_sb_forcemagnitude_s1,1,det,31,49,80,0.6125,ok,0ac79f5
pinch_sinusoid,pinch_sweep_size_rand_sinusoid-20260623-133237,TesolloCubePinch,TesolloCubePinch-20260623-153920-cubepinch_sb_forcemagnitude_s1,force.magnitude,cubepinch_sb_forcemagnitude_s1,1,det,32,24,80,0.3,ok,0ac79f5
pinch_sinusoid,pinch_sweep_size_rand_sinusoid-20260623-133237,TesolloCubePinch,TesolloCubePinch-20260623-153920-cubepinch_sb_forcemagnitude_s1,force.magnitude,cubepinch_sb_forcemagnitude_s1,1,det,33,26,80,0.325,ok,0ac79f5
pinch_sinusoid,pinch_sweep_size_rand_sinusoid-20260623-133237,TesolloCubePinch,TesolloCubePinch-20260623-153920-cubepinch_sb_forcemagnitude_s1,force.magnitude,cubepinch_sb_forcemagnitude_s1,1,det,34,39,80,0.4875,ok,0ac79f5
pinch_sinusoid,pinch_sweep_size_rand_sinusoid-20260623-133237,TesolloCubePinch,TesolloCubePinch-20260623-153920-cubepinch_sb_forcemagnitude_s1,force.magnitude,cubepinch_sb_forcemagnitude_s1,1,det,35,14,80,0.175,ok,0ac79f5
pinch_sinusoid,pinch_sweep_size_rand_sinusoid-20260623-133237,TesolloCubePinch,TesolloCubePinch-20260623-153920-cubepinch_sb_forcemagnitude_s1,force.magnitude,cubepinch_sb_forcemagnitude_s1,1,det,36,31,80,0.3875,ok,0ac79f5
pinch_sinusoid,pinch_sweep_size_rand_sinusoid-20260623-133237,TesolloCubePinch,TesolloCubePinch-20260623-153920-cubepinch_sb_forcemagnitude_s1,force.magnitude,cubepinch_sb_forcemagnitude_s1,1,det,37,21,80,0.2625,ok,0ac79f5
pinch_sinusoid,pinch_sweep_size_rand_sinusoid-20260623-133237,TesolloCubePinch,TesolloCubePinch-20260623-153920-cubepinch_sb_forcemagnitude_s1,force.magnitude,cubepinch_sb_forcemagnitude_s1,1,det,38,12,80,0.15,ok,0ac79f5
pinch_sinusoid,pinch_sweep_size_rand_sinusoid-20260623-133237,TesolloCubePinch,TesolloCubePinch-20260623-153920-cubepinch_sb_forcemagnitude_s1,force.magnitude,cubepinch_sb_forcemagnitude_s1,1,det,39,13,80,0.1625,ok,0ac79f5
pinch_sinusoid,pinch_sweep_size_rand_sinusoid-20260623-133237,TesolloCubePinch,TesolloCubePinch-20260623-153920-cubepinch_sb_forcemagnitude_s1,force.magnitude,cubepinch_sb_forcemagnitude_s1,1,det,40,19,80,0.2375,ok,0ac79f5
pinch_sinusoid,pinch_sweep_size_rand_sinusoid-20260623-133237,TesolloCubePinch,TesolloCubePinch-20260623-153920-cubepinch_sb_forcemagnitude_s1,force.magnitude,cubepinch_sb_forcemagnitude_s1,1,det,41,28,80,0.35,ok,0ac79f5
pinch_sinusoid,pinch_sweep_size_rand_sinusoid-20260623-133237,TesolloCubePinch,TesolloCubePinch-20260623-153920-cubepinch_sb_forcemagnitude_s1,force.magnitude,cubepinch_sb_forcemagnitude_s1,1,det,42,34,80,0.425,ok,0ac79f5
pinch_sinusoid,pinch_sweep_size_rand_sinusoid-20260623-133237,TesolloCubePinch,TesolloCubePinch-20260623-153920-cubepinch_sb_forcemagnitude_s1,force.magnitude,cubepinch_sb_forcemagnitude_s1,1,det,43,11,80,0.1375,ok,0ac79f5
pinch_sinusoid,pinch_sweep_size_rand_sinusoid-20260623-133237,TesolloCubePinch,TesolloCubePinch-20260623-153920-cubepinch_sb_forcemagnitude_s1,force.magnitude,cubepinch_sb_forcemagnitude_s1,1,det,44,36,80,0.45,ok,0ac79f5
pinch_sinusoid,pinch_sweep_size_rand_sinusoid-20260623-133237,TesolloCubePinch,TesolloCubePinch-20260623-153920-cubepinch_sb_forcemagnitude_s1,force.magnitude,cubepinch_sb_forcemagnitude_s1,1,det,45,12,80,0.15,ok,0ac79f5
pinch_sinusoid,pinch_sweep_size_rand_sinusoid-20260623-133237,TesolloCubePinch,TesolloCubePinch-20260623-153920-cubepinch_sb_forcemagnitude_s1,force.magnitude,cubepinch_sb_forcemagnitude_s1,1,det,46,30,80,0.375,ok,0ac79f5
pinch_sinusoid,pinch_sweep_size_rand_sinusoid-20260623-133237,TesolloCubePinch,TesolloCubePinch-20260623-153920-cubepinch_sb_forcemagnitude_s1,force.magnitude,cubepinch_sb_forcemagnitude_s1,1,det,47,3,80,0.0375,ok,0ac79f5
pinch_sinusoid,pinch_sweep_size_rand_sinusoid-20260623-133237,TesolloCubePinch,TesolloCubePinch-20260623-153920-cubepinch_sb_forcemagnitude_s1,force.magnitude,cubepinch_sb_forcemagnitude_s1,1,det,48,30,80,0.375,ok,0ac79f5
pinch_sinusoid,pinch_sweep_size_rand_sinusoid-20260623-133237,TesolloCubePinch,TesolloCubePinch-20260623-153920-cubepinch_sb_forcemagnitude_s1,force.magnitude,cubepinch_sb_forcemagnitude_s1,1,det,49,30,80,0.375,ok,0ac79f5
pinch_sinusoid,pinch_sweep_size_rand_sinusoid-20260623-133237,TesolloCubePinch,TesolloCubePinch-20260623-153920-cubepinch_sb_forcemagnitude_s1,force.magnitude,cubepinch_sb_forcemagnitude_s1,1,det,50,1,80,0.0125,ok,0ac79f5
pinch_sinusoid,pinch_sweep_size_rand_sinusoid-20260623-133237,TesolloCubePinch,TesolloCubePinch-20260623-153920-cubepinch_sb_forcemagnitude_s1,force.magnitude,cubepinch_sb_forcemagnitude_s1,1,det,51,35,80,0.4375,ok,0ac79f5
pinch_sinusoid,pinch_sweep_size_rand_sinusoid-20260623-133237,TesolloCubePinch,TesolloCubePinch-20260623-153920-cubepinch_sb_forcemagnitude_s1,force.magnitude,cubepinch_sb_forcemagnitude_s1,1,det,52,9,80,0.1125,ok,0ac79f5
pinch_sinusoid,pinch_sweep_size_rand_sinusoid-20260623-133237,TesolloCubePinch,TesolloCubePinch-20260623-153920-cubepinch_sb_forcemagnitude_s1,force.magnitude,cubepinch_sb_forcemagnitude_s1,1,det,53,21,80,0.2625,ok,0ac79f5
pinch_sinusoid,pinch_sweep_size_rand_sinusoid-20260623-133237,TesolloCubePinch,TesolloCubePinch-20260623-153920-cubepinch_sb_forcemagnitude_s1,force.magnitude,cubepinch_sb_forcemagnitude_s1,1,det,54,40,80,0.5,ok,0ac79f5
pinch_sinusoid,pinch_sweep_size_rand_sinusoid-20260623-133237,TesolloCubePinch,TesolloCubePinch-20260623-153920-cubepinch_sb_forcemagnitude_s1,force.magnitude,cubepinch_sb_forcemagnitude_s1,1,det,55,47,80,0.5875,ok,0ac79f5
pinch_sinusoid,pinch_sweep_size_rand_sinusoid-20260623-133237,TesolloCubePinch,TesolloCubePinch-20260623-153920-cubepinch_sb_forcemagnitude_s1,force.magnitude,cubepinch_sb_forcemagnitude_s1,1,det,56,22,80,0.275,ok,0ac79f5
pinch_sinusoid,pinch_sweep_size_rand_sinusoid-20260623-133237,TesolloCubePinch,TesolloCubePinch-20260623-153920-cubepinch_sb_forcemagnitude_s1,force.magnitude,cubepinch_sb_forcemagnitude_s1,1,det,57,20,80,0.25,ok,0ac79f5
pinch_sinusoid,pinch_sweep_size_rand_sinusoid-20260623-133237,TesolloCubePinch,TesolloCubePinch-20260623-153920-cubepinch_sb_forcemagnitude_s1,force.magnitude,cubepinch_sb_forcemagnitude_s1,1,det,58,13,80,0.1625,ok,0ac79f5
pinch_sinusoid,pinch_sweep_size_rand_sinusoid-20260623-133237,TesolloCubePinch,TesolloCubePinch-20260623-153920-cubepinch_sb_forcemagnitude_s1,force.magnitude,cubepinch_sb_forcemagnitude_s1,1,det,59,31,80,0.3875,ok,0ac79f5
pinch_sinusoid,pinch_sweep_size_rand_sinusoid-20260623-133237,TesolloCubePinch,TesolloCubePinch-20260623-153920-cubepinch_sb_forcemagnitude_s1,force.magnitude,cubepinch_sb_forcemagnitude_s1,1,det,60,48,80,0.6,ok,0ac79f5
pinch_sinusoid,pinch_sweep_size_rand_sinusoid-20260623-133237,TesolloCubePinch,TesolloCubePinch-20260623-153920-cubepinch_sb_forcemagnitude_s1,force.magnitude,cubepinch_sb_forcemagnitude_s1,1,det,61,20,80,0.25,ok,0ac79f5
pinch_sinusoid,pinch_sweep_size_rand_sinusoid-20260623-133237,TesolloCubePinch,TesolloCubePinch-20260623-153920-cubepinch_sb_forcemagnitude_s1,force.magnitude,cubepinch_sb_forcemagnitude_s1,1,det,62,18,80,0.225,ok,0ac79f5
pinch_sinusoid,pinch_sweep_size_rand_sinusoid-20260623-133237,TesolloCubePinch,TesolloCubePinch-20260623-153920-cubepinch_sb_forcemagnitude_s1,force.magnitude,cubepinch_sb_forcemagnitude_s1,1,det,63,41,80,0.5125,ok,0ac79f5
pinch_sinusoid,pinch_sweep_size_rand_sinusoid-20260623-133237,TesolloCubePinch,TesolloCubePinch-20260623-153920-cubepinch_sb_forcemagnitude_s1,force.magnitude,cubepinch_sb_forcemagnitude_s1,1,det,64,39,80,0.4875,ok,0ac79f5
pinch_sinusoid,pinch_sweep_size_rand_sinusoid-20260623-133237,TesolloCubePinch,TesolloCubePinch-20260623-153920-cubepinch_sb_forcemagnitude_s1,force.magnitude,cubepinch_sb_forcemagnitude_s1,1,det,65,14,80,0.175,ok,0ac79f5
pinch_sinusoid,pinch_sweep_size_rand_sinusoid-20260623-133237,TesolloCubePinch,TesolloCubePinch-20260623-153920-cubepinch_sb_forcemagnitude_s1,force.magnitude,cubepinch_sb_forcemagnitude_s1,1,det,66,35,80,0.4375,ok,0ac79f5
pinch_sinusoid,pinch_sweep_size_rand_sinusoid-20260623-133237,TesolloCubePinch,TesolloCubePinch-20260623-153920-cubepinch_sb_forcemagnitude_s1,force.magnitude,cubepinch_sb_forcemagnitude_s1,1,det,67,31,80,0.3875,ok,0ac79f5
pinch_sinusoid,pinch_sweep_size_rand_sinusoid-20260623-133237,TesolloCubePinch,TesolloCubePinch-20260623-153920-cubepinch_sb_forcemagnitude_s1,force.magnitude,cubepinch_sb_forcemagnitude_s1,1,det,68,49,80,0.6125,ok,0ac79f5
pinch_sinusoid,pinch_sweep_size_rand_sinusoid-20260623-133237,TesolloCubePinch,TesolloCubePinch-20260623-153920-cubepinch_sb_forcemagnitude_s1,force.magnitude,cubepinch_sb_forcemagnitude_s1,1,det,69,18,80,0.225,ok,0ac79f5
pinch_sinusoid,pinch_sweep_size_rand_sinusoid-20260623-133237,TesolloCubePinch,TesolloCubePinch-20260623-153920-cubepinch_sb_forcemagnitude_s1,force.magnitude,cubepinch_sb_forcemagnitude_s1,1,det,70,25,80,0.3125,ok,0ac79f5
pinch_sinusoid,pinch_sweep_size_rand_sinusoid-20260623-133237,TesolloCubePinch,TesolloCubePinch-20260623-153920-cubepinch_sb_forcemagnitude_s1,force.magnitude,cubepinch_sb_forcemagnitude_s1,1,det,71,29,80,0.3625,ok,0ac79f5
pinch_sinusoid,pinch_sweep_size_rand_sinusoid-20260623-133237,TesolloCubePinch,TesolloCubePinch-20260623-153920-cubepinch_sb_forcemagnitude_s1,force.magnitude,cubepinch_sb_forcemagnitude_s1,1,det,72,24,80,0.3,ok,0ac79f5
pinch_sinusoid,pinch_sweep_size_rand_sinusoid-20260623-133237,TesolloCubePinch,TesolloCubePinch-20260623-153920-cubepinch_sb_forcemagnitude_s1,force.magnitude,cubepinch_sb_forcemagnitude_s1,1,det,73,16,80,0.2,ok,0ac79f5
pinch_sinusoid,pinch_sweep_size_rand_sinusoid-20260623-133237,TesolloCubePinch,TesolloCubePinch-20260623-153920-cubepinch_sb_forcemagnitude_s1,force.magnitude,cubepinch_sb_forcemagnitude_s1,1,det,74,34,80,0.425,ok,0ac79f5
pinch_sinusoid,pinch_sweep_size_rand_sinusoid-20260623-133237,TesolloCubePinch,TesolloCubePinch-20260623-153920-cubepinch_sb_forcemagnitude_s1,force.magnitude,cubepinch_sb_forcemagnitude_s1,1,det,75,29,80,0.3625,ok,0ac79f5
pinch_sinusoid,pinch_sweep_size_rand_sinusoid-20260623-133237,TesolloCubePinch,TesolloCubePinch-20260623-153920-cubepinch_sb_forcemagnitude_s1,force.magnitude,cubepinch_sb_forcemagnitude_s1,1,det,76,12,80,0.15,ok,0ac79f5
pinch_sinusoid,pinch_sweep_size_rand_sinusoid-20260623-133237,TesolloCubePinch,TesolloCubePinch-20260623-153920-cubepinch_sb_forcemagnitude_s1,force.magnitude,cubepinch_sb_forcemagnitude_s1,1,det,77,15,80,0.1875,ok,0ac79f5
pinch_sinusoid,pinch_sweep_size_rand_sinusoid-20260623-133237,TesolloCubePinch,TesolloCubePinch-20260623-153920-cubepinch_sb_forcemagnitude_s1,force.magnitude,cubepinch_sb_forcemagnitude_s1,1,det,78,27,80,0.3375,ok,0ac79f5
pinch_sinusoid,pinch_sweep_size_rand_sinusoid-20260623-133237,TesolloCubePinch,TesolloCubePinch-20260623-153920-cubepinch_sb_forcemagnitude_s1,force.magnitude,cubepinch_sb_forcemagnitude_s1,1,det,79,49,80,0.6125,ok,0ac79f5
pinch_sinusoid,pinch_sweep_size_rand_sinusoid-20260623-133237,TesolloCubePinch,TesolloCubePinch-20260623-153920-cubepinch_sb_forcemagnitude_s1,force.magnitude,cubepinch_sb_forcemagnitude_s1,1,det,80,31,80,0.3875,ok,0ac79f5
pinch_sinusoid,pinch_sweep_size_rand_sinusoid-20260623-133237,TesolloCubePinch,TesolloCubePinch-20260623-153920-cubepinch_sb_forcemagnitude_s1,force.magnitude,cubepinch_sb_forcemagnitude_s1,1,det,81,32,80,0.4,ok,0ac79f5
pinch_sinusoid,pinch_sweep_size_rand_sinusoid-20260623-133237,TesolloCubePinch,TesolloCubePinch-20260623-153920-cubepinch_sb_forcemagnitude_s1,force.magnitude,cubepinch_sb_forcemagnitude_s1,1,det,82,37,80,0.4625,ok,0ac79f5
pinch_sinusoid,pinch_sweep_size_rand_sinusoid-20260623-133237,TesolloCubePinch,TesolloCubePinch-20260623-153920-cubepinch_sb_forcemagnitude_s1,force.magnitude,cubepinch_sb_forcemagnitude_s1,1,det,83,24,80,0.3,ok,0ac79f5
pinch_sinusoid,pinch_sweep_size_rand_sinusoid-20260623-133237,TesolloCubePinch,TesolloCubePinch-20260623-153920-cubepinch_sb_forcemagnitude_s1,force.magnitude,cubepinch_sb_forcemagnitude_s1,1,det,84,35,80,0.4375,ok,0ac79f5
pinch_sinusoid,pinch_sweep_size_rand_sinusoid-20260623-133237,TesolloCubePinch,TesolloCubePinch-20260623-153920-cubepinch_sb_forcemagnitude_s1,force.magnitude,cubepinch_sb_forcemagnitude_s1,1,det,85,39,80,0.4875,ok,0ac79f5
pinch_sinusoid,pinch_sweep_size_rand_sinusoid-20260623-133237,TesolloCubePinch,TesolloCubePinch-20260623-153920-cubepinch_sb_forcemagnitude_s1,force.magnitude,cubepinch_sb_forcemagnitude_s1,1,det,86,30,80,0.375,ok,0ac79f5
pinch_sinusoid,pinch_sweep_size_rand_sinusoid-20260623-133237,TesolloCubePinch,TesolloCubePinch-20260623-153920-cubepinch_sb_forcemagnitude_s1,force.magnitude,cubepinch_sb_forcemagnitude_s1,1,det,87,39,80,0.4875,ok,0ac79f5
pinch_sinusoid,pinch_sweep_size_rand_sinusoid-20260623-133237,TesolloCubePinch,TesolloCubePinch-20260623-153920-cubepinch_sb_forcemagnitude_s1,force.magnitude,cubepinch_sb_forcemagnitude_s1,1,det,88,31,80,0.3875,ok,0ac79f5
pinch_sinusoid,pinch_sweep_size_rand_sinusoid-20260623-133237,TesolloCubePinch,TesolloCubePinch-20260623-153920-cubepinch_sb_forcemagnitude_s1,force.magnitude,cubepinch_sb_forcemagnitude_s1,1,det,89,21,80,0.2625,ok,0ac79f5
pinch_sinusoid,pinch_sweep_size_rand_sinusoid-20260623-133237,TesolloCubePinch,TesolloCubePinch-20260623-153920-cubepinch_sb_forcemagnitude_s1,force.magnitude,cubepinch_sb_forcemagnitude_s1,1,det,90,27,80,0.3375,ok,0ac79f5
pinch_sinusoid,pinch_sweep_size_rand_sinusoid-20260623-133237,TesolloCubePinch,TesolloCubePinch-20260623-153920-cubepinch_sb_forcemagnitude_s1,force.magnitude,cubepinch_sb_forcemagnitude_s1,1,det,91,16,80,0.2,ok,0ac79f5
pinch_sinusoid,pinch_sweep_size_rand_sinusoid-20260623-133237,TesolloCubePinch,TesolloCubePinch-20260623-153920-cubepinch_sb_forcemagnitude_s1,force.magnitude,cubepinch_sb_forcemagnitude_s1,1,det,92,30,80,0.375,ok,0ac79f5
pinch_sinusoid,pinch_sweep_size_rand_sinusoid-20260623-133237,TesolloCubePinch,TesolloCubePinch-20260623-153920-cubepinch_sb_forcemagnitude_s1,force.magnitude,cubepinch_sb_forcemagnitude_s1,1,det,93,40,80,0.5,ok,0ac79f5
pinch_sinusoid,pinch_sweep_size_rand_sinusoid-20260623-133237,TesolloCubePinch,TesolloCubePinch-20260623-153920-cubepinch_sb_forcemagnitude_s1,force.magnitude,cubepinch_sb_forcemagnitude_s1,1,det,94,49,80,0.6125,ok,0ac79f5
pinch_sinusoid,pinch_sweep_size_rand_sinusoid-20260623-133237,TesolloCubePinch,TesolloCubePinch-20260623-153920-cubepinch_sb_forcemagnitude_s1,force.magnitude,cubepinch_sb_forcemagnitude_s1,1,det,95,10,80,0.125,ok,0ac79f5
pinch_sinusoid,pinch_sweep_size_rand_sinusoid-20260623-133237,TesolloCubePinch,TesolloCubePinch-20260623-153920-cubepinch_sb_forcemagnitude_s1,force.magnitude,cubepinch_sb_forcemagnitude_s1,1,det,96,39,80,0.4875,ok,0ac79f5
pinch_sinusoid,pinch_sweep_size_rand_sinusoid-20260623-133237,TesolloCubePinch,TesolloCubePinch-20260623-153920-cubepinch_sb_forcemagnitude_s1,force.magnitude,cubepinch_sb_forcemagnitude_s1,1,det,97,27,80,0.3375,ok,0ac79f5
pinch_sinusoid,pinch_sweep_size_rand_sinusoid-20260623-133237,TesolloCubePinch,TesolloCubePinch-20260623-153920-cubepinch_sb_forcemagnitude_s1,force.magnitude,cubepinch_sb_forcemagnitude_s1,1,det,98,15,80,0.1875,ok,0ac79f5
pinch_sinusoid,pinch_sweep_size_rand_sinusoid-20260623-133237,TesolloCubePinch,TesolloCubePinch-20260623-153920-cubepinch_sb_forcemagnitude_s1,force.magnitude,cubepinch_sb_forcemagnitude_s1,1,det,99,17,80,0.2125,ok,0ac79f5
pinch_sinusoid,pinch_sweep_size_rand_sinusoid-20260623-133237,TesolloCubePinch,TesolloCubePinch-20260623-155328-cubepinch_sb_forcemagnitude_s2,force.magnitude,cubepinch_sb_forcemagnitude_s2,2,det,0,34,80,0.425,ok,0ac79f5
pinch_sinusoid,pinch_sweep_size_rand_sinusoid-20260623-133237,TesolloCubePinch,TesolloCubePinch-20260623-155328-cubepinch_sb_forcemagnitude_s2,force.magnitude,cubepinch_sb_forcemagnitude_s2,2,det,1,56,80,0.7,ok,0ac79f5
pinch_sinusoid,pinch_sweep_size_rand_sinusoid-20260623-133237,TesolloCubePinch,TesolloCubePinch-20260623-155328-cubepinch_sb_forcemagnitude_s2,force.magnitude,cubepinch_sb_forcemagnitude_s2,2,det,2,31,80,0.3875,ok,0ac79f5
pinch_sinusoid,pinch_sweep_size_rand_sinusoid-20260623-133237,TesolloCubePinch,TesolloCubePinch-20260623-155328-cubepinch_sb_forcemagnitude_s2,force.magnitude,cubepinch_sb_forcemagnitude_s2,2,det,3,20,80,0.25,ok,0ac79f5
pinch_sinusoid,pinch_sweep_size_rand_sinusoid-20260623-133237,TesolloCubePinch,TesolloCubePinch-20260623-155328-cubepinch_sb_forcemagnitude_s2,force.magnitude,cubepinch_sb_forcemagnitude_s2,2,det,4,1,80,0.0125,ok,0ac79f5
pinch_sinusoid,pinch_sweep_size_rand_sinusoid-20260623-133237,TesolloCubePinch,TesolloCubePinch-20260623-155328-cubepinch_sb_forcemagnitude_s2,force.magnitude,cubepinch_sb_forcemagnitude_s2,2,det,5,3,80,0.0375,ok,0ac79f5
pinch_sinusoid,pinch_sweep_size_rand_sinusoid-20260623-133237,TesolloCubePinch,TesolloCubePinch-20260623-155328-cubepinch_sb_forcemagnitude_s2,force.magnitude,cubepinch_sb_forcemagnitude_s2,2,det,6,0,80,0.0,ok,0ac79f5
pinch_sinusoid,pinch_sweep_size_rand_sinusoid-20260623-133237,TesolloCubePinch,TesolloCubePinch-20260623-155328-cubepinch_sb_forcemagnitude_s2,force.magnitude,cubepinch_sb_forcemagnitude_s2,2,det,7,26,80,0.325,ok,0ac79f5
pinch_sinusoid,pinch_sweep_size_rand_sinusoid-20260623-133237,TesolloCubePinch,TesolloCubePinch-20260623-155328-cubepinch_sb_forcemagnitude_s2,force.magnitude,cubepinch_sb_forcemagnitude_s2,2,det,8,5,80,0.0625,ok,0ac79f5
pinch_sinusoid,pinch_sweep_size_rand_sinusoid-20260623-133237,TesolloCubePinch,TesolloCubePinch-20260623-155328-cubepinch_sb_forcemagnitude_s2,force.magnitude,cubepinch_sb_forcemagnitude_s2,2,det,9,18,80,0.225,ok,0ac79f5
pinch_sinusoid,pinch_sweep_size_rand_sinusoid-20260623-133237,TesolloCubePinch,TesolloCubePinch-20260623-155328-cubepinch_sb_forcemagnitude_s2,force.magnitude,cubepinch_sb_forcemagnitude_s2,2,det,10,25,80,0.3125,ok,0ac79f5
pinch_sinusoid,pinch_sweep_size_rand_sinusoid-20260623-133237,TesolloCubePinch,TesolloCubePinch-20260623-155328-cubepinch_sb_forcemagnitude_s2,force.magnitude,cubepinch_sb_forcemagnitude_s2,2,det,11,25,80,0.3125,ok,0ac79f5
pinch_sinusoid,pinch_sweep_size_rand_sinusoid-20260623-133237,TesolloCubePinch,TesolloCubePinch-20260623-155328-cubepinch_sb_forcemagnitude_s2,force.magnitude,cubepinch_sb_forcemagnitude_s2,2,det,12,36,80,0.45,ok,0ac79f5
pinch_sinusoid,pinch_sweep_size_rand_sinusoid-20260623-133237,TesolloCubePinch,TesolloCubePinch-20260623-155328-cubepinch_sb_forcemagnitude_s2,force.magnitude,cubepinch_sb_forcemagnitude_s2,2,det,13,8,80,0.1,ok,0ac79f5
pinch_sinusoid,pinch_sweep_size_rand_sinusoid-20260623-133237,TesolloCubePinch,TesolloCubePinch-20260623-155328-cubepinch_sb_forcemagnitude_s2,force.magnitude,cubepinch_sb_forcemagnitude_s2,2,det,14,4,80,0.05,ok,0ac79f5
pinch_sinusoid,pinch_sweep_size_rand_sinusoid-20260623-133237,TesolloCubePinch,TesolloCubePinch-20260623-155328-cubepinch_sb_forcemagnitude_s2,force.magnitude,cubepinch_sb_forcemagnitude_s2,2,det,15,3,80,0.0375,ok,0ac79f5
pinch_sinusoid,pinch_sweep_size_rand_sinusoid-20260623-133237,TesolloCubePinch,TesolloCubePinch-20260623-155328-cubepinch_sb_forcemagnitude_s2,force.magnitude,cubepinch_sb_forcemagnitude_s2,2,det,16,22,80,0.275,ok,0ac79f5
pinch_sinusoid,pinch_sweep_size_rand_sinusoid-20260623-133237,TesolloCubePinch,TesolloCubePinch-20260623-155328-cubepinch_sb_forcemagnitude_s2,force.magnitude,cubepinch_sb_forcemagnitude_s2,2,det,17,4,80,0.05,ok,0ac79f5
pinch_sinusoid,pinch_sweep_size_rand_sinusoid-20260623-133237,TesolloCubePinch,TesolloCubePinch-20260623-155328-cubepinch_sb_forcemagnitude_s2,force.magnitude,cubepinch_sb_forcemagnitude_s2,2,det,18,0,80,0.0,ok,0ac79f5
pinch_sinusoid,pinch_sweep_size_rand_sinusoid-20260623-133237,TesolloCubePinch,TesolloCubePinch-20260623-155328-cubepinch_sb_forcemagnitude_s2,force.magnitude,cubepinch_sb_forcemagnitude_s2,2,det,19,0,80,0.0,ok,0ac79f5
pinch_sinusoid,pinch_sweep_size_rand_sinusoid-20260623-133237,TesolloCubePinch,TesolloCubePinch-20260623-155328-cubepinch_sb_forcemagnitude_s2,force.magnitude,cubepinch_sb_forcemagnitude_s2,2,det,20,12,80,0.15,ok,0ac79f5
pinch_sinusoid,pinch_sweep_size_rand_sinusoid-20260623-133237,TesolloCubePinch,TesolloCubePinch-20260623-155328-cubepinch_sb_forcemagnitude_s2,force.magnitude,cubepinch_sb_forcemagnitude_s2,2,det,21,11,80,0.1375,ok,0ac79f5
pinch_sinusoid,pinch_sweep_size_rand_sinusoid-20260623-133237,TesolloCubePinch,TesolloCubePinch-20260623-155328-cubepinch_sb_forcemagnitude_s2,force.magnitude,cubepinch_sb_forcemagnitude_s2,2,det,22,6,80,0.075,ok,0ac79f5
pinch_sinusoid,pinch_sweep_size_rand_sinusoid-20260623-133237,TesolloCubePinch,TesolloCubePinch-20260623-155328-cubepinch_sb_forcemagnitude_s2,force.magnitude,cubepinch_sb_forcemagnitude_s2,2,det,23,35,80,0.4375,ok,0ac79f5
pinch_sinusoid,pinch_sweep_size_rand_sinusoid-20260623-133237,TesolloCubePinch,TesolloCubePinch-20260623-155328-cubepinch_sb_forcemagnitude_s2,force.magnitude,cubepinch_sb_forcemagnitude_s2,2,det,24,2,80,0.025,ok,0ac79f5
pinch_sinusoid,pinch_sweep_size_rand_sinusoid-20260623-133237,TesolloCubePinch,TesolloCubePinch-20260623-155328-cubepinch_sb_forcemagnitude_s2,force.magnitude,cubepinch_sb_forcemagnitude_s2,2,det,25,23,80,0.2875,ok,0ac79f5
pinch_sinusoid,pinch_sweep_size_rand_sinusoid-20260623-133237,TesolloCubePinch,TesolloCubePinch-20260623-155328-cubepinch_sb_forcemagnitude_s2,force.magnitude,cubepinch_sb_forcemagnitude_s2,2,det,26,13,80,0.1625,ok,0ac79f5
pinch_sinusoid,pinch_sweep_size_rand_sinusoid-20260623-133237,TesolloCubePinch,TesolloCubePinch-20260623-155328-cubepinch_sb_forcemagnitude_s2,force.magnitude,cubepinch_sb_forcemagnitude_s2,2,det,27,3,80,0.0375,ok,0ac79f5
pinch_sinusoid,pinch_sweep_size_rand_sinusoid-20260623-133237,TesolloCubePinch,TesolloCubePinch-20260623-155328-cubepinch_sb_forcemagnitude_s2,force.magnitude,cubepinch_sb_forcemagnitude_s2,2,det,28,4,80,0.05,ok,0ac79f5
pinch_sinusoid,pinch_sweep_size_rand_sinusoid-20260623-133237,TesolloCubePinch,TesolloCubePinch-20260623-155328-cubepinch_sb_forcemagnitude_s2,force.magnitude,cubepinch_sb_forcemagnitude_s2,2,det,29,19,80,0.2375,ok,0ac79f5
pinch_sinusoid,pinch_sweep_size_rand_sinusoid-20260623-133237,TesolloCubePinch,TesolloCubePinch-20260623-155328-cubepinch_sb_forcemagnitude_s2,force.magnitude,cubepinch_sb_forcemagnitude_s2,2,det,30,0,80,0.0,ok,0ac79f5
pinch_sinusoid,pinch_sweep_size_rand_sinusoid-20260623-133237,TesolloCubePinch,TesolloCubePinch-20260623-155328-cubepinch_sb_forcemagnitude_s2,force.magnitude,cubepinch_sb_forcemagnitude_s2,2,det,31,37,80,0.4625,ok,0ac79f5
pinch_sinusoid,pinch_sweep_size_rand_sinusoid-20260623-133237,TesolloCubePinch,TesolloCubePinch-20260623-155328-cubepinch_sb_forcemagnitude_s2,force.magnitude,cubepinch_sb_forcemagnitude_s2,2,det,32,1,80,0.0125,ok,0ac79f5
pinch_sinusoid,pinch_sweep_size_rand_sinusoid-20260623-133237,TesolloCubePinch,TesolloCubePinch-20260623-155328-cubepinch_sb_forcemagnitude_s2,force.magnitude,cubepinch_sb_forcemagnitude_s2,2,det,33,33,80,0.4125,ok,0ac79f5
pinch_sinusoid,pinch_sweep_size_rand_sinusoid-20260623-133237,TesolloCubePinch,TesolloCubePinch-20260623-155328-cubepinch_sb_forcemagnitude_s2,force.magnitude,cubepinch_sb_forcemagnitude_s2,2,det,34,1,80,0.0125,ok,0ac79f5
pinch_sinusoid,pinch_sweep_size_rand_sinusoid-20260623-133237,TesolloCubePinch,TesolloCubePinch-20260623-155328-cubepinch_sb_forcemagnitude_s2,force.magnitude,cubepinch_sb_forcemagnitude_s2,2,det,35,33,80,0.4125,ok,0ac79f5
pinch_sinusoid,pinch_sweep_size_rand_sinusoid-20260623-133237,TesolloCubePinch,TesolloCubePinch-20260623-155328-cubepinch_sb_forcemagnitude_s2,force.magnitude,cubepinch_sb_forcemagnitude_s2,2,det,36,46,80,0.575,ok,0ac79f5
pinch_sinusoid,pinch_sweep_size_rand_sinusoid-20260623-133237,TesolloCubePinch,TesolloCubePinch-20260623-155328-cubepinch_sb_forcemagnitude_s2,force.magnitude,cubepinch_sb_forcemagnitude_s2,2,det,37,13,80,0.1625,ok,0ac79f5
pinch_sinusoid,pinch_sweep_size_rand_sinusoid-20260623-133237,TesolloCubePinch,TesolloCubePinch-20260623-155328-cubepinch_sb_forcemagnitude_s2,force.magnitude,cubepinch_sb_forcemagnitude_s2,2,det,38,24,80,0.3,ok,0ac79f5
pinch_sinusoid,pinch_sweep_size_rand_sinusoid-20260623-133237,TesolloCubePinch,TesolloCubePinch-20260623-155328-cubepinch_sb_forcemagnitude_s2,force.magnitude,cubepinch_sb_forcemagnitude_s2,2,det,39,14,80,0.175,ok,0ac79f5
pinch_sinusoid,pinch_sweep_size_rand_sinusoid-20260623-133237,TesolloCubePinch,TesolloCubePinch-20260623-155328-cubepinch_sb_forcemagnitude_s2,force.magnitude,cubepinch_sb_forcemagnitude_s2,2,det,40,10,80,0.125,ok,0ac79f5
pinch_sinusoid,pinch_sweep_size_rand_sinusoid-20260623-133237,TesolloCubePinch,TesolloCubePinch-20260623-155328-cubepinch_sb_forcemagnitude_s2,force.magnitude,cubepinch_sb_forcemagnitude_s2,2,det,41,5,80,0.0625,ok,0ac79f5
pinch_sinusoid,pinch_sweep_size_rand_sinusoid-20260623-133237,TesolloCubePinch,TesolloCubePinch-20260623-155328-cubepinch_sb_forcemagnitude_s2,force.magnitude,cubepinch_sb_forcemagnitude_s2,2,det,42,47,80,0.5875,ok,0ac79f5
pinch_sinusoid,pinch_sweep_size_rand_sinusoid-20260623-133237,TesolloCubePinch,TesolloCubePinch-20260623-155328-cubepinch_sb_forcemagnitude_s2,force.magnitude,cubepinch_sb_forcemagnitude_s2,2,det,43,14,80,0.175,ok,0ac79f5
pinch_sinusoid,pinch_sweep_size_rand_sinusoid-20260623-133237,TesolloCubePinch,TesolloCubePinch-20260623-155328-cubepinch_sb_forcemagnitude_s2,force.magnitude,cubepinch_sb_forcemagnitude_s2,2,det,44,46,80,0.575,ok,0ac79f5
pinch_sinusoid,pinch_sweep_size_rand_sinusoid-20260623-133237,TesolloCubePinch,TesolloCubePinch-20260623-155328-cubepinch_sb_forcemagnitude_s2,force.magnitude,cubepinch_sb_forcemagnitude_s2,2,det,45,45,80,0.5625,ok,0ac79f5
pinch_sinusoid,pinch_sweep_size_rand_sinusoid-20260623-133237,TesolloCubePinch,TesolloCubePinch-20260623-155328-cubepinch_sb_forcemagnitude_s2,force.magnitude,cubepinch_sb_forcemagnitude_s2,2,det,46,43,80,0.5375,ok,0ac79f5
pinch_sinusoid,pinch_sweep_size_rand_sinusoid-20260623-133237,TesolloCubePinch,TesolloCubePinch-20260623-155328-cubepinch_sb_forcemagnitude_s2,force.magnitude,cubepinch_sb_forcemagnitude_s2,2,det,47,1,80,0.0125,ok,0ac79f5
pinch_sinusoid,pinch_sweep_size_rand_sinusoid-20260623-133237,TesolloCubePinch,TesolloCubePinch-20260623-155328-cubepinch_sb_forcemagnitude_s2,force.magnitude,cubepinch_sb_forcemagnitude_s2,2,det,48,9,80,0.1125,ok,0ac79f5
pinch_sinusoid,pinch_sweep_size_rand_sinusoid-20260623-133237,TesolloCubePinch,TesolloCubePinch-20260623-155328-cubepinch_sb_forcemagnitude_s2,force.magnitude,cubepinch_sb_forcemagnitude_s2,2,det,49,16,80,0.2,ok,0ac79f5
pinch_sinusoid,pinch_sweep_size_rand_sinusoid-20260623-133237,TesolloCubePinch,TesolloCubePinch-20260623-155328-cubepinch_sb_forcemagnitude_s2,force.magnitude,cubepinch_sb_forcemagnitude_s2,2,det,50,0,80,0.0,ok,0ac79f5
pinch_sinusoid,pinch_sweep_size_rand_sinusoid-20260623-133237,TesolloCubePinch,TesolloCubePinch-20260623-155328-cubepinch_sb_forcemagnitude_s2,force.magnitude,cubepinch_sb_forcemagnitude_s2,2,det,51,49,80,0.6125,ok,0ac79f5
pinch_sinusoid,pinch_sweep_size_rand_sinusoid-20260623-133237,TesolloCubePinch,TesolloCubePinch-20260623-155328-cubepinch_sb_forcemagnitude_s2,force.magnitude,cubepinch_sb_forcemagnitude_s2,2,det,52,11,80,0.1375,ok,0ac79f5
pinch_sinusoid,pinch_sweep_size_rand_sinusoid-20260623-133237,TesolloCubePinch,TesolloCubePinch-20260623-155328-cubepinch_sb_forcemagnitude_s2,force.magnitude,cubepinch_sb_forcemagnitude_s2,2,det,53,32,80,0.4,ok,0ac79f5
pinch_sinusoid,pinch_sweep_size_rand_sinusoid-20260623-133237,TesolloCubePinch,TesolloCubePinch-20260623-155328-cubepinch_sb_forcemagnitude_s2,force.magnitude,cubepinch_sb_forcemagnitude_s2,2,det,54,47,80,0.5875,ok,0ac79f5
pinch_sinusoid,pinch_sweep_size_rand_sinusoid-20260623-133237,TesolloCubePinch,TesolloCubePinch-20260623-155328-cubepinch_sb_forcemagnitude_s2,force.magnitude,cubepinch_sb_forcemagnitude_s2,2,det,55,40,80,0.5,ok,0ac79f5
pinch_sinusoid,pinch_sweep_size_rand_sinusoid-20260623-133237,TesolloCubePinch,TesolloCubePinch-20260623-155328-cubepinch_sb_forcemagnitude_s2,force.magnitude,cubepinch_sb_forcemagnitude_s2,2,det,56,46,80,0.575,ok,0ac79f5
pinch_sinusoid,pinch_sweep_size_rand_sinusoid-20260623-133237,TesolloCubePinch,TesolloCubePinch-20260623-155328-cubepinch_sb_forcemagnitude_s2,force.magnitude,cubepinch_sb_forcemagnitude_s2,2,det,57,16,80,0.2,ok,0ac79f5
pinch_sinusoid,pinch_sweep_size_rand_sinusoid-20260623-133237,TesolloCubePinch,TesolloCubePinch-20260623-155328-cubepinch_sb_forcemagnitude_s2,force.magnitude,cubepinch_sb_forcemagnitude_s2,2,det,58,0,80,0.0,ok,0ac79f5
pinch_sinusoid,pinch_sweep_size_rand_sinusoid-20260623-133237,TesolloCubePinch,TesolloCubePinch-20260623-155328-cubepinch_sb_forcemagnitude_s2,force.magnitude,cubepinch_sb_forcemagnitude_s2,2,det,59,50,80,0.625,ok,0ac79f5
pinch_sinusoid,pinch_sweep_size_rand_sinusoid-20260623-133237,TesolloCubePinch,TesolloCubePinch-20260623-155328-cubepinch_sb_forcemagnitude_s2,force.magnitude,cubepinch_sb_forcemagnitude_s2,2,det,60,25,80,0.3125,ok,0ac79f5
pinch_sinusoid,pinch_sweep_size_rand_sinusoid-20260623-133237,TesolloCubePinch,TesolloCubePinch-20260623-155328-cubepinch_sb_forcemagnitude_s2,force.magnitude,cubepinch_sb_forcemagnitude_s2,2,det,61,14,80,0.175,ok,0ac79f5
pinch_sinusoid,pinch_sweep_size_rand_sinusoid-20260623-133237,TesolloCubePinch,TesolloCubePinch-20260623-155328-cubepinch_sb_forcemagnitude_s2,force.magnitude,cubepinch_sb_forcemagnitude_s2,2,det,62,0,80,0.0,ok,0ac79f5
pinch_sinusoid,pinch_sweep_size_rand_sinusoid-20260623-133237,TesolloCubePinch,TesolloCubePinch-20260623-155328-cubepinch_sb_forcemagnitude_s2,force.magnitude,cubepinch_sb_forcemagnitude_s2,2,det,63,6,80,0.075,ok,0ac79f5
pinch_sinusoid,pinch_sweep_size_rand_sinusoid-20260623-133237,TesolloCubePinch,TesolloCubePinch-20260623-155328-cubepinch_sb_forcemagnitude_s2,force.magnitude,cubepinch_sb_forcemagnitude_s2,2,det,64,49,80,0.6125,ok,0ac79f5
pinch_sinusoid,pinch_sweep_size_rand_sinusoid-20260623-133237,TesolloCubePinch,TesolloCubePinch-20260623-155328-cubepinch_sb_forcemagnitude_s2,force.magnitude,cubepinch_sb_forcemagnitude_s2,2,det,65,18,80,0.225,ok,0ac79f5
pinch_sinusoid,pinch_sweep_size_rand_sinusoid-20260623-133237,TesolloCubePinch,TesolloCubePinch-20260623-155328-cubepinch_sb_forcemagnitude_s2,force.magnitude,cubepinch_sb_forcemagnitude_s2,2,det,66,14,80,0.175,ok,0ac79f5
pinch_sinusoid,pinch_sweep_size_rand_sinusoid-20260623-133237,TesolloCubePinch,TesolloCubePinch-20260623-155328-cubepinch_sb_forcemagnitude_s2,force.magnitude,cubepinch_sb_forcemagnitude_s2,2,det,67,46,80,0.575,ok,0ac79f5
pinch_sinusoid,pinch_sweep_size_rand_sinusoid-20260623-133237,TesolloCubePinch,TesolloCubePinch-20260623-155328-cubepinch_sb_forcemagnitude_s2,force.magnitude,cubepinch_sb_forcemagnitude_s2,2,det,68,46,80,0.575,ok,0ac79f5
pinch_sinusoid,pinch_sweep_size_rand_sinusoid-20260623-133237,TesolloCubePinch,TesolloCubePinch-20260623-155328-cubepinch_sb_forcemagnitude_s2,force.magnitude,cubepinch_sb_forcemagnitude_s2,2,det,69,38,80,0.475,ok,0ac79f5
pinch_sinusoid,pinch_sweep_size_rand_sinusoid-20260623-133237,TesolloCubePinch,TesolloCubePinch-20260623-155328-cubepinch_sb_forcemagnitude_s2,force.magnitude,cubepinch_sb_forcemagnitude_s2,2,det,70,55,80,0.6875,ok,0ac79f5
pinch_sinusoid,pinch_sweep_size_rand_sinusoid-20260623-133237,TesolloCubePinch,TesolloCubePinch-20260623-155328-cubepinch_sb_forcemagnitude_s2,force.magnitude,cubepinch_sb_forcemagnitude_s2,2,det,71,53,80,0.6625,ok,0ac79f5
pinch_sinusoid,pinch_sweep_size_rand_sinusoid-20260623-133237,TesolloCubePinch,TesolloCubePinch-20260623-155328-cubepinch_sb_forcemagnitude_s2,force.magnitude,cubepinch_sb_forcemagnitude_s2,2,det,72,1,80,0.0125,ok,0ac79f5
pinch_sinusoid,pinch_sweep_size_rand_sinusoid-20260623-133237,TesolloCubePinch,TesolloCubePinch-20260623-155328-cubepinch_sb_forcemagnitude_s2,force.magnitude,cubepinch_sb_forcemagnitude_s2,2,det,73,22,80,0.275,ok,0ac79f5
pinch_sinusoid,pinch_sweep_size_rand_sinusoid-20260623-133237,TesolloCubePinch,TesolloCubePinch-20260623-155328-cubepinch_sb_forcemagnitude_s2,force.magnitude,cubepinch_sb_forcemagnitude_s2,2,det,74,47,80,0.5875,ok,0ac79f5
pinch_sinusoid,pinch_sweep_size_rand_sinusoid-20260623-133237,TesolloCubePinch,TesolloCubePinch-20260623-155328-cubepinch_sb_forcemagnitude_s2,force.magnitude,cubepinch_sb_forcemagnitude_s2,2,det,75,32,80,0.4,ok,0ac79f5
pinch_sinusoid,pinch_sweep_size_rand_sinusoid-20260623-133237,TesolloCubePinch,TesolloCubePinch-20260623-155328-cubepinch_sb_forcemagnitude_s2,force.magnitude,cubepinch_sb_forcemagnitude_s2,2,det,76,33,80,0.4125,ok,0ac79f5
pinch_sinusoid,pinch_sweep_size_rand_sinusoid-20260623-133237,TesolloCubePinch,TesolloCubePinch-20260623-155328-cubepinch_sb_forcemagnitude_s2,force.magnitude,cubepinch_sb_forcemagnitude_s2,2,det,77,39,80,0.4875,ok,0ac79f5
pinch_sinusoid,pinch_sweep_size_rand_sinusoid-20260623-133237,TesolloCubePinch,TesolloCubePinch-20260623-155328-cubepinch_sb_forcemagnitude_s2,force.magnitude,cubepinch_sb_forcemagnitude_s2,2,det,78,42,80,0.525,ok,0ac79f5
pinch_sinusoid,pinch_sweep_size_rand_sinusoid-20260623-133237,TesolloCubePinch,TesolloCubePinch-20260623-155328-cubepinch_sb_forcemagnitude_s2,force.magnitude,cubepinch_sb_forcemagnitude_s2,2,det,79,25,80,0.3125,ok,0ac79f5
pinch_sinusoid,pinch_sweep_size_rand_sinusoid-20260623-133237,TesolloCubePinch,TesolloCubePinch-20260623-155328-cubepinch_sb_forcemagnitude_s2,force.magnitude,cubepinch_sb_forcemagnitude_s2,2,det,80,41,80,0.5125,ok,0ac79f5
pinch_sinusoid,pinch_sweep_size_rand_sinusoid-20260623-133237,TesolloCubePinch,TesolloCubePinch-20260623-155328-cubepinch_sb_forcemagnitude_s2,force.magnitude,cubepinch_sb_forcemagnitude_s2,2,det,81,31,80,0.3875,ok,0ac79f5
pinch_sinusoid,pinch_sweep_size_rand_sinusoid-20260623-133237,TesolloCubePinch,TesolloCubePinch-20260623-155328-cubepinch_sb_forcemagnitude_s2,force.magnitude,cubepinch_sb_forcemagnitude_s2,2,det,82,30,80,0.375,ok,0ac79f5
pinch_sinusoid,pinch_sweep_size_rand_sinusoid-20260623-133237,TesolloCubePinch,TesolloCubePinch-20260623-155328-cubepinch_sb_forcemagnitude_s2,force.magnitude,cubepinch_sb_forcemagnitude_s2,2,det,83,4,80,0.05,ok,0ac79f5
pinch_sinusoid,pinch_sweep_size_rand_sinusoid-20260623-133237,TesolloCubePinch,TesolloCubePinch-20260623-155328-cubepinch_sb_forcemagnitude_s2,force.magnitude,cubepinch_sb_forcemagnitude_s2,2,det,84,50,80,0.625,ok,0ac79f5
pinch_sinusoid,pinch_sweep_size_rand_sinusoid-20260623-133237,TesolloCubePinch,TesolloCubePinch-20260623-155328-cubepinch_sb_forcemagnitude_s2,force.magnitude,cubepinch_sb_forcemagnitude_s2,2,det,85,10,80,0.125,ok,0ac79f5
pinch_sinusoid,pinch_sweep_size_rand_sinusoid-20260623-133237,TesolloCubePinch,TesolloCubePinch-20260623-155328-cubepinch_sb_forcemagnitude_s2,force.magnitude,cubepinch_sb_forcemagnitude_s2,2,det,86,10,80,0.125,ok,0ac79f5
pinch_sinusoid,pinch_sweep_size_rand_sinusoid-20260623-133237,TesolloCubePinch,TesolloCubePinch-20260623-155328-cubepinch_sb_forcemagnitude_s2,force.magnitude,cubepinch_sb_forcemagnitude_s2,2,det,87,24,80,0.3,ok,0ac79f5
pinch_sinusoid,pinch_sweep_size_rand_sinusoid-20260623-133237,TesolloCubePinch,TesolloCubePinch-20260623-155328-cubepinch_sb_forcemagnitude_s2,force.magnitude,cubepinch_sb_forcemagnitude_s2,2,det,88,30,80,0.375,ok,0ac79f5
pinch_sinusoid,pinch_sweep_size_rand_sinusoid-20260623-133237,TesolloCubePinch,TesolloCubePinch-20260623-155328-cubepinch_sb_forcemagnitude_s2,force.magnitude,cubepinch_sb_forcemagnitude_s2,2,det,89,6,80,0.075,ok,0ac79f5
pinch_sinusoid,pinch_sweep_size_rand_sinusoid-20260623-133237,TesolloCubePinch,TesolloCubePinch-20260623-155328-cubepinch_sb_forcemagnitude_s2,force.magnitude,cubepinch_sb_forcemagnitude_s2,2,det,90,25,80,0.3125,ok,0ac79f5
pinch_sinusoid,pinch_sweep_size_rand_sinusoid-20260623-133237,TesolloCubePinch,TesolloCubePinch-20260623-155328-cubepinch_sb_forcemagnitude_s2,force.magnitude,cubepinch_sb_forcemagnitude_s2,2,det,91,22,80,0.275,ok,0ac79f5
pinch_sinusoid,pinch_sweep_size_rand_sinusoid-20260623-133237,TesolloCubePinch,TesolloCubePinch-20260623-155328-cubepinch_sb_forcemagnitude_s2,force.magnitude,cubepinch_sb_forcemagnitude_s2,2,det,92,26,80,0.325,ok,0ac79f5
pinch_sinusoid,pinch_sweep_size_rand_sinusoid-20260623-133237,TesolloCubePinch,TesolloCubePinch-20260623-155328-cubepinch_sb_forcemagnitude_s2,force.magnitude,cubepinch_sb_forcemagnitude_s2,2,det,93,18,80,0.225,ok,0ac79f5
pinch_sinusoid,pinch_sweep_size_rand_sinusoid-20260623-133237,TesolloCubePinch,TesolloCubePinch-20260623-155328-cubepinch_sb_forcemagnitude_s2,force.magnitude,cubepinch_sb_forcemagnitude_s2,2,det,94,46,80,0.575,ok,0ac79f5
pinch_sinusoid,pinch_sweep_size_rand_sinusoid-20260623-133237,TesolloCubePinch,TesolloCubePinch-20260623-155328-cubepinch_sb_forcemagnitude_s2,force.magnitude,cubepinch_sb_forcemagnitude_s2,2,det,95,57,80,0.7125,ok,0ac79f5
pinch_sinusoid,pinch_sweep_size_rand_sinusoid-20260623-133237,TesolloCubePinch,TesolloCubePinch-20260623-155328-cubepinch_sb_forcemagnitude_s2,force.magnitude,cubepinch_sb_forcemagnitude_s2,2,det,96,48,80,0.6,ok,0ac79f5
pinch_sinusoid,pinch_sweep_size_rand_sinusoid-20260623-133237,TesolloCubePinch,TesolloCubePinch-20260623-155328-cubepinch_sb_forcemagnitude_s2,force.magnitude,cubepinch_sb_forcemagnitude_s2,2,det,97,24,80,0.3,ok,0ac79f5
pinch_sinusoid,pinch_sweep_size_rand_sinusoid-20260623-133237,TesolloCubePinch,TesolloCubePinch-20260623-155328-cubepinch_sb_forcemagnitude_s2,force.magnitude,cubepinch_sb_forcemagnitude_s2,2,det,98,0,80,0.0,ok,0ac79f5
pinch_sinusoid,pinch_sweep_size_rand_sinusoid-20260623-133237,TesolloCubePinch,TesolloCubePinch-20260623-155328-cubepinch_sb_forcemagnitude_s2,force.magnitude,cubepinch_sb_forcemagnitude_s2,2,det,99,0,80,0.0,ok,0ac79f5
pinch_sinusoid,pinch_sweep_size_rand_sinusoid-20260623-133237,TesolloCubePinch,TesolloCubePinch-20260623-160743-cubepinch_sb_forcemagnitude_s3,force.magnitude,cubepinch_sb_forcemagnitude_s3,3,det,0,50,80,0.625,ok,0ac79f5
pinch_sinusoid,pinch_sweep_size_rand_sinusoid-20260623-133237,TesolloCubePinch,TesolloCubePinch-20260623-160743-cubepinch_sb_forcemagnitude_s3,force.magnitude,cubepinch_sb_forcemagnitude_s3,3,det,1,29,80,0.3625,ok,0ac79f5
pinch_sinusoid,pinch_sweep_size_rand_sinusoid-20260623-133237,TesolloCubePinch,TesolloCubePinch-20260623-160743-cubepinch_sb_forcemagnitude_s3,force.magnitude,cubepinch_sb_forcemagnitude_s3,3,det,2,23,80,0.2875,ok,0ac79f5
pinch_sinusoid,pinch_sweep_size_rand_sinusoid-20260623-133237,TesolloCubePinch,TesolloCubePinch-20260623-160743-cubepinch_sb_forcemagnitude_s3,force.magnitude,cubepinch_sb_forcemagnitude_s3,3,det,3,39,80,0.4875,ok,0ac79f5
pinch_sinusoid,pinch_sweep_size_rand_sinusoid-20260623-133237,TesolloCubePinch,TesolloCubePinch-20260623-160743-cubepinch_sb_forcemagnitude_s3,force.magnitude,cubepinch_sb_forcemagnitude_s3,3,det,4,37,80,0.4625,ok,0ac79f5
pinch_sinusoid,pinch_sweep_size_rand_sinusoid-20260623-133237,TesolloCubePinch,TesolloCubePinch-20260623-160743-cubepinch_sb_forcemagnitude_s3,force.magnitude,cubepinch_sb_forcemagnitude_s3,3,det,5,12,80,0.15,ok,0ac79f5
pinch_sinusoid,pinch_sweep_size_rand_sinusoid-20260623-133237,TesolloCubePinch,TesolloCubePinch-20260623-160743-cubepinch_sb_forcemagnitude_s3,force.magnitude,cubepinch_sb_forcemagnitude_s3,3,det,6,28,80,0.35,ok,0ac79f5
pinch_sinusoid,pinch_sweep_size_rand_sinusoid-20260623-133237,TesolloCubePinch,TesolloCubePinch-20260623-160743-cubepinch_sb_forcemagnitude_s3,force.magnitude,cubepinch_sb_forcemagnitude_s3,3,det,7,40,80,0.5,ok,0ac79f5
pinch_sinusoid,pinch_sweep_size_rand_sinusoid-20260623-133237,TesolloCubePinch,TesolloCubePinch-20260623-160743-cubepinch_sb_forcemagnitude_s3,force.magnitude,cubepinch_sb_forcemagnitude_s3,3,det,8,22,80,0.275,ok,0ac79f5
pinch_sinusoid,pinch_sweep_size_rand_sinusoid-20260623-133237,TesolloCubePinch,TesolloCubePinch-20260623-160743-cubepinch_sb_forcemagnitude_s3,force.magnitude,cubepinch_sb_forcemagnitude_s3,3,det,9,64,80,0.8,ok,0ac79f5
pinch_sinusoid,pinch_sweep_size_rand_sinusoid-20260623-133237,TesolloCubePinch,TesolloCubePinch-20260623-160743-cubepinch_sb_forcemagnitude_s3,force.magnitude,cubepinch_sb_forcemagnitude_s3,3,det,10,47,80,0.5875,ok,0ac79f5
pinch_sinusoid,pinch_sweep_size_rand_sinusoid-20260623-133237,TesolloCubePinch,TesolloCubePinch-20260623-160743-cubepinch_sb_forcemagnitude_s3,force.magnitude,cubepinch_sb_forcemagnitude_s3,3,det,11,29,80,0.3625,ok,0ac79f5
pinch_sinusoid,pinch_sweep_size_rand_sinusoid-20260623-133237,TesolloCubePinch,TesolloCubePinch-20260623-160743-cubepinch_sb_forcemagnitude_s3,force.magnitude,cubepinch_sb_forcemagnitude_s3,3,det,12,51,80,0.6375,ok,0ac79f5
pinch_sinusoid,pinch_sweep_size_rand_sinusoid-20260623-133237,TesolloCubePinch,TesolloCubePinch-20260623-160743-cubepinch_sb_forcemagnitude_s3,force.magnitude,cubepinch_sb_forcemagnitude_s3,3,det,13,54,80,0.675,ok,0ac79f5
pinch_sinusoid,pinch_sweep_size_rand_sinusoid-20260623-133237,TesolloCubePinch,TesolloCubePinch-20260623-160743-cubepinch_sb_forcemagnitude_s3,force.magnitude,cubepinch_sb_forcemagnitude_s3,3,det,14,40,80,0.5,ok,0ac79f5
pinch_sinusoid,pinch_sweep_size_rand_sinusoid-20260623-133237,TesolloCubePinch,TesolloCubePinch-20260623-160743-cubepinch_sb_forcemagnitude_s3,force.magnitude,cubepinch_sb_forcemagnitude_s3,3,det,15,56,80,0.7,ok,0ac79f5
pinch_sinusoid,pinch_sweep_size_rand_sinusoid-20260623-133237,TesolloCubePinch,TesolloCubePinch-20260623-160743-cubepinch_sb_forcemagnitude_s3,force.magnitude,cubepinch_sb_forcemagnitude_s3,3,det,16,47,80,0.5875,ok,0ac79f5
pinch_sinusoid,pinch_sweep_size_rand_sinusoid-20260623-133237,TesolloCubePinch,TesolloCubePinch-20260623-160743-cubepinch_sb_forcemagnitude_s3,force.magnitude,cubepinch_sb_forcemagnitude_s3,3,det,17,6,80,0.075,ok,0ac79f5
pinch_sinusoid,pinch_sweep_size_rand_sinusoid-20260623-133237,TesolloCubePinch,TesolloCubePinch-20260623-160743-cubepinch_sb_forcemagnitude_s3,force.magnitude,cubepinch_sb_forcemagnitude_s3,3,det,18,23,80,0.2875,ok,0ac79f5
pinch_sinusoid,pinch_sweep_size_rand_sinusoid-20260623-133237,TesolloCubePinch,TesolloCubePinch-20260623-160743-cubepinch_sb_forcemagnitude_s3,force.magnitude,cubepinch_sb_forcemagnitude_s3,3,det,19,50,80,0.625,ok,0ac79f5
pinch_sinusoid,pinch_sweep_size_rand_sinusoid-20260623-133237,TesolloCubePinch,TesolloCubePinch-20260623-160743-cubepinch_sb_forcemagnitude_s3,force.magnitude,cubepinch_sb_forcemagnitude_s3,3,det,20,44,80,0.55,ok,0ac79f5
pinch_sinusoid,pinch_sweep_size_rand_sinusoid-20260623-133237,TesolloCubePinch,TesolloCubePinch-20260623-160743-cubepinch_sb_forcemagnitude_s3,force.magnitude,cubepinch_sb_forcemagnitude_s3,3,det,21,49,80,0.6125,ok,0ac79f5
pinch_sinusoid,pinch_sweep_size_rand_sinusoid-20260623-133237,TesolloCubePinch,TesolloCubePinch-20260623-160743-cubepinch_sb_forcemagnitude_s3,force.magnitude,cubepinch_sb_forcemagnitude_s3,3,det,22,19,80,0.2375,ok,0ac79f5
pinch_sinusoid,pinch_sweep_size_rand_sinusoid-20260623-133237,TesolloCubePinch,TesolloCubePinch-20260623-160743-cubepinch_sb_forcemagnitude_s3,force.magnitude,cubepinch_sb_forcemagnitude_s3,3,det,23,30,80,0.375,ok,0ac79f5
pinch_sinusoid,pinch_sweep_size_rand_sinusoid-20260623-133237,TesolloCubePinch,TesolloCubePinch-20260623-160743-cubepinch_sb_forcemagnitude_s3,force.magnitude,cubepinch_sb_forcemagnitude_s3,3,det,24,50,80,0.625,ok,0ac79f5
pinch_sinusoid,pinch_sweep_size_rand_sinusoid-20260623-133237,TesolloCubePinch,TesolloCubePinch-20260623-160743-cubepinch_sb_forcemagnitude_s3,force.magnitude,cubepinch_sb_forcemagnitude_s3,3,det,25,25,80,0.3125,ok,0ac79f5
pinch_sinusoid,pinch_sweep_size_rand_sinusoid-20260623-133237,TesolloCubePinch,TesolloCubePinch-20260623-160743-cubepinch_sb_forcemagnitude_s3,force.magnitude,cubepinch_sb_forcemagnitude_s3,3,det,26,27,80,0.3375,ok,0ac79f5
pinch_sinusoid,pinch_sweep_size_rand_sinusoid-20260623-133237,TesolloCubePinch,TesolloCubePinch-20260623-160743-cubepinch_sb_forcemagnitude_s3,force.magnitude,cubepinch_sb_forcemagnitude_s3,3,det,27,60,80,0.75,ok,0ac79f5
pinch_sinusoid,pinch_sweep_size_rand_sinusoid-20260623-133237,TesolloCubePinch,TesolloCubePinch-20260623-160743-cubepinch_sb_forcemagnitude_s3,force.magnitude,cubepinch_sb_forcemagnitude_s3,3,det,28,42,80,0.525,ok,0ac79f5
pinch_sinusoid,pinch_sweep_size_rand_sinusoid-20260623-133237,TesolloCubePinch,TesolloCubePinch-20260623-160743-cubepinch_sb_forcemagnitude_s3,force.magnitude,cubepinch_sb_forcemagnitude_s3,3,det,29,40,80,0.5,ok,0ac79f5
pinch_sinusoid,pinch_sweep_size_rand_sinusoid-20260623-133237,TesolloCubePinch,TesolloCubePinch-20260623-160743-cubepinch_sb_forcemagnitude_s3,force.magnitude,cubepinch_sb_forcemagnitude_s3,3,det,30,44,80,0.55,ok,0ac79f5
pinch_sinusoid,pinch_sweep_size_rand_sinusoid-20260623-133237,TesolloCubePinch,TesolloCubePinch-20260623-160743-cubepinch_sb_forcemagnitude_s3,force.magnitude,cubepinch_sb_forcemagnitude_s3,3,det,31,40,80,0.5,ok,0ac79f5
pinch_sinusoid,pinch_sweep_size_rand_sinusoid-20260623-133237,TesolloCubePinch,TesolloCubePinch-20260623-160743-cubepinch_sb_forcemagnitude_s3,force.magnitude,cubepinch_sb_forcemagnitude_s3,3,det,32,9,80,0.1125,ok,0ac79f5
pinch_sinusoid,pinch_sweep_size_rand_sinusoid-20260623-133237,TesolloCubePinch,TesolloCubePinch-20260623-160743-cubepinch_sb_forcemagnitude_s3,force.magnitude,cubepinch_sb_forcemagnitude_s3,3,det,33,21,80,0.2625,ok,0ac79f5
pinch_sinusoid,pinch_sweep_size_rand_sinusoid-20260623-133237,TesolloCubePinch,TesolloCubePinch-20260623-160743-cubepinch_sb_forcemagnitude_s3,force.magnitude,cubepinch_sb_forcemagnitude_s3,3,det,34,30,80,0.375,ok,0ac79f5
pinch_sinusoid,pinch_sweep_size_rand_sinusoid-20260623-133237,TesolloCubePinch,TesolloCubePinch-20260623-160743-cubepinch_sb_forcemagnitude_s3,force.magnitude,cubepinch_sb_forcemagnitude_s3,3,det,35,39,80,0.4875,ok,0ac79f5
pinch_sinusoid,pinch_sweep_size_rand_sinusoid-20260623-133237,TesolloCubePinch,TesolloCubePinch-20260623-160743-cubepinch_sb_forcemagnitude_s3,force.magnitude,cubepinch_sb_forcemagnitude_s3,3,det,36,43,80,0.5375,ok,0ac79f5
pinch_sinusoid,pinch_sweep_size_rand_sinusoid-20260623-133237,TesolloCubePinch,TesolloCubePinch-20260623-160743-cubepinch_sb_forcemagnitude_s3,force.magnitude,cubepinch_sb_forcemagnitude_s3,3,det,37,52,80,0.65,ok,0ac79f5
pinch_sinusoid,pinch_sweep_size_rand_sinusoid-20260623-133237,TesolloCubePinch,TesolloCubePinch-20260623-160743-cubepinch_sb_forcemagnitude_s3,force.magnitude,cubepinch_sb_forcemagnitude_s3,3,det,38,17,80,0.2125,ok,0ac79f5
pinch_sinusoid,pinch_sweep_size_rand_sinusoid-20260623-133237,TesolloCubePinch,TesolloCubePinch-20260623-160743-cubepinch_sb_forcemagnitude_s3,force.magnitude,cubepinch_sb_forcemagnitude_s3,3,det,39,44,80,0.55,ok,0ac79f5
pinch_sinusoid,pinch_sweep_size_rand_sinusoid-20260623-133237,TesolloCubePinch,TesolloCubePinch-20260623-160743-cubepinch_sb_forcemagnitude_s3,force.magnitude,cubepinch_sb_forcemagnitude_s3,3,det,40,40,80,0.5,ok,0ac79f5
pinch_sinusoid,pinch_sweep_size_rand_sinusoid-20260623-133237,TesolloCubePinch,TesolloCubePinch-20260623-160743-cubepinch_sb_forcemagnitude_s3,force.magnitude,cubepinch_sb_forcemagnitude_s3,3,det,41,54,80,0.675,ok,0ac79f5
pinch_sinusoid,pinch_sweep_size_rand_sinusoid-20260623-133237,TesolloCubePinch,TesolloCubePinch-20260623-160743-cubepinch_sb_forcemagnitude_s3,force.magnitude,cubepinch_sb_forcemagnitude_s3,3,det,42,21,80,0.2625,ok,0ac79f5
pinch_sinusoid,pinch_sweep_size_rand_sinusoid-20260623-133237,TesolloCubePinch,TesolloCubePinch-20260623-160743-cubepinch_sb_forcemagnitude_s3,force.magnitude,cubepinch_sb_forcemagnitude_s3,3,det,43,46,80,0.575,ok,0ac79f5
pinch_sinusoid,pinch_sweep_size_rand_sinusoid-20260623-133237,TesolloCubePinch,TesolloCubePinch-20260623-160743-cubepinch_sb_forcemagnitude_s3,force.magnitude,cubepinch_sb_forcemagnitude_s3,3,det,44,39,80,0.4875,ok,0ac79f5
pinch_sinusoid,pinch_sweep_size_rand_sinusoid-20260623-133237,TesolloCubePinch,TesolloCubePinch-20260623-160743-cubepinch_sb_forcemagnitude_s3,force.magnitude,cubepinch_sb_forcemagnitude_s3,3,det,45,30,80,0.375,ok,0ac79f5
pinch_sinusoid,pinch_sweep_size_rand_sinusoid-20260623-133237,TesolloCubePinch,TesolloCubePinch-20260623-160743-cubepinch_sb_forcemagnitude_s3,force.magnitude,cubepinch_sb_forcemagnitude_s3,3,det,46,32,80,0.4,ok,0ac79f5
pinch_sinusoid,pinch_sweep_size_rand_sinusoid-20260623-133237,TesolloCubePinch,TesolloCubePinch-20260623-160743-cubepinch_sb_forcemagnitude_s3,force.magnitude,cubepinch_sb_forcemagnitude_s3,3,det,47,46,80,0.575,ok,0ac79f5
pinch_sinusoid,pinch_sweep_size_rand_sinusoid-20260623-133237,TesolloCubePinch,TesolloCubePinch-20260623-160743-cubepinch_sb_forcemagnitude_s3,force.magnitude,cubepinch_sb_forcemagnitude_s3,3,det,48,33,80,0.4125,ok,0ac79f5
pinch_sinusoid,pinch_sweep_size_rand_sinusoid-20260623-133237,TesolloCubePinch,TesolloCubePinch-20260623-160743-cubepinch_sb_forcemagnitude_s3,force.magnitude,cubepinch_sb_forcemagnitude_s3,3,det,49,60,80,0.75,ok,0ac79f5
pinch_sinusoid,pinch_sweep_size_rand_sinusoid-20260623-133237,TesolloCubePinch,TesolloCubePinch-20260623-160743-cubepinch_sb_forcemagnitude_s3,force.magnitude,cubepinch_sb_forcemagnitude_s3,3,det,50,35,80,0.4375,ok,0ac79f5
pinch_sinusoid,pinch_sweep_size_rand_sinusoid-20260623-133237,TesolloCubePinch,TesolloCubePinch-20260623-160743-cubepinch_sb_forcemagnitude_s3,force.magnitude,cubepinch_sb_forcemagnitude_s3,3,det,51,64,80,0.8,ok,0ac79f5
pinch_sinusoid,pinch_sweep_size_rand_sinusoid-20260623-133237,TesolloCubePinch,TesolloCubePinch-20260623-160743-cubepinch_sb_forcemagnitude_s3,force.magnitude,cubepinch_sb_forcemagnitude_s3,3,det,52,35,80,0.4375,ok,0ac79f5
pinch_sinusoid,pinch_sweep_size_rand_sinusoid-20260623-133237,TesolloCubePinch,TesolloCubePinch-20260623-160743-cubepinch_sb_forcemagnitude_s3,force.magnitude,cubepinch_sb_forcemagnitude_s3,3,det,53,64,80,0.8,ok,0ac79f5
pinch_sinusoid,pinch_sweep_size_rand_sinusoid-20260623-133237,TesolloCubePinch,TesolloCubePinch-20260623-160743-cubepinch_sb_forcemagnitude_s3,force.magnitude,cubepinch_sb_forcemagnitude_s3,3,det,54,34,80,0.425,ok,0ac79f5
pinch_sinusoid,pinch_sweep_size_rand_sinusoid-20260623-133237,TesolloCubePinch,TesolloCubePinch-20260623-160743-cubepinch_sb_forcemagnitude_s3,force.magnitude,cubepinch_sb_forcemagnitude_s3,3,det,55,54,80,0.675,ok,0ac79f5
pinch_sinusoid,pinch_sweep_size_rand_sinusoid-20260623-133237,TesolloCubePinch,TesolloCubePinch-20260623-160743-cubepinch_sb_forcemagnitude_s3,force.magnitude,cubepinch_sb_forcemagnitude_s3,3,det,56,29,80,0.3625,ok,0ac79f5
pinch_sinusoid,pinch_sweep_size_rand_sinusoid-20260623-133237,TesolloCubePinch,TesolloCubePinch-20260623-160743-cubepinch_sb_forcemagnitude_s3,force.magnitude,cubepinch_sb_forcemagnitude_s3,3,det,57,52,80,0.65,ok,0ac79f5
pinch_sinusoid,pinch_sweep_size_rand_sinusoid-20260623-133237,TesolloCubePinch,TesolloCubePinch-20260623-160743-cubepinch_sb_forcemagnitude_s3,force.magnitude,cubepinch_sb_forcemagnitude_s3,3,det,58,41,80,0.5125,ok,0ac79f5
pinch_sinusoid,pinch_sweep_size_rand_sinusoid-20260623-133237,TesolloCubePinch,TesolloCubePinch-20260623-160743-cubepinch_sb_forcemagnitude_s3,force.magnitude,cubepinch_sb_forcemagnitude_s3,3,det,59,18,80,0.225,ok,0ac79f5
pinch_sinusoid,pinch_sweep_size_rand_sinusoid-20260623-133237,TesolloCubePinch,TesolloCubePinch-20260623-160743-cubepinch_sb_forcemagnitude_s3,force.magnitude,cubepinch_sb_forcemagnitude_s3,3,det,60,34,80,0.425,ok,0ac79f5
pinch_sinusoid,pinch_sweep_size_rand_sinusoid-20260623-133237,TesolloCubePinch,TesolloCubePinch-20260623-160743-cubepinch_sb_forcemagnitude_s3,force.magnitude,cubepinch_sb_forcemagnitude_s3,3,det,61,31,80,0.3875,ok,0ac79f5
pinch_sinusoid,pinch_sweep_size_rand_sinusoid-20260623-133237,TesolloCubePinch,TesolloCubePinch-20260623-160743-cubepinch_sb_forcemagnitude_s3,force.magnitude,cubepinch_sb_forcemagnitude_s3,3,det,62,54,80,0.675,ok,0ac79f5
pinch_sinusoid,pinch_sweep_size_rand_sinusoid-20260623-133237,TesolloCubePinch,TesolloCubePinch-20260623-160743-cubepinch_sb_forcemagnitude_s3,force.magnitude,cubepinch_sb_forcemagnitude_s3,3,det,63,24,80,0.3,ok,0ac79f5
pinch_sinusoid,pinch_sweep_size_rand_sinusoid-20260623-133237,TesolloCubePinch,TesolloCubePinch-20260623-160743-cubepinch_sb_forcemagnitude_s3,force.magnitude,cubepinch_sb_forcemagnitude_s3,3,det,64,41,80,0.5125,ok,0ac79f5
pinch_sinusoid,pinch_sweep_size_rand_sinusoid-20260623-133237,TesolloCubePinch,TesolloCubePinch-20260623-160743-cubepinch_sb_forcemagnitude_s3,force.magnitude,cubepinch_sb_forcemagnitude_s3,3,det,65,34,80,0.425,ok,0ac79f5
pinch_sinusoid,pinch_sweep_size_rand_sinusoid-20260623-133237,TesolloCubePinch,TesolloCubePinch-20260623-160743-cubepinch_sb_forcemagnitude_s3,force.magnitude,cubepinch_sb_forcemagnitude_s3,3,det,66,49,80,0.6125,ok,0ac79f5
pinch_sinusoid,pinch_sweep_size_rand_sinusoid-20260623-133237,TesolloCubePinch,TesolloCubePinch-20260623-160743-cubepinch_sb_forcemagnitude_s3,force.magnitude,cubepinch_sb_forcemagnitude_s3,3,det,67,44,80,0.55,ok,0ac79f5
pinch_sinusoid,pinch_sweep_size_rand_sinusoid-20260623-133237,TesolloCubePinch,TesolloCubePinch-20260623-160743-cubepinch_sb_forcemagnitude_s3,force.magnitude,cubepinch_sb_forcemagnitude_s3,3,det,68,64,80,0.8,ok,0ac79f5
pinch_sinusoid,pinch_sweep_size_rand_sinusoid-20260623-133237,TesolloCubePinch,TesolloCubePinch-20260623-160743-cubepinch_sb_forcemagnitude_s3,force.magnitude,cubepinch_sb_forcemagnitude_s3,3,det,69,35,80,0.4375,ok,0ac79f5
pinch_sinusoid,pinch_sweep_size_rand_sinusoid-20260623-133237,TesolloCubePinch,TesolloCubePinch-20260623-160743-cubepinch_sb_forcemagnitude_s3,force.magnitude,cubepinch_sb_forcemagnitude_s3,3,det,70,51,80,0.6375,ok,0ac79f5
pinch_sinusoid,pinch_sweep_size_rand_sinusoid-20260623-133237,TesolloCubePinch,TesolloCubePinch-20260623-160743-cubepinch_sb_forcemagnitude_s3,force.magnitude,cubepinch_sb_forcemagnitude_s3,3,det,71,33,80,0.4125,ok,0ac79f5
pinch_sinusoid,pinch_sweep_size_rand_sinusoid-20260623-133237,TesolloCubePinch,TesolloCubePinch-20260623-160743-cubepinch_sb_forcemagnitude_s3,force.magnitude,cubepinch_sb_forcemagnitude_s3,3,det,72,53,80,0.6625,ok,0ac79f5
pinch_sinusoid,pinch_sweep_size_rand_sinusoid-20260623-133237,TesolloCubePinch,TesolloCubePinch-20260623-160743-cubepinch_sb_forcemagnitude_s3,force.magnitude,cubepinch_sb_forcemagnitude_s3,3,det,73,52,80,0.65,ok,0ac79f5
pinch_sinusoid,pinch_sweep_size_rand_sinusoid-20260623-133237,TesolloCubePinch,TesolloCubePinch-20260623-160743-cubepinch_sb_forcemagnitude_s3,force.magnitude,cubepinch_sb_forcemagnitude_s3,3,det,74,47,80,0.5875,ok,0ac79f5
pinch_sinusoid,pinch_sweep_size_rand_sinusoid-20260623-133237,TesolloCubePinch,TesolloCubePinch-20260623-160743-cubepinch_sb_forcemagnitude_s3,force.magnitude,cubepinch_sb_forcemagnitude_s3,3,det,75,48,80,0.6,ok,0ac79f5
pinch_sinusoid,pinch_sweep_size_rand_sinusoid-20260623-133237,TesolloCubePinch,TesolloCubePinch-20260623-160743-cubepinch_sb_forcemagnitude_s3,force.magnitude,cubepinch_sb_forcemagnitude_s3,3,det,76,52,80,0.65,ok,0ac79f5
pinch_sinusoid,pinch_sweep_size_rand_sinusoid-20260623-133237,TesolloCubePinch,TesolloCubePinch-20260623-160743-cubepinch_sb_forcemagnitude_s3,force.magnitude,cubepinch_sb_forcemagnitude_s3,3,det,77,52,80,0.65,ok,0ac79f5
pinch_sinusoid,pinch_sweep_size_rand_sinusoid-20260623-133237,TesolloCubePinch,TesolloCubePinch-20260623-160743-cubepinch_sb_forcemagnitude_s3,force.magnitude,cubepinch_sb_forcemagnitude_s3,3,det,78,42,80,0.525,ok,0ac79f5
pinch_sinusoid,pinch_sweep_size_rand_sinusoid-20260623-133237,TesolloCubePinch,TesolloCubePinch-20260623-160743-cubepinch_sb_forcemagnitude_s3,force.magnitude,cubepinch_sb_forcemagnitude_s3,3,det,79,26,80,0.325,ok,0ac79f5
pinch_sinusoid,pinch_sweep_size_rand_sinusoid-20260623-133237,TesolloCubePinch,TesolloCubePinch-20260623-160743-cubepinch_sb_forcemagnitude_s3,force.magnitude,cubepinch_sb_forcemagnitude_s3,3,det,80,46,80,0.575,ok,0ac79f5
pinch_sinusoid,pinch_sweep_size_rand_sinusoid-20260623-133237,TesolloCubePinch,TesolloCubePinch-20260623-160743-cubepinch_sb_forcemagnitude_s3,force.magnitude,cubepinch_sb_forcemagnitude_s3,3,det,81,14,80,0.175,ok,0ac79f5
pinch_sinusoid,pinch_sweep_size_rand_sinusoid-20260623-133237,TesolloCubePinch,TesolloCubePinch-20260623-160743-cubepinch_sb_forcemagnitude_s3,force.magnitude,cubepinch_sb_forcemagnitude_s3,3,det,82,32,80,0.4,ok,0ac79f5
pinch_sinusoid,pinch_sweep_size_rand_sinusoid-20260623-133237,TesolloCubePinch,TesolloCubePinch-20260623-160743-cubepinch_sb_forcemagnitude_s3,force.magnitude,cubepinch_sb_forcemagnitude_s3,3,det,83,26,80,0.325,ok,0ac79f5
pinch_sinusoid,pinch_sweep_size_rand_sinusoid-20260623-133237,TesolloCubePinch,TesolloCubePinch-20260623-160743-cubepinch_sb_forcemagnitude_s3,force.magnitude,cubepinch_sb_forcemagnitude_s3,3,det,84,50,80,0.625,ok,0ac79f5
pinch_sinusoid,pinch_sweep_size_rand_sinusoid-20260623-133237,TesolloCubePinch,TesolloCubePinch-20260623-160743-cubepinch_sb_forcemagnitude_s3,force.magnitude,cubepinch_sb_forcemagnitude_s3,3,det,85,54,80,0.675,ok,0ac79f5
pinch_sinusoid,pinch_sweep_size_rand_sinusoid-20260623-133237,TesolloCubePinch,TesolloCubePinch-20260623-160743-cubepinch_sb_forcemagnitude_s3,force.magnitude,cubepinch_sb_forcemagnitude_s3,3,det,86,50,80,0.625,ok,0ac79f5
pinch_sinusoid,pinch_sweep_size_rand_sinusoid-20260623-133237,TesolloCubePinch,TesolloCubePinch-20260623-160743-cubepinch_sb_forcemagnitude_s3,force.magnitude,cubepinch_sb_forcemagnitude_s3,3,det,87,36,80,0.45,ok,0ac79f5
pinch_sinusoid,pinch_sweep_size_rand_sinusoid-20260623-133237,TesolloCubePinch,TesolloCubePinch-20260623-160743-cubepinch_sb_forcemagnitude_s3,force.magnitude,cubepinch_sb_forcemagnitude_s3,3,det,88,64,80,0.8,ok,0ac79f5
pinch_sinusoid,pinch_sweep_size_rand_sinusoid-20260623-133237,TesolloCubePinch,TesolloCubePinch-20260623-160743-cubepinch_sb_forcemagnitude_s3,force.magnitude,cubepinch_sb_forcemagnitude_s3,3,det,89,53,80,0.6625,ok,0ac79f5
pinch_sinusoid,pinch_sweep_size_rand_sinusoid-20260623-133237,TesolloCubePinch,TesolloCubePinch-20260623-160743-cubepinch_sb_forcemagnitude_s3,force.magnitude,cubepinch_sb_forcemagnitude_s3,3,det,90,46,80,0.575,ok,0ac79f5
pinch_sinusoid,pinch_sweep_size_rand_sinusoid-20260623-133237,TesolloCubePinch,TesolloCubePinch-20260623-160743-cubepinch_sb_forcemagnitude_s3,force.magnitude,cubepinch_sb_forcemagnitude_s3,3,det,91,43,80,0.5375,ok,0ac79f5
pinch_sinusoid,pinch_sweep_size_rand_sinusoid-20260623-133237,TesolloCubePinch,TesolloCubePinch-20260623-160743-cubepinch_sb_forcemagnitude_s3,force.magnitude,cubepinch_sb_forcemagnitude_s3,3,det,92,45,80,0.5625,ok,0ac79f5
pinch_sinusoid,pinch_sweep_size_rand_sinusoid-20260623-133237,TesolloCubePinch,TesolloCubePinch-20260623-160743-cubepinch_sb_forcemagnitude_s3,force.magnitude,cubepinch_sb_forcemagnitude_s3,3,det,93,43,80,0.5375,ok,0ac79f5
pinch_sinusoid,pinch_sweep_size_rand_sinusoid-20260623-133237,TesolloCubePinch,TesolloCubePinch-20260623-160743-cubepinch_sb_forcemagnitude_s3,force.magnitude,cubepinch_sb_forcemagnitude_s3,3,det,94,31,80,0.3875,ok,0ac79f5
pinch_sinusoid,pinch_sweep_size_rand_sinusoid-20260623-133237,TesolloCubePinch,TesolloCubePinch-20260623-160743-cubepinch_sb_forcemagnitude_s3,force.magnitude,cubepinch_sb_forcemagnitude_s3,3,det,95,49,80,0.6125,ok,0ac79f5
pinch_sinusoid,pinch_sweep_size_rand_sinusoid-20260623-133237,TesolloCubePinch,TesolloCubePinch-20260623-160743-cubepinch_sb_forcemagnitude_s3,force.magnitude,cubepinch_sb_forcemagnitude_s3,3,det,96,36,80,0.45,ok,0ac79f5
pinch_sinusoid,pinch_sweep_size_rand_sinusoid-20260623-133237,TesolloCubePinch,TesolloCubePinch-20260623-160743-cubepinch_sb_forcemagnitude_s3,force.magnitude,cubepinch_sb_forcemagnitude_s3,3,det,97,36,80,0.45,ok,0ac79f5
pinch_sinusoid,pinch_sweep_size_rand_sinusoid-20260623-133237,TesolloCubePinch,TesolloCubePinch-20260623-160743-cubepinch_sb_forcemagnitude_s3,force.magnitude,cubepinch_sb_forcemagnitude_s3,3,det,98,15,80,0.1875,ok,0ac79f5
pinch_sinusoid,pinch_sweep_size_rand_sinusoid-20260623-133237,TesolloCubePinch,TesolloCubePinch-20260623-160743-cubepinch_sb_forcemagnitude_s3,force.magnitude,cubepinch_sb_forcemagnitude_s3,3,det,99,13,80,0.1625,ok,0ac79f5
pinch_sinusoid,pinch_sweep_size_rand_sinusoid-20260623-133237,TesolloCubePinch,TesolloCubePinch-20260623-133246-cubepinch_sb_none_s1,none,cubepinch_sb_none_s1,1,det,0,0,80,0.0,ok,3682863
pinch_sinusoid,pinch_sweep_size_rand_sinusoid-20260623-133237,TesolloCubePinch,TesolloCubePinch-20260623-133246-cubepinch_sb_none_s1,none,cubepinch_sb_none_s1,1,det,1,0,80,0.0,ok,3682863
pinch_sinusoid,pinch_sweep_size_rand_sinusoid-20260623-133237,TesolloCubePinch,TesolloCubePinch-20260623-133246-cubepinch_sb_none_s1,none,cubepinch_sb_none_s1,1,det,2,0,80,0.0,ok,3682863
pinch_sinusoid,pinch_sweep_size_rand_sinusoid-20260623-133237,TesolloCubePinch,TesolloCubePinch-20260623-133246-cubepinch_sb_none_s1,none,cubepinch_sb_none_s1,1,det,3,7,80,0.0875,ok,3682863
pinch_sinusoid,pinch_sweep_size_rand_sinusoid-20260623-133237,TesolloCubePinch,TesolloCubePinch-20260623-133246-cubepinch_sb_none_s1,none,cubepinch_sb_none_s1,1,det,4,6,80,0.075,ok,3682863
pinch_sinusoid,pinch_sweep_size_rand_sinusoid-20260623-133237,TesolloCubePinch,TesolloCubePinch-20260623-133246-cubepinch_sb_none_s1,none,cubepinch_sb_none_s1,1,det,5,9,80,0.1125,ok,3682863
pinch_sinusoid,pinch_sweep_size_rand_sinusoid-20260623-133237,TesolloCubePinch,TesolloCubePinch-20260623-133246-cubepinch_sb_none_s1,none,cubepinch_sb_none_s1,1,det,6,1,80,0.0125,ok,3682863
pinch_sinusoid,pinch_sweep_size_rand_sinusoid-20260623-133237,TesolloCubePinch,TesolloCubePinch-20260623-133246-cubepinch_sb_none_s1,none,cubepinch_sb_none_s1,1,det,7,5,80,0.0625,ok,3682863
pinch_sinusoid,pinch_sweep_size_rand_sinusoid-20260623-133237,TesolloCubePinch,TesolloCubePinch-20260623-133246-cubepinch_sb_none_s1,none,cubepinch_sb_none_s1,1,det,8,4,80,0.05,ok,3682863
pinch_sinusoid,pinch_sweep_size_rand_sinusoid-20260623-133237,TesolloCubePinch,TesolloCubePinch-20260623-133246-cubepinch_sb_none_s1,none,cubepinch_sb_none_s1,1,det,9,0,80,0.0,ok,3682863
pinch_sinusoid,pinch_sweep_size_rand_sinusoid-20260623-133237,TesolloCubePinch,TesolloCubePinch-20260623-133246-cubepinch_sb_none_s1,none,cubepinch_sb_none_s1,1,det,10,7,80,0.0875,ok,3682863
pinch_sinusoid,pinch_sweep_size_rand_sinusoid-20260623-133237,TesolloCubePinch,TesolloCubePinch-20260623-133246-cubepinch_sb_none_s1,none,cubepinch_sb_none_s1,1,det,11,5,80,0.0625,ok,3682863
pinch_sinusoid,pinch_sweep_size_rand_sinusoid-20260623-133237,TesolloCubePinch,TesolloCubePinch-20260623-133246-cubepinch_sb_none_s1,none,cubepinch_sb_none_s1,1,det,12,11,80,0.1375,ok,3682863
pinch_sinusoid,pinch_sweep_size_rand_sinusoid-20260623-133237,TesolloCubePinch,TesolloCubePinch-20260623-133246-cubepinch_sb_none_s1,none,cubepinch_sb_none_s1,1,det,13,4,80,0.05,ok,3682863
pinch_sinusoid,pinch_sweep_size_rand_sinusoid-20260623-133237,TesolloCubePinch,TesolloCubePinch-20260623-133246-cubepinch_sb_none_s1,none,cubepinch_sb_none_s1,1,det,14,4,80,0.05,ok,3682863
pinch_sinusoid,pinch_sweep_size_rand_sinusoid-20260623-133237,TesolloCubePinch,TesolloCubePinch-20260623-133246-cubepinch_sb_none_s1,none,cubepinch_sb_none_s1,1,det,15,0,80,0.0,ok,3682863
pinch_sinusoid,pinch_sweep_size_rand_sinusoid-20260623-133237,TesolloCubePinch,TesolloCubePinch-20260623-133246-cubepinch_sb_none_s1,none,cubepinch_sb_none_s1,1,det,16,5,80,0.0625,ok,3682863
pinch_sinusoid,pinch_sweep_size_rand_sinusoid-20260623-133237,TesolloCubePinch,TesolloCubePinch-20260623-133246-cubepinch_sb_none_s1,none,cubepinch_sb_none_s1,1,det,17,0,80,0.0,ok,3682863
pinch_sinusoid,pinch_sweep_size_rand_sinusoid-20260623-133237,TesolloCubePinch,TesolloCubePinch-20260623-133246-cubepinch_sb_none_s1,none,cubepinch_sb_none_s1,1,det,18,0,80,0.0,ok,3682863
pinch_sinusoid,pinch_sweep_size_rand_sinusoid-20260623-133237,TesolloCubePinch,TesolloCubePinch-20260623-133246-cubepinch_sb_none_s1,none,cubepinch_sb_none_s1,1,det,19,3,80,0.0375,ok,3682863
pinch_sinusoid,pinch_sweep_size_rand_sinusoid-20260623-133237,TesolloCubePinch,TesolloCubePinch-20260623-133246-cubepinch_sb_none_s1,none,cubepinch_sb_none_s1,1,det,20,0,80,0.0,ok,3682863
pinch_sinusoid,pinch_sweep_size_rand_sinusoid-20260623-133237,TesolloCubePinch,TesolloCubePinch-20260623-133246-cubepinch_sb_none_s1,none,cubepinch_sb_none_s1,1,det,21,9,80,0.1125,ok,3682863
pinch_sinusoid,pinch_sweep_size_rand_sinusoid-20260623-133237,TesolloCubePinch,TesolloCubePinch-20260623-133246-cubepinch_sb_none_s1,none,cubepinch_sb_none_s1,1,det,22,2,80,0.025,ok,3682863
pinch_sinusoid,pinch_sweep_size_rand_sinusoid-20260623-133237,TesolloCubePinch,TesolloCubePinch-20260623-133246-cubepinch_sb_none_s1,none,cubepinch_sb_none_s1,1,det,23,8,80,0.1,ok,3682863
pinch_sinusoid,pinch_sweep_size_rand_sinusoid-20260623-133237,TesolloCubePinch,TesolloCubePinch-20260623-133246-cubepinch_sb_none_s1,none,cubepinch_sb_none_s1,1,det,24,15,80,0.1875,ok,3682863
pinch_sinusoid,pinch_sweep_size_rand_sinusoid-20260623-133237,TesolloCubePinch,TesolloCubePinch-20260623-133246-cubepinch_sb_none_s1,none,cubepinch_sb_none_s1,1,det,25,9,80,0.1125,ok,3682863
pinch_sinusoid,pinch_sweep_size_rand_sinusoid-20260623-133237,TesolloCubePinch,TesolloCubePinch-20260623-133246-cubepinch_sb_none_s1,none,cubepinch_sb_none_s1,1,det,26,4,80,0.05,ok,3682863
pinch_sinusoid,pinch_sweep_size_rand_sinusoid-20260623-133237,TesolloCubePinch,TesolloCubePinch-20260623-133246-cubepinch_sb_none_s1,none,cubepinch_sb_none_s1,1,det,27,0,80,0.0,ok,3682863
pinch_sinusoid,pinch_sweep_size_rand_sinusoid-20260623-133237,TesolloCubePinch,TesolloCubePinch-20260623-133246-cubepinch_sb_none_s1,none,cubepinch_sb_none_s1,1,det,28,0,80,0.0,ok,3682863
pinch_sinusoid,pinch_sweep_size_rand_sinusoid-20260623-133237,TesolloCubePinch,TesolloCubePinch-20260623-133246-cubepinch_sb_none_s1,none,cubepinch_sb_none_s1,1,det,29,2,80,0.025,ok,3682863
pinch_sinusoid,pinch_sweep_size_rand_sinusoid-20260623-133237,TesolloCubePinch,TesolloCubePinch-20260623-133246-cubepinch_sb_none_s1,none,cubepinch_sb_none_s1,1,det,30,3,80,0.0375,ok,3682863
pinch_sinusoid,pinch_sweep_size_rand_sinusoid-20260623-133237,TesolloCubePinch,TesolloCubePinch-20260623-133246-cubepinch_sb_none_s1,none,cubepinch_sb_none_s1,1,det,31,11,80,0.1375,ok,3682863
pinch_sinusoid,pinch_sweep_size_rand_sinusoid-20260623-133237,TesolloCubePinch,TesolloCubePinch-20260623-133246-cubepinch_sb_none_s1,none,cubepinch_sb_none_s1,1,det,32,5,80,0.0625,ok,3682863
pinch_sinusoid,pinch_sweep_size_rand_sinusoid-20260623-133237,TesolloCubePinch,TesolloCubePinch-20260623-133246-cubepinch_sb_none_s1,none,cubepinch_sb_none_s1,1,det,33,4,80,0.05,ok,3682863
pinch_sinusoid,pinch_sweep_size_rand_sinusoid-20260623-133237,TesolloCubePinch,TesolloCubePinch-20260623-133246-cubepinch_sb_none_s1,none,cubepinch_sb_none_s1,1,det,34,2,80,0.025,ok,3682863
pinch_sinusoid,pinch_sweep_size_rand_sinusoid-20260623-133237,TesolloCubePinch,TesolloCubePinch-20260623-133246-cubepinch_sb_none_s1,none,cubepinch_sb_none_s1,1,det,35,3,80,0.0375,ok,3682863
pinch_sinusoid,pinch_sweep_size_rand_sinusoid-20260623-133237,TesolloCubePinch,TesolloCubePinch-20260623-133246-cubepinch_sb_none_s1,none,cubepinch_sb_none_s1,1,det,36,0,80,0.0,ok,3682863
pinch_sinusoid,pinch_sweep_size_rand_sinusoid-20260623-133237,TesolloCubePinch,TesolloCubePinch-20260623-133246-cubepinch_sb_none_s1,none,cubepinch_sb_none_s1,1,det,37,4,80,0.05,ok,3682863
pinch_sinusoid,pinch_sweep_size_rand_sinusoid-20260623-133237,TesolloCubePinch,TesolloCubePinch-20260623-133246-cubepinch_sb_none_s1,none,cubepinch_sb_none_s1,1,det,38,0,80,0.0,ok,3682863
pinch_sinusoid,pinch_sweep_size_rand_sinusoid-20260623-133237,TesolloCubePinch,TesolloCubePinch-20260623-133246-cubepinch_sb_none_s1,none,cubepinch_sb_none_s1,1,det,39,3,80,0.0375,ok,3682863
pinch_sinusoid,pinch_sweep_size_rand_sinusoid-20260623-133237,TesolloCubePinch,TesolloCubePinch-20260623-133246-cubepinch_sb_none_s1,none,cubepinch_sb_none_s1,1,det,40,8,80,0.1,ok,3682863
pinch_sinusoid,pinch_sweep_size_rand_sinusoid-20260623-133237,TesolloCubePinch,TesolloCubePinch-20260623-133246-cubepinch_sb_none_s1,none,cubepinch_sb_none_s1,1,det,41,0,80,0.0,ok,3682863
pinch_sinusoid,pinch_sweep_size_rand_sinusoid-20260623-133237,TesolloCubePinch,TesolloCubePinch-20260623-133246-cubepinch_sb_none_s1,none,cubepinch_sb_none_s1,1,det,42,7,80,0.0875,ok,3682863
pinch_sinusoid,pinch_sweep_size_rand_sinusoid-20260623-133237,TesolloCubePinch,TesolloCubePinch-20260623-133246-cubepinch_sb_none_s1,none,cubepinch_sb_none_s1,1,det,43,2,80,0.025,ok,3682863
pinch_sinusoid,pinch_sweep_size_rand_sinusoid-20260623-133237,TesolloCubePinch,TesolloCubePinch-20260623-133246-cubepinch_sb_none_s1,none,cubepinch_sb_none_s1,1,det,44,9,80,0.1125,ok,3682863
pinch_sinusoid,pinch_sweep_size_rand_sinusoid-20260623-133237,TesolloCubePinch,TesolloCubePinch-20260623-133246-cubepinch_sb_none_s1,none,cubepinch_sb_none_s1,1,det,45,8,80,0.1,ok,3682863
pinch_sinusoid,pinch_sweep_size_rand_sinusoid-20260623-133237,TesolloCubePinch,TesolloCubePinch-20260623-133246-cubepinch_sb_none_s1,none,cubepinch_sb_none_s1,1,det,46,8,80,0.1,ok,3682863
pinch_sinusoid,pinch_sweep_size_rand_sinusoid-20260623-133237,TesolloCubePinch,TesolloCubePinch-20260623-133246-cubepinch_sb_none_s1,none,cubepinch_sb_none_s1,1,det,47,0,80,0.0,ok,3682863
pinch_sinusoid,pinch_sweep_size_rand_sinusoid-20260623-133237,TesolloCubePinch,TesolloCubePinch-20260623-133246-cubepinch_sb_none_s1,none,cubepinch_sb_none_s1,1,det,48,2,80,0.025,ok,3682863
pinch_sinusoid,pinch_sweep_size_rand_sinusoid-20260623-133237,TesolloCubePinch,TesolloCubePinch-20260623-133246-cubepinch_sb_none_s1,none,cubepinch_sb_none_s1,1,det,49,0,80,0.0,ok,3682863
pinch_sinusoid,pinch_sweep_size_rand_sinusoid-20260623-133237,TesolloCubePinch,TesolloCubePinch-20260623-133246-cubepinch_sb_none_s1,none,cubepinch_sb_none_s1,1,det,50,3,80,0.0375,ok,3682863
pinch_sinusoid,pinch_sweep_size_rand_sinusoid-20260623-133237,TesolloCubePinch,TesolloCubePinch-20260623-133246-cubepinch_sb_none_s1,none,cubepinch_sb_none_s1,1,det,51,0,80,0.0,ok,3682863
pinch_sinusoid,pinch_sweep_size_rand_sinusoid-20260623-133237,TesolloCubePinch,TesolloCubePinch-20260623-133246-cubepinch_sb_none_s1,none,cubepinch_sb_none_s1,1,det,52,2,80,0.025,ok,3682863
pinch_sinusoid,pinch_sweep_size_rand_sinusoid-20260623-133237,TesolloCubePinch,TesolloCubePinch-20260623-133246-cubepinch_sb_none_s1,none,cubepinch_sb_none_s1,1,det,53,5,80,0.0625,ok,3682863
pinch_sinusoid,pinch_sweep_size_rand_sinusoid-20260623-133237,TesolloCubePinch,TesolloCubePinch-20260623-133246-cubepinch_sb_none_s1,none,cubepinch_sb_none_s1,1,det,54,9,80,0.1125,ok,3682863
pinch_sinusoid,pinch_sweep_size_rand_sinusoid-20260623-133237,TesolloCubePinch,TesolloCubePinch-20260623-133246-cubepinch_sb_none_s1,none,cubepinch_sb_none_s1,1,det,55,5,80,0.0625,ok,3682863
pinch_sinusoid,pinch_sweep_size_rand_sinusoid-20260623-133237,TesolloCubePinch,TesolloCubePinch-20260623-133246-cubepinch_sb_none_s1,none,cubepinch_sb_none_s1,1,det,56,2,80,0.025,ok,3682863
pinch_sinusoid,pinch_sweep_size_rand_sinusoid-20260623-133237,TesolloCubePinch,TesolloCubePinch-20260623-133246-cubepinch_sb_none_s1,none,cubepinch_sb_none_s1,1,det,57,9,80,0.1125,ok,3682863
pinch_sinusoid,pinch_sweep_size_rand_sinusoid-20260623-133237,TesolloCubePinch,TesolloCubePinch-20260623-133246-cubepinch_sb_none_s1,none,cubepinch_sb_none_s1,1,det,58,1,80,0.0125,ok,3682863
pinch_sinusoid,pinch_sweep_size_rand_sinusoid-20260623-133237,TesolloCubePinch,TesolloCubePinch-20260623-133246-cubepinch_sb_none_s1,none,cubepinch_sb_none_s1,1,det,59,0,80,0.0,ok,3682863
pinch_sinusoid,pinch_sweep_size_rand_sinusoid-20260623-133237,TesolloCubePinch,TesolloCubePinch-20260623-133246-cubepinch_sb_none_s1,none,cubepinch_sb_none_s1,1,det,60,2,80,0.025,ok,3682863
pinch_sinusoid,pinch_sweep_size_rand_sinusoid-20260623-133237,TesolloCubePinch,TesolloCubePinch-20260623-133246-cubepinch_sb_none_s1,none,cubepinch_sb_none_s1,1,det,61,2,80,0.025,ok,3682863
pinch_sinusoid,pinch_sweep_size_rand_sinusoid-20260623-133237,TesolloCubePinch,TesolloCubePinch-20260623-133246-cubepinch_sb_none_s1,none,cubepinch_sb_none_s1,1,det,62,0,80,0.0,ok,3682863
pinch_sinusoid,pinch_sweep_size_rand_sinusoid-20260623-133237,TesolloCubePinch,TesolloCubePinch-20260623-133246-cubepinch_sb_none_s1,none,cubepinch_sb_none_s1,1,det,63,0,80,0.0,ok,3682863
pinch_sinusoid,pinch_sweep_size_rand_sinusoid-20260623-133237,TesolloCubePinch,TesolloCubePinch-20260623-133246-cubepinch_sb_none_s1,none,cubepinch_sb_none_s1,1,det,64,2,80,0.025,ok,3682863
pinch_sinusoid,pinch_sweep_size_rand_sinusoid-20260623-133237,TesolloCubePinch,TesolloCubePinch-20260623-133246-cubepinch_sb_none_s1,none,cubepinch_sb_none_s1,1,det,65,2,80,0.025,ok,3682863
pinch_sinusoid,pinch_sweep_size_rand_sinusoid-20260623-133237,TesolloCubePinch,TesolloCubePinch-20260623-133246-cubepinch_sb_none_s1,none,cubepinch_sb_none_s1,1,det,66,1,80,0.0125,ok,3682863
pinch_sinusoid,pinch_sweep_size_rand_sinusoid-20260623-133237,TesolloCubePinch,TesolloCubePinch-20260623-133246-cubepinch_sb_none_s1,none,cubepinch_sb_none_s1,1,det,67,3,80,0.0375,ok,3682863
pinch_sinusoid,pinch_sweep_size_rand_sinusoid-20260623-133237,TesolloCubePinch,TesolloCubePinch-20260623-133246-cubepinch_sb_none_s1,none,cubepinch_sb_none_s1,1,det,68,19,80,0.2375,ok,3682863
pinch_sinusoid,pinch_sweep_size_rand_sinusoid-20260623-133237,TesolloCubePinch,TesolloCubePinch-20260623-133246-cubepinch_sb_none_s1,none,cubepinch_sb_none_s1,1,det,69,1,80,0.0125,ok,3682863
pinch_sinusoid,pinch_sweep_size_rand_sinusoid-20260623-133237,TesolloCubePinch,TesolloCubePinch-20260623-133246-cubepinch_sb_none_s1,none,cubepinch_sb_none_s1,1,det,70,2,80,0.025,ok,3682863
pinch_sinusoid,pinch_sweep_size_rand_sinusoid-20260623-133237,TesolloCubePinch,TesolloCubePinch-20260623-133246-cubepinch_sb_none_s1,none,cubepinch_sb_none_s1,1,det,71,0,80,0.0,ok,3682863
pinch_sinusoid,pinch_sweep_size_rand_sinusoid-20260623-133237,TesolloCubePinch,TesolloCubePinch-20260623-133246-cubepinch_sb_none_s1,none,cubepinch_sb_none_s1,1,det,72,6,80,0.075,ok,3682863
pinch_sinusoid,pinch_sweep_size_rand_sinusoid-20260623-133237,TesolloCubePinch,TesolloCubePinch-20260623-133246-cubepinch_sb_none_s1,none,cubepinch_sb_none_s1,1,det,73,10,80,0.125,ok,3682863
pinch_sinusoid,pinch_sweep_size_rand_sinusoid-20260623-133237,TesolloCubePinch,TesolloCubePinch-20260623-133246-cubepinch_sb_none_s1,none,cubepinch_sb_none_s1,1,det,74,1,80,0.0125,ok,3682863
pinch_sinusoid,pinch_sweep_size_rand_sinusoid-20260623-133237,TesolloCubePinch,TesolloCubePinch-20260623-133246-cubepinch_sb_none_s1,none,cubepinch_sb_none_s1,1,det,75,12,80,0.15,ok,3682863
pinch_sinusoid,pinch_sweep_size_rand_sinusoid-20260623-133237,TesolloCubePinch,TesolloCubePinch-20260623-133246-cubepinch_sb_none_s1,none,cubepinch_sb_none_s1,1,det,76,5,80,0.0625,ok,3682863
pinch_sinusoid,pinch_sweep_size_rand_sinusoid-20260623-133237,TesolloCubePinch,TesolloCubePinch-20260623-133246-cubepinch_sb_none_s1,none,cubepinch_sb_none_s1,1,det,77,0,80,0.0,ok,3682863
pinch_sinusoid,pinch_sweep_size_rand_sinusoid-20260623-133237,TesolloCubePinch,TesolloCubePinch-20260623-133246-cubepinch_sb_none_s1,none,cubepinch_sb_none_s1,1,det,78,0,80,0.0,ok,3682863
pinch_sinusoid,pinch_sweep_size_rand_sinusoid-20260623-133237,TesolloCubePinch,TesolloCubePinch-20260623-133246-cubepinch_sb_none_s1,none,cubepinch_sb_none_s1,1,det,79,7,80,0.0875,ok,3682863
pinch_sinusoid,pinch_sweep_size_rand_sinusoid-20260623-133237,TesolloCubePinch,TesolloCubePinch-20260623-133246-cubepinch_sb_none_s1,none,cubepinch_sb_none_s1,1,det,80,0,80,0.0,ok,3682863
pinch_sinusoid,pinch_sweep_size_rand_sinusoid-20260623-133237,TesolloCubePinch,TesolloCubePinch-20260623-133246-cubepinch_sb_none_s1,none,cubepinch_sb_none_s1,1,det,81,2,80,0.025,ok,3682863
pinch_sinusoid,pinch_sweep_size_rand_sinusoid-20260623-133237,TesolloCubePinch,TesolloCubePinch-20260623-133246-cubepinch_sb_none_s1,none,cubepinch_sb_none_s1,1,det,82,0,80,0.0,ok,3682863
pinch_sinusoid,pinch_sweep_size_rand_sinusoid-20260623-133237,TesolloCubePinch,TesolloCubePinch-20260623-133246-cubepinch_sb_none_s1,none,cubepinch_sb_none_s1,1,det,83,0,80,0.0,ok,3682863
pinch_sinusoid,pinch_sweep_size_rand_sinusoid-20260623-133237,TesolloCubePinch,TesolloCubePinch-20260623-133246-cubepinch_sb_none_s1,none,cubepinch_sb_none_s1,1,det,84,5,80,0.0625,ok,3682863
pinch_sinusoid,pinch_sweep_size_rand_sinusoid-20260623-133237,TesolloCubePinch,TesolloCubePinch-20260623-133246-cubepinch_sb_none_s1,none,cubepinch_sb_none_s1,1,det,85,1,80,0.0125,ok,3682863
pinch_sinusoid,pinch_sweep_size_rand_sinusoid-20260623-133237,TesolloCubePinch,TesolloCubePinch-20260623-133246-cubepinch_sb_none_s1,none,cubepinch_sb_none_s1,1,det,86,3,80,0.0375,ok,3682863
pinch_sinusoid,pinch_sweep_size_rand_sinusoid-20260623-133237,TesolloCubePinch,TesolloCubePinch-20260623-133246-cubepinch_sb_none_s1,none,cubepinch_sb_none_s1,1,det,87,8,80,0.1,ok,3682863
pinch_sinusoid,pinch_sweep_size_rand_sinusoid-20260623-133237,TesolloCubePinch,TesolloCubePinch-20260623-133246-cubepinch_sb_none_s1,none,cubepinch_sb_none_s1,1,det,88,0,80,0.0,ok,3682863
pinch_sinusoid,pinch_sweep_size_rand_sinusoid-20260623-133237,TesolloCubePinch,TesolloCubePinch-20260623-133246-cubepinch_sb_none_s1,none,cubepinch_sb_none_s1,1,det,89,1,80,0.0125,ok,3682863
pinch_sinusoid,pinch_sweep_size_rand_sinusoid-20260623-133237,TesolloCubePinch,TesolloCubePinch-20260623-133246-cubepinch_sb_none_s1,none,cubepinch_sb_none_s1,1,det,90,10,80,0.125,ok,3682863
pinch_sinusoid,pinch_sweep_size_rand_sinusoid-20260623-133237,TesolloCubePinch,TesolloCubePinch-20260623-133246-cubepinch_sb_none_s1,none,cubepinch_sb_none_s1,1,det,91,0,80,0.0,ok,3682863
pinch_sinusoid,pinch_sweep_size_rand_sinusoid-20260623-133237,TesolloCubePinch,TesolloCubePinch-20260623-133246-cubepinch_sb_none_s1,none,cubepinch_sb_none_s1,1,det,92,7,80,0.0875,ok,3682863
pinch_sinusoid,pinch_sweep_size_rand_sinusoid-20260623-133237,TesolloCubePinch,TesolloCubePinch-20260623-133246-cubepinch_sb_none_s1,none,cubepinch_sb_none_s1,1,det,93,1,80,0.0125,ok,3682863
pinch_sinusoid,pinch_sweep_size_rand_sinusoid-20260623-133237,TesolloCubePinch,TesolloCubePinch-20260623-133246-cubepinch_sb_none_s1,none,cubepinch_sb_none_s1,1,det,94,8,80,0.1,ok,3682863
pinch_sinusoid,pinch_sweep_size_rand_sinusoid-20260623-133237,TesolloCubePinch,TesolloCubePinch-20260623-133246-cubepinch_sb_none_s1,none,cubepinch_sb_none_s1,1,det,95,0,80,0.0,ok,3682863
pinch_sinusoid,pinch_sweep_size_rand_sinusoid-20260623-133237,TesolloCubePinch,TesolloCubePinch-20260623-133246-cubepinch_sb_none_s1,none,cubepinch_sb_none_s1,1,det,96,0,80,0.0,ok,3682863
pinch_sinusoid,pinch_sweep_size_rand_sinusoid-20260623-133237,TesolloCubePinch,TesolloCubePinch-20260623-133246-cubepinch_sb_none_s1,none,cubepinch_sb_none_s1,1,det,97,1,80,0.0125,ok,3682863
pinch_sinusoid,pinch_sweep_size_rand_sinusoid-20260623-133237,TesolloCubePinch,TesolloCubePinch-20260623-133246-cubepinch_sb_none_s1,none,cubepinch_sb_none_s1,1,det,98,0,80,0.0,ok,3682863
pinch_sinusoid,pinch_sweep_size_rand_sinusoid-20260623-133237,TesolloCubePinch,TesolloCubePinch-20260623-133246-cubepinch_sb_none_s1,none,cubepinch_sb_none_s1,1,det,99,0,80,0.0,ok,3682863
pinch_sinusoid,pinch_sweep_size_rand_sinusoid-20260623-133237,TesolloCubePinch,TesolloCubePinch-20260623-134636-cubepinch_sb_none_s2,none,cubepinch_sb_none_s2,2,det,0,8,80,0.1,ok,3682863
pinch_sinusoid,pinch_sweep_size_rand_sinusoid-20260623-133237,TesolloCubePinch,TesolloCubePinch-20260623-134636-cubepinch_sb_none_s2,none,cubepinch_sb_none_s2,2,det,1,0,80,0.0,ok,3682863
pinch_sinusoid,pinch_sweep_size_rand_sinusoid-20260623-133237,TesolloCubePinch,TesolloCubePinch-20260623-134636-cubepinch_sb_none_s2,none,cubepinch_sb_none_s2,2,det,2,10,80,0.125,ok,3682863
pinch_sinusoid,pinch_sweep_size_rand_sinusoid-20260623-133237,TesolloCubePinch,TesolloCubePinch-20260623-134636-cubepinch_sb_none_s2,none,cubepinch_sb_none_s2,2,det,3,0,80,0.0,ok,3682863
pinch_sinusoid,pinch_sweep_size_rand_sinusoid-20260623-133237,TesolloCubePinch,TesolloCubePinch-20260623-134636-cubepinch_sb_none_s2,none,cubepinch_sb_none_s2,2,det,4,0,80,0.0,ok,3682863
pinch_sinusoid,pinch_sweep_size_rand_sinusoid-20260623-133237,TesolloCubePinch,TesolloCubePinch-20260623-134636-cubepinch_sb_none_s2,none,cubepinch_sb_none_s2,2,det,5,7,80,0.0875,ok,3682863
pinch_sinusoid,pinch_sweep_size_rand_sinusoid-20260623-133237,TesolloCubePinch,TesolloCubePinch-20260623-134636-cubepinch_sb_none_s2,none,cubepinch_sb_none_s2,2,det,6,2,80,0.025,ok,3682863
pinch_sinusoid,pinch_sweep_size_rand_sinusoid-20260623-133237,TesolloCubePinch,TesolloCubePinch-20260623-134636-cubepinch_sb_none_s2,none,cubepinch_sb_none_s2,2,det,7,11,80,0.1375,ok,3682863
pinch_sinusoid,pinch_sweep_size_rand_sinusoid-20260623-133237,TesolloCubePinch,TesolloCubePinch-20260623-134636-cubepinch_sb_none_s2,none,cubepinch_sb_none_s2,2,det,8,0,80,0.0,ok,3682863
pinch_sinusoid,pinch_sweep_size_rand_sinusoid-20260623-133237,TesolloCubePinch,TesolloCubePinch-20260623-134636-cubepinch_sb_none_s2,none,cubepinch_sb_none_s2,2,det,9,8,80,0.1,ok,3682863
pinch_sinusoid,pinch_sweep_size_rand_sinusoid-20260623-133237,TesolloCubePinch,TesolloCubePinch-20260623-134636-cubepinch_sb_none_s2,none,cubepinch_sb_none_s2,2,det,10,10,80,0.125,ok,3682863
pinch_sinusoid,pinch_sweep_size_rand_sinusoid-20260623-133237,TesolloCubePinch,TesolloCubePinch-20260623-134636-cubepinch_sb_none_s2,none,cubepinch_sb_none_s2,2,det,11,1,80,0.0125,ok,3682863
pinch_sinusoid,pinch_sweep_size_rand_sinusoid-20260623-133237,TesolloCubePinch,TesolloCubePinch-20260623-134636-cubepinch_sb_none_s2,none,cubepinch_sb_none_s2,2,det,12,6,80,0.075,ok,3682863
pinch_sinusoid,pinch_sweep_size_rand_sinusoid-20260623-133237,TesolloCubePinch,TesolloCubePinch-20260623-134636-cubepinch_sb_none_s2,none,cubepinch_sb_none_s2,2,det,13,4,80,0.05,ok,3682863
pinch_sinusoid,pinch_sweep_size_rand_sinusoid-20260623-133237,TesolloCubePinch,TesolloCubePinch-20260623-134636-cubepinch_sb_none_s2,none,cubepinch_sb_none_s2,2,det,14,0,80,0.0,ok,3682863
pinch_sinusoid,pinch_sweep_size_rand_sinusoid-20260623-133237,TesolloCubePinch,TesolloCubePinch-20260623-134636-cubepinch_sb_none_s2,none,cubepinch_sb_none_s2,2,det,15,0,80,0.0,ok,3682863
pinch_sinusoid,pinch_sweep_size_rand_sinusoid-20260623-133237,TesolloCubePinch,TesolloCubePinch-20260623-134636-cubepinch_sb_none_s2,none,cubepinch_sb_none_s2,2,det,16,0,80,0.0,ok,3682863
pinch_sinusoid,pinch_sweep_size_rand_sinusoid-20260623-133237,TesolloCubePinch,TesolloCubePinch-20260623-134636-cubepinch_sb_none_s2,none,cubepinch_sb_none_s2,2,det,17,0,80,0.0,ok,3682863
pinch_sinusoid,pinch_sweep_size_rand_sinusoid-20260623-133237,TesolloCubePinch,TesolloCubePinch-20260623-134636-cubepinch_sb_none_s2,none,cubepinch_sb_none_s2,2,det,18,0,80,0.0,ok,3682863
pinch_sinusoid,pinch_sweep_size_rand_sinusoid-20260623-133237,TesolloCubePinch,TesolloCubePinch-20260623-134636-cubepinch_sb_none_s2,none,cubepinch_sb_none_s2,2,det,19,10,80,0.125,ok,3682863
pinch_sinusoid,pinch_sweep_size_rand_sinusoid-20260623-133237,TesolloCubePinch,TesolloCubePinch-20260623-134636-cubepinch_sb_none_s2,none,cubepinch_sb_none_s2,2,det,20,7,80,0.0875,ok,3682863
pinch_sinusoid,pinch_sweep_size_rand_sinusoid-20260623-133237,TesolloCubePinch,TesolloCubePinch-20260623-134636-cubepinch_sb_none_s2,none,cubepinch_sb_none_s2,2,det,21,0,80,0.0,ok,3682863
pinch_sinusoid,pinch_sweep_size_rand_sinusoid-20260623-133237,TesolloCubePinch,TesolloCubePinch-20260623-134636-cubepinch_sb_none_s2,none,cubepinch_sb_none_s2,2,det,22,0,80,0.0,ok,3682863
pinch_sinusoid,pinch_sweep_size_rand_sinusoid-20260623-133237,TesolloCubePinch,TesolloCubePinch-20260623-134636-cubepinch_sb_none_s2,none,cubepinch_sb_none_s2,2,det,23,8,80,0.1,ok,3682863
pinch_sinusoid,pinch_sweep_size_rand_sinusoid-20260623-133237,TesolloCubePinch,TesolloCubePinch-20260623-134636-cubepinch_sb_none_s2,none,cubepinch_sb_none_s2,2,det,24,0,80,0.0,ok,3682863
pinch_sinusoid,pinch_sweep_size_rand_sinusoid-20260623-133237,TesolloCubePinch,TesolloCubePinch-20260623-134636-cubepinch_sb_none_s2,none,cubepinch_sb_none_s2,2,det,25,8,80,0.1,ok,3682863
pinch_sinusoid,pinch_sweep_size_rand_sinusoid-20260623-133237,TesolloCubePinch,TesolloCubePinch-20260623-134636-cubepinch_sb_none_s2,none,cubepinch_sb_none_s2,2,det,26,11,80,0.1375,ok,3682863
pinch_sinusoid,pinch_sweep_size_rand_sinusoid-20260623-133237,TesolloCubePinch,TesolloCubePinch-20260623-134636-cubepinch_sb_none_s2,none,cubepinch_sb_none_s2,2,det,27,1,80,0.0125,ok,3682863
pinch_sinusoid,pinch_sweep_size_rand_sinusoid-20260623-133237,TesolloCubePinch,TesolloCubePinch-20260623-134636-cubepinch_sb_none_s2,none,cubepinch_sb_none_s2,2,det,28,0,80,0.0,ok,3682863
pinch_sinusoid,pinch_sweep_size_rand_sinusoid-20260623-133237,TesolloCubePinch,TesolloCubePinch-20260623-134636-cubepinch_sb_none_s2,none,cubepinch_sb_none_s2,2,det,29,0,80,0.0,ok,3682863
pinch_sinusoid,pinch_sweep_size_rand_sinusoid-20260623-133237,TesolloCubePinch,TesolloCubePinch-20260623-134636-cubepinch_sb_none_s2,none,cubepinch_sb_none_s2,2,det,30,0,80,0.0,ok,3682863
pinch_sinusoid,pinch_sweep_size_rand_sinusoid-20260623-133237,TesolloCubePinch,TesolloCubePinch-20260623-134636-cubepinch_sb_none_s2,none,cubepinch_sb_none_s2,2,det,31,0,80,0.0,ok,3682863
pinch_sinusoid,pinch_sweep_size_rand_sinusoid-20260623-133237,TesolloCubePinch,TesolloCubePinch-20260623-134636-cubepinch_sb_none_s2,none,cubepinch_sb_none_s2,2,det,32,1,80,0.0125,ok,3682863
pinch_sinusoid,pinch_sweep_size_rand_sinusoid-20260623-133237,TesolloCubePinch,TesolloCubePinch-20260623-134636-cubepinch_sb_none_s2,none,cubepinch_sb_none_s2,2,det,33,4,80,0.05,ok,3682863
pinch_sinusoid,pinch_sweep_size_rand_sinusoid-20260623-133237,TesolloCubePinch,TesolloCubePinch-20260623-134636-cubepinch_sb_none_s2,none,cubepinch_sb_none_s2,2,det,34,1,80,0.0125,ok,3682863
pinch_sinusoid,pinch_sweep_size_rand_sinusoid-20260623-133237,TesolloCubePinch,TesolloCubePinch-20260623-134636-cubepinch_sb_none_s2,none,cubepinch_sb_none_s2,2,det,35,6,80,0.075,ok,3682863
pinch_sinusoid,pinch_sweep_size_rand_sinusoid-20260623-133237,TesolloCubePinch,TesolloCubePinch-20260623-134636-cubepinch_sb_none_s2,none,cubepinch_sb_none_s2,2,det,36,4,80,0.05,ok,3682863
pinch_sinusoid,pinch_sweep_size_rand_sinusoid-20260623-133237,TesolloCubePinch,TesolloCubePinch-20260623-134636-cubepinch_sb_none_s2,none,cubepinch_sb_none_s2,2,det,37,13,80,0.1625,ok,3682863
pinch_sinusoid,pinch_sweep_size_rand_sinusoid-20260623-133237,TesolloCubePinch,TesolloCubePinch-20260623-134636-cubepinch_sb_none_s2,none,cubepinch_sb_none_s2,2,det,38,11,80,0.1375,ok,3682863
pinch_sinusoid,pinch_sweep_size_rand_sinusoid-20260623-133237,TesolloCubePinch,TesolloCubePinch-20260623-134636-cubepinch_sb_none_s2,none,cubepinch_sb_none_s2,2,det,39,7,80,0.0875,ok,3682863
pinch_sinusoid,pinch_sweep_size_rand_sinusoid-20260623-133237,TesolloCubePinch,TesolloCubePinch-20260623-134636-cubepinch_sb_none_s2,none,cubepinch_sb_none_s2,2,det,40,0,80,0.0,ok,3682863
pinch_sinusoid,pinch_sweep_size_rand_sinusoid-20260623-133237,TesolloCubePinch,TesolloCubePinch-20260623-134636-cubepinch_sb_none_s2,none,cubepinch_sb_none_s2,2,det,41,0,80,0.0,ok,3682863
pinch_sinusoid,pinch_sweep_size_rand_sinusoid-20260623-133237,TesolloCubePinch,TesolloCubePinch-20260623-134636-cubepinch_sb_none_s2,none,cubepinch_sb_none_s2,2,det,42,9,80,0.1125,ok,3682863
pinch_sinusoid,pinch_sweep_size_rand_sinusoid-20260623-133237,TesolloCubePinch,TesolloCubePinch-20260623-134636-cubepinch_sb_none_s2,none,cubepinch_sb_none_s2,2,det,43,8,80,0.1,ok,3682863
pinch_sinusoid,pinch_sweep_size_rand_sinusoid-20260623-133237,TesolloCubePinch,TesolloCubePinch-20260623-134636-cubepinch_sb_none_s2,none,cubepinch_sb_none_s2,2,det,44,0,80,0.0,ok,3682863
pinch_sinusoid,pinch_sweep_size_rand_sinusoid-20260623-133237,TesolloCubePinch,TesolloCubePinch-20260623-134636-cubepinch_sb_none_s2,none,cubepinch_sb_none_s2,2,det,45,4,80,0.05,ok,3682863
pinch_sinusoid,pinch_sweep_size_rand_sinusoid-20260623-133237,TesolloCubePinch,TesolloCubePinch-20260623-134636-cubepinch_sb_none_s2,none,cubepinch_sb_none_s2,2,det,46,5,80,0.0625,ok,3682863
pinch_sinusoid,pinch_sweep_size_rand_sinusoid-20260623-133237,TesolloCubePinch,TesolloCubePinch-20260623-134636-cubepinch_sb_none_s2,none,cubepinch_sb_none_s2,2,det,47,7,80,0.0875,ok,3682863
pinch_sinusoid,pinch_sweep_size_rand_sinusoid-20260623-133237,TesolloCubePinch,TesolloCubePinch-20260623-134636-cubepinch_sb_none_s2,none,cubepinch_sb_none_s2,2,det,48,3,80,0.0375,ok,3682863
pinch_sinusoid,pinch_sweep_size_rand_sinusoid-20260623-133237,TesolloCubePinch,TesolloCubePinch-20260623-134636-cubepinch_sb_none_s2,none,cubepinch_sb_none_s2,2,det,49,2,80,0.025,ok,3682863
pinch_sinusoid,pinch_sweep_size_rand_sinusoid-20260623-133237,TesolloCubePinch,TesolloCubePinch-20260623-134636-cubepinch_sb_none_s2,none,cubepinch_sb_none_s2,2,det,50,7,80,0.0875,ok,3682863
pinch_sinusoid,pinch_sweep_size_rand_sinusoid-20260623-133237,TesolloCubePinch,TesolloCubePinch-20260623-134636-cubepinch_sb_none_s2,none,cubepinch_sb_none_s2,2,det,51,3,80,0.0375,ok,3682863
pinch_sinusoid,pinch_sweep_size_rand_sinusoid-20260623-133237,TesolloCubePinch,TesolloCubePinch-20260623-134636-cubepinch_sb_none_s2,none,cubepinch_sb_none_s2,2,det,52,0,80,0.0,ok,3682863
pinch_sinusoid,pinch_sweep_size_rand_sinusoid-20260623-133237,TesolloCubePinch,TesolloCubePinch-20260623-134636-cubepinch_sb_none_s2,none,cubepinch_sb_none_s2,2,det,53,0,80,0.0,ok,3682863
pinch_sinusoid,pinch_sweep_size_rand_sinusoid-20260623-133237,TesolloCubePinch,TesolloCubePinch-20260623-134636-cubepinch_sb_none_s2,none,cubepinch_sb_none_s2,2,det,54,3,80,0.0375,ok,3682863
pinch_sinusoid,pinch_sweep_size_rand_sinusoid-20260623-133237,TesolloCubePinch,TesolloCubePinch-20260623-134636-cubepinch_sb_none_s2,none,cubepinch_sb_none_s2,2,det,55,0,80,0.0,ok,3682863
pinch_sinusoid,pinch_sweep_size_rand_sinusoid-20260623-133237,TesolloCubePinch,TesolloCubePinch-20260623-134636-cubepinch_sb_none_s2,none,cubepinch_sb_none_s2,2,det,56,0,80,0.0,ok,3682863
pinch_sinusoid,pinch_sweep_size_rand_sinusoid-20260623-133237,TesolloCubePinch,TesolloCubePinch-20260623-134636-cubepinch_sb_none_s2,none,cubepinch_sb_none_s2,2,det,57,13,80,0.1625,ok,3682863
pinch_sinusoid,pinch_sweep_size_rand_sinusoid-20260623-133237,TesolloCubePinch,TesolloCubePinch-20260623-134636-cubepinch_sb_none_s2,none,cubepinch_sb_none_s2,2,det,58,14,80,0.175,ok,3682863
pinch_sinusoid,pinch_sweep_size_rand_sinusoid-20260623-133237,TesolloCubePinch,TesolloCubePinch-20260623-134636-cubepinch_sb_none_s2,none,cubepinch_sb_none_s2,2,det,59,3,80,0.0375,ok,3682863
pinch_sinusoid,pinch_sweep_size_rand_sinusoid-20260623-133237,TesolloCubePinch,TesolloCubePinch-20260623-134636-cubepinch_sb_none_s2,none,cubepinch_sb_none_s2,2,det,60,0,80,0.0,ok,3682863
pinch_sinusoid,pinch_sweep_size_rand_sinusoid-20260623-133237,TesolloCubePinch,TesolloCubePinch-20260623-134636-cubepinch_sb_none_s2,none,cubepinch_sb_none_s2,2,det,61,6,80,0.075,ok,3682863
pinch_sinusoid,pinch_sweep_size_rand_sinusoid-20260623-133237,TesolloCubePinch,TesolloCubePinch-20260623-134636-cubepinch_sb_none_s2,none,cubepinch_sb_none_s2,2,det,62,4,80,0.05,ok,3682863
pinch_sinusoid,pinch_sweep_size_rand_sinusoid-20260623-133237,TesolloCubePinch,TesolloCubePinch-20260623-134636-cubepinch_sb_none_s2,none,cubepinch_sb_none_s2,2,det,63,1,80,0.0125,ok,3682863
pinch_sinusoid,pinch_sweep_size_rand_sinusoid-20260623-133237,TesolloCubePinch,TesolloCubePinch-20260623-134636-cubepinch_sb_none_s2,none,cubepinch_sb_none_s2,2,det,64,0,80,0.0,ok,3682863
pinch_sinusoid,pinch_sweep_size_rand_sinusoid-20260623-133237,TesolloCubePinch,TesolloCubePinch-20260623-134636-cubepinch_sb_none_s2,none,cubepinch_sb_none_s2,2,det,65,1,80,0.0125,ok,3682863
pinch_sinusoid,pinch_sweep_size_rand_sinusoid-20260623-133237,TesolloCubePinch,TesolloCubePinch-20260623-134636-cubepinch_sb_none_s2,none,cubepinch_sb_none_s2,2,det,66,4,80,0.05,ok,3682863
pinch_sinusoid,pinch_sweep_size_rand_sinusoid-20260623-133237,TesolloCubePinch,TesolloCubePinch-20260623-134636-cubepinch_sb_none_s2,none,cubepinch_sb_none_s2,2,det,67,0,80,0.0,ok,3682863
pinch_sinusoid,pinch_sweep_size_rand_sinusoid-20260623-133237,TesolloCubePinch,TesolloCubePinch-20260623-134636-cubepinch_sb_none_s2,none,cubepinch_sb_none_s2,2,det,68,4,80,0.05,ok,3682863
pinch_sinusoid,pinch_sweep_size_rand_sinusoid-20260623-133237,TesolloCubePinch,TesolloCubePinch-20260623-134636-cubepinch_sb_none_s2,none,cubepinch_sb_none_s2,2,det,69,14,80,0.175,ok,3682863
pinch_sinusoid,pinch_sweep_size_rand_sinusoid-20260623-133237,TesolloCubePinch,TesolloCubePinch-20260623-134636-cubepinch_sb_none_s2,none,cubepinch_sb_none_s2,2,det,70,11,80,0.1375,ok,3682863
pinch_sinusoid,pinch_sweep_size_rand_sinusoid-20260623-133237,TesolloCubePinch,TesolloCubePinch-20260623-134636-cubepinch_sb_none_s2,none,cubepinch_sb_none_s2,2,det,71,8,80,0.1,ok,3682863
pinch_sinusoid,pinch_sweep_size_rand_sinusoid-20260623-133237,TesolloCubePinch,TesolloCubePinch-20260623-134636-cubepinch_sb_none_s2,none,cubepinch_sb_none_s2,2,det,72,10,80,0.125,ok,3682863
pinch_sinusoid,pinch_sweep_size_rand_sinusoid-20260623-133237,TesolloCubePinch,TesolloCubePinch-20260623-134636-cubepinch_sb_none_s2,none,cubepinch_sb_none_s2,2,det,73,1,80,0.0125,ok,3682863
pinch_sinusoid,pinch_sweep_size_rand_sinusoid-20260623-133237,TesolloCubePinch,TesolloCubePinch-20260623-134636-cubepinch_sb_none_s2,none,cubepinch_sb_none_s2,2,det,74,0,80,0.0,ok,3682863
pinch_sinusoid,pinch_sweep_size_rand_sinusoid-20260623-133237,TesolloCubePinch,TesolloCubePinch-20260623-134636-cubepinch_sb_none_s2,none,cubepinch_sb_none_s2,2,det,75,8,80,0.1,ok,3682863
pinch_sinusoid,pinch_sweep_size_rand_sinusoid-20260623-133237,TesolloCubePinch,TesolloCubePinch-20260623-134636-cubepinch_sb_none_s2,none,cubepinch_sb_none_s2,2,det,76,0,80,0.0,ok,3682863
pinch_sinusoid,pinch_sweep_size_rand_sinusoid-20260623-133237,TesolloCubePinch,TesolloCubePinch-20260623-134636-cubepinch_sb_none_s2,none,cubepinch_sb_none_s2,2,det,77,0,80,0.0,ok,3682863
pinch_sinusoid,pinch_sweep_size_rand_sinusoid-20260623-133237,TesolloCubePinch,TesolloCubePinch-20260623-134636-cubepinch_sb_none_s2,none,cubepinch_sb_none_s2,2,det,78,1,80,0.0125,ok,3682863
pinch_sinusoid,pinch_sweep_size_rand_sinusoid-20260623-133237,TesolloCubePinch,TesolloCubePinch-20260623-134636-cubepinch_sb_none_s2,none,cubepinch_sb_none_s2,2,det,79,5,80,0.0625,ok,3682863
pinch_sinusoid,pinch_sweep_size_rand_sinusoid-20260623-133237,TesolloCubePinch,TesolloCubePinch-20260623-134636-cubepinch_sb_none_s2,none,cubepinch_sb_none_s2,2,det,80,0,80,0.0,ok,3682863
pinch_sinusoid,pinch_sweep_size_rand_sinusoid-20260623-133237,TesolloCubePinch,TesolloCubePinch-20260623-134636-cubepinch_sb_none_s2,none,cubepinch_sb_none_s2,2,det,81,2,80,0.025,ok,3682863
pinch_sinusoid,pinch_sweep_size_rand_sinusoid-20260623-133237,TesolloCubePinch,TesolloCubePinch-20260623-134636-cubepinch_sb_none_s2,none,cubepinch_sb_none_s2,2,det,82,2,80,0.025,ok,3682863
pinch_sinusoid,pinch_sweep_size_rand_sinusoid-20260623-133237,TesolloCubePinch,TesolloCubePinch-20260623-134636-cubepinch_sb_none_s2,none,cubepinch_sb_none_s2,2,det,83,1,80,0.0125,ok,3682863
pinch_sinusoid,pinch_sweep_size_rand_sinusoid-20260623-133237,TesolloCubePinch,TesolloCubePinch-20260623-134636-cubepinch_sb_none_s2,none,cubepinch_sb_none_s2,2,det,84,0,80,0.0,ok,3682863
pinch_sinusoid,pinch_sweep_size_rand_sinusoid-20260623-133237,TesolloCubePinch,TesolloCubePinch-20260623-134636-cubepinch_sb_none_s2,none,cubepinch_sb_none_s2,2,det,85,6,80,0.075,ok,3682863
pinch_sinusoid,pinch_sweep_size_rand_sinusoid-20260623-133237,TesolloCubePinch,TesolloCubePinch-20260623-134636-cubepinch_sb_none_s2,none,cubepinch_sb_none_s2,2,det,86,11,80,0.1375,ok,3682863
pinch_sinusoid,pinch_sweep_size_rand_sinusoid-20260623-133237,TesolloCubePinch,TesolloCubePinch-20260623-134636-cubepinch_sb_none_s2,none,cubepinch_sb_none_s2,2,det,87,7,80,0.0875,ok,3682863
pinch_sinusoid,pinch_sweep_size_rand_sinusoid-20260623-133237,TesolloCubePinch,TesolloCubePinch-20260623-134636-cubepinch_sb_none_s2,none,cubepinch_sb_none_s2,2,det,88,6,80,0.075,ok,3682863
pinch_sinusoid,pinch_sweep_size_rand_sinusoid-20260623-133237,TesolloCubePinch,TesolloCubePinch-20260623-134636-cubepinch_sb_none_s2,none,cubepinch_sb_none_s2,2,det,89,6,80,0.075,ok,3682863
pinch_sinusoid,pinch_sweep_size_rand_sinusoid-20260623-133237,TesolloCubePinch,TesolloCubePinch-20260623-134636-cubepinch_sb_none_s2,none,cubepinch_sb_none_s2,2,det,90,1,80,0.0125,ok,3682863
pinch_sinusoid,pinch_sweep_size_rand_sinusoid-20260623-133237,TesolloCubePinch,TesolloCubePinch-20260623-134636-cubepinch_sb_none_s2,none,cubepinch_sb_none_s2,2,det,91,1,80,0.0125,ok,3682863
pinch_sinusoid,pinch_sweep_size_rand_sinusoid-20260623-133237,TesolloCubePinch,TesolloCubePinch-20260623-134636-cubepinch_sb_none_s2,none,cubepinch_sb_none_s2,2,det,92,8,80,0.1,ok,3682863
pinch_sinusoid,pinch_sweep_size_rand_sinusoid-20260623-133237,TesolloCubePinch,TesolloCubePinch-20260623-134636-cubepinch_sb_none_s2,none,cubepinch_sb_none_s2,2,det,93,0,80,0.0,ok,3682863
pinch_sinusoid,pinch_sweep_size_rand_sinusoid-20260623-133237,TesolloCubePinch,TesolloCubePinch-20260623-134636-cubepinch_sb_none_s2,none,cubepinch_sb_none_s2,2,det,94,2,80,0.025,ok,3682863
pinch_sinusoid,pinch_sweep_size_rand_sinusoid-20260623-133237,TesolloCubePinch,TesolloCubePinch-20260623-134636-cubepinch_sb_none_s2,none,cubepinch_sb_none_s2,2,det,95,1,80,0.0125,ok,3682863
pinch_sinusoid,pinch_sweep_size_rand_sinusoid-20260623-133237,TesolloCubePinch,TesolloCubePinch-20260623-134636-cubepinch_sb_none_s2,none,cubepinch_sb_none_s2,2,det,96,1,80,0.0125,ok,3682863
pinch_sinusoid,pinch_sweep_size_rand_sinusoid-20260623-133237,TesolloCubePinch,TesolloCubePinch-20260623-134636-cubepinch_sb_none_s2,none,cubepinch_sb_none_s2,2,det,97,1,80,0.0125,ok,3682863
pinch_sinusoid,pinch_sweep_size_rand_sinusoid-20260623-133237,TesolloCubePinch,TesolloCubePinch-20260623-134636-cubepinch_sb_none_s2,none,cubepinch_sb_none_s2,2,det,98,2,80,0.025,ok,3682863
pinch_sinusoid,pinch_sweep_size_rand_sinusoid-20260623-133237,TesolloCubePinch,TesolloCubePinch-20260623-134636-cubepinch_sb_none_s2,none,cubepinch_sb_none_s2,2,det,99,0,80,0.0,ok,3682863
pinch_sinusoid,pinch_sweep_size_rand_sinusoid-20260623-133237,TesolloCubePinch,TesolloCubePinch-20260623-140037-cubepinch_sb_none_s3,none,cubepinch_sb_none_s3,3,det,0,15,80,0.1875,ok,3682863
pinch_sinusoid,pinch_sweep_size_rand_sinusoid-20260623-133237,TesolloCubePinch,TesolloCubePinch-20260623-140037-cubepinch_sb_none_s3,none,cubepinch_sb_none_s3,3,det,1,18,80,0.225,ok,3682863
pinch_sinusoid,pinch_sweep_size_rand_sinusoid-20260623-133237,TesolloCubePinch,TesolloCubePinch-20260623-140037-cubepinch_sb_none_s3,none,cubepinch_sb_none_s3,3,det,2,2,80,0.025,ok,3682863
pinch_sinusoid,pinch_sweep_size_rand_sinusoid-20260623-133237,TesolloCubePinch,TesolloCubePinch-20260623-140037-cubepinch_sb_none_s3,none,cubepinch_sb_none_s3,3,det,3,9,80,0.1125,ok,3682863
pinch_sinusoid,pinch_sweep_size_rand_sinusoid-20260623-133237,TesolloCubePinch,TesolloCubePinch-20260623-140037-cubepinch_sb_none_s3,none,cubepinch_sb_none_s3,3,det,4,9,80,0.1125,ok,3682863
pinch_sinusoid,pinch_sweep_size_rand_sinusoid-20260623-133237,TesolloCubePinch,TesolloCubePinch-20260623-140037-cubepinch_sb_none_s3,none,cubepinch_sb_none_s3,3,det,5,3,80,0.0375,ok,3682863
pinch_sinusoid,pinch_sweep_size_rand_sinusoid-20260623-133237,TesolloCubePinch,TesolloCubePinch-20260623-140037-cubepinch_sb_none_s3,none,cubepinch_sb_none_s3,3,det,6,10,80,0.125,ok,3682863
pinch_sinusoid,pinch_sweep_size_rand_sinusoid-20260623-133237,TesolloCubePinch,TesolloCubePinch-20260623-140037-cubepinch_sb_none_s3,none,cubepinch_sb_none_s3,3,det,7,19,80,0.2375,ok,3682863
pinch_sinusoid,pinch_sweep_size_rand_sinusoid-20260623-133237,TesolloCubePinch,TesolloCubePinch-20260623-140037-cubepinch_sb_none_s3,none,cubepinch_sb_none_s3,3,det,8,13,80,0.1625,ok,3682863
pinch_sinusoid,pinch_sweep_size_rand_sinusoid-20260623-133237,TesolloCubePinch,TesolloCubePinch-20260623-140037-cubepinch_sb_none_s3,none,cubepinch_sb_none_s3,3,det,9,12,80,0.15,ok,3682863
pinch_sinusoid,pinch_sweep_size_rand_sinusoid-20260623-133237,TesolloCubePinch,TesolloCubePinch-20260623-140037-cubepinch_sb_none_s3,none,cubepinch_sb_none_s3,3,det,10,11,80,0.1375,ok,3682863
pinch_sinusoid,pinch_sweep_size_rand_sinusoid-20260623-133237,TesolloCubePinch,TesolloCubePinch-20260623-140037-cubepinch_sb_none_s3,none,cubepinch_sb_none_s3,3,det,11,23,80,0.2875,ok,3682863
pinch_sinusoid,pinch_sweep_size_rand_sinusoid-20260623-133237,TesolloCubePinch,TesolloCubePinch-20260623-140037-cubepinch_sb_none_s3,none,cubepinch_sb_none_s3,3,det,12,14,80,0.175,ok,3682863
pinch_sinusoid,pinch_sweep_size_rand_sinusoid-20260623-133237,TesolloCubePinch,TesolloCubePinch-20260623-140037-cubepinch_sb_none_s3,none,cubepinch_sb_none_s3,3,det,13,12,80,0.15,ok,3682863
pinch_sinusoid,pinch_sweep_size_rand_sinusoid-20260623-133237,TesolloCubePinch,TesolloCubePinch-20260623-140037-cubepinch_sb_none_s3,none,cubepinch_sb_none_s3,3,det,14,6,80,0.075,ok,3682863
pinch_sinusoid,pinch_sweep_size_rand_sinusoid-20260623-133237,TesolloCubePinch,TesolloCubePinch-20260623-140037-cubepinch_sb_none_s3,none,cubepinch_sb_none_s3,3,det,15,11,80,0.1375,ok,3682863
pinch_sinusoid,pinch_sweep_size_rand_sinusoid-20260623-133237,TesolloCubePinch,TesolloCubePinch-20260623-140037-cubepinch_sb_none_s3,none,cubepinch_sb_none_s3,3,det,16,7,80,0.0875,ok,3682863
pinch_sinusoid,pinch_sweep_size_rand_sinusoid-20260623-133237,TesolloCubePinch,TesolloCubePinch-20260623-140037-cubepinch_sb_none_s3,none,cubepinch_sb_none_s3,3,det,17,11,80,0.1375,ok,3682863
pinch_sinusoid,pinch_sweep_size_rand_sinusoid-20260623-133237,TesolloCubePinch,TesolloCubePinch-20260623-140037-cubepinch_sb_none_s3,none,cubepinch_sb_none_s3,3,det,18,13,80,0.1625,ok,3682863
pinch_sinusoid,pinch_sweep_size_rand_sinusoid-20260623-133237,TesolloCubePinch,TesolloCubePinch-20260623-140037-cubepinch_sb_none_s3,none,cubepinch_sb_none_s3,3,det,19,4,80,0.05,ok,3682863
pinch_sinusoid,pinch_sweep_size_rand_sinusoid-20260623-133237,TesolloCubePinch,TesolloCubePinch-20260623-140037-cubepinch_sb_none_s3,none,cubepinch_sb_none_s3,3,det,20,9,80,0.1125,ok,3682863
pinch_sinusoid,pinch_sweep_size_rand_sinusoid-20260623-133237,TesolloCubePinch,TesolloCubePinch-20260623-140037-cubepinch_sb_none_s3,none,cubepinch_sb_none_s3,3,det,21,11,80,0.1375,ok,3682863
pinch_sinusoid,pinch_sweep_size_rand_sinusoid-20260623-133237,TesolloCubePinch,TesolloCubePinch-20260623-140037-cubepinch_sb_none_s3,none,cubepinch_sb_none_s3,3,det,22,10,80,0.125,ok,3682863
pinch_sinusoid,pinch_sweep_size_rand_sinusoid-20260623-133237,TesolloCubePinch,TesolloCubePinch-20260623-140037-cubepinch_sb_none_s3,none,cubepinch_sb_none_s3,3,det,23,13,80,0.1625,ok,3682863
pinch_sinusoid,pinch_sweep_size_rand_sinusoid-20260623-133237,TesolloCubePinch,TesolloCubePinch-20260623-140037-cubepinch_sb_none_s3,none,cubepinch_sb_none_s3,3,det,24,14,80,0.175,ok,3682863
pinch_sinusoid,pinch_sweep_size_rand_sinusoid-20260623-133237,TesolloCubePinch,TesolloCubePinch-20260623-140037-cubepinch_sb_none_s3,none,cubepinch_sb_none_s3,3,det,25,17,80,0.2125,ok,3682863
pinch_sinusoid,pinch_sweep_size_rand_sinusoid-20260623-133237,TesolloCubePinch,TesolloCubePinch-20260623-140037-cubepinch_sb_none_s3,none,cubepinch_sb_none_s3,3,det,26,11,80,0.1375,ok,3682863
pinch_sinusoid,pinch_sweep_size_rand_sinusoid-20260623-133237,TesolloCubePinch,TesolloCubePinch-20260623-140037-cubepinch_sb_none_s3,none,cubepinch_sb_none_s3,3,det,27,14,80,0.175,ok,3682863
pinch_sinusoid,pinch_sweep_size_rand_sinusoid-20260623-133237,TesolloCubePinch,TesolloCubePinch-20260623-140037-cubepinch_sb_none_s3,none,cubepinch_sb_none_s3,3,det,28,7,80,0.0875,ok,3682863
pinch_sinusoid,pinch_sweep_size_rand_sinusoid-20260623-133237,TesolloCubePinch,TesolloCubePinch-20260623-140037-cubepinch_sb_none_s3,none,cubepinch_sb_none_s3,3,det,29,14,80,0.175,ok,3682863
pinch_sinusoid,pinch_sweep_size_rand_sinusoid-20260623-133237,TesolloCubePinch,TesolloCubePinch-20260623-140037-cubepinch_sb_none_s3,none,cubepinch_sb_none_s3,3,det,30,0,80,0.0,ok,3682863
pinch_sinusoid,pinch_sweep_size_rand_sinusoid-20260623-133237,TesolloCubePinch,TesolloCubePinch-20260623-140037-cubepinch_sb_none_s3,none,cubepinch_sb_none_s3,3,det,31,18,80,0.225,ok,3682863
pinch_sinusoid,pinch_sweep_size_rand_sinusoid-20260623-133237,TesolloCubePinch,TesolloCubePinch-20260623-140037-cubepinch_sb_none_s3,none,cubepinch_sb_none_s3,3,det,32,20,80,0.25,ok,3682863
pinch_sinusoid,pinch_sweep_size_rand_sinusoid-20260623-133237,TesolloCubePinch,TesolloCubePinch-20260623-140037-cubepinch_sb_none_s3,none,cubepinch_sb_none_s3,3,det,33,5,80,0.0625,ok,3682863
pinch_sinusoid,pinch_sweep_size_rand_sinusoid-20260623-133237,TesolloCubePinch,TesolloCubePinch-20260623-140037-cubepinch_sb_none_s3,none,cubepinch_sb_none_s3,3,det,34,13,80,0.1625,ok,3682863
pinch_sinusoid,pinch_sweep_size_rand_sinusoid-20260623-133237,TesolloCubePinch,TesolloCubePinch-20260623-140037-cubepinch_sb_none_s3,none,cubepinch_sb_none_s3,3,det,35,15,80,0.1875,ok,3682863
pinch_sinusoid,pinch_sweep_size_rand_sinusoid-20260623-133237,TesolloCubePinch,TesolloCubePinch-20260623-140037-cubepinch_sb_none_s3,none,cubepinch_sb_none_s3,3,det,36,5,80,0.0625,ok,3682863
pinch_sinusoid,pinch_sweep_size_rand_sinusoid-20260623-133237,TesolloCubePinch,TesolloCubePinch-20260623-140037-cubepinch_sb_none_s3,none,cubepinch_sb_none_s3,3,det,37,11,80,0.1375,ok,3682863
pinch_sinusoid,pinch_sweep_size_rand_sinusoid-20260623-133237,TesolloCubePinch,TesolloCubePinch-20260623-140037-cubepinch_sb_none_s3,none,cubepinch_sb_none_s3,3,det,38,12,80,0.15,ok,3682863
pinch_sinusoid,pinch_sweep_size_rand_sinusoid-20260623-133237,TesolloCubePinch,TesolloCubePinch-20260623-140037-cubepinch_sb_none_s3,none,cubepinch_sb_none_s3,3,det,39,10,80,0.125,ok,3682863
pinch_sinusoid,pinch_sweep_size_rand_sinusoid-20260623-133237,TesolloCubePinch,TesolloCubePinch-20260623-140037-cubepinch_sb_none_s3,none,cubepinch_sb_none_s3,3,det,40,1,80,0.0125,ok,3682863
pinch_sinusoid,pinch_sweep_size_rand_sinusoid-20260623-133237,TesolloCubePinch,TesolloCubePinch-20260623-140037-cubepinch_sb_none_s3,none,cubepinch_sb_none_s3,3,det,41,19,80,0.2375,ok,3682863
pinch_sinusoid,pinch_sweep_size_rand_sinusoid-20260623-133237,TesolloCubePinch,TesolloCubePinch-20260623-140037-cubepinch_sb_none_s3,none,cubepinch_sb_none_s3,3,det,42,6,80,0.075,ok,3682863
pinch_sinusoid,pinch_sweep_size_rand_sinusoid-20260623-133237,TesolloCubePinch,TesolloCubePinch-20260623-140037-cubepinch_sb_none_s3,none,cubepinch_sb_none_s3,3,det,43,23,80,0.2875,ok,3682863
pinch_sinusoid,pinch_sweep_size_rand_sinusoid-20260623-133237,TesolloCubePinch,TesolloCubePinch-20260623-140037-cubepinch_sb_none_s3,none,cubepinch_sb_none_s3,3,det,44,13,80,0.1625,ok,3682863
pinch_sinusoid,pinch_sweep_size_rand_sinusoid-20260623-133237,TesolloCubePinch,TesolloCubePinch-20260623-140037-cubepinch_sb_none_s3,none,cubepinch_sb_none_s3,3,det,45,13,80,0.1625,ok,3682863
pinch_sinusoid,pinch_sweep_size_rand_sinusoid-20260623-133237,TesolloCubePinch,TesolloCubePinch-20260623-140037-cubepinch_sb_none_s3,none,cubepinch_sb_none_s3,3,det,46,6,80,0.075,ok,3682863
pinch_sinusoid,pinch_sweep_size_rand_sinusoid-20260623-133237,TesolloCubePinch,TesolloCubePinch-20260623-140037-cubepinch_sb_none_s3,none,cubepinch_sb_none_s3,3,det,47,16,80,0.2,ok,3682863
pinch_sinusoid,pinch_sweep_size_rand_sinusoid-20260623-133237,TesolloCubePinch,TesolloCubePinch-20260623-140037-cubepinch_sb_none_s3,none,cubepinch_sb_none_s3,3,det,48,10,80,0.125,ok,3682863
pinch_sinusoid,pinch_sweep_size_rand_sinusoid-20260623-133237,TesolloCubePinch,TesolloCubePinch-20260623-140037-cubepinch_sb_none_s3,none,cubepinch_sb_none_s3,3,det,49,12,80,0.15,ok,3682863
pinch_sinusoid,pinch_sweep_size_rand_sinusoid-20260623-133237,TesolloCubePinch,TesolloCubePinch-20260623-140037-cubepinch_sb_none_s3,none,cubepinch_sb_none_s3,3,det,50,15,80,0.1875,ok,3682863
pinch_sinusoid,pinch_sweep_size_rand_sinusoid-20260623-133237,TesolloCubePinch,TesolloCubePinch-20260623-140037-cubepinch_sb_none_s3,none,cubepinch_sb_none_s3,3,det,51,9,80,0.1125,ok,3682863
pinch_sinusoid,pinch_sweep_size_rand_sinusoid-20260623-133237,TesolloCubePinch,TesolloCubePinch-20260623-140037-cubepinch_sb_none_s3,none,cubepinch_sb_none_s3,3,det,52,10,80,0.125,ok,3682863
pinch_sinusoid,pinch_sweep_size_rand_sinusoid-20260623-133237,TesolloCubePinch,TesolloCubePinch-20260623-140037-cubepinch_sb_none_s3,none,cubepinch_sb_none_s3,3,det,53,10,80,0.125,ok,3682863
pinch_sinusoid,pinch_sweep_size_rand_sinusoid-20260623-133237,TesolloCubePinch,TesolloCubePinch-20260623-140037-cubepinch_sb_none_s3,none,cubepinch_sb_none_s3,3,det,54,8,80,0.1,ok,3682863
pinch_sinusoid,pinch_sweep_size_rand_sinusoid-20260623-133237,TesolloCubePinch,TesolloCubePinch-20260623-140037-cubepinch_sb_none_s3,none,cubepinch_sb_none_s3,3,det,55,0,80,0.0,ok,3682863
pinch_sinusoid,pinch_sweep_size_rand_sinusoid-20260623-133237,TesolloCubePinch,TesolloCubePinch-20260623-140037-cubepinch_sb_none_s3,none,cubepinch_sb_none_s3,3,det,56,12,80,0.15,ok,3682863
pinch_sinusoid,pinch_sweep_size_rand_sinusoid-20260623-133237,TesolloCubePinch,TesolloCubePinch-20260623-140037-cubepinch_sb_none_s3,none,cubepinch_sb_none_s3,3,det,57,0,80,0.0,ok,3682863
pinch_sinusoid,pinch_sweep_size_rand_sinusoid-20260623-133237,TesolloCubePinch,TesolloCubePinch-20260623-140037-cubepinch_sb_none_s3,none,cubepinch_sb_none_s3,3,det,58,22,80,0.275,ok,3682863
pinch_sinusoid,pinch_sweep_size_rand_sinusoid-20260623-133237,TesolloCubePinch,TesolloCubePinch-20260623-140037-cubepinch_sb_none_s3,none,cubepinch_sb_none_s3,3,det,59,16,80,0.2,ok,3682863
pinch_sinusoid,pinch_sweep_size_rand_sinusoid-20260623-133237,TesolloCubePinch,TesolloCubePinch-20260623-140037-cubepinch_sb_none_s3,none,cubepinch_sb_none_s3,3,det,60,9,80,0.1125,ok,3682863
pinch_sinusoid,pinch_sweep_size_rand_sinusoid-20260623-133237,TesolloCubePinch,TesolloCubePinch-20260623-140037-cubepinch_sb_none_s3,none,cubepinch_sb_none_s3,3,det,61,9,80,0.1125,ok,3682863
pinch_sinusoid,pinch_sweep_size_rand_sinusoid-20260623-133237,TesolloCubePinch,TesolloCubePinch-20260623-140037-cubepinch_sb_none_s3,none,cubepinch_sb_none_s3,3,det,62,15,80,0.1875,ok,3682863
pinch_sinusoid,pinch_sweep_size_rand_sinusoid-20260623-133237,TesolloCubePinch,TesolloCubePinch-20260623-140037-cubepinch_sb_none_s3,none,cubepinch_sb_none_s3,3,det,63,8,80,0.1,ok,3682863
pinch_sinusoid,pinch_sweep_size_rand_sinusoid-20260623-133237,TesolloCubePinch,TesolloCubePinch-20260623-140037-cubepinch_sb_none_s3,none,cubepinch_sb_none_s3,3,det,64,9,80,0.1125,ok,3682863
pinch_sinusoid,pinch_sweep_size_rand_sinusoid-20260623-133237,TesolloCubePinch,TesolloCubePinch-20260623-140037-cubepinch_sb_none_s3,none,cubepinch_sb_none_s3,3,det,65,10,80,0.125,ok,3682863
pinch_sinusoid,pinch_sweep_size_rand_sinusoid-20260623-133237,TesolloCubePinch,TesolloCubePinch-20260623-140037-cubepinch_sb_none_s3,none,cubepinch_sb_none_s3,3,det,66,17,80,0.2125,ok,3682863
pinch_sinusoid,pinch_sweep_size_rand_sinusoid-20260623-133237,TesolloCubePinch,TesolloCubePinch-20260623-140037-cubepinch_sb_none_s3,none,cubepinch_sb_none_s3,3,det,67,9,80,0.1125,ok,3682863
pinch_sinusoid,pinch_sweep_size_rand_sinusoid-20260623-133237,TesolloCubePinch,TesolloCubePinch-20260623-140037-cubepinch_sb_none_s3,none,cubepinch_sb_none_s3,3,det,68,18,80,0.225,ok,3682863
pinch_sinusoid,pinch_sweep_size_rand_sinusoid-20260623-133237,TesolloCubePinch,TesolloCubePinch-20260623-140037-cubepinch_sb_none_s3,none,cubepinch_sb_none_s3,3,det,69,14,80,0.175,ok,3682863
pinch_sinusoid,pinch_sweep_size_rand_sinusoid-20260623-133237,TesolloCubePinch,TesolloCubePinch-20260623-140037-cubepinch_sb_none_s3,none,cubepinch_sb_none_s3,3,det,70,4,80,0.05,ok,3682863
pinch_sinusoid,pinch_sweep_size_rand_sinusoid-20260623-133237,TesolloCubePinch,TesolloCubePinch-20260623-140037-cubepinch_sb_none_s3,none,cubepinch_sb_none_s3,3,det,71,17,80,0.2125,ok,3682863
pinch_sinusoid,pinch_sweep_size_rand_sinusoid-20260623-133237,TesolloCubePinch,TesolloCubePinch-20260623-140037-cubepinch_sb_none_s3,none,cubepinch_sb_none_s3,3,det,72,12,80,0.15,ok,3682863
pinch_sinusoid,pinch_sweep_size_rand_sinusoid-20260623-133237,TesolloCubePinch,TesolloCubePinch-20260623-140037-cubepinch_sb_none_s3,none,cubepinch_sb_none_s3,3,det,73,15,80,0.1875,ok,3682863
pinch_sinusoid,pinch_sweep_size_rand_sinusoid-20260623-133237,TesolloCubePinch,TesolloCubePinch-20260623-140037-cubepinch_sb_none_s3,none,cubepinch_sb_none_s3,3,det,74,15,80,0.1875,ok,3682863
pinch_sinusoid,pinch_sweep_size_rand_sinusoid-20260623-133237,TesolloCubePinch,TesolloCubePinch-20260623-140037-cubepinch_sb_none_s3,none,cubepinch_sb_none_s3,3,det,75,0,80,0.0,ok,3682863
pinch_sinusoid,pinch_sweep_size_rand_sinusoid-20260623-133237,TesolloCubePinch,TesolloCubePinch-20260623-140037-cubepinch_sb_none_s3,none,cubepinch_sb_none_s3,3,det,76,19,80,0.2375,ok,3682863
pinch_sinusoid,pinch_sweep_size_rand_sinusoid-20260623-133237,TesolloCubePinch,TesolloCubePinch-20260623-140037-cubepinch_sb_none_s3,none,cubepinch_sb_none_s3,3,det,77,13,80,0.1625,ok,3682863
pinch_sinusoid,pinch_sweep_size_rand_sinusoid-20260623-133237,TesolloCubePinch,TesolloCubePinch-20260623-140037-cubepinch_sb_none_s3,none,cubepinch_sb_none_s3,3,det,78,8,80,0.1,ok,3682863
pinch_sinusoid,pinch_sweep_size_rand_sinusoid-20260623-133237,TesolloCubePinch,TesolloCubePinch-20260623-140037-cubepinch_sb_none_s3,none,cubepinch_sb_none_s3,3,det,79,18,80,0.225,ok,3682863
pinch_sinusoid,pinch_sweep_size_rand_sinusoid-20260623-133237,TesolloCubePinch,TesolloCubePinch-20260623-140037-cubepinch_sb_none_s3,none,cubepinch_sb_none_s3,3,det,80,12,80,0.15,ok,3682863
pinch_sinusoid,pinch_sweep_size_rand_sinusoid-20260623-133237,TesolloCubePinch,TesolloCubePinch-20260623-140037-cubepinch_sb_none_s3,none,cubepinch_sb_none_s3,3,det,81,7,80,0.0875,ok,3682863
pinch_sinusoid,pinch_sweep_size_rand_sinusoid-20260623-133237,TesolloCubePinch,TesolloCubePinch-20260623-140037-cubepinch_sb_none_s3,none,cubepinch_sb_none_s3,3,det,82,12,80,0.15,ok,3682863
pinch_sinusoid,pinch_sweep_size_rand_sinusoid-20260623-133237,TesolloCubePinch,TesolloCubePinch-20260623-140037-cubepinch_sb_none_s3,none,cubepinch_sb_none_s3,3,det,83,11,80,0.1375,ok,3682863
pinch_sinusoid,pinch_sweep_size_rand_sinusoid-20260623-133237,TesolloCubePinch,TesolloCubePinch-20260623-140037-cubepinch_sb_none_s3,none,cubepinch_sb_none_s3,3,det,84,11,80,0.1375,ok,3682863
pinch_sinusoid,pinch_sweep_size_rand_sinusoid-20260623-133237,TesolloCubePinch,TesolloCubePinch-20260623-140037-cubepinch_sb_none_s3,none,cubepinch_sb_none_s3,3,det,85,13,80,0.1625,ok,3682863
pinch_sinusoid,pinch_sweep_size_rand_sinusoid-20260623-133237,TesolloCubePinch,TesolloCubePinch-20260623-140037-cubepinch_sb_none_s3,none,cubepinch_sb_none_s3,3,det,86,6,80,0.075,ok,3682863
pinch_sinusoid,pinch_sweep_size_rand_sinusoid-20260623-133237,TesolloCubePinch,TesolloCubePinch-20260623-140037-cubepinch_sb_none_s3,none,cubepinch_sb_none_s3,3,det,87,4,80,0.05,ok,3682863
pinch_sinusoid,pinch_sweep_size_rand_sinusoid-20260623-133237,TesolloCubePinch,TesolloCubePinch-20260623-140037-cubepinch_sb_none_s3,none,cubepinch_sb_none_s3,3,det,88,11,80,0.1375,ok,3682863
pinch_sinusoid,pinch_sweep_size_rand_sinusoid-20260623-133237,TesolloCubePinch,TesolloCubePinch-20260623-140037-cubepinch_sb_none_s3,none,cubepinch_sb_none_s3,3,det,89,10,80,0.125,ok,3682863
pinch_sinusoid,pinch_sweep_size_rand_sinusoid-20260623-133237,TesolloCubePinch,TesolloCubePinch-20260623-140037-cubepinch_sb_none_s3,none,cubepinch_sb_none_s3,3,det,90,13,80,0.1625,ok,3682863
pinch_sinusoid,pinch_sweep_size_rand_sinusoid-20260623-133237,TesolloCubePinch,TesolloCubePinch-20260623-140037-cubepinch_sb_none_s3,none,cubepinch_sb_none_s3,3,det,91,10,80,0.125,ok,3682863
pinch_sinusoid,pinch_sweep_size_rand_sinusoid-20260623-133237,TesolloCubePinch,TesolloCubePinch-20260623-140037-cubepinch_sb_none_s3,none,cubepinch_sb_none_s3,3,det,92,12,80,0.15,ok,3682863
pinch_sinusoid,pinch_sweep_size_rand_sinusoid-20260623-133237,TesolloCubePinch,TesolloCubePinch-20260623-140037-cubepinch_sb_none_s3,none,cubepinch_sb_none_s3,3,det,93,6,80,0.075,ok,3682863
pinch_sinusoid,pinch_sweep_size_rand_sinusoid-20260623-133237,TesolloCubePinch,TesolloCubePinch-20260623-140037-cubepinch_sb_none_s3,none,cubepinch_sb_none_s3,3,det,94,9,80,0.1125,ok,3682863
pinch_sinusoid,pinch_sweep_size_rand_sinusoid-20260623-133237,TesolloCubePinch,TesolloCubePinch-20260623-140037-cubepinch_sb_none_s3,none,cubepinch_sb_none_s3,3,det,95,6,80,0.075,ok,3682863
pinch_sinusoid,pinch_sweep_size_rand_sinusoid-20260623-133237,TesolloCubePinch,TesolloCubePinch-20260623-140037-cubepinch_sb_none_s3,none,cubepinch_sb_none_s3,3,det,96,0,80,0.0,ok,3682863
pinch_sinusoid,pinch_sweep_size_rand_sinusoid-20260623-133237,TesolloCubePinch,TesolloCubePinch-20260623-140037-cubepinch_sb_none_s3,none,cubepinch_sb_none_s3,3,det,97,8,80,0.1,ok,3682863
pinch_sinusoid,pinch_sweep_size_rand_sinusoid-20260623-133237,TesolloCubePinch,TesolloCubePinch-20260623-140037-cubepinch_sb_none_s3,none,cubepinch_sb_none_s3,3,det,98,11,80,0.1375,ok,3682863
pinch_sinusoid,pinch_sweep_size_rand_sinusoid-20260623-133237,TesolloCubePinch,TesolloCubePinch-20260623-140037-cubepinch_sb_none_s3,none,cubepinch_sb_none_s3,3,det,99,4,80,0.05,ok,3682863
pinch_sinusoid,pinch_sweep_size_rand_sinusoid-20260623-133237,TesolloCubePinch,TesolloCubePinch-20260623-162151-cubepinch_sb_propriodelta_s1,proprio.delta,cubepinch_sb_propriodelta_s1,1,det,0,38,80,0.475,ok,3682863
pinch_sinusoid,pinch_sweep_size_rand_sinusoid-20260623-133237,TesolloCubePinch,TesolloCubePinch-20260623-162151-cubepinch_sb_propriodelta_s1,proprio.delta,cubepinch_sb_propriodelta_s1,1,det,1,46,80,0.575,ok,3682863
pinch_sinusoid,pinch_sweep_size_rand_sinusoid-20260623-133237,TesolloCubePinch,TesolloCubePinch-20260623-162151-cubepinch_sb_propriodelta_s1,proprio.delta,cubepinch_sb_propriodelta_s1,1,det,2,59,80,0.7375,ok,3682863
pinch_sinusoid,pinch_sweep_size_rand_sinusoid-20260623-133237,TesolloCubePinch,TesolloCubePinch-20260623-162151-cubepinch_sb_propriodelta_s1,proprio.delta,cubepinch_sb_propriodelta_s1,1,det,3,43,80,0.5375,ok,3682863
pinch_sinusoid,pinch_sweep_size_rand_sinusoid-20260623-133237,TesolloCubePinch,TesolloCubePinch-20260623-162151-cubepinch_sb_propriodelta_s1,proprio.delta,cubepinch_sb_propriodelta_s1,1,det,4,56,80,0.7,ok,3682863
pinch_sinusoid,pinch_sweep_size_rand_sinusoid-20260623-133237,TesolloCubePinch,TesolloCubePinch-20260623-162151-cubepinch_sb_propriodelta_s1,proprio.delta,cubepinch_sb_propriodelta_s1,1,det,5,40,80,0.5,ok,3682863
pinch_sinusoid,pinch_sweep_size_rand_sinusoid-20260623-133237,TesolloCubePinch,TesolloCubePinch-20260623-162151-cubepinch_sb_propriodelta_s1,proprio.delta,cubepinch_sb_propriodelta_s1,1,det,6,29,80,0.3625,ok,3682863
pinch_sinusoid,pinch_sweep_size_rand_sinusoid-20260623-133237,TesolloCubePinch,TesolloCubePinch-20260623-162151-cubepinch_sb_propriodelta_s1,proprio.delta,cubepinch_sb_propriodelta_s1,1,det,7,27,80,0.3375,ok,3682863
pinch_sinusoid,pinch_sweep_size_rand_sinusoid-20260623-133237,TesolloCubePinch,TesolloCubePinch-20260623-162151-cubepinch_sb_propriodelta_s1,proprio.delta,cubepinch_sb_propriodelta_s1,1,det,8,33,80,0.4125,ok,3682863
pinch_sinusoid,pinch_sweep_size_rand_sinusoid-20260623-133237,TesolloCubePinch,TesolloCubePinch-20260623-162151-cubepinch_sb_propriodelta_s1,proprio.delta,cubepinch_sb_propriodelta_s1,1,det,9,27,80,0.3375,ok,3682863
pinch_sinusoid,pinch_sweep_size_rand_sinusoid-20260623-133237,TesolloCubePinch,TesolloCubePinch-20260623-162151-cubepinch_sb_propriodelta_s1,proprio.delta,cubepinch_sb_propriodelta_s1,1,det,10,39,80,0.4875,ok,3682863
pinch_sinusoid,pinch_sweep_size_rand_sinusoid-20260623-133237,TesolloCubePinch,TesolloCubePinch-20260623-162151-cubepinch_sb_propriodelta_s1,proprio.delta,cubepinch_sb_propriodelta_s1,1,det,11,45,80,0.5625,ok,3682863
pinch_sinusoid,pinch_sweep_size_rand_sinusoid-20260623-133237,TesolloCubePinch,TesolloCubePinch-20260623-162151-cubepinch_sb_propriodelta_s1,proprio.delta,cubepinch_sb_propriodelta_s1,1,det,12,28,80,0.35,ok,3682863
pinch_sinusoid,pinch_sweep_size_rand_sinusoid-20260623-133237,TesolloCubePinch,TesolloCubePinch-20260623-162151-cubepinch_sb_propriodelta_s1,proprio.delta,cubepinch_sb_propriodelta_s1,1,det,13,46,80,0.575,ok,3682863
pinch_sinusoid,pinch_sweep_size_rand_sinusoid-20260623-133237,TesolloCubePinch,TesolloCubePinch-20260623-162151-cubepinch_sb_propriodelta_s1,proprio.delta,cubepinch_sb_propriodelta_s1,1,det,14,18,80,0.225,ok,3682863
pinch_sinusoid,pinch_sweep_size_rand_sinusoid-20260623-133237,TesolloCubePinch,TesolloCubePinch-20260623-162151-cubepinch_sb_propriodelta_s1,proprio.delta,cubepinch_sb_propriodelta_s1,1,det,15,20,80,0.25,ok,3682863
pinch_sinusoid,pinch_sweep_size_rand_sinusoid-20260623-133237,TesolloCubePinch,TesolloCubePinch-20260623-162151-cubepinch_sb_propriodelta_s1,proprio.delta,cubepinch_sb_propriodelta_s1,1,det,16,47,80,0.5875,ok,3682863
pinch_sinusoid,pinch_sweep_size_rand_sinusoid-20260623-133237,TesolloCubePinch,TesolloCubePinch-20260623-162151-cubepinch_sb_propriodelta_s1,proprio.delta,cubepinch_sb_propriodelta_s1,1,det,17,43,80,0.5375,ok,3682863
pinch_sinusoid,pinch_sweep_size_rand_sinusoid-20260623-133237,TesolloCubePinch,TesolloCubePinch-20260623-162151-cubepinch_sb_propriodelta_s1,proprio.delta,cubepinch_sb_propriodelta_s1,1,det,18,31,80,0.3875,ok,3682863
pinch_sinusoid,pinch_sweep_size_rand_sinusoid-20260623-133237,TesolloCubePinch,TesolloCubePinch-20260623-162151-cubepinch_sb_propriodelta_s1,proprio.delta,cubepinch_sb_propriodelta_s1,1,det,19,48,80,0.6,ok,3682863
pinch_sinusoid,pinch_sweep_size_rand_sinusoid-20260623-133237,TesolloCubePinch,TesolloCubePinch-20260623-162151-cubepinch_sb_propriodelta_s1,proprio.delta,cubepinch_sb_propriodelta_s1,1,det,20,27,80,0.3375,ok,3682863
pinch_sinusoid,pinch_sweep_size_rand_sinusoid-20260623-133237,TesolloCubePinch,TesolloCubePinch-20260623-162151-cubepinch_sb_propriodelta_s1,proprio.delta,cubepinch_sb_propriodelta_s1,1,det,21,42,80,0.525,ok,3682863
pinch_sinusoid,pinch_sweep_size_rand_sinusoid-20260623-133237,TesolloCubePinch,TesolloCubePinch-20260623-162151-cubepinch_sb_propriodelta_s1,proprio.delta,cubepinch_sb_propriodelta_s1,1,det,22,27,80,0.3375,ok,3682863
pinch_sinusoid,pinch_sweep_size_rand_sinusoid-20260623-133237,TesolloCubePinch,TesolloCubePinch-20260623-162151-cubepinch_sb_propriodelta_s1,proprio.delta,cubepinch_sb_propriodelta_s1,1,det,23,15,80,0.1875,ok,3682863
pinch_sinusoid,pinch_sweep_size_rand_sinusoid-20260623-133237,TesolloCubePinch,TesolloCubePinch-20260623-162151-cubepinch_sb_propriodelta_s1,proprio.delta,cubepinch_sb_propriodelta_s1,1,det,24,47,80,0.5875,ok,3682863
pinch_sinusoid,pinch_sweep_size_rand_sinusoid-20260623-133237,TesolloCubePinch,TesolloCubePinch-20260623-162151-cubepinch_sb_propriodelta_s1,proprio.delta,cubepinch_sb_propriodelta_s1,1,det,25,33,80,0.4125,ok,3682863
pinch_sinusoid,pinch_sweep_size_rand_sinusoid-20260623-133237,TesolloCubePinch,TesolloCubePinch-20260623-162151-cubepinch_sb_propriodelta_s1,proprio.delta,cubepinch_sb_propriodelta_s1,1,det,26,47,80,0.5875,ok,3682863
pinch_sinusoid,pinch_sweep_size_rand_sinusoid-20260623-133237,TesolloCubePinch,TesolloCubePinch-20260623-162151-cubepinch_sb_propriodelta_s1,proprio.delta,cubepinch_sb_propriodelta_s1,1,det,27,10,80,0.125,ok,3682863
pinch_sinusoid,pinch_sweep_size_rand_sinusoid-20260623-133237,TesolloCubePinch,TesolloCubePinch-20260623-162151-cubepinch_sb_propriodelta_s1,proprio.delta,cubepinch_sb_propriodelta_s1,1,det,28,49,80,0.6125,ok,3682863
pinch_sinusoid,pinch_sweep_size_rand_sinusoid-20260623-133237,TesolloCubePinch,TesolloCubePinch-20260623-162151-cubepinch_sb_propriodelta_s1,proprio.delta,cubepinch_sb_propriodelta_s1,1,det,29,45,80,0.5625,ok,3682863
pinch_sinusoid,pinch_sweep_size_rand_sinusoid-20260623-133237,TesolloCubePinch,TesolloCubePinch-20260623-162151-cubepinch_sb_propriodelta_s1,proprio.delta,cubepinch_sb_propriodelta_s1,1,det,30,37,80,0.4625,ok,3682863
pinch_sinusoid,pinch_sweep_size_rand_sinusoid-20260623-133237,TesolloCubePinch,TesolloCubePinch-20260623-162151-cubepinch_sb_propriodelta_s1,proprio.delta,cubepinch_sb_propriodelta_s1,1,det,31,38,80,0.475,ok,3682863
pinch_sinusoid,pinch_sweep_size_rand_sinusoid-20260623-133237,TesolloCubePinch,TesolloCubePinch-20260623-162151-cubepinch_sb_propriodelta_s1,proprio.delta,cubepinch_sb_propriodelta_s1,1,det,32,22,80,0.275,ok,3682863
pinch_sinusoid,pinch_sweep_size_rand_sinusoid-20260623-133237,TesolloCubePinch,TesolloCubePinch-20260623-162151-cubepinch_sb_propriodelta_s1,proprio.delta,cubepinch_sb_propriodelta_s1,1,det,33,51,80,0.6375,ok,3682863
pinch_sinusoid,pinch_sweep_size_rand_sinusoid-20260623-133237,TesolloCubePinch,TesolloCubePinch-20260623-162151-cubepinch_sb_propriodelta_s1,proprio.delta,cubepinch_sb_propriodelta_s1,1,det,34,24,80,0.3,ok,3682863
pinch_sinusoid,pinch_sweep_size_rand_sinusoid-20260623-133237,TesolloCubePinch,TesolloCubePinch-20260623-162151-cubepinch_sb_propriodelta_s1,proprio.delta,cubepinch_sb_propriodelta_s1,1,det,35,45,80,0.5625,ok,3682863
pinch_sinusoid,pinch_sweep_size_rand_sinusoid-20260623-133237,TesolloCubePinch,TesolloCubePinch-20260623-162151-cubepinch_sb_propriodelta_s1,proprio.delta,cubepinch_sb_propriodelta_s1,1,det,36,26,80,0.325,ok,3682863
pinch_sinusoid,pinch_sweep_size_rand_sinusoid-20260623-133237,TesolloCubePinch,TesolloCubePinch-20260623-162151-cubepinch_sb_propriodelta_s1,proprio.delta,cubepinch_sb_propriodelta_s1,1,det,37,11,80,0.1375,ok,3682863
pinch_sinusoid,pinch_sweep_size_rand_sinusoid-20260623-133237,TesolloCubePinch,TesolloCubePinch-20260623-162151-cubepinch_sb_propriodelta_s1,proprio.delta,cubepinch_sb_propriodelta_s1,1,det,38,50,80,0.625,ok,3682863
pinch_sinusoid,pinch_sweep_size_rand_sinusoid-20260623-133237,TesolloCubePinch,TesolloCubePinch-20260623-162151-cubepinch_sb_propriodelta_s1,proprio.delta,cubepinch_sb_propriodelta_s1,1,det,39,9,80,0.1125,ok,3682863
pinch_sinusoid,pinch_sweep_size_rand_sinusoid-20260623-133237,TesolloCubePinch,TesolloCubePinch-20260623-162151-cubepinch_sb_propriodelta_s1,proprio.delta,cubepinch_sb_propriodelta_s1,1,det,40,42,80,0.525,ok,3682863
pinch_sinusoid,pinch_sweep_size_rand_sinusoid-20260623-133237,TesolloCubePinch,TesolloCubePinch-20260623-162151-cubepinch_sb_propriodelta_s1,proprio.delta,cubepinch_sb_propriodelta_s1,1,det,41,23,80,0.2875,ok,3682863
pinch_sinusoid,pinch_sweep_size_rand_sinusoid-20260623-133237,TesolloCubePinch,TesolloCubePinch-20260623-162151-cubepinch_sb_propriodelta_s1,proprio.delta,cubepinch_sb_propriodelta_s1,1,det,42,34,80,0.425,ok,3682863
pinch_sinusoid,pinch_sweep_size_rand_sinusoid-20260623-133237,TesolloCubePinch,TesolloCubePinch-20260623-162151-cubepinch_sb_propriodelta_s1,proprio.delta,cubepinch_sb_propriodelta_s1,1,det,43,32,80,0.4,ok,3682863
pinch_sinusoid,pinch_sweep_size_rand_sinusoid-20260623-133237,TesolloCubePinch,TesolloCubePinch-20260623-162151-cubepinch_sb_propriodelta_s1,proprio.delta,cubepinch_sb_propriodelta_s1,1,det,44,45,80,0.5625,ok,3682863
pinch_sinusoid,pinch_sweep_size_rand_sinusoid-20260623-133237,TesolloCubePinch,TesolloCubePinch-20260623-162151-cubepinch_sb_propriodelta_s1,proprio.delta,cubepinch_sb_propriodelta_s1,1,det,45,13,80,0.1625,ok,3682863
pinch_sinusoid,pinch_sweep_size_rand_sinusoid-20260623-133237,TesolloCubePinch,TesolloCubePinch-20260623-162151-cubepinch_sb_propriodelta_s1,proprio.delta,cubepinch_sb_propriodelta_s1,1,det,46,53,80,0.6625,ok,3682863
pinch_sinusoid,pinch_sweep_size_rand_sinusoid-20260623-133237,TesolloCubePinch,TesolloCubePinch-20260623-162151-cubepinch_sb_propriodelta_s1,proprio.delta,cubepinch_sb_propriodelta_s1,1,det,47,30,80,0.375,ok,3682863
pinch_sinusoid,pinch_sweep_size_rand_sinusoid-20260623-133237,TesolloCubePinch,TesolloCubePinch-20260623-162151-cubepinch_sb_propriodelta_s1,proprio.delta,cubepinch_sb_propriodelta_s1,1,det,48,29,80,0.3625,ok,3682863
pinch_sinusoid,pinch_sweep_size_rand_sinusoid-20260623-133237,TesolloCubePinch,TesolloCubePinch-20260623-162151-cubepinch_sb_propriodelta_s1,proprio.delta,cubepinch_sb_propriodelta_s1,1,det,49,21,80,0.2625,ok,3682863
pinch_sinusoid,pinch_sweep_size_rand_sinusoid-20260623-133237,TesolloCubePinch,TesolloCubePinch-20260623-162151-cubepinch_sb_propriodelta_s1,proprio.delta,cubepinch_sb_propriodelta_s1,1,det,50,16,80,0.2,ok,3682863
pinch_sinusoid,pinch_sweep_size_rand_sinusoid-20260623-133237,TesolloCubePinch,TesolloCubePinch-20260623-162151-cubepinch_sb_propriodelta_s1,proprio.delta,cubepinch_sb_propriodelta_s1,1,det,51,23,80,0.2875,ok,3682863
pinch_sinusoid,pinch_sweep_size_rand_sinusoid-20260623-133237,TesolloCubePinch,TesolloCubePinch-20260623-162151-cubepinch_sb_propriodelta_s1,proprio.delta,cubepinch_sb_propriodelta_s1,1,det,52,32,80,0.4,ok,3682863
pinch_sinusoid,pinch_sweep_size_rand_sinusoid-20260623-133237,TesolloCubePinch,TesolloCubePinch-20260623-162151-cubepinch_sb_propriodelta_s1,proprio.delta,cubepinch_sb_propriodelta_s1,1,det,53,54,80,0.675,ok,3682863
pinch_sinusoid,pinch_sweep_size_rand_sinusoid-20260623-133237,TesolloCubePinch,TesolloCubePinch-20260623-162151-cubepinch_sb_propriodelta_s1,proprio.delta,cubepinch_sb_propriodelta_s1,1,det,54,48,80,0.6,ok,3682863
pinch_sinusoid,pinch_sweep_size_rand_sinusoid-20260623-133237,TesolloCubePinch,TesolloCubePinch-20260623-162151-cubepinch_sb_propriodelta_s1,proprio.delta,cubepinch_sb_propriodelta_s1,1,det,55,56,80,0.7,ok,3682863
pinch_sinusoid,pinch_sweep_size_rand_sinusoid-20260623-133237,TesolloCubePinch,TesolloCubePinch-20260623-162151-cubepinch_sb_propriodelta_s1,proprio.delta,cubepinch_sb_propriodelta_s1,1,det,56,55,80,0.6875,ok,3682863
pinch_sinusoid,pinch_sweep_size_rand_sinusoid-20260623-133237,TesolloCubePinch,TesolloCubePinch-20260623-162151-cubepinch_sb_propriodelta_s1,proprio.delta,cubepinch_sb_propriodelta_s1,1,det,57,46,80,0.575,ok,3682863
pinch_sinusoid,pinch_sweep_size_rand_sinusoid-20260623-133237,TesolloCubePinch,TesolloCubePinch-20260623-162151-cubepinch_sb_propriodelta_s1,proprio.delta,cubepinch_sb_propriodelta_s1,1,det,58,43,80,0.5375,ok,3682863
pinch_sinusoid,pinch_sweep_size_rand_sinusoid-20260623-133237,TesolloCubePinch,TesolloCubePinch-20260623-162151-cubepinch_sb_propriodelta_s1,proprio.delta,cubepinch_sb_propriodelta_s1,1,det,59,38,80,0.475,ok,3682863
pinch_sinusoid,pinch_sweep_size_rand_sinusoid-20260623-133237,TesolloCubePinch,TesolloCubePinch-20260623-162151-cubepinch_sb_propriodelta_s1,proprio.delta,cubepinch_sb_propriodelta_s1,1,det,60,30,80,0.375,ok,3682863
pinch_sinusoid,pinch_sweep_size_rand_sinusoid-20260623-133237,TesolloCubePinch,TesolloCubePinch-20260623-162151-cubepinch_sb_propriodelta_s1,proprio.delta,cubepinch_sb_propriodelta_s1,1,det,61,28,80,0.35,ok,3682863
pinch_sinusoid,pinch_sweep_size_rand_sinusoid-20260623-133237,TesolloCubePinch,TesolloCubePinch-20260623-162151-cubepinch_sb_propriodelta_s1,proprio.delta,cubepinch_sb_propriodelta_s1,1,det,62,45,80,0.5625,ok,3682863
pinch_sinusoid,pinch_sweep_size_rand_sinusoid-20260623-133237,TesolloCubePinch,TesolloCubePinch-20260623-162151-cubepinch_sb_propriodelta_s1,proprio.delta,cubepinch_sb_propriodelta_s1,1,det,63,46,80,0.575,ok,3682863
pinch_sinusoid,pinch_sweep_size_rand_sinusoid-20260623-133237,TesolloCubePinch,TesolloCubePinch-20260623-162151-cubepinch_sb_propriodelta_s1,proprio.delta,cubepinch_sb_propriodelta_s1,1,det,64,53,80,0.6625,ok,3682863
pinch_sinusoid,pinch_sweep_size_rand_sinusoid-20260623-133237,TesolloCubePinch,TesolloCubePinch-20260623-162151-cubepinch_sb_propriodelta_s1,proprio.delta,cubepinch_sb_propriodelta_s1,1,det,65,34,80,0.425,ok,3682863
pinch_sinusoid,pinch_sweep_size_rand_sinusoid-20260623-133237,TesolloCubePinch,TesolloCubePinch-20260623-162151-cubepinch_sb_propriodelta_s1,proprio.delta,cubepinch_sb_propriodelta_s1,1,det,66,55,80,0.6875,ok,3682863
pinch_sinusoid,pinch_sweep_size_rand_sinusoid-20260623-133237,TesolloCubePinch,TesolloCubePinch-20260623-162151-cubepinch_sb_propriodelta_s1,proprio.delta,cubepinch_sb_propriodelta_s1,1,det,67,41,80,0.5125,ok,3682863
pinch_sinusoid,pinch_sweep_size_rand_sinusoid-20260623-133237,TesolloCubePinch,TesolloCubePinch-20260623-162151-cubepinch_sb_propriodelta_s1,proprio.delta,cubepinch_sb_propriodelta_s1,1,det,68,58,80,0.725,ok,3682863
pinch_sinusoid,pinch_sweep_size_rand_sinusoid-20260623-133237,TesolloCubePinch,TesolloCubePinch-20260623-162151-cubepinch_sb_propriodelta_s1,proprio.delta,cubepinch_sb_propriodelta_s1,1,det,69,33,80,0.4125,ok,3682863
pinch_sinusoid,pinch_sweep_size_rand_sinusoid-20260623-133237,TesolloCubePinch,TesolloCubePinch-20260623-162151-cubepinch_sb_propriodelta_s1,proprio.delta,cubepinch_sb_propriodelta_s1,1,det,70,59,80,0.7375,ok,3682863
pinch_sinusoid,pinch_sweep_size_rand_sinusoid-20260623-133237,TesolloCubePinch,TesolloCubePinch-20260623-162151-cubepinch_sb_propriodelta_s1,proprio.delta,cubepinch_sb_propriodelta_s1,1,det,71,62,80,0.775,ok,3682863
pinch_sinusoid,pinch_sweep_size_rand_sinusoid-20260623-133237,TesolloCubePinch,TesolloCubePinch-20260623-162151-cubepinch_sb_propriodelta_s1,proprio.delta,cubepinch_sb_propriodelta_s1,1,det,72,48,80,0.6,ok,3682863
pinch_sinusoid,pinch_sweep_size_rand_sinusoid-20260623-133237,TesolloCubePinch,TesolloCubePinch-20260623-162151-cubepinch_sb_propriodelta_s1,proprio.delta,cubepinch_sb_propriodelta_s1,1,det,73,42,80,0.525,ok,3682863
pinch_sinusoid,pinch_sweep_size_rand_sinusoid-20260623-133237,TesolloCubePinch,TesolloCubePinch-20260623-162151-cubepinch_sb_propriodelta_s1,proprio.delta,cubepinch_sb_propriodelta_s1,1,det,74,58,80,0.725,ok,3682863
pinch_sinusoid,pinch_sweep_size_rand_sinusoid-20260623-133237,TesolloCubePinch,TesolloCubePinch-20260623-162151-cubepinch_sb_propriodelta_s1,proprio.delta,cubepinch_sb_propriodelta_s1,1,det,75,14,80,0.175,ok,3682863
pinch_sinusoid,pinch_sweep_size_rand_sinusoid-20260623-133237,TesolloCubePinch,TesolloCubePinch-20260623-162151-cubepinch_sb_propriodelta_s1,proprio.delta,cubepinch_sb_propriodelta_s1,1,det,76,33,80,0.4125,ok,3682863
pinch_sinusoid,pinch_sweep_size_rand_sinusoid-20260623-133237,TesolloCubePinch,TesolloCubePinch-20260623-162151-cubepinch_sb_propriodelta_s1,proprio.delta,cubepinch_sb_propriodelta_s1,1,det,77,48,80,0.6,ok,3682863
pinch_sinusoid,pinch_sweep_size_rand_sinusoid-20260623-133237,TesolloCubePinch,TesolloCubePinch-20260623-162151-cubepinch_sb_propriodelta_s1,proprio.delta,cubepinch_sb_propriodelta_s1,1,det,78,64,80,0.8,ok,3682863
pinch_sinusoid,pinch_sweep_size_rand_sinusoid-20260623-133237,TesolloCubePinch,TesolloCubePinch-20260623-162151-cubepinch_sb_propriodelta_s1,proprio.delta,cubepinch_sb_propriodelta_s1,1,det,79,44,80,0.55,ok,3682863
pinch_sinusoid,pinch_sweep_size_rand_sinusoid-20260623-133237,TesolloCubePinch,TesolloCubePinch-20260623-162151-cubepinch_sb_propriodelta_s1,proprio.delta,cubepinch_sb_propriodelta_s1,1,det,80,44,80,0.55,ok,3682863
pinch_sinusoid,pinch_sweep_size_rand_sinusoid-20260623-133237,TesolloCubePinch,TesolloCubePinch-20260623-162151-cubepinch_sb_propriodelta_s1,proprio.delta,cubepinch_sb_propriodelta_s1,1,det,81,65,80,0.8125,ok,3682863
pinch_sinusoid,pinch_sweep_size_rand_sinusoid-20260623-133237,TesolloCubePinch,TesolloCubePinch-20260623-162151-cubepinch_sb_propriodelta_s1,proprio.delta,cubepinch_sb_propriodelta_s1,1,det,82,35,80,0.4375,ok,3682863
pinch_sinusoid,pinch_sweep_size_rand_sinusoid-20260623-133237,TesolloCubePinch,TesolloCubePinch-20260623-162151-cubepinch_sb_propriodelta_s1,proprio.delta,cubepinch_sb_propriodelta_s1,1,det,83,26,80,0.325,ok,3682863
pinch_sinusoid,pinch_sweep_size_rand_sinusoid-20260623-133237,TesolloCubePinch,TesolloCubePinch-20260623-162151-cubepinch_sb_propriodelta_s1,proprio.delta,cubepinch_sb_propriodelta_s1,1,det,84,51,80,0.6375,ok,3682863
pinch_sinusoid,pinch_sweep_size_rand_sinusoid-20260623-133237,TesolloCubePinch,TesolloCubePinch-20260623-162151-cubepinch_sb_propriodelta_s1,proprio.delta,cubepinch_sb_propriodelta_s1,1,det,85,50,80,0.625,ok,3682863
pinch_sinusoid,pinch_sweep_size_rand_sinusoid-20260623-133237,TesolloCubePinch,TesolloCubePinch-20260623-162151-cubepinch_sb_propriodelta_s1,proprio.delta,cubepinch_sb_propriodelta_s1,1,det,86,32,80,0.4,ok,3682863
pinch_sinusoid,pinch_sweep_size_rand_sinusoid-20260623-133237,TesolloCubePinch,TesolloCubePinch-20260623-162151-cubepinch_sb_propriodelta_s1,proprio.delta,cubepinch_sb_propriodelta_s1,1,det,87,47,80,0.5875,ok,3682863
pinch_sinusoid,pinch_sweep_size_rand_sinusoid-20260623-133237,TesolloCubePinch,TesolloCubePinch-20260623-162151-cubepinch_sb_propriodelta_s1,proprio.delta,cubepinch_sb_propriodelta_s1,1,det,88,45,80,0.5625,ok,3682863
pinch_sinusoid,pinch_sweep_size_rand_sinusoid-20260623-133237,TesolloCubePinch,TesolloCubePinch-20260623-162151-cubepinch_sb_propriodelta_s1,proprio.delta,cubepinch_sb_propriodelta_s1,1,det,89,41,80,0.5125,ok,3682863
pinch_sinusoid,pinch_sweep_size_rand_sinusoid-20260623-133237,TesolloCubePinch,TesolloCubePinch-20260623-162151-cubepinch_sb_propriodelta_s1,proprio.delta,cubepinch_sb_propriodelta_s1,1,det,90,59,80,0.7375,ok,3682863
pinch_sinusoid,pinch_sweep_size_rand_sinusoid-20260623-133237,TesolloCubePinch,TesolloCubePinch-20260623-162151-cubepinch_sb_propriodelta_s1,proprio.delta,cubepinch_sb_propriodelta_s1,1,det,91,20,80,0.25,ok,3682863
pinch_sinusoid,pinch_sweep_size_rand_sinusoid-20260623-133237,TesolloCubePinch,TesolloCubePinch-20260623-162151-cubepinch_sb_propriodelta_s1,proprio.delta,cubepinch_sb_propriodelta_s1,1,det,92,16,80,0.2,ok,3682863
pinch_sinusoid,pinch_sweep_size_rand_sinusoid-20260623-133237,TesolloCubePinch,TesolloCubePinch-20260623-162151-cubepinch_sb_propriodelta_s1,proprio.delta,cubepinch_sb_propriodelta_s1,1,det,93,39,80,0.4875,ok,3682863
pinch_sinusoid,pinch_sweep_size_rand_sinusoid-20260623-133237,TesolloCubePinch,TesolloCubePinch-20260623-162151-cubepinch_sb_propriodelta_s1,proprio.delta,cubepinch_sb_propriodelta_s1,1,det,94,29,80,0.3625,ok,3682863
pinch_sinusoid,pinch_sweep_size_rand_sinusoid-20260623-133237,TesolloCubePinch,TesolloCubePinch-20260623-162151-cubepinch_sb_propriodelta_s1,proprio.delta,cubepinch_sb_propriodelta_s1,1,det,95,41,80,0.5125,ok,3682863
pinch_sinusoid,pinch_sweep_size_rand_sinusoid-20260623-133237,TesolloCubePinch,TesolloCubePinch-20260623-162151-cubepinch_sb_propriodelta_s1,proprio.delta,cubepinch_sb_propriodelta_s1,1,det,96,29,80,0.3625,ok,3682863
pinch_sinusoid,pinch_sweep_size_rand_sinusoid-20260623-133237,TesolloCubePinch,TesolloCubePinch-20260623-162151-cubepinch_sb_propriodelta_s1,proprio.delta,cubepinch_sb_propriodelta_s1,1,det,97,26,80,0.325,ok,3682863
pinch_sinusoid,pinch_sweep_size_rand_sinusoid-20260623-133237,TesolloCubePinch,TesolloCubePinch-20260623-162151-cubepinch_sb_propriodelta_s1,proprio.delta,cubepinch_sb_propriodelta_s1,1,det,98,32,80,0.4,ok,3682863
pinch_sinusoid,pinch_sweep_size_rand_sinusoid-20260623-133237,TesolloCubePinch,TesolloCubePinch-20260623-162151-cubepinch_sb_propriodelta_s1,proprio.delta,cubepinch_sb_propriodelta_s1,1,det,99,35,80,0.4375,ok,3682863
pinch_sinusoid,pinch_sweep_size_rand_sinusoid-20260623-133237,TesolloCubePinch,TesolloCubePinch-20260623-163605-cubepinch_sb_propriodelta_s2,proprio.delta,cubepinch_sb_propriodelta_s2,2,det,0,39,80,0.4875,ok,3682863
pinch_sinusoid,pinch_sweep_size_rand_sinusoid-20260623-133237,TesolloCubePinch,TesolloCubePinch-20260623-163605-cubepinch_sb_propriodelta_s2,proprio.delta,cubepinch_sb_propriodelta_s2,2,det,1,40,80,0.5,ok,3682863
pinch_sinusoid,pinch_sweep_size_rand_sinusoid-20260623-133237,TesolloCubePinch,TesolloCubePinch-20260623-163605-cubepinch_sb_propriodelta_s2,proprio.delta,cubepinch_sb_propriodelta_s2,2,det,2,37,80,0.4625,ok,3682863
pinch_sinusoid,pinch_sweep_size_rand_sinusoid-20260623-133237,TesolloCubePinch,TesolloCubePinch-20260623-163605-cubepinch_sb_propriodelta_s2,proprio.delta,cubepinch_sb_propriodelta_s2,2,det,3,28,80,0.35,ok,3682863
pinch_sinusoid,pinch_sweep_size_rand_sinusoid-20260623-133237,TesolloCubePinch,TesolloCubePinch-20260623-163605-cubepinch_sb_propriodelta_s2,proprio.delta,cubepinch_sb_propriodelta_s2,2,det,4,38,80,0.475,ok,3682863
pinch_sinusoid,pinch_sweep_size_rand_sinusoid-20260623-133237,TesolloCubePinch,TesolloCubePinch-20260623-163605-cubepinch_sb_propriodelta_s2,proprio.delta,cubepinch_sb_propriodelta_s2,2,det,5,28,80,0.35,ok,3682863
pinch_sinusoid,pinch_sweep_size_rand_sinusoid-20260623-133237,TesolloCubePinch,TesolloCubePinch-20260623-163605-cubepinch_sb_propriodelta_s2,proprio.delta,cubepinch_sb_propriodelta_s2,2,det,6,37,80,0.4625,ok,3682863
pinch_sinusoid,pinch_sweep_size_rand_sinusoid-20260623-133237,TesolloCubePinch,TesolloCubePinch-20260623-163605-cubepinch_sb_propriodelta_s2,proprio.delta,cubepinch_sb_propriodelta_s2,2,det,7,51,80,0.6375,ok,3682863
pinch_sinusoid,pinch_sweep_size_rand_sinusoid-20260623-133237,TesolloCubePinch,TesolloCubePinch-20260623-163605-cubepinch_sb_propriodelta_s2,proprio.delta,cubepinch_sb_propriodelta_s2,2,det,8,49,80,0.6125,ok,3682863
pinch_sinusoid,pinch_sweep_size_rand_sinusoid-20260623-133237,TesolloCubePinch,TesolloCubePinch-20260623-163605-cubepinch_sb_propriodelta_s2,proprio.delta,cubepinch_sb_propriodelta_s2,2,det,9,36,80,0.45,ok,3682863
pinch_sinusoid,pinch_sweep_size_rand_sinusoid-20260623-133237,TesolloCubePinch,TesolloCubePinch-20260623-163605-cubepinch_sb_propriodelta_s2,proprio.delta,cubepinch_sb_propriodelta_s2,2,det,10,37,80,0.4625,ok,3682863
pinch_sinusoid,pinch_sweep_size_rand_sinusoid-20260623-133237,TesolloCubePinch,TesolloCubePinch-20260623-163605-cubepinch_sb_propriodelta_s2,proprio.delta,cubepinch_sb_propriodelta_s2,2,det,11,40,80,0.5,ok,3682863
pinch_sinusoid,pinch_sweep_size_rand_sinusoid-20260623-133237,TesolloCubePinch,TesolloCubePinch-20260623-163605-cubepinch_sb_propriodelta_s2,proprio.delta,cubepinch_sb_propriodelta_s2,2,det,12,31,80,0.3875,ok,3682863
pinch_sinusoid,pinch_sweep_size_rand_sinusoid-20260623-133237,TesolloCubePinch,TesolloCubePinch-20260623-163605-cubepinch_sb_propriodelta_s2,proprio.delta,cubepinch_sb_propriodelta_s2,2,det,13,28,80,0.35,ok,3682863
pinch_sinusoid,pinch_sweep_size_rand_sinusoid-20260623-133237,TesolloCubePinch,TesolloCubePinch-20260623-163605-cubepinch_sb_propriodelta_s2,proprio.delta,cubepinch_sb_propriodelta_s2,2,det,14,35,80,0.4375,ok,3682863
pinch_sinusoid,pinch_sweep_size_rand_sinusoid-20260623-133237,TesolloCubePinch,TesolloCubePinch-20260623-163605-cubepinch_sb_propriodelta_s2,proprio.delta,cubepinch_sb_propriodelta_s2,2,det,15,13,80,0.1625,ok,3682863
pinch_sinusoid,pinch_sweep_size_rand_sinusoid-20260623-133237,TesolloCubePinch,TesolloCubePinch-20260623-163605-cubepinch_sb_propriodelta_s2,proprio.delta,cubepinch_sb_propriodelta_s2,2,det,16,34,80,0.425,ok,3682863
pinch_sinusoid,pinch_sweep_size_rand_sinusoid-20260623-133237,TesolloCubePinch,TesolloCubePinch-20260623-163605-cubepinch_sb_propriodelta_s2,proprio.delta,cubepinch_sb_propriodelta_s2,2,det,17,46,80,0.575,ok,3682863
pinch_sinusoid,pinch_sweep_size_rand_sinusoid-20260623-133237,TesolloCubePinch,TesolloCubePinch-20260623-163605-cubepinch_sb_propriodelta_s2,proprio.delta,cubepinch_sb_propriodelta_s2,2,det,18,49,80,0.6125,ok,3682863
pinch_sinusoid,pinch_sweep_size_rand_sinusoid-20260623-133237,TesolloCubePinch,TesolloCubePinch-20260623-163605-cubepinch_sb_propriodelta_s2,proprio.delta,cubepinch_sb_propriodelta_s2,2,det,19,29,80,0.3625,ok,3682863
pinch_sinusoid,pinch_sweep_size_rand_sinusoid-20260623-133237,TesolloCubePinch,TesolloCubePinch-20260623-163605-cubepinch_sb_propriodelta_s2,proprio.delta,cubepinch_sb_propriodelta_s2,2,det,20,49,80,0.6125,ok,3682863
pinch_sinusoid,pinch_sweep_size_rand_sinusoid-20260623-133237,TesolloCubePinch,TesolloCubePinch-20260623-163605-cubepinch_sb_propriodelta_s2,proprio.delta,cubepinch_sb_propriodelta_s2,2,det,21,25,80,0.3125,ok,3682863
pinch_sinusoid,pinch_sweep_size_rand_sinusoid-20260623-133237,TesolloCubePinch,TesolloCubePinch-20260623-163605-cubepinch_sb_propriodelta_s2,proprio.delta,cubepinch_sb_propriodelta_s2,2,det,22,38,80,0.475,ok,3682863
pinch_sinusoid,pinch_sweep_size_rand_sinusoid-20260623-133237,TesolloCubePinch,TesolloCubePinch-20260623-163605-cubepinch_sb_propriodelta_s2,proprio.delta,cubepinch_sb_propriodelta_s2,2,det,23,37,80,0.4625,ok,3682863
pinch_sinusoid,pinch_sweep_size_rand_sinusoid-20260623-133237,TesolloCubePinch,TesolloCubePinch-20260623-163605-cubepinch_sb_propriodelta_s2,proprio.delta,cubepinch_sb_propriodelta_s2,2,det,24,43,80,0.5375,ok,3682863
pinch_sinusoid,pinch_sweep_size_rand_sinusoid-20260623-133237,TesolloCubePinch,TesolloCubePinch-20260623-163605-cubepinch_sb_propriodelta_s2,proprio.delta,cubepinch_sb_propriodelta_s2,2,det,25,33,80,0.4125,ok,3682863
pinch_sinusoid,pinch_sweep_size_rand_sinusoid-20260623-133237,TesolloCubePinch,TesolloCubePinch-20260623-163605-cubepinch_sb_propriodelta_s2,proprio.delta,cubepinch_sb_propriodelta_s2,2,det,26,33,80,0.4125,ok,3682863
pinch_sinusoid,pinch_sweep_size_rand_sinusoid-20260623-133237,TesolloCubePinch,TesolloCubePinch-20260623-163605-cubepinch_sb_propriodelta_s2,proprio.delta,cubepinch_sb_propriodelta_s2,2,det,27,36,80,0.45,ok,3682863
pinch_sinusoid,pinch_sweep_size_rand_sinusoid-20260623-133237,TesolloCubePinch,TesolloCubePinch-20260623-163605-cubepinch_sb_propriodelta_s2,proprio.delta,cubepinch_sb_propriodelta_s2,2,det,28,49,80,0.6125,ok,3682863
pinch_sinusoid,pinch_sweep_size_rand_sinusoid-20260623-133237,TesolloCubePinch,TesolloCubePinch-20260623-163605-cubepinch_sb_propriodelta_s2,proprio.delta,cubepinch_sb_propriodelta_s2,2,det,29,34,80,0.425,ok,3682863
pinch_sinusoid,pinch_sweep_size_rand_sinusoid-20260623-133237,TesolloCubePinch,TesolloCubePinch-20260623-163605-cubepinch_sb_propriodelta_s2,proprio.delta,cubepinch_sb_propriodelta_s2,2,det,30,29,80,0.3625,ok,3682863
pinch_sinusoid,pinch_sweep_size_rand_sinusoid-20260623-133237,TesolloCubePinch,TesolloCubePinch-20260623-163605-cubepinch_sb_propriodelta_s2,proprio.delta,cubepinch_sb_propriodelta_s2,2,det,31,40,80,0.5,ok,3682863
pinch_sinusoid,pinch_sweep_size_rand_sinusoid-20260623-133237,TesolloCubePinch,TesolloCubePinch-20260623-163605-cubepinch_sb_propriodelta_s2,proprio.delta,cubepinch_sb_propriodelta_s2,2,det,32,34,80,0.425,ok,3682863
pinch_sinusoid,pinch_sweep_size_rand_sinusoid-20260623-133237,TesolloCubePinch,TesolloCubePinch-20260623-163605-cubepinch_sb_propriodelta_s2,proprio.delta,cubepinch_sb_propriodelta_s2,2,det,33,22,80,0.275,ok,3682863
pinch_sinusoid,pinch_sweep_size_rand_sinusoid-20260623-133237,TesolloCubePinch,TesolloCubePinch-20260623-163605-cubepinch_sb_propriodelta_s2,proprio.delta,cubepinch_sb_propriodelta_s2,2,det,34,51,80,0.6375,ok,3682863
pinch_sinusoid,pinch_sweep_size_rand_sinusoid-20260623-133237,TesolloCubePinch,TesolloCubePinch-20260623-163605-cubepinch_sb_propriodelta_s2,proprio.delta,cubepinch_sb_propriodelta_s2,2,det,35,33,80,0.4125,ok,3682863
pinch_sinusoid,pinch_sweep_size_rand_sinusoid-20260623-133237,TesolloCubePinch,TesolloCubePinch-20260623-163605-cubepinch_sb_propriodelta_s2,proprio.delta,cubepinch_sb_propriodelta_s2,2,det,36,38,80,0.475,ok,3682863
pinch_sinusoid,pinch_sweep_size_rand_sinusoid-20260623-133237,TesolloCubePinch,TesolloCubePinch-20260623-163605-cubepinch_sb_propriodelta_s2,proprio.delta,cubepinch_sb_propriodelta_s2,2,det,37,20,80,0.25,ok,3682863
pinch_sinusoid,pinch_sweep_size_rand_sinusoid-20260623-133237,TesolloCubePinch,TesolloCubePinch-20260623-163605-cubepinch_sb_propriodelta_s2,proprio.delta,cubepinch_sb_propriodelta_s2,2,det,38,35,80,0.4375,ok,3682863
pinch_sinusoid,pinch_sweep_size_rand_sinusoid-20260623-133237,TesolloCubePinch,TesolloCubePinch-20260623-163605-cubepinch_sb_propriodelta_s2,proprio.delta,cubepinch_sb_propriodelta_s2,2,det,39,21,80,0.2625,ok,3682863
pinch_sinusoid,pinch_sweep_size_rand_sinusoid-20260623-133237,TesolloCubePinch,TesolloCubePinch-20260623-163605-cubepinch_sb_propriodelta_s2,proprio.delta,cubepinch_sb_propriodelta_s2,2,det,40,10,80,0.125,ok,3682863
pinch_sinusoid,pinch_sweep_size_rand_sinusoid-20260623-133237,TesolloCubePinch,TesolloCubePinch-20260623-163605-cubepinch_sb_propriodelta_s2,proprio.delta,cubepinch_sb_propriodelta_s2,2,det,41,51,80,0.6375,ok,3682863
pinch_sinusoid,pinch_sweep_size_rand_sinusoid-20260623-133237,TesolloCubePinch,TesolloCubePinch-20260623-163605-cubepinch_sb_propriodelta_s2,proprio.delta,cubepinch_sb_propriodelta_s2,2,det,42,49,80,0.6125,ok,3682863
pinch_sinusoid,pinch_sweep_size_rand_sinusoid-20260623-133237,TesolloCubePinch,TesolloCubePinch-20260623-163605-cubepinch_sb_propriodelta_s2,proprio.delta,cubepinch_sb_propriodelta_s2,2,det,43,51,80,0.6375,ok,3682863
pinch_sinusoid,pinch_sweep_size_rand_sinusoid-20260623-133237,TesolloCubePinch,TesolloCubePinch-20260623-163605-cubepinch_sb_propriodelta_s2,proprio.delta,cubepinch_sb_propriodelta_s2,2,det,44,41,80,0.5125,ok,3682863
pinch_sinusoid,pinch_sweep_size_rand_sinusoid-20260623-133237,TesolloCubePinch,TesolloCubePinch-20260623-163605-cubepinch_sb_propriodelta_s2,proprio.delta,cubepinch_sb_propriodelta_s2,2,det,45,27,80,0.3375,ok,3682863
pinch_sinusoid,pinch_sweep_size_rand_sinusoid-20260623-133237,TesolloCubePinch,TesolloCubePinch-20260623-163605-cubepinch_sb_propriodelta_s2,proprio.delta,cubepinch_sb_propriodelta_s2,2,det,46,30,80,0.375,ok,3682863
pinch_sinusoid,pinch_sweep_size_rand_sinusoid-20260623-133237,TesolloCubePinch,TesolloCubePinch-20260623-163605-cubepinch_sb_propriodelta_s2,proprio.delta,cubepinch_sb_propriodelta_s2,2,det,47,42,80,0.525,ok,3682863
pinch_sinusoid,pinch_sweep_size_rand_sinusoid-20260623-133237,TesolloCubePinch,TesolloCubePinch-20260623-163605-cubepinch_sb_propriodelta_s2,proprio.delta,cubepinch_sb_propriodelta_s2,2,det,48,48,80,0.6,ok,3682863
pinch_sinusoid,pinch_sweep_size_rand_sinusoid-20260623-133237,TesolloCubePinch,TesolloCubePinch-20260623-163605-cubepinch_sb_propriodelta_s2,proprio.delta,cubepinch_sb_propriodelta_s2,2,det,49,31,80,0.3875,ok,3682863
pinch_sinusoid,pinch_sweep_size_rand_sinusoid-20260623-133237,TesolloCubePinch,TesolloCubePinch-20260623-163605-cubepinch_sb_propriodelta_s2,proprio.delta,cubepinch_sb_propriodelta_s2,2,det,50,33,80,0.4125,ok,3682863
pinch_sinusoid,pinch_sweep_size_rand_sinusoid-20260623-133237,TesolloCubePinch,TesolloCubePinch-20260623-163605-cubepinch_sb_propriodelta_s2,proprio.delta,cubepinch_sb_propriodelta_s2,2,det,51,36,80,0.45,ok,3682863
pinch_sinusoid,pinch_sweep_size_rand_sinusoid-20260623-133237,TesolloCubePinch,TesolloCubePinch-20260623-163605-cubepinch_sb_propriodelta_s2,proprio.delta,cubepinch_sb_propriodelta_s2,2,det,52,38,80,0.475,ok,3682863
pinch_sinusoid,pinch_sweep_size_rand_sinusoid-20260623-133237,TesolloCubePinch,TesolloCubePinch-20260623-163605-cubepinch_sb_propriodelta_s2,proprio.delta,cubepinch_sb_propriodelta_s2,2,det,53,49,80,0.6125,ok,3682863
pinch_sinusoid,pinch_sweep_size_rand_sinusoid-20260623-133237,TesolloCubePinch,TesolloCubePinch-20260623-163605-cubepinch_sb_propriodelta_s2,proprio.delta,cubepinch_sb_propriodelta_s2,2,det,54,32,80,0.4,ok,3682863
pinch_sinusoid,pinch_sweep_size_rand_sinusoid-20260623-133237,TesolloCubePinch,TesolloCubePinch-20260623-163605-cubepinch_sb_propriodelta_s2,proprio.delta,cubepinch_sb_propriodelta_s2,2,det,55,38,80,0.475,ok,3682863
pinch_sinusoid,pinch_sweep_size_rand_sinusoid-20260623-133237,TesolloCubePinch,TesolloCubePinch-20260623-163605-cubepinch_sb_propriodelta_s2,proprio.delta,cubepinch_sb_propriodelta_s2,2,det,56,37,80,0.4625,ok,3682863
pinch_sinusoid,pinch_sweep_size_rand_sinusoid-20260623-133237,TesolloCubePinch,TesolloCubePinch-20260623-163605-cubepinch_sb_propriodelta_s2,proprio.delta,cubepinch_sb_propriodelta_s2,2,det,57,22,80,0.275,ok,3682863
pinch_sinusoid,pinch_sweep_size_rand_sinusoid-20260623-133237,TesolloCubePinch,TesolloCubePinch-20260623-163605-cubepinch_sb_propriodelta_s2,proprio.delta,cubepinch_sb_propriodelta_s2,2,det,58,51,80,0.6375,ok,3682863
pinch_sinusoid,pinch_sweep_size_rand_sinusoid-20260623-133237,TesolloCubePinch,TesolloCubePinch-20260623-163605-cubepinch_sb_propriodelta_s2,proprio.delta,cubepinch_sb_propriodelta_s2,2,det,59,32,80,0.4,ok,3682863
pinch_sinusoid,pinch_sweep_size_rand_sinusoid-20260623-133237,TesolloCubePinch,TesolloCubePinch-20260623-163605-cubepinch_sb_propriodelta_s2,proprio.delta,cubepinch_sb_propriodelta_s2,2,det,60,37,80,0.4625,ok,3682863
pinch_sinusoid,pinch_sweep_size_rand_sinusoid-20260623-133237,TesolloCubePinch,TesolloCubePinch-20260623-163605-cubepinch_sb_propriodelta_s2,proprio.delta,cubepinch_sb_propriodelta_s2,2,det,61,18,80,0.225,ok,3682863
pinch_sinusoid,pinch_sweep_size_rand_sinusoid-20260623-133237,TesolloCubePinch,TesolloCubePinch-20260623-163605-cubepinch_sb_propriodelta_s2,proprio.delta,cubepinch_sb_propriodelta_s2,2,det,62,35,80,0.4375,ok,3682863
pinch_sinusoid,pinch_sweep_size_rand_sinusoid-20260623-133237,TesolloCubePinch,TesolloCubePinch-20260623-163605-cubepinch_sb_propriodelta_s2,proprio.delta,cubepinch_sb_propriodelta_s2,2,det,63,28,80,0.35,ok,3682863
pinch_sinusoid,pinch_sweep_size_rand_sinusoid-20260623-133237,TesolloCubePinch,TesolloCubePinch-20260623-163605-cubepinch_sb_propriodelta_s2,proprio.delta,cubepinch_sb_propriodelta_s2,2,det,64,12,80,0.15,ok,3682863
pinch_sinusoid,pinch_sweep_size_rand_sinusoid-20260623-133237,TesolloCubePinch,TesolloCubePinch-20260623-163605-cubepinch_sb_propriodelta_s2,proprio.delta,cubepinch_sb_propriodelta_s2,2,det,65,51,80,0.6375,ok,3682863
pinch_sinusoid,pinch_sweep_size_rand_sinusoid-20260623-133237,TesolloCubePinch,TesolloCubePinch-20260623-163605-cubepinch_sb_propriodelta_s2,proprio.delta,cubepinch_sb_propriodelta_s2,2,det,66,12,80,0.15,ok,3682863
pinch_sinusoid,pinch_sweep_size_rand_sinusoid-20260623-133237,TesolloCubePinch,TesolloCubePinch-20260623-163605-cubepinch_sb_propriodelta_s2,proprio.delta,cubepinch_sb_propriodelta_s2,2,det,67,27,80,0.3375,ok,3682863
pinch_sinusoid,pinch_sweep_size_rand_sinusoid-20260623-133237,TesolloCubePinch,TesolloCubePinch-20260623-163605-cubepinch_sb_propriodelta_s2,proprio.delta,cubepinch_sb_propriodelta_s2,2,det,68,27,80,0.3375,ok,3682863
pinch_sinusoid,pinch_sweep_size_rand_sinusoid-20260623-133237,TesolloCubePinch,TesolloCubePinch-20260623-163605-cubepinch_sb_propriodelta_s2,proprio.delta,cubepinch_sb_propriodelta_s2,2,det,69,41,80,0.5125,ok,3682863
pinch_sinusoid,pinch_sweep_size_rand_sinusoid-20260623-133237,TesolloCubePinch,TesolloCubePinch-20260623-163605-cubepinch_sb_propriodelta_s2,proprio.delta,cubepinch_sb_propriodelta_s2,2,det,70,38,80,0.475,ok,3682863
pinch_sinusoid,pinch_sweep_size_rand_sinusoid-20260623-133237,TesolloCubePinch,TesolloCubePinch-20260623-163605-cubepinch_sb_propriodelta_s2,proprio.delta,cubepinch_sb_propriodelta_s2,2,det,71,27,80,0.3375,ok,3682863
pinch_sinusoid,pinch_sweep_size_rand_sinusoid-20260623-133237,TesolloCubePinch,TesolloCubePinch-20260623-163605-cubepinch_sb_propriodelta_s2,proprio.delta,cubepinch_sb_propriodelta_s2,2,det,72,38,80,0.475,ok,3682863
pinch_sinusoid,pinch_sweep_size_rand_sinusoid-20260623-133237,TesolloCubePinch,TesolloCubePinch-20260623-163605-cubepinch_sb_propriodelta_s2,proprio.delta,cubepinch_sb_propriodelta_s2,2,det,73,31,80,0.3875,ok,3682863
pinch_sinusoid,pinch_sweep_size_rand_sinusoid-20260623-133237,TesolloCubePinch,TesolloCubePinch-20260623-163605-cubepinch_sb_propriodelta_s2,proprio.delta,cubepinch_sb_propriodelta_s2,2,det,74,42,80,0.525,ok,3682863
pinch_sinusoid,pinch_sweep_size_rand_sinusoid-20260623-133237,TesolloCubePinch,TesolloCubePinch-20260623-163605-cubepinch_sb_propriodelta_s2,proprio.delta,cubepinch_sb_propriodelta_s2,2,det,75,39,80,0.4875,ok,3682863
pinch_sinusoid,pinch_sweep_size_rand_sinusoid-20260623-133237,TesolloCubePinch,TesolloCubePinch-20260623-163605-cubepinch_sb_propriodelta_s2,proprio.delta,cubepinch_sb_propriodelta_s2,2,det,76,25,80,0.3125,ok,3682863
pinch_sinusoid,pinch_sweep_size_rand_sinusoid-20260623-133237,TesolloCubePinch,TesolloCubePinch-20260623-163605-cubepinch_sb_propriodelta_s2,proprio.delta,cubepinch_sb_propriodelta_s2,2,det,77,19,80,0.2375,ok,3682863
pinch_sinusoid,pinch_sweep_size_rand_sinusoid-20260623-133237,TesolloCubePinch,TesolloCubePinch-20260623-163605-cubepinch_sb_propriodelta_s2,proprio.delta,cubepinch_sb_propriodelta_s2,2,det,78,32,80,0.4,ok,3682863
pinch_sinusoid,pinch_sweep_size_rand_sinusoid-20260623-133237,TesolloCubePinch,TesolloCubePinch-20260623-163605-cubepinch_sb_propriodelta_s2,proprio.delta,cubepinch_sb_propriodelta_s2,2,det,79,28,80,0.35,ok,3682863
pinch_sinusoid,pinch_sweep_size_rand_sinusoid-20260623-133237,TesolloCubePinch,TesolloCubePinch-20260623-163605-cubepinch_sb_propriodelta_s2,proprio.delta,cubepinch_sb_propriodelta_s2,2,det,80,36,80,0.45,ok,3682863
pinch_sinusoid,pinch_sweep_size_rand_sinusoid-20260623-133237,TesolloCubePinch,TesolloCubePinch-20260623-163605-cubepinch_sb_propriodelta_s2,proprio.delta,cubepinch_sb_propriodelta_s2,2,det,81,40,80,0.5,ok,3682863
pinch_sinusoid,pinch_sweep_size_rand_sinusoid-20260623-133237,TesolloCubePinch,TesolloCubePinch-20260623-163605-cubepinch_sb_propriodelta_s2,proprio.delta,cubepinch_sb_propriodelta_s2,2,det,82,21,80,0.2625,ok,3682863
pinch_sinusoid,pinch_sweep_size_rand_sinusoid-20260623-133237,TesolloCubePinch,TesolloCubePinch-20260623-163605-cubepinch_sb_propriodelta_s2,proprio.delta,cubepinch_sb_propriodelta_s2,2,det,83,26,80,0.325,ok,3682863
pinch_sinusoid,pinch_sweep_size_rand_sinusoid-20260623-133237,TesolloCubePinch,TesolloCubePinch-20260623-163605-cubepinch_sb_propriodelta_s2,proprio.delta,cubepinch_sb_propriodelta_s2,2,det,84,22,80,0.275,ok,3682863
pinch_sinusoid,pinch_sweep_size_rand_sinusoid-20260623-133237,TesolloCubePinch,TesolloCubePinch-20260623-163605-cubepinch_sb_propriodelta_s2,proprio.delta,cubepinch_sb_propriodelta_s2,2,det,85,37,80,0.4625,ok,3682863
pinch_sinusoid,pinch_sweep_size_rand_sinusoid-20260623-133237,TesolloCubePinch,TesolloCubePinch-20260623-163605-cubepinch_sb_propriodelta_s2,proprio.delta,cubepinch_sb_propriodelta_s2,2,det,86,35,80,0.4375,ok,3682863
pinch_sinusoid,pinch_sweep_size_rand_sinusoid-20260623-133237,TesolloCubePinch,TesolloCubePinch-20260623-163605-cubepinch_sb_propriodelta_s2,proprio.delta,cubepinch_sb_propriodelta_s2,2,det,87,25,80,0.3125,ok,3682863
pinch_sinusoid,pinch_sweep_size_rand_sinusoid-20260623-133237,TesolloCubePinch,TesolloCubePinch-20260623-163605-cubepinch_sb_propriodelta_s2,proprio.delta,cubepinch_sb_propriodelta_s2,2,det,88,42,80,0.525,ok,3682863
pinch_sinusoid,pinch_sweep_size_rand_sinusoid-20260623-133237,TesolloCubePinch,TesolloCubePinch-20260623-163605-cubepinch_sb_propriodelta_s2,proprio.delta,cubepinch_sb_propriodelta_s2,2,det,89,19,80,0.2375,ok,3682863
pinch_sinusoid,pinch_sweep_size_rand_sinusoid-20260623-133237,TesolloCubePinch,TesolloCubePinch-20260623-163605-cubepinch_sb_propriodelta_s2,proprio.delta,cubepinch_sb_propriodelta_s2,2,det,90,25,80,0.3125,ok,3682863
pinch_sinusoid,pinch_sweep_size_rand_sinusoid-20260623-133237,TesolloCubePinch,TesolloCubePinch-20260623-163605-cubepinch_sb_propriodelta_s2,proprio.delta,cubepinch_sb_propriodelta_s2,2,det,91,39,80,0.4875,ok,3682863
pinch_sinusoid,pinch_sweep_size_rand_sinusoid-20260623-133237,TesolloCubePinch,TesolloCubePinch-20260623-163605-cubepinch_sb_propriodelta_s2,proprio.delta,cubepinch_sb_propriodelta_s2,2,det,92,33,80,0.4125,ok,3682863
pinch_sinusoid,pinch_sweep_size_rand_sinusoid-20260623-133237,TesolloCubePinch,TesolloCubePinch-20260623-163605-cubepinch_sb_propriodelta_s2,proprio.delta,cubepinch_sb_propriodelta_s2,2,det,93,32,80,0.4,ok,3682863
pinch_sinusoid,pinch_sweep_size_rand_sinusoid-20260623-133237,TesolloCubePinch,TesolloCubePinch-20260623-163605-cubepinch_sb_propriodelta_s2,proprio.delta,cubepinch_sb_propriodelta_s2,2,det,94,32,80,0.4,ok,3682863
pinch_sinusoid,pinch_sweep_size_rand_sinusoid-20260623-133237,TesolloCubePinch,TesolloCubePinch-20260623-163605-cubepinch_sb_propriodelta_s2,proprio.delta,cubepinch_sb_propriodelta_s2,2,det,95,25,80,0.3125,ok,3682863
pinch_sinusoid,pinch_sweep_size_rand_sinusoid-20260623-133237,TesolloCubePinch,TesolloCubePinch-20260623-163605-cubepinch_sb_propriodelta_s2,proprio.delta,cubepinch_sb_propriodelta_s2,2,det,96,37,80,0.4625,ok,3682863
pinch_sinusoid,pinch_sweep_size_rand_sinusoid-20260623-133237,TesolloCubePinch,TesolloCubePinch-20260623-163605-cubepinch_sb_propriodelta_s2,proprio.delta,cubepinch_sb_propriodelta_s2,2,det,97,30,80,0.375,ok,3682863
pinch_sinusoid,pinch_sweep_size_rand_sinusoid-20260623-133237,TesolloCubePinch,TesolloCubePinch-20260623-163605-cubepinch_sb_propriodelta_s2,proprio.delta,cubepinch_sb_propriodelta_s2,2,det,98,43,80,0.5375,ok,3682863
pinch_sinusoid,pinch_sweep_size_rand_sinusoid-20260623-133237,TesolloCubePinch,TesolloCubePinch-20260623-163605-cubepinch_sb_propriodelta_s2,proprio.delta,cubepinch_sb_propriodelta_s2,2,det,99,40,80,0.5,ok,3682863
pinch_sinusoid,pinch_sweep_size_rand_sinusoid-20260623-133237,TesolloCubePinch,TesolloCubePinch-20260623-165024-cubepinch_sb_propriodelta_s3,proprio.delta,cubepinch_sb_propriodelta_s3,3,det,0,63,80,0.7875,ok,3682863
pinch_sinusoid,pinch_sweep_size_rand_sinusoid-20260623-133237,TesolloCubePinch,TesolloCubePinch-20260623-165024-cubepinch_sb_propriodelta_s3,proprio.delta,cubepinch_sb_propriodelta_s3,3,det,1,29,80,0.3625,ok,3682863
pinch_sinusoid,pinch_sweep_size_rand_sinusoid-20260623-133237,TesolloCubePinch,TesolloCubePinch-20260623-165024-cubepinch_sb_propriodelta_s3,proprio.delta,cubepinch_sb_propriodelta_s3,3,det,2,34,80,0.425,ok,3682863
pinch_sinusoid,pinch_sweep_size_rand_sinusoid-20260623-133237,TesolloCubePinch,TesolloCubePinch-20260623-165024-cubepinch_sb_propriodelta_s3,proprio.delta,cubepinch_sb_propriodelta_s3,3,det,3,29,80,0.3625,ok,3682863
pinch_sinusoid,pinch_sweep_size_rand_sinusoid-20260623-133237,TesolloCubePinch,TesolloCubePinch-20260623-165024-cubepinch_sb_propriodelta_s3,proprio.delta,cubepinch_sb_propriodelta_s3,3,det,4,47,80,0.5875,ok,3682863
pinch_sinusoid,pinch_sweep_size_rand_sinusoid-20260623-133237,TesolloCubePinch,TesolloCubePinch-20260623-165024-cubepinch_sb_propriodelta_s3,proprio.delta,cubepinch_sb_propriodelta_s3,3,det,5,50,80,0.625,ok,3682863
pinch_sinusoid,pinch_sweep_size_rand_sinusoid-20260623-133237,TesolloCubePinch,TesolloCubePinch-20260623-165024-cubepinch_sb_propriodelta_s3,proprio.delta,cubepinch_sb_propriodelta_s3,3,det,6,35,80,0.4375,ok,3682863
pinch_sinusoid,pinch_sweep_size_rand_sinusoid-20260623-133237,TesolloCubePinch,TesolloCubePinch-20260623-165024-cubepinch_sb_propriodelta_s3,proprio.delta,cubepinch_sb_propriodelta_s3,3,det,7,45,80,0.5625,ok,3682863
pinch_sinusoid,pinch_sweep_size_rand_sinusoid-20260623-133237,TesolloCubePinch,TesolloCubePinch-20260623-165024-cubepinch_sb_propriodelta_s3,proprio.delta,cubepinch_sb_propriodelta_s3,3,det,8,36,80,0.45,ok,3682863
pinch_sinusoid,pinch_sweep_size_rand_sinusoid-20260623-133237,TesolloCubePinch,TesolloCubePinch-20260623-165024-cubepinch_sb_propriodelta_s3,proprio.delta,cubepinch_sb_propriodelta_s3,3,det,9,45,80,0.5625,ok,3682863
pinch_sinusoid,pinch_sweep_size_rand_sinusoid-20260623-133237,TesolloCubePinch,TesolloCubePinch-20260623-165024-cubepinch_sb_propriodelta_s3,proprio.delta,cubepinch_sb_propriodelta_s3,3,det,10,45,80,0.5625,ok,3682863
pinch_sinusoid,pinch_sweep_size_rand_sinusoid-20260623-133237,TesolloCubePinch,TesolloCubePinch-20260623-165024-cubepinch_sb_propriodelta_s3,proprio.delta,cubepinch_sb_propriodelta_s3,3,det,11,45,80,0.5625,ok,3682863
pinch_sinusoid,pinch_sweep_size_rand_sinusoid-20260623-133237,TesolloCubePinch,TesolloCubePinch-20260623-165024-cubepinch_sb_propriodelta_s3,proprio.delta,cubepinch_sb_propriodelta_s3,3,det,12,53,80,0.6625,ok,3682863
pinch_sinusoid,pinch_sweep_size_rand_sinusoid-20260623-133237,TesolloCubePinch,TesolloCubePinch-20260623-165024-cubepinch_sb_propriodelta_s3,proprio.delta,cubepinch_sb_propriodelta_s3,3,det,13,39,80,0.4875,ok,3682863
pinch_sinusoid,pinch_sweep_size_rand_sinusoid-20260623-133237,TesolloCubePinch,TesolloCubePinch-20260623-165024-cubepinch_sb_propriodelta_s3,proprio.delta,cubepinch_sb_propriodelta_s3,3,det,14,37,80,0.4625,ok,3682863
pinch_sinusoid,pinch_sweep_size_rand_sinusoid-20260623-133237,TesolloCubePinch,TesolloCubePinch-20260623-165024-cubepinch_sb_propriodelta_s3,proprio.delta,cubepinch_sb_propriodelta_s3,3,det,15,26,80,0.325,ok,3682863
pinch_sinusoid,pinch_sweep_size_rand_sinusoid-20260623-133237,TesolloCubePinch,TesolloCubePinch-20260623-165024-cubepinch_sb_propriodelta_s3,proprio.delta,cubepinch_sb_propriodelta_s3,3,det,16,60,80,0.75,ok,3682863
pinch_sinusoid,pinch_sweep_size_rand_sinusoid-20260623-133237,TesolloCubePinch,TesolloCubePinch-20260623-165024-cubepinch_sb_propriodelta_s3,proprio.delta,cubepinch_sb_propriodelta_s3,3,det,17,58,80,0.725,ok,3682863
pinch_sinusoid,pinch_sweep_size_rand_sinusoid-20260623-133237,TesolloCubePinch,TesolloCubePinch-20260623-165024-cubepinch_sb_propriodelta_s3,proprio.delta,cubepinch_sb_propriodelta_s3,3,det,18,48,80,0.6,ok,3682863
pinch_sinusoid,pinch_sweep_size_rand_sinusoid-20260623-133237,TesolloCubePinch,TesolloCubePinch-20260623-165024-cubepinch_sb_propriodelta_s3,proprio.delta,cubepinch_sb_propriodelta_s3,3,det,19,36,80,0.45,ok,3682863
pinch_sinusoid,pinch_sweep_size_rand_sinusoid-20260623-133237,TesolloCubePinch,TesolloCubePinch-20260623-165024-cubepinch_sb_propriodelta_s3,proprio.delta,cubepinch_sb_propriodelta_s3,3,det,20,51,80,0.6375,ok,3682863
pinch_sinusoid,pinch_sweep_size_rand_sinusoid-20260623-133237,TesolloCubePinch,TesolloCubePinch-20260623-165024-cubepinch_sb_propriodelta_s3,proprio.delta,cubepinch_sb_propriodelta_s3,3,det,21,46,80,0.575,ok,3682863
pinch_sinusoid,pinch_sweep_size_rand_sinusoid-20260623-133237,TesolloCubePinch,TesolloCubePinch-20260623-165024-cubepinch_sb_propriodelta_s3,proprio.delta,cubepinch_sb_propriodelta_s3,3,det,22,38,80,0.475,ok,3682863
pinch_sinusoid,pinch_sweep_size_rand_sinusoid-20260623-133237,TesolloCubePinch,TesolloCubePinch-20260623-165024-cubepinch_sb_propriodelta_s3,proprio.delta,cubepinch_sb_propriodelta_s3,3,det,23,50,80,0.625,ok,3682863
pinch_sinusoid,pinch_sweep_size_rand_sinusoid-20260623-133237,TesolloCubePinch,TesolloCubePinch-20260623-165024-cubepinch_sb_propriodelta_s3,proprio.delta,cubepinch_sb_propriodelta_s3,3,det,24,57,80,0.7125,ok,3682863
pinch_sinusoid,pinch_sweep_size_rand_sinusoid-20260623-133237,TesolloCubePinch,TesolloCubePinch-20260623-165024-cubepinch_sb_propriodelta_s3,proprio.delta,cubepinch_sb_propriodelta_s3,3,det,25,59,80,0.7375,ok,3682863
pinch_sinusoid,pinch_sweep_size_rand_sinusoid-20260623-133237,TesolloCubePinch,TesolloCubePinch-20260623-165024-cubepinch_sb_propriodelta_s3,proprio.delta,cubepinch_sb_propriodelta_s3,3,det,26,58,80,0.725,ok,3682863
pinch_sinusoid,pinch_sweep_size_rand_sinusoid-20260623-133237,TesolloCubePinch,TesolloCubePinch-20260623-165024-cubepinch_sb_propriodelta_s3,proprio.delta,cubepinch_sb_propriodelta_s3,3,det,27,43,80,0.5375,ok,3682863
pinch_sinusoid,pinch_sweep_size_rand_sinusoid-20260623-133237,TesolloCubePinch,TesolloCubePinch-20260623-165024-cubepinch_sb_propriodelta_s3,proprio.delta,cubepinch_sb_propriodelta_s3,3,det,28,31,80,0.3875,ok,3682863
pinch_sinusoid,pinch_sweep_size_rand_sinusoid-20260623-133237,TesolloCubePinch,TesolloCubePinch-20260623-165024-cubepinch_sb_propriodelta_s3,proprio.delta,cubepinch_sb_propriodelta_s3,3,det,29,44,80,0.55,ok,3682863
pinch_sinusoid,pinch_sweep_size_rand_sinusoid-20260623-133237,TesolloCubePinch,TesolloCubePinch-20260623-165024-cubepinch_sb_propriodelta_s3,proprio.delta,cubepinch_sb_propriodelta_s3,3,det,30,60,80,0.75,ok,3682863
pinch_sinusoid,pinch_sweep_size_rand_sinusoid-20260623-133237,TesolloCubePinch,TesolloCubePinch-20260623-165024-cubepinch_sb_propriodelta_s3,proprio.delta,cubepinch_sb_propriodelta_s3,3,det,31,46,80,0.575,ok,3682863
pinch_sinusoid,pinch_sweep_size_rand_sinusoid-20260623-133237,TesolloCubePinch,TesolloCubePinch-20260623-165024-cubepinch_sb_propriodelta_s3,proprio.delta,cubepinch_sb_propriodelta_s3,3,det,32,40,80,0.5,ok,3682863
pinch_sinusoid,pinch_sweep_size_rand_sinusoid-20260623-133237,TesolloCubePinch,TesolloCubePinch-20260623-165024-cubepinch_sb_propriodelta_s3,proprio.delta,cubepinch_sb_propriodelta_s3,3,det,33,56,80,0.7,ok,3682863
pinch_sinusoid,pinch_sweep_size_rand_sinusoid-20260623-133237,TesolloCubePinch,TesolloCubePinch-20260623-165024-cubepinch_sb_propriodelta_s3,proprio.delta,cubepinch_sb_propriodelta_s3,3,det,34,53,80,0.6625,ok,3682863
pinch_sinusoid,pinch_sweep_size_rand_sinusoid-20260623-133237,TesolloCubePinch,TesolloCubePinch-20260623-165024-cubepinch_sb_propriodelta_s3,proprio.delta,cubepinch_sb_propriodelta_s3,3,det,35,26,80,0.325,ok,3682863
pinch_sinusoid,pinch_sweep_size_rand_sinusoid-20260623-133237,TesolloCubePinch,TesolloCubePinch-20260623-165024-cubepinch_sb_propriodelta_s3,proprio.delta,cubepinch_sb_propriodelta_s3,3,det,36,49,80,0.6125,ok,3682863
pinch_sinusoid,pinch_sweep_size_rand_sinusoid-20260623-133237,TesolloCubePinch,TesolloCubePinch-20260623-165024-cubepinch_sb_propriodelta_s3,proprio.delta,cubepinch_sb_propriodelta_s3,3,det,37,52,80,0.65,ok,3682863
pinch_sinusoid,pinch_sweep_size_rand_sinusoid-20260623-133237,TesolloCubePinch,TesolloCubePinch-20260623-165024-cubepinch_sb_propriodelta_s3,proprio.delta,cubepinch_sb_propriodelta_s3,3,det,38,41,80,0.5125,ok,3682863
pinch_sinusoid,pinch_sweep_size_rand_sinusoid-20260623-133237,TesolloCubePinch,TesolloCubePinch-20260623-165024-cubepinch_sb_propriodelta_s3,proprio.delta,cubepinch_sb_propriodelta_s3,3,det,39,47,80,0.5875,ok,3682863
pinch_sinusoid,pinch_sweep_size_rand_sinusoid-20260623-133237,TesolloCubePinch,TesolloCubePinch-20260623-165024-cubepinch_sb_propriodelta_s3,proprio.delta,cubepinch_sb_propriodelta_s3,3,det,40,16,80,0.2,ok,3682863
pinch_sinusoid,pinch_sweep_size_rand_sinusoid-20260623-133237,TesolloCubePinch,TesolloCubePinch-20260623-165024-cubepinch_sb_propriodelta_s3,proprio.delta,cubepinch_sb_propriodelta_s3,3,det,41,57,80,0.7125,ok,3682863
pinch_sinusoid,pinch_sweep_size_rand_sinusoid-20260623-133237,TesolloCubePinch,TesolloCubePinch-20260623-165024-cubepinch_sb_propriodelta_s3,proprio.delta,cubepinch_sb_propriodelta_s3,3,det,42,56,80,0.7,ok,3682863
pinch_sinusoid,pinch_sweep_size_rand_sinusoid-20260623-133237,TesolloCubePinch,TesolloCubePinch-20260623-165024-cubepinch_sb_propriodelta_s3,proprio.delta,cubepinch_sb_propriodelta_s3,3,det,43,43,80,0.5375,ok,3682863
pinch_sinusoid,pinch_sweep_size_rand_sinusoid-20260623-133237,TesolloCubePinch,TesolloCubePinch-20260623-165024-cubepinch_sb_propriodelta_s3,proprio.delta,cubepinch_sb_propriodelta_s3,3,det,44,35,80,0.4375,ok,3682863
pinch_sinusoid,pinch_sweep_size_rand_sinusoid-20260623-133237,TesolloCubePinch,TesolloCubePinch-20260623-165024-cubepinch_sb_propriodelta_s3,proprio.delta,cubepinch_sb_propriodelta_s3,3,det,45,58,80,0.725,ok,3682863
pinch_sinusoid,pinch_sweep_size_rand_sinusoid-20260623-133237,TesolloCubePinch,TesolloCubePinch-20260623-165024-cubepinch_sb_propriodelta_s3,proprio.delta,cubepinch_sb_propriodelta_s3,3,det,46,31,80,0.3875,ok,3682863
pinch_sinusoid,pinch_sweep_size_rand_sinusoid-20260623-133237,TesolloCubePinch,TesolloCubePinch-20260623-165024-cubepinch_sb_propriodelta_s3,proprio.delta,cubepinch_sb_propriodelta_s3,3,det,47,57,80,0.7125,ok,3682863
pinch_sinusoid,pinch_sweep_size_rand_sinusoid-20260623-133237,TesolloCubePinch,TesolloCubePinch-20260623-165024-cubepinch_sb_propriodelta_s3,proprio.delta,cubepinch_sb_propriodelta_s3,3,det,48,27,80,0.3375,ok,3682863
pinch_sinusoid,pinch_sweep_size_rand_sinusoid-20260623-133237,TesolloCubePinch,TesolloCubePinch-20260623-165024-cubepinch_sb_propriodelta_s3,proprio.delta,cubepinch_sb_propriodelta_s3,3,det,49,47,80,0.5875,ok,3682863
pinch_sinusoid,pinch_sweep_size_rand_sinusoid-20260623-133237,TesolloCubePinch,TesolloCubePinch-20260623-165024-cubepinch_sb_propriodelta_s3,proprio.delta,cubepinch_sb_propriodelta_s3,3,det,50,39,80,0.4875,ok,3682863
pinch_sinusoid,pinch_sweep_size_rand_sinusoid-20260623-133237,TesolloCubePinch,TesolloCubePinch-20260623-165024-cubepinch_sb_propriodelta_s3,proprio.delta,cubepinch_sb_propriodelta_s3,3,det,51,25,80,0.3125,ok,3682863
pinch_sinusoid,pinch_sweep_size_rand_sinusoid-20260623-133237,TesolloCubePinch,TesolloCubePinch-20260623-165024-cubepinch_sb_propriodelta_s3,proprio.delta,cubepinch_sb_propriodelta_s3,3,det,52,46,80,0.575,ok,3682863
pinch_sinusoid,pinch_sweep_size_rand_sinusoid-20260623-133237,TesolloCubePinch,TesolloCubePinch-20260623-165024-cubepinch_sb_propriodelta_s3,proprio.delta,cubepinch_sb_propriodelta_s3,3,det,53,44,80,0.55,ok,3682863
pinch_sinusoid,pinch_sweep_size_rand_sinusoid-20260623-133237,TesolloCubePinch,TesolloCubePinch-20260623-165024-cubepinch_sb_propriodelta_s3,proprio.delta,cubepinch_sb_propriodelta_s3,3,det,54,58,80,0.725,ok,3682863
pinch_sinusoid,pinch_sweep_size_rand_sinusoid-20260623-133237,TesolloCubePinch,TesolloCubePinch-20260623-165024-cubepinch_sb_propriodelta_s3,proprio.delta,cubepinch_sb_propriodelta_s3,3,det,55,28,80,0.35,ok,3682863
pinch_sinusoid,pinch_sweep_size_rand_sinusoid-20260623-133237,TesolloCubePinch,TesolloCubePinch-20260623-165024-cubepinch_sb_propriodelta_s3,proprio.delta,cubepinch_sb_propriodelta_s3,3,det,56,51,80,0.6375,ok,3682863
pinch_sinusoid,pinch_sweep_size_rand_sinusoid-20260623-133237,TesolloCubePinch,TesolloCubePinch-20260623-165024-cubepinch_sb_propriodelta_s3,proprio.delta,cubepinch_sb_propriodelta_s3,3,det,57,17,80,0.2125,ok,3682863
pinch_sinusoid,pinch_sweep_size_rand_sinusoid-20260623-133237,TesolloCubePinch,TesolloCubePinch-20260623-165024-cubepinch_sb_propriodelta_s3,proprio.delta,cubepinch_sb_propriodelta_s3,3,det,58,53,80,0.6625,ok,3682863
pinch_sinusoid,pinch_sweep_size_rand_sinusoid-20260623-133237,TesolloCubePinch,TesolloCubePinch-20260623-165024-cubepinch_sb_propriodelta_s3,proprio.delta,cubepinch_sb_propriodelta_s3,3,det,59,15,80,0.1875,ok,3682863
pinch_sinusoid,pinch_sweep_size_rand_sinusoid-20260623-133237,TesolloCubePinch,TesolloCubePinch-20260623-165024-cubepinch_sb_propriodelta_s3,proprio.delta,cubepinch_sb_propriodelta_s3,3,det,60,47,80,0.5875,ok,3682863
pinch_sinusoid,pinch_sweep_size_rand_sinusoid-20260623-133237,TesolloCubePinch,TesolloCubePinch-20260623-165024-cubepinch_sb_propriodelta_s3,proprio.delta,cubepinch_sb_propriodelta_s3,3,det,61,35,80,0.4375,ok,3682863
pinch_sinusoid,pinch_sweep_size_rand_sinusoid-20260623-133237,TesolloCubePinch,TesolloCubePinch-20260623-165024-cubepinch_sb_propriodelta_s3,proprio.delta,cubepinch_sb_propriodelta_s3,3,det,62,23,80,0.2875,ok,3682863
pinch_sinusoid,pinch_sweep_size_rand_sinusoid-20260623-133237,TesolloCubePinch,TesolloCubePinch-20260623-165024-cubepinch_sb_propriodelta_s3,proprio.delta,cubepinch_sb_propriodelta_s3,3,det,63,45,80,0.5625,ok,3682863
pinch_sinusoid,pinch_sweep_size_rand_sinusoid-20260623-133237,TesolloCubePinch,TesolloCubePinch-20260623-165024-cubepinch_sb_propriodelta_s3,proprio.delta,cubepinch_sb_propriodelta_s3,3,det,64,48,80,0.6,ok,3682863
pinch_sinusoid,pinch_sweep_size_rand_sinusoid-20260623-133237,TesolloCubePinch,TesolloCubePinch-20260623-165024-cubepinch_sb_propriodelta_s3,proprio.delta,cubepinch_sb_propriodelta_s3,3,det,65,52,80,0.65,ok,3682863
pinch_sinusoid,pinch_sweep_size_rand_sinusoid-20260623-133237,TesolloCubePinch,TesolloCubePinch-20260623-165024-cubepinch_sb_propriodelta_s3,proprio.delta,cubepinch_sb_propriodelta_s3,3,det,66,50,80,0.625,ok,3682863
pinch_sinusoid,pinch_sweep_size_rand_sinusoid-20260623-133237,TesolloCubePinch,TesolloCubePinch-20260623-165024-cubepinch_sb_propriodelta_s3,proprio.delta,cubepinch_sb_propriodelta_s3,3,det,67,51,80,0.6375,ok,3682863
pinch_sinusoid,pinch_sweep_size_rand_sinusoid-20260623-133237,TesolloCubePinch,TesolloCubePinch-20260623-165024-cubepinch_sb_propriodelta_s3,proprio.delta,cubepinch_sb_propriodelta_s3,3,det,68,53,80,0.6625,ok,3682863
pinch_sinusoid,pinch_sweep_size_rand_sinusoid-20260623-133237,TesolloCubePinch,TesolloCubePinch-20260623-165024-cubepinch_sb_propriodelta_s3,proprio.delta,cubepinch_sb_propriodelta_s3,3,det,69,48,80,0.6,ok,3682863
pinch_sinusoid,pinch_sweep_size_rand_sinusoid-20260623-133237,TesolloCubePinch,TesolloCubePinch-20260623-165024-cubepinch_sb_propriodelta_s3,proprio.delta,cubepinch_sb_propriodelta_s3,3,det,70,37,80,0.4625,ok,3682863
pinch_sinusoid,pinch_sweep_size_rand_sinusoid-20260623-133237,TesolloCubePinch,TesolloCubePinch-20260623-165024-cubepinch_sb_propriodelta_s3,proprio.delta,cubepinch_sb_propriodelta_s3,3,det,71,62,80,0.775,ok,3682863
pinch_sinusoid,pinch_sweep_size_rand_sinusoid-20260623-133237,TesolloCubePinch,TesolloCubePinch-20260623-165024-cubepinch_sb_propriodelta_s3,proprio.delta,cubepinch_sb_propriodelta_s3,3,det,72,49,80,0.6125,ok,3682863
pinch_sinusoid,pinch_sweep_size_rand_sinusoid-20260623-133237,TesolloCubePinch,TesolloCubePinch-20260623-165024-cubepinch_sb_propriodelta_s3,proprio.delta,cubepinch_sb_propriodelta_s3,3,det,73,50,80,0.625,ok,3682863
pinch_sinusoid,pinch_sweep_size_rand_sinusoid-20260623-133237,TesolloCubePinch,TesolloCubePinch-20260623-165024-cubepinch_sb_propriodelta_s3,proprio.delta,cubepinch_sb_propriodelta_s3,3,det,74,51,80,0.6375,ok,3682863
pinch_sinusoid,pinch_sweep_size_rand_sinusoid-20260623-133237,TesolloCubePinch,TesolloCubePinch-20260623-165024-cubepinch_sb_propriodelta_s3,proprio.delta,cubepinch_sb_propriodelta_s3,3,det,75,53,80,0.6625,ok,3682863
pinch_sinusoid,pinch_sweep_size_rand_sinusoid-20260623-133237,TesolloCubePinch,TesolloCubePinch-20260623-165024-cubepinch_sb_propriodelta_s3,proprio.delta,cubepinch_sb_propriodelta_s3,3,det,76,49,80,0.6125,ok,3682863
pinch_sinusoid,pinch_sweep_size_rand_sinusoid-20260623-133237,TesolloCubePinch,TesolloCubePinch-20260623-165024-cubepinch_sb_propriodelta_s3,proprio.delta,cubepinch_sb_propriodelta_s3,3,det,77,29,80,0.3625,ok,3682863
pinch_sinusoid,pinch_sweep_size_rand_sinusoid-20260623-133237,TesolloCubePinch,TesolloCubePinch-20260623-165024-cubepinch_sb_propriodelta_s3,proprio.delta,cubepinch_sb_propriodelta_s3,3,det,78,33,80,0.4125,ok,3682863
pinch_sinusoid,pinch_sweep_size_rand_sinusoid-20260623-133237,TesolloCubePinch,TesolloCubePinch-20260623-165024-cubepinch_sb_propriodelta_s3,proprio.delta,cubepinch_sb_propriodelta_s3,3,det,79,52,80,0.65,ok,3682863
pinch_sinusoid,pinch_sweep_size_rand_sinusoid-20260623-133237,TesolloCubePinch,TesolloCubePinch-20260623-165024-cubepinch_sb_propriodelta_s3,proprio.delta,cubepinch_sb_propriodelta_s3,3,det,80,37,80,0.4625,ok,3682863
pinch_sinusoid,pinch_sweep_size_rand_sinusoid-20260623-133237,TesolloCubePinch,TesolloCubePinch-20260623-165024-cubepinch_sb_propriodelta_s3,proprio.delta,cubepinch_sb_propriodelta_s3,3,det,81,31,80,0.3875,ok,3682863
pinch_sinusoid,pinch_sweep_size_rand_sinusoid-20260623-133237,TesolloCubePinch,TesolloCubePinch-20260623-165024-cubepinch_sb_propriodelta_s3,proprio.delta,cubepinch_sb_propriodelta_s3,3,det,82,47,80,0.5875,ok,3682863
pinch_sinusoid,pinch_sweep_size_rand_sinusoid-20260623-133237,TesolloCubePinch,TesolloCubePinch-20260623-165024-cubepinch_sb_propriodelta_s3,proprio.delta,cubepinch_sb_propriodelta_s3,3,det,83,47,80,0.5875,ok,3682863
pinch_sinusoid,pinch_sweep_size_rand_sinusoid-20260623-133237,TesolloCubePinch,TesolloCubePinch-20260623-165024-cubepinch_sb_propriodelta_s3,proprio.delta,cubepinch_sb_propriodelta_s3,3,det,84,56,80,0.7,ok,3682863
pinch_sinusoid,pinch_sweep_size_rand_sinusoid-20260623-133237,TesolloCubePinch,TesolloCubePinch-20260623-165024-cubepinch_sb_propriodelta_s3,proprio.delta,cubepinch_sb_propriodelta_s3,3,det,85,20,80,0.25,ok,3682863
pinch_sinusoid,pinch_sweep_size_rand_sinusoid-20260623-133237,TesolloCubePinch,TesolloCubePinch-20260623-165024-cubepinch_sb_propriodelta_s3,proprio.delta,cubepinch_sb_propriodelta_s3,3,det,86,47,80,0.5875,ok,3682863
pinch_sinusoid,pinch_sweep_size_rand_sinusoid-20260623-133237,TesolloCubePinch,TesolloCubePinch-20260623-165024-cubepinch_sb_propriodelta_s3,proprio.delta,cubepinch_sb_propriodelta_s3,3,det,87,62,80,0.775,ok,3682863
pinch_sinusoid,pinch_sweep_size_rand_sinusoid-20260623-133237,TesolloCubePinch,TesolloCubePinch-20260623-165024-cubepinch_sb_propriodelta_s3,proprio.delta,cubepinch_sb_propriodelta_s3,3,det,88,48,80,0.6,ok,3682863
pinch_sinusoid,pinch_sweep_size_rand_sinusoid-20260623-133237,TesolloCubePinch,TesolloCubePinch-20260623-165024-cubepinch_sb_propriodelta_s3,proprio.delta,cubepinch_sb_propriodelta_s3,3,det,89,39,80,0.4875,ok,3682863
pinch_sinusoid,pinch_sweep_size_rand_sinusoid-20260623-133237,TesolloCubePinch,TesolloCubePinch-20260623-165024-cubepinch_sb_propriodelta_s3,proprio.delta,cubepinch_sb_propriodelta_s3,3,det,90,53,80,0.6625,ok,3682863
pinch_sinusoid,pinch_sweep_size_rand_sinusoid-20260623-133237,TesolloCubePinch,TesolloCubePinch-20260623-165024-cubepinch_sb_propriodelta_s3,proprio.delta,cubepinch_sb_propriodelta_s3,3,det,91,31,80,0.3875,ok,3682863
pinch_sinusoid,pinch_sweep_size_rand_sinusoid-20260623-133237,TesolloCubePinch,TesolloCubePinch-20260623-165024-cubepinch_sb_propriodelta_s3,proprio.delta,cubepinch_sb_propriodelta_s3,3,det,92,52,80,0.65,ok,3682863
pinch_sinusoid,pinch_sweep_size_rand_sinusoid-20260623-133237,TesolloCubePinch,TesolloCubePinch-20260623-165024-cubepinch_sb_propriodelta_s3,proprio.delta,cubepinch_sb_propriodelta_s3,3,det,93,57,80,0.7125,ok,3682863
pinch_sinusoid,pinch_sweep_size_rand_sinusoid-20260623-133237,TesolloCubePinch,TesolloCubePinch-20260623-165024-cubepinch_sb_propriodelta_s3,proprio.delta,cubepinch_sb_propriodelta_s3,3,det,94,48,80,0.6,ok,3682863
pinch_sinusoid,pinch_sweep_size_rand_sinusoid-20260623-133237,TesolloCubePinch,TesolloCubePinch-20260623-165024-cubepinch_sb_propriodelta_s3,proprio.delta,cubepinch_sb_propriodelta_s3,3,det,95,39,80,0.4875,ok,3682863
pinch_sinusoid,pinch_sweep_size_rand_sinusoid-20260623-133237,TesolloCubePinch,TesolloCubePinch-20260623-165024-cubepinch_sb_propriodelta_s3,proprio.delta,cubepinch_sb_propriodelta_s3,3,det,96,47,80,0.5875,ok,3682863
pinch_sinusoid,pinch_sweep_size_rand_sinusoid-20260623-133237,TesolloCubePinch,TesolloCubePinch-20260623-165024-cubepinch_sb_propriodelta_s3,proprio.delta,cubepinch_sb_propriodelta_s3,3,det,97,39,80,0.4875,ok,3682863
pinch_sinusoid,pinch_sweep_size_rand_sinusoid-20260623-133237,TesolloCubePinch,TesolloCubePinch-20260623-165024-cubepinch_sb_propriodelta_s3,proprio.delta,cubepinch_sb_propriodelta_s3,3,det,98,49,80,0.6125,ok,3682863
pinch_sinusoid,pinch_sweep_size_rand_sinusoid-20260623-133237,TesolloCubePinch,TesolloCubePinch-20260623-165024-cubepinch_sb_propriodelta_s3,proprio.delta,cubepinch_sb_propriodelta_s3,3,det,99,47,80,0.5875,ok,3682863
pinch_sinusoid,pinch_sweep_size_rand_sinusoid-20260623-133237,TesolloCubePinch,TesolloCubePinch-20260623-145638-cubepinch_sb_propriotarget_s1,proprio.target,cubepinch_sb_propriotarget_s1,1,det,0,24,80,0.3,ok,3682863
pinch_sinusoid,pinch_sweep_size_rand_sinusoid-20260623-133237,TesolloCubePinch,TesolloCubePinch-20260623-145638-cubepinch_sb_propriotarget_s1,proprio.target,cubepinch_sb_propriotarget_s1,1,det,1,46,80,0.575,ok,3682863
pinch_sinusoid,pinch_sweep_size_rand_sinusoid-20260623-133237,TesolloCubePinch,TesolloCubePinch-20260623-145638-cubepinch_sb_propriotarget_s1,proprio.target,cubepinch_sb_propriotarget_s1,1,det,2,35,80,0.4375,ok,3682863
pinch_sinusoid,pinch_sweep_size_rand_sinusoid-20260623-133237,TesolloCubePinch,TesolloCubePinch-20260623-145638-cubepinch_sb_propriotarget_s1,proprio.target,cubepinch_sb_propriotarget_s1,1,det,3,41,80,0.5125,ok,3682863
pinch_sinusoid,pinch_sweep_size_rand_sinusoid-20260623-133237,TesolloCubePinch,TesolloCubePinch-20260623-145638-cubepinch_sb_propriotarget_s1,proprio.target,cubepinch_sb_propriotarget_s1,1,det,4,39,80,0.4875,ok,3682863
pinch_sinusoid,pinch_sweep_size_rand_sinusoid-20260623-133237,TesolloCubePinch,TesolloCubePinch-20260623-145638-cubepinch_sb_propriotarget_s1,proprio.target,cubepinch_sb_propriotarget_s1,1,det,5,31,80,0.3875,ok,3682863
pinch_sinusoid,pinch_sweep_size_rand_sinusoid-20260623-133237,TesolloCubePinch,TesolloCubePinch-20260623-145638-cubepinch_sb_propriotarget_s1,proprio.target,cubepinch_sb_propriotarget_s1,1,det,6,48,80,0.6,ok,3682863
pinch_sinusoid,pinch_sweep_size_rand_sinusoid-20260623-133237,TesolloCubePinch,TesolloCubePinch-20260623-145638-cubepinch_sb_propriotarget_s1,proprio.target,cubepinch_sb_propriotarget_s1,1,det,7,12,80,0.15,ok,3682863
pinch_sinusoid,pinch_sweep_size_rand_sinusoid-20260623-133237,TesolloCubePinch,TesolloCubePinch-20260623-145638-cubepinch_sb_propriotarget_s1,proprio.target,cubepinch_sb_propriotarget_s1,1,det,8,35,80,0.4375,ok,3682863
pinch_sinusoid,pinch_sweep_size_rand_sinusoid-20260623-133237,TesolloCubePinch,TesolloCubePinch-20260623-145638-cubepinch_sb_propriotarget_s1,proprio.target,cubepinch_sb_propriotarget_s1,1,det,9,31,80,0.3875,ok,3682863
pinch_sinusoid,pinch_sweep_size_rand_sinusoid-20260623-133237,TesolloCubePinch,TesolloCubePinch-20260623-145638-cubepinch_sb_propriotarget_s1,proprio.target,cubepinch_sb_propriotarget_s1,1,det,10,44,80,0.55,ok,3682863
pinch_sinusoid,pinch_sweep_size_rand_sinusoid-20260623-133237,TesolloCubePinch,TesolloCubePinch-20260623-145638-cubepinch_sb_propriotarget_s1,proprio.target,cubepinch_sb_propriotarget_s1,1,det,11,23,80,0.2875,ok,3682863
pinch_sinusoid,pinch_sweep_size_rand_sinusoid-20260623-133237,TesolloCubePinch,TesolloCubePinch-20260623-145638-cubepinch_sb_propriotarget_s1,proprio.target,cubepinch_sb_propriotarget_s1,1,det,12,44,80,0.55,ok,3682863
pinch_sinusoid,pinch_sweep_size_rand_sinusoid-20260623-133237,TesolloCubePinch,TesolloCubePinch-20260623-145638-cubepinch_sb_propriotarget_s1,proprio.target,cubepinch_sb_propriotarget_s1,1,det,13,35,80,0.4375,ok,3682863
pinch_sinusoid,pinch_sweep_size_rand_sinusoid-20260623-133237,TesolloCubePinch,TesolloCubePinch-20260623-145638-cubepinch_sb_propriotarget_s1,proprio.target,cubepinch_sb_propriotarget_s1,1,det,14,39,80,0.4875,ok,3682863
pinch_sinusoid,pinch_sweep_size_rand_sinusoid-20260623-133237,TesolloCubePinch,TesolloCubePinch-20260623-145638-cubepinch_sb_propriotarget_s1,proprio.target,cubepinch_sb_propriotarget_s1,1,det,15,33,80,0.4125,ok,3682863
pinch_sinusoid,pinch_sweep_size_rand_sinusoid-20260623-133237,TesolloCubePinch,TesolloCubePinch-20260623-145638-cubepinch_sb_propriotarget_s1,proprio.target,cubepinch_sb_propriotarget_s1,1,det,16,12,80,0.15,ok,3682863
pinch_sinusoid,pinch_sweep_size_rand_sinusoid-20260623-133237,TesolloCubePinch,TesolloCubePinch-20260623-145638-cubepinch_sb_propriotarget_s1,proprio.target,cubepinch_sb_propriotarget_s1,1,det,17,54,80,0.675,ok,3682863
pinch_sinusoid,pinch_sweep_size_rand_sinusoid-20260623-133237,TesolloCubePinch,TesolloCubePinch-20260623-145638-cubepinch_sb_propriotarget_s1,proprio.target,cubepinch_sb_propriotarget_s1,1,det,18,47,80,0.5875,ok,3682863
pinch_sinusoid,pinch_sweep_size_rand_sinusoid-20260623-133237,TesolloCubePinch,TesolloCubePinch-20260623-145638-cubepinch_sb_propriotarget_s1,proprio.target,cubepinch_sb_propriotarget_s1,1,det,19,32,80,0.4,ok,3682863
pinch_sinusoid,pinch_sweep_size_rand_sinusoid-20260623-133237,TesolloCubePinch,TesolloCubePinch-20260623-145638-cubepinch_sb_propriotarget_s1,proprio.target,cubepinch_sb_propriotarget_s1,1,det,20,38,80,0.475,ok,3682863
pinch_sinusoid,pinch_sweep_size_rand_sinusoid-20260623-133237,TesolloCubePinch,TesolloCubePinch-20260623-145638-cubepinch_sb_propriotarget_s1,proprio.target,cubepinch_sb_propriotarget_s1,1,det,21,31,80,0.3875,ok,3682863
pinch_sinusoid,pinch_sweep_size_rand_sinusoid-20260623-133237,TesolloCubePinch,TesolloCubePinch-20260623-145638-cubepinch_sb_propriotarget_s1,proprio.target,cubepinch_sb_propriotarget_s1,1,det,22,28,80,0.35,ok,3682863
pinch_sinusoid,pinch_sweep_size_rand_sinusoid-20260623-133237,TesolloCubePinch,TesolloCubePinch-20260623-145638-cubepinch_sb_propriotarget_s1,proprio.target,cubepinch_sb_propriotarget_s1,1,det,23,39,80,0.4875,ok,3682863
pinch_sinusoid,pinch_sweep_size_rand_sinusoid-20260623-133237,TesolloCubePinch,TesolloCubePinch-20260623-145638-cubepinch_sb_propriotarget_s1,proprio.target,cubepinch_sb_propriotarget_s1,1,det,24,27,80,0.3375,ok,3682863
pinch_sinusoid,pinch_sweep_size_rand_sinusoid-20260623-133237,TesolloCubePinch,TesolloCubePinch-20260623-145638-cubepinch_sb_propriotarget_s1,proprio.target,cubepinch_sb_propriotarget_s1,1,det,25,46,80,0.575,ok,3682863
pinch_sinusoid,pinch_sweep_size_rand_sinusoid-20260623-133237,TesolloCubePinch,TesolloCubePinch-20260623-145638-cubepinch_sb_propriotarget_s1,proprio.target,cubepinch_sb_propriotarget_s1,1,det,26,38,80,0.475,ok,3682863
pinch_sinusoid,pinch_sweep_size_rand_sinusoid-20260623-133237,TesolloCubePinch,TesolloCubePinch-20260623-145638-cubepinch_sb_propriotarget_s1,proprio.target,cubepinch_sb_propriotarget_s1,1,det,27,43,80,0.5375,ok,3682863
pinch_sinusoid,pinch_sweep_size_rand_sinusoid-20260623-133237,TesolloCubePinch,TesolloCubePinch-20260623-145638-cubepinch_sb_propriotarget_s1,proprio.target,cubepinch_sb_propriotarget_s1,1,det,28,28,80,0.35,ok,3682863
pinch_sinusoid,pinch_sweep_size_rand_sinusoid-20260623-133237,TesolloCubePinch,TesolloCubePinch-20260623-145638-cubepinch_sb_propriotarget_s1,proprio.target,cubepinch_sb_propriotarget_s1,1,det,29,40,80,0.5,ok,3682863
pinch_sinusoid,pinch_sweep_size_rand_sinusoid-20260623-133237,TesolloCubePinch,TesolloCubePinch-20260623-145638-cubepinch_sb_propriotarget_s1,proprio.target,cubepinch_sb_propriotarget_s1,1,det,30,48,80,0.6,ok,3682863
pinch_sinusoid,pinch_sweep_size_rand_sinusoid-20260623-133237,TesolloCubePinch,TesolloCubePinch-20260623-145638-cubepinch_sb_propriotarget_s1,proprio.target,cubepinch_sb_propriotarget_s1,1,det,31,26,80,0.325,ok,3682863
pinch_sinusoid,pinch_sweep_size_rand_sinusoid-20260623-133237,TesolloCubePinch,TesolloCubePinch-20260623-145638-cubepinch_sb_propriotarget_s1,proprio.target,cubepinch_sb_propriotarget_s1,1,det,32,57,80,0.7125,ok,3682863
pinch_sinusoid,pinch_sweep_size_rand_sinusoid-20260623-133237,TesolloCubePinch,TesolloCubePinch-20260623-145638-cubepinch_sb_propriotarget_s1,proprio.target,cubepinch_sb_propriotarget_s1,1,det,33,29,80,0.3625,ok,3682863
pinch_sinusoid,pinch_sweep_size_rand_sinusoid-20260623-133237,TesolloCubePinch,TesolloCubePinch-20260623-145638-cubepinch_sb_propriotarget_s1,proprio.target,cubepinch_sb_propriotarget_s1,1,det,34,43,80,0.5375,ok,3682863
pinch_sinusoid,pinch_sweep_size_rand_sinusoid-20260623-133237,TesolloCubePinch,TesolloCubePinch-20260623-145638-cubepinch_sb_propriotarget_s1,proprio.target,cubepinch_sb_propriotarget_s1,1,det,35,35,80,0.4375,ok,3682863
pinch_sinusoid,pinch_sweep_size_rand_sinusoid-20260623-133237,TesolloCubePinch,TesolloCubePinch-20260623-145638-cubepinch_sb_propriotarget_s1,proprio.target,cubepinch_sb_propriotarget_s1,1,det,36,37,80,0.4625,ok,3682863
pinch_sinusoid,pinch_sweep_size_rand_sinusoid-20260623-133237,TesolloCubePinch,TesolloCubePinch-20260623-145638-cubepinch_sb_propriotarget_s1,proprio.target,cubepinch_sb_propriotarget_s1,1,det,37,47,80,0.5875,ok,3682863
pinch_sinusoid,pinch_sweep_size_rand_sinusoid-20260623-133237,TesolloCubePinch,TesolloCubePinch-20260623-145638-cubepinch_sb_propriotarget_s1,proprio.target,cubepinch_sb_propriotarget_s1,1,det,38,31,80,0.3875,ok,3682863
pinch_sinusoid,pinch_sweep_size_rand_sinusoid-20260623-133237,TesolloCubePinch,TesolloCubePinch-20260623-145638-cubepinch_sb_propriotarget_s1,proprio.target,cubepinch_sb_propriotarget_s1,1,det,39,27,80,0.3375,ok,3682863
pinch_sinusoid,pinch_sweep_size_rand_sinusoid-20260623-133237,TesolloCubePinch,TesolloCubePinch-20260623-145638-cubepinch_sb_propriotarget_s1,proprio.target,cubepinch_sb_propriotarget_s1,1,det,40,43,80,0.5375,ok,3682863
pinch_sinusoid,pinch_sweep_size_rand_sinusoid-20260623-133237,TesolloCubePinch,TesolloCubePinch-20260623-145638-cubepinch_sb_propriotarget_s1,proprio.target,cubepinch_sb_propriotarget_s1,1,det,41,47,80,0.5875,ok,3682863
pinch_sinusoid,pinch_sweep_size_rand_sinusoid-20260623-133237,TesolloCubePinch,TesolloCubePinch-20260623-145638-cubepinch_sb_propriotarget_s1,proprio.target,cubepinch_sb_propriotarget_s1,1,det,42,33,80,0.4125,ok,3682863
pinch_sinusoid,pinch_sweep_size_rand_sinusoid-20260623-133237,TesolloCubePinch,TesolloCubePinch-20260623-145638-cubepinch_sb_propriotarget_s1,proprio.target,cubepinch_sb_propriotarget_s1,1,det,43,45,80,0.5625,ok,3682863
pinch_sinusoid,pinch_sweep_size_rand_sinusoid-20260623-133237,TesolloCubePinch,TesolloCubePinch-20260623-145638-cubepinch_sb_propriotarget_s1,proprio.target,cubepinch_sb_propriotarget_s1,1,det,44,36,80,0.45,ok,3682863
pinch_sinusoid,pinch_sweep_size_rand_sinusoid-20260623-133237,TesolloCubePinch,TesolloCubePinch-20260623-145638-cubepinch_sb_propriotarget_s1,proprio.target,cubepinch_sb_propriotarget_s1,1,det,45,49,80,0.6125,ok,3682863
pinch_sinusoid,pinch_sweep_size_rand_sinusoid-20260623-133237,TesolloCubePinch,TesolloCubePinch-20260623-145638-cubepinch_sb_propriotarget_s1,proprio.target,cubepinch_sb_propriotarget_s1,1,det,46,48,80,0.6,ok,3682863
pinch_sinusoid,pinch_sweep_size_rand_sinusoid-20260623-133237,TesolloCubePinch,TesolloCubePinch-20260623-145638-cubepinch_sb_propriotarget_s1,proprio.target,cubepinch_sb_propriotarget_s1,1,det,47,39,80,0.4875,ok,3682863
pinch_sinusoid,pinch_sweep_size_rand_sinusoid-20260623-133237,TesolloCubePinch,TesolloCubePinch-20260623-145638-cubepinch_sb_propriotarget_s1,proprio.target,cubepinch_sb_propriotarget_s1,1,det,48,40,80,0.5,ok,3682863
pinch_sinusoid,pinch_sweep_size_rand_sinusoid-20260623-133237,TesolloCubePinch,TesolloCubePinch-20260623-145638-cubepinch_sb_propriotarget_s1,proprio.target,cubepinch_sb_propriotarget_s1,1,det,49,31,80,0.3875,ok,3682863
pinch_sinusoid,pinch_sweep_size_rand_sinusoid-20260623-133237,TesolloCubePinch,TesolloCubePinch-20260623-145638-cubepinch_sb_propriotarget_s1,proprio.target,cubepinch_sb_propriotarget_s1,1,det,50,41,80,0.5125,ok,3682863
pinch_sinusoid,pinch_sweep_size_rand_sinusoid-20260623-133237,TesolloCubePinch,TesolloCubePinch-20260623-145638-cubepinch_sb_propriotarget_s1,proprio.target,cubepinch_sb_propriotarget_s1,1,det,51,40,80,0.5,ok,3682863
pinch_sinusoid,pinch_sweep_size_rand_sinusoid-20260623-133237,TesolloCubePinch,TesolloCubePinch-20260623-145638-cubepinch_sb_propriotarget_s1,proprio.target,cubepinch_sb_propriotarget_s1,1,det,52,47,80,0.5875,ok,3682863
pinch_sinusoid,pinch_sweep_size_rand_sinusoid-20260623-133237,TesolloCubePinch,TesolloCubePinch-20260623-145638-cubepinch_sb_propriotarget_s1,proprio.target,cubepinch_sb_propriotarget_s1,1,det,53,24,80,0.3,ok,3682863
pinch_sinusoid,pinch_sweep_size_rand_sinusoid-20260623-133237,TesolloCubePinch,TesolloCubePinch-20260623-145638-cubepinch_sb_propriotarget_s1,proprio.target,cubepinch_sb_propriotarget_s1,1,det,54,59,80,0.7375,ok,3682863
pinch_sinusoid,pinch_sweep_size_rand_sinusoid-20260623-133237,TesolloCubePinch,TesolloCubePinch-20260623-145638-cubepinch_sb_propriotarget_s1,proprio.target,cubepinch_sb_propriotarget_s1,1,det,55,39,80,0.4875,ok,3682863
pinch_sinusoid,pinch_sweep_size_rand_sinusoid-20260623-133237,TesolloCubePinch,TesolloCubePinch-20260623-145638-cubepinch_sb_propriotarget_s1,proprio.target,cubepinch_sb_propriotarget_s1,1,det,56,45,80,0.5625,ok,3682863
pinch_sinusoid,pinch_sweep_size_rand_sinusoid-20260623-133237,TesolloCubePinch,TesolloCubePinch-20260623-145638-cubepinch_sb_propriotarget_s1,proprio.target,cubepinch_sb_propriotarget_s1,1,det,57,51,80,0.6375,ok,3682863
pinch_sinusoid,pinch_sweep_size_rand_sinusoid-20260623-133237,TesolloCubePinch,TesolloCubePinch-20260623-145638-cubepinch_sb_propriotarget_s1,proprio.target,cubepinch_sb_propriotarget_s1,1,det,58,36,80,0.45,ok,3682863
pinch_sinusoid,pinch_sweep_size_rand_sinusoid-20260623-133237,TesolloCubePinch,TesolloCubePinch-20260623-145638-cubepinch_sb_propriotarget_s1,proprio.target,cubepinch_sb_propriotarget_s1,1,det,59,38,80,0.475,ok,3682863
pinch_sinusoid,pinch_sweep_size_rand_sinusoid-20260623-133237,TesolloCubePinch,TesolloCubePinch-20260623-145638-cubepinch_sb_propriotarget_s1,proprio.target,cubepinch_sb_propriotarget_s1,1,det,60,36,80,0.45,ok,3682863
pinch_sinusoid,pinch_sweep_size_rand_sinusoid-20260623-133237,TesolloCubePinch,TesolloCubePinch-20260623-145638-cubepinch_sb_propriotarget_s1,proprio.target,cubepinch_sb_propriotarget_s1,1,det,61,38,80,0.475,ok,3682863
pinch_sinusoid,pinch_sweep_size_rand_sinusoid-20260623-133237,TesolloCubePinch,TesolloCubePinch-20260623-145638-cubepinch_sb_propriotarget_s1,proprio.target,cubepinch_sb_propriotarget_s1,1,det,62,37,80,0.4625,ok,3682863
pinch_sinusoid,pinch_sweep_size_rand_sinusoid-20260623-133237,TesolloCubePinch,TesolloCubePinch-20260623-145638-cubepinch_sb_propriotarget_s1,proprio.target,cubepinch_sb_propriotarget_s1,1,det,63,48,80,0.6,ok,3682863
pinch_sinusoid,pinch_sweep_size_rand_sinusoid-20260623-133237,TesolloCubePinch,TesolloCubePinch-20260623-145638-cubepinch_sb_propriotarget_s1,proprio.target,cubepinch_sb_propriotarget_s1,1,det,64,33,80,0.4125,ok,3682863
pinch_sinusoid,pinch_sweep_size_rand_sinusoid-20260623-133237,TesolloCubePinch,TesolloCubePinch-20260623-145638-cubepinch_sb_propriotarget_s1,proprio.target,cubepinch_sb_propriotarget_s1,1,det,65,38,80,0.475,ok,3682863
pinch_sinusoid,pinch_sweep_size_rand_sinusoid-20260623-133237,TesolloCubePinch,TesolloCubePinch-20260623-145638-cubepinch_sb_propriotarget_s1,proprio.target,cubepinch_sb_propriotarget_s1,1,det,66,37,80,0.4625,ok,3682863
pinch_sinusoid,pinch_sweep_size_rand_sinusoid-20260623-133237,TesolloCubePinch,TesolloCubePinch-20260623-145638-cubepinch_sb_propriotarget_s1,proprio.target,cubepinch_sb_propriotarget_s1,1,det,67,43,80,0.5375,ok,3682863
pinch_sinusoid,pinch_sweep_size_rand_sinusoid-20260623-133237,TesolloCubePinch,TesolloCubePinch-20260623-145638-cubepinch_sb_propriotarget_s1,proprio.target,cubepinch_sb_propriotarget_s1,1,det,68,48,80,0.6,ok,3682863
pinch_sinusoid,pinch_sweep_size_rand_sinusoid-20260623-133237,TesolloCubePinch,TesolloCubePinch-20260623-145638-cubepinch_sb_propriotarget_s1,proprio.target,cubepinch_sb_propriotarget_s1,1,det,69,48,80,0.6,ok,3682863
pinch_sinusoid,pinch_sweep_size_rand_sinusoid-20260623-133237,TesolloCubePinch,TesolloCubePinch-20260623-145638-cubepinch_sb_propriotarget_s1,proprio.target,cubepinch_sb_propriotarget_s1,1,det,70,31,80,0.3875,ok,3682863
pinch_sinusoid,pinch_sweep_size_rand_sinusoid-20260623-133237,TesolloCubePinch,TesolloCubePinch-20260623-145638-cubepinch_sb_propriotarget_s1,proprio.target,cubepinch_sb_propriotarget_s1,1,det,71,31,80,0.3875,ok,3682863
pinch_sinusoid,pinch_sweep_size_rand_sinusoid-20260623-133237,TesolloCubePinch,TesolloCubePinch-20260623-145638-cubepinch_sb_propriotarget_s1,proprio.target,cubepinch_sb_propriotarget_s1,1,det,72,38,80,0.475,ok,3682863
pinch_sinusoid,pinch_sweep_size_rand_sinusoid-20260623-133237,TesolloCubePinch,TesolloCubePinch-20260623-145638-cubepinch_sb_propriotarget_s1,proprio.target,cubepinch_sb_propriotarget_s1,1,det,73,43,80,0.5375,ok,3682863
pinch_sinusoid,pinch_sweep_size_rand_sinusoid-20260623-133237,TesolloCubePinch,TesolloCubePinch-20260623-145638-cubepinch_sb_propriotarget_s1,proprio.target,cubepinch_sb_propriotarget_s1,1,det,74,36,80,0.45,ok,3682863
pinch_sinusoid,pinch_sweep_size_rand_sinusoid-20260623-133237,TesolloCubePinch,TesolloCubePinch-20260623-145638-cubepinch_sb_propriotarget_s1,proprio.target,cubepinch_sb_propriotarget_s1,1,det,75,38,80,0.475,ok,3682863
pinch_sinusoid,pinch_sweep_size_rand_sinusoid-20260623-133237,TesolloCubePinch,TesolloCubePinch-20260623-145638-cubepinch_sb_propriotarget_s1,proprio.target,cubepinch_sb_propriotarget_s1,1,det,76,46,80,0.575,ok,3682863
pinch_sinusoid,pinch_sweep_size_rand_sinusoid-20260623-133237,TesolloCubePinch,TesolloCubePinch-20260623-145638-cubepinch_sb_propriotarget_s1,proprio.target,cubepinch_sb_propriotarget_s1,1,det,77,57,80,0.7125,ok,3682863
pinch_sinusoid,pinch_sweep_size_rand_sinusoid-20260623-133237,TesolloCubePinch,TesolloCubePinch-20260623-145638-cubepinch_sb_propriotarget_s1,proprio.target,cubepinch_sb_propriotarget_s1,1,det,78,42,80,0.525,ok,3682863
pinch_sinusoid,pinch_sweep_size_rand_sinusoid-20260623-133237,TesolloCubePinch,TesolloCubePinch-20260623-145638-cubepinch_sb_propriotarget_s1,proprio.target,cubepinch_sb_propriotarget_s1,1,det,79,26,80,0.325,ok,3682863
pinch_sinusoid,pinch_sweep_size_rand_sinusoid-20260623-133237,TesolloCubePinch,TesolloCubePinch-20260623-145638-cubepinch_sb_propriotarget_s1,proprio.target,cubepinch_sb_propriotarget_s1,1,det,80,53,80,0.6625,ok,3682863
pinch_sinusoid,pinch_sweep_size_rand_sinusoid-20260623-133237,TesolloCubePinch,TesolloCubePinch-20260623-145638-cubepinch_sb_propriotarget_s1,proprio.target,cubepinch_sb_propriotarget_s1,1,det,81,32,80,0.4,ok,3682863
pinch_sinusoid,pinch_sweep_size_rand_sinusoid-20260623-133237,TesolloCubePinch,TesolloCubePinch-20260623-145638-cubepinch_sb_propriotarget_s1,proprio.target,cubepinch_sb_propriotarget_s1,1,det,82,31,80,0.3875,ok,3682863
pinch_sinusoid,pinch_sweep_size_rand_sinusoid-20260623-133237,TesolloCubePinch,TesolloCubePinch-20260623-145638-cubepinch_sb_propriotarget_s1,proprio.target,cubepinch_sb_propriotarget_s1,1,det,83,53,80,0.6625,ok,3682863
pinch_sinusoid,pinch_sweep_size_rand_sinusoid-20260623-133237,TesolloCubePinch,TesolloCubePinch-20260623-145638-cubepinch_sb_propriotarget_s1,proprio.target,cubepinch_sb_propriotarget_s1,1,det,84,41,80,0.5125,ok,3682863
pinch_sinusoid,pinch_sweep_size_rand_sinusoid-20260623-133237,TesolloCubePinch,TesolloCubePinch-20260623-145638-cubepinch_sb_propriotarget_s1,proprio.target,cubepinch_sb_propriotarget_s1,1,det,85,28,80,0.35,ok,3682863
pinch_sinusoid,pinch_sweep_size_rand_sinusoid-20260623-133237,TesolloCubePinch,TesolloCubePinch-20260623-145638-cubepinch_sb_propriotarget_s1,proprio.target,cubepinch_sb_propriotarget_s1,1,det,86,15,80,0.1875,ok,3682863
pinch_sinusoid,pinch_sweep_size_rand_sinusoid-20260623-133237,TesolloCubePinch,TesolloCubePinch-20260623-145638-cubepinch_sb_propriotarget_s1,proprio.target,cubepinch_sb_propriotarget_s1,1,det,87,33,80,0.4125,ok,3682863
pinch_sinusoid,pinch_sweep_size_rand_sinusoid-20260623-133237,TesolloCubePinch,TesolloCubePinch-20260623-145638-cubepinch_sb_propriotarget_s1,proprio.target,cubepinch_sb_propriotarget_s1,1,det,88,24,80,0.3,ok,3682863
pinch_sinusoid,pinch_sweep_size_rand_sinusoid-20260623-133237,TesolloCubePinch,TesolloCubePinch-20260623-145638-cubepinch_sb_propriotarget_s1,proprio.target,cubepinch_sb_propriotarget_s1,1,det,89,37,80,0.4625,ok,3682863
pinch_sinusoid,pinch_sweep_size_rand_sinusoid-20260623-133237,TesolloCubePinch,TesolloCubePinch-20260623-145638-cubepinch_sb_propriotarget_s1,proprio.target,cubepinch_sb_propriotarget_s1,1,det,90,50,80,0.625,ok,3682863
pinch_sinusoid,pinch_sweep_size_rand_sinusoid-20260623-133237,TesolloCubePinch,TesolloCubePinch-20260623-145638-cubepinch_sb_propriotarget_s1,proprio.target,cubepinch_sb_propriotarget_s1,1,det,91,37,80,0.4625,ok,3682863
pinch_sinusoid,pinch_sweep_size_rand_sinusoid-20260623-133237,TesolloCubePinch,TesolloCubePinch-20260623-145638-cubepinch_sb_propriotarget_s1,proprio.target,cubepinch_sb_propriotarget_s1,1,det,92,58,80,0.725,ok,3682863
pinch_sinusoid,pinch_sweep_size_rand_sinusoid-20260623-133237,TesolloCubePinch,TesolloCubePinch-20260623-145638-cubepinch_sb_propriotarget_s1,proprio.target,cubepinch_sb_propriotarget_s1,1,det,93,29,80,0.3625,ok,3682863
pinch_sinusoid,pinch_sweep_size_rand_sinusoid-20260623-133237,TesolloCubePinch,TesolloCubePinch-20260623-145638-cubepinch_sb_propriotarget_s1,proprio.target,cubepinch_sb_propriotarget_s1,1,det,94,35,80,0.4375,ok,3682863
pinch_sinusoid,pinch_sweep_size_rand_sinusoid-20260623-133237,TesolloCubePinch,TesolloCubePinch-20260623-145638-cubepinch_sb_propriotarget_s1,proprio.target,cubepinch_sb_propriotarget_s1,1,det,95,47,80,0.5875,ok,3682863
pinch_sinusoid,pinch_sweep_size_rand_sinusoid-20260623-133237,TesolloCubePinch,TesolloCubePinch-20260623-145638-cubepinch_sb_propriotarget_s1,proprio.target,cubepinch_sb_propriotarget_s1,1,det,96,38,80,0.475,ok,3682863
pinch_sinusoid,pinch_sweep_size_rand_sinusoid-20260623-133237,TesolloCubePinch,TesolloCubePinch-20260623-145638-cubepinch_sb_propriotarget_s1,proprio.target,cubepinch_sb_propriotarget_s1,1,det,97,37,80,0.4625,ok,3682863
pinch_sinusoid,pinch_sweep_size_rand_sinusoid-20260623-133237,TesolloCubePinch,TesolloCubePinch-20260623-145638-cubepinch_sb_propriotarget_s1,proprio.target,cubepinch_sb_propriotarget_s1,1,det,98,57,80,0.7125,ok,3682863
pinch_sinusoid,pinch_sweep_size_rand_sinusoid-20260623-133237,TesolloCubePinch,TesolloCubePinch-20260623-145638-cubepinch_sb_propriotarget_s1,proprio.target,cubepinch_sb_propriotarget_s1,1,det,99,47,80,0.5875,ok,3682863
pinch_sinusoid,pinch_sweep_size_rand_sinusoid-20260623-133237,TesolloCubePinch,TesolloCubePinch-20260623-151052-cubepinch_sb_propriotarget_s2,proprio.target,cubepinch_sb_propriotarget_s2,2,det,0,6,80,0.075,ok,3682863
pinch_sinusoid,pinch_sweep_size_rand_sinusoid-20260623-133237,TesolloCubePinch,TesolloCubePinch-20260623-151052-cubepinch_sb_propriotarget_s2,proprio.target,cubepinch_sb_propriotarget_s2,2,det,1,0,80,0.0,ok,3682863
pinch_sinusoid,pinch_sweep_size_rand_sinusoid-20260623-133237,TesolloCubePinch,TesolloCubePinch-20260623-151052-cubepinch_sb_propriotarget_s2,proprio.target,cubepinch_sb_propriotarget_s2,2,det,2,0,80,0.0,ok,3682863
pinch_sinusoid,pinch_sweep_size_rand_sinusoid-20260623-133237,TesolloCubePinch,TesolloCubePinch-20260623-151052-cubepinch_sb_propriotarget_s2,proprio.target,cubepinch_sb_propriotarget_s2,2,det,3,1,80,0.0125,ok,3682863
pinch_sinusoid,pinch_sweep_size_rand_sinusoid-20260623-133237,TesolloCubePinch,TesolloCubePinch-20260623-151052-cubepinch_sb_propriotarget_s2,proprio.target,cubepinch_sb_propriotarget_s2,2,det,4,1,80,0.0125,ok,3682863
pinch_sinusoid,pinch_sweep_size_rand_sinusoid-20260623-133237,TesolloCubePinch,TesolloCubePinch-20260623-151052-cubepinch_sb_propriotarget_s2,proprio.target,cubepinch_sb_propriotarget_s2,2,det,5,4,80,0.05,ok,3682863
pinch_sinusoid,pinch_sweep_size_rand_sinusoid-20260623-133237,TesolloCubePinch,TesolloCubePinch-20260623-151052-cubepinch_sb_propriotarget_s2,proprio.target,cubepinch_sb_propriotarget_s2,2,det,6,6,80,0.075,ok,3682863
pinch_sinusoid,pinch_sweep_size_rand_sinusoid-20260623-133237,TesolloCubePinch,TesolloCubePinch-20260623-151052-cubepinch_sb_propriotarget_s2,proprio.target,cubepinch_sb_propriotarget_s2,2,det,7,4,80,0.05,ok,3682863
pinch_sinusoid,pinch_sweep_size_rand_sinusoid-20260623-133237,TesolloCubePinch,TesolloCubePinch-20260623-151052-cubepinch_sb_propriotarget_s2,proprio.target,cubepinch_sb_propriotarget_s2,2,det,8,2,80,0.025,ok,3682863
pinch_sinusoid,pinch_sweep_size_rand_sinusoid-20260623-133237,TesolloCubePinch,TesolloCubePinch-20260623-151052-cubepinch_sb_propriotarget_s2,proprio.target,cubepinch_sb_propriotarget_s2,2,det,9,2,80,0.025,ok,3682863
pinch_sinusoid,pinch_sweep_size_rand_sinusoid-20260623-133237,TesolloCubePinch,TesolloCubePinch-20260623-151052-cubepinch_sb_propriotarget_s2,proprio.target,cubepinch_sb_propriotarget_s2,2,det,10,0,80,0.0,ok,3682863
pinch_sinusoid,pinch_sweep_size_rand_sinusoid-20260623-133237,TesolloCubePinch,TesolloCubePinch-20260623-151052-cubepinch_sb_propriotarget_s2,proprio.target,cubepinch_sb_propriotarget_s2,2,det,11,5,80,0.0625,ok,3682863
pinch_sinusoid,pinch_sweep_size_rand_sinusoid-20260623-133237,TesolloCubePinch,TesolloCubePinch-20260623-151052-cubepinch_sb_propriotarget_s2,proprio.target,cubepinch_sb_propriotarget_s2,2,det,12,7,80,0.0875,ok,3682863
pinch_sinusoid,pinch_sweep_size_rand_sinusoid-20260623-133237,TesolloCubePinch,TesolloCubePinch-20260623-151052-cubepinch_sb_propriotarget_s2,proprio.target,cubepinch_sb_propriotarget_s2,2,det,13,0,80,0.0,ok,3682863
pinch_sinusoid,pinch_sweep_size_rand_sinusoid-20260623-133237,TesolloCubePinch,TesolloCubePinch-20260623-151052-cubepinch_sb_propriotarget_s2,proprio.target,cubepinch_sb_propriotarget_s2,2,det,14,0,80,0.0,ok,3682863
pinch_sinusoid,pinch_sweep_size_rand_sinusoid-20260623-133237,TesolloCubePinch,TesolloCubePinch-20260623-151052-cubepinch_sb_propriotarget_s2,proprio.target,cubepinch_sb_propriotarget_s2,2,det,15,0,80,0.0,ok,3682863
pinch_sinusoid,pinch_sweep_size_rand_sinusoid-20260623-133237,TesolloCubePinch,TesolloCubePinch-20260623-151052-cubepinch_sb_propriotarget_s2,proprio.target,cubepinch_sb_propriotarget_s2,2,det,16,3,80,0.0375,ok,3682863
pinch_sinusoid,pinch_sweep_size_rand_sinusoid-20260623-133237,TesolloCubePinch,TesolloCubePinch-20260623-151052-cubepinch_sb_propriotarget_s2,proprio.target,cubepinch_sb_propriotarget_s2,2,det,17,3,80,0.0375,ok,3682863
pinch_sinusoid,pinch_sweep_size_rand_sinusoid-20260623-133237,TesolloCubePinch,TesolloCubePinch-20260623-151052-cubepinch_sb_propriotarget_s2,proprio.target,cubepinch_sb_propriotarget_s2,2,det,18,0,80,0.0,ok,3682863
pinch_sinusoid,pinch_sweep_size_rand_sinusoid-20260623-133237,TesolloCubePinch,TesolloCubePinch-20260623-151052-cubepinch_sb_propriotarget_s2,proprio.target,cubepinch_sb_propriotarget_s2,2,det,19,0,80,0.0,ok,3682863
pinch_sinusoid,pinch_sweep_size_rand_sinusoid-20260623-133237,TesolloCubePinch,TesolloCubePinch-20260623-151052-cubepinch_sb_propriotarget_s2,proprio.target,cubepinch_sb_propriotarget_s2,2,det,20,9,80,0.1125,ok,3682863
pinch_sinusoid,pinch_sweep_size_rand_sinusoid-20260623-133237,TesolloCubePinch,TesolloCubePinch-20260623-151052-cubepinch_sb_propriotarget_s2,proprio.target,cubepinch_sb_propriotarget_s2,2,det,21,3,80,0.0375,ok,3682863
pinch_sinusoid,pinch_sweep_size_rand_sinusoid-20260623-133237,TesolloCubePinch,TesolloCubePinch-20260623-151052-cubepinch_sb_propriotarget_s2,proprio.target,cubepinch_sb_propriotarget_s2,2,det,22,5,80,0.0625,ok,3682863
pinch_sinusoid,pinch_sweep_size_rand_sinusoid-20260623-133237,TesolloCubePinch,TesolloCubePinch-20260623-151052-cubepinch_sb_propriotarget_s2,proprio.target,cubepinch_sb_propriotarget_s2,2,det,23,2,80,0.025,ok,3682863
pinch_sinusoid,pinch_sweep_size_rand_sinusoid-20260623-133237,TesolloCubePinch,TesolloCubePinch-20260623-151052-cubepinch_sb_propriotarget_s2,proprio.target,cubepinch_sb_propriotarget_s2,2,det,24,11,80,0.1375,ok,3682863
pinch_sinusoid,pinch_sweep_size_rand_sinusoid-20260623-133237,TesolloCubePinch,TesolloCubePinch-20260623-151052-cubepinch_sb_propriotarget_s2,proprio.target,cubepinch_sb_propriotarget_s2,2,det,25,5,80,0.0625,ok,3682863
pinch_sinusoid,pinch_sweep_size_rand_sinusoid-20260623-133237,TesolloCubePinch,TesolloCubePinch-20260623-151052-cubepinch_sb_propriotarget_s2,proprio.target,cubepinch_sb_propriotarget_s2,2,det,26,7,80,0.0875,ok,3682863
pinch_sinusoid,pinch_sweep_size_rand_sinusoid-20260623-133237,TesolloCubePinch,TesolloCubePinch-20260623-151052-cubepinch_sb_propriotarget_s2,proprio.target,cubepinch_sb_propriotarget_s2,2,det,27,1,80,0.0125,ok,3682863
pinch_sinusoid,pinch_sweep_size_rand_sinusoid-20260623-133237,TesolloCubePinch,TesolloCubePinch-20260623-151052-cubepinch_sb_propriotarget_s2,proprio.target,cubepinch_sb_propriotarget_s2,2,det,28,2,80,0.025,ok,3682863
pinch_sinusoid,pinch_sweep_size_rand_sinusoid-20260623-133237,TesolloCubePinch,TesolloCubePinch-20260623-151052-cubepinch_sb_propriotarget_s2,proprio.target,cubepinch_sb_propriotarget_s2,2,det,29,7,80,0.0875,ok,3682863
pinch_sinusoid,pinch_sweep_size_rand_sinusoid-20260623-133237,TesolloCubePinch,TesolloCubePinch-20260623-151052-cubepinch_sb_propriotarget_s2,proprio.target,cubepinch_sb_propriotarget_s2,2,det,30,0,80,0.0,ok,3682863
pinch_sinusoid,pinch_sweep_size_rand_sinusoid-20260623-133237,TesolloCubePinch,TesolloCubePinch-20260623-151052-cubepinch_sb_propriotarget_s2,proprio.target,cubepinch_sb_propriotarget_s2,2,det,31,0,80,0.0,ok,3682863
pinch_sinusoid,pinch_sweep_size_rand_sinusoid-20260623-133237,TesolloCubePinch,TesolloCubePinch-20260623-151052-cubepinch_sb_propriotarget_s2,proprio.target,cubepinch_sb_propriotarget_s2,2,det,32,3,80,0.0375,ok,3682863
pinch_sinusoid,pinch_sweep_size_rand_sinusoid-20260623-133237,TesolloCubePinch,TesolloCubePinch-20260623-151052-cubepinch_sb_propriotarget_s2,proprio.target,cubepinch_sb_propriotarget_s2,2,det,33,0,80,0.0,ok,3682863
pinch_sinusoid,pinch_sweep_size_rand_sinusoid-20260623-133237,TesolloCubePinch,TesolloCubePinch-20260623-151052-cubepinch_sb_propriotarget_s2,proprio.target,cubepinch_sb_propriotarget_s2,2,det,34,3,80,0.0375,ok,3682863
pinch_sinusoid,pinch_sweep_size_rand_sinusoid-20260623-133237,TesolloCubePinch,TesolloCubePinch-20260623-151052-cubepinch_sb_propriotarget_s2,proprio.target,cubepinch_sb_propriotarget_s2,2,det,35,6,80,0.075,ok,3682863
pinch_sinusoid,pinch_sweep_size_rand_sinusoid-20260623-133237,TesolloCubePinch,TesolloCubePinch-20260623-151052-cubepinch_sb_propriotarget_s2,proprio.target,cubepinch_sb_propriotarget_s2,2,det,36,7,80,0.0875,ok,3682863
pinch_sinusoid,pinch_sweep_size_rand_sinusoid-20260623-133237,TesolloCubePinch,TesolloCubePinch-20260623-151052-cubepinch_sb_propriotarget_s2,proprio.target,cubepinch_sb_propriotarget_s2,2,det,37,6,80,0.075,ok,3682863
pinch_sinusoid,pinch_sweep_size_rand_sinusoid-20260623-133237,TesolloCubePinch,TesolloCubePinch-20260623-151052-cubepinch_sb_propriotarget_s2,proprio.target,cubepinch_sb_propriotarget_s2,2,det,38,6,80,0.075,ok,3682863
pinch_sinusoid,pinch_sweep_size_rand_sinusoid-20260623-133237,TesolloCubePinch,TesolloCubePinch-20260623-151052-cubepinch_sb_propriotarget_s2,proprio.target,cubepinch_sb_propriotarget_s2,2,det,39,8,80,0.1,ok,3682863
pinch_sinusoid,pinch_sweep_size_rand_sinusoid-20260623-133237,TesolloCubePinch,TesolloCubePinch-20260623-151052-cubepinch_sb_propriotarget_s2,proprio.target,cubepinch_sb_propriotarget_s2,2,det,40,0,80,0.0,ok,3682863
pinch_sinusoid,pinch_sweep_size_rand_sinusoid-20260623-133237,TesolloCubePinch,TesolloCubePinch-20260623-151052-cubepinch_sb_propriotarget_s2,proprio.target,cubepinch_sb_propriotarget_s2,2,det,41,6,80,0.075,ok,3682863
pinch_sinusoid,pinch_sweep_size_rand_sinusoid-20260623-133237,TesolloCubePinch,TesolloCubePinch-20260623-151052-cubepinch_sb_propriotarget_s2,proprio.target,cubepinch_sb_propriotarget_s2,2,det,42,7,80,0.0875,ok,3682863
pinch_sinusoid,pinch_sweep_size_rand_sinusoid-20260623-133237,TesolloCubePinch,TesolloCubePinch-20260623-151052-cubepinch_sb_propriotarget_s2,proprio.target,cubepinch_sb_propriotarget_s2,2,det,43,8,80,0.1,ok,3682863
pinch_sinusoid,pinch_sweep_size_rand_sinusoid-20260623-133237,TesolloCubePinch,TesolloCubePinch-20260623-151052-cubepinch_sb_propriotarget_s2,proprio.target,cubepinch_sb_propriotarget_s2,2,det,44,3,80,0.0375,ok,3682863
pinch_sinusoid,pinch_sweep_size_rand_sinusoid-20260623-133237,TesolloCubePinch,TesolloCubePinch-20260623-151052-cubepinch_sb_propriotarget_s2,proprio.target,cubepinch_sb_propriotarget_s2,2,det,45,2,80,0.025,ok,3682863
pinch_sinusoid,pinch_sweep_size_rand_sinusoid-20260623-133237,TesolloCubePinch,TesolloCubePinch-20260623-151052-cubepinch_sb_propriotarget_s2,proprio.target,cubepinch_sb_propriotarget_s2,2,det,46,3,80,0.0375,ok,3682863
pinch_sinusoid,pinch_sweep_size_rand_sinusoid-20260623-133237,TesolloCubePinch,TesolloCubePinch-20260623-151052-cubepinch_sb_propriotarget_s2,proprio.target,cubepinch_sb_propriotarget_s2,2,det,47,6,80,0.075,ok,3682863
pinch_sinusoid,pinch_sweep_size_rand_sinusoid-20260623-133237,TesolloCubePinch,TesolloCubePinch-20260623-151052-cubepinch_sb_propriotarget_s2,proprio.target,cubepinch_sb_propriotarget_s2,2,det,48,0,80,0.0,ok,3682863
pinch_sinusoid,pinch_sweep_size_rand_sinusoid-20260623-133237,TesolloCubePinch,TesolloCubePinch-20260623-151052-cubepinch_sb_propriotarget_s2,proprio.target,cubepinch_sb_propriotarget_s2,2,det,49,3,80,0.0375,ok,3682863
pinch_sinusoid,pinch_sweep_size_rand_sinusoid-20260623-133237,TesolloCubePinch,TesolloCubePinch-20260623-151052-cubepinch_sb_propriotarget_s2,proprio.target,cubepinch_sb_propriotarget_s2,2,det,50,6,80,0.075,ok,3682863
pinch_sinusoid,pinch_sweep_size_rand_sinusoid-20260623-133237,TesolloCubePinch,TesolloCubePinch-20260623-151052-cubepinch_sb_propriotarget_s2,proprio.target,cubepinch_sb_propriotarget_s2,2,det,51,7,80,0.0875,ok,3682863
pinch_sinusoid,pinch_sweep_size_rand_sinusoid-20260623-133237,TesolloCubePinch,TesolloCubePinch-20260623-151052-cubepinch_sb_propriotarget_s2,proprio.target,cubepinch_sb_propriotarget_s2,2,det,52,4,80,0.05,ok,3682863
pinch_sinusoid,pinch_sweep_size_rand_sinusoid-20260623-133237,TesolloCubePinch,TesolloCubePinch-20260623-151052-cubepinch_sb_propriotarget_s2,proprio.target,cubepinch_sb_propriotarget_s2,2,det,53,3,80,0.0375,ok,3682863
pinch_sinusoid,pinch_sweep_size_rand_sinusoid-20260623-133237,TesolloCubePinch,TesolloCubePinch-20260623-151052-cubepinch_sb_propriotarget_s2,proprio.target,cubepinch_sb_propriotarget_s2,2,det,54,10,80,0.125,ok,3682863
pinch_sinusoid,pinch_sweep_size_rand_sinusoid-20260623-133237,TesolloCubePinch,TesolloCubePinch-20260623-151052-cubepinch_sb_propriotarget_s2,proprio.target,cubepinch_sb_propriotarget_s2,2,det,55,0,80,0.0,ok,3682863
pinch_sinusoid,pinch_sweep_size_rand_sinusoid-20260623-133237,TesolloCubePinch,TesolloCubePinch-20260623-151052-cubepinch_sb_propriotarget_s2,proprio.target,cubepinch_sb_propriotarget_s2,2,det,56,4,80,0.05,ok,3682863
pinch_sinusoid,pinch_sweep_size_rand_sinusoid-20260623-133237,TesolloCubePinch,TesolloCubePinch-20260623-151052-cubepinch_sb_propriotarget_s2,proprio.target,cubepinch_sb_propriotarget_s2,2,det,57,0,80,0.0,ok,3682863
pinch_sinusoid,pinch_sweep_size_rand_sinusoid-20260623-133237,TesolloCubePinch,TesolloCubePinch-20260623-151052-cubepinch_sb_propriotarget_s2,proprio.target,cubepinch_sb_propriotarget_s2,2,det,58,0,80,0.0,ok,3682863
pinch_sinusoid,pinch_sweep_size_rand_sinusoid-20260623-133237,TesolloCubePinch,TesolloCubePinch-20260623-151052-cubepinch_sb_propriotarget_s2,proprio.target,cubepinch_sb_propriotarget_s2,2,det,59,8,80,0.1,ok,3682863
pinch_sinusoid,pinch_sweep_size_rand_sinusoid-20260623-133237,TesolloCubePinch,TesolloCubePinch-20260623-151052-cubepinch_sb_propriotarget_s2,proprio.target,cubepinch_sb_propriotarget_s2,2,det,60,0,80,0.0,ok,3682863
pinch_sinusoid,pinch_sweep_size_rand_sinusoid-20260623-133237,TesolloCubePinch,TesolloCubePinch-20260623-151052-cubepinch_sb_propriotarget_s2,proprio.target,cubepinch_sb_propriotarget_s2,2,det,61,0,80,0.0,ok,3682863
pinch_sinusoid,pinch_sweep_size_rand_sinusoid-20260623-133237,TesolloCubePinch,TesolloCubePinch-20260623-151052-cubepinch_sb_propriotarget_s2,proprio.target,cubepinch_sb_propriotarget_s2,2,det,62,4,80,0.05,ok,3682863
pinch_sinusoid,pinch_sweep_size_rand_sinusoid-20260623-133237,TesolloCubePinch,TesolloCubePinch-20260623-151052-cubepinch_sb_propriotarget_s2,proprio.target,cubepinch_sb_propriotarget_s2,2,det,63,5,80,0.0625,ok,3682863
pinch_sinusoid,pinch_sweep_size_rand_sinusoid-20260623-133237,TesolloCubePinch,TesolloCubePinch-20260623-151052-cubepinch_sb_propriotarget_s2,proprio.target,cubepinch_sb_propriotarget_s2,2,det,64,5,80,0.0625,ok,3682863
pinch_sinusoid,pinch_sweep_size_rand_sinusoid-20260623-133237,TesolloCubePinch,TesolloCubePinch-20260623-151052-cubepinch_sb_propriotarget_s2,proprio.target,cubepinch_sb_propriotarget_s2,2,det,65,11,80,0.1375,ok,3682863
pinch_sinusoid,pinch_sweep_size_rand_sinusoid-20260623-133237,TesolloCubePinch,TesolloCubePinch-20260623-151052-cubepinch_sb_propriotarget_s2,proprio.target,cubepinch_sb_propriotarget_s2,2,det,66,3,80,0.0375,ok,3682863
pinch_sinusoid,pinch_sweep_size_rand_sinusoid-20260623-133237,TesolloCubePinch,TesolloCubePinch-20260623-151052-cubepinch_sb_propriotarget_s2,proprio.target,cubepinch_sb_propriotarget_s2,2,det,67,0,80,0.0,ok,3682863
pinch_sinusoid,pinch_sweep_size_rand_sinusoid-20260623-133237,TesolloCubePinch,TesolloCubePinch-20260623-151052-cubepinch_sb_propriotarget_s2,proprio.target,cubepinch_sb_propriotarget_s2,2,det,68,7,80,0.0875,ok,3682863
pinch_sinusoid,pinch_sweep_size_rand_sinusoid-20260623-133237,TesolloCubePinch,TesolloCubePinch-20260623-151052-cubepinch_sb_propriotarget_s2,proprio.target,cubepinch_sb_propriotarget_s2,2,det,69,3,80,0.0375,ok,3682863
pinch_sinusoid,pinch_sweep_size_rand_sinusoid-20260623-133237,TesolloCubePinch,TesolloCubePinch-20260623-151052-cubepinch_sb_propriotarget_s2,proprio.target,cubepinch_sb_propriotarget_s2,2,det,70,6,80,0.075,ok,3682863
pinch_sinusoid,pinch_sweep_size_rand_sinusoid-20260623-133237,TesolloCubePinch,TesolloCubePinch-20260623-151052-cubepinch_sb_propriotarget_s2,proprio.target,cubepinch_sb_propriotarget_s2,2,det,71,3,80,0.0375,ok,3682863
pinch_sinusoid,pinch_sweep_size_rand_sinusoid-20260623-133237,TesolloCubePinch,TesolloCubePinch-20260623-151052-cubepinch_sb_propriotarget_s2,proprio.target,cubepinch_sb_propriotarget_s2,2,det,72,5,80,0.0625,ok,3682863
pinch_sinusoid,pinch_sweep_size_rand_sinusoid-20260623-133237,TesolloCubePinch,TesolloCubePinch-20260623-151052-cubepinch_sb_propriotarget_s2,proprio.target,cubepinch_sb_propriotarget_s2,2,det,73,9,80,0.1125,ok,3682863
pinch_sinusoid,pinch_sweep_size_rand_sinusoid-20260623-133237,TesolloCubePinch,TesolloCubePinch-20260623-151052-cubepinch_sb_propriotarget_s2,proprio.target,cubepinch_sb_propriotarget_s2,2,det,74,2,80,0.025,ok,3682863
pinch_sinusoid,pinch_sweep_size_rand_sinusoid-20260623-133237,TesolloCubePinch,TesolloCubePinch-20260623-151052-cubepinch_sb_propriotarget_s2,proprio.target,cubepinch_sb_propriotarget_s2,2,det,75,1,80,0.0125,ok,3682863
pinch_sinusoid,pinch_sweep_size_rand_sinusoid-20260623-133237,TesolloCubePinch,TesolloCubePinch-20260623-151052-cubepinch_sb_propriotarget_s2,proprio.target,cubepinch_sb_propriotarget_s2,2,det,76,4,80,0.05,ok,3682863
pinch_sinusoid,pinch_sweep_size_rand_sinusoid-20260623-133237,TesolloCubePinch,TesolloCubePinch-20260623-151052-cubepinch_sb_propriotarget_s2,proprio.target,cubepinch_sb_propriotarget_s2,2,det,77,2,80,0.025,ok,3682863
pinch_sinusoid,pinch_sweep_size_rand_sinusoid-20260623-133237,TesolloCubePinch,TesolloCubePinch-20260623-151052-cubepinch_sb_propriotarget_s2,proprio.target,cubepinch_sb_propriotarget_s2,2,det,78,2,80,0.025,ok,3682863
pinch_sinusoid,pinch_sweep_size_rand_sinusoid-20260623-133237,TesolloCubePinch,TesolloCubePinch-20260623-151052-cubepinch_sb_propriotarget_s2,proprio.target,cubepinch_sb_propriotarget_s2,2,det,79,6,80,0.075,ok,3682863
pinch_sinusoid,pinch_sweep_size_rand_sinusoid-20260623-133237,TesolloCubePinch,TesolloCubePinch-20260623-151052-cubepinch_sb_propriotarget_s2,proprio.target,cubepinch_sb_propriotarget_s2,2,det,80,6,80,0.075,ok,3682863
pinch_sinusoid,pinch_sweep_size_rand_sinusoid-20260623-133237,TesolloCubePinch,TesolloCubePinch-20260623-151052-cubepinch_sb_propriotarget_s2,proprio.target,cubepinch_sb_propriotarget_s2,2,det,81,5,80,0.0625,ok,3682863
pinch_sinusoid,pinch_sweep_size_rand_sinusoid-20260623-133237,TesolloCubePinch,TesolloCubePinch-20260623-151052-cubepinch_sb_propriotarget_s2,proprio.target,cubepinch_sb_propriotarget_s2,2,det,82,0,80,0.0,ok,3682863
pinch_sinusoid,pinch_sweep_size_rand_sinusoid-20260623-133237,TesolloCubePinch,TesolloCubePinch-20260623-151052-cubepinch_sb_propriotarget_s2,proprio.target,cubepinch_sb_propriotarget_s2,2,det,83,0,80,0.0,ok,3682863
pinch_sinusoid,pinch_sweep_size_rand_sinusoid-20260623-133237,TesolloCubePinch,TesolloCubePinch-20260623-151052-cubepinch_sb_propriotarget_s2,proprio.target,cubepinch_sb_propriotarget_s2,2,det,84,11,80,0.1375,ok,3682863
pinch_sinusoid,pinch_sweep_size_rand_sinusoid-20260623-133237,TesolloCubePinch,TesolloCubePinch-20260623-151052-cubepinch_sb_propriotarget_s2,proprio.target,cubepinch_sb_propriotarget_s2,2,det,85,0,80,0.0,ok,3682863
pinch_sinusoid,pinch_sweep_size_rand_sinusoid-20260623-133237,TesolloCubePinch,TesolloCubePinch-20260623-151052-cubepinch_sb_propriotarget_s2,proprio.target,cubepinch_sb_propriotarget_s2,2,det,86,4,80,0.05,ok,3682863
pinch_sinusoid,pinch_sweep_size_rand_sinusoid-20260623-133237,TesolloCubePinch,TesolloCubePinch-20260623-151052-cubepinch_sb_propriotarget_s2,proprio.target,cubepinch_sb_propriotarget_s2,2,det,87,6,80,0.075,ok,3682863
pinch_sinusoid,pinch_sweep_size_rand_sinusoid-20260623-133237,TesolloCubePinch,TesolloCubePinch-20260623-151052-cubepinch_sb_propriotarget_s2,proprio.target,cubepinch_sb_propriotarget_s2,2,det,88,6,80,0.075,ok,3682863
pinch_sinusoid,pinch_sweep_size_rand_sinusoid-20260623-133237,TesolloCubePinch,TesolloCubePinch-20260623-151052-cubepinch_sb_propriotarget_s2,proprio.target,cubepinch_sb_propriotarget_s2,2,det,89,0,80,0.0,ok,3682863
pinch_sinusoid,pinch_sweep_size_rand_sinusoid-20260623-133237,TesolloCubePinch,TesolloCubePinch-20260623-151052-cubepinch_sb_propriotarget_s2,proprio.target,cubepinch_sb_propriotarget_s2,2,det,90,3,80,0.0375,ok,3682863
pinch_sinusoid,pinch_sweep_size_rand_sinusoid-20260623-133237,TesolloCubePinch,TesolloCubePinch-20260623-151052-cubepinch_sb_propriotarget_s2,proprio.target,cubepinch_sb_propriotarget_s2,2,det,91,4,80,0.05,ok,3682863
pinch_sinusoid,pinch_sweep_size_rand_sinusoid-20260623-133237,TesolloCubePinch,TesolloCubePinch-20260623-151052-cubepinch_sb_propriotarget_s2,proprio.target,cubepinch_sb_propriotarget_s2,2,det,92,4,80,0.05,ok,3682863
pinch_sinusoid,pinch_sweep_size_rand_sinusoid-20260623-133237,TesolloCubePinch,TesolloCubePinch-20260623-151052-cubepinch_sb_propriotarget_s2,proprio.target,cubepinch_sb_propriotarget_s2,2,det,93,4,80,0.05,ok,3682863
pinch_sinusoid,pinch_sweep_size_rand_sinusoid-20260623-133237,TesolloCubePinch,TesolloCubePinch-20260623-151052-cubepinch_sb_propriotarget_s2,proprio.target,cubepinch_sb_propriotarget_s2,2,det,94,2,80,0.025,ok,3682863
pinch_sinusoid,pinch_sweep_size_rand_sinusoid-20260623-133237,TesolloCubePinch,TesolloCubePinch-20260623-151052-cubepinch_sb_propriotarget_s2,proprio.target,cubepinch_sb_propriotarget_s2,2,det,95,5,80,0.0625,ok,3682863
pinch_sinusoid,pinch_sweep_size_rand_sinusoid-20260623-133237,TesolloCubePinch,TesolloCubePinch-20260623-151052-cubepinch_sb_propriotarget_s2,proprio.target,cubepinch_sb_propriotarget_s2,2,det,96,0,80,0.0,ok,3682863
pinch_sinusoid,pinch_sweep_size_rand_sinusoid-20260623-133237,TesolloCubePinch,TesolloCubePinch-20260623-151052-cubepinch_sb_propriotarget_s2,proprio.target,cubepinch_sb_propriotarget_s2,2,det,97,2,80,0.025,ok,3682863
pinch_sinusoid,pinch_sweep_size_rand_sinusoid-20260623-133237,TesolloCubePinch,TesolloCubePinch-20260623-151052-cubepinch_sb_propriotarget_s2,proprio.target,cubepinch_sb_propriotarget_s2,2,det,98,0,80,0.0,ok,3682863
pinch_sinusoid,pinch_sweep_size_rand_sinusoid-20260623-133237,TesolloCubePinch,TesolloCubePinch-20260623-151052-cubepinch_sb_propriotarget_s2,proprio.target,cubepinch_sb_propriotarget_s2,2,det,99,3,80,0.0375,ok,3682863
pinch_sinusoid,pinch_sweep_size_rand_sinusoid-20260623-133237,TesolloCubePinch,TesolloCubePinch-20260623-152507-cubepinch_sb_propriotarget_s3,proprio.target,cubepinch_sb_propriotarget_s3,3,det,0,25,80,0.3125,ok,3682863
pinch_sinusoid,pinch_sweep_size_rand_sinusoid-20260623-133237,TesolloCubePinch,TesolloCubePinch-20260623-152507-cubepinch_sb_propriotarget_s3,proprio.target,cubepinch_sb_propriotarget_s3,3,det,1,36,80,0.45,ok,3682863
pinch_sinusoid,pinch_sweep_size_rand_sinusoid-20260623-133237,TesolloCubePinch,TesolloCubePinch-20260623-152507-cubepinch_sb_propriotarget_s3,proprio.target,cubepinch_sb_propriotarget_s3,3,det,2,33,80,0.4125,ok,3682863
pinch_sinusoid,pinch_sweep_size_rand_sinusoid-20260623-133237,TesolloCubePinch,TesolloCubePinch-20260623-152507-cubepinch_sb_propriotarget_s3,proprio.target,cubepinch_sb_propriotarget_s3,3,det,3,28,80,0.35,ok,3682863
pinch_sinusoid,pinch_sweep_size_rand_sinusoid-20260623-133237,TesolloCubePinch,TesolloCubePinch-20260623-152507-cubepinch_sb_propriotarget_s3,proprio.target,cubepinch_sb_propriotarget_s3,3,det,4,31,80,0.3875,ok,3682863
pinch_sinusoid,pinch_sweep_size_rand_sinusoid-20260623-133237,TesolloCubePinch,TesolloCubePinch-20260623-152507-cubepinch_sb_propriotarget_s3,proprio.target,cubepinch_sb_propriotarget_s3,3,det,5,30,80,0.375,ok,3682863
pinch_sinusoid,pinch_sweep_size_rand_sinusoid-20260623-133237,TesolloCubePinch,TesolloCubePinch-20260623-152507-cubepinch_sb_propriotarget_s3,proprio.target,cubepinch_sb_propriotarget_s3,3,det,6,48,80,0.6,ok,3682863
pinch_sinusoid,pinch_sweep_size_rand_sinusoid-20260623-133237,TesolloCubePinch,TesolloCubePinch-20260623-152507-cubepinch_sb_propriotarget_s3,proprio.target,cubepinch_sb_propriotarget_s3,3,det,7,29,80,0.3625,ok,3682863
pinch_sinusoid,pinch_sweep_size_rand_sinusoid-20260623-133237,TesolloCubePinch,TesolloCubePinch-20260623-152507-cubepinch_sb_propriotarget_s3,proprio.target,cubepinch_sb_propriotarget_s3,3,det,8,46,80,0.575,ok,3682863
pinch_sinusoid,pinch_sweep_size_rand_sinusoid-20260623-133237,TesolloCubePinch,TesolloCubePinch-20260623-152507-cubepinch_sb_propriotarget_s3,proprio.target,cubepinch_sb_propriotarget_s3,3,det,9,35,80,0.4375,ok,3682863
pinch_sinusoid,pinch_sweep_size_rand_sinusoid-20260623-133237,TesolloCubePinch,TesolloCubePinch-20260623-152507-cubepinch_sb_propriotarget_s3,proprio.target,cubepinch_sb_propriotarget_s3,3,det,10,52,80,0.65,ok,3682863
pinch_sinusoid,pinch_sweep_size_rand_sinusoid-20260623-133237,TesolloCubePinch,TesolloCubePinch-20260623-152507-cubepinch_sb_propriotarget_s3,proprio.target,cubepinch_sb_propriotarget_s3,3,det,11,38,80,0.475,ok,3682863
pinch_sinusoid,pinch_sweep_size_rand_sinusoid-20260623-133237,TesolloCubePinch,TesolloCubePinch-20260623-152507-cubepinch_sb_propriotarget_s3,proprio.target,cubepinch_sb_propriotarget_s3,3,det,12,13,80,0.1625,ok,3682863
pinch_sinusoid,pinch_sweep_size_rand_sinusoid-20260623-133237,TesolloCubePinch,TesolloCubePinch-20260623-152507-cubepinch_sb_propriotarget_s3,proprio.target,cubepinch_sb_propriotarget_s3,3,det,13,32,80,0.4,ok,3682863
pinch_sinusoid,pinch_sweep_size_rand_sinusoid-20260623-133237,TesolloCubePinch,TesolloCubePinch-20260623-152507-cubepinch_sb_propriotarget_s3,proprio.target,cubepinch_sb_propriotarget_s3,3,det,14,35,80,0.4375,ok,3682863
pinch_sinusoid,pinch_sweep_size_rand_sinusoid-20260623-133237,TesolloCubePinch,TesolloCubePinch-20260623-152507-cubepinch_sb_propriotarget_s3,proprio.target,cubepinch_sb_propriotarget_s3,3,det,15,38,80,0.475,ok,3682863
pinch_sinusoid,pinch_sweep_size_rand_sinusoid-20260623-133237,TesolloCubePinch,TesolloCubePinch-20260623-152507-cubepinch_sb_propriotarget_s3,proprio.target,cubepinch_sb_propriotarget_s3,3,det,16,30,80,0.375,ok,3682863
pinch_sinusoid,pinch_sweep_size_rand_sinusoid-20260623-133237,TesolloCubePinch,TesolloCubePinch-20260623-152507-cubepinch_sb_propriotarget_s3,proprio.target,cubepinch_sb_propriotarget_s3,3,det,17,32,80,0.4,ok,3682863
pinch_sinusoid,pinch_sweep_size_rand_sinusoid-20260623-133237,TesolloCubePinch,TesolloCubePinch-20260623-152507-cubepinch_sb_propriotarget_s3,proprio.target,cubepinch_sb_propriotarget_s3,3,det,18,43,80,0.5375,ok,3682863
pinch_sinusoid,pinch_sweep_size_rand_sinusoid-20260623-133237,TesolloCubePinch,TesolloCubePinch-20260623-152507-cubepinch_sb_propriotarget_s3,proprio.target,cubepinch_sb_propriotarget_s3,3,det,19,31,80,0.3875,ok,3682863
pinch_sinusoid,pinch_sweep_size_rand_sinusoid-20260623-133237,TesolloCubePinch,TesolloCubePinch-20260623-152507-cubepinch_sb_propriotarget_s3,proprio.target,cubepinch_sb_propriotarget_s3,3,det,20,38,80,0.475,ok,3682863
pinch_sinusoid,pinch_sweep_size_rand_sinusoid-20260623-133237,TesolloCubePinch,TesolloCubePinch-20260623-152507-cubepinch_sb_propriotarget_s3,proprio.target,cubepinch_sb_propriotarget_s3,3,det,21,15,80,0.1875,ok,3682863
pinch_sinusoid,pinch_sweep_size_rand_sinusoid-20260623-133237,TesolloCubePinch,TesolloCubePinch-20260623-152507-cubepinch_sb_propriotarget_s3,proprio.target,cubepinch_sb_propriotarget_s3,3,det,22,30,80,0.375,ok,3682863
pinch_sinusoid,pinch_sweep_size_rand_sinusoid-20260623-133237,TesolloCubePinch,TesolloCubePinch-20260623-152507-cubepinch_sb_propriotarget_s3,proprio.target,cubepinch_sb_propriotarget_s3,3,det,23,41,80,0.5125,ok,3682863
pinch_sinusoid,pinch_sweep_size_rand_sinusoid-20260623-133237,TesolloCubePinch,TesolloCubePinch-20260623-152507-cubepinch_sb_propriotarget_s3,proprio.target,cubepinch_sb_propriotarget_s3,3,det,24,35,80,0.4375,ok,3682863
pinch_sinusoid,pinch_sweep_size_rand_sinusoid-20260623-133237,TesolloCubePinch,TesolloCubePinch-20260623-152507-cubepinch_sb_propriotarget_s3,proprio.target,cubepinch_sb_propriotarget_s3,3,det,25,38,80,0.475,ok,3682863
pinch_sinusoid,pinch_sweep_size_rand_sinusoid-20260623-133237,TesolloCubePinch,TesolloCubePinch-20260623-152507-cubepinch_sb_propriotarget_s3,proprio.target,cubepinch_sb_propriotarget_s3,3,det,26,39,80,0.4875,ok,3682863
pinch_sinusoid,pinch_sweep_size_rand_sinusoid-20260623-133237,TesolloCubePinch,TesolloCubePinch-20260623-152507-cubepinch_sb_propriotarget_s3,proprio.target,cubepinch_sb_propriotarget_s3,3,det,27,33,80,0.4125,ok,3682863
pinch_sinusoid,pinch_sweep_size_rand_sinusoid-20260623-133237,TesolloCubePinch,TesolloCubePinch-20260623-152507-cubepinch_sb_propriotarget_s3,proprio.target,cubepinch_sb_propriotarget_s3,3,det,28,40,80,0.5,ok,3682863
pinch_sinusoid,pinch_sweep_size_rand_sinusoid-20260623-133237,TesolloCubePinch,TesolloCubePinch-20260623-152507-cubepinch_sb_propriotarget_s3,proprio.target,cubepinch_sb_propriotarget_s3,3,det,29,30,80,0.375,ok,3682863
pinch_sinusoid,pinch_sweep_size_rand_sinusoid-20260623-133237,TesolloCubePinch,TesolloCubePinch-20260623-152507-cubepinch_sb_propriotarget_s3,proprio.target,cubepinch_sb_propriotarget_s3,3,det,30,34,80,0.425,ok,3682863
pinch_sinusoid,pinch_sweep_size_rand_sinusoid-20260623-133237,TesolloCubePinch,TesolloCubePinch-20260623-152507-cubepinch_sb_propriotarget_s3,proprio.target,cubepinch_sb_propriotarget_s3,3,det,31,43,80,0.5375,ok,3682863
pinch_sinusoid,pinch_sweep_size_rand_sinusoid-20260623-133237,TesolloCubePinch,TesolloCubePinch-20260623-152507-cubepinch_sb_propriotarget_s3,proprio.target,cubepinch_sb_propriotarget_s3,3,det,32,39,80,0.4875,ok,3682863
pinch_sinusoid,pinch_sweep_size_rand_sinusoid-20260623-133237,TesolloCubePinch,TesolloCubePinch-20260623-152507-cubepinch_sb_propriotarget_s3,proprio.target,cubepinch_sb_propriotarget_s3,3,det,33,27,80,0.3375,ok,3682863
pinch_sinusoid,pinch_sweep_size_rand_sinusoid-20260623-133237,TesolloCubePinch,TesolloCubePinch-20260623-152507-cubepinch_sb_propriotarget_s3,proprio.target,cubepinch_sb_propriotarget_s3,3,det,34,14,80,0.175,ok,3682863
pinch_sinusoid,pinch_sweep_size_rand_sinusoid-20260623-133237,TesolloCubePinch,TesolloCubePinch-20260623-152507-cubepinch_sb_propriotarget_s3,proprio.target,cubepinch_sb_propriotarget_s3,3,det,35,18,80,0.225,ok,3682863
pinch_sinusoid,pinch_sweep_size_rand_sinusoid-20260623-133237,TesolloCubePinch,TesolloCubePinch-20260623-152507-cubepinch_sb_propriotarget_s3,proprio.target,cubepinch_sb_propriotarget_s3,3,det,36,52,80,0.65,ok,3682863
pinch_sinusoid,pinch_sweep_size_rand_sinusoid-20260623-133237,TesolloCubePinch,TesolloCubePinch-20260623-152507-cubepinch_sb_propriotarget_s3,proprio.target,cubepinch_sb_propriotarget_s3,3,det,37,33,80,0.4125,ok,3682863
pinch_sinusoid,pinch_sweep_size_rand_sinusoid-20260623-133237,TesolloCubePinch,TesolloCubePinch-20260623-152507-cubepinch_sb_propriotarget_s3,proprio.target,cubepinch_sb_propriotarget_s3,3,det,38,49,80,0.6125,ok,3682863
pinch_sinusoid,pinch_sweep_size_rand_sinusoid-20260623-133237,TesolloCubePinch,TesolloCubePinch-20260623-152507-cubepinch_sb_propriotarget_s3,proprio.target,cubepinch_sb_propriotarget_s3,3,det,39,39,80,0.4875,ok,3682863
pinch_sinusoid,pinch_sweep_size_rand_sinusoid-20260623-133237,TesolloCubePinch,TesolloCubePinch-20260623-152507-cubepinch_sb_propriotarget_s3,proprio.target,cubepinch_sb_propriotarget_s3,3,det,40,34,80,0.425,ok,3682863
pinch_sinusoid,pinch_sweep_size_rand_sinusoid-20260623-133237,TesolloCubePinch,TesolloCubePinch-20260623-152507-cubepinch_sb_propriotarget_s3,proprio.target,cubepinch_sb_propriotarget_s3,3,det,41,27,80,0.3375,ok,3682863
pinch_sinusoid,pinch_sweep_size_rand_sinusoid-20260623-133237,TesolloCubePinch,TesolloCubePinch-20260623-152507-cubepinch_sb_propriotarget_s3,proprio.target,cubepinch_sb_propriotarget_s3,3,det,42,38,80,0.475,ok,3682863
pinch_sinusoid,pinch_sweep_size_rand_sinusoid-20260623-133237,TesolloCubePinch,TesolloCubePinch-20260623-152507-cubepinch_sb_propriotarget_s3,proprio.target,cubepinch_sb_propriotarget_s3,3,det,43,46,80,0.575,ok,3682863
pinch_sinusoid,pinch_sweep_size_rand_sinusoid-20260623-133237,TesolloCubePinch,TesolloCubePinch-20260623-152507-cubepinch_sb_propriotarget_s3,proprio.target,cubepinch_sb_propriotarget_s3,3,det,44,24,80,0.3,ok,3682863
pinch_sinusoid,pinch_sweep_size_rand_sinusoid-20260623-133237,TesolloCubePinch,TesolloCubePinch-20260623-152507-cubepinch_sb_propriotarget_s3,proprio.target,cubepinch_sb_propriotarget_s3,3,det,45,42,80,0.525,ok,3682863
pinch_sinusoid,pinch_sweep_size_rand_sinusoid-20260623-133237,TesolloCubePinch,TesolloCubePinch-20260623-152507-cubepinch_sb_propriotarget_s3,proprio.target,cubepinch_sb_propriotarget_s3,3,det,46,40,80,0.5,ok,3682863
pinch_sinusoid,pinch_sweep_size_rand_sinusoid-20260623-133237,TesolloCubePinch,TesolloCubePinch-20260623-152507-cubepinch_sb_propriotarget_s3,proprio.target,cubepinch_sb_propriotarget_s3,3,det,47,29,80,0.3625,ok,3682863
pinch_sinusoid,pinch_sweep_size_rand_sinusoid-20260623-133237,TesolloCubePinch,TesolloCubePinch-20260623-152507-cubepinch_sb_propriotarget_s3,proprio.target,cubepinch_sb_propriotarget_s3,3,det,48,39,80,0.4875,ok,3682863
pinch_sinusoid,pinch_sweep_size_rand_sinusoid-20260623-133237,TesolloCubePinch,TesolloCubePinch-20260623-152507-cubepinch_sb_propriotarget_s3,proprio.target,cubepinch_sb_propriotarget_s3,3,det,49,32,80,0.4,ok,3682863
pinch_sinusoid,pinch_sweep_size_rand_sinusoid-20260623-133237,TesolloCubePinch,TesolloCubePinch-20260623-152507-cubepinch_sb_propriotarget_s3,proprio.target,cubepinch_sb_propriotarget_s3,3,det,50,39,80,0.4875,ok,3682863
pinch_sinusoid,pinch_sweep_size_rand_sinusoid-20260623-133237,TesolloCubePinch,TesolloCubePinch-20260623-152507-cubepinch_sb_propriotarget_s3,proprio.target,cubepinch_sb_propriotarget_s3,3,det,51,36,80,0.45,ok,3682863
pinch_sinusoid,pinch_sweep_size_rand_sinusoid-20260623-133237,TesolloCubePinch,TesolloCubePinch-20260623-152507-cubepinch_sb_propriotarget_s3,proprio.target,cubepinch_sb_propriotarget_s3,3,det,52,37,80,0.4625,ok,3682863
pinch_sinusoid,pinch_sweep_size_rand_sinusoid-20260623-133237,TesolloCubePinch,TesolloCubePinch-20260623-152507-cubepinch_sb_propriotarget_s3,proprio.target,cubepinch_sb_propriotarget_s3,3,det,53,38,80,0.475,ok,3682863
pinch_sinusoid,pinch_sweep_size_rand_sinusoid-20260623-133237,TesolloCubePinch,TesolloCubePinch-20260623-152507-cubepinch_sb_propriotarget_s3,proprio.target,cubepinch_sb_propriotarget_s3,3,det,54,32,80,0.4,ok,3682863
pinch_sinusoid,pinch_sweep_size_rand_sinusoid-20260623-133237,TesolloCubePinch,TesolloCubePinch-20260623-152507-cubepinch_sb_propriotarget_s3,proprio.target,cubepinch_sb_propriotarget_s3,3,det,55,39,80,0.4875,ok,3682863
pinch_sinusoid,pinch_sweep_size_rand_sinusoid-20260623-133237,TesolloCubePinch,TesolloCubePinch-20260623-152507-cubepinch_sb_propriotarget_s3,proprio.target,cubepinch_sb_propriotarget_s3,3,det,56,41,80,0.5125,ok,3682863
pinch_sinusoid,pinch_sweep_size_rand_sinusoid-20260623-133237,TesolloCubePinch,TesolloCubePinch-20260623-152507-cubepinch_sb_propriotarget_s3,proprio.target,cubepinch_sb_propriotarget_s3,3,det,57,39,80,0.4875,ok,3682863
pinch_sinusoid,pinch_sweep_size_rand_sinusoid-20260623-133237,TesolloCubePinch,TesolloCubePinch-20260623-152507-cubepinch_sb_propriotarget_s3,proprio.target,cubepinch_sb_propriotarget_s3,3,det,58,22,80,0.275,ok,3682863
pinch_sinusoid,pinch_sweep_size_rand_sinusoid-20260623-133237,TesolloCubePinch,TesolloCubePinch-20260623-152507-cubepinch_sb_propriotarget_s3,proprio.target,cubepinch_sb_propriotarget_s3,3,det,59,25,80,0.3125,ok,3682863
pinch_sinusoid,pinch_sweep_size_rand_sinusoid-20260623-133237,TesolloCubePinch,TesolloCubePinch-20260623-152507-cubepinch_sb_propriotarget_s3,proprio.target,cubepinch_sb_propriotarget_s3,3,det,60,46,80,0.575,ok,3682863
pinch_sinusoid,pinch_sweep_size_rand_sinusoid-20260623-133237,TesolloCubePinch,TesolloCubePinch-20260623-152507-cubepinch_sb_propriotarget_s3,proprio.target,cubepinch_sb_propriotarget_s3,3,det,61,46,80,0.575,ok,3682863
pinch_sinusoid,pinch_sweep_size_rand_sinusoid-20260623-133237,TesolloCubePinch,TesolloCubePinch-20260623-152507-cubepinch_sb_propriotarget_s3,proprio.target,cubepinch_sb_propriotarget_s3,3,det,62,47,80,0.5875,ok,3682863
pinch_sinusoid,pinch_sweep_size_rand_sinusoid-20260623-133237,TesolloCubePinch,TesolloCubePinch-20260623-152507-cubepinch_sb_propriotarget_s3,proprio.target,cubepinch_sb_propriotarget_s3,3,det,63,33,80,0.4125,ok,3682863
pinch_sinusoid,pinch_sweep_size_rand_sinusoid-20260623-133237,TesolloCubePinch,TesolloCubePinch-20260623-152507-cubepinch_sb_propriotarget_s3,proprio.target,cubepinch_sb_propriotarget_s3,3,det,64,30,80,0.375,ok,3682863
pinch_sinusoid,pinch_sweep_size_rand_sinusoid-20260623-133237,TesolloCubePinch,TesolloCubePinch-20260623-152507-cubepinch_sb_propriotarget_s3,proprio.target,cubepinch_sb_propriotarget_s3,3,det,65,34,80,0.425,ok,3682863
pinch_sinusoid,pinch_sweep_size_rand_sinusoid-20260623-133237,TesolloCubePinch,TesolloCubePinch-20260623-152507-cubepinch_sb_propriotarget_s3,proprio.target,cubepinch_sb_propriotarget_s3,3,det,66,31,80,0.3875,ok,3682863
pinch_sinusoid,pinch_sweep_size_rand_sinusoid-20260623-133237,TesolloCubePinch,TesolloCubePinch-20260623-152507-cubepinch_sb_propriotarget_s3,proprio.target,cubepinch_sb_propriotarget_s3,3,det,67,41,80,0.5125,ok,3682863
pinch_sinusoid,pinch_sweep_size_rand_sinusoid-20260623-133237,TesolloCubePinch,TesolloCubePinch-20260623-152507-cubepinch_sb_propriotarget_s3,proprio.target,cubepinch_sb_propriotarget_s3,3,det,68,28,80,0.35,ok,3682863
pinch_sinusoid,pinch_sweep_size_rand_sinusoid-20260623-133237,TesolloCubePinch,TesolloCubePinch-20260623-152507-cubepinch_sb_propriotarget_s3,proprio.target,cubepinch_sb_propriotarget_s3,3,det,69,23,80,0.2875,ok,3682863
pinch_sinusoid,pinch_sweep_size_rand_sinusoid-20260623-133237,TesolloCubePinch,TesolloCubePinch-20260623-152507-cubepinch_sb_propriotarget_s3,proprio.target,cubepinch_sb_propriotarget_s3,3,det,70,30,80,0.375,ok,3682863
pinch_sinusoid,pinch_sweep_size_rand_sinusoid-20260623-133237,TesolloCubePinch,TesolloCubePinch-20260623-152507-cubepinch_sb_propriotarget_s3,proprio.target,cubepinch_sb_propriotarget_s3,3,det,71,42,80,0.525,ok,3682863
pinch_sinusoid,pinch_sweep_size_rand_sinusoid-20260623-133237,TesolloCubePinch,TesolloCubePinch-20260623-152507-cubepinch_sb_propriotarget_s3,proprio.target,cubepinch_sb_propriotarget_s3,3,det,72,47,80,0.5875,ok,3682863
pinch_sinusoid,pinch_sweep_size_rand_sinusoid-20260623-133237,TesolloCubePinch,TesolloCubePinch-20260623-152507-cubepinch_sb_propriotarget_s3,proprio.target,cubepinch_sb_propriotarget_s3,3,det,73,28,80,0.35,ok,3682863
pinch_sinusoid,pinch_sweep_size_rand_sinusoid-20260623-133237,TesolloCubePinch,TesolloCubePinch-20260623-152507-cubepinch_sb_propriotarget_s3,proprio.target,cubepinch_sb_propriotarget_s3,3,det,74,25,80,0.3125,ok,3682863
pinch_sinusoid,pinch_sweep_size_rand_sinusoid-20260623-133237,TesolloCubePinch,TesolloCubePinch-20260623-152507-cubepinch_sb_propriotarget_s3,proprio.target,cubepinch_sb_propriotarget_s3,3,det,75,30,80,0.375,ok,3682863
pinch_sinusoid,pinch_sweep_size_rand_sinusoid-20260623-133237,TesolloCubePinch,TesolloCubePinch-20260623-152507-cubepinch_sb_propriotarget_s3,proprio.target,cubepinch_sb_propriotarget_s3,3,det,76,37,80,0.4625,ok,3682863
pinch_sinusoid,pinch_sweep_size_rand_sinusoid-20260623-133237,TesolloCubePinch,TesolloCubePinch-20260623-152507-cubepinch_sb_propriotarget_s3,proprio.target,cubepinch_sb_propriotarget_s3,3,det,77,31,80,0.3875,ok,3682863
pinch_sinusoid,pinch_sweep_size_rand_sinusoid-20260623-133237,TesolloCubePinch,TesolloCubePinch-20260623-152507-cubepinch_sb_propriotarget_s3,proprio.target,cubepinch_sb_propriotarget_s3,3,det,78,34,80,0.425,ok,3682863
pinch_sinusoid,pinch_sweep_size_rand_sinusoid-20260623-133237,TesolloCubePinch,TesolloCubePinch-20260623-152507-cubepinch_sb_propriotarget_s3,proprio.target,cubepinch_sb_propriotarget_s3,3,det,79,42,80,0.525,ok,3682863
pinch_sinusoid,pinch_sweep_size_rand_sinusoid-20260623-133237,TesolloCubePinch,TesolloCubePinch-20260623-152507-cubepinch_sb_propriotarget_s3,proprio.target,cubepinch_sb_propriotarget_s3,3,det,80,39,80,0.4875,ok,3682863
pinch_sinusoid,pinch_sweep_size_rand_sinusoid-20260623-133237,TesolloCubePinch,TesolloCubePinch-20260623-152507-cubepinch_sb_propriotarget_s3,proprio.target,cubepinch_sb_propriotarget_s3,3,det,81,45,80,0.5625,ok,3682863
pinch_sinusoid,pinch_sweep_size_rand_sinusoid-20260623-133237,TesolloCubePinch,TesolloCubePinch-20260623-152507-cubepinch_sb_propriotarget_s3,proprio.target,cubepinch_sb_propriotarget_s3,3,det,82,45,80,0.5625,ok,3682863
pinch_sinusoid,pinch_sweep_size_rand_sinusoid-20260623-133237,TesolloCubePinch,TesolloCubePinch-20260623-152507-cubepinch_sb_propriotarget_s3,proprio.target,cubepinch_sb_propriotarget_s3,3,det,83,38,80,0.475,ok,3682863
pinch_sinusoid,pinch_sweep_size_rand_sinusoid-20260623-133237,TesolloCubePinch,TesolloCubePinch-20260623-152507-cubepinch_sb_propriotarget_s3,proprio.target,cubepinch_sb_propriotarget_s3,3,det,84,33,80,0.4125,ok,3682863
pinch_sinusoid,pinch_sweep_size_rand_sinusoid-20260623-133237,TesolloCubePinch,TesolloCubePinch-20260623-152507-cubepinch_sb_propriotarget_s3,proprio.target,cubepinch_sb_propriotarget_s3,3,det,85,24,80,0.3,ok,3682863
pinch_sinusoid,pinch_sweep_size_rand_sinusoid-20260623-133237,TesolloCubePinch,TesolloCubePinch-20260623-152507-cubepinch_sb_propriotarget_s3,proprio.target,cubepinch_sb_propriotarget_s3,3,det,86,34,80,0.425,ok,3682863
pinch_sinusoid,pinch_sweep_size_rand_sinusoid-20260623-133237,TesolloCubePinch,TesolloCubePinch-20260623-152507-cubepinch_sb_propriotarget_s3,proprio.target,cubepinch_sb_propriotarget_s3,3,det,87,39,80,0.4875,ok,3682863
pinch_sinusoid,pinch_sweep_size_rand_sinusoid-20260623-133237,TesolloCubePinch,TesolloCubePinch-20260623-152507-cubepinch_sb_propriotarget_s3,proprio.target,cubepinch_sb_propriotarget_s3,3,det,88,36,80,0.45,ok,3682863
pinch_sinusoid,pinch_sweep_size_rand_sinusoid-20260623-133237,TesolloCubePinch,TesolloCubePinch-20260623-152507-cubepinch_sb_propriotarget_s3,proprio.target,cubepinch_sb_propriotarget_s3,3,det,89,23,80,0.2875,ok,3682863
pinch_sinusoid,pinch_sweep_size_rand_sinusoid-20260623-133237,TesolloCubePinch,TesolloCubePinch-20260623-152507-cubepinch_sb_propriotarget_s3,proprio.target,cubepinch_sb_propriotarget_s3,3,det,90,39,80,0.4875,ok,3682863
pinch_sinusoid,pinch_sweep_size_rand_sinusoid-20260623-133237,TesolloCubePinch,TesolloCubePinch-20260623-152507-cubepinch_sb_propriotarget_s3,proprio.target,cubepinch_sb_propriotarget_s3,3,det,91,45,80,0.5625,ok,3682863
pinch_sinusoid,pinch_sweep_size_rand_sinusoid-20260623-133237,TesolloCubePinch,TesolloCubePinch-20260623-152507-cubepinch_sb_propriotarget_s3,proprio.target,cubepinch_sb_propriotarget_s3,3,det,92,31,80,0.3875,ok,3682863
pinch_sinusoid,pinch_sweep_size_rand_sinusoid-20260623-133237,TesolloCubePinch,TesolloCubePinch-20260623-152507-cubepinch_sb_propriotarget_s3,proprio.target,cubepinch_sb_propriotarget_s3,3,det,93,36,80,0.45,ok,3682863
pinch_sinusoid,pinch_sweep_size_rand_sinusoid-20260623-133237,TesolloCubePinch,TesolloCubePinch-20260623-152507-cubepinch_sb_propriotarget_s3,proprio.target,cubepinch_sb_propriotarget_s3,3,det,94,39,80,0.4875,ok,3682863
pinch_sinusoid,pinch_sweep_size_rand_sinusoid-20260623-133237,TesolloCubePinch,TesolloCubePinch-20260623-152507-cubepinch_sb_propriotarget_s3,proprio.target,cubepinch_sb_propriotarget_s3,3,det,95,49,80,0.6125,ok,3682863
pinch_sinusoid,pinch_sweep_size_rand_sinusoid-20260623-133237,TesolloCubePinch,TesolloCubePinch-20260623-152507-cubepinch_sb_propriotarget_s3,proprio.target,cubepinch_sb_propriotarget_s3,3,det,96,34,80,0.425,ok,3682863
pinch_sinusoid,pinch_sweep_size_rand_sinusoid-20260623-133237,TesolloCubePinch,TesolloCubePinch-20260623-152507-cubepinch_sb_propriotarget_s3,proprio.target,cubepinch_sb_propriotarget_s3,3,det,97,56,80,0.7,ok,3682863
pinch_sinusoid,pinch_sweep_size_rand_sinusoid-20260623-133237,TesolloCubePinch,TesolloCubePinch-20260623-152507-cubepinch_sb_propriotarget_s3,proprio.target,cubepinch_sb_propriotarget_s3,3,det,98,33,80,0.4125,ok,3682863
pinch_sinusoid,pinch_sweep_size_rand_sinusoid-20260623-133237,TesolloCubePinch,TesolloCubePinch-20260623-152507-cubepinch_sb_propriotarget_s3,proprio.target,cubepinch_sb_propriotarget_s3,3,det,99,34,80,0.425,ok,3682863
pinch_sinusoid,pinch_sweep_size_rand_sinusoid-20260624-142357,TesolloCubePinch,TesolloCubePinch-20260624-151458-cubepinch_sb_baseline_s4,baseline,cubepinch_sb_baseline_s4,4,det,0,25,80,0.3125,ok,3682863
pinch_sinusoid,pinch_sweep_size_rand_sinusoid-20260624-142357,TesolloCubePinch,TesolloCubePinch-20260624-151458-cubepinch_sb_baseline_s4,baseline,cubepinch_sb_baseline_s4,4,det,1,23,80,0.2875,ok,3682863
pinch_sinusoid,pinch_sweep_size_rand_sinusoid-20260624-142357,TesolloCubePinch,TesolloCubePinch-20260624-151458-cubepinch_sb_baseline_s4,baseline,cubepinch_sb_baseline_s4,4,det,2,36,80,0.45,ok,3682863
pinch_sinusoid,pinch_sweep_size_rand_sinusoid-20260624-142357,TesolloCubePinch,TesolloCubePinch-20260624-151458-cubepinch_sb_baseline_s4,baseline,cubepinch_sb_baseline_s4,4,det,3,29,80,0.3625,ok,3682863
pinch_sinusoid,pinch_sweep_size_rand_sinusoid-20260624-142357,TesolloCubePinch,TesolloCubePinch-20260624-151458-cubepinch_sb_baseline_s4,baseline,cubepinch_sb_baseline_s4,4,det,4,24,80,0.3,ok,3682863
pinch_sinusoid,pinch_sweep_size_rand_sinusoid-20260624-142357,TesolloCubePinch,TesolloCubePinch-20260624-151458-cubepinch_sb_baseline_s4,baseline,cubepinch_sb_baseline_s4,4,det,5,32,80,0.4,ok,3682863
pinch_sinusoid,pinch_sweep_size_rand_sinusoid-20260624-142357,TesolloCubePinch,TesolloCubePinch-20260624-151458-cubepinch_sb_baseline_s4,baseline,cubepinch_sb_baseline_s4,4,det,6,29,80,0.3625,ok,3682863
pinch_sinusoid,pinch_sweep_size_rand_sinusoid-20260624-142357,TesolloCubePinch,TesolloCubePinch-20260624-151458-cubepinch_sb_baseline_s4,baseline,cubepinch_sb_baseline_s4,4,det,7,24,80,0.3,ok,3682863
pinch_sinusoid,pinch_sweep_size_rand_sinusoid-20260624-142357,TesolloCubePinch,TesolloCubePinch-20260624-151458-cubepinch_sb_baseline_s4,baseline,cubepinch_sb_baseline_s4,4,det,8,24,80,0.3,ok,3682863
pinch_sinusoid,pinch_sweep_size_rand_sinusoid-20260624-142357,TesolloCubePinch,TesolloCubePinch-20260624-151458-cubepinch_sb_baseline_s4,baseline,cubepinch_sb_baseline_s4,4,det,9,21,80,0.2625,ok,3682863
pinch_sinusoid,pinch_sweep_size_rand_sinusoid-20260624-142357,TesolloCubePinch,TesolloCubePinch-20260624-151458-cubepinch_sb_baseline_s4,baseline,cubepinch_sb_baseline_s4,4,det,10,20,80,0.25,ok,3682863
pinch_sinusoid,pinch_sweep_size_rand_sinusoid-20260624-142357,TesolloCubePinch,TesolloCubePinch-20260624-151458-cubepinch_sb_baseline_s4,baseline,cubepinch_sb_baseline_s4,4,det,11,30,80,0.375,ok,3682863
pinch_sinusoid,pinch_sweep_size_rand_sinusoid-20260624-142357,TesolloCubePinch,TesolloCubePinch-20260624-151458-cubepinch_sb_baseline_s4,baseline,cubepinch_sb_baseline_s4,4,det,12,27,80,0.3375,ok,3682863
pinch_sinusoid,pinch_sweep_size_rand_sinusoid-20260624-142357,TesolloCubePinch,TesolloCubePinch-20260624-151458-cubepinch_sb_baseline_s4,baseline,cubepinch_sb_baseline_s4,4,det,13,17,80,0.2125,ok,3682863
pinch_sinusoid,pinch_sweep_size_rand_sinusoid-20260624-142357,TesolloCubePinch,TesolloCubePinch-20260624-151458-cubepinch_sb_baseline_s4,baseline,cubepinch_sb_baseline_s4,4,det,14,29,80,0.3625,ok,3682863
pinch_sinusoid,pinch_sweep_size_rand_sinusoid-20260624-142357,TesolloCubePinch,TesolloCubePinch-20260624-151458-cubepinch_sb_baseline_s4,baseline,cubepinch_sb_baseline_s4,4,det,15,24,80,0.3,ok,3682863
pinch_sinusoid,pinch_sweep_size_rand_sinusoid-20260624-142357,TesolloCubePinch,TesolloCubePinch-20260624-151458-cubepinch_sb_baseline_s4,baseline,cubepinch_sb_baseline_s4,4,det,16,34,80,0.425,ok,3682863
pinch_sinusoid,pinch_sweep_size_rand_sinusoid-20260624-142357,TesolloCubePinch,TesolloCubePinch-20260624-151458-cubepinch_sb_baseline_s4,baseline,cubepinch_sb_baseline_s4,4,det,17,24,80,0.3,ok,3682863
pinch_sinusoid,pinch_sweep_size_rand_sinusoid-20260624-142357,TesolloCubePinch,TesolloCubePinch-20260624-151458-cubepinch_sb_baseline_s4,baseline,cubepinch_sb_baseline_s4,4,det,18,38,80,0.475,ok,3682863
pinch_sinusoid,pinch_sweep_size_rand_sinusoid-20260624-142357,TesolloCubePinch,TesolloCubePinch-20260624-151458-cubepinch_sb_baseline_s4,baseline,cubepinch_sb_baseline_s4,4,det,19,29,80,0.3625,ok,3682863
pinch_sinusoid,pinch_sweep_size_rand_sinusoid-20260624-142357,TesolloCubePinch,TesolloCubePinch-20260624-151458-cubepinch_sb_baseline_s4,baseline,cubepinch_sb_baseline_s4,4,det,20,22,80,0.275,ok,3682863
pinch_sinusoid,pinch_sweep_size_rand_sinusoid-20260624-142357,TesolloCubePinch,TesolloCubePinch-20260624-151458-cubepinch_sb_baseline_s4,baseline,cubepinch_sb_baseline_s4,4,det,21,22,80,0.275,ok,3682863
pinch_sinusoid,pinch_sweep_size_rand_sinusoid-20260624-142357,TesolloCubePinch,TesolloCubePinch-20260624-151458-cubepinch_sb_baseline_s4,baseline,cubepinch_sb_baseline_s4,4,det,22,24,80,0.3,ok,3682863
pinch_sinusoid,pinch_sweep_size_rand_sinusoid-20260624-142357,TesolloCubePinch,TesolloCubePinch-20260624-151458-cubepinch_sb_baseline_s4,baseline,cubepinch_sb_baseline_s4,4,det,23,27,80,0.3375,ok,3682863
pinch_sinusoid,pinch_sweep_size_rand_sinusoid-20260624-142357,TesolloCubePinch,TesolloCubePinch-20260624-151458-cubepinch_sb_baseline_s4,baseline,cubepinch_sb_baseline_s4,4,det,24,12,80,0.15,ok,3682863
pinch_sinusoid,pinch_sweep_size_rand_sinusoid-20260624-142357,TesolloCubePinch,TesolloCubePinch-20260624-151458-cubepinch_sb_baseline_s4,baseline,cubepinch_sb_baseline_s4,4,det,25,8,80,0.1,ok,3682863
pinch_sinusoid,pinch_sweep_size_rand_sinusoid-20260624-142357,TesolloCubePinch,TesolloCubePinch-20260624-151458-cubepinch_sb_baseline_s4,baseline,cubepinch_sb_baseline_s4,4,det,26,24,80,0.3,ok,3682863
pinch_sinusoid,pinch_sweep_size_rand_sinusoid-20260624-142357,TesolloCubePinch,TesolloCubePinch-20260624-151458-cubepinch_sb_baseline_s4,baseline,cubepinch_sb_baseline_s4,4,det,27,18,80,0.225,ok,3682863
pinch_sinusoid,pinch_sweep_size_rand_sinusoid-20260624-142357,TesolloCubePinch,TesolloCubePinch-20260624-151458-cubepinch_sb_baseline_s4,baseline,cubepinch_sb_baseline_s4,4,det,28,31,80,0.3875,ok,3682863
pinch_sinusoid,pinch_sweep_size_rand_sinusoid-20260624-142357,TesolloCubePinch,TesolloCubePinch-20260624-151458-cubepinch_sb_baseline_s4,baseline,cubepinch_sb_baseline_s4,4,det,29,27,80,0.3375,ok,3682863
pinch_sinusoid,pinch_sweep_size_rand_sinusoid-20260624-142357,TesolloCubePinch,TesolloCubePinch-20260624-151458-cubepinch_sb_baseline_s4,baseline,cubepinch_sb_baseline_s4,4,det,30,22,80,0.275,ok,3682863
pinch_sinusoid,pinch_sweep_size_rand_sinusoid-20260624-142357,TesolloCubePinch,TesolloCubePinch-20260624-151458-cubepinch_sb_baseline_s4,baseline,cubepinch_sb_baseline_s4,4,det,31,31,80,0.3875,ok,3682863
pinch_sinusoid,pinch_sweep_size_rand_sinusoid-20260624-142357,TesolloCubePinch,TesolloCubePinch-20260624-151458-cubepinch_sb_baseline_s4,baseline,cubepinch_sb_baseline_s4,4,det,32,29,80,0.3625,ok,3682863
pinch_sinusoid,pinch_sweep_size_rand_sinusoid-20260624-142357,TesolloCubePinch,TesolloCubePinch-20260624-151458-cubepinch_sb_baseline_s4,baseline,cubepinch_sb_baseline_s4,4,det,33,33,80,0.4125,ok,3682863
pinch_sinusoid,pinch_sweep_size_rand_sinusoid-20260624-142357,TesolloCubePinch,TesolloCubePinch-20260624-151458-cubepinch_sb_baseline_s4,baseline,cubepinch_sb_baseline_s4,4,det,34,40,80,0.5,ok,3682863
pinch_sinusoid,pinch_sweep_size_rand_sinusoid-20260624-142357,TesolloCubePinch,TesolloCubePinch-20260624-151458-cubepinch_sb_baseline_s4,baseline,cubepinch_sb_baseline_s4,4,det,35,23,80,0.2875,ok,3682863
pinch_sinusoid,pinch_sweep_size_rand_sinusoid-20260624-142357,TesolloCubePinch,TesolloCubePinch-20260624-151458-cubepinch_sb_baseline_s4,baseline,cubepinch_sb_baseline_s4,4,det,36,30,80,0.375,ok,3682863
pinch_sinusoid,pinch_sweep_size_rand_sinusoid-20260624-142357,TesolloCubePinch,TesolloCubePinch-20260624-151458-cubepinch_sb_baseline_s4,baseline,cubepinch_sb_baseline_s4,4,det,37,36,80,0.45,ok,3682863
pinch_sinusoid,pinch_sweep_size_rand_sinusoid-20260624-142357,TesolloCubePinch,TesolloCubePinch-20260624-151458-cubepinch_sb_baseline_s4,baseline,cubepinch_sb_baseline_s4,4,det,38,32,80,0.4,ok,3682863
pinch_sinusoid,pinch_sweep_size_rand_sinusoid-20260624-142357,TesolloCubePinch,TesolloCubePinch-20260624-151458-cubepinch_sb_baseline_s4,baseline,cubepinch_sb_baseline_s4,4,det,39,28,80,0.35,ok,3682863
pinch_sinusoid,pinch_sweep_size_rand_sinusoid-20260624-142357,TesolloCubePinch,TesolloCubePinch-20260624-151458-cubepinch_sb_baseline_s4,baseline,cubepinch_sb_baseline_s4,4,det,40,24,80,0.3,ok,3682863
pinch_sinusoid,pinch_sweep_size_rand_sinusoid-20260624-142357,TesolloCubePinch,TesolloCubePinch-20260624-151458-cubepinch_sb_baseline_s4,baseline,cubepinch_sb_baseline_s4,4,det,41,18,80,0.225,ok,3682863
pinch_sinusoid,pinch_sweep_size_rand_sinusoid-20260624-142357,TesolloCubePinch,TesolloCubePinch-20260624-151458-cubepinch_sb_baseline_s4,baseline,cubepinch_sb_baseline_s4,4,det,42,36,80,0.45,ok,3682863
pinch_sinusoid,pinch_sweep_size_rand_sinusoid-20260624-142357,TesolloCubePinch,TesolloCubePinch-20260624-151458-cubepinch_sb_baseline_s4,baseline,cubepinch_sb_baseline_s4,4,det,43,43,80,0.5375,ok,3682863
pinch_sinusoid,pinch_sweep_size_rand_sinusoid-20260624-142357,TesolloCubePinch,TesolloCubePinch-20260624-151458-cubepinch_sb_baseline_s4,baseline,cubepinch_sb_baseline_s4,4,det,44,34,80,0.425,ok,3682863
pinch_sinusoid,pinch_sweep_size_rand_sinusoid-20260624-142357,TesolloCubePinch,TesolloCubePinch-20260624-151458-cubepinch_sb_baseline_s4,baseline,cubepinch_sb_baseline_s4,4,det,45,28,80,0.35,ok,3682863
pinch_sinusoid,pinch_sweep_size_rand_sinusoid-20260624-142357,TesolloCubePinch,TesolloCubePinch-20260624-151458-cubepinch_sb_baseline_s4,baseline,cubepinch_sb_baseline_s4,4,det,46,22,80,0.275,ok,3682863
pinch_sinusoid,pinch_sweep_size_rand_sinusoid-20260624-142357,TesolloCubePinch,TesolloCubePinch-20260624-151458-cubepinch_sb_baseline_s4,baseline,cubepinch_sb_baseline_s4,4,det,47,20,80,0.25,ok,3682863
pinch_sinusoid,pinch_sweep_size_rand_sinusoid-20260624-142357,TesolloCubePinch,TesolloCubePinch-20260624-151458-cubepinch_sb_baseline_s4,baseline,cubepinch_sb_baseline_s4,4,det,48,19,80,0.2375,ok,3682863
pinch_sinusoid,pinch_sweep_size_rand_sinusoid-20260624-142357,TesolloCubePinch,TesolloCubePinch-20260624-151458-cubepinch_sb_baseline_s4,baseline,cubepinch_sb_baseline_s4,4,det,49,26,80,0.325,ok,3682863
pinch_sinusoid,pinch_sweep_size_rand_sinusoid-20260624-142357,TesolloCubePinch,TesolloCubePinch-20260624-151458-cubepinch_sb_baseline_s4,baseline,cubepinch_sb_baseline_s4,4,det,50,45,80,0.5625,ok,3682863
pinch_sinusoid,pinch_sweep_size_rand_sinusoid-20260624-142357,TesolloCubePinch,TesolloCubePinch-20260624-151458-cubepinch_sb_baseline_s4,baseline,cubepinch_sb_baseline_s4,4,det,51,33,80,0.4125,ok,3682863
pinch_sinusoid,pinch_sweep_size_rand_sinusoid-20260624-142357,TesolloCubePinch,TesolloCubePinch-20260624-151458-cubepinch_sb_baseline_s4,baseline,cubepinch_sb_baseline_s4,4,det,52,32,80,0.4,ok,3682863
pinch_sinusoid,pinch_sweep_size_rand_sinusoid-20260624-142357,TesolloCubePinch,TesolloCubePinch-20260624-151458-cubepinch_sb_baseline_s4,baseline,cubepinch_sb_baseline_s4,4,det,53,14,80,0.175,ok,3682863
pinch_sinusoid,pinch_sweep_size_rand_sinusoid-20260624-142357,TesolloCubePinch,TesolloCubePinch-20260624-151458-cubepinch_sb_baseline_s4,baseline,cubepinch_sb_baseline_s4,4,det,54,39,80,0.4875,ok,3682863
pinch_sinusoid,pinch_sweep_size_rand_sinusoid-20260624-142357,TesolloCubePinch,TesolloCubePinch-20260624-151458-cubepinch_sb_baseline_s4,baseline,cubepinch_sb_baseline_s4,4,det,55,34,80,0.425,ok,3682863
pinch_sinusoid,pinch_sweep_size_rand_sinusoid-20260624-142357,TesolloCubePinch,TesolloCubePinch-20260624-151458-cubepinch_sb_baseline_s4,baseline,cubepinch_sb_baseline_s4,4,det,56,22,80,0.275,ok,3682863
pinch_sinusoid,pinch_sweep_size_rand_sinusoid-20260624-142357,TesolloCubePinch,TesolloCubePinch-20260624-151458-cubepinch_sb_baseline_s4,baseline,cubepinch_sb_baseline_s4,4,det,57,33,80,0.4125,ok,3682863
pinch_sinusoid,pinch_sweep_size_rand_sinusoid-20260624-142357,TesolloCubePinch,TesolloCubePinch-20260624-151458-cubepinch_sb_baseline_s4,baseline,cubepinch_sb_baseline_s4,4,det,58,42,80,0.525,ok,3682863
pinch_sinusoid,pinch_sweep_size_rand_sinusoid-20260624-142357,TesolloCubePinch,TesolloCubePinch-20260624-151458-cubepinch_sb_baseline_s4,baseline,cubepinch_sb_baseline_s4,4,det,59,44,80,0.55,ok,3682863
pinch_sinusoid,pinch_sweep_size_rand_sinusoid-20260624-142357,TesolloCubePinch,TesolloCubePinch-20260624-151458-cubepinch_sb_baseline_s4,baseline,cubepinch_sb_baseline_s4,4,det,60,25,80,0.3125,ok,3682863
pinch_sinusoid,pinch_sweep_size_rand_sinusoid-20260624-142357,TesolloCubePinch,TesolloCubePinch-20260624-151458-cubepinch_sb_baseline_s4,baseline,cubepinch_sb_baseline_s4,4,det,61,26,80,0.325,ok,3682863
pinch_sinusoid,pinch_sweep_size_rand_sinusoid-20260624-142357,TesolloCubePinch,TesolloCubePinch-20260624-151458-cubepinch_sb_baseline_s4,baseline,cubepinch_sb_baseline_s4,4,det,62,19,80,0.2375,ok,3682863
pinch_sinusoid,pinch_sweep_size_rand_sinusoid-20260624-142357,TesolloCubePinch,TesolloCubePinch-20260624-151458-cubepinch_sb_baseline_s4,baseline,cubepinch_sb_baseline_s4,4,det,63,22,80,0.275,ok,3682863
pinch_sinusoid,pinch_sweep_size_rand_sinusoid-20260624-142357,TesolloCubePinch,TesolloCubePinch-20260624-151458-cubepinch_sb_baseline_s4,baseline,cubepinch_sb_baseline_s4,4,det,64,33,80,0.4125,ok,3682863
pinch_sinusoid,pinch_sweep_size_rand_sinusoid-20260624-142357,TesolloCubePinch,TesolloCubePinch-20260624-151458-cubepinch_sb_baseline_s4,baseline,cubepinch_sb_baseline_s4,4,det,65,25,80,0.3125,ok,3682863
pinch_sinusoid,pinch_sweep_size_rand_sinusoid-20260624-142357,TesolloCubePinch,TesolloCubePinch-20260624-151458-cubepinch_sb_baseline_s4,baseline,cubepinch_sb_baseline_s4,4,det,66,36,80,0.45,ok,3682863
pinch_sinusoid,pinch_sweep_size_rand_sinusoid-20260624-142357,TesolloCubePinch,TesolloCubePinch-20260624-151458-cubepinch_sb_baseline_s4,baseline,cubepinch_sb_baseline_s4,4,det,67,20,80,0.25,ok,3682863
pinch_sinusoid,pinch_sweep_size_rand_sinusoid-20260624-142357,TesolloCubePinch,TesolloCubePinch-20260624-151458-cubepinch_sb_baseline_s4,baseline,cubepinch_sb_baseline_s4,4,det,68,12,80,0.15,ok,3682863
pinch_sinusoid,pinch_sweep_size_rand_sinusoid-20260624-142357,TesolloCubePinch,TesolloCubePinch-20260624-151458-cubepinch_sb_baseline_s4,baseline,cubepinch_sb_baseline_s4,4,det,69,26,80,0.325,ok,3682863
pinch_sinusoid,pinch_sweep_size_rand_sinusoid-20260624-142357,TesolloCubePinch,TesolloCubePinch-20260624-151458-cubepinch_sb_baseline_s4,baseline,cubepinch_sb_baseline_s4,4,det,70,28,80,0.35,ok,3682863
pinch_sinusoid,pinch_sweep_size_rand_sinusoid-20260624-142357,TesolloCubePinch,TesolloCubePinch-20260624-151458-cubepinch_sb_baseline_s4,baseline,cubepinch_sb_baseline_s4,4,det,71,17,80,0.2125,ok,3682863
pinch_sinusoid,pinch_sweep_size_rand_sinusoid-20260624-142357,TesolloCubePinch,TesolloCubePinch-20260624-151458-cubepinch_sb_baseline_s4,baseline,cubepinch_sb_baseline_s4,4,det,72,35,80,0.4375,ok,3682863
pinch_sinusoid,pinch_sweep_size_rand_sinusoid-20260624-142357,TesolloCubePinch,TesolloCubePinch-20260624-151458-cubepinch_sb_baseline_s4,baseline,cubepinch_sb_baseline_s4,4,det,73,38,80,0.475,ok,3682863
pinch_sinusoid,pinch_sweep_size_rand_sinusoid-20260624-142357,TesolloCubePinch,TesolloCubePinch-20260624-151458-cubepinch_sb_baseline_s4,baseline,cubepinch_sb_baseline_s4,4,det,74,42,80,0.525,ok,3682863
pinch_sinusoid,pinch_sweep_size_rand_sinusoid-20260624-142357,TesolloCubePinch,TesolloCubePinch-20260624-151458-cubepinch_sb_baseline_s4,baseline,cubepinch_sb_baseline_s4,4,det,75,24,80,0.3,ok,3682863
pinch_sinusoid,pinch_sweep_size_rand_sinusoid-20260624-142357,TesolloCubePinch,TesolloCubePinch-20260624-151458-cubepinch_sb_baseline_s4,baseline,cubepinch_sb_baseline_s4,4,det,76,19,80,0.2375,ok,3682863
pinch_sinusoid,pinch_sweep_size_rand_sinusoid-20260624-142357,TesolloCubePinch,TesolloCubePinch-20260624-151458-cubepinch_sb_baseline_s4,baseline,cubepinch_sb_baseline_s4,4,det,77,21,80,0.2625,ok,3682863
pinch_sinusoid,pinch_sweep_size_rand_sinusoid-20260624-142357,TesolloCubePinch,TesolloCubePinch-20260624-151458-cubepinch_sb_baseline_s4,baseline,cubepinch_sb_baseline_s4,4,det,78,26,80,0.325,ok,3682863
pinch_sinusoid,pinch_sweep_size_rand_sinusoid-20260624-142357,TesolloCubePinch,TesolloCubePinch-20260624-151458-cubepinch_sb_baseline_s4,baseline,cubepinch_sb_baseline_s4,4,det,79,38,80,0.475,ok,3682863
pinch_sinusoid,pinch_sweep_size_rand_sinusoid-20260624-142357,TesolloCubePinch,TesolloCubePinch-20260624-151458-cubepinch_sb_baseline_s4,baseline,cubepinch_sb_baseline_s4,4,det,80,36,80,0.45,ok,3682863
pinch_sinusoid,pinch_sweep_size_rand_sinusoid-20260624-142357,TesolloCubePinch,TesolloCubePinch-20260624-151458-cubepinch_sb_baseline_s4,baseline,cubepinch_sb_baseline_s4,4,det,81,23,80,0.2875,ok,3682863
pinch_sinusoid,pinch_sweep_size_rand_sinusoid-20260624-142357,TesolloCubePinch,TesolloCubePinch-20260624-151458-cubepinch_sb_baseline_s4,baseline,cubepinch_sb_baseline_s4,4,det,82,23,80,0.2875,ok,3682863
pinch_sinusoid,pinch_sweep_size_rand_sinusoid-20260624-142357,TesolloCubePinch,TesolloCubePinch-20260624-151458-cubepinch_sb_baseline_s4,baseline,cubepinch_sb_baseline_s4,4,det,83,24,80,0.3,ok,3682863
pinch_sinusoid,pinch_sweep_size_rand_sinusoid-20260624-142357,TesolloCubePinch,TesolloCubePinch-20260624-151458-cubepinch_sb_baseline_s4,baseline,cubepinch_sb_baseline_s4,4,det,84,26,80,0.325,ok,3682863
pinch_sinusoid,pinch_sweep_size_rand_sinusoid-20260624-142357,TesolloCubePinch,TesolloCubePinch-20260624-151458-cubepinch_sb_baseline_s4,baseline,cubepinch_sb_baseline_s4,4,det,85,18,80,0.225,ok,3682863
pinch_sinusoid,pinch_sweep_size_rand_sinusoid-20260624-142357,TesolloCubePinch,TesolloCubePinch-20260624-151458-cubepinch_sb_baseline_s4,baseline,cubepinch_sb_baseline_s4,4,det,86,36,80,0.45,ok,3682863
pinch_sinusoid,pinch_sweep_size_rand_sinusoid-20260624-142357,TesolloCubePinch,TesolloCubePinch-20260624-151458-cubepinch_sb_baseline_s4,baseline,cubepinch_sb_baseline_s4,4,det,87,20,80,0.25,ok,3682863
pinch_sinusoid,pinch_sweep_size_rand_sinusoid-20260624-142357,TesolloCubePinch,TesolloCubePinch-20260624-151458-cubepinch_sb_baseline_s4,baseline,cubepinch_sb_baseline_s4,4,det,88,13,80,0.1625,ok,3682863
pinch_sinusoid,pinch_sweep_size_rand_sinusoid-20260624-142357,TesolloCubePinch,TesolloCubePinch-20260624-151458-cubepinch_sb_baseline_s4,baseline,cubepinch_sb_baseline_s4,4,det,89,29,80,0.3625,ok,3682863
pinch_sinusoid,pinch_sweep_size_rand_sinusoid-20260624-142357,TesolloCubePinch,TesolloCubePinch-20260624-151458-cubepinch_sb_baseline_s4,baseline,cubepinch_sb_baseline_s4,4,det,90,34,80,0.425,ok,3682863
pinch_sinusoid,pinch_sweep_size_rand_sinusoid-20260624-142357,TesolloCubePinch,TesolloCubePinch-20260624-151458-cubepinch_sb_baseline_s4,baseline,cubepinch_sb_baseline_s4,4,det,91,20,80,0.25,ok,3682863
pinch_sinusoid,pinch_sweep_size_rand_sinusoid-20260624-142357,TesolloCubePinch,TesolloCubePinch-20260624-151458-cubepinch_sb_baseline_s4,baseline,cubepinch_sb_baseline_s4,4,det,92,46,80,0.575,ok,3682863
pinch_sinusoid,pinch_sweep_size_rand_sinusoid-20260624-142357,TesolloCubePinch,TesolloCubePinch-20260624-151458-cubepinch_sb_baseline_s4,baseline,cubepinch_sb_baseline_s4,4,det,93,20,80,0.25,ok,3682863
pinch_sinusoid,pinch_sweep_size_rand_sinusoid-20260624-142357,TesolloCubePinch,TesolloCubePinch-20260624-151458-cubepinch_sb_baseline_s4,baseline,cubepinch_sb_baseline_s4,4,det,94,17,80,0.2125,ok,3682863
pinch_sinusoid,pinch_sweep_size_rand_sinusoid-20260624-142357,TesolloCubePinch,TesolloCubePinch-20260624-151458-cubepinch_sb_baseline_s4,baseline,cubepinch_sb_baseline_s4,4,det,95,36,80,0.45,ok,3682863
pinch_sinusoid,pinch_sweep_size_rand_sinusoid-20260624-142357,TesolloCubePinch,TesolloCubePinch-20260624-151458-cubepinch_sb_baseline_s4,baseline,cubepinch_sb_baseline_s4,4,det,96,28,80,0.35,ok,3682863
pinch_sinusoid,pinch_sweep_size_rand_sinusoid-20260624-142357,TesolloCubePinch,TesolloCubePinch-20260624-151458-cubepinch_sb_baseline_s4,baseline,cubepinch_sb_baseline_s4,4,det,97,18,80,0.225,ok,3682863
pinch_sinusoid,pinch_sweep_size_rand_sinusoid-20260624-142357,TesolloCubePinch,TesolloCubePinch-20260624-151458-cubepinch_sb_baseline_s4,baseline,cubepinch_sb_baseline_s4,4,det,98,47,80,0.5875,ok,3682863
pinch_sinusoid,pinch_sweep_size_rand_sinusoid-20260624-142357,TesolloCubePinch,TesolloCubePinch-20260624-151458-cubepinch_sb_baseline_s4,baseline,cubepinch_sb_baseline_s4,4,det,99,40,80,0.5,ok,3682863
pinch_sinusoid,pinch_sweep_size_rand_sinusoid-20260624-142357,TesolloCubePinch,TesolloCubePinch-20260624-153202-cubepinch_sb_baseline_s5,baseline,cubepinch_sb_baseline_s5,5,det,0,13,80,0.1625,ok,3682863
pinch_sinusoid,pinch_sweep_size_rand_sinusoid-20260624-142357,TesolloCubePinch,TesolloCubePinch-20260624-153202-cubepinch_sb_baseline_s5,baseline,cubepinch_sb_baseline_s5,5,det,1,12,80,0.15,ok,3682863
pinch_sinusoid,pinch_sweep_size_rand_sinusoid-20260624-142357,TesolloCubePinch,TesolloCubePinch-20260624-153202-cubepinch_sb_baseline_s5,baseline,cubepinch_sb_baseline_s5,5,det,2,21,80,0.2625,ok,3682863
pinch_sinusoid,pinch_sweep_size_rand_sinusoid-20260624-142357,TesolloCubePinch,TesolloCubePinch-20260624-153202-cubepinch_sb_baseline_s5,baseline,cubepinch_sb_baseline_s5,5,det,3,15,80,0.1875,ok,3682863
pinch_sinusoid,pinch_sweep_size_rand_sinusoid-20260624-142357,TesolloCubePinch,TesolloCubePinch-20260624-153202-cubepinch_sb_baseline_s5,baseline,cubepinch_sb_baseline_s5,5,det,4,33,80,0.4125,ok,3682863
pinch_sinusoid,pinch_sweep_size_rand_sinusoid-20260624-142357,TesolloCubePinch,TesolloCubePinch-20260624-153202-cubepinch_sb_baseline_s5,baseline,cubepinch_sb_baseline_s5,5,det,5,29,80,0.3625,ok,3682863
pinch_sinusoid,pinch_sweep_size_rand_sinusoid-20260624-142357,TesolloCubePinch,TesolloCubePinch-20260624-153202-cubepinch_sb_baseline_s5,baseline,cubepinch_sb_baseline_s5,5,det,6,34,80,0.425,ok,3682863
pinch_sinusoid,pinch_sweep_size_rand_sinusoid-20260624-142357,TesolloCubePinch,TesolloCubePinch-20260624-153202-cubepinch_sb_baseline_s5,baseline,cubepinch_sb_baseline_s5,5,det,7,23,80,0.2875,ok,3682863
pinch_sinusoid,pinch_sweep_size_rand_sinusoid-20260624-142357,TesolloCubePinch,TesolloCubePinch-20260624-153202-cubepinch_sb_baseline_s5,baseline,cubepinch_sb_baseline_s5,5,det,8,22,80,0.275,ok,3682863
pinch_sinusoid,pinch_sweep_size_rand_sinusoid-20260624-142357,TesolloCubePinch,TesolloCubePinch-20260624-153202-cubepinch_sb_baseline_s5,baseline,cubepinch_sb_baseline_s5,5,det,9,37,80,0.4625,ok,3682863
pinch_sinusoid,pinch_sweep_size_rand_sinusoid-20260624-142357,TesolloCubePinch,TesolloCubePinch-20260624-153202-cubepinch_sb_baseline_s5,baseline,cubepinch_sb_baseline_s5,5,det,10,18,80,0.225,ok,3682863
pinch_sinusoid,pinch_sweep_size_rand_sinusoid-20260624-142357,TesolloCubePinch,TesolloCubePinch-20260624-153202-cubepinch_sb_baseline_s5,baseline,cubepinch_sb_baseline_s5,5,det,11,12,80,0.15,ok,3682863
pinch_sinusoid,pinch_sweep_size_rand_sinusoid-20260624-142357,TesolloCubePinch,TesolloCubePinch-20260624-153202-cubepinch_sb_baseline_s5,baseline,cubepinch_sb_baseline_s5,5,det,12,25,80,0.3125,ok,3682863
pinch_sinusoid,pinch_sweep_size_rand_sinusoid-20260624-142357,TesolloCubePinch,TesolloCubePinch-20260624-153202-cubepinch_sb_baseline_s5,baseline,cubepinch_sb_baseline_s5,5,det,13,16,80,0.2,ok,3682863
pinch_sinusoid,pinch_sweep_size_rand_sinusoid-20260624-142357,TesolloCubePinch,TesolloCubePinch-20260624-153202-cubepinch_sb_baseline_s5,baseline,cubepinch_sb_baseline_s5,5,det,14,27,80,0.3375,ok,3682863
pinch_sinusoid,pinch_sweep_size_rand_sinusoid-20260624-142357,TesolloCubePinch,TesolloCubePinch-20260624-153202-cubepinch_sb_baseline_s5,baseline,cubepinch_sb_baseline_s5,5,det,15,24,80,0.3,ok,3682863
pinch_sinusoid,pinch_sweep_size_rand_sinusoid-20260624-142357,TesolloCubePinch,TesolloCubePinch-20260624-153202-cubepinch_sb_baseline_s5,baseline,cubepinch_sb_baseline_s5,5,det,16,28,80,0.35,ok,3682863
pinch_sinusoid,pinch_sweep_size_rand_sinusoid-20260624-142357,TesolloCubePinch,TesolloCubePinch-20260624-153202-cubepinch_sb_baseline_s5,baseline,cubepinch_sb_baseline_s5,5,det,17,29,80,0.3625,ok,3682863
pinch_sinusoid,pinch_sweep_size_rand_sinusoid-20260624-142357,TesolloCubePinch,TesolloCubePinch-20260624-153202-cubepinch_sb_baseline_s5,baseline,cubepinch_sb_baseline_s5,5,det,18,22,80,0.275,ok,3682863
pinch_sinusoid,pinch_sweep_size_rand_sinusoid-20260624-142357,TesolloCubePinch,TesolloCubePinch-20260624-153202-cubepinch_sb_baseline_s5,baseline,cubepinch_sb_baseline_s5,5,det,19,29,80,0.3625,ok,3682863
pinch_sinusoid,pinch_sweep_size_rand_sinusoid-20260624-142357,TesolloCubePinch,TesolloCubePinch-20260624-153202-cubepinch_sb_baseline_s5,baseline,cubepinch_sb_baseline_s5,5,det,20,21,80,0.2625,ok,3682863
pinch_sinusoid,pinch_sweep_size_rand_sinusoid-20260624-142357,TesolloCubePinch,TesolloCubePinch-20260624-153202-cubepinch_sb_baseline_s5,baseline,cubepinch_sb_baseline_s5,5,det,21,25,80,0.3125,ok,3682863
pinch_sinusoid,pinch_sweep_size_rand_sinusoid-20260624-142357,TesolloCubePinch,TesolloCubePinch-20260624-153202-cubepinch_sb_baseline_s5,baseline,cubepinch_sb_baseline_s5,5,det,22,7,80,0.0875,ok,3682863
pinch_sinusoid,pinch_sweep_size_rand_sinusoid-20260624-142357,TesolloCubePinch,TesolloCubePinch-20260624-153202-cubepinch_sb_baseline_s5,baseline,cubepinch_sb_baseline_s5,5,det,23,12,80,0.15,ok,3682863
pinch_sinusoid,pinch_sweep_size_rand_sinusoid-20260624-142357,TesolloCubePinch,TesolloCubePinch-20260624-153202-cubepinch_sb_baseline_s5,baseline,cubepinch_sb_baseline_s5,5,det,24,9,80,0.1125,ok,3682863
pinch_sinusoid,pinch_sweep_size_rand_sinusoid-20260624-142357,TesolloCubePinch,TesolloCubePinch-20260624-153202-cubepinch_sb_baseline_s5,baseline,cubepinch_sb_baseline_s5,5,det,25,34,80,0.425,ok,3682863
pinch_sinusoid,pinch_sweep_size_rand_sinusoid-20260624-142357,TesolloCubePinch,TesolloCubePinch-20260624-153202-cubepinch_sb_baseline_s5,baseline,cubepinch_sb_baseline_s5,5,det,26,11,80,0.1375,ok,3682863
pinch_sinusoid,pinch_sweep_size_rand_sinusoid-20260624-142357,TesolloCubePinch,TesolloCubePinch-20260624-153202-cubepinch_sb_baseline_s5,baseline,cubepinch_sb_baseline_s5,5,det,27,20,80,0.25,ok,3682863
pinch_sinusoid,pinch_sweep_size_rand_sinusoid-20260624-142357,TesolloCubePinch,TesolloCubePinch-20260624-153202-cubepinch_sb_baseline_s5,baseline,cubepinch_sb_baseline_s5,5,det,28,35,80,0.4375,ok,3682863
pinch_sinusoid,pinch_sweep_size_rand_sinusoid-20260624-142357,TesolloCubePinch,TesolloCubePinch-20260624-153202-cubepinch_sb_baseline_s5,baseline,cubepinch_sb_baseline_s5,5,det,29,33,80,0.4125,ok,3682863
pinch_sinusoid,pinch_sweep_size_rand_sinusoid-20260624-142357,TesolloCubePinch,TesolloCubePinch-20260624-153202-cubepinch_sb_baseline_s5,baseline,cubepinch_sb_baseline_s5,5,det,30,33,80,0.4125,ok,3682863
pinch_sinusoid,pinch_sweep_size_rand_sinusoid-20260624-142357,TesolloCubePinch,TesolloCubePinch-20260624-153202-cubepinch_sb_baseline_s5,baseline,cubepinch_sb_baseline_s5,5,det,31,12,80,0.15,ok,3682863
pinch_sinusoid,pinch_sweep_size_rand_sinusoid-20260624-142357,TesolloCubePinch,TesolloCubePinch-20260624-153202-cubepinch_sb_baseline_s5,baseline,cubepinch_sb_baseline_s5,5,det,32,6,80,0.075,ok,3682863
pinch_sinusoid,pinch_sweep_size_rand_sinusoid-20260624-142357,TesolloCubePinch,TesolloCubePinch-20260624-153202-cubepinch_sb_baseline_s5,baseline,cubepinch_sb_baseline_s5,5,det,33,18,80,0.225,ok,3682863
pinch_sinusoid,pinch_sweep_size_rand_sinusoid-20260624-142357,TesolloCubePinch,TesolloCubePinch-20260624-153202-cubepinch_sb_baseline_s5,baseline,cubepinch_sb_baseline_s5,5,det,34,9,80,0.1125,ok,3682863
pinch_sinusoid,pinch_sweep_size_rand_sinusoid-20260624-142357,TesolloCubePinch,TesolloCubePinch-20260624-153202-cubepinch_sb_baseline_s5,baseline,cubepinch_sb_baseline_s5,5,det,35,17,80,0.2125,ok,3682863
pinch_sinusoid,pinch_sweep_size_rand_sinusoid-20260624-142357,TesolloCubePinch,TesolloCubePinch-20260624-153202-cubepinch_sb_baseline_s5,baseline,cubepinch_sb_baseline_s5,5,det,36,12,80,0.15,ok,3682863
pinch_sinusoid,pinch_sweep_size_rand_sinusoid-20260624-142357,TesolloCubePinch,TesolloCubePinch-20260624-153202-cubepinch_sb_baseline_s5,baseline,cubepinch_sb_baseline_s5,5,det,37,9,80,0.1125,ok,3682863
pinch_sinusoid,pinch_sweep_size_rand_sinusoid-20260624-142357,TesolloCubePinch,TesolloCubePinch-20260624-153202-cubepinch_sb_baseline_s5,baseline,cubepinch_sb_baseline_s5,5,det,38,23,80,0.2875,ok,3682863
pinch_sinusoid,pinch_sweep_size_rand_sinusoid-20260624-142357,TesolloCubePinch,TesolloCubePinch-20260624-153202-cubepinch_sb_baseline_s5,baseline,cubepinch_sb_baseline_s5,5,det,39,16,80,0.2,ok,3682863
pinch_sinusoid,pinch_sweep_size_rand_sinusoid-20260624-142357,TesolloCubePinch,TesolloCubePinch-20260624-153202-cubepinch_sb_baseline_s5,baseline,cubepinch_sb_baseline_s5,5,det,40,21,80,0.2625,ok,3682863
pinch_sinusoid,pinch_sweep_size_rand_sinusoid-20260624-142357,TesolloCubePinch,TesolloCubePinch-20260624-153202-cubepinch_sb_baseline_s5,baseline,cubepinch_sb_baseline_s5,5,det,41,23,80,0.2875,ok,3682863
pinch_sinusoid,pinch_sweep_size_rand_sinusoid-20260624-142357,TesolloCubePinch,TesolloCubePinch-20260624-153202-cubepinch_sb_baseline_s5,baseline,cubepinch_sb_baseline_s5,5,det,42,23,80,0.2875,ok,3682863
pinch_sinusoid,pinch_sweep_size_rand_sinusoid-20260624-142357,TesolloCubePinch,TesolloCubePinch-20260624-153202-cubepinch_sb_baseline_s5,baseline,cubepinch_sb_baseline_s5,5,det,43,24,80,0.3,ok,3682863
pinch_sinusoid,pinch_sweep_size_rand_sinusoid-20260624-142357,TesolloCubePinch,TesolloCubePinch-20260624-153202-cubepinch_sb_baseline_s5,baseline,cubepinch_sb_baseline_s5,5,det,44,31,80,0.3875,ok,3682863
pinch_sinusoid,pinch_sweep_size_rand_sinusoid-20260624-142357,TesolloCubePinch,TesolloCubePinch-20260624-153202-cubepinch_sb_baseline_s5,baseline,cubepinch_sb_baseline_s5,5,det,45,36,80,0.45,ok,3682863
pinch_sinusoid,pinch_sweep_size_rand_sinusoid-20260624-142357,TesolloCubePinch,TesolloCubePinch-20260624-153202-cubepinch_sb_baseline_s5,baseline,cubepinch_sb_baseline_s5,5,det,46,33,80,0.4125,ok,3682863
pinch_sinusoid,pinch_sweep_size_rand_sinusoid-20260624-142357,TesolloCubePinch,TesolloCubePinch-20260624-153202-cubepinch_sb_baseline_s5,baseline,cubepinch_sb_baseline_s5,5,det,47,16,80,0.2,ok,3682863
pinch_sinusoid,pinch_sweep_size_rand_sinusoid-20260624-142357,TesolloCubePinch,TesolloCubePinch-20260624-153202-cubepinch_sb_baseline_s5,baseline,cubepinch_sb_baseline_s5,5,det,48,15,80,0.1875,ok,3682863
pinch_sinusoid,pinch_sweep_size_rand_sinusoid-20260624-142357,TesolloCubePinch,TesolloCubePinch-20260624-153202-cubepinch_sb_baseline_s5,baseline,cubepinch_sb_baseline_s5,5,det,49,13,80,0.1625,ok,3682863
pinch_sinusoid,pinch_sweep_size_rand_sinusoid-20260624-142357,TesolloCubePinch,TesolloCubePinch-20260624-153202-cubepinch_sb_baseline_s5,baseline,cubepinch_sb_baseline_s5,5,det,50,11,80,0.1375,ok,3682863
pinch_sinusoid,pinch_sweep_size_rand_sinusoid-20260624-142357,TesolloCubePinch,TesolloCubePinch-20260624-153202-cubepinch_sb_baseline_s5,baseline,cubepinch_sb_baseline_s5,5,det,51,22,80,0.275,ok,3682863
pinch_sinusoid,pinch_sweep_size_rand_sinusoid-20260624-142357,TesolloCubePinch,TesolloCubePinch-20260624-153202-cubepinch_sb_baseline_s5,baseline,cubepinch_sb_baseline_s5,5,det,52,26,80,0.325,ok,3682863
pinch_sinusoid,pinch_sweep_size_rand_sinusoid-20260624-142357,TesolloCubePinch,TesolloCubePinch-20260624-153202-cubepinch_sb_baseline_s5,baseline,cubepinch_sb_baseline_s5,5,det,53,21,80,0.2625,ok,3682863
pinch_sinusoid,pinch_sweep_size_rand_sinusoid-20260624-142357,TesolloCubePinch,TesolloCubePinch-20260624-153202-cubepinch_sb_baseline_s5,baseline,cubepinch_sb_baseline_s5,5,det,54,34,80,0.425,ok,3682863
pinch_sinusoid,pinch_sweep_size_rand_sinusoid-20260624-142357,TesolloCubePinch,TesolloCubePinch-20260624-153202-cubepinch_sb_baseline_s5,baseline,cubepinch_sb_baseline_s5,5,det,55,32,80,0.4,ok,3682863
pinch_sinusoid,pinch_sweep_size_rand_sinusoid-20260624-142357,TesolloCubePinch,TesolloCubePinch-20260624-153202-cubepinch_sb_baseline_s5,baseline,cubepinch_sb_baseline_s5,5,det,56,38,80,0.475,ok,3682863
pinch_sinusoid,pinch_sweep_size_rand_sinusoid-20260624-142357,TesolloCubePinch,TesolloCubePinch-20260624-153202-cubepinch_sb_baseline_s5,baseline,cubepinch_sb_baseline_s5,5,det,57,37,80,0.4625,ok,3682863
pinch_sinusoid,pinch_sweep_size_rand_sinusoid-20260624-142357,TesolloCubePinch,TesolloCubePinch-20260624-153202-cubepinch_sb_baseline_s5,baseline,cubepinch_sb_baseline_s5,5,det,58,23,80,0.2875,ok,3682863
pinch_sinusoid,pinch_sweep_size_rand_sinusoid-20260624-142357,TesolloCubePinch,TesolloCubePinch-20260624-153202-cubepinch_sb_baseline_s5,baseline,cubepinch_sb_baseline_s5,5,det,59,21,80,0.2625,ok,3682863
pinch_sinusoid,pinch_sweep_size_rand_sinusoid-20260624-142357,TesolloCubePinch,TesolloCubePinch-20260624-153202-cubepinch_sb_baseline_s5,baseline,cubepinch_sb_baseline_s5,5,det,60,18,80,0.225,ok,3682863
pinch_sinusoid,pinch_sweep_size_rand_sinusoid-20260624-142357,TesolloCubePinch,TesolloCubePinch-20260624-153202-cubepinch_sb_baseline_s5,baseline,cubepinch_sb_baseline_s5,5,det,61,37,80,0.4625,ok,3682863
pinch_sinusoid,pinch_sweep_size_rand_sinusoid-20260624-142357,TesolloCubePinch,TesolloCubePinch-20260624-153202-cubepinch_sb_baseline_s5,baseline,cubepinch_sb_baseline_s5,5,det,62,30,80,0.375,ok,3682863
pinch_sinusoid,pinch_sweep_size_rand_sinusoid-20260624-142357,TesolloCubePinch,TesolloCubePinch-20260624-153202-cubepinch_sb_baseline_s5,baseline,cubepinch_sb_baseline_s5,5,det,63,27,80,0.3375,ok,3682863
pinch_sinusoid,pinch_sweep_size_rand_sinusoid-20260624-142357,TesolloCubePinch,TesolloCubePinch-20260624-153202-cubepinch_sb_baseline_s5,baseline,cubepinch_sb_baseline_s5,5,det,64,15,80,0.1875,ok,3682863
pinch_sinusoid,pinch_sweep_size_rand_sinusoid-20260624-142357,TesolloCubePinch,TesolloCubePinch-20260624-153202-cubepinch_sb_baseline_s5,baseline,cubepinch_sb_baseline_s5,5,det,65,20,80,0.25,ok,3682863
pinch_sinusoid,pinch_sweep_size_rand_sinusoid-20260624-142357,TesolloCubePinch,TesolloCubePinch-20260624-153202-cubepinch_sb_baseline_s5,baseline,cubepinch_sb_baseline_s5,5,det,66,18,80,0.225,ok,3682863
pinch_sinusoid,pinch_sweep_size_rand_sinusoid-20260624-142357,TesolloCubePinch,TesolloCubePinch-20260624-153202-cubepinch_sb_baseline_s5,baseline,cubepinch_sb_baseline_s5,5,det,67,17,80,0.2125,ok,3682863
pinch_sinusoid,pinch_sweep_size_rand_sinusoid-20260624-142357,TesolloCubePinch,TesolloCubePinch-20260624-153202-cubepinch_sb_baseline_s5,baseline,cubepinch_sb_baseline_s5,5,det,68,31,80,0.3875,ok,3682863
pinch_sinusoid,pinch_sweep_size_rand_sinusoid-20260624-142357,TesolloCubePinch,TesolloCubePinch-20260624-153202-cubepinch_sb_baseline_s5,baseline,cubepinch_sb_baseline_s5,5,det,69,12,80,0.15,ok,3682863
pinch_sinusoid,pinch_sweep_size_rand_sinusoid-20260624-142357,TesolloCubePinch,TesolloCubePinch-20260624-153202-cubepinch_sb_baseline_s5,baseline,cubepinch_sb_baseline_s5,5,det,70,12,80,0.15,ok,3682863
pinch_sinusoid,pinch_sweep_size_rand_sinusoid-20260624-142357,TesolloCubePinch,TesolloCubePinch-20260624-153202-cubepinch_sb_baseline_s5,baseline,cubepinch_sb_baseline_s5,5,det,71,37,80,0.4625,ok,3682863
pinch_sinusoid,pinch_sweep_size_rand_sinusoid-20260624-142357,TesolloCubePinch,TesolloCubePinch-20260624-153202-cubepinch_sb_baseline_s5,baseline,cubepinch_sb_baseline_s5,5,det,72,16,80,0.2,ok,3682863
pinch_sinusoid,pinch_sweep_size_rand_sinusoid-20260624-142357,TesolloCubePinch,TesolloCubePinch-20260624-153202-cubepinch_sb_baseline_s5,baseline,cubepinch_sb_baseline_s5,5,det,73,18,80,0.225,ok,3682863
pinch_sinusoid,pinch_sweep_size_rand_sinusoid-20260624-142357,TesolloCubePinch,TesolloCubePinch-20260624-153202-cubepinch_sb_baseline_s5,baseline,cubepinch_sb_baseline_s5,5,det,74,17,80,0.2125,ok,3682863
pinch_sinusoid,pinch_sweep_size_rand_sinusoid-20260624-142357,TesolloCubePinch,TesolloCubePinch-20260624-153202-cubepinch_sb_baseline_s5,baseline,cubepinch_sb_baseline_s5,5,det,75,20,80,0.25,ok,3682863
pinch_sinusoid,pinch_sweep_size_rand_sinusoid-20260624-142357,TesolloCubePinch,TesolloCubePinch-20260624-153202-cubepinch_sb_baseline_s5,baseline,cubepinch_sb_baseline_s5,5,det,76,30,80,0.375,ok,3682863
pinch_sinusoid,pinch_sweep_size_rand_sinusoid-20260624-142357,TesolloCubePinch,TesolloCubePinch-20260624-153202-cubepinch_sb_baseline_s5,baseline,cubepinch_sb_baseline_s5,5,det,77,35,80,0.4375,ok,3682863
pinch_sinusoid,pinch_sweep_size_rand_sinusoid-20260624-142357,TesolloCubePinch,TesolloCubePinch-20260624-153202-cubepinch_sb_baseline_s5,baseline,cubepinch_sb_baseline_s5,5,det,78,23,80,0.2875,ok,3682863
pinch_sinusoid,pinch_sweep_size_rand_sinusoid-20260624-142357,TesolloCubePinch,TesolloCubePinch-20260624-153202-cubepinch_sb_baseline_s5,baseline,cubepinch_sb_baseline_s5,5,det,79,23,80,0.2875,ok,3682863
pinch_sinusoid,pinch_sweep_size_rand_sinusoid-20260624-142357,TesolloCubePinch,TesolloCubePinch-20260624-153202-cubepinch_sb_baseline_s5,baseline,cubepinch_sb_baseline_s5,5,det,80,7,80,0.0875,ok,3682863
pinch_sinusoid,pinch_sweep_size_rand_sinusoid-20260624-142357,TesolloCubePinch,TesolloCubePinch-20260624-153202-cubepinch_sb_baseline_s5,baseline,cubepinch_sb_baseline_s5,5,det,81,14,80,0.175,ok,3682863
pinch_sinusoid,pinch_sweep_size_rand_sinusoid-20260624-142357,TesolloCubePinch,TesolloCubePinch-20260624-153202-cubepinch_sb_baseline_s5,baseline,cubepinch_sb_baseline_s5,5,det,82,16,80,0.2,ok,3682863
pinch_sinusoid,pinch_sweep_size_rand_sinusoid-20260624-142357,TesolloCubePinch,TesolloCubePinch-20260624-153202-cubepinch_sb_baseline_s5,baseline,cubepinch_sb_baseline_s5,5,det,83,37,80,0.4625,ok,3682863
pinch_sinusoid,pinch_sweep_size_rand_sinusoid-20260624-142357,TesolloCubePinch,TesolloCubePinch-20260624-153202-cubepinch_sb_baseline_s5,baseline,cubepinch_sb_baseline_s5,5,det,84,8,80,0.1,ok,3682863
pinch_sinusoid,pinch_sweep_size_rand_sinusoid-20260624-142357,TesolloCubePinch,TesolloCubePinch-20260624-153202-cubepinch_sb_baseline_s5,baseline,cubepinch_sb_baseline_s5,5,det,85,24,80,0.3,ok,3682863
pinch_sinusoid,pinch_sweep_size_rand_sinusoid-20260624-142357,TesolloCubePinch,TesolloCubePinch-20260624-153202-cubepinch_sb_baseline_s5,baseline,cubepinch_sb_baseline_s5,5,det,86,14,80,0.175,ok,3682863
pinch_sinusoid,pinch_sweep_size_rand_sinusoid-20260624-142357,TesolloCubePinch,TesolloCubePinch-20260624-153202-cubepinch_sb_baseline_s5,baseline,cubepinch_sb_baseline_s5,5,det,87,22,80,0.275,ok,3682863
pinch_sinusoid,pinch_sweep_size_rand_sinusoid-20260624-142357,TesolloCubePinch,TesolloCubePinch-20260624-153202-cubepinch_sb_baseline_s5,baseline,cubepinch_sb_baseline_s5,5,det,88,26,80,0.325,ok,3682863
pinch_sinusoid,pinch_sweep_size_rand_sinusoid-20260624-142357,TesolloCubePinch,TesolloCubePinch-20260624-153202-cubepinch_sb_baseline_s5,baseline,cubepinch_sb_baseline_s5,5,det,89,32,80,0.4,ok,3682863
pinch_sinusoid,pinch_sweep_size_rand_sinusoid-20260624-142357,TesolloCubePinch,TesolloCubePinch-20260624-153202-cubepinch_sb_baseline_s5,baseline,cubepinch_sb_baseline_s5,5,det,90,23,80,0.2875,ok,3682863
pinch_sinusoid,pinch_sweep_size_rand_sinusoid-20260624-142357,TesolloCubePinch,TesolloCubePinch-20260624-153202-cubepinch_sb_baseline_s5,baseline,cubepinch_sb_baseline_s5,5,det,91,27,80,0.3375,ok,3682863
pinch_sinusoid,pinch_sweep_size_rand_sinusoid-20260624-142357,TesolloCubePinch,TesolloCubePinch-20260624-153202-cubepinch_sb_baseline_s5,baseline,cubepinch_sb_baseline_s5,5,det,92,26,80,0.325,ok,3682863
pinch_sinusoid,pinch_sweep_size_rand_sinusoid-20260624-142357,TesolloCubePinch,TesolloCubePinch-20260624-153202-cubepinch_sb_baseline_s5,baseline,cubepinch_sb_baseline_s5,5,det,93,16,80,0.2,ok,3682863
pinch_sinusoid,pinch_sweep_size_rand_sinusoid-20260624-142357,TesolloCubePinch,TesolloCubePinch-20260624-153202-cubepinch_sb_baseline_s5,baseline,cubepinch_sb_baseline_s5,5,det,94,18,80,0.225,ok,3682863
pinch_sinusoid,pinch_sweep_size_rand_sinusoid-20260624-142357,TesolloCubePinch,TesolloCubePinch-20260624-153202-cubepinch_sb_baseline_s5,baseline,cubepinch_sb_baseline_s5,5,det,95,8,80,0.1,ok,3682863
pinch_sinusoid,pinch_sweep_size_rand_sinusoid-20260624-142357,TesolloCubePinch,TesolloCubePinch-20260624-153202-cubepinch_sb_baseline_s5,baseline,cubepinch_sb_baseline_s5,5,det,96,25,80,0.3125,ok,3682863
pinch_sinusoid,pinch_sweep_size_rand_sinusoid-20260624-142357,TesolloCubePinch,TesolloCubePinch-20260624-153202-cubepinch_sb_baseline_s5,baseline,cubepinch_sb_baseline_s5,5,det,97,31,80,0.3875,ok,3682863
pinch_sinusoid,pinch_sweep_size_rand_sinusoid-20260624-142357,TesolloCubePinch,TesolloCubePinch-20260624-153202-cubepinch_sb_baseline_s5,baseline,cubepinch_sb_baseline_s5,5,det,98,22,80,0.275,ok,3682863
pinch_sinusoid,pinch_sweep_size_rand_sinusoid-20260624-142357,TesolloCubePinch,TesolloCubePinch-20260624-153202-cubepinch_sb_baseline_s5,baseline,cubepinch_sb_baseline_s5,5,det,99,13,80,0.1625,ok,3682863
pinch_sinusoid,pinch_sweep_size_rand_sinusoid-20260624-142357,TesolloCubePinch,TesolloCubePinch-20260624-142406-cubepinch_sb_baseline_s6,baseline,cubepinch_sb_baseline_s6,6,det,0,15,80,0.1875,ok,3682863
pinch_sinusoid,pinch_sweep_size_rand_sinusoid-20260624-142357,TesolloCubePinch,TesolloCubePinch-20260624-142406-cubepinch_sb_baseline_s6,baseline,cubepinch_sb_baseline_s6,6,det,1,27,80,0.3375,ok,3682863
pinch_sinusoid,pinch_sweep_size_rand_sinusoid-20260624-142357,TesolloCubePinch,TesolloCubePinch-20260624-142406-cubepinch_sb_baseline_s6,baseline,cubepinch_sb_baseline_s6,6,det,2,35,80,0.4375,ok,3682863
pinch_sinusoid,pinch_sweep_size_rand_sinusoid-20260624-142357,TesolloCubePinch,TesolloCubePinch-20260624-142406-cubepinch_sb_baseline_s6,baseline,cubepinch_sb_baseline_s6,6,det,3,32,80,0.4,ok,3682863
pinch_sinusoid,pinch_sweep_size_rand_sinusoid-20260624-142357,TesolloCubePinch,TesolloCubePinch-20260624-142406-cubepinch_sb_baseline_s6,baseline,cubepinch_sb_baseline_s6,6,det,4,39,80,0.4875,ok,3682863
pinch_sinusoid,pinch_sweep_size_rand_sinusoid-20260624-142357,TesolloCubePinch,TesolloCubePinch-20260624-142406-cubepinch_sb_baseline_s6,baseline,cubepinch_sb_baseline_s6,6,det,5,15,80,0.1875,ok,3682863
pinch_sinusoid,pinch_sweep_size_rand_sinusoid-20260624-142357,TesolloCubePinch,TesolloCubePinch-20260624-142406-cubepinch_sb_baseline_s6,baseline,cubepinch_sb_baseline_s6,6,det,6,34,80,0.425,ok,3682863
pinch_sinusoid,pinch_sweep_size_rand_sinusoid-20260624-142357,TesolloCubePinch,TesolloCubePinch-20260624-142406-cubepinch_sb_baseline_s6,baseline,cubepinch_sb_baseline_s6,6,det,7,45,80,0.5625,ok,3682863
pinch_sinusoid,pinch_sweep_size_rand_sinusoid-20260624-142357,TesolloCubePinch,TesolloCubePinch-20260624-142406-cubepinch_sb_baseline_s6,baseline,cubepinch_sb_baseline_s6,6,det,8,36,80,0.45,ok,3682863
pinch_sinusoid,pinch_sweep_size_rand_sinusoid-20260624-142357,TesolloCubePinch,TesolloCubePinch-20260624-142406-cubepinch_sb_baseline_s6,baseline,cubepinch_sb_baseline_s6,6,det,9,21,80,0.2625,ok,3682863
pinch_sinusoid,pinch_sweep_size_rand_sinusoid-20260624-142357,TesolloCubePinch,TesolloCubePinch-20260624-142406-cubepinch_sb_baseline_s6,baseline,cubepinch_sb_baseline_s6,6,det,10,22,80,0.275,ok,3682863
pinch_sinusoid,pinch_sweep_size_rand_sinusoid-20260624-142357,TesolloCubePinch,TesolloCubePinch-20260624-142406-cubepinch_sb_baseline_s6,baseline,cubepinch_sb_baseline_s6,6,det,11,33,80,0.4125,ok,3682863
pinch_sinusoid,pinch_sweep_size_rand_sinusoid-20260624-142357,TesolloCubePinch,TesolloCubePinch-20260624-142406-cubepinch_sb_baseline_s6,baseline,cubepinch_sb_baseline_s6,6,det,12,36,80,0.45,ok,3682863
pinch_sinusoid,pinch_sweep_size_rand_sinusoid-20260624-142357,TesolloCubePinch,TesolloCubePinch-20260624-142406-cubepinch_sb_baseline_s6,baseline,cubepinch_sb_baseline_s6,6,det,13,12,80,0.15,ok,3682863
pinch_sinusoid,pinch_sweep_size_rand_sinusoid-20260624-142357,TesolloCubePinch,TesolloCubePinch-20260624-142406-cubepinch_sb_baseline_s6,baseline,cubepinch_sb_baseline_s6,6,det,14,22,80,0.275,ok,3682863
pinch_sinusoid,pinch_sweep_size_rand_sinusoid-20260624-142357,TesolloCubePinch,TesolloCubePinch-20260624-142406-cubepinch_sb_baseline_s6,baseline,cubepinch_sb_baseline_s6,6,det,15,16,80,0.2,ok,3682863
pinch_sinusoid,pinch_sweep_size_rand_sinusoid-20260624-142357,TesolloCubePinch,TesolloCubePinch-20260624-142406-cubepinch_sb_baseline_s6,baseline,cubepinch_sb_baseline_s6,6,det,16,17,80,0.2125,ok,3682863
pinch_sinusoid,pinch_sweep_size_rand_sinusoid-20260624-142357,TesolloCubePinch,TesolloCubePinch-20260624-142406-cubepinch_sb_baseline_s6,baseline,cubepinch_sb_baseline_s6,6,det,17,17,80,0.2125,ok,3682863
pinch_sinusoid,pinch_sweep_size_rand_sinusoid-20260624-142357,TesolloCubePinch,TesolloCubePinch-20260624-142406-cubepinch_sb_baseline_s6,baseline,cubepinch_sb_baseline_s6,6,det,18,24,80,0.3,ok,3682863
pinch_sinusoid,pinch_sweep_size_rand_sinusoid-20260624-142357,TesolloCubePinch,TesolloCubePinch-20260624-142406-cubepinch_sb_baseline_s6,baseline,cubepinch_sb_baseline_s6,6,det,19,27,80,0.3375,ok,3682863
pinch_sinusoid,pinch_sweep_size_rand_sinusoid-20260624-142357,TesolloCubePinch,TesolloCubePinch-20260624-142406-cubepinch_sb_baseline_s6,baseline,cubepinch_sb_baseline_s6,6,det,20,28,80,0.35,ok,3682863
pinch_sinusoid,pinch_sweep_size_rand_sinusoid-20260624-142357,TesolloCubePinch,TesolloCubePinch-20260624-142406-cubepinch_sb_baseline_s6,baseline,cubepinch_sb_baseline_s6,6,det,21,14,80,0.175,ok,3682863
pinch_sinusoid,pinch_sweep_size_rand_sinusoid-20260624-142357,TesolloCubePinch,TesolloCubePinch-20260624-142406-cubepinch_sb_baseline_s6,baseline,cubepinch_sb_baseline_s6,6,det,22,18,80,0.225,ok,3682863
pinch_sinusoid,pinch_sweep_size_rand_sinusoid-20260624-142357,TesolloCubePinch,TesolloCubePinch-20260624-142406-cubepinch_sb_baseline_s6,baseline,cubepinch_sb_baseline_s6,6,det,23,37,80,0.4625,ok,3682863
pinch_sinusoid,pinch_sweep_size_rand_sinusoid-20260624-142357,TesolloCubePinch,TesolloCubePinch-20260624-142406-cubepinch_sb_baseline_s6,baseline,cubepinch_sb_baseline_s6,6,det,24,43,80,0.5375,ok,3682863
pinch_sinusoid,pinch_sweep_size_rand_sinusoid-20260624-142357,TesolloCubePinch,TesolloCubePinch-20260624-142406-cubepinch_sb_baseline_s6,baseline,cubepinch_sb_baseline_s6,6,det,25,22,80,0.275,ok,3682863
pinch_sinusoid,pinch_sweep_size_rand_sinusoid-20260624-142357,TesolloCubePinch,TesolloCubePinch-20260624-142406-cubepinch_sb_baseline_s6,baseline,cubepinch_sb_baseline_s6,6,det,26,32,80,0.4,ok,3682863
pinch_sinusoid,pinch_sweep_size_rand_sinusoid-20260624-142357,TesolloCubePinch,TesolloCubePinch-20260624-142406-cubepinch_sb_baseline_s6,baseline,cubepinch_sb_baseline_s6,6,det,27,28,80,0.35,ok,3682863
pinch_sinusoid,pinch_sweep_size_rand_sinusoid-20260624-142357,TesolloCubePinch,TesolloCubePinch-20260624-142406-cubepinch_sb_baseline_s6,baseline,cubepinch_sb_baseline_s6,6,det,28,21,80,0.2625,ok,3682863
pinch_sinusoid,pinch_sweep_size_rand_sinusoid-20260624-142357,TesolloCubePinch,TesolloCubePinch-20260624-142406-cubepinch_sb_baseline_s6,baseline,cubepinch_sb_baseline_s6,6,det,29,45,80,0.5625,ok,3682863
pinch_sinusoid,pinch_sweep_size_rand_sinusoid-20260624-142357,TesolloCubePinch,TesolloCubePinch-20260624-142406-cubepinch_sb_baseline_s6,baseline,cubepinch_sb_baseline_s6,6,det,30,28,80,0.35,ok,3682863
pinch_sinusoid,pinch_sweep_size_rand_sinusoid-20260624-142357,TesolloCubePinch,TesolloCubePinch-20260624-142406-cubepinch_sb_baseline_s6,baseline,cubepinch_sb_baseline_s6,6,det,31,35,80,0.4375,ok,3682863
pinch_sinusoid,pinch_sweep_size_rand_sinusoid-20260624-142357,TesolloCubePinch,TesolloCubePinch-20260624-142406-cubepinch_sb_baseline_s6,baseline,cubepinch_sb_baseline_s6,6,det,32,40,80,0.5,ok,3682863
pinch_sinusoid,pinch_sweep_size_rand_sinusoid-20260624-142357,TesolloCubePinch,TesolloCubePinch-20260624-142406-cubepinch_sb_baseline_s6,baseline,cubepinch_sb_baseline_s6,6,det,33,28,80,0.35,ok,3682863
pinch_sinusoid,pinch_sweep_size_rand_sinusoid-20260624-142357,TesolloCubePinch,TesolloCubePinch-20260624-142406-cubepinch_sb_baseline_s6,baseline,cubepinch_sb_baseline_s6,6,det,34,28,80,0.35,ok,3682863
pinch_sinusoid,pinch_sweep_size_rand_sinusoid-20260624-142357,TesolloCubePinch,TesolloCubePinch-20260624-142406-cubepinch_sb_baseline_s6,baseline,cubepinch_sb_baseline_s6,6,det,35,43,80,0.5375,ok,3682863
pinch_sinusoid,pinch_sweep_size_rand_sinusoid-20260624-142357,TesolloCubePinch,TesolloCubePinch-20260624-142406-cubepinch_sb_baseline_s6,baseline,cubepinch_sb_baseline_s6,6,det,36,22,80,0.275,ok,3682863
pinch_sinusoid,pinch_sweep_size_rand_sinusoid-20260624-142357,TesolloCubePinch,TesolloCubePinch-20260624-142406-cubepinch_sb_baseline_s6,baseline,cubepinch_sb_baseline_s6,6,det,37,47,80,0.5875,ok,3682863
pinch_sinusoid,pinch_sweep_size_rand_sinusoid-20260624-142357,TesolloCubePinch,TesolloCubePinch-20260624-142406-cubepinch_sb_baseline_s6,baseline,cubepinch_sb_baseline_s6,6,det,38,45,80,0.5625,ok,3682863
pinch_sinusoid,pinch_sweep_size_rand_sinusoid-20260624-142357,TesolloCubePinch,TesolloCubePinch-20260624-142406-cubepinch_sb_baseline_s6,baseline,cubepinch_sb_baseline_s6,6,det,39,13,80,0.1625,ok,3682863
pinch_sinusoid,pinch_sweep_size_rand_sinusoid-20260624-142357,TesolloCubePinch,TesolloCubePinch-20260624-142406-cubepinch_sb_baseline_s6,baseline,cubepinch_sb_baseline_s6,6,det,40,28,80,0.35,ok,3682863
pinch_sinusoid,pinch_sweep_size_rand_sinusoid-20260624-142357,TesolloCubePinch,TesolloCubePinch-20260624-142406-cubepinch_sb_baseline_s6,baseline,cubepinch_sb_baseline_s6,6,det,41,31,80,0.3875,ok,3682863
pinch_sinusoid,pinch_sweep_size_rand_sinusoid-20260624-142357,TesolloCubePinch,TesolloCubePinch-20260624-142406-cubepinch_sb_baseline_s6,baseline,cubepinch_sb_baseline_s6,6,det,42,24,80,0.3,ok,3682863
pinch_sinusoid,pinch_sweep_size_rand_sinusoid-20260624-142357,TesolloCubePinch,TesolloCubePinch-20260624-142406-cubepinch_sb_baseline_s6,baseline,cubepinch_sb_baseline_s6,6,det,43,39,80,0.4875,ok,3682863
pinch_sinusoid,pinch_sweep_size_rand_sinusoid-20260624-142357,TesolloCubePinch,TesolloCubePinch-20260624-142406-cubepinch_sb_baseline_s6,baseline,cubepinch_sb_baseline_s6,6,det,44,30,80,0.375,ok,3682863
pinch_sinusoid,pinch_sweep_size_rand_sinusoid-20260624-142357,TesolloCubePinch,TesolloCubePinch-20260624-142406-cubepinch_sb_baseline_s6,baseline,cubepinch_sb_baseline_s6,6,det,45,30,80,0.375,ok,3682863
pinch_sinusoid,pinch_sweep_size_rand_sinusoid-20260624-142357,TesolloCubePinch,TesolloCubePinch-20260624-142406-cubepinch_sb_baseline_s6,baseline,cubepinch_sb_baseline_s6,6,det,46,27,80,0.3375,ok,3682863
pinch_sinusoid,pinch_sweep_size_rand_sinusoid-20260624-142357,TesolloCubePinch,TesolloCubePinch-20260624-142406-cubepinch_sb_baseline_s6,baseline,cubepinch_sb_baseline_s6,6,det,47,40,80,0.5,ok,3682863
pinch_sinusoid,pinch_sweep_size_rand_sinusoid-20260624-142357,TesolloCubePinch,TesolloCubePinch-20260624-142406-cubepinch_sb_baseline_s6,baseline,cubepinch_sb_baseline_s6,6,det,48,31,80,0.3875,ok,3682863
pinch_sinusoid,pinch_sweep_size_rand_sinusoid-20260624-142357,TesolloCubePinch,TesolloCubePinch-20260624-142406-cubepinch_sb_baseline_s6,baseline,cubepinch_sb_baseline_s6,6,det,49,28,80,0.35,ok,3682863
pinch_sinusoid,pinch_sweep_size_rand_sinusoid-20260624-142357,TesolloCubePinch,TesolloCubePinch-20260624-142406-cubepinch_sb_baseline_s6,baseline,cubepinch_sb_baseline_s6,6,det,50,35,80,0.4375,ok,3682863
pinch_sinusoid,pinch_sweep_size_rand_sinusoid-20260624-142357,TesolloCubePinch,TesolloCubePinch-20260624-142406-cubepinch_sb_baseline_s6,baseline,cubepinch_sb_baseline_s6,6,det,51,26,80,0.325,ok,3682863
pinch_sinusoid,pinch_sweep_size_rand_sinusoid-20260624-142357,TesolloCubePinch,TesolloCubePinch-20260624-142406-cubepinch_sb_baseline_s6,baseline,cubepinch_sb_baseline_s6,6,det,52,37,80,0.4625,ok,3682863
pinch_sinusoid,pinch_sweep_size_rand_sinusoid-20260624-142357,TesolloCubePinch,TesolloCubePinch-20260624-142406-cubepinch_sb_baseline_s6,baseline,cubepinch_sb_baseline_s6,6,det,53,22,80,0.275,ok,3682863
pinch_sinusoid,pinch_sweep_size_rand_sinusoid-20260624-142357,TesolloCubePinch,TesolloCubePinch-20260624-142406-cubepinch_sb_baseline_s6,baseline,cubepinch_sb_baseline_s6,6,det,54,16,80,0.2,ok,3682863
pinch_sinusoid,pinch_sweep_size_rand_sinusoid-20260624-142357,TesolloCubePinch,TesolloCubePinch-20260624-142406-cubepinch_sb_baseline_s6,baseline,cubepinch_sb_baseline_s6,6,det,55,21,80,0.2625,ok,3682863
pinch_sinusoid,pinch_sweep_size_rand_sinusoid-20260624-142357,TesolloCubePinch,TesolloCubePinch-20260624-142406-cubepinch_sb_baseline_s6,baseline,cubepinch_sb_baseline_s6,6,det,56,25,80,0.3125,ok,3682863
pinch_sinusoid,pinch_sweep_size_rand_sinusoid-20260624-142357,TesolloCubePinch,TesolloCubePinch-20260624-142406-cubepinch_sb_baseline_s6,baseline,cubepinch_sb_baseline_s6,6,det,57,23,80,0.2875,ok,3682863
pinch_sinusoid,pinch_sweep_size_rand_sinusoid-20260624-142357,TesolloCubePinch,TesolloCubePinch-20260624-142406-cubepinch_sb_baseline_s6,baseline,cubepinch_sb_baseline_s6,6,det,58,42,80,0.525,ok,3682863
pinch_sinusoid,pinch_sweep_size_rand_sinusoid-20260624-142357,TesolloCubePinch,TesolloCubePinch-20260624-142406-cubepinch_sb_baseline_s6,baseline,cubepinch_sb_baseline_s6,6,det,59,42,80,0.525,ok,3682863
pinch_sinusoid,pinch_sweep_size_rand_sinusoid-20260624-142357,TesolloCubePinch,TesolloCubePinch-20260624-142406-cubepinch_sb_baseline_s6,baseline,cubepinch_sb_baseline_s6,6,det,60,15,80,0.1875,ok,3682863
pinch_sinusoid,pinch_sweep_size_rand_sinusoid-20260624-142357,TesolloCubePinch,TesolloCubePinch-20260624-142406-cubepinch_sb_baseline_s6,baseline,cubepinch_sb_baseline_s6,6,det,61,30,80,0.375,ok,3682863
pinch_sinusoid,pinch_sweep_size_rand_sinusoid-20260624-142357,TesolloCubePinch,TesolloCubePinch-20260624-142406-cubepinch_sb_baseline_s6,baseline,cubepinch_sb_baseline_s6,6,det,62,16,80,0.2,ok,3682863
pinch_sinusoid,pinch_sweep_size_rand_sinusoid-20260624-142357,TesolloCubePinch,TesolloCubePinch-20260624-142406-cubepinch_sb_baseline_s6,baseline,cubepinch_sb_baseline_s6,6,det,63,32,80,0.4,ok,3682863
pinch_sinusoid,pinch_sweep_size_rand_sinusoid-20260624-142357,TesolloCubePinch,TesolloCubePinch-20260624-142406-cubepinch_sb_baseline_s6,baseline,cubepinch_sb_baseline_s6,6,det,64,20,80,0.25,ok,3682863
pinch_sinusoid,pinch_sweep_size_rand_sinusoid-20260624-142357,TesolloCubePinch,TesolloCubePinch-20260624-142406-cubepinch_sb_baseline_s6,baseline,cubepinch_sb_baseline_s6,6,det,65,25,80,0.3125,ok,3682863
pinch_sinusoid,pinch_sweep_size_rand_sinusoid-20260624-142357,TesolloCubePinch,TesolloCubePinch-20260624-142406-cubepinch_sb_baseline_s6,baseline,cubepinch_sb_baseline_s6,6,det,66,26,80,0.325,ok,3682863
pinch_sinusoid,pinch_sweep_size_rand_sinusoid-20260624-142357,TesolloCubePinch,TesolloCubePinch-20260624-142406-cubepinch_sb_baseline_s6,baseline,cubepinch_sb_baseline_s6,6,det,67,19,80,0.2375,ok,3682863
pinch_sinusoid,pinch_sweep_size_rand_sinusoid-20260624-142357,TesolloCubePinch,TesolloCubePinch-20260624-142406-cubepinch_sb_baseline_s6,baseline,cubepinch_sb_baseline_s6,6,det,68,41,80,0.5125,ok,3682863
pinch_sinusoid,pinch_sweep_size_rand_sinusoid-20260624-142357,TesolloCubePinch,TesolloCubePinch-20260624-142406-cubepinch_sb_baseline_s6,baseline,cubepinch_sb_baseline_s6,6,det,69,44,80,0.55,ok,3682863
pinch_sinusoid,pinch_sweep_size_rand_sinusoid-20260624-142357,TesolloCubePinch,TesolloCubePinch-20260624-142406-cubepinch_sb_baseline_s6,baseline,cubepinch_sb_baseline_s6,6,det,70,21,80,0.2625,ok,3682863
pinch_sinusoid,pinch_sweep_size_rand_sinusoid-20260624-142357,TesolloCubePinch,TesolloCubePinch-20260624-142406-cubepinch_sb_baseline_s6,baseline,cubepinch_sb_baseline_s6,6,det,71,18,80,0.225,ok,3682863
pinch_sinusoid,pinch_sweep_size_rand_sinusoid-20260624-142357,TesolloCubePinch,TesolloCubePinch-20260624-142406-cubepinch_sb_baseline_s6,baseline,cubepinch_sb_baseline_s6,6,det,72,40,80,0.5,ok,3682863
pinch_sinusoid,pinch_sweep_size_rand_sinusoid-20260624-142357,TesolloCubePinch,TesolloCubePinch-20260624-142406-cubepinch_sb_baseline_s6,baseline,cubepinch_sb_baseline_s6,6,det,73,40,80,0.5,ok,3682863
pinch_sinusoid,pinch_sweep_size_rand_sinusoid-20260624-142357,TesolloCubePinch,TesolloCubePinch-20260624-142406-cubepinch_sb_baseline_s6,baseline,cubepinch_sb_baseline_s6,6,det,74,22,80,0.275,ok,3682863
pinch_sinusoid,pinch_sweep_size_rand_sinusoid-20260624-142357,TesolloCubePinch,TesolloCubePinch-20260624-142406-cubepinch_sb_baseline_s6,baseline,cubepinch_sb_baseline_s6,6,det,75,23,80,0.2875,ok,3682863
pinch_sinusoid,pinch_sweep_size_rand_sinusoid-20260624-142357,TesolloCubePinch,TesolloCubePinch-20260624-142406-cubepinch_sb_baseline_s6,baseline,cubepinch_sb_baseline_s6,6,det,76,21,80,0.2625,ok,3682863
pinch_sinusoid,pinch_sweep_size_rand_sinusoid-20260624-142357,TesolloCubePinch,TesolloCubePinch-20260624-142406-cubepinch_sb_baseline_s6,baseline,cubepinch_sb_baseline_s6,6,det,77,35,80,0.4375,ok,3682863
pinch_sinusoid,pinch_sweep_size_rand_sinusoid-20260624-142357,TesolloCubePinch,TesolloCubePinch-20260624-142406-cubepinch_sb_baseline_s6,baseline,cubepinch_sb_baseline_s6,6,det,78,20,80,0.25,ok,3682863
pinch_sinusoid,pinch_sweep_size_rand_sinusoid-20260624-142357,TesolloCubePinch,TesolloCubePinch-20260624-142406-cubepinch_sb_baseline_s6,baseline,cubepinch_sb_baseline_s6,6,det,79,39,80,0.4875,ok,3682863
pinch_sinusoid,pinch_sweep_size_rand_sinusoid-20260624-142357,TesolloCubePinch,TesolloCubePinch-20260624-142406-cubepinch_sb_baseline_s6,baseline,cubepinch_sb_baseline_s6,6,det,80,22,80,0.275,ok,3682863
pinch_sinusoid,pinch_sweep_size_rand_sinusoid-20260624-142357,TesolloCubePinch,TesolloCubePinch-20260624-142406-cubepinch_sb_baseline_s6,baseline,cubepinch_sb_baseline_s6,6,det,81,36,80,0.45,ok,3682863
pinch_sinusoid,pinch_sweep_size_rand_sinusoid-20260624-142357,TesolloCubePinch,TesolloCubePinch-20260624-142406-cubepinch_sb_baseline_s6,baseline,cubepinch_sb_baseline_s6,6,det,82,12,80,0.15,ok,3682863
pinch_sinusoid,pinch_sweep_size_rand_sinusoid-20260624-142357,TesolloCubePinch,TesolloCubePinch-20260624-142406-cubepinch_sb_baseline_s6,baseline,cubepinch_sb_baseline_s6,6,det,83,13,80,0.1625,ok,3682863
pinch_sinusoid,pinch_sweep_size_rand_sinusoid-20260624-142357,TesolloCubePinch,TesolloCubePinch-20260624-142406-cubepinch_sb_baseline_s6,baseline,cubepinch_sb_baseline_s6,6,det,84,38,80,0.475,ok,3682863
pinch_sinusoid,pinch_sweep_size_rand_sinusoid-20260624-142357,TesolloCubePinch,TesolloCubePinch-20260624-142406-cubepinch_sb_baseline_s6,baseline,cubepinch_sb_baseline_s6,6,det,85,33,80,0.4125,ok,3682863
pinch_sinusoid,pinch_sweep_size_rand_sinusoid-20260624-142357,TesolloCubePinch,TesolloCubePinch-20260624-142406-cubepinch_sb_baseline_s6,baseline,cubepinch_sb_baseline_s6,6,det,86,36,80,0.45,ok,3682863
pinch_sinusoid,pinch_sweep_size_rand_sinusoid-20260624-142357,TesolloCubePinch,TesolloCubePinch-20260624-142406-cubepinch_sb_baseline_s6,baseline,cubepinch_sb_baseline_s6,6,det,87,26,80,0.325,ok,3682863
pinch_sinusoid,pinch_sweep_size_rand_sinusoid-20260624-142357,TesolloCubePinch,TesolloCubePinch-20260624-142406-cubepinch_sb_baseline_s6,baseline,cubepinch_sb_baseline_s6,6,det,88,20,80,0.25,ok,3682863
pinch_sinusoid,pinch_sweep_size_rand_sinusoid-20260624-142357,TesolloCubePinch,TesolloCubePinch-20260624-142406-cubepinch_sb_baseline_s6,baseline,cubepinch_sb_baseline_s6,6,det,89,22,80,0.275,ok,3682863
pinch_sinusoid,pinch_sweep_size_rand_sinusoid-20260624-142357,TesolloCubePinch,TesolloCubePinch-20260624-142406-cubepinch_sb_baseline_s6,baseline,cubepinch_sb_baseline_s6,6,det,90,25,80,0.3125,ok,3682863
pinch_sinusoid,pinch_sweep_size_rand_sinusoid-20260624-142357,TesolloCubePinch,TesolloCubePinch-20260624-142406-cubepinch_sb_baseline_s6,baseline,cubepinch_sb_baseline_s6,6,det,91,29,80,0.3625,ok,3682863
pinch_sinusoid,pinch_sweep_size_rand_sinusoid-20260624-142357,TesolloCubePinch,TesolloCubePinch-20260624-142406-cubepinch_sb_baseline_s6,baseline,cubepinch_sb_baseline_s6,6,det,92,25,80,0.3125,ok,3682863
pinch_sinusoid,pinch_sweep_size_rand_sinusoid-20260624-142357,TesolloCubePinch,TesolloCubePinch-20260624-142406-cubepinch_sb_baseline_s6,baseline,cubepinch_sb_baseline_s6,6,det,93,14,80,0.175,ok,3682863
pinch_sinusoid,pinch_sweep_size_rand_sinusoid-20260624-142357,TesolloCubePinch,TesolloCubePinch-20260624-142406-cubepinch_sb_baseline_s6,baseline,cubepinch_sb_baseline_s6,6,det,94,32,80,0.4,ok,3682863
pinch_sinusoid,pinch_sweep_size_rand_sinusoid-20260624-142357,TesolloCubePinch,TesolloCubePinch-20260624-142406-cubepinch_sb_baseline_s6,baseline,cubepinch_sb_baseline_s6,6,det,95,23,80,0.2875,ok,3682863
pinch_sinusoid,pinch_sweep_size_rand_sinusoid-20260624-142357,TesolloCubePinch,TesolloCubePinch-20260624-142406-cubepinch_sb_baseline_s6,baseline,cubepinch_sb_baseline_s6,6,det,96,30,80,0.375,ok,3682863
pinch_sinusoid,pinch_sweep_size_rand_sinusoid-20260624-142357,TesolloCubePinch,TesolloCubePinch-20260624-142406-cubepinch_sb_baseline_s6,baseline,cubepinch_sb_baseline_s6,6,det,97,24,80,0.3,ok,3682863
pinch_sinusoid,pinch_sweep_size_rand_sinusoid-20260624-142357,TesolloCubePinch,TesolloCubePinch-20260624-142406-cubepinch_sb_baseline_s6,baseline,cubepinch_sb_baseline_s6,6,det,98,25,80,0.3125,ok,3682863
pinch_sinusoid,pinch_sweep_size_rand_sinusoid-20260624-142357,TesolloCubePinch,TesolloCubePinch-20260624-142406-cubepinch_sb_baseline_s6,baseline,cubepinch_sb_baseline_s6,6,det,99,27,80,0.3375,ok,3682863
pinch_sinusoid,pinch_sweep_size_rand_sinusoid-20260624-142357,TesolloCubePinch,TesolloCubePinch-20260624-144106-cubepinch_sb_baseline_s7,baseline,cubepinch_sb_baseline_s7,7,det,0,9,80,0.1125,ok,3682863
pinch_sinusoid,pinch_sweep_size_rand_sinusoid-20260624-142357,TesolloCubePinch,TesolloCubePinch-20260624-144106-cubepinch_sb_baseline_s7,baseline,cubepinch_sb_baseline_s7,7,det,1,12,80,0.15,ok,3682863
pinch_sinusoid,pinch_sweep_size_rand_sinusoid-20260624-142357,TesolloCubePinch,TesolloCubePinch-20260624-144106-cubepinch_sb_baseline_s7,baseline,cubepinch_sb_baseline_s7,7,det,2,13,80,0.1625,ok,3682863
pinch_sinusoid,pinch_sweep_size_rand_sinusoid-20260624-142357,TesolloCubePinch,TesolloCubePinch-20260624-144106-cubepinch_sb_baseline_s7,baseline,cubepinch_sb_baseline_s7,7,det,3,7,80,0.0875,ok,3682863
pinch_sinusoid,pinch_sweep_size_rand_sinusoid-20260624-142357,TesolloCubePinch,TesolloCubePinch-20260624-144106-cubepinch_sb_baseline_s7,baseline,cubepinch_sb_baseline_s7,7,det,4,18,80,0.225,ok,3682863
pinch_sinusoid,pinch_sweep_size_rand_sinusoid-20260624-142357,TesolloCubePinch,TesolloCubePinch-20260624-144106-cubepinch_sb_baseline_s7,baseline,cubepinch_sb_baseline_s7,7,det,5,24,80,0.3,ok,3682863
pinch_sinusoid,pinch_sweep_size_rand_sinusoid-20260624-142357,TesolloCubePinch,TesolloCubePinch-20260624-144106-cubepinch_sb_baseline_s7,baseline,cubepinch_sb_baseline_s7,7,det,6,22,80,0.275,ok,3682863
pinch_sinusoid,pinch_sweep_size_rand_sinusoid-20260624-142357,TesolloCubePinch,TesolloCubePinch-20260624-144106-cubepinch_sb_baseline_s7,baseline,cubepinch_sb_baseline_s7,7,det,7,22,80,0.275,ok,3682863
pinch_sinusoid,pinch_sweep_size_rand_sinusoid-20260624-142357,TesolloCubePinch,TesolloCubePinch-20260624-144106-cubepinch_sb_baseline_s7,baseline,cubepinch_sb_baseline_s7,7,det,8,22,80,0.275,ok,3682863
pinch_sinusoid,pinch_sweep_size_rand_sinusoid-20260624-142357,TesolloCubePinch,TesolloCubePinch-20260624-144106-cubepinch_sb_baseline_s7,baseline,cubepinch_sb_baseline_s7,7,det,9,17,80,0.2125,ok,3682863
pinch_sinusoid,pinch_sweep_size_rand_sinusoid-20260624-142357,TesolloCubePinch,TesolloCubePinch-20260624-144106-cubepinch_sb_baseline_s7,baseline,cubepinch_sb_baseline_s7,7,det,10,5,80,0.0625,ok,3682863
pinch_sinusoid,pinch_sweep_size_rand_sinusoid-20260624-142357,TesolloCubePinch,TesolloCubePinch-20260624-144106-cubepinch_sb_baseline_s7,baseline,cubepinch_sb_baseline_s7,7,det,11,5,80,0.0625,ok,3682863
pinch_sinusoid,pinch_sweep_size_rand_sinusoid-20260624-142357,TesolloCubePinch,TesolloCubePinch-20260624-144106-cubepinch_sb_baseline_s7,baseline,cubepinch_sb_baseline_s7,7,det,12,22,80,0.275,ok,3682863
pinch_sinusoid,pinch_sweep_size_rand_sinusoid-20260624-142357,TesolloCubePinch,TesolloCubePinch-20260624-144106-cubepinch_sb_baseline_s7,baseline,cubepinch_sb_baseline_s7,7,det,13,11,80,0.1375,ok,3682863
pinch_sinusoid,pinch_sweep_size_rand_sinusoid-20260624-142357,TesolloCubePinch,TesolloCubePinch-20260624-144106-cubepinch_sb_baseline_s7,baseline,cubepinch_sb_baseline_s7,7,det,14,9,80,0.1125,ok,3682863
pinch_sinusoid,pinch_sweep_size_rand_sinusoid-20260624-142357,TesolloCubePinch,TesolloCubePinch-20260624-144106-cubepinch_sb_baseline_s7,baseline,cubepinch_sb_baseline_s7,7,det,15,11,80,0.1375,ok,3682863
pinch_sinusoid,pinch_sweep_size_rand_sinusoid-20260624-142357,TesolloCubePinch,TesolloCubePinch-20260624-144106-cubepinch_sb_baseline_s7,baseline,cubepinch_sb_baseline_s7,7,det,16,21,80,0.2625,ok,3682863
pinch_sinusoid,pinch_sweep_size_rand_sinusoid-20260624-142357,TesolloCubePinch,TesolloCubePinch-20260624-144106-cubepinch_sb_baseline_s7,baseline,cubepinch_sb_baseline_s7,7,det,17,27,80,0.3375,ok,3682863
pinch_sinusoid,pinch_sweep_size_rand_sinusoid-20260624-142357,TesolloCubePinch,TesolloCubePinch-20260624-144106-cubepinch_sb_baseline_s7,baseline,cubepinch_sb_baseline_s7,7,det,18,16,80,0.2,ok,3682863
pinch_sinusoid,pinch_sweep_size_rand_sinusoid-20260624-142357,TesolloCubePinch,TesolloCubePinch-20260624-144106-cubepinch_sb_baseline_s7,baseline,cubepinch_sb_baseline_s7,7,det,19,10,80,0.125,ok,3682863
pinch_sinusoid,pinch_sweep_size_rand_sinusoid-20260624-142357,TesolloCubePinch,TesolloCubePinch-20260624-144106-cubepinch_sb_baseline_s7,baseline,cubepinch_sb_baseline_s7,7,det,20,17,80,0.2125,ok,3682863
pinch_sinusoid,pinch_sweep_size_rand_sinusoid-20260624-142357,TesolloCubePinch,TesolloCubePinch-20260624-144106-cubepinch_sb_baseline_s7,baseline,cubepinch_sb_baseline_s7,7,det,21,2,80,0.025,ok,3682863
pinch_sinusoid,pinch_sweep_size_rand_sinusoid-20260624-142357,TesolloCubePinch,TesolloCubePinch-20260624-144106-cubepinch_sb_baseline_s7,baseline,cubepinch_sb_baseline_s7,7,det,22,17,80,0.2125,ok,3682863
pinch_sinusoid,pinch_sweep_size_rand_sinusoid-20260624-142357,TesolloCubePinch,TesolloCubePinch-20260624-144106-cubepinch_sb_baseline_s7,baseline,cubepinch_sb_baseline_s7,7,det,23,8,80,0.1,ok,3682863
pinch_sinusoid,pinch_sweep_size_rand_sinusoid-20260624-142357,TesolloCubePinch,TesolloCubePinch-20260624-144106-cubepinch_sb_baseline_s7,baseline,cubepinch_sb_baseline_s7,7,det,24,15,80,0.1875,ok,3682863
pinch_sinusoid,pinch_sweep_size_rand_sinusoid-20260624-142357,TesolloCubePinch,TesolloCubePinch-20260624-144106-cubepinch_sb_baseline_s7,baseline,cubepinch_sb_baseline_s7,7,det,25,25,80,0.3125,ok,3682863
pinch_sinusoid,pinch_sweep_size_rand_sinusoid-20260624-142357,TesolloCubePinch,TesolloCubePinch-20260624-144106-cubepinch_sb_baseline_s7,baseline,cubepinch_sb_baseline_s7,7,det,26,18,80,0.225,ok,3682863
pinch_sinusoid,pinch_sweep_size_rand_sinusoid-20260624-142357,TesolloCubePinch,TesolloCubePinch-20260624-144106-cubepinch_sb_baseline_s7,baseline,cubepinch_sb_baseline_s7,7,det,27,19,80,0.2375,ok,3682863
pinch_sinusoid,pinch_sweep_size_rand_sinusoid-20260624-142357,TesolloCubePinch,TesolloCubePinch-20260624-144106-cubepinch_sb_baseline_s7,baseline,cubepinch_sb_baseline_s7,7,det,28,6,80,0.075,ok,3682863
pinch_sinusoid,pinch_sweep_size_rand_sinusoid-20260624-142357,TesolloCubePinch,TesolloCubePinch-20260624-144106-cubepinch_sb_baseline_s7,baseline,cubepinch_sb_baseline_s7,7,det,29,15,80,0.1875,ok,3682863
pinch_sinusoid,pinch_sweep_size_rand_sinusoid-20260624-142357,TesolloCubePinch,TesolloCubePinch-20260624-144106-cubepinch_sb_baseline_s7,baseline,cubepinch_sb_baseline_s7,7,det,30,24,80,0.3,ok,3682863
pinch_sinusoid,pinch_sweep_size_rand_sinusoid-20260624-142357,TesolloCubePinch,TesolloCubePinch-20260624-144106-cubepinch_sb_baseline_s7,baseline,cubepinch_sb_baseline_s7,7,det,31,14,80,0.175,ok,3682863
pinch_sinusoid,pinch_sweep_size_rand_sinusoid-20260624-142357,TesolloCubePinch,TesolloCubePinch-20260624-144106-cubepinch_sb_baseline_s7,baseline,cubepinch_sb_baseline_s7,7,det,32,10,80,0.125,ok,3682863
pinch_sinusoid,pinch_sweep_size_rand_sinusoid-20260624-142357,TesolloCubePinch,TesolloCubePinch-20260624-144106-cubepinch_sb_baseline_s7,baseline,cubepinch_sb_baseline_s7,7,det,33,11,80,0.1375,ok,3682863
pinch_sinusoid,pinch_sweep_size_rand_sinusoid-20260624-142357,TesolloCubePinch,TesolloCubePinch-20260624-144106-cubepinch_sb_baseline_s7,baseline,cubepinch_sb_baseline_s7,7,det,34,13,80,0.1625,ok,3682863
pinch_sinusoid,pinch_sweep_size_rand_sinusoid-20260624-142357,TesolloCubePinch,TesolloCubePinch-20260624-144106-cubepinch_sb_baseline_s7,baseline,cubepinch_sb_baseline_s7,7,det,35,12,80,0.15,ok,3682863
pinch_sinusoid,pinch_sweep_size_rand_sinusoid-20260624-142357,TesolloCubePinch,TesolloCubePinch-20260624-144106-cubepinch_sb_baseline_s7,baseline,cubepinch_sb_baseline_s7,7,det,36,10,80,0.125,ok,3682863
pinch_sinusoid,pinch_sweep_size_rand_sinusoid-20260624-142357,TesolloCubePinch,TesolloCubePinch-20260624-144106-cubepinch_sb_baseline_s7,baseline,cubepinch_sb_baseline_s7,7,det,37,24,80,0.3,ok,3682863
pinch_sinusoid,pinch_sweep_size_rand_sinusoid-20260624-142357,TesolloCubePinch,TesolloCubePinch-20260624-144106-cubepinch_sb_baseline_s7,baseline,cubepinch_sb_baseline_s7,7,det,38,10,80,0.125,ok,3682863
pinch_sinusoid,pinch_sweep_size_rand_sinusoid-20260624-142357,TesolloCubePinch,TesolloCubePinch-20260624-144106-cubepinch_sb_baseline_s7,baseline,cubepinch_sb_baseline_s7,7,det,39,25,80,0.3125,ok,3682863
pinch_sinusoid,pinch_sweep_size_rand_sinusoid-20260624-142357,TesolloCubePinch,TesolloCubePinch-20260624-144106-cubepinch_sb_baseline_s7,baseline,cubepinch_sb_baseline_s7,7,det,40,9,80,0.1125,ok,3682863
pinch_sinusoid,pinch_sweep_size_rand_sinusoid-20260624-142357,TesolloCubePinch,TesolloCubePinch-20260624-144106-cubepinch_sb_baseline_s7,baseline,cubepinch_sb_baseline_s7,7,det,41,25,80,0.3125,ok,3682863
pinch_sinusoid,pinch_sweep_size_rand_sinusoid-20260624-142357,TesolloCubePinch,TesolloCubePinch-20260624-144106-cubepinch_sb_baseline_s7,baseline,cubepinch_sb_baseline_s7,7,det,42,16,80,0.2,ok,3682863
pinch_sinusoid,pinch_sweep_size_rand_sinusoid-20260624-142357,TesolloCubePinch,TesolloCubePinch-20260624-144106-cubepinch_sb_baseline_s7,baseline,cubepinch_sb_baseline_s7,7,det,43,12,80,0.15,ok,3682863
pinch_sinusoid,pinch_sweep_size_rand_sinusoid-20260624-142357,TesolloCubePinch,TesolloCubePinch-20260624-144106-cubepinch_sb_baseline_s7,baseline,cubepinch_sb_baseline_s7,7,det,44,18,80,0.225,ok,3682863
pinch_sinusoid,pinch_sweep_size_rand_sinusoid-20260624-142357,TesolloCubePinch,TesolloCubePinch-20260624-144106-cubepinch_sb_baseline_s7,baseline,cubepinch_sb_baseline_s7,7,det,45,22,80,0.275,ok,3682863
pinch_sinusoid,pinch_sweep_size_rand_sinusoid-20260624-142357,TesolloCubePinch,TesolloCubePinch-20260624-144106-cubepinch_sb_baseline_s7,baseline,cubepinch_sb_baseline_s7,7,det,46,21,80,0.2625,ok,3682863
pinch_sinusoid,pinch_sweep_size_rand_sinusoid-20260624-142357,TesolloCubePinch,TesolloCubePinch-20260624-144106-cubepinch_sb_baseline_s7,baseline,cubepinch_sb_baseline_s7,7,det,47,15,80,0.1875,ok,3682863
pinch_sinusoid,pinch_sweep_size_rand_sinusoid-20260624-142357,TesolloCubePinch,TesolloCubePinch-20260624-144106-cubepinch_sb_baseline_s7,baseline,cubepinch_sb_baseline_s7,7,det,48,12,80,0.15,ok,3682863
pinch_sinusoid,pinch_sweep_size_rand_sinusoid-20260624-142357,TesolloCubePinch,TesolloCubePinch-20260624-144106-cubepinch_sb_baseline_s7,baseline,cubepinch_sb_baseline_s7,7,det,49,23,80,0.2875,ok,3682863
pinch_sinusoid,pinch_sweep_size_rand_sinusoid-20260624-142357,TesolloCubePinch,TesolloCubePinch-20260624-144106-cubepinch_sb_baseline_s7,baseline,cubepinch_sb_baseline_s7,7,det,50,5,80,0.0625,ok,3682863
pinch_sinusoid,pinch_sweep_size_rand_sinusoid-20260624-142357,TesolloCubePinch,TesolloCubePinch-20260624-144106-cubepinch_sb_baseline_s7,baseline,cubepinch_sb_baseline_s7,7,det,51,11,80,0.1375,ok,3682863
pinch_sinusoid,pinch_sweep_size_rand_sinusoid-20260624-142357,TesolloCubePinch,TesolloCubePinch-20260624-144106-cubepinch_sb_baseline_s7,baseline,cubepinch_sb_baseline_s7,7,det,52,8,80,0.1,ok,3682863
pinch_sinusoid,pinch_sweep_size_rand_sinusoid-20260624-142357,TesolloCubePinch,TesolloCubePinch-20260624-144106-cubepinch_sb_baseline_s7,baseline,cubepinch_sb_baseline_s7,7,det,53,12,80,0.15,ok,3682863
pinch_sinusoid,pinch_sweep_size_rand_sinusoid-20260624-142357,TesolloCubePinch,TesolloCubePinch-20260624-144106-cubepinch_sb_baseline_s7,baseline,cubepinch_sb_baseline_s7,7,det,54,27,80,0.3375,ok,3682863
pinch_sinusoid,pinch_sweep_size_rand_sinusoid-20260624-142357,TesolloCubePinch,TesolloCubePinch-20260624-144106-cubepinch_sb_baseline_s7,baseline,cubepinch_sb_baseline_s7,7,det,55,7,80,0.0875,ok,3682863
pinch_sinusoid,pinch_sweep_size_rand_sinusoid-20260624-142357,TesolloCubePinch,TesolloCubePinch-20260624-144106-cubepinch_sb_baseline_s7,baseline,cubepinch_sb_baseline_s7,7,det,56,31,80,0.3875,ok,3682863
pinch_sinusoid,pinch_sweep_size_rand_sinusoid-20260624-142357,TesolloCubePinch,TesolloCubePinch-20260624-144106-cubepinch_sb_baseline_s7,baseline,cubepinch_sb_baseline_s7,7,det,57,21,80,0.2625,ok,3682863
pinch_sinusoid,pinch_sweep_size_rand_sinusoid-20260624-142357,TesolloCubePinch,TesolloCubePinch-20260624-144106-cubepinch_sb_baseline_s7,baseline,cubepinch_sb_baseline_s7,7,det,58,10,80,0.125,ok,3682863
pinch_sinusoid,pinch_sweep_size_rand_sinusoid-20260624-142357,TesolloCubePinch,TesolloCubePinch-20260624-144106-cubepinch_sb_baseline_s7,baseline,cubepinch_sb_baseline_s7,7,det,59,22,80,0.275,ok,3682863
pinch_sinusoid,pinch_sweep_size_rand_sinusoid-20260624-142357,TesolloCubePinch,TesolloCubePinch-20260624-144106-cubepinch_sb_baseline_s7,baseline,cubepinch_sb_baseline_s7,7,det,60,19,80,0.2375,ok,3682863
pinch_sinusoid,pinch_sweep_size_rand_sinusoid-20260624-142357,TesolloCubePinch,TesolloCubePinch-20260624-144106-cubepinch_sb_baseline_s7,baseline,cubepinch_sb_baseline_s7,7,det,61,10,80,0.125,ok,3682863
pinch_sinusoid,pinch_sweep_size_rand_sinusoid-20260624-142357,TesolloCubePinch,TesolloCubePinch-20260624-144106-cubepinch_sb_baseline_s7,baseline,cubepinch_sb_baseline_s7,7,det,62,14,80,0.175,ok,3682863
pinch_sinusoid,pinch_sweep_size_rand_sinusoid-20260624-142357,TesolloCubePinch,TesolloCubePinch-20260624-144106-cubepinch_sb_baseline_s7,baseline,cubepinch_sb_baseline_s7,7,det,63,20,80,0.25,ok,3682863
pinch_sinusoid,pinch_sweep_size_rand_sinusoid-20260624-142357,TesolloCubePinch,TesolloCubePinch-20260624-144106-cubepinch_sb_baseline_s7,baseline,cubepinch_sb_baseline_s7,7,det,64,10,80,0.125,ok,3682863
pinch_sinusoid,pinch_sweep_size_rand_sinusoid-20260624-142357,TesolloCubePinch,TesolloCubePinch-20260624-144106-cubepinch_sb_baseline_s7,baseline,cubepinch_sb_baseline_s7,7,det,65,12,80,0.15,ok,3682863
pinch_sinusoid,pinch_sweep_size_rand_sinusoid-20260624-142357,TesolloCubePinch,TesolloCubePinch-20260624-144106-cubepinch_sb_baseline_s7,baseline,cubepinch_sb_baseline_s7,7,det,66,23,80,0.2875,ok,3682863
pinch_sinusoid,pinch_sweep_size_rand_sinusoid-20260624-142357,TesolloCubePinch,TesolloCubePinch-20260624-144106-cubepinch_sb_baseline_s7,baseline,cubepinch_sb_baseline_s7,7,det,67,21,80,0.2625,ok,3682863
pinch_sinusoid,pinch_sweep_size_rand_sinusoid-20260624-142357,TesolloCubePinch,TesolloCubePinch-20260624-144106-cubepinch_sb_baseline_s7,baseline,cubepinch_sb_baseline_s7,7,det,68,12,80,0.15,ok,3682863
pinch_sinusoid,pinch_sweep_size_rand_sinusoid-20260624-142357,TesolloCubePinch,TesolloCubePinch-20260624-144106-cubepinch_sb_baseline_s7,baseline,cubepinch_sb_baseline_s7,7,det,69,8,80,0.1,ok,3682863
pinch_sinusoid,pinch_sweep_size_rand_sinusoid-20260624-142357,TesolloCubePinch,TesolloCubePinch-20260624-144106-cubepinch_sb_baseline_s7,baseline,cubepinch_sb_baseline_s7,7,det,70,8,80,0.1,ok,3682863
pinch_sinusoid,pinch_sweep_size_rand_sinusoid-20260624-142357,TesolloCubePinch,TesolloCubePinch-20260624-144106-cubepinch_sb_baseline_s7,baseline,cubepinch_sb_baseline_s7,7,det,71,34,80,0.425,ok,3682863
pinch_sinusoid,pinch_sweep_size_rand_sinusoid-20260624-142357,TesolloCubePinch,TesolloCubePinch-20260624-144106-cubepinch_sb_baseline_s7,baseline,cubepinch_sb_baseline_s7,7,det,72,8,80,0.1,ok,3682863
pinch_sinusoid,pinch_sweep_size_rand_sinusoid-20260624-142357,TesolloCubePinch,TesolloCubePinch-20260624-144106-cubepinch_sb_baseline_s7,baseline,cubepinch_sb_baseline_s7,7,det,73,9,80,0.1125,ok,3682863
pinch_sinusoid,pinch_sweep_size_rand_sinusoid-20260624-142357,TesolloCubePinch,TesolloCubePinch-20260624-144106-cubepinch_sb_baseline_s7,baseline,cubepinch_sb_baseline_s7,7,det,74,19,80,0.2375,ok,3682863
pinch_sinusoid,pinch_sweep_size_rand_sinusoid-20260624-142357,TesolloCubePinch,TesolloCubePinch-20260624-144106-cubepinch_sb_baseline_s7,baseline,cubepinch_sb_baseline_s7,7,det,75,23,80,0.2875,ok,3682863
pinch_sinusoid,pinch_sweep_size_rand_sinusoid-20260624-142357,TesolloCubePinch,TesolloCubePinch-20260624-144106-cubepinch_sb_baseline_s7,baseline,cubepinch_sb_baseline_s7,7,det,76,9,80,0.1125,ok,3682863
pinch_sinusoid,pinch_sweep_size_rand_sinusoid-20260624-142357,TesolloCubePinch,TesolloCubePinch-20260624-144106-cubepinch_sb_baseline_s7,baseline,cubepinch_sb_baseline_s7,7,det,77,15,80,0.1875,ok,3682863
pinch_sinusoid,pinch_sweep_size_rand_sinusoid-20260624-142357,TesolloCubePinch,TesolloCubePinch-20260624-144106-cubepinch_sb_baseline_s7,baseline,cubepinch_sb_baseline_s7,7,det,78,10,80,0.125,ok,3682863
pinch_sinusoid,pinch_sweep_size_rand_sinusoid-20260624-142357,TesolloCubePinch,TesolloCubePinch-20260624-144106-cubepinch_sb_baseline_s7,baseline,cubepinch_sb_baseline_s7,7,det,79,22,80,0.275,ok,3682863
pinch_sinusoid,pinch_sweep_size_rand_sinusoid-20260624-142357,TesolloCubePinch,TesolloCubePinch-20260624-144106-cubepinch_sb_baseline_s7,baseline,cubepinch_sb_baseline_s7,7,det,80,12,80,0.15,ok,3682863
pinch_sinusoid,pinch_sweep_size_rand_sinusoid-20260624-142357,TesolloCubePinch,TesolloCubePinch-20260624-144106-cubepinch_sb_baseline_s7,baseline,cubepinch_sb_baseline_s7,7,det,81,12,80,0.15,ok,3682863
pinch_sinusoid,pinch_sweep_size_rand_sinusoid-20260624-142357,TesolloCubePinch,TesolloCubePinch-20260624-144106-cubepinch_sb_baseline_s7,baseline,cubepinch_sb_baseline_s7,7,det,82,14,80,0.175,ok,3682863
pinch_sinusoid,pinch_sweep_size_rand_sinusoid-20260624-142357,TesolloCubePinch,TesolloCubePinch-20260624-144106-cubepinch_sb_baseline_s7,baseline,cubepinch_sb_baseline_s7,7,det,83,15,80,0.1875,ok,3682863
pinch_sinusoid,pinch_sweep_size_rand_sinusoid-20260624-142357,TesolloCubePinch,TesolloCubePinch-20260624-144106-cubepinch_sb_baseline_s7,baseline,cubepinch_sb_baseline_s7,7,det,84,17,80,0.2125,ok,3682863
pinch_sinusoid,pinch_sweep_size_rand_sinusoid-20260624-142357,TesolloCubePinch,TesolloCubePinch-20260624-144106-cubepinch_sb_baseline_s7,baseline,cubepinch_sb_baseline_s7,7,det,85,12,80,0.15,ok,3682863
pinch_sinusoid,pinch_sweep_size_rand_sinusoid-20260624-142357,TesolloCubePinch,TesolloCubePinch-20260624-144106-cubepinch_sb_baseline_s7,baseline,cubepinch_sb_baseline_s7,7,det,86,19,80,0.2375,ok,3682863
pinch_sinusoid,pinch_sweep_size_rand_sinusoid-20260624-142357,TesolloCubePinch,TesolloCubePinch-20260624-144106-cubepinch_sb_baseline_s7,baseline,cubepinch_sb_baseline_s7,7,det,87,0,80,0.0,ok,3682863
pinch_sinusoid,pinch_sweep_size_rand_sinusoid-20260624-142357,TesolloCubePinch,TesolloCubePinch-20260624-144106-cubepinch_sb_baseline_s7,baseline,cubepinch_sb_baseline_s7,7,det,88,13,80,0.1625,ok,3682863
pinch_sinusoid,pinch_sweep_size_rand_sinusoid-20260624-142357,TesolloCubePinch,TesolloCubePinch-20260624-144106-cubepinch_sb_baseline_s7,baseline,cubepinch_sb_baseline_s7,7,det,89,13,80,0.1625,ok,3682863
pinch_sinusoid,pinch_sweep_size_rand_sinusoid-20260624-142357,TesolloCubePinch,TesolloCubePinch-20260624-144106-cubepinch_sb_baseline_s7,baseline,cubepinch_sb_baseline_s7,7,det,90,32,80,0.4,ok,3682863
pinch_sinusoid,pinch_sweep_size_rand_sinusoid-20260624-142357,TesolloCubePinch,TesolloCubePinch-20260624-144106-cubepinch_sb_baseline_s7,baseline,cubepinch_sb_baseline_s7,7,det,91,10,80,0.125,ok,3682863
pinch_sinusoid,pinch_sweep_size_rand_sinusoid-20260624-142357,TesolloCubePinch,TesolloCubePinch-20260624-144106-cubepinch_sb_baseline_s7,baseline,cubepinch_sb_baseline_s7,7,det,92,5,80,0.0625,ok,3682863
pinch_sinusoid,pinch_sweep_size_rand_sinusoid-20260624-142357,TesolloCubePinch,TesolloCubePinch-20260624-144106-cubepinch_sb_baseline_s7,baseline,cubepinch_sb_baseline_s7,7,det,93,14,80,0.175,ok,3682863
pinch_sinusoid,pinch_sweep_size_rand_sinusoid-20260624-142357,TesolloCubePinch,TesolloCubePinch-20260624-144106-cubepinch_sb_baseline_s7,baseline,cubepinch_sb_baseline_s7,7,det,94,4,80,0.05,ok,3682863
pinch_sinusoid,pinch_sweep_size_rand_sinusoid-20260624-142357,TesolloCubePinch,TesolloCubePinch-20260624-144106-cubepinch_sb_baseline_s7,baseline,cubepinch_sb_baseline_s7,7,det,95,19,80,0.2375,ok,3682863
pinch_sinusoid,pinch_sweep_size_rand_sinusoid-20260624-142357,TesolloCubePinch,TesolloCubePinch-20260624-144106-cubepinch_sb_baseline_s7,baseline,cubepinch_sb_baseline_s7,7,det,96,13,80,0.1625,ok,3682863
pinch_sinusoid,pinch_sweep_size_rand_sinusoid-20260624-142357,TesolloCubePinch,TesolloCubePinch-20260624-144106-cubepinch_sb_baseline_s7,baseline,cubepinch_sb_baseline_s7,7,det,97,19,80,0.2375,ok,3682863
pinch_sinusoid,pinch_sweep_size_rand_sinusoid-20260624-142357,TesolloCubePinch,TesolloCubePinch-20260624-144106-cubepinch_sb_baseline_s7,baseline,cubepinch_sb_baseline_s7,7,det,98,8,80,0.1,ok,3682863
pinch_sinusoid,pinch_sweep_size_rand_sinusoid-20260624-142357,TesolloCubePinch,TesolloCubePinch-20260624-144106-cubepinch_sb_baseline_s7,baseline,cubepinch_sb_baseline_s7,7,det,99,16,80,0.2,ok,3682863
pinch_sinusoid,pinch_sweep_size_rand_sinusoid-20260624-142357,TesolloCubePinch,TesolloCubePinch-20260624-145808-cubepinch_sb_baseline_s8,baseline,cubepinch_sb_baseline_s8,8,det,0,39,80,0.4875,ok,3682863
pinch_sinusoid,pinch_sweep_size_rand_sinusoid-20260624-142357,TesolloCubePinch,TesolloCubePinch-20260624-145808-cubepinch_sb_baseline_s8,baseline,cubepinch_sb_baseline_s8,8,det,1,32,80,0.4,ok,3682863
pinch_sinusoid,pinch_sweep_size_rand_sinusoid-20260624-142357,TesolloCubePinch,TesolloCubePinch-20260624-145808-cubepinch_sb_baseline_s8,baseline,cubepinch_sb_baseline_s8,8,det,2,23,80,0.2875,ok,3682863
pinch_sinusoid,pinch_sweep_size_rand_sinusoid-20260624-142357,TesolloCubePinch,TesolloCubePinch-20260624-145808-cubepinch_sb_baseline_s8,baseline,cubepinch_sb_baseline_s8,8,det,3,32,80,0.4,ok,3682863
pinch_sinusoid,pinch_sweep_size_rand_sinusoid-20260624-142357,TesolloCubePinch,TesolloCubePinch-20260624-145808-cubepinch_sb_baseline_s8,baseline,cubepinch_sb_baseline_s8,8,det,4,35,80,0.4375,ok,3682863
pinch_sinusoid,pinch_sweep_size_rand_sinusoid-20260624-142357,TesolloCubePinch,TesolloCubePinch-20260624-145808-cubepinch_sb_baseline_s8,baseline,cubepinch_sb_baseline_s8,8,det,5,43,80,0.5375,ok,3682863
pinch_sinusoid,pinch_sweep_size_rand_sinusoid-20260624-142357,TesolloCubePinch,TesolloCubePinch-20260624-145808-cubepinch_sb_baseline_s8,baseline,cubepinch_sb_baseline_s8,8,det,6,25,80,0.3125,ok,3682863
pinch_sinusoid,pinch_sweep_size_rand_sinusoid-20260624-142357,TesolloCubePinch,TesolloCubePinch-20260624-145808-cubepinch_sb_baseline_s8,baseline,cubepinch_sb_baseline_s8,8,det,7,28,80,0.35,ok,3682863
pinch_sinusoid,pinch_sweep_size_rand_sinusoid-20260624-142357,TesolloCubePinch,TesolloCubePinch-20260624-145808-cubepinch_sb_baseline_s8,baseline,cubepinch_sb_baseline_s8,8,det,8,7,80,0.0875,ok,3682863
pinch_sinusoid,pinch_sweep_size_rand_sinusoid-20260624-142357,TesolloCubePinch,TesolloCubePinch-20260624-145808-cubepinch_sb_baseline_s8,baseline,cubepinch_sb_baseline_s8,8,det,9,40,80,0.5,ok,3682863
pinch_sinusoid,pinch_sweep_size_rand_sinusoid-20260624-142357,TesolloCubePinch,TesolloCubePinch-20260624-145808-cubepinch_sb_baseline_s8,baseline,cubepinch_sb_baseline_s8,8,det,10,21,80,0.2625,ok,3682863
pinch_sinusoid,pinch_sweep_size_rand_sinusoid-20260624-142357,TesolloCubePinch,TesolloCubePinch-20260624-145808-cubepinch_sb_baseline_s8,baseline,cubepinch_sb_baseline_s8,8,det,11,28,80,0.35,ok,3682863
pinch_sinusoid,pinch_sweep_size_rand_sinusoid-20260624-142357,TesolloCubePinch,TesolloCubePinch-20260624-145808-cubepinch_sb_baseline_s8,baseline,cubepinch_sb_baseline_s8,8,det,12,39,80,0.4875,ok,3682863
pinch_sinusoid,pinch_sweep_size_rand_sinusoid-20260624-142357,TesolloCubePinch,TesolloCubePinch-20260624-145808-cubepinch_sb_baseline_s8,baseline,cubepinch_sb_baseline_s8,8,det,13,32,80,0.4,ok,3682863
pinch_sinusoid,pinch_sweep_size_rand_sinusoid-20260624-142357,TesolloCubePinch,TesolloCubePinch-20260624-145808-cubepinch_sb_baseline_s8,baseline,cubepinch_sb_baseline_s8,8,det,14,29,80,0.3625,ok,3682863
pinch_sinusoid,pinch_sweep_size_rand_sinusoid-20260624-142357,TesolloCubePinch,TesolloCubePinch-20260624-145808-cubepinch_sb_baseline_s8,baseline,cubepinch_sb_baseline_s8,8,det,15,10,80,0.125,ok,3682863
pinch_sinusoid,pinch_sweep_size_rand_sinusoid-20260624-142357,TesolloCubePinch,TesolloCubePinch-20260624-145808-cubepinch_sb_baseline_s8,baseline,cubepinch_sb_baseline_s8,8,det,16,35,80,0.4375,ok,3682863
pinch_sinusoid,pinch_sweep_size_rand_sinusoid-20260624-142357,TesolloCubePinch,TesolloCubePinch-20260624-145808-cubepinch_sb_baseline_s8,baseline,cubepinch_sb_baseline_s8,8,det,17,36,80,0.45,ok,3682863
pinch_sinusoid,pinch_sweep_size_rand_sinusoid-20260624-142357,TesolloCubePinch,TesolloCubePinch-20260624-145808-cubepinch_sb_baseline_s8,baseline,cubepinch_sb_baseline_s8,8,det,18,31,80,0.3875,ok,3682863
pinch_sinusoid,pinch_sweep_size_rand_sinusoid-20260624-142357,TesolloCubePinch,TesolloCubePinch-20260624-145808-cubepinch_sb_baseline_s8,baseline,cubepinch_sb_baseline_s8,8,det,19,18,80,0.225,ok,3682863
pinch_sinusoid,pinch_sweep_size_rand_sinusoid-20260624-142357,TesolloCubePinch,TesolloCubePinch-20260624-145808-cubepinch_sb_baseline_s8,baseline,cubepinch_sb_baseline_s8,8,det,20,37,80,0.4625,ok,3682863
pinch_sinusoid,pinch_sweep_size_rand_sinusoid-20260624-142357,TesolloCubePinch,TesolloCubePinch-20260624-145808-cubepinch_sb_baseline_s8,baseline,cubepinch_sb_baseline_s8,8,det,21,36,80,0.45,ok,3682863
pinch_sinusoid,pinch_sweep_size_rand_sinusoid-20260624-142357,TesolloCubePinch,TesolloCubePinch-20260624-145808-cubepinch_sb_baseline_s8,baseline,cubepinch_sb_baseline_s8,8,det,22,22,80,0.275,ok,3682863
pinch_sinusoid,pinch_sweep_size_rand_sinusoid-20260624-142357,TesolloCubePinch,TesolloCubePinch-20260624-145808-cubepinch_sb_baseline_s8,baseline,cubepinch_sb_baseline_s8,8,det,23,30,80,0.375,ok,3682863
pinch_sinusoid,pinch_sweep_size_rand_sinusoid-20260624-142357,TesolloCubePinch,TesolloCubePinch-20260624-145808-cubepinch_sb_baseline_s8,baseline,cubepinch_sb_baseline_s8,8,det,24,40,80,0.5,ok,3682863
pinch_sinusoid,pinch_sweep_size_rand_sinusoid-20260624-142357,TesolloCubePinch,TesolloCubePinch-20260624-145808-cubepinch_sb_baseline_s8,baseline,cubepinch_sb_baseline_s8,8,det,25,16,80,0.2,ok,3682863
pinch_sinusoid,pinch_sweep_size_rand_sinusoid-20260624-142357,TesolloCubePinch,TesolloCubePinch-20260624-145808-cubepinch_sb_baseline_s8,baseline,cubepinch_sb_baseline_s8,8,det,26,41,80,0.5125,ok,3682863
pinch_sinusoid,pinch_sweep_size_rand_sinusoid-20260624-142357,TesolloCubePinch,TesolloCubePinch-20260624-145808-cubepinch_sb_baseline_s8,baseline,cubepinch_sb_baseline_s8,8,det,27,33,80,0.4125,ok,3682863
pinch_sinusoid,pinch_sweep_size_rand_sinusoid-20260624-142357,TesolloCubePinch,TesolloCubePinch-20260624-145808-cubepinch_sb_baseline_s8,baseline,cubepinch_sb_baseline_s8,8,det,28,28,80,0.35,ok,3682863
pinch_sinusoid,pinch_sweep_size_rand_sinusoid-20260624-142357,TesolloCubePinch,TesolloCubePinch-20260624-145808-cubepinch_sb_baseline_s8,baseline,cubepinch_sb_baseline_s8,8,det,29,41,80,0.5125,ok,3682863
pinch_sinusoid,pinch_sweep_size_rand_sinusoid-20260624-142357,TesolloCubePinch,TesolloCubePinch-20260624-145808-cubepinch_sb_baseline_s8,baseline,cubepinch_sb_baseline_s8,8,det,30,28,80,0.35,ok,3682863
pinch_sinusoid,pinch_sweep_size_rand_sinusoid-20260624-142357,TesolloCubePinch,TesolloCubePinch-20260624-145808-cubepinch_sb_baseline_s8,baseline,cubepinch_sb_baseline_s8,8,det,31,24,80,0.3,ok,3682863
pinch_sinusoid,pinch_sweep_size_rand_sinusoid-20260624-142357,TesolloCubePinch,TesolloCubePinch-20260624-145808-cubepinch_sb_baseline_s8,baseline,cubepinch_sb_baseline_s8,8,det,32,32,80,0.4,ok,3682863
pinch_sinusoid,pinch_sweep_size_rand_sinusoid-20260624-142357,TesolloCubePinch,TesolloCubePinch-20260624-145808-cubepinch_sb_baseline_s8,baseline,cubepinch_sb_baseline_s8,8,det,33,33,80,0.4125,ok,3682863
pinch_sinusoid,pinch_sweep_size_rand_sinusoid-20260624-142357,TesolloCubePinch,TesolloCubePinch-20260624-145808-cubepinch_sb_baseline_s8,baseline,cubepinch_sb_baseline_s8,8,det,34,43,80,0.5375,ok,3682863
pinch_sinusoid,pinch_sweep_size_rand_sinusoid-20260624-142357,TesolloCubePinch,TesolloCubePinch-20260624-145808-cubepinch_sb_baseline_s8,baseline,cubepinch_sb_baseline_s8,8,det,35,32,80,0.4,ok,3682863
pinch_sinusoid,pinch_sweep_size_rand_sinusoid-20260624-142357,TesolloCubePinch,TesolloCubePinch-20260624-145808-cubepinch_sb_baseline_s8,baseline,cubepinch_sb_baseline_s8,8,det,36,25,80,0.3125,ok,3682863
pinch_sinusoid,pinch_sweep_size_rand_sinusoid-20260624-142357,TesolloCubePinch,TesolloCubePinch-20260624-145808-cubepinch_sb_baseline_s8,baseline,cubepinch_sb_baseline_s8,8,det,37,24,80,0.3,ok,3682863
pinch_sinusoid,pinch_sweep_size_rand_sinusoid-20260624-142357,TesolloCubePinch,TesolloCubePinch-20260624-145808-cubepinch_sb_baseline_s8,baseline,cubepinch_sb_baseline_s8,8,det,38,28,80,0.35,ok,3682863
pinch_sinusoid,pinch_sweep_size_rand_sinusoid-20260624-142357,TesolloCubePinch,TesolloCubePinch-20260624-145808-cubepinch_sb_baseline_s8,baseline,cubepinch_sb_baseline_s8,8,det,39,9,80,0.1125,ok,3682863
pinch_sinusoid,pinch_sweep_size_rand_sinusoid-20260624-142357,TesolloCubePinch,TesolloCubePinch-20260624-145808-cubepinch_sb_baseline_s8,baseline,cubepinch_sb_baseline_s8,8,det,40,24,80,0.3,ok,3682863
pinch_sinusoid,pinch_sweep_size_rand_sinusoid-20260624-142357,TesolloCubePinch,TesolloCubePinch-20260624-145808-cubepinch_sb_baseline_s8,baseline,cubepinch_sb_baseline_s8,8,det,41,35,80,0.4375,ok,3682863
pinch_sinusoid,pinch_sweep_size_rand_sinusoid-20260624-142357,TesolloCubePinch,TesolloCubePinch-20260624-145808-cubepinch_sb_baseline_s8,baseline,cubepinch_sb_baseline_s8,8,det,42,16,80,0.2,ok,3682863
pinch_sinusoid,pinch_sweep_size_rand_sinusoid-20260624-142357,TesolloCubePinch,TesolloCubePinch-20260624-145808-cubepinch_sb_baseline_s8,baseline,cubepinch_sb_baseline_s8,8,det,43,34,80,0.425,ok,3682863
pinch_sinusoid,pinch_sweep_size_rand_sinusoid-20260624-142357,TesolloCubePinch,TesolloCubePinch-20260624-145808-cubepinch_sb_baseline_s8,baseline,cubepinch_sb_baseline_s8,8,det,44,33,80,0.4125,ok,3682863
pinch_sinusoid,pinch_sweep_size_rand_sinusoid-20260624-142357,TesolloCubePinch,TesolloCubePinch-20260624-145808-cubepinch_sb_baseline_s8,baseline,cubepinch_sb_baseline_s8,8,det,45,40,80,0.5,ok,3682863
pinch_sinusoid,pinch_sweep_size_rand_sinusoid-20260624-142357,TesolloCubePinch,TesolloCubePinch-20260624-145808-cubepinch_sb_baseline_s8,baseline,cubepinch_sb_baseline_s8,8,det,46,20,80,0.25,ok,3682863
pinch_sinusoid,pinch_sweep_size_rand_sinusoid-20260624-142357,TesolloCubePinch,TesolloCubePinch-20260624-145808-cubepinch_sb_baseline_s8,baseline,cubepinch_sb_baseline_s8,8,det,47,31,80,0.3875,ok,3682863
pinch_sinusoid,pinch_sweep_size_rand_sinusoid-20260624-142357,TesolloCubePinch,TesolloCubePinch-20260624-145808-cubepinch_sb_baseline_s8,baseline,cubepinch_sb_baseline_s8,8,det,48,21,80,0.2625,ok,3682863
pinch_sinusoid,pinch_sweep_size_rand_sinusoid-20260624-142357,TesolloCubePinch,TesolloCubePinch-20260624-145808-cubepinch_sb_baseline_s8,baseline,cubepinch_sb_baseline_s8,8,det,49,24,80,0.3,ok,3682863
pinch_sinusoid,pinch_sweep_size_rand_sinusoid-20260624-142357,TesolloCubePinch,TesolloCubePinch-20260624-145808-cubepinch_sb_baseline_s8,baseline,cubepinch_sb_baseline_s8,8,det,50,32,80,0.4,ok,3682863
pinch_sinusoid,pinch_sweep_size_rand_sinusoid-20260624-142357,TesolloCubePinch,TesolloCubePinch-20260624-145808-cubepinch_sb_baseline_s8,baseline,cubepinch_sb_baseline_s8,8,det,51,29,80,0.3625,ok,3682863
pinch_sinusoid,pinch_sweep_size_rand_sinusoid-20260624-142357,TesolloCubePinch,TesolloCubePinch-20260624-145808-cubepinch_sb_baseline_s8,baseline,cubepinch_sb_baseline_s8,8,det,52,20,80,0.25,ok,3682863
pinch_sinusoid,pinch_sweep_size_rand_sinusoid-20260624-142357,TesolloCubePinch,TesolloCubePinch-20260624-145808-cubepinch_sb_baseline_s8,baseline,cubepinch_sb_baseline_s8,8,det,53,27,80,0.3375,ok,3682863
pinch_sinusoid,pinch_sweep_size_rand_sinusoid-20260624-142357,TesolloCubePinch,TesolloCubePinch-20260624-145808-cubepinch_sb_baseline_s8,baseline,cubepinch_sb_baseline_s8,8,det,54,42,80,0.525,ok,3682863
pinch_sinusoid,pinch_sweep_size_rand_sinusoid-20260624-142357,TesolloCubePinch,TesolloCubePinch-20260624-145808-cubepinch_sb_baseline_s8,baseline,cubepinch_sb_baseline_s8,8,det,55,34,80,0.425,ok,3682863
pinch_sinusoid,pinch_sweep_size_rand_sinusoid-20260624-142357,TesolloCubePinch,TesolloCubePinch-20260624-145808-cubepinch_sb_baseline_s8,baseline,cubepinch_sb_baseline_s8,8,det,56,22,80,0.275,ok,3682863
pinch_sinusoid,pinch_sweep_size_rand_sinusoid-20260624-142357,TesolloCubePinch,TesolloCubePinch-20260624-145808-cubepinch_sb_baseline_s8,baseline,cubepinch_sb_baseline_s8,8,det,57,43,80,0.5375,ok,3682863
pinch_sinusoid,pinch_sweep_size_rand_sinusoid-20260624-142357,TesolloCubePinch,TesolloCubePinch-20260624-145808-cubepinch_sb_baseline_s8,baseline,cubepinch_sb_baseline_s8,8,det,58,32,80,0.4,ok,3682863
pinch_sinusoid,pinch_sweep_size_rand_sinusoid-20260624-142357,TesolloCubePinch,TesolloCubePinch-20260624-145808-cubepinch_sb_baseline_s8,baseline,cubepinch_sb_baseline_s8,8,det,59,32,80,0.4,ok,3682863
pinch_sinusoid,pinch_sweep_size_rand_sinusoid-20260624-142357,TesolloCubePinch,TesolloCubePinch-20260624-145808-cubepinch_sb_baseline_s8,baseline,cubepinch_sb_baseline_s8,8,det,60,26,80,0.325,ok,3682863
pinch_sinusoid,pinch_sweep_size_rand_sinusoid-20260624-142357,TesolloCubePinch,TesolloCubePinch-20260624-145808-cubepinch_sb_baseline_s8,baseline,cubepinch_sb_baseline_s8,8,det,61,29,80,0.3625,ok,3682863
pinch_sinusoid,pinch_sweep_size_rand_sinusoid-20260624-142357,TesolloCubePinch,TesolloCubePinch-20260624-145808-cubepinch_sb_baseline_s8,baseline,cubepinch_sb_baseline_s8,8,det,62,33,80,0.4125,ok,3682863
pinch_sinusoid,pinch_sweep_size_rand_sinusoid-20260624-142357,TesolloCubePinch,TesolloCubePinch-20260624-145808-cubepinch_sb_baseline_s8,baseline,cubepinch_sb_baseline_s8,8,det,63,28,80,0.35,ok,3682863
pinch_sinusoid,pinch_sweep_size_rand_sinusoid-20260624-142357,TesolloCubePinch,TesolloCubePinch-20260624-145808-cubepinch_sb_baseline_s8,baseline,cubepinch_sb_baseline_s8,8,det,64,25,80,0.3125,ok,3682863
pinch_sinusoid,pinch_sweep_size_rand_sinusoid-20260624-142357,TesolloCubePinch,TesolloCubePinch-20260624-145808-cubepinch_sb_baseline_s8,baseline,cubepinch_sb_baseline_s8,8,det,65,33,80,0.4125,ok,3682863
pinch_sinusoid,pinch_sweep_size_rand_sinusoid-20260624-142357,TesolloCubePinch,TesolloCubePinch-20260624-145808-cubepinch_sb_baseline_s8,baseline,cubepinch_sb_baseline_s8,8,det,66,27,80,0.3375,ok,3682863
pinch_sinusoid,pinch_sweep_size_rand_sinusoid-20260624-142357,TesolloCubePinch,TesolloCubePinch-20260624-145808-cubepinch_sb_baseline_s8,baseline,cubepinch_sb_baseline_s8,8,det,67,44,80,0.55,ok,3682863
pinch_sinusoid,pinch_sweep_size_rand_sinusoid-20260624-142357,TesolloCubePinch,TesolloCubePinch-20260624-145808-cubepinch_sb_baseline_s8,baseline,cubepinch_sb_baseline_s8,8,det,68,34,80,0.425,ok,3682863
pinch_sinusoid,pinch_sweep_size_rand_sinusoid-20260624-142357,TesolloCubePinch,TesolloCubePinch-20260624-145808-cubepinch_sb_baseline_s8,baseline,cubepinch_sb_baseline_s8,8,det,69,33,80,0.4125,ok,3682863
pinch_sinusoid,pinch_sweep_size_rand_sinusoid-20260624-142357,TesolloCubePinch,TesolloCubePinch-20260624-145808-cubepinch_sb_baseline_s8,baseline,cubepinch_sb_baseline_s8,8,det,70,29,80,0.3625,ok,3682863
pinch_sinusoid,pinch_sweep_size_rand_sinusoid-20260624-142357,TesolloCubePinch,TesolloCubePinch-20260624-145808-cubepinch_sb_baseline_s8,baseline,cubepinch_sb_baseline_s8,8,det,71,40,80,0.5,ok,3682863
pinch_sinusoid,pinch_sweep_size_rand_sinusoid-20260624-142357,TesolloCubePinch,TesolloCubePinch-20260624-145808-cubepinch_sb_baseline_s8,baseline,cubepinch_sb_baseline_s8,8,det,72,21,80,0.2625,ok,3682863
pinch_sinusoid,pinch_sweep_size_rand_sinusoid-20260624-142357,TesolloCubePinch,TesolloCubePinch-20260624-145808-cubepinch_sb_baseline_s8,baseline,cubepinch_sb_baseline_s8,8,det,73,27,80,0.3375,ok,3682863
pinch_sinusoid,pinch_sweep_size_rand_sinusoid-20260624-142357,TesolloCubePinch,TesolloCubePinch-20260624-145808-cubepinch_sb_baseline_s8,baseline,cubepinch_sb_baseline_s8,8,det,74,40,80,0.5,ok,3682863
pinch_sinusoid,pinch_sweep_size_rand_sinusoid-20260624-142357,TesolloCubePinch,TesolloCubePinch-20260624-145808-cubepinch_sb_baseline_s8,baseline,cubepinch_sb_baseline_s8,8,det,75,18,80,0.225,ok,3682863
pinch_sinusoid,pinch_sweep_size_rand_sinusoid-20260624-142357,TesolloCubePinch,TesolloCubePinch-20260624-145808-cubepinch_sb_baseline_s8,baseline,cubepinch_sb_baseline_s8,8,det,76,26,80,0.325,ok,3682863
pinch_sinusoid,pinch_sweep_size_rand_sinusoid-20260624-142357,TesolloCubePinch,TesolloCubePinch-20260624-145808-cubepinch_sb_baseline_s8,baseline,cubepinch_sb_baseline_s8,8,det,77,20,80,0.25,ok,3682863
pinch_sinusoid,pinch_sweep_size_rand_sinusoid-20260624-142357,TesolloCubePinch,TesolloCubePinch-20260624-145808-cubepinch_sb_baseline_s8,baseline,cubepinch_sb_baseline_s8,8,det,78,28,80,0.35,ok,3682863
pinch_sinusoid,pinch_sweep_size_rand_sinusoid-20260624-142357,TesolloCubePinch,TesolloCubePinch-20260624-145808-cubepinch_sb_baseline_s8,baseline,cubepinch_sb_baseline_s8,8,det,79,17,80,0.2125,ok,3682863
pinch_sinusoid,pinch_sweep_size_rand_sinusoid-20260624-142357,TesolloCubePinch,TesolloCubePinch-20260624-145808-cubepinch_sb_baseline_s8,baseline,cubepinch_sb_baseline_s8,8,det,80,10,80,0.125,ok,3682863
pinch_sinusoid,pinch_sweep_size_rand_sinusoid-20260624-142357,TesolloCubePinch,TesolloCubePinch-20260624-145808-cubepinch_sb_baseline_s8,baseline,cubepinch_sb_baseline_s8,8,det,81,12,80,0.15,ok,3682863
pinch_sinusoid,pinch_sweep_size_rand_sinusoid-20260624-142357,TesolloCubePinch,TesolloCubePinch-20260624-145808-cubepinch_sb_baseline_s8,baseline,cubepinch_sb_baseline_s8,8,det,82,26,80,0.325,ok,3682863
pinch_sinusoid,pinch_sweep_size_rand_sinusoid-20260624-142357,TesolloCubePinch,TesolloCubePinch-20260624-145808-cubepinch_sb_baseline_s8,baseline,cubepinch_sb_baseline_s8,8,det,83,11,80,0.1375,ok,3682863
pinch_sinusoid,pinch_sweep_size_rand_sinusoid-20260624-142357,TesolloCubePinch,TesolloCubePinch-20260624-145808-cubepinch_sb_baseline_s8,baseline,cubepinch_sb_baseline_s8,8,det,84,29,80,0.3625,ok,3682863
pinch_sinusoid,pinch_sweep_size_rand_sinusoid-20260624-142357,TesolloCubePinch,TesolloCubePinch-20260624-145808-cubepinch_sb_baseline_s8,baseline,cubepinch_sb_baseline_s8,8,det,85,15,80,0.1875,ok,3682863
pinch_sinusoid,pinch_sweep_size_rand_sinusoid-20260624-142357,TesolloCubePinch,TesolloCubePinch-20260624-145808-cubepinch_sb_baseline_s8,baseline,cubepinch_sb_baseline_s8,8,det,86,23,80,0.2875,ok,3682863
pinch_sinusoid,pinch_sweep_size_rand_sinusoid-20260624-142357,TesolloCubePinch,TesolloCubePinch-20260624-145808-cubepinch_sb_baseline_s8,baseline,cubepinch_sb_baseline_s8,8,det,87,31,80,0.3875,ok,3682863
pinch_sinusoid,pinch_sweep_size_rand_sinusoid-20260624-142357,TesolloCubePinch,TesolloCubePinch-20260624-145808-cubepinch_sb_baseline_s8,baseline,cubepinch_sb_baseline_s8,8,det,88,9,80,0.1125,ok,3682863
pinch_sinusoid,pinch_sweep_size_rand_sinusoid-20260624-142357,TesolloCubePinch,TesolloCubePinch-20260624-145808-cubepinch_sb_baseline_s8,baseline,cubepinch_sb_baseline_s8,8,det,89,26,80,0.325,ok,3682863
pinch_sinusoid,pinch_sweep_size_rand_sinusoid-20260624-142357,TesolloCubePinch,TesolloCubePinch-20260624-145808-cubepinch_sb_baseline_s8,baseline,cubepinch_sb_baseline_s8,8,det,90,20,80,0.25,ok,3682863
pinch_sinusoid,pinch_sweep_size_rand_sinusoid-20260624-142357,TesolloCubePinch,TesolloCubePinch-20260624-145808-cubepinch_sb_baseline_s8,baseline,cubepinch_sb_baseline_s8,8,det,91,25,80,0.3125,ok,3682863
pinch_sinusoid,pinch_sweep_size_rand_sinusoid-20260624-142357,TesolloCubePinch,TesolloCubePinch-20260624-145808-cubepinch_sb_baseline_s8,baseline,cubepinch_sb_baseline_s8,8,det,92,23,80,0.2875,ok,3682863
pinch_sinusoid,pinch_sweep_size_rand_sinusoid-20260624-142357,TesolloCubePinch,TesolloCubePinch-20260624-145808-cubepinch_sb_baseline_s8,baseline,cubepinch_sb_baseline_s8,8,det,93,28,80,0.35,ok,3682863
pinch_sinusoid,pinch_sweep_size_rand_sinusoid-20260624-142357,TesolloCubePinch,TesolloCubePinch-20260624-145808-cubepinch_sb_baseline_s8,baseline,cubepinch_sb_baseline_s8,8,det,94,28,80,0.35,ok,3682863
pinch_sinusoid,pinch_sweep_size_rand_sinusoid-20260624-142357,TesolloCubePinch,TesolloCubePinch-20260624-145808-cubepinch_sb_baseline_s8,baseline,cubepinch_sb_baseline_s8,8,det,95,36,80,0.45,ok,3682863
pinch_sinusoid,pinch_sweep_size_rand_sinusoid-20260624-142357,TesolloCubePinch,TesolloCubePinch-20260624-145808-cubepinch_sb_baseline_s8,baseline,cubepinch_sb_baseline_s8,8,det,96,32,80,0.4,ok,3682863
pinch_sinusoid,pinch_sweep_size_rand_sinusoid-20260624-142357,TesolloCubePinch,TesolloCubePinch-20260624-145808-cubepinch_sb_baseline_s8,baseline,cubepinch_sb_baseline_s8,8,det,97,37,80,0.4625,ok,3682863
pinch_sinusoid,pinch_sweep_size_rand_sinusoid-20260624-142357,TesolloCubePinch,TesolloCubePinch-20260624-145808-cubepinch_sb_baseline_s8,baseline,cubepinch_sb_baseline_s8,8,det,98,25,80,0.3125,ok,3682863
pinch_sinusoid,pinch_sweep_size_rand_sinusoid-20260624-142357,TesolloCubePinch,TesolloCubePinch-20260624-145808-cubepinch_sb_baseline_s8,baseline,cubepinch_sb_baseline_s8,8,det,99,34,80,0.425,ok,3682863
pinch_sinusoid,pinch_sweep_size_rand_sinusoid-20260624-142357,TesolloCubePinch,TesolloCubePinch-20260624-175411-cubepinch_sb_forcemagnitude_s4,force.magnitude,cubepinch_sb_forcemagnitude_s4,4,det,0,27,80,0.3375,ok,3682863
pinch_sinusoid,pinch_sweep_size_rand_sinusoid-20260624-142357,TesolloCubePinch,TesolloCubePinch-20260624-175411-cubepinch_sb_forcemagnitude_s4,force.magnitude,cubepinch_sb_forcemagnitude_s4,4,det,1,18,80,0.225,ok,3682863
pinch_sinusoid,pinch_sweep_size_rand_sinusoid-20260624-142357,TesolloCubePinch,TesolloCubePinch-20260624-175411-cubepinch_sb_forcemagnitude_s4,force.magnitude,cubepinch_sb_forcemagnitude_s4,4,det,2,19,80,0.2375,ok,3682863
pinch_sinusoid,pinch_sweep_size_rand_sinusoid-20260624-142357,TesolloCubePinch,TesolloCubePinch-20260624-175411-cubepinch_sb_forcemagnitude_s4,force.magnitude,cubepinch_sb_forcemagnitude_s4,4,det,3,21,80,0.2625,ok,3682863
pinch_sinusoid,pinch_sweep_size_rand_sinusoid-20260624-142357,TesolloCubePinch,TesolloCubePinch-20260624-175411-cubepinch_sb_forcemagnitude_s4,force.magnitude,cubepinch_sb_forcemagnitude_s4,4,det,4,16,80,0.2,ok,3682863
pinch_sinusoid,pinch_sweep_size_rand_sinusoid-20260624-142357,TesolloCubePinch,TesolloCubePinch-20260624-175411-cubepinch_sb_forcemagnitude_s4,force.magnitude,cubepinch_sb_forcemagnitude_s4,4,det,5,14,80,0.175,ok,3682863
pinch_sinusoid,pinch_sweep_size_rand_sinusoid-20260624-142357,TesolloCubePinch,TesolloCubePinch-20260624-175411-cubepinch_sb_forcemagnitude_s4,force.magnitude,cubepinch_sb_forcemagnitude_s4,4,det,6,29,80,0.3625,ok,3682863
pinch_sinusoid,pinch_sweep_size_rand_sinusoid-20260624-142357,TesolloCubePinch,TesolloCubePinch-20260624-175411-cubepinch_sb_forcemagnitude_s4,force.magnitude,cubepinch_sb_forcemagnitude_s4,4,det,7,12,80,0.15,ok,3682863
pinch_sinusoid,pinch_sweep_size_rand_sinusoid-20260624-142357,TesolloCubePinch,TesolloCubePinch-20260624-175411-cubepinch_sb_forcemagnitude_s4,force.magnitude,cubepinch_sb_forcemagnitude_s4,4,det,8,5,80,0.0625,ok,3682863
pinch_sinusoid,pinch_sweep_size_rand_sinusoid-20260624-142357,TesolloCubePinch,TesolloCubePinch-20260624-175411-cubepinch_sb_forcemagnitude_s4,force.magnitude,cubepinch_sb_forcemagnitude_s4,4,det,9,22,80,0.275,ok,3682863
pinch_sinusoid,pinch_sweep_size_rand_sinusoid-20260624-142357,TesolloCubePinch,TesolloCubePinch-20260624-175411-cubepinch_sb_forcemagnitude_s4,force.magnitude,cubepinch_sb_forcemagnitude_s4,4,det,10,17,80,0.2125,ok,3682863
pinch_sinusoid,pinch_sweep_size_rand_sinusoid-20260624-142357,TesolloCubePinch,TesolloCubePinch-20260624-175411-cubepinch_sb_forcemagnitude_s4,force.magnitude,cubepinch_sb_forcemagnitude_s4,4,det,11,23,80,0.2875,ok,3682863
pinch_sinusoid,pinch_sweep_size_rand_sinusoid-20260624-142357,TesolloCubePinch,TesolloCubePinch-20260624-175411-cubepinch_sb_forcemagnitude_s4,force.magnitude,cubepinch_sb_forcemagnitude_s4,4,det,12,32,80,0.4,ok,3682863
pinch_sinusoid,pinch_sweep_size_rand_sinusoid-20260624-142357,TesolloCubePinch,TesolloCubePinch-20260624-175411-cubepinch_sb_forcemagnitude_s4,force.magnitude,cubepinch_sb_forcemagnitude_s4,4,det,13,42,80,0.525,ok,3682863
pinch_sinusoid,pinch_sweep_size_rand_sinusoid-20260624-142357,TesolloCubePinch,TesolloCubePinch-20260624-175411-cubepinch_sb_forcemagnitude_s4,force.magnitude,cubepinch_sb_forcemagnitude_s4,4,det,14,25,80,0.3125,ok,3682863
pinch_sinusoid,pinch_sweep_size_rand_sinusoid-20260624-142357,TesolloCubePinch,TesolloCubePinch-20260624-175411-cubepinch_sb_forcemagnitude_s4,force.magnitude,cubepinch_sb_forcemagnitude_s4,4,det,15,14,80,0.175,ok,3682863
pinch_sinusoid,pinch_sweep_size_rand_sinusoid-20260624-142357,TesolloCubePinch,TesolloCubePinch-20260624-175411-cubepinch_sb_forcemagnitude_s4,force.magnitude,cubepinch_sb_forcemagnitude_s4,4,det,16,25,80,0.3125,ok,3682863
pinch_sinusoid,pinch_sweep_size_rand_sinusoid-20260624-142357,TesolloCubePinch,TesolloCubePinch-20260624-175411-cubepinch_sb_forcemagnitude_s4,force.magnitude,cubepinch_sb_forcemagnitude_s4,4,det,17,19,80,0.2375,ok,3682863
pinch_sinusoid,pinch_sweep_size_rand_sinusoid-20260624-142357,TesolloCubePinch,TesolloCubePinch-20260624-175411-cubepinch_sb_forcemagnitude_s4,force.magnitude,cubepinch_sb_forcemagnitude_s4,4,det,18,8,80,0.1,ok,3682863
pinch_sinusoid,pinch_sweep_size_rand_sinusoid-20260624-142357,TesolloCubePinch,TesolloCubePinch-20260624-175411-cubepinch_sb_forcemagnitude_s4,force.magnitude,cubepinch_sb_forcemagnitude_s4,4,det,19,27,80,0.3375,ok,3682863
pinch_sinusoid,pinch_sweep_size_rand_sinusoid-20260624-142357,TesolloCubePinch,TesolloCubePinch-20260624-175411-cubepinch_sb_forcemagnitude_s4,force.magnitude,cubepinch_sb_forcemagnitude_s4,4,det,20,1,80,0.0125,ok,3682863
pinch_sinusoid,pinch_sweep_size_rand_sinusoid-20260624-142357,TesolloCubePinch,TesolloCubePinch-20260624-175411-cubepinch_sb_forcemagnitude_s4,force.magnitude,cubepinch_sb_forcemagnitude_s4,4,det,21,58,80,0.725,ok,3682863
pinch_sinusoid,pinch_sweep_size_rand_sinusoid-20260624-142357,TesolloCubePinch,TesolloCubePinch-20260624-175411-cubepinch_sb_forcemagnitude_s4,force.magnitude,cubepinch_sb_forcemagnitude_s4,4,det,22,17,80,0.2125,ok,3682863
pinch_sinusoid,pinch_sweep_size_rand_sinusoid-20260624-142357,TesolloCubePinch,TesolloCubePinch-20260624-175411-cubepinch_sb_forcemagnitude_s4,force.magnitude,cubepinch_sb_forcemagnitude_s4,4,det,23,9,80,0.1125,ok,3682863
pinch_sinusoid,pinch_sweep_size_rand_sinusoid-20260624-142357,TesolloCubePinch,TesolloCubePinch-20260624-175411-cubepinch_sb_forcemagnitude_s4,force.magnitude,cubepinch_sb_forcemagnitude_s4,4,det,24,37,80,0.4625,ok,3682863
pinch_sinusoid,pinch_sweep_size_rand_sinusoid-20260624-142357,TesolloCubePinch,TesolloCubePinch-20260624-175411-cubepinch_sb_forcemagnitude_s4,force.magnitude,cubepinch_sb_forcemagnitude_s4,4,det,25,19,80,0.2375,ok,3682863
pinch_sinusoid,pinch_sweep_size_rand_sinusoid-20260624-142357,TesolloCubePinch,TesolloCubePinch-20260624-175411-cubepinch_sb_forcemagnitude_s4,force.magnitude,cubepinch_sb_forcemagnitude_s4,4,det,26,4,80,0.05,ok,3682863
pinch_sinusoid,pinch_sweep_size_rand_sinusoid-20260624-142357,TesolloCubePinch,TesolloCubePinch-20260624-175411-cubepinch_sb_forcemagnitude_s4,force.magnitude,cubepinch_sb_forcemagnitude_s4,4,det,27,20,80,0.25,ok,3682863
pinch_sinusoid,pinch_sweep_size_rand_sinusoid-20260624-142357,TesolloCubePinch,TesolloCubePinch-20260624-175411-cubepinch_sb_forcemagnitude_s4,force.magnitude,cubepinch_sb_forcemagnitude_s4,4,det,28,31,80,0.3875,ok,3682863
pinch_sinusoid,pinch_sweep_size_rand_sinusoid-20260624-142357,TesolloCubePinch,TesolloCubePinch-20260624-175411-cubepinch_sb_forcemagnitude_s4,force.magnitude,cubepinch_sb_forcemagnitude_s4,4,det,29,13,80,0.1625,ok,3682863
pinch_sinusoid,pinch_sweep_size_rand_sinusoid-20260624-142357,TesolloCubePinch,TesolloCubePinch-20260624-175411-cubepinch_sb_forcemagnitude_s4,force.magnitude,cubepinch_sb_forcemagnitude_s4,4,det,30,23,80,0.2875,ok,3682863
pinch_sinusoid,pinch_sweep_size_rand_sinusoid-20260624-142357,TesolloCubePinch,TesolloCubePinch-20260624-175411-cubepinch_sb_forcemagnitude_s4,force.magnitude,cubepinch_sb_forcemagnitude_s4,4,det,31,32,80,0.4,ok,3682863
pinch_sinusoid,pinch_sweep_size_rand_sinusoid-20260624-142357,TesolloCubePinch,TesolloCubePinch-20260624-175411-cubepinch_sb_forcemagnitude_s4,force.magnitude,cubepinch_sb_forcemagnitude_s4,4,det,32,20,80,0.25,ok,3682863
pinch_sinusoid,pinch_sweep_size_rand_sinusoid-20260624-142357,TesolloCubePinch,TesolloCubePinch-20260624-175411-cubepinch_sb_forcemagnitude_s4,force.magnitude,cubepinch_sb_forcemagnitude_s4,4,det,33,25,80,0.3125,ok,3682863
pinch_sinusoid,pinch_sweep_size_rand_sinusoid-20260624-142357,TesolloCubePinch,TesolloCubePinch-20260624-175411-cubepinch_sb_forcemagnitude_s4,force.magnitude,cubepinch_sb_forcemagnitude_s4,4,det,34,34,80,0.425,ok,3682863
pinch_sinusoid,pinch_sweep_size_rand_sinusoid-20260624-142357,TesolloCubePinch,TesolloCubePinch-20260624-175411-cubepinch_sb_forcemagnitude_s4,force.magnitude,cubepinch_sb_forcemagnitude_s4,4,det,35,19,80,0.2375,ok,3682863
pinch_sinusoid,pinch_sweep_size_rand_sinusoid-20260624-142357,TesolloCubePinch,TesolloCubePinch-20260624-175411-cubepinch_sb_forcemagnitude_s4,force.magnitude,cubepinch_sb_forcemagnitude_s4,4,det,36,23,80,0.2875,ok,3682863
pinch_sinusoid,pinch_sweep_size_rand_sinusoid-20260624-142357,TesolloCubePinch,TesolloCubePinch-20260624-175411-cubepinch_sb_forcemagnitude_s4,force.magnitude,cubepinch_sb_forcemagnitude_s4,4,det,37,3,80,0.0375,ok,3682863
pinch_sinusoid,pinch_sweep_size_rand_sinusoid-20260624-142357,TesolloCubePinch,TesolloCubePinch-20260624-175411-cubepinch_sb_forcemagnitude_s4,force.magnitude,cubepinch_sb_forcemagnitude_s4,4,det,38,29,80,0.3625,ok,3682863
pinch_sinusoid,pinch_sweep_size_rand_sinusoid-20260624-142357,TesolloCubePinch,TesolloCubePinch-20260624-175411-cubepinch_sb_forcemagnitude_s4,force.magnitude,cubepinch_sb_forcemagnitude_s4,4,det,39,17,80,0.2125,ok,3682863
pinch_sinusoid,pinch_sweep_size_rand_sinusoid-20260624-142357,TesolloCubePinch,TesolloCubePinch-20260624-175411-cubepinch_sb_forcemagnitude_s4,force.magnitude,cubepinch_sb_forcemagnitude_s4,4,det,40,10,80,0.125,ok,3682863
pinch_sinusoid,pinch_sweep_size_rand_sinusoid-20260624-142357,TesolloCubePinch,TesolloCubePinch-20260624-175411-cubepinch_sb_forcemagnitude_s4,force.magnitude,cubepinch_sb_forcemagnitude_s4,4,det,41,18,80,0.225,ok,3682863
pinch_sinusoid,pinch_sweep_size_rand_sinusoid-20260624-142357,TesolloCubePinch,TesolloCubePinch-20260624-175411-cubepinch_sb_forcemagnitude_s4,force.magnitude,cubepinch_sb_forcemagnitude_s4,4,det,42,42,80,0.525,ok,3682863
pinch_sinusoid,pinch_sweep_size_rand_sinusoid-20260624-142357,TesolloCubePinch,TesolloCubePinch-20260624-175411-cubepinch_sb_forcemagnitude_s4,force.magnitude,cubepinch_sb_forcemagnitude_s4,4,det,43,42,80,0.525,ok,3682863
pinch_sinusoid,pinch_sweep_size_rand_sinusoid-20260624-142357,TesolloCubePinch,TesolloCubePinch-20260624-175411-cubepinch_sb_forcemagnitude_s4,force.magnitude,cubepinch_sb_forcemagnitude_s4,4,det,44,18,80,0.225,ok,3682863
pinch_sinusoid,pinch_sweep_size_rand_sinusoid-20260624-142357,TesolloCubePinch,TesolloCubePinch-20260624-175411-cubepinch_sb_forcemagnitude_s4,force.magnitude,cubepinch_sb_forcemagnitude_s4,4,det,45,15,80,0.1875,ok,3682863
pinch_sinusoid,pinch_sweep_size_rand_sinusoid-20260624-142357,TesolloCubePinch,TesolloCubePinch-20260624-175411-cubepinch_sb_forcemagnitude_s4,force.magnitude,cubepinch_sb_forcemagnitude_s4,4,det,46,29,80,0.3625,ok,3682863
pinch_sinusoid,pinch_sweep_size_rand_sinusoid-20260624-142357,TesolloCubePinch,TesolloCubePinch-20260624-175411-cubepinch_sb_forcemagnitude_s4,force.magnitude,cubepinch_sb_forcemagnitude_s4,4,det,47,15,80,0.1875,ok,3682863
pinch_sinusoid,pinch_sweep_size_rand_sinusoid-20260624-142357,TesolloCubePinch,TesolloCubePinch-20260624-175411-cubepinch_sb_forcemagnitude_s4,force.magnitude,cubepinch_sb_forcemagnitude_s4,4,det,48,14,80,0.175,ok,3682863
pinch_sinusoid,pinch_sweep_size_rand_sinusoid-20260624-142357,TesolloCubePinch,TesolloCubePinch-20260624-175411-cubepinch_sb_forcemagnitude_s4,force.magnitude,cubepinch_sb_forcemagnitude_s4,4,det,49,15,80,0.1875,ok,3682863
pinch_sinusoid,pinch_sweep_size_rand_sinusoid-20260624-142357,TesolloCubePinch,TesolloCubePinch-20260624-175411-cubepinch_sb_forcemagnitude_s4,force.magnitude,cubepinch_sb_forcemagnitude_s4,4,det,50,20,80,0.25,ok,3682863
pinch_sinusoid,pinch_sweep_size_rand_sinusoid-20260624-142357,TesolloCubePinch,TesolloCubePinch-20260624-175411-cubepinch_sb_forcemagnitude_s4,force.magnitude,cubepinch_sb_forcemagnitude_s4,4,det,51,24,80,0.3,ok,3682863
pinch_sinusoid,pinch_sweep_size_rand_sinusoid-20260624-142357,TesolloCubePinch,TesolloCubePinch-20260624-175411-cubepinch_sb_forcemagnitude_s4,force.magnitude,cubepinch_sb_forcemagnitude_s4,4,det,52,19,80,0.2375,ok,3682863
pinch_sinusoid,pinch_sweep_size_rand_sinusoid-20260624-142357,TesolloCubePinch,TesolloCubePinch-20260624-175411-cubepinch_sb_forcemagnitude_s4,force.magnitude,cubepinch_sb_forcemagnitude_s4,4,det,53,39,80,0.4875,ok,3682863
pinch_sinusoid,pinch_sweep_size_rand_sinusoid-20260624-142357,TesolloCubePinch,TesolloCubePinch-20260624-175411-cubepinch_sb_forcemagnitude_s4,force.magnitude,cubepinch_sb_forcemagnitude_s4,4,det,54,29,80,0.3625,ok,3682863
pinch_sinusoid,pinch_sweep_size_rand_sinusoid-20260624-142357,TesolloCubePinch,TesolloCubePinch-20260624-175411-cubepinch_sb_forcemagnitude_s4,force.magnitude,cubepinch_sb_forcemagnitude_s4,4,det,55,25,80,0.3125,ok,3682863
pinch_sinusoid,pinch_sweep_size_rand_sinusoid-20260624-142357,TesolloCubePinch,TesolloCubePinch-20260624-175411-cubepinch_sb_forcemagnitude_s4,force.magnitude,cubepinch_sb_forcemagnitude_s4,4,det,56,11,80,0.1375,ok,3682863
pinch_sinusoid,pinch_sweep_size_rand_sinusoid-20260624-142357,TesolloCubePinch,TesolloCubePinch-20260624-175411-cubepinch_sb_forcemagnitude_s4,force.magnitude,cubepinch_sb_forcemagnitude_s4,4,det,57,34,80,0.425,ok,3682863
pinch_sinusoid,pinch_sweep_size_rand_sinusoid-20260624-142357,TesolloCubePinch,TesolloCubePinch-20260624-175411-cubepinch_sb_forcemagnitude_s4,force.magnitude,cubepinch_sb_forcemagnitude_s4,4,det,58,19,80,0.2375,ok,3682863
pinch_sinusoid,pinch_sweep_size_rand_sinusoid-20260624-142357,TesolloCubePinch,TesolloCubePinch-20260624-175411-cubepinch_sb_forcemagnitude_s4,force.magnitude,cubepinch_sb_forcemagnitude_s4,4,det,59,16,80,0.2,ok,3682863
pinch_sinusoid,pinch_sweep_size_rand_sinusoid-20260624-142357,TesolloCubePinch,TesolloCubePinch-20260624-175411-cubepinch_sb_forcemagnitude_s4,force.magnitude,cubepinch_sb_forcemagnitude_s4,4,det,60,18,80,0.225,ok,3682863
pinch_sinusoid,pinch_sweep_size_rand_sinusoid-20260624-142357,TesolloCubePinch,TesolloCubePinch-20260624-175411-cubepinch_sb_forcemagnitude_s4,force.magnitude,cubepinch_sb_forcemagnitude_s4,4,det,61,55,80,0.6875,ok,3682863
pinch_sinusoid,pinch_sweep_size_rand_sinusoid-20260624-142357,TesolloCubePinch,TesolloCubePinch-20260624-175411-cubepinch_sb_forcemagnitude_s4,force.magnitude,cubepinch_sb_forcemagnitude_s4,4,det,62,27,80,0.3375,ok,3682863
pinch_sinusoid,pinch_sweep_size_rand_sinusoid-20260624-142357,TesolloCubePinch,TesolloCubePinch-20260624-175411-cubepinch_sb_forcemagnitude_s4,force.magnitude,cubepinch_sb_forcemagnitude_s4,4,det,63,30,80,0.375,ok,3682863
pinch_sinusoid,pinch_sweep_size_rand_sinusoid-20260624-142357,TesolloCubePinch,TesolloCubePinch-20260624-175411-cubepinch_sb_forcemagnitude_s4,force.magnitude,cubepinch_sb_forcemagnitude_s4,4,det,64,10,80,0.125,ok,3682863
pinch_sinusoid,pinch_sweep_size_rand_sinusoid-20260624-142357,TesolloCubePinch,TesolloCubePinch-20260624-175411-cubepinch_sb_forcemagnitude_s4,force.magnitude,cubepinch_sb_forcemagnitude_s4,4,det,65,10,80,0.125,ok,3682863
pinch_sinusoid,pinch_sweep_size_rand_sinusoid-20260624-142357,TesolloCubePinch,TesolloCubePinch-20260624-175411-cubepinch_sb_forcemagnitude_s4,force.magnitude,cubepinch_sb_forcemagnitude_s4,4,det,66,9,80,0.1125,ok,3682863
pinch_sinusoid,pinch_sweep_size_rand_sinusoid-20260624-142357,TesolloCubePinch,TesolloCubePinch-20260624-175411-cubepinch_sb_forcemagnitude_s4,force.magnitude,cubepinch_sb_forcemagnitude_s4,4,det,67,26,80,0.325,ok,3682863
pinch_sinusoid,pinch_sweep_size_rand_sinusoid-20260624-142357,TesolloCubePinch,TesolloCubePinch-20260624-175411-cubepinch_sb_forcemagnitude_s4,force.magnitude,cubepinch_sb_forcemagnitude_s4,4,det,68,7,80,0.0875,ok,3682863
pinch_sinusoid,pinch_sweep_size_rand_sinusoid-20260624-142357,TesolloCubePinch,TesolloCubePinch-20260624-175411-cubepinch_sb_forcemagnitude_s4,force.magnitude,cubepinch_sb_forcemagnitude_s4,4,det,69,25,80,0.3125,ok,3682863
pinch_sinusoid,pinch_sweep_size_rand_sinusoid-20260624-142357,TesolloCubePinch,TesolloCubePinch-20260624-175411-cubepinch_sb_forcemagnitude_s4,force.magnitude,cubepinch_sb_forcemagnitude_s4,4,det,70,6,80,0.075,ok,3682863
pinch_sinusoid,pinch_sweep_size_rand_sinusoid-20260624-142357,TesolloCubePinch,TesolloCubePinch-20260624-175411-cubepinch_sb_forcemagnitude_s4,force.magnitude,cubepinch_sb_forcemagnitude_s4,4,det,71,23,80,0.2875,ok,3682863
pinch_sinusoid,pinch_sweep_size_rand_sinusoid-20260624-142357,TesolloCubePinch,TesolloCubePinch-20260624-175411-cubepinch_sb_forcemagnitude_s4,force.magnitude,cubepinch_sb_forcemagnitude_s4,4,det,72,15,80,0.1875,ok,3682863
pinch_sinusoid,pinch_sweep_size_rand_sinusoid-20260624-142357,TesolloCubePinch,TesolloCubePinch-20260624-175411-cubepinch_sb_forcemagnitude_s4,force.magnitude,cubepinch_sb_forcemagnitude_s4,4,det,73,24,80,0.3,ok,3682863
pinch_sinusoid,pinch_sweep_size_rand_sinusoid-20260624-142357,TesolloCubePinch,TesolloCubePinch-20260624-175411-cubepinch_sb_forcemagnitude_s4,force.magnitude,cubepinch_sb_forcemagnitude_s4,4,det,74,7,80,0.0875,ok,3682863
pinch_sinusoid,pinch_sweep_size_rand_sinusoid-20260624-142357,TesolloCubePinch,TesolloCubePinch-20260624-175411-cubepinch_sb_forcemagnitude_s4,force.magnitude,cubepinch_sb_forcemagnitude_s4,4,det,75,5,80,0.0625,ok,3682863
pinch_sinusoid,pinch_sweep_size_rand_sinusoid-20260624-142357,TesolloCubePinch,TesolloCubePinch-20260624-175411-cubepinch_sb_forcemagnitude_s4,force.magnitude,cubepinch_sb_forcemagnitude_s4,4,det,76,30,80,0.375,ok,3682863
pinch_sinusoid,pinch_sweep_size_rand_sinusoid-20260624-142357,TesolloCubePinch,TesolloCubePinch-20260624-175411-cubepinch_sb_forcemagnitude_s4,force.magnitude,cubepinch_sb_forcemagnitude_s4,4,det,77,4,80,0.05,ok,3682863
pinch_sinusoid,pinch_sweep_size_rand_sinusoid-20260624-142357,TesolloCubePinch,TesolloCubePinch-20260624-175411-cubepinch_sb_forcemagnitude_s4,force.magnitude,cubepinch_sb_forcemagnitude_s4,4,det,78,15,80,0.1875,ok,3682863
pinch_sinusoid,pinch_sweep_size_rand_sinusoid-20260624-142357,TesolloCubePinch,TesolloCubePinch-20260624-175411-cubepinch_sb_forcemagnitude_s4,force.magnitude,cubepinch_sb_forcemagnitude_s4,4,det,79,22,80,0.275,ok,3682863
pinch_sinusoid,pinch_sweep_size_rand_sinusoid-20260624-142357,TesolloCubePinch,TesolloCubePinch-20260624-175411-cubepinch_sb_forcemagnitude_s4,force.magnitude,cubepinch_sb_forcemagnitude_s4,4,det,80,29,80,0.3625,ok,3682863
pinch_sinusoid,pinch_sweep_size_rand_sinusoid-20260624-142357,TesolloCubePinch,TesolloCubePinch-20260624-175411-cubepinch_sb_forcemagnitude_s4,force.magnitude,cubepinch_sb_forcemagnitude_s4,4,det,81,3,80,0.0375,ok,3682863
pinch_sinusoid,pinch_sweep_size_rand_sinusoid-20260624-142357,TesolloCubePinch,TesolloCubePinch-20260624-175411-cubepinch_sb_forcemagnitude_s4,force.magnitude,cubepinch_sb_forcemagnitude_s4,4,det,82,3,80,0.0375,ok,3682863
pinch_sinusoid,pinch_sweep_size_rand_sinusoid-20260624-142357,TesolloCubePinch,TesolloCubePinch-20260624-175411-cubepinch_sb_forcemagnitude_s4,force.magnitude,cubepinch_sb_forcemagnitude_s4,4,det,83,14,80,0.175,ok,3682863
pinch_sinusoid,pinch_sweep_size_rand_sinusoid-20260624-142357,TesolloCubePinch,TesolloCubePinch-20260624-175411-cubepinch_sb_forcemagnitude_s4,force.magnitude,cubepinch_sb_forcemagnitude_s4,4,det,84,23,80,0.2875,ok,3682863
pinch_sinusoid,pinch_sweep_size_rand_sinusoid-20260624-142357,TesolloCubePinch,TesolloCubePinch-20260624-175411-cubepinch_sb_forcemagnitude_s4,force.magnitude,cubepinch_sb_forcemagnitude_s4,4,det,85,19,80,0.2375,ok,3682863
pinch_sinusoid,pinch_sweep_size_rand_sinusoid-20260624-142357,TesolloCubePinch,TesolloCubePinch-20260624-175411-cubepinch_sb_forcemagnitude_s4,force.magnitude,cubepinch_sb_forcemagnitude_s4,4,det,86,36,80,0.45,ok,3682863
pinch_sinusoid,pinch_sweep_size_rand_sinusoid-20260624-142357,TesolloCubePinch,TesolloCubePinch-20260624-175411-cubepinch_sb_forcemagnitude_s4,force.magnitude,cubepinch_sb_forcemagnitude_s4,4,det,87,14,80,0.175,ok,3682863
pinch_sinusoid,pinch_sweep_size_rand_sinusoid-20260624-142357,TesolloCubePinch,TesolloCubePinch-20260624-175411-cubepinch_sb_forcemagnitude_s4,force.magnitude,cubepinch_sb_forcemagnitude_s4,4,det,88,20,80,0.25,ok,3682863
pinch_sinusoid,pinch_sweep_size_rand_sinusoid-20260624-142357,TesolloCubePinch,TesolloCubePinch-20260624-175411-cubepinch_sb_forcemagnitude_s4,force.magnitude,cubepinch_sb_forcemagnitude_s4,4,det,89,13,80,0.1625,ok,3682863
pinch_sinusoid,pinch_sweep_size_rand_sinusoid-20260624-142357,TesolloCubePinch,TesolloCubePinch-20260624-175411-cubepinch_sb_forcemagnitude_s4,force.magnitude,cubepinch_sb_forcemagnitude_s4,4,det,90,31,80,0.3875,ok,3682863
pinch_sinusoid,pinch_sweep_size_rand_sinusoid-20260624-142357,TesolloCubePinch,TesolloCubePinch-20260624-175411-cubepinch_sb_forcemagnitude_s4,force.magnitude,cubepinch_sb_forcemagnitude_s4,4,det,91,6,80,0.075,ok,3682863
pinch_sinusoid,pinch_sweep_size_rand_sinusoid-20260624-142357,TesolloCubePinch,TesolloCubePinch-20260624-175411-cubepinch_sb_forcemagnitude_s4,force.magnitude,cubepinch_sb_forcemagnitude_s4,4,det,92,8,80,0.1,ok,3682863
pinch_sinusoid,pinch_sweep_size_rand_sinusoid-20260624-142357,TesolloCubePinch,TesolloCubePinch-20260624-175411-cubepinch_sb_forcemagnitude_s4,force.magnitude,cubepinch_sb_forcemagnitude_s4,4,det,93,17,80,0.2125,ok,3682863
pinch_sinusoid,pinch_sweep_size_rand_sinusoid-20260624-142357,TesolloCubePinch,TesolloCubePinch-20260624-175411-cubepinch_sb_forcemagnitude_s4,force.magnitude,cubepinch_sb_forcemagnitude_s4,4,det,94,11,80,0.1375,ok,3682863
pinch_sinusoid,pinch_sweep_size_rand_sinusoid-20260624-142357,TesolloCubePinch,TesolloCubePinch-20260624-175411-cubepinch_sb_forcemagnitude_s4,force.magnitude,cubepinch_sb_forcemagnitude_s4,4,det,95,2,80,0.025,ok,3682863
pinch_sinusoid,pinch_sweep_size_rand_sinusoid-20260624-142357,TesolloCubePinch,TesolloCubePinch-20260624-175411-cubepinch_sb_forcemagnitude_s4,force.magnitude,cubepinch_sb_forcemagnitude_s4,4,det,96,8,80,0.1,ok,3682863
pinch_sinusoid,pinch_sweep_size_rand_sinusoid-20260624-142357,TesolloCubePinch,TesolloCubePinch-20260624-175411-cubepinch_sb_forcemagnitude_s4,force.magnitude,cubepinch_sb_forcemagnitude_s4,4,det,97,6,80,0.075,ok,3682863
pinch_sinusoid,pinch_sweep_size_rand_sinusoid-20260624-142357,TesolloCubePinch,TesolloCubePinch-20260624-175411-cubepinch_sb_forcemagnitude_s4,force.magnitude,cubepinch_sb_forcemagnitude_s4,4,det,98,14,80,0.175,ok,3682863
pinch_sinusoid,pinch_sweep_size_rand_sinusoid-20260624-142357,TesolloCubePinch,TesolloCubePinch-20260624-175411-cubepinch_sb_forcemagnitude_s4,force.magnitude,cubepinch_sb_forcemagnitude_s4,4,det,99,8,80,0.1,ok,3682863
pinch_sinusoid,pinch_sweep_size_rand_sinusoid-20260624-142357,TesolloCubePinch,TesolloCubePinch-20260624-181110-cubepinch_sb_forcemagnitude_s5,force.magnitude,cubepinch_sb_forcemagnitude_s5,5,det,0,10,80,0.125,ok,3682863
pinch_sinusoid,pinch_sweep_size_rand_sinusoid-20260624-142357,TesolloCubePinch,TesolloCubePinch-20260624-181110-cubepinch_sb_forcemagnitude_s5,force.magnitude,cubepinch_sb_forcemagnitude_s5,5,det,1,31,80,0.3875,ok,3682863
pinch_sinusoid,pinch_sweep_size_rand_sinusoid-20260624-142357,TesolloCubePinch,TesolloCubePinch-20260624-181110-cubepinch_sb_forcemagnitude_s5,force.magnitude,cubepinch_sb_forcemagnitude_s5,5,det,2,13,80,0.1625,ok,3682863
pinch_sinusoid,pinch_sweep_size_rand_sinusoid-20260624-142357,TesolloCubePinch,TesolloCubePinch-20260624-181110-cubepinch_sb_forcemagnitude_s5,force.magnitude,cubepinch_sb_forcemagnitude_s5,5,det,3,33,80,0.4125,ok,3682863
pinch_sinusoid,pinch_sweep_size_rand_sinusoid-20260624-142357,TesolloCubePinch,TesolloCubePinch-20260624-181110-cubepinch_sb_forcemagnitude_s5,force.magnitude,cubepinch_sb_forcemagnitude_s5,5,det,4,42,80,0.525,ok,3682863
pinch_sinusoid,pinch_sweep_size_rand_sinusoid-20260624-142357,TesolloCubePinch,TesolloCubePinch-20260624-181110-cubepinch_sb_forcemagnitude_s5,force.magnitude,cubepinch_sb_forcemagnitude_s5,5,det,5,49,80,0.6125,ok,3682863
pinch_sinusoid,pinch_sweep_size_rand_sinusoid-20260624-142357,TesolloCubePinch,TesolloCubePinch-20260624-181110-cubepinch_sb_forcemagnitude_s5,force.magnitude,cubepinch_sb_forcemagnitude_s5,5,det,6,18,80,0.225,ok,3682863
pinch_sinusoid,pinch_sweep_size_rand_sinusoid-20260624-142357,TesolloCubePinch,TesolloCubePinch-20260624-181110-cubepinch_sb_forcemagnitude_s5,force.magnitude,cubepinch_sb_forcemagnitude_s5,5,det,7,52,80,0.65,ok,3682863
pinch_sinusoid,pinch_sweep_size_rand_sinusoid-20260624-142357,TesolloCubePinch,TesolloCubePinch-20260624-181110-cubepinch_sb_forcemagnitude_s5,force.magnitude,cubepinch_sb_forcemagnitude_s5,5,det,8,46,80,0.575,ok,3682863
pinch_sinusoid,pinch_sweep_size_rand_sinusoid-20260624-142357,TesolloCubePinch,TesolloCubePinch-20260624-181110-cubepinch_sb_forcemagnitude_s5,force.magnitude,cubepinch_sb_forcemagnitude_s5,5,det,9,24,80,0.3,ok,3682863
pinch_sinusoid,pinch_sweep_size_rand_sinusoid-20260624-142357,TesolloCubePinch,TesolloCubePinch-20260624-181110-cubepinch_sb_forcemagnitude_s5,force.magnitude,cubepinch_sb_forcemagnitude_s5,5,det,10,35,80,0.4375,ok,3682863
pinch_sinusoid,pinch_sweep_size_rand_sinusoid-20260624-142357,TesolloCubePinch,TesolloCubePinch-20260624-181110-cubepinch_sb_forcemagnitude_s5,force.magnitude,cubepinch_sb_forcemagnitude_s5,5,det,11,16,80,0.2,ok,3682863
pinch_sinusoid,pinch_sweep_size_rand_sinusoid-20260624-142357,TesolloCubePinch,TesolloCubePinch-20260624-181110-cubepinch_sb_forcemagnitude_s5,force.magnitude,cubepinch_sb_forcemagnitude_s5,5,det,12,33,80,0.4125,ok,3682863
pinch_sinusoid,pinch_sweep_size_rand_sinusoid-20260624-142357,TesolloCubePinch,TesolloCubePinch-20260624-181110-cubepinch_sb_forcemagnitude_s5,force.magnitude,cubepinch_sb_forcemagnitude_s5,5,det,13,37,80,0.4625,ok,3682863
pinch_sinusoid,pinch_sweep_size_rand_sinusoid-20260624-142357,TesolloCubePinch,TesolloCubePinch-20260624-181110-cubepinch_sb_forcemagnitude_s5,force.magnitude,cubepinch_sb_forcemagnitude_s5,5,det,14,33,80,0.4125,ok,3682863
pinch_sinusoid,pinch_sweep_size_rand_sinusoid-20260624-142357,TesolloCubePinch,TesolloCubePinch-20260624-181110-cubepinch_sb_forcemagnitude_s5,force.magnitude,cubepinch_sb_forcemagnitude_s5,5,det,15,35,80,0.4375,ok,3682863
pinch_sinusoid,pinch_sweep_size_rand_sinusoid-20260624-142357,TesolloCubePinch,TesolloCubePinch-20260624-181110-cubepinch_sb_forcemagnitude_s5,force.magnitude,cubepinch_sb_forcemagnitude_s5,5,det,16,26,80,0.325,ok,3682863
pinch_sinusoid,pinch_sweep_size_rand_sinusoid-20260624-142357,TesolloCubePinch,TesolloCubePinch-20260624-181110-cubepinch_sb_forcemagnitude_s5,force.magnitude,cubepinch_sb_forcemagnitude_s5,5,det,17,18,80,0.225,ok,3682863
pinch_sinusoid,pinch_sweep_size_rand_sinusoid-20260624-142357,TesolloCubePinch,TesolloCubePinch-20260624-181110-cubepinch_sb_forcemagnitude_s5,force.magnitude,cubepinch_sb_forcemagnitude_s5,5,det,18,34,80,0.425,ok,3682863
pinch_sinusoid,pinch_sweep_size_rand_sinusoid-20260624-142357,TesolloCubePinch,TesolloCubePinch-20260624-181110-cubepinch_sb_forcemagnitude_s5,force.magnitude,cubepinch_sb_forcemagnitude_s5,5,det,19,21,80,0.2625,ok,3682863
pinch_sinusoid,pinch_sweep_size_rand_sinusoid-20260624-142357,TesolloCubePinch,TesolloCubePinch-20260624-181110-cubepinch_sb_forcemagnitude_s5,force.magnitude,cubepinch_sb_forcemagnitude_s5,5,det,20,39,80,0.4875,ok,3682863
pinch_sinusoid,pinch_sweep_size_rand_sinusoid-20260624-142357,TesolloCubePinch,TesolloCubePinch-20260624-181110-cubepinch_sb_forcemagnitude_s5,force.magnitude,cubepinch_sb_forcemagnitude_s5,5,det,21,22,80,0.275,ok,3682863
pinch_sinusoid,pinch_sweep_size_rand_sinusoid-20260624-142357,TesolloCubePinch,TesolloCubePinch-20260624-181110-cubepinch_sb_forcemagnitude_s5,force.magnitude,cubepinch_sb_forcemagnitude_s5,5,det,22,23,80,0.2875,ok,3682863
pinch_sinusoid,pinch_sweep_size_rand_sinusoid-20260624-142357,TesolloCubePinch,TesolloCubePinch-20260624-181110-cubepinch_sb_forcemagnitude_s5,force.magnitude,cubepinch_sb_forcemagnitude_s5,5,det,23,38,80,0.475,ok,3682863
pinch_sinusoid,pinch_sweep_size_rand_sinusoid-20260624-142357,TesolloCubePinch,TesolloCubePinch-20260624-181110-cubepinch_sb_forcemagnitude_s5,force.magnitude,cubepinch_sb_forcemagnitude_s5,5,det,24,52,80,0.65,ok,3682863
pinch_sinusoid,pinch_sweep_size_rand_sinusoid-20260624-142357,TesolloCubePinch,TesolloCubePinch-20260624-181110-cubepinch_sb_forcemagnitude_s5,force.magnitude,cubepinch_sb_forcemagnitude_s5,5,det,25,34,80,0.425,ok,3682863
pinch_sinusoid,pinch_sweep_size_rand_sinusoid-20260624-142357,TesolloCubePinch,TesolloCubePinch-20260624-181110-cubepinch_sb_forcemagnitude_s5,force.magnitude,cubepinch_sb_forcemagnitude_s5,5,det,26,39,80,0.4875,ok,3682863
pinch_sinusoid,pinch_sweep_size_rand_sinusoid-20260624-142357,TesolloCubePinch,TesolloCubePinch-20260624-181110-cubepinch_sb_forcemagnitude_s5,force.magnitude,cubepinch_sb_forcemagnitude_s5,5,det,27,30,80,0.375,ok,3682863
pinch_sinusoid,pinch_sweep_size_rand_sinusoid-20260624-142357,TesolloCubePinch,TesolloCubePinch-20260624-181110-cubepinch_sb_forcemagnitude_s5,force.magnitude,cubepinch_sb_forcemagnitude_s5,5,det,28,40,80,0.5,ok,3682863
pinch_sinusoid,pinch_sweep_size_rand_sinusoid-20260624-142357,TesolloCubePinch,TesolloCubePinch-20260624-181110-cubepinch_sb_forcemagnitude_s5,force.magnitude,cubepinch_sb_forcemagnitude_s5,5,det,29,23,80,0.2875,ok,3682863
pinch_sinusoid,pinch_sweep_size_rand_sinusoid-20260624-142357,TesolloCubePinch,TesolloCubePinch-20260624-181110-cubepinch_sb_forcemagnitude_s5,force.magnitude,cubepinch_sb_forcemagnitude_s5,5,det,30,32,80,0.4,ok,3682863
pinch_sinusoid,pinch_sweep_size_rand_sinusoid-20260624-142357,TesolloCubePinch,TesolloCubePinch-20260624-181110-cubepinch_sb_forcemagnitude_s5,force.magnitude,cubepinch_sb_forcemagnitude_s5,5,det,31,19,80,0.2375,ok,3682863
pinch_sinusoid,pinch_sweep_size_rand_sinusoid-20260624-142357,TesolloCubePinch,TesolloCubePinch-20260624-181110-cubepinch_sb_forcemagnitude_s5,force.magnitude,cubepinch_sb_forcemagnitude_s5,5,det,32,39,80,0.4875,ok,3682863
pinch_sinusoid,pinch_sweep_size_rand_sinusoid-20260624-142357,TesolloCubePinch,TesolloCubePinch-20260624-181110-cubepinch_sb_forcemagnitude_s5,force.magnitude,cubepinch_sb_forcemagnitude_s5,5,det,33,29,80,0.3625,ok,3682863
pinch_sinusoid,pinch_sweep_size_rand_sinusoid-20260624-142357,TesolloCubePinch,TesolloCubePinch-20260624-181110-cubepinch_sb_forcemagnitude_s5,force.magnitude,cubepinch_sb_forcemagnitude_s5,5,det,34,29,80,0.3625,ok,3682863
pinch_sinusoid,pinch_sweep_size_rand_sinusoid-20260624-142357,TesolloCubePinch,TesolloCubePinch-20260624-181110-cubepinch_sb_forcemagnitude_s5,force.magnitude,cubepinch_sb_forcemagnitude_s5,5,det,35,47,80,0.5875,ok,3682863
pinch_sinusoid,pinch_sweep_size_rand_sinusoid-20260624-142357,TesolloCubePinch,TesolloCubePinch-20260624-181110-cubepinch_sb_forcemagnitude_s5,force.magnitude,cubepinch_sb_forcemagnitude_s5,5,det,36,49,80,0.6125,ok,3682863
pinch_sinusoid,pinch_sweep_size_rand_sinusoid-20260624-142357,TesolloCubePinch,TesolloCubePinch-20260624-181110-cubepinch_sb_forcemagnitude_s5,force.magnitude,cubepinch_sb_forcemagnitude_s5,5,det,37,51,80,0.6375,ok,3682863
pinch_sinusoid,pinch_sweep_size_rand_sinusoid-20260624-142357,TesolloCubePinch,TesolloCubePinch-20260624-181110-cubepinch_sb_forcemagnitude_s5,force.magnitude,cubepinch_sb_forcemagnitude_s5,5,det,38,13,80,0.1625,ok,3682863
pinch_sinusoid,pinch_sweep_size_rand_sinusoid-20260624-142357,TesolloCubePinch,TesolloCubePinch-20260624-181110-cubepinch_sb_forcemagnitude_s5,force.magnitude,cubepinch_sb_forcemagnitude_s5,5,det,39,29,80,0.3625,ok,3682863
pinch_sinusoid,pinch_sweep_size_rand_sinusoid-20260624-142357,TesolloCubePinch,TesolloCubePinch-20260624-181110-cubepinch_sb_forcemagnitude_s5,force.magnitude,cubepinch_sb_forcemagnitude_s5,5,det,40,52,80,0.65,ok,3682863
pinch_sinusoid,pinch_sweep_size_rand_sinusoid-20260624-142357,TesolloCubePinch,TesolloCubePinch-20260624-181110-cubepinch_sb_forcemagnitude_s5,force.magnitude,cubepinch_sb_forcemagnitude_s5,5,det,41,29,80,0.3625,ok,3682863
pinch_sinusoid,pinch_sweep_size_rand_sinusoid-20260624-142357,TesolloCubePinch,TesolloCubePinch-20260624-181110-cubepinch_sb_forcemagnitude_s5,force.magnitude,cubepinch_sb_forcemagnitude_s5,5,det,42,29,80,0.3625,ok,3682863
pinch_sinusoid,pinch_sweep_size_rand_sinusoid-20260624-142357,TesolloCubePinch,TesolloCubePinch-20260624-181110-cubepinch_sb_forcemagnitude_s5,force.magnitude,cubepinch_sb_forcemagnitude_s5,5,det,43,46,80,0.575,ok,3682863
pinch_sinusoid,pinch_sweep_size_rand_sinusoid-20260624-142357,TesolloCubePinch,TesolloCubePinch-20260624-181110-cubepinch_sb_forcemagnitude_s5,force.magnitude,cubepinch_sb_forcemagnitude_s5,5,det,44,51,80,0.6375,ok,3682863
pinch_sinusoid,pinch_sweep_size_rand_sinusoid-20260624-142357,TesolloCubePinch,TesolloCubePinch-20260624-181110-cubepinch_sb_forcemagnitude_s5,force.magnitude,cubepinch_sb_forcemagnitude_s5,5,det,45,30,80,0.375,ok,3682863
pinch_sinusoid,pinch_sweep_size_rand_sinusoid-20260624-142357,TesolloCubePinch,TesolloCubePinch-20260624-181110-cubepinch_sb_forcemagnitude_s5,force.magnitude,cubepinch_sb_forcemagnitude_s5,5,det,46,19,80,0.2375,ok,3682863
pinch_sinusoid,pinch_sweep_size_rand_sinusoid-20260624-142357,TesolloCubePinch,TesolloCubePinch-20260624-181110-cubepinch_sb_forcemagnitude_s5,force.magnitude,cubepinch_sb_forcemagnitude_s5,5,det,47,52,80,0.65,ok,3682863
pinch_sinusoid,pinch_sweep_size_rand_sinusoid-20260624-142357,TesolloCubePinch,TesolloCubePinch-20260624-181110-cubepinch_sb_forcemagnitude_s5,force.magnitude,cubepinch_sb_forcemagnitude_s5,5,det,48,41,80,0.5125,ok,3682863
pinch_sinusoid,pinch_sweep_size_rand_sinusoid-20260624-142357,TesolloCubePinch,TesolloCubePinch-20260624-181110-cubepinch_sb_forcemagnitude_s5,force.magnitude,cubepinch_sb_forcemagnitude_s5,5,det,49,29,80,0.3625,ok,3682863
pinch_sinusoid,pinch_sweep_size_rand_sinusoid-20260624-142357,TesolloCubePinch,TesolloCubePinch-20260624-181110-cubepinch_sb_forcemagnitude_s5,force.magnitude,cubepinch_sb_forcemagnitude_s5,5,det,50,32,80,0.4,ok,3682863
pinch_sinusoid,pinch_sweep_size_rand_sinusoid-20260624-142357,TesolloCubePinch,TesolloCubePinch-20260624-181110-cubepinch_sb_forcemagnitude_s5,force.magnitude,cubepinch_sb_forcemagnitude_s5,5,det,51,25,80,0.3125,ok,3682863
pinch_sinusoid,pinch_sweep_size_rand_sinusoid-20260624-142357,TesolloCubePinch,TesolloCubePinch-20260624-181110-cubepinch_sb_forcemagnitude_s5,force.magnitude,cubepinch_sb_forcemagnitude_s5,5,det,52,21,80,0.2625,ok,3682863
pinch_sinusoid,pinch_sweep_size_rand_sinusoid-20260624-142357,TesolloCubePinch,TesolloCubePinch-20260624-181110-cubepinch_sb_forcemagnitude_s5,force.magnitude,cubepinch_sb_forcemagnitude_s5,5,det,53,52,80,0.65,ok,3682863
pinch_sinusoid,pinch_sweep_size_rand_sinusoid-20260624-142357,TesolloCubePinch,TesolloCubePinch-20260624-181110-cubepinch_sb_forcemagnitude_s5,force.magnitude,cubepinch_sb_forcemagnitude_s5,5,det,54,28,80,0.35,ok,3682863
pinch_sinusoid,pinch_sweep_size_rand_sinusoid-20260624-142357,TesolloCubePinch,TesolloCubePinch-20260624-181110-cubepinch_sb_forcemagnitude_s5,force.magnitude,cubepinch_sb_forcemagnitude_s5,5,det,55,31,80,0.3875,ok,3682863
pinch_sinusoid,pinch_sweep_size_rand_sinusoid-20260624-142357,TesolloCubePinch,TesolloCubePinch-20260624-181110-cubepinch_sb_forcemagnitude_s5,force.magnitude,cubepinch_sb_forcemagnitude_s5,5,det,56,33,80,0.4125,ok,3682863
pinch_sinusoid,pinch_sweep_size_rand_sinusoid-20260624-142357,TesolloCubePinch,TesolloCubePinch-20260624-181110-cubepinch_sb_forcemagnitude_s5,force.magnitude,cubepinch_sb_forcemagnitude_s5,5,det,57,40,80,0.5,ok,3682863
pinch_sinusoid,pinch_sweep_size_rand_sinusoid-20260624-142357,TesolloCubePinch,TesolloCubePinch-20260624-181110-cubepinch_sb_forcemagnitude_s5,force.magnitude,cubepinch_sb_forcemagnitude_s5,5,det,58,41,80,0.5125,ok,3682863
pinch_sinusoid,pinch_sweep_size_rand_sinusoid-20260624-142357,TesolloCubePinch,TesolloCubePinch-20260624-181110-cubepinch_sb_forcemagnitude_s5,force.magnitude,cubepinch_sb_forcemagnitude_s5,5,det,59,37,80,0.4625,ok,3682863
pinch_sinusoid,pinch_sweep_size_rand_sinusoid-20260624-142357,TesolloCubePinch,TesolloCubePinch-20260624-181110-cubepinch_sb_forcemagnitude_s5,force.magnitude,cubepinch_sb_forcemagnitude_s5,5,det,60,42,80,0.525,ok,3682863
pinch_sinusoid,pinch_sweep_size_rand_sinusoid-20260624-142357,TesolloCubePinch,TesolloCubePinch-20260624-181110-cubepinch_sb_forcemagnitude_s5,force.magnitude,cubepinch_sb_forcemagnitude_s5,5,det,61,25,80,0.3125,ok,3682863
pinch_sinusoid,pinch_sweep_size_rand_sinusoid-20260624-142357,TesolloCubePinch,TesolloCubePinch-20260624-181110-cubepinch_sb_forcemagnitude_s5,force.magnitude,cubepinch_sb_forcemagnitude_s5,5,det,62,53,80,0.6625,ok,3682863
pinch_sinusoid,pinch_sweep_size_rand_sinusoid-20260624-142357,TesolloCubePinch,TesolloCubePinch-20260624-181110-cubepinch_sb_forcemagnitude_s5,force.magnitude,cubepinch_sb_forcemagnitude_s5,5,det,63,49,80,0.6125,ok,3682863
pinch_sinusoid,pinch_sweep_size_rand_sinusoid-20260624-142357,TesolloCubePinch,TesolloCubePinch-20260624-181110-cubepinch_sb_forcemagnitude_s5,force.magnitude,cubepinch_sb_forcemagnitude_s5,5,det,64,42,80,0.525,ok,3682863
pinch_sinusoid,pinch_sweep_size_rand_sinusoid-20260624-142357,TesolloCubePinch,TesolloCubePinch-20260624-181110-cubepinch_sb_forcemagnitude_s5,force.magnitude,cubepinch_sb_forcemagnitude_s5,5,det,65,43,80,0.5375,ok,3682863
pinch_sinusoid,pinch_sweep_size_rand_sinusoid-20260624-142357,TesolloCubePinch,TesolloCubePinch-20260624-181110-cubepinch_sb_forcemagnitude_s5,force.magnitude,cubepinch_sb_forcemagnitude_s5,5,det,66,56,80,0.7,ok,3682863
pinch_sinusoid,pinch_sweep_size_rand_sinusoid-20260624-142357,TesolloCubePinch,TesolloCubePinch-20260624-181110-cubepinch_sb_forcemagnitude_s5,force.magnitude,cubepinch_sb_forcemagnitude_s5,5,det,67,30,80,0.375,ok,3682863
pinch_sinusoid,pinch_sweep_size_rand_sinusoid-20260624-142357,TesolloCubePinch,TesolloCubePinch-20260624-181110-cubepinch_sb_forcemagnitude_s5,force.magnitude,cubepinch_sb_forcemagnitude_s5,5,det,68,29,80,0.3625,ok,3682863
pinch_sinusoid,pinch_sweep_size_rand_sinusoid-20260624-142357,TesolloCubePinch,TesolloCubePinch-20260624-181110-cubepinch_sb_forcemagnitude_s5,force.magnitude,cubepinch_sb_forcemagnitude_s5,5,det,69,27,80,0.3375,ok,3682863
pinch_sinusoid,pinch_sweep_size_rand_sinusoid-20260624-142357,TesolloCubePinch,TesolloCubePinch-20260624-181110-cubepinch_sb_forcemagnitude_s5,force.magnitude,cubepinch_sb_forcemagnitude_s5,5,det,70,19,80,0.2375,ok,3682863
pinch_sinusoid,pinch_sweep_size_rand_sinusoid-20260624-142357,TesolloCubePinch,TesolloCubePinch-20260624-181110-cubepinch_sb_forcemagnitude_s5,force.magnitude,cubepinch_sb_forcemagnitude_s5,5,det,71,41,80,0.5125,ok,3682863
pinch_sinusoid,pinch_sweep_size_rand_sinusoid-20260624-142357,TesolloCubePinch,TesolloCubePinch-20260624-181110-cubepinch_sb_forcemagnitude_s5,force.magnitude,cubepinch_sb_forcemagnitude_s5,5,det,72,34,80,0.425,ok,3682863
pinch_sinusoid,pinch_sweep_size_rand_sinusoid-20260624-142357,TesolloCubePinch,TesolloCubePinch-20260624-181110-cubepinch_sb_forcemagnitude_s5,force.magnitude,cubepinch_sb_forcemagnitude_s5,5,det,73,24,80,0.3,ok,3682863
pinch_sinusoid,pinch_sweep_size_rand_sinusoid-20260624-142357,TesolloCubePinch,TesolloCubePinch-20260624-181110-cubepinch_sb_forcemagnitude_s5,force.magnitude,cubepinch_sb_forcemagnitude_s5,5,det,74,46,80,0.575,ok,3682863
pinch_sinusoid,pinch_sweep_size_rand_sinusoid-20260624-142357,TesolloCubePinch,TesolloCubePinch-20260624-181110-cubepinch_sb_forcemagnitude_s5,force.magnitude,cubepinch_sb_forcemagnitude_s5,5,det,75,45,80,0.5625,ok,3682863
pinch_sinusoid,pinch_sweep_size_rand_sinusoid-20260624-142357,TesolloCubePinch,TesolloCubePinch-20260624-181110-cubepinch_sb_forcemagnitude_s5,force.magnitude,cubepinch_sb_forcemagnitude_s5,5,det,76,27,80,0.3375,ok,3682863
pinch_sinusoid,pinch_sweep_size_rand_sinusoid-20260624-142357,TesolloCubePinch,TesolloCubePinch-20260624-181110-cubepinch_sb_forcemagnitude_s5,force.magnitude,cubepinch_sb_forcemagnitude_s5,5,det,77,43,80,0.5375,ok,3682863
pinch_sinusoid,pinch_sweep_size_rand_sinusoid-20260624-142357,TesolloCubePinch,TesolloCubePinch-20260624-181110-cubepinch_sb_forcemagnitude_s5,force.magnitude,cubepinch_sb_forcemagnitude_s5,5,det,78,45,80,0.5625,ok,3682863
pinch_sinusoid,pinch_sweep_size_rand_sinusoid-20260624-142357,TesolloCubePinch,TesolloCubePinch-20260624-181110-cubepinch_sb_forcemagnitude_s5,force.magnitude,cubepinch_sb_forcemagnitude_s5,5,det,79,45,80,0.5625,ok,3682863
pinch_sinusoid,pinch_sweep_size_rand_sinusoid-20260624-142357,TesolloCubePinch,TesolloCubePinch-20260624-181110-cubepinch_sb_forcemagnitude_s5,force.magnitude,cubepinch_sb_forcemagnitude_s5,5,det,80,47,80,0.5875,ok,3682863
pinch_sinusoid,pinch_sweep_size_rand_sinusoid-20260624-142357,TesolloCubePinch,TesolloCubePinch-20260624-181110-cubepinch_sb_forcemagnitude_s5,force.magnitude,cubepinch_sb_forcemagnitude_s5,5,det,81,16,80,0.2,ok,3682863
pinch_sinusoid,pinch_sweep_size_rand_sinusoid-20260624-142357,TesolloCubePinch,TesolloCubePinch-20260624-181110-cubepinch_sb_forcemagnitude_s5,force.magnitude,cubepinch_sb_forcemagnitude_s5,5,det,82,31,80,0.3875,ok,3682863
pinch_sinusoid,pinch_sweep_size_rand_sinusoid-20260624-142357,TesolloCubePinch,TesolloCubePinch-20260624-181110-cubepinch_sb_forcemagnitude_s5,force.magnitude,cubepinch_sb_forcemagnitude_s5,5,det,83,52,80,0.65,ok,3682863
pinch_sinusoid,pinch_sweep_size_rand_sinusoid-20260624-142357,TesolloCubePinch,TesolloCubePinch-20260624-181110-cubepinch_sb_forcemagnitude_s5,force.magnitude,cubepinch_sb_forcemagnitude_s5,5,det,84,31,80,0.3875,ok,3682863
pinch_sinusoid,pinch_sweep_size_rand_sinusoid-20260624-142357,TesolloCubePinch,TesolloCubePinch-20260624-181110-cubepinch_sb_forcemagnitude_s5,force.magnitude,cubepinch_sb_forcemagnitude_s5,5,det,85,34,80,0.425,ok,3682863
pinch_sinusoid,pinch_sweep_size_rand_sinusoid-20260624-142357,TesolloCubePinch,TesolloCubePinch-20260624-181110-cubepinch_sb_forcemagnitude_s5,force.magnitude,cubepinch_sb_forcemagnitude_s5,5,det,86,45,80,0.5625,ok,3682863
pinch_sinusoid,pinch_sweep_size_rand_sinusoid-20260624-142357,TesolloCubePinch,TesolloCubePinch-20260624-181110-cubepinch_sb_forcemagnitude_s5,force.magnitude,cubepinch_sb_forcemagnitude_s5,5,det,87,40,80,0.5,ok,3682863
pinch_sinusoid,pinch_sweep_size_rand_sinusoid-20260624-142357,TesolloCubePinch,TesolloCubePinch-20260624-181110-cubepinch_sb_forcemagnitude_s5,force.magnitude,cubepinch_sb_forcemagnitude_s5,5,det,88,26,80,0.325,ok,3682863
pinch_sinusoid,pinch_sweep_size_rand_sinusoid-20260624-142357,TesolloCubePinch,TesolloCubePinch-20260624-181110-cubepinch_sb_forcemagnitude_s5,force.magnitude,cubepinch_sb_forcemagnitude_s5,5,det,89,31,80,0.3875,ok,3682863
pinch_sinusoid,pinch_sweep_size_rand_sinusoid-20260624-142357,TesolloCubePinch,TesolloCubePinch-20260624-181110-cubepinch_sb_forcemagnitude_s5,force.magnitude,cubepinch_sb_forcemagnitude_s5,5,det,90,46,80,0.575,ok,3682863
pinch_sinusoid,pinch_sweep_size_rand_sinusoid-20260624-142357,TesolloCubePinch,TesolloCubePinch-20260624-181110-cubepinch_sb_forcemagnitude_s5,force.magnitude,cubepinch_sb_forcemagnitude_s5,5,det,91,22,80,0.275,ok,3682863
pinch_sinusoid,pinch_sweep_size_rand_sinusoid-20260624-142357,TesolloCubePinch,TesolloCubePinch-20260624-181110-cubepinch_sb_forcemagnitude_s5,force.magnitude,cubepinch_sb_forcemagnitude_s5,5,det,92,54,80,0.675,ok,3682863
pinch_sinusoid,pinch_sweep_size_rand_sinusoid-20260624-142357,TesolloCubePinch,TesolloCubePinch-20260624-181110-cubepinch_sb_forcemagnitude_s5,force.magnitude,cubepinch_sb_forcemagnitude_s5,5,det,93,13,80,0.1625,ok,3682863
pinch_sinusoid,pinch_sweep_size_rand_sinusoid-20260624-142357,TesolloCubePinch,TesolloCubePinch-20260624-181110-cubepinch_sb_forcemagnitude_s5,force.magnitude,cubepinch_sb_forcemagnitude_s5,5,det,94,53,80,0.6625,ok,3682863
pinch_sinusoid,pinch_sweep_size_rand_sinusoid-20260624-142357,TesolloCubePinch,TesolloCubePinch-20260624-181110-cubepinch_sb_forcemagnitude_s5,force.magnitude,cubepinch_sb_forcemagnitude_s5,5,det,95,23,80,0.2875,ok,3682863
pinch_sinusoid,pinch_sweep_size_rand_sinusoid-20260624-142357,TesolloCubePinch,TesolloCubePinch-20260624-181110-cubepinch_sb_forcemagnitude_s5,force.magnitude,cubepinch_sb_forcemagnitude_s5,5,det,96,32,80,0.4,ok,3682863
pinch_sinusoid,pinch_sweep_size_rand_sinusoid-20260624-142357,TesolloCubePinch,TesolloCubePinch-20260624-181110-cubepinch_sb_forcemagnitude_s5,force.magnitude,cubepinch_sb_forcemagnitude_s5,5,det,97,12,80,0.15,ok,3682863
pinch_sinusoid,pinch_sweep_size_rand_sinusoid-20260624-142357,TesolloCubePinch,TesolloCubePinch-20260624-181110-cubepinch_sb_forcemagnitude_s5,force.magnitude,cubepinch_sb_forcemagnitude_s5,5,det,98,14,80,0.175,ok,3682863
pinch_sinusoid,pinch_sweep_size_rand_sinusoid-20260624-142357,TesolloCubePinch,TesolloCubePinch-20260624-181110-cubepinch_sb_forcemagnitude_s5,force.magnitude,cubepinch_sb_forcemagnitude_s5,5,det,99,31,80,0.3875,ok,3682863
pinch_sinusoid,pinch_sweep_size_rand_sinusoid-20260624-142357,TesolloCubePinch,TesolloCubePinch-20260624-171403-cubepinch_sb_forcemagnitude_s6,force.magnitude,cubepinch_sb_forcemagnitude_s6,6,det,0,40,80,0.5,ok,3682863
pinch_sinusoid,pinch_sweep_size_rand_sinusoid-20260624-142357,TesolloCubePinch,TesolloCubePinch-20260624-171403-cubepinch_sb_forcemagnitude_s6,force.magnitude,cubepinch_sb_forcemagnitude_s6,6,det,1,26,80,0.325,ok,3682863
pinch_sinusoid,pinch_sweep_size_rand_sinusoid-20260624-142357,TesolloCubePinch,TesolloCubePinch-20260624-171403-cubepinch_sb_forcemagnitude_s6,force.magnitude,cubepinch_sb_forcemagnitude_s6,6,det,2,25,80,0.3125,ok,3682863
pinch_sinusoid,pinch_sweep_size_rand_sinusoid-20260624-142357,TesolloCubePinch,TesolloCubePinch-20260624-171403-cubepinch_sb_forcemagnitude_s6,force.magnitude,cubepinch_sb_forcemagnitude_s6,6,det,3,46,80,0.575,ok,3682863
pinch_sinusoid,pinch_sweep_size_rand_sinusoid-20260624-142357,TesolloCubePinch,TesolloCubePinch-20260624-171403-cubepinch_sb_forcemagnitude_s6,force.magnitude,cubepinch_sb_forcemagnitude_s6,6,det,4,55,80,0.6875,ok,3682863
pinch_sinusoid,pinch_sweep_size_rand_sinusoid-20260624-142357,TesolloCubePinch,TesolloCubePinch-20260624-171403-cubepinch_sb_forcemagnitude_s6,force.magnitude,cubepinch_sb_forcemagnitude_s6,6,det,5,27,80,0.3375,ok,3682863
pinch_sinusoid,pinch_sweep_size_rand_sinusoid-20260624-142357,TesolloCubePinch,TesolloCubePinch-20260624-171403-cubepinch_sb_forcemagnitude_s6,force.magnitude,cubepinch_sb_forcemagnitude_s6,6,det,6,47,80,0.5875,ok,3682863
pinch_sinusoid,pinch_sweep_size_rand_sinusoid-20260624-142357,TesolloCubePinch,TesolloCubePinch-20260624-171403-cubepinch_sb_forcemagnitude_s6,force.magnitude,cubepinch_sb_forcemagnitude_s6,6,det,7,47,80,0.5875,ok,3682863
pinch_sinusoid,pinch_sweep_size_rand_sinusoid-20260624-142357,TesolloCubePinch,TesolloCubePinch-20260624-171403-cubepinch_sb_forcemagnitude_s6,force.magnitude,cubepinch_sb_forcemagnitude_s6,6,det,8,18,80,0.225,ok,3682863
pinch_sinusoid,pinch_sweep_size_rand_sinusoid-20260624-142357,TesolloCubePinch,TesolloCubePinch-20260624-171403-cubepinch_sb_forcemagnitude_s6,force.magnitude,cubepinch_sb_forcemagnitude_s6,6,det,9,30,80,0.375,ok,3682863
pinch_sinusoid,pinch_sweep_size_rand_sinusoid-20260624-142357,TesolloCubePinch,TesolloCubePinch-20260624-171403-cubepinch_sb_forcemagnitude_s6,force.magnitude,cubepinch_sb_forcemagnitude_s6,6,det,10,18,80,0.225,ok,3682863
pinch_sinusoid,pinch_sweep_size_rand_sinusoid-20260624-142357,TesolloCubePinch,TesolloCubePinch-20260624-171403-cubepinch_sb_forcemagnitude_s6,force.magnitude,cubepinch_sb_forcemagnitude_s6,6,det,11,42,80,0.525,ok,3682863
pinch_sinusoid,pinch_sweep_size_rand_sinusoid-20260624-142357,TesolloCubePinch,TesolloCubePinch-20260624-171403-cubepinch_sb_forcemagnitude_s6,force.magnitude,cubepinch_sb_forcemagnitude_s6,6,det,12,44,80,0.55,ok,3682863
pinch_sinusoid,pinch_sweep_size_rand_sinusoid-20260624-142357,TesolloCubePinch,TesolloCubePinch-20260624-171403-cubepinch_sb_forcemagnitude_s6,force.magnitude,cubepinch_sb_forcemagnitude_s6,6,det,13,44,80,0.55,ok,3682863
pinch_sinusoid,pinch_sweep_size_rand_sinusoid-20260624-142357,TesolloCubePinch,TesolloCubePinch-20260624-171403-cubepinch_sb_forcemagnitude_s6,force.magnitude,cubepinch_sb_forcemagnitude_s6,6,det,14,46,80,0.575,ok,3682863
pinch_sinusoid,pinch_sweep_size_rand_sinusoid-20260624-142357,TesolloCubePinch,TesolloCubePinch-20260624-171403-cubepinch_sb_forcemagnitude_s6,force.magnitude,cubepinch_sb_forcemagnitude_s6,6,det,15,54,80,0.675,ok,3682863
pinch_sinusoid,pinch_sweep_size_rand_sinusoid-20260624-142357,TesolloCubePinch,TesolloCubePinch-20260624-171403-cubepinch_sb_forcemagnitude_s6,force.magnitude,cubepinch_sb_forcemagnitude_s6,6,det,16,48,80,0.6,ok,3682863
pinch_sinusoid,pinch_sweep_size_rand_sinusoid-20260624-142357,TesolloCubePinch,TesolloCubePinch-20260624-171403-cubepinch_sb_forcemagnitude_s6,force.magnitude,cubepinch_sb_forcemagnitude_s6,6,det,17,45,80,0.5625,ok,3682863
pinch_sinusoid,pinch_sweep_size_rand_sinusoid-20260624-142357,TesolloCubePinch,TesolloCubePinch-20260624-171403-cubepinch_sb_forcemagnitude_s6,force.magnitude,cubepinch_sb_forcemagnitude_s6,6,det,18,43,80,0.5375,ok,3682863
pinch_sinusoid,pinch_sweep_size_rand_sinusoid-20260624-142357,TesolloCubePinch,TesolloCubePinch-20260624-171403-cubepinch_sb_forcemagnitude_s6,force.magnitude,cubepinch_sb_forcemagnitude_s6,6,det,19,39,80,0.4875,ok,3682863
pinch_sinusoid,pinch_sweep_size_rand_sinusoid-20260624-142357,TesolloCubePinch,TesolloCubePinch-20260624-171403-cubepinch_sb_forcemagnitude_s6,force.magnitude,cubepinch_sb_forcemagnitude_s6,6,det,20,25,80,0.3125,ok,3682863
pinch_sinusoid,pinch_sweep_size_rand_sinusoid-20260624-142357,TesolloCubePinch,TesolloCubePinch-20260624-171403-cubepinch_sb_forcemagnitude_s6,force.magnitude,cubepinch_sb_forcemagnitude_s6,6,det,21,28,80,0.35,ok,3682863
pinch_sinusoid,pinch_sweep_size_rand_sinusoid-20260624-142357,TesolloCubePinch,TesolloCubePinch-20260624-171403-cubepinch_sb_forcemagnitude_s6,force.magnitude,cubepinch_sb_forcemagnitude_s6,6,det,22,44,80,0.55,ok,3682863
pinch_sinusoid,pinch_sweep_size_rand_sinusoid-20260624-142357,TesolloCubePinch,TesolloCubePinch-20260624-171403-cubepinch_sb_forcemagnitude_s6,force.magnitude,cubepinch_sb_forcemagnitude_s6,6,det,23,26,80,0.325,ok,3682863
pinch_sinusoid,pinch_sweep_size_rand_sinusoid-20260624-142357,TesolloCubePinch,TesolloCubePinch-20260624-171403-cubepinch_sb_forcemagnitude_s6,force.magnitude,cubepinch_sb_forcemagnitude_s6,6,det,24,44,80,0.55,ok,3682863
pinch_sinusoid,pinch_sweep_size_rand_sinusoid-20260624-142357,TesolloCubePinch,TesolloCubePinch-20260624-171403-cubepinch_sb_forcemagnitude_s6,force.magnitude,cubepinch_sb_forcemagnitude_s6,6,det,25,22,80,0.275,ok,3682863
pinch_sinusoid,pinch_sweep_size_rand_sinusoid-20260624-142357,TesolloCubePinch,TesolloCubePinch-20260624-171403-cubepinch_sb_forcemagnitude_s6,force.magnitude,cubepinch_sb_forcemagnitude_s6,6,det,26,34,80,0.425,ok,3682863
pinch_sinusoid,pinch_sweep_size_rand_sinusoid-20260624-142357,TesolloCubePinch,TesolloCubePinch-20260624-171403-cubepinch_sb_forcemagnitude_s6,force.magnitude,cubepinch_sb_forcemagnitude_s6,6,det,27,21,80,0.2625,ok,3682863
pinch_sinusoid,pinch_sweep_size_rand_sinusoid-20260624-142357,TesolloCubePinch,TesolloCubePinch-20260624-171403-cubepinch_sb_forcemagnitude_s6,force.magnitude,cubepinch_sb_forcemagnitude_s6,6,det,28,39,80,0.4875,ok,3682863
pinch_sinusoid,pinch_sweep_size_rand_sinusoid-20260624-142357,TesolloCubePinch,TesolloCubePinch-20260624-171403-cubepinch_sb_forcemagnitude_s6,force.magnitude,cubepinch_sb_forcemagnitude_s6,6,det,29,39,80,0.4875,ok,3682863
pinch_sinusoid,pinch_sweep_size_rand_sinusoid-20260624-142357,TesolloCubePinch,TesolloCubePinch-20260624-171403-cubepinch_sb_forcemagnitude_s6,force.magnitude,cubepinch_sb_forcemagnitude_s6,6,det,30,31,80,0.3875,ok,3682863
pinch_sinusoid,pinch_sweep_size_rand_sinusoid-20260624-142357,TesolloCubePinch,TesolloCubePinch-20260624-171403-cubepinch_sb_forcemagnitude_s6,force.magnitude,cubepinch_sb_forcemagnitude_s6,6,det,31,32,80,0.4,ok,3682863
pinch_sinusoid,pinch_sweep_size_rand_sinusoid-20260624-142357,TesolloCubePinch,TesolloCubePinch-20260624-171403-cubepinch_sb_forcemagnitude_s6,force.magnitude,cubepinch_sb_forcemagnitude_s6,6,det,32,36,80,0.45,ok,3682863
pinch_sinusoid,pinch_sweep_size_rand_sinusoid-20260624-142357,TesolloCubePinch,TesolloCubePinch-20260624-171403-cubepinch_sb_forcemagnitude_s6,force.magnitude,cubepinch_sb_forcemagnitude_s6,6,det,33,29,80,0.3625,ok,3682863
pinch_sinusoid,pinch_sweep_size_rand_sinusoid-20260624-142357,TesolloCubePinch,TesolloCubePinch-20260624-171403-cubepinch_sb_forcemagnitude_s6,force.magnitude,cubepinch_sb_forcemagnitude_s6,6,det,34,27,80,0.3375,ok,3682863
pinch_sinusoid,pinch_sweep_size_rand_sinusoid-20260624-142357,TesolloCubePinch,TesolloCubePinch-20260624-171403-cubepinch_sb_forcemagnitude_s6,force.magnitude,cubepinch_sb_forcemagnitude_s6,6,det,35,45,80,0.5625,ok,3682863
pinch_sinusoid,pinch_sweep_size_rand_sinusoid-20260624-142357,TesolloCubePinch,TesolloCubePinch-20260624-171403-cubepinch_sb_forcemagnitude_s6,force.magnitude,cubepinch_sb_forcemagnitude_s6,6,det,36,43,80,0.5375,ok,3682863
pinch_sinusoid,pinch_sweep_size_rand_sinusoid-20260624-142357,TesolloCubePinch,TesolloCubePinch-20260624-171403-cubepinch_sb_forcemagnitude_s6,force.magnitude,cubepinch_sb_forcemagnitude_s6,6,det,37,44,80,0.55,ok,3682863
pinch_sinusoid,pinch_sweep_size_rand_sinusoid-20260624-142357,TesolloCubePinch,TesolloCubePinch-20260624-171403-cubepinch_sb_forcemagnitude_s6,force.magnitude,cubepinch_sb_forcemagnitude_s6,6,det,38,40,80,0.5,ok,3682863
pinch_sinusoid,pinch_sweep_size_rand_sinusoid-20260624-142357,TesolloCubePinch,TesolloCubePinch-20260624-171403-cubepinch_sb_forcemagnitude_s6,force.magnitude,cubepinch_sb_forcemagnitude_s6,6,det,39,46,80,0.575,ok,3682863
pinch_sinusoid,pinch_sweep_size_rand_sinusoid-20260624-142357,TesolloCubePinch,TesolloCubePinch-20260624-171403-cubepinch_sb_forcemagnitude_s6,force.magnitude,cubepinch_sb_forcemagnitude_s6,6,det,40,52,80,0.65,ok,3682863
pinch_sinusoid,pinch_sweep_size_rand_sinusoid-20260624-142357,TesolloCubePinch,TesolloCubePinch-20260624-171403-cubepinch_sb_forcemagnitude_s6,force.magnitude,cubepinch_sb_forcemagnitude_s6,6,det,41,48,80,0.6,ok,3682863
pinch_sinusoid,pinch_sweep_size_rand_sinusoid-20260624-142357,TesolloCubePinch,TesolloCubePinch-20260624-171403-cubepinch_sb_forcemagnitude_s6,force.magnitude,cubepinch_sb_forcemagnitude_s6,6,det,42,38,80,0.475,ok,3682863
pinch_sinusoid,pinch_sweep_size_rand_sinusoid-20260624-142357,TesolloCubePinch,TesolloCubePinch-20260624-171403-cubepinch_sb_forcemagnitude_s6,force.magnitude,cubepinch_sb_forcemagnitude_s6,6,det,43,47,80,0.5875,ok,3682863
pinch_sinusoid,pinch_sweep_size_rand_sinusoid-20260624-142357,TesolloCubePinch,TesolloCubePinch-20260624-171403-cubepinch_sb_forcemagnitude_s6,force.magnitude,cubepinch_sb_forcemagnitude_s6,6,det,44,36,80,0.45,ok,3682863
pinch_sinusoid,pinch_sweep_size_rand_sinusoid-20260624-142357,TesolloCubePinch,TesolloCubePinch-20260624-171403-cubepinch_sb_forcemagnitude_s6,force.magnitude,cubepinch_sb_forcemagnitude_s6,6,det,45,40,80,0.5,ok,3682863
pinch_sinusoid,pinch_sweep_size_rand_sinusoid-20260624-142357,TesolloCubePinch,TesolloCubePinch-20260624-171403-cubepinch_sb_forcemagnitude_s6,force.magnitude,cubepinch_sb_forcemagnitude_s6,6,det,46,31,80,0.3875,ok,3682863
pinch_sinusoid,pinch_sweep_size_rand_sinusoid-20260624-142357,TesolloCubePinch,TesolloCubePinch-20260624-171403-cubepinch_sb_forcemagnitude_s6,force.magnitude,cubepinch_sb_forcemagnitude_s6,6,det,47,37,80,0.4625,ok,3682863
pinch_sinusoid,pinch_sweep_size_rand_sinusoid-20260624-142357,TesolloCubePinch,TesolloCubePinch-20260624-171403-cubepinch_sb_forcemagnitude_s6,force.magnitude,cubepinch_sb_forcemagnitude_s6,6,det,48,18,80,0.225,ok,3682863
pinch_sinusoid,pinch_sweep_size_rand_sinusoid-20260624-142357,TesolloCubePinch,TesolloCubePinch-20260624-171403-cubepinch_sb_forcemagnitude_s6,force.magnitude,cubepinch_sb_forcemagnitude_s6,6,det,49,27,80,0.3375,ok,3682863
pinch_sinusoid,pinch_sweep_size_rand_sinusoid-20260624-142357,TesolloCubePinch,TesolloCubePinch-20260624-171403-cubepinch_sb_forcemagnitude_s6,force.magnitude,cubepinch_sb_forcemagnitude_s6,6,det,50,22,80,0.275,ok,3682863
pinch_sinusoid,pinch_sweep_size_rand_sinusoid-20260624-142357,TesolloCubePinch,TesolloCubePinch-20260624-171403-cubepinch_sb_forcemagnitude_s6,force.magnitude,cubepinch_sb_forcemagnitude_s6,6,det,51,23,80,0.2875,ok,3682863
pinch_sinusoid,pinch_sweep_size_rand_sinusoid-20260624-142357,TesolloCubePinch,TesolloCubePinch-20260624-171403-cubepinch_sb_forcemagnitude_s6,force.magnitude,cubepinch_sb_forcemagnitude_s6,6,det,52,27,80,0.3375,ok,3682863
pinch_sinusoid,pinch_sweep_size_rand_sinusoid-20260624-142357,TesolloCubePinch,TesolloCubePinch-20260624-171403-cubepinch_sb_forcemagnitude_s6,force.magnitude,cubepinch_sb_forcemagnitude_s6,6,det,53,40,80,0.5,ok,3682863
pinch_sinusoid,pinch_sweep_size_rand_sinusoid-20260624-142357,TesolloCubePinch,TesolloCubePinch-20260624-171403-cubepinch_sb_forcemagnitude_s6,force.magnitude,cubepinch_sb_forcemagnitude_s6,6,det,54,39,80,0.4875,ok,3682863
pinch_sinusoid,pinch_sweep_size_rand_sinusoid-20260624-142357,TesolloCubePinch,TesolloCubePinch-20260624-171403-cubepinch_sb_forcemagnitude_s6,force.magnitude,cubepinch_sb_forcemagnitude_s6,6,det,55,35,80,0.4375,ok,3682863
pinch_sinusoid,pinch_sweep_size_rand_sinusoid-20260624-142357,TesolloCubePinch,TesolloCubePinch-20260624-171403-cubepinch_sb_forcemagnitude_s6,force.magnitude,cubepinch_sb_forcemagnitude_s6,6,det,56,27,80,0.3375,ok,3682863
pinch_sinusoid,pinch_sweep_size_rand_sinusoid-20260624-142357,TesolloCubePinch,TesolloCubePinch-20260624-171403-cubepinch_sb_forcemagnitude_s6,force.magnitude,cubepinch_sb_forcemagnitude_s6,6,det,57,31,80,0.3875,ok,3682863
pinch_sinusoid,pinch_sweep_size_rand_sinusoid-20260624-142357,TesolloCubePinch,TesolloCubePinch-20260624-171403-cubepinch_sb_forcemagnitude_s6,force.magnitude,cubepinch_sb_forcemagnitude_s6,6,det,58,2,80,0.025,ok,3682863
pinch_sinusoid,pinch_sweep_size_rand_sinusoid-20260624-142357,TesolloCubePinch,TesolloCubePinch-20260624-171403-cubepinch_sb_forcemagnitude_s6,force.magnitude,cubepinch_sb_forcemagnitude_s6,6,det,59,30,80,0.375,ok,3682863
pinch_sinusoid,pinch_sweep_size_rand_sinusoid-20260624-142357,TesolloCubePinch,TesolloCubePinch-20260624-171403-cubepinch_sb_forcemagnitude_s6,force.magnitude,cubepinch_sb_forcemagnitude_s6,6,det,60,27,80,0.3375,ok,3682863
pinch_sinusoid,pinch_sweep_size_rand_sinusoid-20260624-142357,TesolloCubePinch,TesolloCubePinch-20260624-171403-cubepinch_sb_forcemagnitude_s6,force.magnitude,cubepinch_sb_forcemagnitude_s6,6,det,61,24,80,0.3,ok,3682863
pinch_sinusoid,pinch_sweep_size_rand_sinusoid-20260624-142357,TesolloCubePinch,TesolloCubePinch-20260624-171403-cubepinch_sb_forcemagnitude_s6,force.magnitude,cubepinch_sb_forcemagnitude_s6,6,det,62,35,80,0.4375,ok,3682863
pinch_sinusoid,pinch_sweep_size_rand_sinusoid-20260624-142357,TesolloCubePinch,TesolloCubePinch-20260624-171403-cubepinch_sb_forcemagnitude_s6,force.magnitude,cubepinch_sb_forcemagnitude_s6,6,det,63,37,80,0.4625,ok,3682863
pinch_sinusoid,pinch_sweep_size_rand_sinusoid-20260624-142357,TesolloCubePinch,TesolloCubePinch-20260624-171403-cubepinch_sb_forcemagnitude_s6,force.magnitude,cubepinch_sb_forcemagnitude_s6,6,det,64,19,80,0.2375,ok,3682863
pinch_sinusoid,pinch_sweep_size_rand_sinusoid-20260624-142357,TesolloCubePinch,TesolloCubePinch-20260624-171403-cubepinch_sb_forcemagnitude_s6,force.magnitude,cubepinch_sb_forcemagnitude_s6,6,det,65,25,80,0.3125,ok,3682863
pinch_sinusoid,pinch_sweep_size_rand_sinusoid-20260624-142357,TesolloCubePinch,TesolloCubePinch-20260624-171403-cubepinch_sb_forcemagnitude_s6,force.magnitude,cubepinch_sb_forcemagnitude_s6,6,det,66,32,80,0.4,ok,3682863
pinch_sinusoid,pinch_sweep_size_rand_sinusoid-20260624-142357,TesolloCubePinch,TesolloCubePinch-20260624-171403-cubepinch_sb_forcemagnitude_s6,force.magnitude,cubepinch_sb_forcemagnitude_s6,6,det,67,17,80,0.2125,ok,3682863
pinch_sinusoid,pinch_sweep_size_rand_sinusoid-20260624-142357,TesolloCubePinch,TesolloCubePinch-20260624-171403-cubepinch_sb_forcemagnitude_s6,force.magnitude,cubepinch_sb_forcemagnitude_s6,6,det,68,54,80,0.675,ok,3682863
pinch_sinusoid,pinch_sweep_size_rand_sinusoid-20260624-142357,TesolloCubePinch,TesolloCubePinch-20260624-171403-cubepinch_sb_forcemagnitude_s6,force.magnitude,cubepinch_sb_forcemagnitude_s6,6,det,69,46,80,0.575,ok,3682863
pinch_sinusoid,pinch_sweep_size_rand_sinusoid-20260624-142357,TesolloCubePinch,TesolloCubePinch-20260624-171403-cubepinch_sb_forcemagnitude_s6,force.magnitude,cubepinch_sb_forcemagnitude_s6,6,det,70,23,80,0.2875,ok,3682863
pinch_sinusoid,pinch_sweep_size_rand_sinusoid-20260624-142357,TesolloCubePinch,TesolloCubePinch-20260624-171403-cubepinch_sb_forcemagnitude_s6,force.magnitude,cubepinch_sb_forcemagnitude_s6,6,det,71,28,80,0.35,ok,3682863
pinch_sinusoid,pinch_sweep_size_rand_sinusoid-20260624-142357,TesolloCubePinch,TesolloCubePinch-20260624-171403-cubepinch_sb_forcemagnitude_s6,force.magnitude,cubepinch_sb_forcemagnitude_s6,6,det,72,38,80,0.475,ok,3682863
pinch_sinusoid,pinch_sweep_size_rand_sinusoid-20260624-142357,TesolloCubePinch,TesolloCubePinch-20260624-171403-cubepinch_sb_forcemagnitude_s6,force.magnitude,cubepinch_sb_forcemagnitude_s6,6,det,73,32,80,0.4,ok,3682863
pinch_sinusoid,pinch_sweep_size_rand_sinusoid-20260624-142357,TesolloCubePinch,TesolloCubePinch-20260624-171403-cubepinch_sb_forcemagnitude_s6,force.magnitude,cubepinch_sb_forcemagnitude_s6,6,det,74,51,80,0.6375,ok,3682863
pinch_sinusoid,pinch_sweep_size_rand_sinusoid-20260624-142357,TesolloCubePinch,TesolloCubePinch-20260624-171403-cubepinch_sb_forcemagnitude_s6,force.magnitude,cubepinch_sb_forcemagnitude_s6,6,det,75,34,80,0.425,ok,3682863
pinch_sinusoid,pinch_sweep_size_rand_sinusoid-20260624-142357,TesolloCubePinch,TesolloCubePinch-20260624-171403-cubepinch_sb_forcemagnitude_s6,force.magnitude,cubepinch_sb_forcemagnitude_s6,6,det,76,44,80,0.55,ok,3682863
pinch_sinusoid,pinch_sweep_size_rand_sinusoid-20260624-142357,TesolloCubePinch,TesolloCubePinch-20260624-171403-cubepinch_sb_forcemagnitude_s6,force.magnitude,cubepinch_sb_forcemagnitude_s6,6,det,77,32,80,0.4,ok,3682863
pinch_sinusoid,pinch_sweep_size_rand_sinusoid-20260624-142357,TesolloCubePinch,TesolloCubePinch-20260624-171403-cubepinch_sb_forcemagnitude_s6,force.magnitude,cubepinch_sb_forcemagnitude_s6,6,det,78,52,80,0.65,ok,3682863
pinch_sinusoid,pinch_sweep_size_rand_sinusoid-20260624-142357,TesolloCubePinch,TesolloCubePinch-20260624-171403-cubepinch_sb_forcemagnitude_s6,force.magnitude,cubepinch_sb_forcemagnitude_s6,6,det,79,25,80,0.3125,ok,3682863
pinch_sinusoid,pinch_sweep_size_rand_sinusoid-20260624-142357,TesolloCubePinch,TesolloCubePinch-20260624-171403-cubepinch_sb_forcemagnitude_s6,force.magnitude,cubepinch_sb_forcemagnitude_s6,6,det,80,43,80,0.5375,ok,3682863
pinch_sinusoid,pinch_sweep_size_rand_sinusoid-20260624-142357,TesolloCubePinch,TesolloCubePinch-20260624-171403-cubepinch_sb_forcemagnitude_s6,force.magnitude,cubepinch_sb_forcemagnitude_s6,6,det,81,28,80,0.35,ok,3682863
pinch_sinusoid,pinch_sweep_size_rand_sinusoid-20260624-142357,TesolloCubePinch,TesolloCubePinch-20260624-171403-cubepinch_sb_forcemagnitude_s6,force.magnitude,cubepinch_sb_forcemagnitude_s6,6,det,82,22,80,0.275,ok,3682863
pinch_sinusoid,pinch_sweep_size_rand_sinusoid-20260624-142357,TesolloCubePinch,TesolloCubePinch-20260624-171403-cubepinch_sb_forcemagnitude_s6,force.magnitude,cubepinch_sb_forcemagnitude_s6,6,det,83,11,80,0.1375,ok,3682863
pinch_sinusoid,pinch_sweep_size_rand_sinusoid-20260624-142357,TesolloCubePinch,TesolloCubePinch-20260624-171403-cubepinch_sb_forcemagnitude_s6,force.magnitude,cubepinch_sb_forcemagnitude_s6,6,det,84,37,80,0.4625,ok,3682863
pinch_sinusoid,pinch_sweep_size_rand_sinusoid-20260624-142357,TesolloCubePinch,TesolloCubePinch-20260624-171403-cubepinch_sb_forcemagnitude_s6,force.magnitude,cubepinch_sb_forcemagnitude_s6,6,det,85,24,80,0.3,ok,3682863
pinch_sinusoid,pinch_sweep_size_rand_sinusoid-20260624-142357,TesolloCubePinch,TesolloCubePinch-20260624-171403-cubepinch_sb_forcemagnitude_s6,force.magnitude,cubepinch_sb_forcemagnitude_s6,6,det,86,44,80,0.55,ok,3682863
pinch_sinusoid,pinch_sweep_size_rand_sinusoid-20260624-142357,TesolloCubePinch,TesolloCubePinch-20260624-171403-cubepinch_sb_forcemagnitude_s6,force.magnitude,cubepinch_sb_forcemagnitude_s6,6,det,87,58,80,0.725,ok,3682863
pinch_sinusoid,pinch_sweep_size_rand_sinusoid-20260624-142357,TesolloCubePinch,TesolloCubePinch-20260624-171403-cubepinch_sb_forcemagnitude_s6,force.magnitude,cubepinch_sb_forcemagnitude_s6,6,det,88,40,80,0.5,ok,3682863
pinch_sinusoid,pinch_sweep_size_rand_sinusoid-20260624-142357,TesolloCubePinch,TesolloCubePinch-20260624-171403-cubepinch_sb_forcemagnitude_s6,force.magnitude,cubepinch_sb_forcemagnitude_s6,6,det,89,34,80,0.425,ok,3682863
pinch_sinusoid,pinch_sweep_size_rand_sinusoid-20260624-142357,TesolloCubePinch,TesolloCubePinch-20260624-171403-cubepinch_sb_forcemagnitude_s6,force.magnitude,cubepinch_sb_forcemagnitude_s6,6,det,90,42,80,0.525,ok,3682863
pinch_sinusoid,pinch_sweep_size_rand_sinusoid-20260624-142357,TesolloCubePinch,TesolloCubePinch-20260624-171403-cubepinch_sb_forcemagnitude_s6,force.magnitude,cubepinch_sb_forcemagnitude_s6,6,det,91,44,80,0.55,ok,3682863
pinch_sinusoid,pinch_sweep_size_rand_sinusoid-20260624-142357,TesolloCubePinch,TesolloCubePinch-20260624-171403-cubepinch_sb_forcemagnitude_s6,force.magnitude,cubepinch_sb_forcemagnitude_s6,6,det,92,40,80,0.5,ok,3682863
pinch_sinusoid,pinch_sweep_size_rand_sinusoid-20260624-142357,TesolloCubePinch,TesolloCubePinch-20260624-171403-cubepinch_sb_forcemagnitude_s6,force.magnitude,cubepinch_sb_forcemagnitude_s6,6,det,93,49,80,0.6125,ok,3682863
pinch_sinusoid,pinch_sweep_size_rand_sinusoid-20260624-142357,TesolloCubePinch,TesolloCubePinch-20260624-171403-cubepinch_sb_forcemagnitude_s6,force.magnitude,cubepinch_sb_forcemagnitude_s6,6,det,94,38,80,0.475,ok,3682863
pinch_sinusoid,pinch_sweep_size_rand_sinusoid-20260624-142357,TesolloCubePinch,TesolloCubePinch-20260624-171403-cubepinch_sb_forcemagnitude_s6,force.magnitude,cubepinch_sb_forcemagnitude_s6,6,det,95,40,80,0.5,ok,3682863
pinch_sinusoid,pinch_sweep_size_rand_sinusoid-20260624-142357,TesolloCubePinch,TesolloCubePinch-20260624-171403-cubepinch_sb_forcemagnitude_s6,force.magnitude,cubepinch_sb_forcemagnitude_s6,6,det,96,21,80,0.2625,ok,3682863
pinch_sinusoid,pinch_sweep_size_rand_sinusoid-20260624-142357,TesolloCubePinch,TesolloCubePinch-20260624-171403-cubepinch_sb_forcemagnitude_s6,force.magnitude,cubepinch_sb_forcemagnitude_s6,6,det,97,35,80,0.4375,ok,3682863
pinch_sinusoid,pinch_sweep_size_rand_sinusoid-20260624-142357,TesolloCubePinch,TesolloCubePinch-20260624-171403-cubepinch_sb_forcemagnitude_s6,force.magnitude,cubepinch_sb_forcemagnitude_s6,6,det,98,33,80,0.4125,ok,3682863
pinch_sinusoid,pinch_sweep_size_rand_sinusoid-20260624-142357,TesolloCubePinch,TesolloCubePinch-20260624-171403-cubepinch_sb_forcemagnitude_s6,force.magnitude,cubepinch_sb_forcemagnitude_s6,6,det,99,20,80,0.25,ok,3682863
pinch_sinusoid,pinch_sweep_size_rand_sinusoid-20260624-142357,TesolloCubePinch,TesolloCubePinch-20260624-173106-cubepinch_sb_forcemagnitude_s7,force.magnitude,cubepinch_sb_forcemagnitude_s7,7,det,0,0,80,0.0,failed,3682863
pinch_sinusoid,pinch_sweep_size_rand_sinusoid-20260624-142357,TesolloCubePinch,TesolloCubePinch-20260624-173106-cubepinch_sb_forcemagnitude_s7,force.magnitude,cubepinch_sb_forcemagnitude_s7,7,det,1,0,80,0.0,failed,3682863
pinch_sinusoid,pinch_sweep_size_rand_sinusoid-20260624-142357,TesolloCubePinch,TesolloCubePinch-20260624-173106-cubepinch_sb_forcemagnitude_s7,force.magnitude,cubepinch_sb_forcemagnitude_s7,7,det,2,0,80,0.0,failed,3682863
pinch_sinusoid,pinch_sweep_size_rand_sinusoid-20260624-142357,TesolloCubePinch,TesolloCubePinch-20260624-173106-cubepinch_sb_forcemagnitude_s7,force.magnitude,cubepinch_sb_forcemagnitude_s7,7,det,3,0,80,0.0,failed,3682863
pinch_sinusoid,pinch_sweep_size_rand_sinusoid-20260624-142357,TesolloCubePinch,TesolloCubePinch-20260624-173106-cubepinch_sb_forcemagnitude_s7,force.magnitude,cubepinch_sb_forcemagnitude_s7,7,det,4,0,80,0.0,failed,3682863
pinch_sinusoid,pinch_sweep_size_rand_sinusoid-20260624-142357,TesolloCubePinch,TesolloCubePinch-20260624-173106-cubepinch_sb_forcemagnitude_s7,force.magnitude,cubepinch_sb_forcemagnitude_s7,7,det,5,0,80,0.0,failed,3682863
pinch_sinusoid,pinch_sweep_size_rand_sinusoid-20260624-142357,TesolloCubePinch,TesolloCubePinch-20260624-173106-cubepinch_sb_forcemagnitude_s7,force.magnitude,cubepinch_sb_forcemagnitude_s7,7,det,6,0,80,0.0,failed,3682863
pinch_sinusoid,pinch_sweep_size_rand_sinusoid-20260624-142357,TesolloCubePinch,TesolloCubePinch-20260624-173106-cubepinch_sb_forcemagnitude_s7,force.magnitude,cubepinch_sb_forcemagnitude_s7,7,det,7,0,80,0.0,failed,3682863
pinch_sinusoid,pinch_sweep_size_rand_sinusoid-20260624-142357,TesolloCubePinch,TesolloCubePinch-20260624-173106-cubepinch_sb_forcemagnitude_s7,force.magnitude,cubepinch_sb_forcemagnitude_s7,7,det,8,0,80,0.0,failed,3682863
pinch_sinusoid,pinch_sweep_size_rand_sinusoid-20260624-142357,TesolloCubePinch,TesolloCubePinch-20260624-173106-cubepinch_sb_forcemagnitude_s7,force.magnitude,cubepinch_sb_forcemagnitude_s7,7,det,9,0,80,0.0,failed,3682863
pinch_sinusoid,pinch_sweep_size_rand_sinusoid-20260624-142357,TesolloCubePinch,TesolloCubePinch-20260624-173106-cubepinch_sb_forcemagnitude_s7,force.magnitude,cubepinch_sb_forcemagnitude_s7,7,det,10,0,80,0.0,failed,3682863
pinch_sinusoid,pinch_sweep_size_rand_sinusoid-20260624-142357,TesolloCubePinch,TesolloCubePinch-20260624-173106-cubepinch_sb_forcemagnitude_s7,force.magnitude,cubepinch_sb_forcemagnitude_s7,7,det,11,0,80,0.0,failed,3682863
pinch_sinusoid,pinch_sweep_size_rand_sinusoid-20260624-142357,TesolloCubePinch,TesolloCubePinch-20260624-173106-cubepinch_sb_forcemagnitude_s7,force.magnitude,cubepinch_sb_forcemagnitude_s7,7,det,12,0,80,0.0,failed,3682863
pinch_sinusoid,pinch_sweep_size_rand_sinusoid-20260624-142357,TesolloCubePinch,TesolloCubePinch-20260624-173106-cubepinch_sb_forcemagnitude_s7,force.magnitude,cubepinch_sb_forcemagnitude_s7,7,det,13,0,80,0.0,failed,3682863
pinch_sinusoid,pinch_sweep_size_rand_sinusoid-20260624-142357,TesolloCubePinch,TesolloCubePinch-20260624-173106-cubepinch_sb_forcemagnitude_s7,force.magnitude,cubepinch_sb_forcemagnitude_s7,7,det,14,0,80,0.0,failed,3682863
pinch_sinusoid,pinch_sweep_size_rand_sinusoid-20260624-142357,TesolloCubePinch,TesolloCubePinch-20260624-173106-cubepinch_sb_forcemagnitude_s7,force.magnitude,cubepinch_sb_forcemagnitude_s7,7,det,15,0,80,0.0,failed,3682863
pinch_sinusoid,pinch_sweep_size_rand_sinusoid-20260624-142357,TesolloCubePinch,TesolloCubePinch-20260624-173106-cubepinch_sb_forcemagnitude_s7,force.magnitude,cubepinch_sb_forcemagnitude_s7,7,det,16,0,80,0.0,failed,3682863
pinch_sinusoid,pinch_sweep_size_rand_sinusoid-20260624-142357,TesolloCubePinch,TesolloCubePinch-20260624-173106-cubepinch_sb_forcemagnitude_s7,force.magnitude,cubepinch_sb_forcemagnitude_s7,7,det,17,0,80,0.0,failed,3682863
pinch_sinusoid,pinch_sweep_size_rand_sinusoid-20260624-142357,TesolloCubePinch,TesolloCubePinch-20260624-173106-cubepinch_sb_forcemagnitude_s7,force.magnitude,cubepinch_sb_forcemagnitude_s7,7,det,18,0,80,0.0,failed,3682863
pinch_sinusoid,pinch_sweep_size_rand_sinusoid-20260624-142357,TesolloCubePinch,TesolloCubePinch-20260624-173106-cubepinch_sb_forcemagnitude_s7,force.magnitude,cubepinch_sb_forcemagnitude_s7,7,det,19,0,80,0.0,failed,3682863
pinch_sinusoid,pinch_sweep_size_rand_sinusoid-20260624-142357,TesolloCubePinch,TesolloCubePinch-20260624-173106-cubepinch_sb_forcemagnitude_s7,force.magnitude,cubepinch_sb_forcemagnitude_s7,7,det,20,0,80,0.0,failed,3682863
pinch_sinusoid,pinch_sweep_size_rand_sinusoid-20260624-142357,TesolloCubePinch,TesolloCubePinch-20260624-173106-cubepinch_sb_forcemagnitude_s7,force.magnitude,cubepinch_sb_forcemagnitude_s7,7,det,21,0,80,0.0,failed,3682863
pinch_sinusoid,pinch_sweep_size_rand_sinusoid-20260624-142357,TesolloCubePinch,TesolloCubePinch-20260624-173106-cubepinch_sb_forcemagnitude_s7,force.magnitude,cubepinch_sb_forcemagnitude_s7,7,det,22,0,80,0.0,failed,3682863
pinch_sinusoid,pinch_sweep_size_rand_sinusoid-20260624-142357,TesolloCubePinch,TesolloCubePinch-20260624-173106-cubepinch_sb_forcemagnitude_s7,force.magnitude,cubepinch_sb_forcemagnitude_s7,7,det,23,0,80,0.0,failed,3682863
pinch_sinusoid,pinch_sweep_size_rand_sinusoid-20260624-142357,TesolloCubePinch,TesolloCubePinch-20260624-173106-cubepinch_sb_forcemagnitude_s7,force.magnitude,cubepinch_sb_forcemagnitude_s7,7,det,24,0,80,0.0,failed,3682863
pinch_sinusoid,pinch_sweep_size_rand_sinusoid-20260624-142357,TesolloCubePinch,TesolloCubePinch-20260624-173106-cubepinch_sb_forcemagnitude_s7,force.magnitude,cubepinch_sb_forcemagnitude_s7,7,det,25,0,80,0.0,failed,3682863
pinch_sinusoid,pinch_sweep_size_rand_sinusoid-20260624-142357,TesolloCubePinch,TesolloCubePinch-20260624-173106-cubepinch_sb_forcemagnitude_s7,force.magnitude,cubepinch_sb_forcemagnitude_s7,7,det,26,0,80,0.0,failed,3682863
pinch_sinusoid,pinch_sweep_size_rand_sinusoid-20260624-142357,TesolloCubePinch,TesolloCubePinch-20260624-173106-cubepinch_sb_forcemagnitude_s7,force.magnitude,cubepinch_sb_forcemagnitude_s7,7,det,27,0,80,0.0,failed,3682863
pinch_sinusoid,pinch_sweep_size_rand_sinusoid-20260624-142357,TesolloCubePinch,TesolloCubePinch-20260624-173106-cubepinch_sb_forcemagnitude_s7,force.magnitude,cubepinch_sb_forcemagnitude_s7,7,det,28,0,80,0.0,failed,3682863
pinch_sinusoid,pinch_sweep_size_rand_sinusoid-20260624-142357,TesolloCubePinch,TesolloCubePinch-20260624-173106-cubepinch_sb_forcemagnitude_s7,force.magnitude,cubepinch_sb_forcemagnitude_s7,7,det,29,0,80,0.0,failed,3682863
pinch_sinusoid,pinch_sweep_size_rand_sinusoid-20260624-142357,TesolloCubePinch,TesolloCubePinch-20260624-173106-cubepinch_sb_forcemagnitude_s7,force.magnitude,cubepinch_sb_forcemagnitude_s7,7,det,30,0,80,0.0,failed,3682863
pinch_sinusoid,pinch_sweep_size_rand_sinusoid-20260624-142357,TesolloCubePinch,TesolloCubePinch-20260624-173106-cubepinch_sb_forcemagnitude_s7,force.magnitude,cubepinch_sb_forcemagnitude_s7,7,det,31,0,80,0.0,failed,3682863
pinch_sinusoid,pinch_sweep_size_rand_sinusoid-20260624-142357,TesolloCubePinch,TesolloCubePinch-20260624-173106-cubepinch_sb_forcemagnitude_s7,force.magnitude,cubepinch_sb_forcemagnitude_s7,7,det,32,0,80,0.0,failed,3682863
pinch_sinusoid,pinch_sweep_size_rand_sinusoid-20260624-142357,TesolloCubePinch,TesolloCubePinch-20260624-173106-cubepinch_sb_forcemagnitude_s7,force.magnitude,cubepinch_sb_forcemagnitude_s7,7,det,33,0,80,0.0,failed,3682863
pinch_sinusoid,pinch_sweep_size_rand_sinusoid-20260624-142357,TesolloCubePinch,TesolloCubePinch-20260624-173106-cubepinch_sb_forcemagnitude_s7,force.magnitude,cubepinch_sb_forcemagnitude_s7,7,det,34,0,80,0.0,failed,3682863
pinch_sinusoid,pinch_sweep_size_rand_sinusoid-20260624-142357,TesolloCubePinch,TesolloCubePinch-20260624-173106-cubepinch_sb_forcemagnitude_s7,force.magnitude,cubepinch_sb_forcemagnitude_s7,7,det,35,0,80,0.0,failed,3682863
pinch_sinusoid,pinch_sweep_size_rand_sinusoid-20260624-142357,TesolloCubePinch,TesolloCubePinch-20260624-173106-cubepinch_sb_forcemagnitude_s7,force.magnitude,cubepinch_sb_forcemagnitude_s7,7,det,36,0,80,0.0,failed,3682863
pinch_sinusoid,pinch_sweep_size_rand_sinusoid-20260624-142357,TesolloCubePinch,TesolloCubePinch-20260624-173106-cubepinch_sb_forcemagnitude_s7,force.magnitude,cubepinch_sb_forcemagnitude_s7,7,det,37,0,80,0.0,failed,3682863
pinch_sinusoid,pinch_sweep_size_rand_sinusoid-20260624-142357,TesolloCubePinch,TesolloCubePinch-20260624-173106-cubepinch_sb_forcemagnitude_s7,force.magnitude,cubepinch_sb_forcemagnitude_s7,7,det,38,0,80,0.0,failed,3682863
pinch_sinusoid,pinch_sweep_size_rand_sinusoid-20260624-142357,TesolloCubePinch,TesolloCubePinch-20260624-173106-cubepinch_sb_forcemagnitude_s7,force.magnitude,cubepinch_sb_forcemagnitude_s7,7,det,39,0,80,0.0,failed,3682863
pinch_sinusoid,pinch_sweep_size_rand_sinusoid-20260624-142357,TesolloCubePinch,TesolloCubePinch-20260624-173106-cubepinch_sb_forcemagnitude_s7,force.magnitude,cubepinch_sb_forcemagnitude_s7,7,det,40,0,80,0.0,failed,3682863
pinch_sinusoid,pinch_sweep_size_rand_sinusoid-20260624-142357,TesolloCubePinch,TesolloCubePinch-20260624-173106-cubepinch_sb_forcemagnitude_s7,force.magnitude,cubepinch_sb_forcemagnitude_s7,7,det,41,0,80,0.0,failed,3682863
pinch_sinusoid,pinch_sweep_size_rand_sinusoid-20260624-142357,TesolloCubePinch,TesolloCubePinch-20260624-173106-cubepinch_sb_forcemagnitude_s7,force.magnitude,cubepinch_sb_forcemagnitude_s7,7,det,42,0,80,0.0,failed,3682863
pinch_sinusoid,pinch_sweep_size_rand_sinusoid-20260624-142357,TesolloCubePinch,TesolloCubePinch-20260624-173106-cubepinch_sb_forcemagnitude_s7,force.magnitude,cubepinch_sb_forcemagnitude_s7,7,det,43,0,80,0.0,failed,3682863
pinch_sinusoid,pinch_sweep_size_rand_sinusoid-20260624-142357,TesolloCubePinch,TesolloCubePinch-20260624-173106-cubepinch_sb_forcemagnitude_s7,force.magnitude,cubepinch_sb_forcemagnitude_s7,7,det,44,0,80,0.0,failed,3682863
pinch_sinusoid,pinch_sweep_size_rand_sinusoid-20260624-142357,TesolloCubePinch,TesolloCubePinch-20260624-173106-cubepinch_sb_forcemagnitude_s7,force.magnitude,cubepinch_sb_forcemagnitude_s7,7,det,45,0,80,0.0,failed,3682863
pinch_sinusoid,pinch_sweep_size_rand_sinusoid-20260624-142357,TesolloCubePinch,TesolloCubePinch-20260624-173106-cubepinch_sb_forcemagnitude_s7,force.magnitude,cubepinch_sb_forcemagnitude_s7,7,det,46,0,80,0.0,failed,3682863
pinch_sinusoid,pinch_sweep_size_rand_sinusoid-20260624-142357,TesolloCubePinch,TesolloCubePinch-20260624-173106-cubepinch_sb_forcemagnitude_s7,force.magnitude,cubepinch_sb_forcemagnitude_s7,7,det,47,0,80,0.0,failed,3682863
pinch_sinusoid,pinch_sweep_size_rand_sinusoid-20260624-142357,TesolloCubePinch,TesolloCubePinch-20260624-173106-cubepinch_sb_forcemagnitude_s7,force.magnitude,cubepinch_sb_forcemagnitude_s7,7,det,48,0,80,0.0,failed,3682863
pinch_sinusoid,pinch_sweep_size_rand_sinusoid-20260624-142357,TesolloCubePinch,TesolloCubePinch-20260624-173106-cubepinch_sb_forcemagnitude_s7,force.magnitude,cubepinch_sb_forcemagnitude_s7,7,det,49,0,80,0.0,failed,3682863
pinch_sinusoid,pinch_sweep_size_rand_sinusoid-20260624-142357,TesolloCubePinch,TesolloCubePinch-20260624-173106-cubepinch_sb_forcemagnitude_s7,force.magnitude,cubepinch_sb_forcemagnitude_s7,7,det,50,5,80,0.0625,failed,3682863
pinch_sinusoid,pinch_sweep_size_rand_sinusoid-20260624-142357,TesolloCubePinch,TesolloCubePinch-20260624-173106-cubepinch_sb_forcemagnitude_s7,force.magnitude,cubepinch_sb_forcemagnitude_s7,7,det,51,0,80,0.0,failed,3682863
pinch_sinusoid,pinch_sweep_size_rand_sinusoid-20260624-142357,TesolloCubePinch,TesolloCubePinch-20260624-173106-cubepinch_sb_forcemagnitude_s7,force.magnitude,cubepinch_sb_forcemagnitude_s7,7,det,52,0,80,0.0,failed,3682863
pinch_sinusoid,pinch_sweep_size_rand_sinusoid-20260624-142357,TesolloCubePinch,TesolloCubePinch-20260624-173106-cubepinch_sb_forcemagnitude_s7,force.magnitude,cubepinch_sb_forcemagnitude_s7,7,det,53,0,80,0.0,failed,3682863
pinch_sinusoid,pinch_sweep_size_rand_sinusoid-20260624-142357,TesolloCubePinch,TesolloCubePinch-20260624-173106-cubepinch_sb_forcemagnitude_s7,force.magnitude,cubepinch_sb_forcemagnitude_s7,7,det,54,0,80,0.0,failed,3682863
pinch_sinusoid,pinch_sweep_size_rand_sinusoid-20260624-142357,TesolloCubePinch,TesolloCubePinch-20260624-173106-cubepinch_sb_forcemagnitude_s7,force.magnitude,cubepinch_sb_forcemagnitude_s7,7,det,55,0,80,0.0,failed,3682863
pinch_sinusoid,pinch_sweep_size_rand_sinusoid-20260624-142357,TesolloCubePinch,TesolloCubePinch-20260624-173106-cubepinch_sb_forcemagnitude_s7,force.magnitude,cubepinch_sb_forcemagnitude_s7,7,det,56,0,80,0.0,failed,3682863
pinch_sinusoid,pinch_sweep_size_rand_sinusoid-20260624-142357,TesolloCubePinch,TesolloCubePinch-20260624-173106-cubepinch_sb_forcemagnitude_s7,force.magnitude,cubepinch_sb_forcemagnitude_s7,7,det,57,0,80,0.0,failed,3682863
pinch_sinusoid,pinch_sweep_size_rand_sinusoid-20260624-142357,TesolloCubePinch,TesolloCubePinch-20260624-173106-cubepinch_sb_forcemagnitude_s7,force.magnitude,cubepinch_sb_forcemagnitude_s7,7,det,58,0,80,0.0,failed,3682863
pinch_sinusoid,pinch_sweep_size_rand_sinusoid-20260624-142357,TesolloCubePinch,TesolloCubePinch-20260624-173106-cubepinch_sb_forcemagnitude_s7,force.magnitude,cubepinch_sb_forcemagnitude_s7,7,det,59,0,80,0.0,failed,3682863
pinch_sinusoid,pinch_sweep_size_rand_sinusoid-20260624-142357,TesolloCubePinch,TesolloCubePinch-20260624-173106-cubepinch_sb_forcemagnitude_s7,force.magnitude,cubepinch_sb_forcemagnitude_s7,7,det,60,0,80,0.0,failed,3682863
pinch_sinusoid,pinch_sweep_size_rand_sinusoid-20260624-142357,TesolloCubePinch,TesolloCubePinch-20260624-173106-cubepinch_sb_forcemagnitude_s7,force.magnitude,cubepinch_sb_forcemagnitude_s7,7,det,61,0,80,0.0,failed,3682863
pinch_sinusoid,pinch_sweep_size_rand_sinusoid-20260624-142357,TesolloCubePinch,TesolloCubePinch-20260624-173106-cubepinch_sb_forcemagnitude_s7,force.magnitude,cubepinch_sb_forcemagnitude_s7,7,det,62,0,80,0.0,failed,3682863
pinch_sinusoid,pinch_sweep_size_rand_sinusoid-20260624-142357,TesolloCubePinch,TesolloCubePinch-20260624-173106-cubepinch_sb_forcemagnitude_s7,force.magnitude,cubepinch_sb_forcemagnitude_s7,7,det,63,0,80,0.0,failed,3682863
pinch_sinusoid,pinch_sweep_size_rand_sinusoid-20260624-142357,TesolloCubePinch,TesolloCubePinch-20260624-173106-cubepinch_sb_forcemagnitude_s7,force.magnitude,cubepinch_sb_forcemagnitude_s7,7,det,64,0,80,0.0,failed,3682863
pinch_sinusoid,pinch_sweep_size_rand_sinusoid-20260624-142357,TesolloCubePinch,TesolloCubePinch-20260624-173106-cubepinch_sb_forcemagnitude_s7,force.magnitude,cubepinch_sb_forcemagnitude_s7,7,det,65,0,80,0.0,failed,3682863
pinch_sinusoid,pinch_sweep_size_rand_sinusoid-20260624-142357,TesolloCubePinch,TesolloCubePinch-20260624-173106-cubepinch_sb_forcemagnitude_s7,force.magnitude,cubepinch_sb_forcemagnitude_s7,7,det,66,0,80,0.0,failed,3682863
pinch_sinusoid,pinch_sweep_size_rand_sinusoid-20260624-142357,TesolloCubePinch,TesolloCubePinch-20260624-173106-cubepinch_sb_forcemagnitude_s7,force.magnitude,cubepinch_sb_forcemagnitude_s7,7,det,67,0,80,0.0,failed,3682863
pinch_sinusoid,pinch_sweep_size_rand_sinusoid-20260624-142357,TesolloCubePinch,TesolloCubePinch-20260624-173106-cubepinch_sb_forcemagnitude_s7,force.magnitude,cubepinch_sb_forcemagnitude_s7,7,det,68,0,80,0.0,failed,3682863
pinch_sinusoid,pinch_sweep_size_rand_sinusoid-20260624-142357,TesolloCubePinch,TesolloCubePinch-20260624-173106-cubepinch_sb_forcemagnitude_s7,force.magnitude,cubepinch_sb_forcemagnitude_s7,7,det,69,0,80,0.0,failed,3682863
pinch_sinusoid,pinch_sweep_size_rand_sinusoid-20260624-142357,TesolloCubePinch,TesolloCubePinch-20260624-173106-cubepinch_sb_forcemagnitude_s7,force.magnitude,cubepinch_sb_forcemagnitude_s7,7,det,70,0,80,0.0,failed,3682863
pinch_sinusoid,pinch_sweep_size_rand_sinusoid-20260624-142357,TesolloCubePinch,TesolloCubePinch-20260624-173106-cubepinch_sb_forcemagnitude_s7,force.magnitude,cubepinch_sb_forcemagnitude_s7,7,det,71,0,80,0.0,failed,3682863
pinch_sinusoid,pinch_sweep_size_rand_sinusoid-20260624-142357,TesolloCubePinch,TesolloCubePinch-20260624-173106-cubepinch_sb_forcemagnitude_s7,force.magnitude,cubepinch_sb_forcemagnitude_s7,7,det,72,0,80,0.0,failed,3682863
pinch_sinusoid,pinch_sweep_size_rand_sinusoid-20260624-142357,TesolloCubePinch,TesolloCubePinch-20260624-173106-cubepinch_sb_forcemagnitude_s7,force.magnitude,cubepinch_sb_forcemagnitude_s7,7,det,73,0,80,0.0,failed,3682863
pinch_sinusoid,pinch_sweep_size_rand_sinusoid-20260624-142357,TesolloCubePinch,TesolloCubePinch-20260624-173106-cubepinch_sb_forcemagnitude_s7,force.magnitude,cubepinch_sb_forcemagnitude_s7,7,det,74,0,80,0.0,failed,3682863
pinch_sinusoid,pinch_sweep_size_rand_sinusoid-20260624-142357,TesolloCubePinch,TesolloCubePinch-20260624-173106-cubepinch_sb_forcemagnitude_s7,force.magnitude,cubepinch_sb_forcemagnitude_s7,7,det,75,0,80,0.0,failed,3682863
pinch_sinusoid,pinch_sweep_size_rand_sinusoid-20260624-142357,TesolloCubePinch,TesolloCubePinch-20260624-173106-cubepinch_sb_forcemagnitude_s7,force.magnitude,cubepinch_sb_forcemagnitude_s7,7,det,76,0,80,0.0,failed,3682863
pinch_sinusoid,pinch_sweep_size_rand_sinusoid-20260624-142357,TesolloCubePinch,TesolloCubePinch-20260624-173106-cubepinch_sb_forcemagnitude_s7,force.magnitude,cubepinch_sb_forcemagnitude_s7,7,det,77,0,80,0.0,failed,3682863
pinch_sinusoid,pinch_sweep_size_rand_sinusoid-20260624-142357,TesolloCubePinch,TesolloCubePinch-20260624-173106-cubepinch_sb_forcemagnitude_s7,force.magnitude,cubepinch_sb_forcemagnitude_s7,7,det,78,0,80,0.0,failed,3682863
pinch_sinusoid,pinch_sweep_size_rand_sinusoid-20260624-142357,TesolloCubePinch,TesolloCubePinch-20260624-173106-cubepinch_sb_forcemagnitude_s7,force.magnitude,cubepinch_sb_forcemagnitude_s7,7,det,79,0,80,0.0,failed,3682863
pinch_sinusoid,pinch_sweep_size_rand_sinusoid-20260624-142357,TesolloCubePinch,TesolloCubePinch-20260624-173106-cubepinch_sb_forcemagnitude_s7,force.magnitude,cubepinch_sb_forcemagnitude_s7,7,det,80,0,80,0.0,failed,3682863
pinch_sinusoid,pinch_sweep_size_rand_sinusoid-20260624-142357,TesolloCubePinch,TesolloCubePinch-20260624-173106-cubepinch_sb_forcemagnitude_s7,force.magnitude,cubepinch_sb_forcemagnitude_s7,7,det,81,0,80,0.0,failed,3682863
pinch_sinusoid,pinch_sweep_size_rand_sinusoid-20260624-142357,TesolloCubePinch,TesolloCubePinch-20260624-173106-cubepinch_sb_forcemagnitude_s7,force.magnitude,cubepinch_sb_forcemagnitude_s7,7,det,82,0,80,0.0,failed,3682863
pinch_sinusoid,pinch_sweep_size_rand_sinusoid-20260624-142357,TesolloCubePinch,TesolloCubePinch-20260624-173106-cubepinch_sb_forcemagnitude_s7,force.magnitude,cubepinch_sb_forcemagnitude_s7,7,det,83,0,80,0.0,failed,3682863
pinch_sinusoid,pinch_sweep_size_rand_sinusoid-20260624-142357,TesolloCubePinch,TesolloCubePinch-20260624-173106-cubepinch_sb_forcemagnitude_s7,force.magnitude,cubepinch_sb_forcemagnitude_s7,7,det,84,0,80,0.0,failed,3682863
pinch_sinusoid,pinch_sweep_size_rand_sinusoid-20260624-142357,TesolloCubePinch,TesolloCubePinch-20260624-173106-cubepinch_sb_forcemagnitude_s7,force.magnitude,cubepinch_sb_forcemagnitude_s7,7,det,85,0,80,0.0,failed,3682863
pinch_sinusoid,pinch_sweep_size_rand_sinusoid-20260624-142357,TesolloCubePinch,TesolloCubePinch-20260624-173106-cubepinch_sb_forcemagnitude_s7,force.magnitude,cubepinch_sb_forcemagnitude_s7,7,det,86,0,80,0.0,failed,3682863
pinch_sinusoid,pinch_sweep_size_rand_sinusoid-20260624-142357,TesolloCubePinch,TesolloCubePinch-20260624-173106-cubepinch_sb_forcemagnitude_s7,force.magnitude,cubepinch_sb_forcemagnitude_s7,7,det,87,0,80,0.0,failed,3682863
pinch_sinusoid,pinch_sweep_size_rand_sinusoid-20260624-142357,TesolloCubePinch,TesolloCubePinch-20260624-173106-cubepinch_sb_forcemagnitude_s7,force.magnitude,cubepinch_sb_forcemagnitude_s7,7,det,88,0,80,0.0,failed,3682863
pinch_sinusoid,pinch_sweep_size_rand_sinusoid-20260624-142357,TesolloCubePinch,TesolloCubePinch-20260624-173106-cubepinch_sb_forcemagnitude_s7,force.magnitude,cubepinch_sb_forcemagnitude_s7,7,det,89,0,80,0.0,failed,3682863
pinch_sinusoid,pinch_sweep_size_rand_sinusoid-20260624-142357,TesolloCubePinch,TesolloCubePinch-20260624-173106-cubepinch_sb_forcemagnitude_s7,force.magnitude,cubepinch_sb_forcemagnitude_s7,7,det,90,0,80,0.0,failed,3682863
pinch_sinusoid,pinch_sweep_size_rand_sinusoid-20260624-142357,TesolloCubePinch,TesolloCubePinch-20260624-173106-cubepinch_sb_forcemagnitude_s7,force.magnitude,cubepinch_sb_forcemagnitude_s7,7,det,91,0,80,0.0,failed,3682863
pinch_sinusoid,pinch_sweep_size_rand_sinusoid-20260624-142357,TesolloCubePinch,TesolloCubePinch-20260624-173106-cubepinch_sb_forcemagnitude_s7,force.magnitude,cubepinch_sb_forcemagnitude_s7,7,det,92,0,80,0.0,failed,3682863
pinch_sinusoid,pinch_sweep_size_rand_sinusoid-20260624-142357,TesolloCubePinch,TesolloCubePinch-20260624-173106-cubepinch_sb_forcemagnitude_s7,force.magnitude,cubepinch_sb_forcemagnitude_s7,7,det,93,0,80,0.0,failed,3682863
pinch_sinusoid,pinch_sweep_size_rand_sinusoid-20260624-142357,TesolloCubePinch,TesolloCubePinch-20260624-173106-cubepinch_sb_forcemagnitude_s7,force.magnitude,cubepinch_sb_forcemagnitude_s7,7,det,94,0,80,0.0,failed,3682863
pinch_sinusoid,pinch_sweep_size_rand_sinusoid-20260624-142357,TesolloCubePinch,TesolloCubePinch-20260624-173106-cubepinch_sb_forcemagnitude_s7,force.magnitude,cubepinch_sb_forcemagnitude_s7,7,det,95,0,80,0.0,failed,3682863
pinch_sinusoid,pinch_sweep_size_rand_sinusoid-20260624-142357,TesolloCubePinch,TesolloCubePinch-20260624-173106-cubepinch_sb_forcemagnitude_s7,force.magnitude,cubepinch_sb_forcemagnitude_s7,7,det,96,0,80,0.0,failed,3682863
pinch_sinusoid,pinch_sweep_size_rand_sinusoid-20260624-142357,TesolloCubePinch,TesolloCubePinch-20260624-173106-cubepinch_sb_forcemagnitude_s7,force.magnitude,cubepinch_sb_forcemagnitude_s7,7,det,97,0,80,0.0,failed,3682863
pinch_sinusoid,pinch_sweep_size_rand_sinusoid-20260624-142357,TesolloCubePinch,TesolloCubePinch-20260624-173106-cubepinch_sb_forcemagnitude_s7,force.magnitude,cubepinch_sb_forcemagnitude_s7,7,det,98,0,80,0.0,failed,3682863
pinch_sinusoid,pinch_sweep_size_rand_sinusoid-20260624-142357,TesolloCubePinch,TesolloCubePinch-20260624-173106-cubepinch_sb_forcemagnitude_s7,force.magnitude,cubepinch_sb_forcemagnitude_s7,7,det,99,0,80,0.0,failed,3682863
pinch_sinusoid,pinch_sweep_size_rand_sinusoid-20260624-142357,TesolloCubePinch,TesolloCubePinch-20260624-173716-cubepinch_sb_forcemagnitude_s8,force.magnitude,cubepinch_sb_forcemagnitude_s8,8,det,0,56,80,0.7,ok,3682863
pinch_sinusoid,pinch_sweep_size_rand_sinusoid-20260624-142357,TesolloCubePinch,TesolloCubePinch-20260624-173716-cubepinch_sb_forcemagnitude_s8,force.magnitude,cubepinch_sb_forcemagnitude_s8,8,det,1,59,80,0.7375,ok,3682863
pinch_sinusoid,pinch_sweep_size_rand_sinusoid-20260624-142357,TesolloCubePinch,TesolloCubePinch-20260624-173716-cubepinch_sb_forcemagnitude_s8,force.magnitude,cubepinch_sb_forcemagnitude_s8,8,det,2,60,80,0.75,ok,3682863
pinch_sinusoid,pinch_sweep_size_rand_sinusoid-20260624-142357,TesolloCubePinch,TesolloCubePinch-20260624-173716-cubepinch_sb_forcemagnitude_s8,force.magnitude,cubepinch_sb_forcemagnitude_s8,8,det,3,66,80,0.825,ok,3682863
pinch_sinusoid,pinch_sweep_size_rand_sinusoid-20260624-142357,TesolloCubePinch,TesolloCubePinch-20260624-173716-cubepinch_sb_forcemagnitude_s8,force.magnitude,cubepinch_sb_forcemagnitude_s8,8,det,4,63,80,0.7875,ok,3682863
pinch_sinusoid,pinch_sweep_size_rand_sinusoid-20260624-142357,TesolloCubePinch,TesolloCubePinch-20260624-173716-cubepinch_sb_forcemagnitude_s8,force.magnitude,cubepinch_sb_forcemagnitude_s8,8,det,5,59,80,0.7375,ok,3682863
pinch_sinusoid,pinch_sweep_size_rand_sinusoid-20260624-142357,TesolloCubePinch,TesolloCubePinch-20260624-173716-cubepinch_sb_forcemagnitude_s8,force.magnitude,cubepinch_sb_forcemagnitude_s8,8,det,6,59,80,0.7375,ok,3682863
pinch_sinusoid,pinch_sweep_size_rand_sinusoid-20260624-142357,TesolloCubePinch,TesolloCubePinch-20260624-173716-cubepinch_sb_forcemagnitude_s8,force.magnitude,cubepinch_sb_forcemagnitude_s8,8,det,7,63,80,0.7875,ok,3682863
pinch_sinusoid,pinch_sweep_size_rand_sinusoid-20260624-142357,TesolloCubePinch,TesolloCubePinch-20260624-173716-cubepinch_sb_forcemagnitude_s8,force.magnitude,cubepinch_sb_forcemagnitude_s8,8,det,8,61,80,0.7625,ok,3682863
pinch_sinusoid,pinch_sweep_size_rand_sinusoid-20260624-142357,TesolloCubePinch,TesolloCubePinch-20260624-173716-cubepinch_sb_forcemagnitude_s8,force.magnitude,cubepinch_sb_forcemagnitude_s8,8,det,9,54,80,0.675,ok,3682863
pinch_sinusoid,pinch_sweep_size_rand_sinusoid-20260624-142357,TesolloCubePinch,TesolloCubePinch-20260624-173716-cubepinch_sb_forcemagnitude_s8,force.magnitude,cubepinch_sb_forcemagnitude_s8,8,det,10,60,80,0.75,ok,3682863
pinch_sinusoid,pinch_sweep_size_rand_sinusoid-20260624-142357,TesolloCubePinch,TesolloCubePinch-20260624-173716-cubepinch_sb_forcemagnitude_s8,force.magnitude,cubepinch_sb_forcemagnitude_s8,8,det,11,65,80,0.8125,ok,3682863
pinch_sinusoid,pinch_sweep_size_rand_sinusoid-20260624-142357,TesolloCubePinch,TesolloCubePinch-20260624-173716-cubepinch_sb_forcemagnitude_s8,force.magnitude,cubepinch_sb_forcemagnitude_s8,8,det,12,55,80,0.6875,ok,3682863
pinch_sinusoid,pinch_sweep_size_rand_sinusoid-20260624-142357,TesolloCubePinch,TesolloCubePinch-20260624-173716-cubepinch_sb_forcemagnitude_s8,force.magnitude,cubepinch_sb_forcemagnitude_s8,8,det,13,66,80,0.825,ok,3682863
pinch_sinusoid,pinch_sweep_size_rand_sinusoid-20260624-142357,TesolloCubePinch,TesolloCubePinch-20260624-173716-cubepinch_sb_forcemagnitude_s8,force.magnitude,cubepinch_sb_forcemagnitude_s8,8,det,14,65,80,0.8125,ok,3682863
pinch_sinusoid,pinch_sweep_size_rand_sinusoid-20260624-142357,TesolloCubePinch,TesolloCubePinch-20260624-173716-cubepinch_sb_forcemagnitude_s8,force.magnitude,cubepinch_sb_forcemagnitude_s8,8,det,15,46,80,0.575,ok,3682863
pinch_sinusoid,pinch_sweep_size_rand_sinusoid-20260624-142357,TesolloCubePinch,TesolloCubePinch-20260624-173716-cubepinch_sb_forcemagnitude_s8,force.magnitude,cubepinch_sb_forcemagnitude_s8,8,det,16,46,80,0.575,ok,3682863
pinch_sinusoid,pinch_sweep_size_rand_sinusoid-20260624-142357,TesolloCubePinch,TesolloCubePinch-20260624-173716-cubepinch_sb_forcemagnitude_s8,force.magnitude,cubepinch_sb_forcemagnitude_s8,8,det,17,65,80,0.8125,ok,3682863
pinch_sinusoid,pinch_sweep_size_rand_sinusoid-20260624-142357,TesolloCubePinch,TesolloCubePinch-20260624-173716-cubepinch_sb_forcemagnitude_s8,force.magnitude,cubepinch_sb_forcemagnitude_s8,8,det,18,60,80,0.75,ok,3682863
pinch_sinusoid,pinch_sweep_size_rand_sinusoid-20260624-142357,TesolloCubePinch,TesolloCubePinch-20260624-173716-cubepinch_sb_forcemagnitude_s8,force.magnitude,cubepinch_sb_forcemagnitude_s8,8,det,19,62,80,0.775,ok,3682863
pinch_sinusoid,pinch_sweep_size_rand_sinusoid-20260624-142357,TesolloCubePinch,TesolloCubePinch-20260624-173716-cubepinch_sb_forcemagnitude_s8,force.magnitude,cubepinch_sb_forcemagnitude_s8,8,det,20,59,80,0.7375,ok,3682863
pinch_sinusoid,pinch_sweep_size_rand_sinusoid-20260624-142357,TesolloCubePinch,TesolloCubePinch-20260624-173716-cubepinch_sb_forcemagnitude_s8,force.magnitude,cubepinch_sb_forcemagnitude_s8,8,det,21,56,80,0.7,ok,3682863
pinch_sinusoid,pinch_sweep_size_rand_sinusoid-20260624-142357,TesolloCubePinch,TesolloCubePinch-20260624-173716-cubepinch_sb_forcemagnitude_s8,force.magnitude,cubepinch_sb_forcemagnitude_s8,8,det,22,66,80,0.825,ok,3682863
pinch_sinusoid,pinch_sweep_size_rand_sinusoid-20260624-142357,TesolloCubePinch,TesolloCubePinch-20260624-173716-cubepinch_sb_forcemagnitude_s8,force.magnitude,cubepinch_sb_forcemagnitude_s8,8,det,23,64,80,0.8,ok,3682863
pinch_sinusoid,pinch_sweep_size_rand_sinusoid-20260624-142357,TesolloCubePinch,TesolloCubePinch-20260624-173716-cubepinch_sb_forcemagnitude_s8,force.magnitude,cubepinch_sb_forcemagnitude_s8,8,det,24,46,80,0.575,ok,3682863
pinch_sinusoid,pinch_sweep_size_rand_sinusoid-20260624-142357,TesolloCubePinch,TesolloCubePinch-20260624-173716-cubepinch_sb_forcemagnitude_s8,force.magnitude,cubepinch_sb_forcemagnitude_s8,8,det,25,46,80,0.575,ok,3682863
pinch_sinusoid,pinch_sweep_size_rand_sinusoid-20260624-142357,TesolloCubePinch,TesolloCubePinch-20260624-173716-cubepinch_sb_forcemagnitude_s8,force.magnitude,cubepinch_sb_forcemagnitude_s8,8,det,26,55,80,0.6875,ok,3682863
pinch_sinusoid,pinch_sweep_size_rand_sinusoid-20260624-142357,TesolloCubePinch,TesolloCubePinch-20260624-173716-cubepinch_sb_forcemagnitude_s8,force.magnitude,cubepinch_sb_forcemagnitude_s8,8,det,27,66,80,0.825,ok,3682863
pinch_sinusoid,pinch_sweep_size_rand_sinusoid-20260624-142357,TesolloCubePinch,TesolloCubePinch-20260624-173716-cubepinch_sb_forcemagnitude_s8,force.magnitude,cubepinch_sb_forcemagnitude_s8,8,det,28,65,80,0.8125,ok,3682863
pinch_sinusoid,pinch_sweep_size_rand_sinusoid-20260624-142357,TesolloCubePinch,TesolloCubePinch-20260624-173716-cubepinch_sb_forcemagnitude_s8,force.magnitude,cubepinch_sb_forcemagnitude_s8,8,det,29,63,80,0.7875,ok,3682863
pinch_sinusoid,pinch_sweep_size_rand_sinusoid-20260624-142357,TesolloCubePinch,TesolloCubePinch-20260624-173716-cubepinch_sb_forcemagnitude_s8,force.magnitude,cubepinch_sb_forcemagnitude_s8,8,det,30,60,80,0.75,ok,3682863
pinch_sinusoid,pinch_sweep_size_rand_sinusoid-20260624-142357,TesolloCubePinch,TesolloCubePinch-20260624-173716-cubepinch_sb_forcemagnitude_s8,force.magnitude,cubepinch_sb_forcemagnitude_s8,8,det,31,44,80,0.55,ok,3682863
pinch_sinusoid,pinch_sweep_size_rand_sinusoid-20260624-142357,TesolloCubePinch,TesolloCubePinch-20260624-173716-cubepinch_sb_forcemagnitude_s8,force.magnitude,cubepinch_sb_forcemagnitude_s8,8,det,32,62,80,0.775,ok,3682863
pinch_sinusoid,pinch_sweep_size_rand_sinusoid-20260624-142357,TesolloCubePinch,TesolloCubePinch-20260624-173716-cubepinch_sb_forcemagnitude_s8,force.magnitude,cubepinch_sb_forcemagnitude_s8,8,det,33,42,80,0.525,ok,3682863
pinch_sinusoid,pinch_sweep_size_rand_sinusoid-20260624-142357,TesolloCubePinch,TesolloCubePinch-20260624-173716-cubepinch_sb_forcemagnitude_s8,force.magnitude,cubepinch_sb_forcemagnitude_s8,8,det,34,53,80,0.6625,ok,3682863
pinch_sinusoid,pinch_sweep_size_rand_sinusoid-20260624-142357,TesolloCubePinch,TesolloCubePinch-20260624-173716-cubepinch_sb_forcemagnitude_s8,force.magnitude,cubepinch_sb_forcemagnitude_s8,8,det,35,62,80,0.775,ok,3682863
pinch_sinusoid,pinch_sweep_size_rand_sinusoid-20260624-142357,TesolloCubePinch,TesolloCubePinch-20260624-173716-cubepinch_sb_forcemagnitude_s8,force.magnitude,cubepinch_sb_forcemagnitude_s8,8,det,36,59,80,0.7375,ok,3682863
pinch_sinusoid,pinch_sweep_size_rand_sinusoid-20260624-142357,TesolloCubePinch,TesolloCubePinch-20260624-173716-cubepinch_sb_forcemagnitude_s8,force.magnitude,cubepinch_sb_forcemagnitude_s8,8,det,37,48,80,0.6,ok,3682863
pinch_sinusoid,pinch_sweep_size_rand_sinusoid-20260624-142357,TesolloCubePinch,TesolloCubePinch-20260624-173716-cubepinch_sb_forcemagnitude_s8,force.magnitude,cubepinch_sb_forcemagnitude_s8,8,det,38,66,80,0.825,ok,3682863
pinch_sinusoid,pinch_sweep_size_rand_sinusoid-20260624-142357,TesolloCubePinch,TesolloCubePinch-20260624-173716-cubepinch_sb_forcemagnitude_s8,force.magnitude,cubepinch_sb_forcemagnitude_s8,8,det,39,55,80,0.6875,ok,3682863
pinch_sinusoid,pinch_sweep_size_rand_sinusoid-20260624-142357,TesolloCubePinch,TesolloCubePinch-20260624-173716-cubepinch_sb_forcemagnitude_s8,force.magnitude,cubepinch_sb_forcemagnitude_s8,8,det,40,45,80,0.5625,ok,3682863
pinch_sinusoid,pinch_sweep_size_rand_sinusoid-20260624-142357,TesolloCubePinch,TesolloCubePinch-20260624-173716-cubepinch_sb_forcemagnitude_s8,force.magnitude,cubepinch_sb_forcemagnitude_s8,8,det,41,63,80,0.7875,ok,3682863
pinch_sinusoid,pinch_sweep_size_rand_sinusoid-20260624-142357,TesolloCubePinch,TesolloCubePinch-20260624-173716-cubepinch_sb_forcemagnitude_s8,force.magnitude,cubepinch_sb_forcemagnitude_s8,8,det,42,55,80,0.6875,ok,3682863
pinch_sinusoid,pinch_sweep_size_rand_sinusoid-20260624-142357,TesolloCubePinch,TesolloCubePinch-20260624-173716-cubepinch_sb_forcemagnitude_s8,force.magnitude,cubepinch_sb_forcemagnitude_s8,8,det,43,60,80,0.75,ok,3682863
pinch_sinusoid,pinch_sweep_size_rand_sinusoid-20260624-142357,TesolloCubePinch,TesolloCubePinch-20260624-173716-cubepinch_sb_forcemagnitude_s8,force.magnitude,cubepinch_sb_forcemagnitude_s8,8,det,44,52,80,0.65,ok,3682863
pinch_sinusoid,pinch_sweep_size_rand_sinusoid-20260624-142357,TesolloCubePinch,TesolloCubePinch-20260624-173716-cubepinch_sb_forcemagnitude_s8,force.magnitude,cubepinch_sb_forcemagnitude_s8,8,det,45,50,80,0.625,ok,3682863
pinch_sinusoid,pinch_sweep_size_rand_sinusoid-20260624-142357,TesolloCubePinch,TesolloCubePinch-20260624-173716-cubepinch_sb_forcemagnitude_s8,force.magnitude,cubepinch_sb_forcemagnitude_s8,8,det,46,46,80,0.575,ok,3682863
pinch_sinusoid,pinch_sweep_size_rand_sinusoid-20260624-142357,TesolloCubePinch,TesolloCubePinch-20260624-173716-cubepinch_sb_forcemagnitude_s8,force.magnitude,cubepinch_sb_forcemagnitude_s8,8,det,47,57,80,0.7125,ok,3682863
pinch_sinusoid,pinch_sweep_size_rand_sinusoid-20260624-142357,TesolloCubePinch,TesolloCubePinch-20260624-173716-cubepinch_sb_forcemagnitude_s8,force.magnitude,cubepinch_sb_forcemagnitude_s8,8,det,48,56,80,0.7,ok,3682863
pinch_sinusoid,pinch_sweep_size_rand_sinusoid-20260624-142357,TesolloCubePinch,TesolloCubePinch-20260624-173716-cubepinch_sb_forcemagnitude_s8,force.magnitude,cubepinch_sb_forcemagnitude_s8,8,det,49,59,80,0.7375,ok,3682863
pinch_sinusoid,pinch_sweep_size_rand_sinusoid-20260624-142357,TesolloCubePinch,TesolloCubePinch-20260624-173716-cubepinch_sb_forcemagnitude_s8,force.magnitude,cubepinch_sb_forcemagnitude_s8,8,det,50,64,80,0.8,ok,3682863
pinch_sinusoid,pinch_sweep_size_rand_sinusoid-20260624-142357,TesolloCubePinch,TesolloCubePinch-20260624-173716-cubepinch_sb_forcemagnitude_s8,force.magnitude,cubepinch_sb_forcemagnitude_s8,8,det,51,55,80,0.6875,ok,3682863
pinch_sinusoid,pinch_sweep_size_rand_sinusoid-20260624-142357,TesolloCubePinch,TesolloCubePinch-20260624-173716-cubepinch_sb_forcemagnitude_s8,force.magnitude,cubepinch_sb_forcemagnitude_s8,8,det,52,66,80,0.825,ok,3682863
pinch_sinusoid,pinch_sweep_size_rand_sinusoid-20260624-142357,TesolloCubePinch,TesolloCubePinch-20260624-173716-cubepinch_sb_forcemagnitude_s8,force.magnitude,cubepinch_sb_forcemagnitude_s8,8,det,53,65,80,0.8125,ok,3682863
pinch_sinusoid,pinch_sweep_size_rand_sinusoid-20260624-142357,TesolloCubePinch,TesolloCubePinch-20260624-173716-cubepinch_sb_forcemagnitude_s8,force.magnitude,cubepinch_sb_forcemagnitude_s8,8,det,54,49,80,0.6125,ok,3682863
pinch_sinusoid,pinch_sweep_size_rand_sinusoid-20260624-142357,TesolloCubePinch,TesolloCubePinch-20260624-173716-cubepinch_sb_forcemagnitude_s8,force.magnitude,cubepinch_sb_forcemagnitude_s8,8,det,55,66,80,0.825,ok,3682863
pinch_sinusoid,pinch_sweep_size_rand_sinusoid-20260624-142357,TesolloCubePinch,TesolloCubePinch-20260624-173716-cubepinch_sb_forcemagnitude_s8,force.magnitude,cubepinch_sb_forcemagnitude_s8,8,det,56,54,80,0.675,ok,3682863
pinch_sinusoid,pinch_sweep_size_rand_sinusoid-20260624-142357,TesolloCubePinch,TesolloCubePinch-20260624-173716-cubepinch_sb_forcemagnitude_s8,force.magnitude,cubepinch_sb_forcemagnitude_s8,8,det,57,58,80,0.725,ok,3682863
pinch_sinusoid,pinch_sweep_size_rand_sinusoid-20260624-142357,TesolloCubePinch,TesolloCubePinch-20260624-173716-cubepinch_sb_forcemagnitude_s8,force.magnitude,cubepinch_sb_forcemagnitude_s8,8,det,58,63,80,0.7875,ok,3682863
pinch_sinusoid,pinch_sweep_size_rand_sinusoid-20260624-142357,TesolloCubePinch,TesolloCubePinch-20260624-173716-cubepinch_sb_forcemagnitude_s8,force.magnitude,cubepinch_sb_forcemagnitude_s8,8,det,59,55,80,0.6875,ok,3682863
pinch_sinusoid,pinch_sweep_size_rand_sinusoid-20260624-142357,TesolloCubePinch,TesolloCubePinch-20260624-173716-cubepinch_sb_forcemagnitude_s8,force.magnitude,cubepinch_sb_forcemagnitude_s8,8,det,60,43,80,0.5375,ok,3682863
pinch_sinusoid,pinch_sweep_size_rand_sinusoid-20260624-142357,TesolloCubePinch,TesolloCubePinch-20260624-173716-cubepinch_sb_forcemagnitude_s8,force.magnitude,cubepinch_sb_forcemagnitude_s8,8,det,61,65,80,0.8125,ok,3682863
pinch_sinusoid,pinch_sweep_size_rand_sinusoid-20260624-142357,TesolloCubePinch,TesolloCubePinch-20260624-173716-cubepinch_sb_forcemagnitude_s8,force.magnitude,cubepinch_sb_forcemagnitude_s8,8,det,62,66,80,0.825,ok,3682863
pinch_sinusoid,pinch_sweep_size_rand_sinusoid-20260624-142357,TesolloCubePinch,TesolloCubePinch-20260624-173716-cubepinch_sb_forcemagnitude_s8,force.magnitude,cubepinch_sb_forcemagnitude_s8,8,det,63,59,80,0.7375,ok,3682863
pinch_sinusoid,pinch_sweep_size_rand_sinusoid-20260624-142357,TesolloCubePinch,TesolloCubePinch-20260624-173716-cubepinch_sb_forcemagnitude_s8,force.magnitude,cubepinch_sb_forcemagnitude_s8,8,det,64,60,80,0.75,ok,3682863
pinch_sinusoid,pinch_sweep_size_rand_sinusoid-20260624-142357,TesolloCubePinch,TesolloCubePinch-20260624-173716-cubepinch_sb_forcemagnitude_s8,force.magnitude,cubepinch_sb_forcemagnitude_s8,8,det,65,61,80,0.7625,ok,3682863
pinch_sinusoid,pinch_sweep_size_rand_sinusoid-20260624-142357,TesolloCubePinch,TesolloCubePinch-20260624-173716-cubepinch_sb_forcemagnitude_s8,force.magnitude,cubepinch_sb_forcemagnitude_s8,8,det,66,59,80,0.7375,ok,3682863
pinch_sinusoid,pinch_sweep_size_rand_sinusoid-20260624-142357,TesolloCubePinch,TesolloCubePinch-20260624-173716-cubepinch_sb_forcemagnitude_s8,force.magnitude,cubepinch_sb_forcemagnitude_s8,8,det,67,66,80,0.825,ok,3682863
pinch_sinusoid,pinch_sweep_size_rand_sinusoid-20260624-142357,TesolloCubePinch,TesolloCubePinch-20260624-173716-cubepinch_sb_forcemagnitude_s8,force.magnitude,cubepinch_sb_forcemagnitude_s8,8,det,68,63,80,0.7875,ok,3682863
pinch_sinusoid,pinch_sweep_size_rand_sinusoid-20260624-142357,TesolloCubePinch,TesolloCubePinch-20260624-173716-cubepinch_sb_forcemagnitude_s8,force.magnitude,cubepinch_sb_forcemagnitude_s8,8,det,69,63,80,0.7875,ok,3682863
pinch_sinusoid,pinch_sweep_size_rand_sinusoid-20260624-142357,TesolloCubePinch,TesolloCubePinch-20260624-173716-cubepinch_sb_forcemagnitude_s8,force.magnitude,cubepinch_sb_forcemagnitude_s8,8,det,70,59,80,0.7375,ok,3682863
pinch_sinusoid,pinch_sweep_size_rand_sinusoid-20260624-142357,TesolloCubePinch,TesolloCubePinch-20260624-173716-cubepinch_sb_forcemagnitude_s8,force.magnitude,cubepinch_sb_forcemagnitude_s8,8,det,71,45,80,0.5625,ok,3682863
pinch_sinusoid,pinch_sweep_size_rand_sinusoid-20260624-142357,TesolloCubePinch,TesolloCubePinch-20260624-173716-cubepinch_sb_forcemagnitude_s8,force.magnitude,cubepinch_sb_forcemagnitude_s8,8,det,72,65,80,0.8125,ok,3682863
pinch_sinusoid,pinch_sweep_size_rand_sinusoid-20260624-142357,TesolloCubePinch,TesolloCubePinch-20260624-173716-cubepinch_sb_forcemagnitude_s8,force.magnitude,cubepinch_sb_forcemagnitude_s8,8,det,73,50,80,0.625,ok,3682863
pinch_sinusoid,pinch_sweep_size_rand_sinusoid-20260624-142357,TesolloCubePinch,TesolloCubePinch-20260624-173716-cubepinch_sb_forcemagnitude_s8,force.magnitude,cubepinch_sb_forcemagnitude_s8,8,det,74,60,80,0.75,ok,3682863
pinch_sinusoid,pinch_sweep_size_rand_sinusoid-20260624-142357,TesolloCubePinch,TesolloCubePinch-20260624-173716-cubepinch_sb_forcemagnitude_s8,force.magnitude,cubepinch_sb_forcemagnitude_s8,8,det,75,65,80,0.8125,ok,3682863
pinch_sinusoid,pinch_sweep_size_rand_sinusoid-20260624-142357,TesolloCubePinch,TesolloCubePinch-20260624-173716-cubepinch_sb_forcemagnitude_s8,force.magnitude,cubepinch_sb_forcemagnitude_s8,8,det,76,65,80,0.8125,ok,3682863
pinch_sinusoid,pinch_sweep_size_rand_sinusoid-20260624-142357,TesolloCubePinch,TesolloCubePinch-20260624-173716-cubepinch_sb_forcemagnitude_s8,force.magnitude,cubepinch_sb_forcemagnitude_s8,8,det,77,44,80,0.55,ok,3682863
pinch_sinusoid,pinch_sweep_size_rand_sinusoid-20260624-142357,TesolloCubePinch,TesolloCubePinch-20260624-173716-cubepinch_sb_forcemagnitude_s8,force.magnitude,cubepinch_sb_forcemagnitude_s8,8,det,78,55,80,0.6875,ok,3682863
pinch_sinusoid,pinch_sweep_size_rand_sinusoid-20260624-142357,TesolloCubePinch,TesolloCubePinch-20260624-173716-cubepinch_sb_forcemagnitude_s8,force.magnitude,cubepinch_sb_forcemagnitude_s8,8,det,79,53,80,0.6625,ok,3682863
pinch_sinusoid,pinch_sweep_size_rand_sinusoid-20260624-142357,TesolloCubePinch,TesolloCubePinch-20260624-173716-cubepinch_sb_forcemagnitude_s8,force.magnitude,cubepinch_sb_forcemagnitude_s8,8,det,80,65,80,0.8125,ok,3682863
pinch_sinusoid,pinch_sweep_size_rand_sinusoid-20260624-142357,TesolloCubePinch,TesolloCubePinch-20260624-173716-cubepinch_sb_forcemagnitude_s8,force.magnitude,cubepinch_sb_forcemagnitude_s8,8,det,81,63,80,0.7875,ok,3682863
pinch_sinusoid,pinch_sweep_size_rand_sinusoid-20260624-142357,TesolloCubePinch,TesolloCubePinch-20260624-173716-cubepinch_sb_forcemagnitude_s8,force.magnitude,cubepinch_sb_forcemagnitude_s8,8,det,82,60,80,0.75,ok,3682863
pinch_sinusoid,pinch_sweep_size_rand_sinusoid-20260624-142357,TesolloCubePinch,TesolloCubePinch-20260624-173716-cubepinch_sb_forcemagnitude_s8,force.magnitude,cubepinch_sb_forcemagnitude_s8,8,det,83,60,80,0.75,ok,3682863
pinch_sinusoid,pinch_sweep_size_rand_sinusoid-20260624-142357,TesolloCubePinch,TesolloCubePinch-20260624-173716-cubepinch_sb_forcemagnitude_s8,force.magnitude,cubepinch_sb_forcemagnitude_s8,8,det,84,63,80,0.7875,ok,3682863
pinch_sinusoid,pinch_sweep_size_rand_sinusoid-20260624-142357,TesolloCubePinch,TesolloCubePinch-20260624-173716-cubepinch_sb_forcemagnitude_s8,force.magnitude,cubepinch_sb_forcemagnitude_s8,8,det,85,58,80,0.725,ok,3682863
pinch_sinusoid,pinch_sweep_size_rand_sinusoid-20260624-142357,TesolloCubePinch,TesolloCubePinch-20260624-173716-cubepinch_sb_forcemagnitude_s8,force.magnitude,cubepinch_sb_forcemagnitude_s8,8,det,86,53,80,0.6625,ok,3682863
pinch_sinusoid,pinch_sweep_size_rand_sinusoid-20260624-142357,TesolloCubePinch,TesolloCubePinch-20260624-173716-cubepinch_sb_forcemagnitude_s8,force.magnitude,cubepinch_sb_forcemagnitude_s8,8,det,87,45,80,0.5625,ok,3682863
pinch_sinusoid,pinch_sweep_size_rand_sinusoid-20260624-142357,TesolloCubePinch,TesolloCubePinch-20260624-173716-cubepinch_sb_forcemagnitude_s8,force.magnitude,cubepinch_sb_forcemagnitude_s8,8,det,88,60,80,0.75,ok,3682863
pinch_sinusoid,pinch_sweep_size_rand_sinusoid-20260624-142357,TesolloCubePinch,TesolloCubePinch-20260624-173716-cubepinch_sb_forcemagnitude_s8,force.magnitude,cubepinch_sb_forcemagnitude_s8,8,det,89,66,80,0.825,ok,3682863
pinch_sinusoid,pinch_sweep_size_rand_sinusoid-20260624-142357,TesolloCubePinch,TesolloCubePinch-20260624-173716-cubepinch_sb_forcemagnitude_s8,force.magnitude,cubepinch_sb_forcemagnitude_s8,8,det,90,65,80,0.8125,ok,3682863
pinch_sinusoid,pinch_sweep_size_rand_sinusoid-20260624-142357,TesolloCubePinch,TesolloCubePinch-20260624-173716-cubepinch_sb_forcemagnitude_s8,force.magnitude,cubepinch_sb_forcemagnitude_s8,8,det,91,52,80,0.65,ok,3682863
pinch_sinusoid,pinch_sweep_size_rand_sinusoid-20260624-142357,TesolloCubePinch,TesolloCubePinch-20260624-173716-cubepinch_sb_forcemagnitude_s8,force.magnitude,cubepinch_sb_forcemagnitude_s8,8,det,92,42,80,0.525,ok,3682863
pinch_sinusoid,pinch_sweep_size_rand_sinusoid-20260624-142357,TesolloCubePinch,TesolloCubePinch-20260624-173716-cubepinch_sb_forcemagnitude_s8,force.magnitude,cubepinch_sb_forcemagnitude_s8,8,det,93,60,80,0.75,ok,3682863
pinch_sinusoid,pinch_sweep_size_rand_sinusoid-20260624-142357,TesolloCubePinch,TesolloCubePinch-20260624-173716-cubepinch_sb_forcemagnitude_s8,force.magnitude,cubepinch_sb_forcemagnitude_s8,8,det,94,58,80,0.725,ok,3682863
pinch_sinusoid,pinch_sweep_size_rand_sinusoid-20260624-142357,TesolloCubePinch,TesolloCubePinch-20260624-173716-cubepinch_sb_forcemagnitude_s8,force.magnitude,cubepinch_sb_forcemagnitude_s8,8,det,95,59,80,0.7375,ok,3682863
pinch_sinusoid,pinch_sweep_size_rand_sinusoid-20260624-142357,TesolloCubePinch,TesolloCubePinch-20260624-173716-cubepinch_sb_forcemagnitude_s8,force.magnitude,cubepinch_sb_forcemagnitude_s8,8,det,96,51,80,0.6375,ok,3682863
pinch_sinusoid,pinch_sweep_size_rand_sinusoid-20260624-142357,TesolloCubePinch,TesolloCubePinch-20260624-173716-cubepinch_sb_forcemagnitude_s8,force.magnitude,cubepinch_sb_forcemagnitude_s8,8,det,97,54,80,0.675,ok,3682863
pinch_sinusoid,pinch_sweep_size_rand_sinusoid-20260624-142357,TesolloCubePinch,TesolloCubePinch-20260624-173716-cubepinch_sb_forcemagnitude_s8,force.magnitude,cubepinch_sb_forcemagnitude_s8,8,det,98,64,80,0.8,ok,3682863
pinch_sinusoid,pinch_sweep_size_rand_sinusoid-20260624-142357,TesolloCubePinch,TesolloCubePinch-20260624-173716-cubepinch_sb_forcemagnitude_s8,force.magnitude,cubepinch_sb_forcemagnitude_s8,8,det,99,46,80,0.575,ok,3682863
pinch_sinusoid,pinch_sweep_size_rand_sinusoid-20260624-142357,TesolloCubePinch,TesolloCubePinch-20260624-191904-cubepinch_sb_propriodelta_s4,proprio.delta,cubepinch_sb_propriodelta_s4,4,det,0,0,80,0.0,failed,3682863
pinch_sinusoid,pinch_sweep_size_rand_sinusoid-20260624-142357,TesolloCubePinch,TesolloCubePinch-20260624-191904-cubepinch_sb_propriodelta_s4,proprio.delta,cubepinch_sb_propriodelta_s4,4,det,1,0,80,0.0,failed,3682863
pinch_sinusoid,pinch_sweep_size_rand_sinusoid-20260624-142357,TesolloCubePinch,TesolloCubePinch-20260624-191904-cubepinch_sb_propriodelta_s4,proprio.delta,cubepinch_sb_propriodelta_s4,4,det,2,0,80,0.0,failed,3682863
pinch_sinusoid,pinch_sweep_size_rand_sinusoid-20260624-142357,TesolloCubePinch,TesolloCubePinch-20260624-191904-cubepinch_sb_propriodelta_s4,proprio.delta,cubepinch_sb_propriodelta_s4,4,det,3,0,80,0.0,failed,3682863
pinch_sinusoid,pinch_sweep_size_rand_sinusoid-20260624-142357,TesolloCubePinch,TesolloCubePinch-20260624-191904-cubepinch_sb_propriodelta_s4,proprio.delta,cubepinch_sb_propriodelta_s4,4,det,4,0,80,0.0,failed,3682863
pinch_sinusoid,pinch_sweep_size_rand_sinusoid-20260624-142357,TesolloCubePinch,TesolloCubePinch-20260624-191904-cubepinch_sb_propriodelta_s4,proprio.delta,cubepinch_sb_propriodelta_s4,4,det,5,0,80,0.0,failed,3682863
pinch_sinusoid,pinch_sweep_size_rand_sinusoid-20260624-142357,TesolloCubePinch,TesolloCubePinch-20260624-191904-cubepinch_sb_propriodelta_s4,proprio.delta,cubepinch_sb_propriodelta_s4,4,det,6,0,80,0.0,failed,3682863
pinch_sinusoid,pinch_sweep_size_rand_sinusoid-20260624-142357,TesolloCubePinch,TesolloCubePinch-20260624-191904-cubepinch_sb_propriodelta_s4,proprio.delta,cubepinch_sb_propriodelta_s4,4,det,7,0,80,0.0,failed,3682863
pinch_sinusoid,pinch_sweep_size_rand_sinusoid-20260624-142357,TesolloCubePinch,TesolloCubePinch-20260624-191904-cubepinch_sb_propriodelta_s4,proprio.delta,cubepinch_sb_propriodelta_s4,4,det,8,0,80,0.0,failed,3682863
pinch_sinusoid,pinch_sweep_size_rand_sinusoid-20260624-142357,TesolloCubePinch,TesolloCubePinch-20260624-191904-cubepinch_sb_propriodelta_s4,proprio.delta,cubepinch_sb_propriodelta_s4,4,det,9,0,80,0.0,failed,3682863
pinch_sinusoid,pinch_sweep_size_rand_sinusoid-20260624-142357,TesolloCubePinch,TesolloCubePinch-20260624-191904-cubepinch_sb_propriodelta_s4,proprio.delta,cubepinch_sb_propriodelta_s4,4,det,10,0,80,0.0,failed,3682863
pinch_sinusoid,pinch_sweep_size_rand_sinusoid-20260624-142357,TesolloCubePinch,TesolloCubePinch-20260624-191904-cubepinch_sb_propriodelta_s4,proprio.delta,cubepinch_sb_propriodelta_s4,4,det,11,0,80,0.0,failed,3682863
pinch_sinusoid,pinch_sweep_size_rand_sinusoid-20260624-142357,TesolloCubePinch,TesolloCubePinch-20260624-191904-cubepinch_sb_propriodelta_s4,proprio.delta,cubepinch_sb_propriodelta_s4,4,det,12,0,80,0.0,failed,3682863
pinch_sinusoid,pinch_sweep_size_rand_sinusoid-20260624-142357,TesolloCubePinch,TesolloCubePinch-20260624-191904-cubepinch_sb_propriodelta_s4,proprio.delta,cubepinch_sb_propriodelta_s4,4,det,13,0,80,0.0,failed,3682863
pinch_sinusoid,pinch_sweep_size_rand_sinusoid-20260624-142357,TesolloCubePinch,TesolloCubePinch-20260624-191904-cubepinch_sb_propriodelta_s4,proprio.delta,cubepinch_sb_propriodelta_s4,4,det,14,0,80,0.0,failed,3682863
pinch_sinusoid,pinch_sweep_size_rand_sinusoid-20260624-142357,TesolloCubePinch,TesolloCubePinch-20260624-191904-cubepinch_sb_propriodelta_s4,proprio.delta,cubepinch_sb_propriodelta_s4,4,det,15,0,80,0.0,failed,3682863
pinch_sinusoid,pinch_sweep_size_rand_sinusoid-20260624-142357,TesolloCubePinch,TesolloCubePinch-20260624-191904-cubepinch_sb_propriodelta_s4,proprio.delta,cubepinch_sb_propriodelta_s4,4,det,16,0,80,0.0,failed,3682863
pinch_sinusoid,pinch_sweep_size_rand_sinusoid-20260624-142357,TesolloCubePinch,TesolloCubePinch-20260624-191904-cubepinch_sb_propriodelta_s4,proprio.delta,cubepinch_sb_propriodelta_s4,4,det,17,0,80,0.0,failed,3682863
pinch_sinusoid,pinch_sweep_size_rand_sinusoid-20260624-142357,TesolloCubePinch,TesolloCubePinch-20260624-191904-cubepinch_sb_propriodelta_s4,proprio.delta,cubepinch_sb_propriodelta_s4,4,det,18,0,80,0.0,failed,3682863
pinch_sinusoid,pinch_sweep_size_rand_sinusoid-20260624-142357,TesolloCubePinch,TesolloCubePinch-20260624-191904-cubepinch_sb_propriodelta_s4,proprio.delta,cubepinch_sb_propriodelta_s4,4,det,19,0,80,0.0,failed,3682863
pinch_sinusoid,pinch_sweep_size_rand_sinusoid-20260624-142357,TesolloCubePinch,TesolloCubePinch-20260624-191904-cubepinch_sb_propriodelta_s4,proprio.delta,cubepinch_sb_propriodelta_s4,4,det,20,0,80,0.0,failed,3682863
pinch_sinusoid,pinch_sweep_size_rand_sinusoid-20260624-142357,TesolloCubePinch,TesolloCubePinch-20260624-191904-cubepinch_sb_propriodelta_s4,proprio.delta,cubepinch_sb_propriodelta_s4,4,det,21,0,80,0.0,failed,3682863
pinch_sinusoid,pinch_sweep_size_rand_sinusoid-20260624-142357,TesolloCubePinch,TesolloCubePinch-20260624-191904-cubepinch_sb_propriodelta_s4,proprio.delta,cubepinch_sb_propriodelta_s4,4,det,22,0,80,0.0,failed,3682863
pinch_sinusoid,pinch_sweep_size_rand_sinusoid-20260624-142357,TesolloCubePinch,TesolloCubePinch-20260624-191904-cubepinch_sb_propriodelta_s4,proprio.delta,cubepinch_sb_propriodelta_s4,4,det,23,0,80,0.0,failed,3682863
pinch_sinusoid,pinch_sweep_size_rand_sinusoid-20260624-142357,TesolloCubePinch,TesolloCubePinch-20260624-191904-cubepinch_sb_propriodelta_s4,proprio.delta,cubepinch_sb_propriodelta_s4,4,det,24,0,80,0.0,failed,3682863
pinch_sinusoid,pinch_sweep_size_rand_sinusoid-20260624-142357,TesolloCubePinch,TesolloCubePinch-20260624-191904-cubepinch_sb_propriodelta_s4,proprio.delta,cubepinch_sb_propriodelta_s4,4,det,25,0,80,0.0,failed,3682863
pinch_sinusoid,pinch_sweep_size_rand_sinusoid-20260624-142357,TesolloCubePinch,TesolloCubePinch-20260624-191904-cubepinch_sb_propriodelta_s4,proprio.delta,cubepinch_sb_propriodelta_s4,4,det,26,0,80,0.0,failed,3682863
pinch_sinusoid,pinch_sweep_size_rand_sinusoid-20260624-142357,TesolloCubePinch,TesolloCubePinch-20260624-191904-cubepinch_sb_propriodelta_s4,proprio.delta,cubepinch_sb_propriodelta_s4,4,det,27,0,80,0.0,failed,3682863
pinch_sinusoid,pinch_sweep_size_rand_sinusoid-20260624-142357,TesolloCubePinch,TesolloCubePinch-20260624-191904-cubepinch_sb_propriodelta_s4,proprio.delta,cubepinch_sb_propriodelta_s4,4,det,28,0,80,0.0,failed,3682863
pinch_sinusoid,pinch_sweep_size_rand_sinusoid-20260624-142357,TesolloCubePinch,TesolloCubePinch-20260624-191904-cubepinch_sb_propriodelta_s4,proprio.delta,cubepinch_sb_propriodelta_s4,4,det,29,0,80,0.0,failed,3682863
pinch_sinusoid,pinch_sweep_size_rand_sinusoid-20260624-142357,TesolloCubePinch,TesolloCubePinch-20260624-191904-cubepinch_sb_propriodelta_s4,proprio.delta,cubepinch_sb_propriodelta_s4,4,det,30,0,80,0.0,failed,3682863
pinch_sinusoid,pinch_sweep_size_rand_sinusoid-20260624-142357,TesolloCubePinch,TesolloCubePinch-20260624-191904-cubepinch_sb_propriodelta_s4,proprio.delta,cubepinch_sb_propriodelta_s4,4,det,31,0,80,0.0,failed,3682863
pinch_sinusoid,pinch_sweep_size_rand_sinusoid-20260624-142357,TesolloCubePinch,TesolloCubePinch-20260624-191904-cubepinch_sb_propriodelta_s4,proprio.delta,cubepinch_sb_propriodelta_s4,4,det,32,0,80,0.0,failed,3682863
pinch_sinusoid,pinch_sweep_size_rand_sinusoid-20260624-142357,TesolloCubePinch,TesolloCubePinch-20260624-191904-cubepinch_sb_propriodelta_s4,proprio.delta,cubepinch_sb_propriodelta_s4,4,det,33,0,80,0.0,failed,3682863
pinch_sinusoid,pinch_sweep_size_rand_sinusoid-20260624-142357,TesolloCubePinch,TesolloCubePinch-20260624-191904-cubepinch_sb_propriodelta_s4,proprio.delta,cubepinch_sb_propriodelta_s4,4,det,34,0,80,0.0,failed,3682863
pinch_sinusoid,pinch_sweep_size_rand_sinusoid-20260624-142357,TesolloCubePinch,TesolloCubePinch-20260624-191904-cubepinch_sb_propriodelta_s4,proprio.delta,cubepinch_sb_propriodelta_s4,4,det,35,0,80,0.0,failed,3682863
pinch_sinusoid,pinch_sweep_size_rand_sinusoid-20260624-142357,TesolloCubePinch,TesolloCubePinch-20260624-191904-cubepinch_sb_propriodelta_s4,proprio.delta,cubepinch_sb_propriodelta_s4,4,det,36,0,80,0.0,failed,3682863
pinch_sinusoid,pinch_sweep_size_rand_sinusoid-20260624-142357,TesolloCubePinch,TesolloCubePinch-20260624-191904-cubepinch_sb_propriodelta_s4,proprio.delta,cubepinch_sb_propriodelta_s4,4,det,37,0,80,0.0,failed,3682863
pinch_sinusoid,pinch_sweep_size_rand_sinusoid-20260624-142357,TesolloCubePinch,TesolloCubePinch-20260624-191904-cubepinch_sb_propriodelta_s4,proprio.delta,cubepinch_sb_propriodelta_s4,4,det,38,0,80,0.0,failed,3682863
pinch_sinusoid,pinch_sweep_size_rand_sinusoid-20260624-142357,TesolloCubePinch,TesolloCubePinch-20260624-191904-cubepinch_sb_propriodelta_s4,proprio.delta,cubepinch_sb_propriodelta_s4,4,det,39,0,80,0.0,failed,3682863
pinch_sinusoid,pinch_sweep_size_rand_sinusoid-20260624-142357,TesolloCubePinch,TesolloCubePinch-20260624-191904-cubepinch_sb_propriodelta_s4,proprio.delta,cubepinch_sb_propriodelta_s4,4,det,40,0,80,0.0,failed,3682863
pinch_sinusoid,pinch_sweep_size_rand_sinusoid-20260624-142357,TesolloCubePinch,TesolloCubePinch-20260624-191904-cubepinch_sb_propriodelta_s4,proprio.delta,cubepinch_sb_propriodelta_s4,4,det,41,0,80,0.0,failed,3682863
pinch_sinusoid,pinch_sweep_size_rand_sinusoid-20260624-142357,TesolloCubePinch,TesolloCubePinch-20260624-191904-cubepinch_sb_propriodelta_s4,proprio.delta,cubepinch_sb_propriodelta_s4,4,det,42,0,80,0.0,failed,3682863
pinch_sinusoid,pinch_sweep_size_rand_sinusoid-20260624-142357,TesolloCubePinch,TesolloCubePinch-20260624-191904-cubepinch_sb_propriodelta_s4,proprio.delta,cubepinch_sb_propriodelta_s4,4,det,43,0,80,0.0,failed,3682863
pinch_sinusoid,pinch_sweep_size_rand_sinusoid-20260624-142357,TesolloCubePinch,TesolloCubePinch-20260624-191904-cubepinch_sb_propriodelta_s4,proprio.delta,cubepinch_sb_propriodelta_s4,4,det,44,0,80,0.0,failed,3682863
pinch_sinusoid,pinch_sweep_size_rand_sinusoid-20260624-142357,TesolloCubePinch,TesolloCubePinch-20260624-191904-cubepinch_sb_propriodelta_s4,proprio.delta,cubepinch_sb_propriodelta_s4,4,det,45,0,80,0.0,failed,3682863
pinch_sinusoid,pinch_sweep_size_rand_sinusoid-20260624-142357,TesolloCubePinch,TesolloCubePinch-20260624-191904-cubepinch_sb_propriodelta_s4,proprio.delta,cubepinch_sb_propriodelta_s4,4,det,46,0,80,0.0,failed,3682863
pinch_sinusoid,pinch_sweep_size_rand_sinusoid-20260624-142357,TesolloCubePinch,TesolloCubePinch-20260624-191904-cubepinch_sb_propriodelta_s4,proprio.delta,cubepinch_sb_propriodelta_s4,4,det,47,0,80,0.0,failed,3682863
pinch_sinusoid,pinch_sweep_size_rand_sinusoid-20260624-142357,TesolloCubePinch,TesolloCubePinch-20260624-191904-cubepinch_sb_propriodelta_s4,proprio.delta,cubepinch_sb_propriodelta_s4,4,det,48,0,80,0.0,failed,3682863
pinch_sinusoid,pinch_sweep_size_rand_sinusoid-20260624-142357,TesolloCubePinch,TesolloCubePinch-20260624-191904-cubepinch_sb_propriodelta_s4,proprio.delta,cubepinch_sb_propriodelta_s4,4,det,49,0,80,0.0,failed,3682863
pinch_sinusoid,pinch_sweep_size_rand_sinusoid-20260624-142357,TesolloCubePinch,TesolloCubePinch-20260624-191904-cubepinch_sb_propriodelta_s4,proprio.delta,cubepinch_sb_propriodelta_s4,4,det,50,0,80,0.0,failed,3682863
pinch_sinusoid,pinch_sweep_size_rand_sinusoid-20260624-142357,TesolloCubePinch,TesolloCubePinch-20260624-191904-cubepinch_sb_propriodelta_s4,proprio.delta,cubepinch_sb_propriodelta_s4,4,det,51,0,80,0.0,failed,3682863
pinch_sinusoid,pinch_sweep_size_rand_sinusoid-20260624-142357,TesolloCubePinch,TesolloCubePinch-20260624-191904-cubepinch_sb_propriodelta_s4,proprio.delta,cubepinch_sb_propriodelta_s4,4,det,52,0,80,0.0,failed,3682863
pinch_sinusoid,pinch_sweep_size_rand_sinusoid-20260624-142357,TesolloCubePinch,TesolloCubePinch-20260624-191904-cubepinch_sb_propriodelta_s4,proprio.delta,cubepinch_sb_propriodelta_s4,4,det,53,0,80,0.0,failed,3682863
pinch_sinusoid,pinch_sweep_size_rand_sinusoid-20260624-142357,TesolloCubePinch,TesolloCubePinch-20260624-191904-cubepinch_sb_propriodelta_s4,proprio.delta,cubepinch_sb_propriodelta_s4,4,det,54,0,80,0.0,failed,3682863
pinch_sinusoid,pinch_sweep_size_rand_sinusoid-20260624-142357,TesolloCubePinch,TesolloCubePinch-20260624-191904-cubepinch_sb_propriodelta_s4,proprio.delta,cubepinch_sb_propriodelta_s4,4,det,55,0,80,0.0,failed,3682863
pinch_sinusoid,pinch_sweep_size_rand_sinusoid-20260624-142357,TesolloCubePinch,TesolloCubePinch-20260624-191904-cubepinch_sb_propriodelta_s4,proprio.delta,cubepinch_sb_propriodelta_s4,4,det,56,0,80,0.0,failed,3682863
pinch_sinusoid,pinch_sweep_size_rand_sinusoid-20260624-142357,TesolloCubePinch,TesolloCubePinch-20260624-191904-cubepinch_sb_propriodelta_s4,proprio.delta,cubepinch_sb_propriodelta_s4,4,det,57,0,80,0.0,failed,3682863
pinch_sinusoid,pinch_sweep_size_rand_sinusoid-20260624-142357,TesolloCubePinch,TesolloCubePinch-20260624-191904-cubepinch_sb_propriodelta_s4,proprio.delta,cubepinch_sb_propriodelta_s4,4,det,58,0,80,0.0,failed,3682863
pinch_sinusoid,pinch_sweep_size_rand_sinusoid-20260624-142357,TesolloCubePinch,TesolloCubePinch-20260624-191904-cubepinch_sb_propriodelta_s4,proprio.delta,cubepinch_sb_propriodelta_s4,4,det,59,0,80,0.0,failed,3682863
pinch_sinusoid,pinch_sweep_size_rand_sinusoid-20260624-142357,TesolloCubePinch,TesolloCubePinch-20260624-191904-cubepinch_sb_propriodelta_s4,proprio.delta,cubepinch_sb_propriodelta_s4,4,det,60,0,80,0.0,failed,3682863
pinch_sinusoid,pinch_sweep_size_rand_sinusoid-20260624-142357,TesolloCubePinch,TesolloCubePinch-20260624-191904-cubepinch_sb_propriodelta_s4,proprio.delta,cubepinch_sb_propriodelta_s4,4,det,61,0,80,0.0,failed,3682863
pinch_sinusoid,pinch_sweep_size_rand_sinusoid-20260624-142357,TesolloCubePinch,TesolloCubePinch-20260624-191904-cubepinch_sb_propriodelta_s4,proprio.delta,cubepinch_sb_propriodelta_s4,4,det,62,0,80,0.0,failed,3682863
pinch_sinusoid,pinch_sweep_size_rand_sinusoid-20260624-142357,TesolloCubePinch,TesolloCubePinch-20260624-191904-cubepinch_sb_propriodelta_s4,proprio.delta,cubepinch_sb_propriodelta_s4,4,det,63,0,80,0.0,failed,3682863
pinch_sinusoid,pinch_sweep_size_rand_sinusoid-20260624-142357,TesolloCubePinch,TesolloCubePinch-20260624-191904-cubepinch_sb_propriodelta_s4,proprio.delta,cubepinch_sb_propriodelta_s4,4,det,64,0,80,0.0,failed,3682863
pinch_sinusoid,pinch_sweep_size_rand_sinusoid-20260624-142357,TesolloCubePinch,TesolloCubePinch-20260624-191904-cubepinch_sb_propriodelta_s4,proprio.delta,cubepinch_sb_propriodelta_s4,4,det,65,0,80,0.0,failed,3682863
pinch_sinusoid,pinch_sweep_size_rand_sinusoid-20260624-142357,TesolloCubePinch,TesolloCubePinch-20260624-191904-cubepinch_sb_propriodelta_s4,proprio.delta,cubepinch_sb_propriodelta_s4,4,det,66,0,80,0.0,failed,3682863
pinch_sinusoid,pinch_sweep_size_rand_sinusoid-20260624-142357,TesolloCubePinch,TesolloCubePinch-20260624-191904-cubepinch_sb_propriodelta_s4,proprio.delta,cubepinch_sb_propriodelta_s4,4,det,67,0,80,0.0,failed,3682863
pinch_sinusoid,pinch_sweep_size_rand_sinusoid-20260624-142357,TesolloCubePinch,TesolloCubePinch-20260624-191904-cubepinch_sb_propriodelta_s4,proprio.delta,cubepinch_sb_propriodelta_s4,4,det,68,0,80,0.0,failed,3682863
pinch_sinusoid,pinch_sweep_size_rand_sinusoid-20260624-142357,TesolloCubePinch,TesolloCubePinch-20260624-191904-cubepinch_sb_propriodelta_s4,proprio.delta,cubepinch_sb_propriodelta_s4,4,det,69,0,80,0.0,failed,3682863
pinch_sinusoid,pinch_sweep_size_rand_sinusoid-20260624-142357,TesolloCubePinch,TesolloCubePinch-20260624-191904-cubepinch_sb_propriodelta_s4,proprio.delta,cubepinch_sb_propriodelta_s4,4,det,70,0,80,0.0,failed,3682863
pinch_sinusoid,pinch_sweep_size_rand_sinusoid-20260624-142357,TesolloCubePinch,TesolloCubePinch-20260624-191904-cubepinch_sb_propriodelta_s4,proprio.delta,cubepinch_sb_propriodelta_s4,4,det,71,0,80,0.0,failed,3682863
pinch_sinusoid,pinch_sweep_size_rand_sinusoid-20260624-142357,TesolloCubePinch,TesolloCubePinch-20260624-191904-cubepinch_sb_propriodelta_s4,proprio.delta,cubepinch_sb_propriodelta_s4,4,det,72,0,80,0.0,failed,3682863
pinch_sinusoid,pinch_sweep_size_rand_sinusoid-20260624-142357,TesolloCubePinch,TesolloCubePinch-20260624-191904-cubepinch_sb_propriodelta_s4,proprio.delta,cubepinch_sb_propriodelta_s4,4,det,73,0,80,0.0,failed,3682863
pinch_sinusoid,pinch_sweep_size_rand_sinusoid-20260624-142357,TesolloCubePinch,TesolloCubePinch-20260624-191904-cubepinch_sb_propriodelta_s4,proprio.delta,cubepinch_sb_propriodelta_s4,4,det,74,0,80,0.0,failed,3682863
pinch_sinusoid,pinch_sweep_size_rand_sinusoid-20260624-142357,TesolloCubePinch,TesolloCubePinch-20260624-191904-cubepinch_sb_propriodelta_s4,proprio.delta,cubepinch_sb_propriodelta_s4,4,det,75,0,80,0.0,failed,3682863
pinch_sinusoid,pinch_sweep_size_rand_sinusoid-20260624-142357,TesolloCubePinch,TesolloCubePinch-20260624-191904-cubepinch_sb_propriodelta_s4,proprio.delta,cubepinch_sb_propriodelta_s4,4,det,76,0,80,0.0,failed,3682863
pinch_sinusoid,pinch_sweep_size_rand_sinusoid-20260624-142357,TesolloCubePinch,TesolloCubePinch-20260624-191904-cubepinch_sb_propriodelta_s4,proprio.delta,cubepinch_sb_propriodelta_s4,4,det,77,0,80,0.0,failed,3682863
pinch_sinusoid,pinch_sweep_size_rand_sinusoid-20260624-142357,TesolloCubePinch,TesolloCubePinch-20260624-191904-cubepinch_sb_propriodelta_s4,proprio.delta,cubepinch_sb_propriodelta_s4,4,det,78,0,80,0.0,failed,3682863
pinch_sinusoid,pinch_sweep_size_rand_sinusoid-20260624-142357,TesolloCubePinch,TesolloCubePinch-20260624-191904-cubepinch_sb_propriodelta_s4,proprio.delta,cubepinch_sb_propriodelta_s4,4,det,79,0,80,0.0,failed,3682863
pinch_sinusoid,pinch_sweep_size_rand_sinusoid-20260624-142357,TesolloCubePinch,TesolloCubePinch-20260624-191904-cubepinch_sb_propriodelta_s4,proprio.delta,cubepinch_sb_propriodelta_s4,4,det,80,0,80,0.0,failed,3682863
pinch_sinusoid,pinch_sweep_size_rand_sinusoid-20260624-142357,TesolloCubePinch,TesolloCubePinch-20260624-191904-cubepinch_sb_propriodelta_s4,proprio.delta,cubepinch_sb_propriodelta_s4,4,det,81,0,80,0.0,failed,3682863
pinch_sinusoid,pinch_sweep_size_rand_sinusoid-20260624-142357,TesolloCubePinch,TesolloCubePinch-20260624-191904-cubepinch_sb_propriodelta_s4,proprio.delta,cubepinch_sb_propriodelta_s4,4,det,82,0,80,0.0,failed,3682863
pinch_sinusoid,pinch_sweep_size_rand_sinusoid-20260624-142357,TesolloCubePinch,TesolloCubePinch-20260624-191904-cubepinch_sb_propriodelta_s4,proprio.delta,cubepinch_sb_propriodelta_s4,4,det,83,0,80,0.0,failed,3682863
pinch_sinusoid,pinch_sweep_size_rand_sinusoid-20260624-142357,TesolloCubePinch,TesolloCubePinch-20260624-191904-cubepinch_sb_propriodelta_s4,proprio.delta,cubepinch_sb_propriodelta_s4,4,det,84,0,80,0.0,failed,3682863
pinch_sinusoid,pinch_sweep_size_rand_sinusoid-20260624-142357,TesolloCubePinch,TesolloCubePinch-20260624-191904-cubepinch_sb_propriodelta_s4,proprio.delta,cubepinch_sb_propriodelta_s4,4,det,85,0,80,0.0,failed,3682863
pinch_sinusoid,pinch_sweep_size_rand_sinusoid-20260624-142357,TesolloCubePinch,TesolloCubePinch-20260624-191904-cubepinch_sb_propriodelta_s4,proprio.delta,cubepinch_sb_propriodelta_s4,4,det,86,0,80,0.0,failed,3682863
pinch_sinusoid,pinch_sweep_size_rand_sinusoid-20260624-142357,TesolloCubePinch,TesolloCubePinch-20260624-191904-cubepinch_sb_propriodelta_s4,proprio.delta,cubepinch_sb_propriodelta_s4,4,det,87,0,80,0.0,failed,3682863
pinch_sinusoid,pinch_sweep_size_rand_sinusoid-20260624-142357,TesolloCubePinch,TesolloCubePinch-20260624-191904-cubepinch_sb_propriodelta_s4,proprio.delta,cubepinch_sb_propriodelta_s4,4,det,88,0,80,0.0,failed,3682863
pinch_sinusoid,pinch_sweep_size_rand_sinusoid-20260624-142357,TesolloCubePinch,TesolloCubePinch-20260624-191904-cubepinch_sb_propriodelta_s4,proprio.delta,cubepinch_sb_propriodelta_s4,4,det,89,0,80,0.0,failed,3682863
pinch_sinusoid,pinch_sweep_size_rand_sinusoid-20260624-142357,TesolloCubePinch,TesolloCubePinch-20260624-191904-cubepinch_sb_propriodelta_s4,proprio.delta,cubepinch_sb_propriodelta_s4,4,det,90,0,80,0.0,failed,3682863
pinch_sinusoid,pinch_sweep_size_rand_sinusoid-20260624-142357,TesolloCubePinch,TesolloCubePinch-20260624-191904-cubepinch_sb_propriodelta_s4,proprio.delta,cubepinch_sb_propriodelta_s4,4,det,91,0,80,0.0,failed,3682863
pinch_sinusoid,pinch_sweep_size_rand_sinusoid-20260624-142357,TesolloCubePinch,TesolloCubePinch-20260624-191904-cubepinch_sb_propriodelta_s4,proprio.delta,cubepinch_sb_propriodelta_s4,4,det,92,0,80,0.0,failed,3682863
pinch_sinusoid,pinch_sweep_size_rand_sinusoid-20260624-142357,TesolloCubePinch,TesolloCubePinch-20260624-191904-cubepinch_sb_propriodelta_s4,proprio.delta,cubepinch_sb_propriodelta_s4,4,det,93,0,80,0.0,failed,3682863
pinch_sinusoid,pinch_sweep_size_rand_sinusoid-20260624-142357,TesolloCubePinch,TesolloCubePinch-20260624-191904-cubepinch_sb_propriodelta_s4,proprio.delta,cubepinch_sb_propriodelta_s4,4,det,94,0,80,0.0,failed,3682863
pinch_sinusoid,pinch_sweep_size_rand_sinusoid-20260624-142357,TesolloCubePinch,TesolloCubePinch-20260624-191904-cubepinch_sb_propriodelta_s4,proprio.delta,cubepinch_sb_propriodelta_s4,4,det,95,0,80,0.0,failed,3682863
pinch_sinusoid,pinch_sweep_size_rand_sinusoid-20260624-142357,TesolloCubePinch,TesolloCubePinch-20260624-191904-cubepinch_sb_propriodelta_s4,proprio.delta,cubepinch_sb_propriodelta_s4,4,det,96,0,80,0.0,failed,3682863
pinch_sinusoid,pinch_sweep_size_rand_sinusoid-20260624-142357,TesolloCubePinch,TesolloCubePinch-20260624-191904-cubepinch_sb_propriodelta_s4,proprio.delta,cubepinch_sb_propriodelta_s4,4,det,97,0,80,0.0,failed,3682863
pinch_sinusoid,pinch_sweep_size_rand_sinusoid-20260624-142357,TesolloCubePinch,TesolloCubePinch-20260624-191904-cubepinch_sb_propriodelta_s4,proprio.delta,cubepinch_sb_propriodelta_s4,4,det,98,0,80,0.0,failed,3682863
pinch_sinusoid,pinch_sweep_size_rand_sinusoid-20260624-142357,TesolloCubePinch,TesolloCubePinch-20260624-191904-cubepinch_sb_propriodelta_s4,proprio.delta,cubepinch_sb_propriodelta_s4,4,det,99,0,80,0.0,failed,3682863
pinch_sinusoid,pinch_sweep_size_rand_sinusoid-20260624-142357,TesolloCubePinch,TesolloCubePinch-20260624-193607-cubepinch_sb_propriodelta_s5,proprio.delta,cubepinch_sb_propriodelta_s5,5,det,0,13,80,0.1625,ok,3682863
pinch_sinusoid,pinch_sweep_size_rand_sinusoid-20260624-142357,TesolloCubePinch,TesolloCubePinch-20260624-193607-cubepinch_sb_propriodelta_s5,proprio.delta,cubepinch_sb_propriodelta_s5,5,det,1,18,80,0.225,ok,3682863
pinch_sinusoid,pinch_sweep_size_rand_sinusoid-20260624-142357,TesolloCubePinch,TesolloCubePinch-20260624-193607-cubepinch_sb_propriodelta_s5,proprio.delta,cubepinch_sb_propriodelta_s5,5,det,2,26,80,0.325,ok,3682863
pinch_sinusoid,pinch_sweep_size_rand_sinusoid-20260624-142357,TesolloCubePinch,TesolloCubePinch-20260624-193607-cubepinch_sb_propriodelta_s5,proprio.delta,cubepinch_sb_propriodelta_s5,5,det,3,37,80,0.4625,ok,3682863
pinch_sinusoid,pinch_sweep_size_rand_sinusoid-20260624-142357,TesolloCubePinch,TesolloCubePinch-20260624-193607-cubepinch_sb_propriodelta_s5,proprio.delta,cubepinch_sb_propriodelta_s5,5,det,4,33,80,0.4125,ok,3682863
pinch_sinusoid,pinch_sweep_size_rand_sinusoid-20260624-142357,TesolloCubePinch,TesolloCubePinch-20260624-193607-cubepinch_sb_propriodelta_s5,proprio.delta,cubepinch_sb_propriodelta_s5,5,det,5,28,80,0.35,ok,3682863
pinch_sinusoid,pinch_sweep_size_rand_sinusoid-20260624-142357,TesolloCubePinch,TesolloCubePinch-20260624-193607-cubepinch_sb_propriodelta_s5,proprio.delta,cubepinch_sb_propriodelta_s5,5,det,6,33,80,0.4125,ok,3682863
pinch_sinusoid,pinch_sweep_size_rand_sinusoid-20260624-142357,TesolloCubePinch,TesolloCubePinch-20260624-193607-cubepinch_sb_propriodelta_s5,proprio.delta,cubepinch_sb_propriodelta_s5,5,det,7,27,80,0.3375,ok,3682863
pinch_sinusoid,pinch_sweep_size_rand_sinusoid-20260624-142357,TesolloCubePinch,TesolloCubePinch-20260624-193607-cubepinch_sb_propriodelta_s5,proprio.delta,cubepinch_sb_propriodelta_s5,5,det,8,31,80,0.3875,ok,3682863
pinch_sinusoid,pinch_sweep_size_rand_sinusoid-20260624-142357,TesolloCubePinch,TesolloCubePinch-20260624-193607-cubepinch_sb_propriodelta_s5,proprio.delta,cubepinch_sb_propriodelta_s5,5,det,9,31,80,0.3875,ok,3682863
pinch_sinusoid,pinch_sweep_size_rand_sinusoid-20260624-142357,TesolloCubePinch,TesolloCubePinch-20260624-193607-cubepinch_sb_propriodelta_s5,proprio.delta,cubepinch_sb_propriodelta_s5,5,det,10,36,80,0.45,ok,3682863
pinch_sinusoid,pinch_sweep_size_rand_sinusoid-20260624-142357,TesolloCubePinch,TesolloCubePinch-20260624-193607-cubepinch_sb_propriodelta_s5,proprio.delta,cubepinch_sb_propriodelta_s5,5,det,11,27,80,0.3375,ok,3682863
pinch_sinusoid,pinch_sweep_size_rand_sinusoid-20260624-142357,TesolloCubePinch,TesolloCubePinch-20260624-193607-cubepinch_sb_propriodelta_s5,proprio.delta,cubepinch_sb_propriodelta_s5,5,det,12,28,80,0.35,ok,3682863
pinch_sinusoid,pinch_sweep_size_rand_sinusoid-20260624-142357,TesolloCubePinch,TesolloCubePinch-20260624-193607-cubepinch_sb_propriodelta_s5,proprio.delta,cubepinch_sb_propriodelta_s5,5,det,13,20,80,0.25,ok,3682863
pinch_sinusoid,pinch_sweep_size_rand_sinusoid-20260624-142357,TesolloCubePinch,TesolloCubePinch-20260624-193607-cubepinch_sb_propriodelta_s5,proprio.delta,cubepinch_sb_propriodelta_s5,5,det,14,18,80,0.225,ok,3682863
pinch_sinusoid,pinch_sweep_size_rand_sinusoid-20260624-142357,TesolloCubePinch,TesolloCubePinch-20260624-193607-cubepinch_sb_propriodelta_s5,proprio.delta,cubepinch_sb_propriodelta_s5,5,det,15,30,80,0.375,ok,3682863
pinch_sinusoid,pinch_sweep_size_rand_sinusoid-20260624-142357,TesolloCubePinch,TesolloCubePinch-20260624-193607-cubepinch_sb_propriodelta_s5,proprio.delta,cubepinch_sb_propriodelta_s5,5,det,16,17,80,0.2125,ok,3682863
pinch_sinusoid,pinch_sweep_size_rand_sinusoid-20260624-142357,TesolloCubePinch,TesolloCubePinch-20260624-193607-cubepinch_sb_propriodelta_s5,proprio.delta,cubepinch_sb_propriodelta_s5,5,det,17,33,80,0.4125,ok,3682863
pinch_sinusoid,pinch_sweep_size_rand_sinusoid-20260624-142357,TesolloCubePinch,TesolloCubePinch-20260624-193607-cubepinch_sb_propriodelta_s5,proprio.delta,cubepinch_sb_propriodelta_s5,5,det,18,10,80,0.125,ok,3682863
pinch_sinusoid,pinch_sweep_size_rand_sinusoid-20260624-142357,TesolloCubePinch,TesolloCubePinch-20260624-193607-cubepinch_sb_propriodelta_s5,proprio.delta,cubepinch_sb_propriodelta_s5,5,det,19,18,80,0.225,ok,3682863
pinch_sinusoid,pinch_sweep_size_rand_sinusoid-20260624-142357,TesolloCubePinch,TesolloCubePinch-20260624-193607-cubepinch_sb_propriodelta_s5,proprio.delta,cubepinch_sb_propriodelta_s5,5,det,20,30,80,0.375,ok,3682863
pinch_sinusoid,pinch_sweep_size_rand_sinusoid-20260624-142357,TesolloCubePinch,TesolloCubePinch-20260624-193607-cubepinch_sb_propriodelta_s5,proprio.delta,cubepinch_sb_propriodelta_s5,5,det,21,38,80,0.475,ok,3682863
pinch_sinusoid,pinch_sweep_size_rand_sinusoid-20260624-142357,TesolloCubePinch,TesolloCubePinch-20260624-193607-cubepinch_sb_propriodelta_s5,proprio.delta,cubepinch_sb_propriodelta_s5,5,det,22,31,80,0.3875,ok,3682863
pinch_sinusoid,pinch_sweep_size_rand_sinusoid-20260624-142357,TesolloCubePinch,TesolloCubePinch-20260624-193607-cubepinch_sb_propriodelta_s5,proprio.delta,cubepinch_sb_propriodelta_s5,5,det,23,28,80,0.35,ok,3682863
pinch_sinusoid,pinch_sweep_size_rand_sinusoid-20260624-142357,TesolloCubePinch,TesolloCubePinch-20260624-193607-cubepinch_sb_propriodelta_s5,proprio.delta,cubepinch_sb_propriodelta_s5,5,det,24,47,80,0.5875,ok,3682863
pinch_sinusoid,pinch_sweep_size_rand_sinusoid-20260624-142357,TesolloCubePinch,TesolloCubePinch-20260624-193607-cubepinch_sb_propriodelta_s5,proprio.delta,cubepinch_sb_propriodelta_s5,5,det,25,19,80,0.2375,ok,3682863
pinch_sinusoid,pinch_sweep_size_rand_sinusoid-20260624-142357,TesolloCubePinch,TesolloCubePinch-20260624-193607-cubepinch_sb_propriodelta_s5,proprio.delta,cubepinch_sb_propriodelta_s5,5,det,26,24,80,0.3,ok,3682863
pinch_sinusoid,pinch_sweep_size_rand_sinusoid-20260624-142357,TesolloCubePinch,TesolloCubePinch-20260624-193607-cubepinch_sb_propriodelta_s5,proprio.delta,cubepinch_sb_propriodelta_s5,5,det,27,28,80,0.35,ok,3682863
pinch_sinusoid,pinch_sweep_size_rand_sinusoid-20260624-142357,TesolloCubePinch,TesolloCubePinch-20260624-193607-cubepinch_sb_propriodelta_s5,proprio.delta,cubepinch_sb_propriodelta_s5,5,det,28,20,80,0.25,ok,3682863
pinch_sinusoid,pinch_sweep_size_rand_sinusoid-20260624-142357,TesolloCubePinch,TesolloCubePinch-20260624-193607-cubepinch_sb_propriodelta_s5,proprio.delta,cubepinch_sb_propriodelta_s5,5,det,29,27,80,0.3375,ok,3682863
pinch_sinusoid,pinch_sweep_size_rand_sinusoid-20260624-142357,TesolloCubePinch,TesolloCubePinch-20260624-193607-cubepinch_sb_propriodelta_s5,proprio.delta,cubepinch_sb_propriodelta_s5,5,det,30,24,80,0.3,ok,3682863
pinch_sinusoid,pinch_sweep_size_rand_sinusoid-20260624-142357,TesolloCubePinch,TesolloCubePinch-20260624-193607-cubepinch_sb_propriodelta_s5,proprio.delta,cubepinch_sb_propriodelta_s5,5,det,31,29,80,0.3625,ok,3682863
pinch_sinusoid,pinch_sweep_size_rand_sinusoid-20260624-142357,TesolloCubePinch,TesolloCubePinch-20260624-193607-cubepinch_sb_propriodelta_s5,proprio.delta,cubepinch_sb_propriodelta_s5,5,det,32,19,80,0.2375,ok,3682863
pinch_sinusoid,pinch_sweep_size_rand_sinusoid-20260624-142357,TesolloCubePinch,TesolloCubePinch-20260624-193607-cubepinch_sb_propriodelta_s5,proprio.delta,cubepinch_sb_propriodelta_s5,5,det,33,36,80,0.45,ok,3682863
pinch_sinusoid,pinch_sweep_size_rand_sinusoid-20260624-142357,TesolloCubePinch,TesolloCubePinch-20260624-193607-cubepinch_sb_propriodelta_s5,proprio.delta,cubepinch_sb_propriodelta_s5,5,det,34,36,80,0.45,ok,3682863
pinch_sinusoid,pinch_sweep_size_rand_sinusoid-20260624-142357,TesolloCubePinch,TesolloCubePinch-20260624-193607-cubepinch_sb_propriodelta_s5,proprio.delta,cubepinch_sb_propriodelta_s5,5,det,35,37,80,0.4625,ok,3682863
pinch_sinusoid,pinch_sweep_size_rand_sinusoid-20260624-142357,TesolloCubePinch,TesolloCubePinch-20260624-193607-cubepinch_sb_propriodelta_s5,proprio.delta,cubepinch_sb_propriodelta_s5,5,det,36,10,80,0.125,ok,3682863
pinch_sinusoid,pinch_sweep_size_rand_sinusoid-20260624-142357,TesolloCubePinch,TesolloCubePinch-20260624-193607-cubepinch_sb_propriodelta_s5,proprio.delta,cubepinch_sb_propriodelta_s5,5,det,37,49,80,0.6125,ok,3682863
pinch_sinusoid,pinch_sweep_size_rand_sinusoid-20260624-142357,TesolloCubePinch,TesolloCubePinch-20260624-193607-cubepinch_sb_propriodelta_s5,proprio.delta,cubepinch_sb_propriodelta_s5,5,det,38,19,80,0.2375,ok,3682863
pinch_sinusoid,pinch_sweep_size_rand_sinusoid-20260624-142357,TesolloCubePinch,TesolloCubePinch-20260624-193607-cubepinch_sb_propriodelta_s5,proprio.delta,cubepinch_sb_propriodelta_s5,5,det,39,35,80,0.4375,ok,3682863
pinch_sinusoid,pinch_sweep_size_rand_sinusoid-20260624-142357,TesolloCubePinch,TesolloCubePinch-20260624-193607-cubepinch_sb_propriodelta_s5,proprio.delta,cubepinch_sb_propriodelta_s5,5,det,40,23,80,0.2875,ok,3682863
pinch_sinusoid,pinch_sweep_size_rand_sinusoid-20260624-142357,TesolloCubePinch,TesolloCubePinch-20260624-193607-cubepinch_sb_propriodelta_s5,proprio.delta,cubepinch_sb_propriodelta_s5,5,det,41,8,80,0.1,ok,3682863
pinch_sinusoid,pinch_sweep_size_rand_sinusoid-20260624-142357,TesolloCubePinch,TesolloCubePinch-20260624-193607-cubepinch_sb_propriodelta_s5,proprio.delta,cubepinch_sb_propriodelta_s5,5,det,42,23,80,0.2875,ok,3682863
pinch_sinusoid,pinch_sweep_size_rand_sinusoid-20260624-142357,TesolloCubePinch,TesolloCubePinch-20260624-193607-cubepinch_sb_propriodelta_s5,proprio.delta,cubepinch_sb_propriodelta_s5,5,det,43,33,80,0.4125,ok,3682863
pinch_sinusoid,pinch_sweep_size_rand_sinusoid-20260624-142357,TesolloCubePinch,TesolloCubePinch-20260624-193607-cubepinch_sb_propriodelta_s5,proprio.delta,cubepinch_sb_propriodelta_s5,5,det,44,33,80,0.4125,ok,3682863
pinch_sinusoid,pinch_sweep_size_rand_sinusoid-20260624-142357,TesolloCubePinch,TesolloCubePinch-20260624-193607-cubepinch_sb_propriodelta_s5,proprio.delta,cubepinch_sb_propriodelta_s5,5,det,45,26,80,0.325,ok,3682863
pinch_sinusoid,pinch_sweep_size_rand_sinusoid-20260624-142357,TesolloCubePinch,TesolloCubePinch-20260624-193607-cubepinch_sb_propriodelta_s5,proprio.delta,cubepinch_sb_propriodelta_s5,5,det,46,31,80,0.3875,ok,3682863
pinch_sinusoid,pinch_sweep_size_rand_sinusoid-20260624-142357,TesolloCubePinch,TesolloCubePinch-20260624-193607-cubepinch_sb_propriodelta_s5,proprio.delta,cubepinch_sb_propriodelta_s5,5,det,47,37,80,0.4625,ok,3682863
pinch_sinusoid,pinch_sweep_size_rand_sinusoid-20260624-142357,TesolloCubePinch,TesolloCubePinch-20260624-193607-cubepinch_sb_propriodelta_s5,proprio.delta,cubepinch_sb_propriodelta_s5,5,det,48,29,80,0.3625,ok,3682863
pinch_sinusoid,pinch_sweep_size_rand_sinusoid-20260624-142357,TesolloCubePinch,TesolloCubePinch-20260624-193607-cubepinch_sb_propriodelta_s5,proprio.delta,cubepinch_sb_propriodelta_s5,5,det,49,38,80,0.475,ok,3682863
pinch_sinusoid,pinch_sweep_size_rand_sinusoid-20260624-142357,TesolloCubePinch,TesolloCubePinch-20260624-193607-cubepinch_sb_propriodelta_s5,proprio.delta,cubepinch_sb_propriodelta_s5,5,det,50,43,80,0.5375,ok,3682863
pinch_sinusoid,pinch_sweep_size_rand_sinusoid-20260624-142357,TesolloCubePinch,TesolloCubePinch-20260624-193607-cubepinch_sb_propriodelta_s5,proprio.delta,cubepinch_sb_propriodelta_s5,5,det,51,27,80,0.3375,ok,3682863
pinch_sinusoid,pinch_sweep_size_rand_sinusoid-20260624-142357,TesolloCubePinch,TesolloCubePinch-20260624-193607-cubepinch_sb_propriodelta_s5,proprio.delta,cubepinch_sb_propriodelta_s5,5,det,52,21,80,0.2625,ok,3682863
pinch_sinusoid,pinch_sweep_size_rand_sinusoid-20260624-142357,TesolloCubePinch,TesolloCubePinch-20260624-193607-cubepinch_sb_propriodelta_s5,proprio.delta,cubepinch_sb_propriodelta_s5,5,det,53,23,80,0.2875,ok,3682863
pinch_sinusoid,pinch_sweep_size_rand_sinusoid-20260624-142357,TesolloCubePinch,TesolloCubePinch-20260624-193607-cubepinch_sb_propriodelta_s5,proprio.delta,cubepinch_sb_propriodelta_s5,5,det,54,28,80,0.35,ok,3682863
pinch_sinusoid,pinch_sweep_size_rand_sinusoid-20260624-142357,TesolloCubePinch,TesolloCubePinch-20260624-193607-cubepinch_sb_propriodelta_s5,proprio.delta,cubepinch_sb_propriodelta_s5,5,det,55,20,80,0.25,ok,3682863
pinch_sinusoid,pinch_sweep_size_rand_sinusoid-20260624-142357,TesolloCubePinch,TesolloCubePinch-20260624-193607-cubepinch_sb_propriodelta_s5,proprio.delta,cubepinch_sb_propriodelta_s5,5,det,56,31,80,0.3875,ok,3682863
pinch_sinusoid,pinch_sweep_size_rand_sinusoid-20260624-142357,TesolloCubePinch,TesolloCubePinch-20260624-193607-cubepinch_sb_propriodelta_s5,proprio.delta,cubepinch_sb_propriodelta_s5,5,det,57,37,80,0.4625,ok,3682863
pinch_sinusoid,pinch_sweep_size_rand_sinusoid-20260624-142357,TesolloCubePinch,TesolloCubePinch-20260624-193607-cubepinch_sb_propriodelta_s5,proprio.delta,cubepinch_sb_propriodelta_s5,5,det,58,35,80,0.4375,ok,3682863
pinch_sinusoid,pinch_sweep_size_rand_sinusoid-20260624-142357,TesolloCubePinch,TesolloCubePinch-20260624-193607-cubepinch_sb_propriodelta_s5,proprio.delta,cubepinch_sb_propriodelta_s5,5,det,59,32,80,0.4,ok,3682863
pinch_sinusoid,pinch_sweep_size_rand_sinusoid-20260624-142357,TesolloCubePinch,TesolloCubePinch-20260624-193607-cubepinch_sb_propriodelta_s5,proprio.delta,cubepinch_sb_propriodelta_s5,5,det,60,37,80,0.4625,ok,3682863
pinch_sinusoid,pinch_sweep_size_rand_sinusoid-20260624-142357,TesolloCubePinch,TesolloCubePinch-20260624-193607-cubepinch_sb_propriodelta_s5,proprio.delta,cubepinch_sb_propriodelta_s5,5,det,61,19,80,0.2375,ok,3682863
pinch_sinusoid,pinch_sweep_size_rand_sinusoid-20260624-142357,TesolloCubePinch,TesolloCubePinch-20260624-193607-cubepinch_sb_propriodelta_s5,proprio.delta,cubepinch_sb_propriodelta_s5,5,det,62,13,80,0.1625,ok,3682863
pinch_sinusoid,pinch_sweep_size_rand_sinusoid-20260624-142357,TesolloCubePinch,TesolloCubePinch-20260624-193607-cubepinch_sb_propriodelta_s5,proprio.delta,cubepinch_sb_propriodelta_s5,5,det,63,33,80,0.4125,ok,3682863
pinch_sinusoid,pinch_sweep_size_rand_sinusoid-20260624-142357,TesolloCubePinch,TesolloCubePinch-20260624-193607-cubepinch_sb_propriodelta_s5,proprio.delta,cubepinch_sb_propriodelta_s5,5,det,64,26,80,0.325,ok,3682863
pinch_sinusoid,pinch_sweep_size_rand_sinusoid-20260624-142357,TesolloCubePinch,TesolloCubePinch-20260624-193607-cubepinch_sb_propriodelta_s5,proprio.delta,cubepinch_sb_propriodelta_s5,5,det,65,31,80,0.3875,ok,3682863
pinch_sinusoid,pinch_sweep_size_rand_sinusoid-20260624-142357,TesolloCubePinch,TesolloCubePinch-20260624-193607-cubepinch_sb_propriodelta_s5,proprio.delta,cubepinch_sb_propriodelta_s5,5,det,66,23,80,0.2875,ok,3682863
pinch_sinusoid,pinch_sweep_size_rand_sinusoid-20260624-142357,TesolloCubePinch,TesolloCubePinch-20260624-193607-cubepinch_sb_propriodelta_s5,proprio.delta,cubepinch_sb_propriodelta_s5,5,det,67,27,80,0.3375,ok,3682863
pinch_sinusoid,pinch_sweep_size_rand_sinusoid-20260624-142357,TesolloCubePinch,TesolloCubePinch-20260624-193607-cubepinch_sb_propriodelta_s5,proprio.delta,cubepinch_sb_propriodelta_s5,5,det,68,44,80,0.55,ok,3682863
pinch_sinusoid,pinch_sweep_size_rand_sinusoid-20260624-142357,TesolloCubePinch,TesolloCubePinch-20260624-193607-cubepinch_sb_propriodelta_s5,proprio.delta,cubepinch_sb_propriodelta_s5,5,det,69,23,80,0.2875,ok,3682863
pinch_sinusoid,pinch_sweep_size_rand_sinusoid-20260624-142357,TesolloCubePinch,TesolloCubePinch-20260624-193607-cubepinch_sb_propriodelta_s5,proprio.delta,cubepinch_sb_propriodelta_s5,5,det,70,25,80,0.3125,ok,3682863
pinch_sinusoid,pinch_sweep_size_rand_sinusoid-20260624-142357,TesolloCubePinch,TesolloCubePinch-20260624-193607-cubepinch_sb_propriodelta_s5,proprio.delta,cubepinch_sb_propriodelta_s5,5,det,71,39,80,0.4875,ok,3682863
pinch_sinusoid,pinch_sweep_size_rand_sinusoid-20260624-142357,TesolloCubePinch,TesolloCubePinch-20260624-193607-cubepinch_sb_propriodelta_s5,proprio.delta,cubepinch_sb_propriodelta_s5,5,det,72,42,80,0.525,ok,3682863
pinch_sinusoid,pinch_sweep_size_rand_sinusoid-20260624-142357,TesolloCubePinch,TesolloCubePinch-20260624-193607-cubepinch_sb_propriodelta_s5,proprio.delta,cubepinch_sb_propriodelta_s5,5,det,73,19,80,0.2375,ok,3682863
pinch_sinusoid,pinch_sweep_size_rand_sinusoid-20260624-142357,TesolloCubePinch,TesolloCubePinch-20260624-193607-cubepinch_sb_propriodelta_s5,proprio.delta,cubepinch_sb_propriodelta_s5,5,det,74,46,80,0.575,ok,3682863
pinch_sinusoid,pinch_sweep_size_rand_sinusoid-20260624-142357,TesolloCubePinch,TesolloCubePinch-20260624-193607-cubepinch_sb_propriodelta_s5,proprio.delta,cubepinch_sb_propriodelta_s5,5,det,75,21,80,0.2625,ok,3682863
pinch_sinusoid,pinch_sweep_size_rand_sinusoid-20260624-142357,TesolloCubePinch,TesolloCubePinch-20260624-193607-cubepinch_sb_propriodelta_s5,proprio.delta,cubepinch_sb_propriodelta_s5,5,det,76,15,80,0.1875,ok,3682863
pinch_sinusoid,pinch_sweep_size_rand_sinusoid-20260624-142357,TesolloCubePinch,TesolloCubePinch-20260624-193607-cubepinch_sb_propriodelta_s5,proprio.delta,cubepinch_sb_propriodelta_s5,5,det,77,19,80,0.2375,ok,3682863
pinch_sinusoid,pinch_sweep_size_rand_sinusoid-20260624-142357,TesolloCubePinch,TesolloCubePinch-20260624-193607-cubepinch_sb_propriodelta_s5,proprio.delta,cubepinch_sb_propriodelta_s5,5,det,78,10,80,0.125,ok,3682863
pinch_sinusoid,pinch_sweep_size_rand_sinusoid-20260624-142357,TesolloCubePinch,TesolloCubePinch-20260624-193607-cubepinch_sb_propriodelta_s5,proprio.delta,cubepinch_sb_propriodelta_s5,5,det,79,37,80,0.4625,ok,3682863
pinch_sinusoid,pinch_sweep_size_rand_sinusoid-20260624-142357,TesolloCubePinch,TesolloCubePinch-20260624-193607-cubepinch_sb_propriodelta_s5,proprio.delta,cubepinch_sb_propriodelta_s5,5,det,80,18,80,0.225,ok,3682863
pinch_sinusoid,pinch_sweep_size_rand_sinusoid-20260624-142357,TesolloCubePinch,TesolloCubePinch-20260624-193607-cubepinch_sb_propriodelta_s5,proprio.delta,cubepinch_sb_propriodelta_s5,5,det,81,32,80,0.4,ok,3682863
pinch_sinusoid,pinch_sweep_size_rand_sinusoid-20260624-142357,TesolloCubePinch,TesolloCubePinch-20260624-193607-cubepinch_sb_propriodelta_s5,proprio.delta,cubepinch_sb_propriodelta_s5,5,det,82,15,80,0.1875,ok,3682863
pinch_sinusoid,pinch_sweep_size_rand_sinusoid-20260624-142357,TesolloCubePinch,TesolloCubePinch-20260624-193607-cubepinch_sb_propriodelta_s5,proprio.delta,cubepinch_sb_propriodelta_s5,5,det,83,18,80,0.225,ok,3682863
pinch_sinusoid,pinch_sweep_size_rand_sinusoid-20260624-142357,TesolloCubePinch,TesolloCubePinch-20260624-193607-cubepinch_sb_propriodelta_s5,proprio.delta,cubepinch_sb_propriodelta_s5,5,det,84,21,80,0.2625,ok,3682863
pinch_sinusoid,pinch_sweep_size_rand_sinusoid-20260624-142357,TesolloCubePinch,TesolloCubePinch-20260624-193607-cubepinch_sb_propriodelta_s5,proprio.delta,cubepinch_sb_propriodelta_s5,5,det,85,18,80,0.225,ok,3682863
pinch_sinusoid,pinch_sweep_size_rand_sinusoid-20260624-142357,TesolloCubePinch,TesolloCubePinch-20260624-193607-cubepinch_sb_propriodelta_s5,proprio.delta,cubepinch_sb_propriodelta_s5,5,det,86,37,80,0.4625,ok,3682863
pinch_sinusoid,pinch_sweep_size_rand_sinusoid-20260624-142357,TesolloCubePinch,TesolloCubePinch-20260624-193607-cubepinch_sb_propriodelta_s5,proprio.delta,cubepinch_sb_propriodelta_s5,5,det,87,38,80,0.475,ok,3682863
pinch_sinusoid,pinch_sweep_size_rand_sinusoid-20260624-142357,TesolloCubePinch,TesolloCubePinch-20260624-193607-cubepinch_sb_propriodelta_s5,proprio.delta,cubepinch_sb_propriodelta_s5,5,det,88,19,80,0.2375,ok,3682863
pinch_sinusoid,pinch_sweep_size_rand_sinusoid-20260624-142357,TesolloCubePinch,TesolloCubePinch-20260624-193607-cubepinch_sb_propriodelta_s5,proprio.delta,cubepinch_sb_propriodelta_s5,5,det,89,25,80,0.3125,ok,3682863
pinch_sinusoid,pinch_sweep_size_rand_sinusoid-20260624-142357,TesolloCubePinch,TesolloCubePinch-20260624-193607-cubepinch_sb_propriodelta_s5,proprio.delta,cubepinch_sb_propriodelta_s5,5,det,90,40,80,0.5,ok,3682863
pinch_sinusoid,pinch_sweep_size_rand_sinusoid-20260624-142357,TesolloCubePinch,TesolloCubePinch-20260624-193607-cubepinch_sb_propriodelta_s5,proprio.delta,cubepinch_sb_propriodelta_s5,5,det,91,19,80,0.2375,ok,3682863
pinch_sinusoid,pinch_sweep_size_rand_sinusoid-20260624-142357,TesolloCubePinch,TesolloCubePinch-20260624-193607-cubepinch_sb_propriodelta_s5,proprio.delta,cubepinch_sb_propriodelta_s5,5,det,92,39,80,0.4875,ok,3682863
pinch_sinusoid,pinch_sweep_size_rand_sinusoid-20260624-142357,TesolloCubePinch,TesolloCubePinch-20260624-193607-cubepinch_sb_propriodelta_s5,proprio.delta,cubepinch_sb_propriodelta_s5,5,det,93,29,80,0.3625,ok,3682863
pinch_sinusoid,pinch_sweep_size_rand_sinusoid-20260624-142357,TesolloCubePinch,TesolloCubePinch-20260624-193607-cubepinch_sb_propriodelta_s5,proprio.delta,cubepinch_sb_propriodelta_s5,5,det,94,19,80,0.2375,ok,3682863
pinch_sinusoid,pinch_sweep_size_rand_sinusoid-20260624-142357,TesolloCubePinch,TesolloCubePinch-20260624-193607-cubepinch_sb_propriodelta_s5,proprio.delta,cubepinch_sb_propriodelta_s5,5,det,95,26,80,0.325,ok,3682863
pinch_sinusoid,pinch_sweep_size_rand_sinusoid-20260624-142357,TesolloCubePinch,TesolloCubePinch-20260624-193607-cubepinch_sb_propriodelta_s5,proprio.delta,cubepinch_sb_propriodelta_s5,5,det,96,13,80,0.1625,ok,3682863
pinch_sinusoid,pinch_sweep_size_rand_sinusoid-20260624-142357,TesolloCubePinch,TesolloCubePinch-20260624-193607-cubepinch_sb_propriodelta_s5,proprio.delta,cubepinch_sb_propriodelta_s5,5,det,97,32,80,0.4,ok,3682863
pinch_sinusoid,pinch_sweep_size_rand_sinusoid-20260624-142357,TesolloCubePinch,TesolloCubePinch-20260624-193607-cubepinch_sb_propriodelta_s5,proprio.delta,cubepinch_sb_propriodelta_s5,5,det,98,38,80,0.475,ok,3682863
pinch_sinusoid,pinch_sweep_size_rand_sinusoid-20260624-142357,TesolloCubePinch,TesolloCubePinch-20260624-193607-cubepinch_sb_propriodelta_s5,proprio.delta,cubepinch_sb_propriodelta_s5,5,det,99,10,80,0.125,ok,3682863
pinch_sinusoid,pinch_sweep_size_rand_sinusoid-20260624-142357,TesolloCubePinch,TesolloCubePinch-20260624-182805-cubepinch_sb_propriodelta_s6,proprio.delta,cubepinch_sb_propriodelta_s6,6,det,0,37,80,0.4625,ok,3682863
pinch_sinusoid,pinch_sweep_size_rand_sinusoid-20260624-142357,TesolloCubePinch,TesolloCubePinch-20260624-182805-cubepinch_sb_propriodelta_s6,proprio.delta,cubepinch_sb_propriodelta_s6,6,det,1,45,80,0.5625,ok,3682863
pinch_sinusoid,pinch_sweep_size_rand_sinusoid-20260624-142357,TesolloCubePinch,TesolloCubePinch-20260624-182805-cubepinch_sb_propriodelta_s6,proprio.delta,cubepinch_sb_propriodelta_s6,6,det,2,12,80,0.15,ok,3682863
pinch_sinusoid,pinch_sweep_size_rand_sinusoid-20260624-142357,TesolloCubePinch,TesolloCubePinch-20260624-182805-cubepinch_sb_propriodelta_s6,proprio.delta,cubepinch_sb_propriodelta_s6,6,det,3,54,80,0.675,ok,3682863
pinch_sinusoid,pinch_sweep_size_rand_sinusoid-20260624-142357,TesolloCubePinch,TesolloCubePinch-20260624-182805-cubepinch_sb_propriodelta_s6,proprio.delta,cubepinch_sb_propriodelta_s6,6,det,4,60,80,0.75,ok,3682863
pinch_sinusoid,pinch_sweep_size_rand_sinusoid-20260624-142357,TesolloCubePinch,TesolloCubePinch-20260624-182805-cubepinch_sb_propriodelta_s6,proprio.delta,cubepinch_sb_propriodelta_s6,6,det,5,36,80,0.45,ok,3682863
pinch_sinusoid,pinch_sweep_size_rand_sinusoid-20260624-142357,TesolloCubePinch,TesolloCubePinch-20260624-182805-cubepinch_sb_propriodelta_s6,proprio.delta,cubepinch_sb_propriodelta_s6,6,det,6,47,80,0.5875,ok,3682863
pinch_sinusoid,pinch_sweep_size_rand_sinusoid-20260624-142357,TesolloCubePinch,TesolloCubePinch-20260624-182805-cubepinch_sb_propriodelta_s6,proprio.delta,cubepinch_sb_propriodelta_s6,6,det,7,44,80,0.55,ok,3682863
pinch_sinusoid,pinch_sweep_size_rand_sinusoid-20260624-142357,TesolloCubePinch,TesolloCubePinch-20260624-182805-cubepinch_sb_propriodelta_s6,proprio.delta,cubepinch_sb_propriodelta_s6,6,det,8,34,80,0.425,ok,3682863
pinch_sinusoid,pinch_sweep_size_rand_sinusoid-20260624-142357,TesolloCubePinch,TesolloCubePinch-20260624-182805-cubepinch_sb_propriodelta_s6,proprio.delta,cubepinch_sb_propriodelta_s6,6,det,9,48,80,0.6,ok,3682863
pinch_sinusoid,pinch_sweep_size_rand_sinusoid-20260624-142357,TesolloCubePinch,TesolloCubePinch-20260624-182805-cubepinch_sb_propriodelta_s6,proprio.delta,cubepinch_sb_propriodelta_s6,6,det,10,40,80,0.5,ok,3682863
pinch_sinusoid,pinch_sweep_size_rand_sinusoid-20260624-142357,TesolloCubePinch,TesolloCubePinch-20260624-182805-cubepinch_sb_propriodelta_s6,proprio.delta,cubepinch_sb_propriodelta_s6,6,det,11,37,80,0.4625,ok,3682863
pinch_sinusoid,pinch_sweep_size_rand_sinusoid-20260624-142357,TesolloCubePinch,TesolloCubePinch-20260624-182805-cubepinch_sb_propriodelta_s6,proprio.delta,cubepinch_sb_propriodelta_s6,6,det,12,52,80,0.65,ok,3682863
pinch_sinusoid,pinch_sweep_size_rand_sinusoid-20260624-142357,TesolloCubePinch,TesolloCubePinch-20260624-182805-cubepinch_sb_propriodelta_s6,proprio.delta,cubepinch_sb_propriodelta_s6,6,det,13,48,80,0.6,ok,3682863
pinch_sinusoid,pinch_sweep_size_rand_sinusoid-20260624-142357,TesolloCubePinch,TesolloCubePinch-20260624-182805-cubepinch_sb_propriodelta_s6,proprio.delta,cubepinch_sb_propriodelta_s6,6,det,14,41,80,0.5125,ok,3682863
pinch_sinusoid,pinch_sweep_size_rand_sinusoid-20260624-142357,TesolloCubePinch,TesolloCubePinch-20260624-182805-cubepinch_sb_propriodelta_s6,proprio.delta,cubepinch_sb_propriodelta_s6,6,det,15,30,80,0.375,ok,3682863
pinch_sinusoid,pinch_sweep_size_rand_sinusoid-20260624-142357,TesolloCubePinch,TesolloCubePinch-20260624-182805-cubepinch_sb_propriodelta_s6,proprio.delta,cubepinch_sb_propriodelta_s6,6,det,16,41,80,0.5125,ok,3682863
pinch_sinusoid,pinch_sweep_size_rand_sinusoid-20260624-142357,TesolloCubePinch,TesolloCubePinch-20260624-182805-cubepinch_sb_propriodelta_s6,proprio.delta,cubepinch_sb_propriodelta_s6,6,det,17,41,80,0.5125,ok,3682863
pinch_sinusoid,pinch_sweep_size_rand_sinusoid-20260624-142357,TesolloCubePinch,TesolloCubePinch-20260624-182805-cubepinch_sb_propriodelta_s6,proprio.delta,cubepinch_sb_propriodelta_s6,6,det,18,61,80,0.7625,ok,3682863
pinch_sinusoid,pinch_sweep_size_rand_sinusoid-20260624-142357,TesolloCubePinch,TesolloCubePinch-20260624-182805-cubepinch_sb_propriodelta_s6,proprio.delta,cubepinch_sb_propriodelta_s6,6,det,19,50,80,0.625,ok,3682863
pinch_sinusoid,pinch_sweep_size_rand_sinusoid-20260624-142357,TesolloCubePinch,TesolloCubePinch-20260624-182805-cubepinch_sb_propriodelta_s6,proprio.delta,cubepinch_sb_propriodelta_s6,6,det,20,33,80,0.4125,ok,3682863
pinch_sinusoid,pinch_sweep_size_rand_sinusoid-20260624-142357,TesolloCubePinch,TesolloCubePinch-20260624-182805-cubepinch_sb_propriodelta_s6,proprio.delta,cubepinch_sb_propriodelta_s6,6,det,21,52,80,0.65,ok,3682863
pinch_sinusoid,pinch_sweep_size_rand_sinusoid-20260624-142357,TesolloCubePinch,TesolloCubePinch-20260624-182805-cubepinch_sb_propriodelta_s6,proprio.delta,cubepinch_sb_propriodelta_s6,6,det,22,34,80,0.425,ok,3682863
pinch_sinusoid,pinch_sweep_size_rand_sinusoid-20260624-142357,TesolloCubePinch,TesolloCubePinch-20260624-182805-cubepinch_sb_propriodelta_s6,proprio.delta,cubepinch_sb_propriodelta_s6,6,det,23,40,80,0.5,ok,3682863
pinch_sinusoid,pinch_sweep_size_rand_sinusoid-20260624-142357,TesolloCubePinch,TesolloCubePinch-20260624-182805-cubepinch_sb_propriodelta_s6,proprio.delta,cubepinch_sb_propriodelta_s6,6,det,24,39,80,0.4875,ok,3682863
pinch_sinusoid,pinch_sweep_size_rand_sinusoid-20260624-142357,TesolloCubePinch,TesolloCubePinch-20260624-182805-cubepinch_sb_propriodelta_s6,proprio.delta,cubepinch_sb_propriodelta_s6,6,det,25,51,80,0.6375,ok,3682863
pinch_sinusoid,pinch_sweep_size_rand_sinusoid-20260624-142357,TesolloCubePinch,TesolloCubePinch-20260624-182805-cubepinch_sb_propriodelta_s6,proprio.delta,cubepinch_sb_propriodelta_s6,6,det,26,40,80,0.5,ok,3682863
pinch_sinusoid,pinch_sweep_size_rand_sinusoid-20260624-142357,TesolloCubePinch,TesolloCubePinch-20260624-182805-cubepinch_sb_propriodelta_s6,proprio.delta,cubepinch_sb_propriodelta_s6,6,det,27,40,80,0.5,ok,3682863
pinch_sinusoid,pinch_sweep_size_rand_sinusoid-20260624-142357,TesolloCubePinch,TesolloCubePinch-20260624-182805-cubepinch_sb_propriodelta_s6,proprio.delta,cubepinch_sb_propriodelta_s6,6,det,28,47,80,0.5875,ok,3682863
pinch_sinusoid,pinch_sweep_size_rand_sinusoid-20260624-142357,TesolloCubePinch,TesolloCubePinch-20260624-182805-cubepinch_sb_propriodelta_s6,proprio.delta,cubepinch_sb_propriodelta_s6,6,det,29,58,80,0.725,ok,3682863
pinch_sinusoid,pinch_sweep_size_rand_sinusoid-20260624-142357,TesolloCubePinch,TesolloCubePinch-20260624-182805-cubepinch_sb_propriodelta_s6,proprio.delta,cubepinch_sb_propriodelta_s6,6,det,30,25,80,0.3125,ok,3682863
pinch_sinusoid,pinch_sweep_size_rand_sinusoid-20260624-142357,TesolloCubePinch,TesolloCubePinch-20260624-182805-cubepinch_sb_propriodelta_s6,proprio.delta,cubepinch_sb_propriodelta_s6,6,det,31,51,80,0.6375,ok,3682863
pinch_sinusoid,pinch_sweep_size_rand_sinusoid-20260624-142357,TesolloCubePinch,TesolloCubePinch-20260624-182805-cubepinch_sb_propriodelta_s6,proprio.delta,cubepinch_sb_propriodelta_s6,6,det,32,48,80,0.6,ok,3682863
pinch_sinusoid,pinch_sweep_size_rand_sinusoid-20260624-142357,TesolloCubePinch,TesolloCubePinch-20260624-182805-cubepinch_sb_propriodelta_s6,proprio.delta,cubepinch_sb_propriodelta_s6,6,det,33,52,80,0.65,ok,3682863
pinch_sinusoid,pinch_sweep_size_rand_sinusoid-20260624-142357,TesolloCubePinch,TesolloCubePinch-20260624-182805-cubepinch_sb_propriodelta_s6,proprio.delta,cubepinch_sb_propriodelta_s6,6,det,34,40,80,0.5,ok,3682863
pinch_sinusoid,pinch_sweep_size_rand_sinusoid-20260624-142357,TesolloCubePinch,TesolloCubePinch-20260624-182805-cubepinch_sb_propriodelta_s6,proprio.delta,cubepinch_sb_propriodelta_s6,6,det,35,32,80,0.4,ok,3682863
pinch_sinusoid,pinch_sweep_size_rand_sinusoid-20260624-142357,TesolloCubePinch,TesolloCubePinch-20260624-182805-cubepinch_sb_propriodelta_s6,proprio.delta,cubepinch_sb_propriodelta_s6,6,det,36,35,80,0.4375,ok,3682863
pinch_sinusoid,pinch_sweep_size_rand_sinusoid-20260624-142357,TesolloCubePinch,TesolloCubePinch-20260624-182805-cubepinch_sb_propriodelta_s6,proprio.delta,cubepinch_sb_propriodelta_s6,6,det,37,44,80,0.55,ok,3682863
pinch_sinusoid,pinch_sweep_size_rand_sinusoid-20260624-142357,TesolloCubePinch,TesolloCubePinch-20260624-182805-cubepinch_sb_propriodelta_s6,proprio.delta,cubepinch_sb_propriodelta_s6,6,det,38,28,80,0.35,ok,3682863
pinch_sinusoid,pinch_sweep_size_rand_sinusoid-20260624-142357,TesolloCubePinch,TesolloCubePinch-20260624-182805-cubepinch_sb_propriodelta_s6,proprio.delta,cubepinch_sb_propriodelta_s6,6,det,39,35,80,0.4375,ok,3682863
pinch_sinusoid,pinch_sweep_size_rand_sinusoid-20260624-142357,TesolloCubePinch,TesolloCubePinch-20260624-182805-cubepinch_sb_propriodelta_s6,proprio.delta,cubepinch_sb_propriodelta_s6,6,det,40,40,80,0.5,ok,3682863
pinch_sinusoid,pinch_sweep_size_rand_sinusoid-20260624-142357,TesolloCubePinch,TesolloCubePinch-20260624-182805-cubepinch_sb_propriodelta_s6,proprio.delta,cubepinch_sb_propriodelta_s6,6,det,41,63,80,0.7875,ok,3682863
pinch_sinusoid,pinch_sweep_size_rand_sinusoid-20260624-142357,TesolloCubePinch,TesolloCubePinch-20260624-182805-cubepinch_sb_propriodelta_s6,proprio.delta,cubepinch_sb_propriodelta_s6,6,det,42,40,80,0.5,ok,3682863
pinch_sinusoid,pinch_sweep_size_rand_sinusoid-20260624-142357,TesolloCubePinch,TesolloCubePinch-20260624-182805-cubepinch_sb_propriodelta_s6,proprio.delta,cubepinch_sb_propriodelta_s6,6,det,43,40,80,0.5,ok,3682863
pinch_sinusoid,pinch_sweep_size_rand_sinusoid-20260624-142357,TesolloCubePinch,TesolloCubePinch-20260624-182805-cubepinch_sb_propriodelta_s6,proprio.delta,cubepinch_sb_propriodelta_s6,6,det,44,60,80,0.75,ok,3682863
pinch_sinusoid,pinch_sweep_size_rand_sinusoid-20260624-142357,TesolloCubePinch,TesolloCubePinch-20260624-182805-cubepinch_sb_propriodelta_s6,proprio.delta,cubepinch_sb_propriodelta_s6,6,det,45,52,80,0.65,ok,3682863
pinch_sinusoid,pinch_sweep_size_rand_sinusoid-20260624-142357,TesolloCubePinch,TesolloCubePinch-20260624-182805-cubepinch_sb_propriodelta_s6,proprio.delta,cubepinch_sb_propriodelta_s6,6,det,46,59,80,0.7375,ok,3682863
pinch_sinusoid,pinch_sweep_size_rand_sinusoid-20260624-142357,TesolloCubePinch,TesolloCubePinch-20260624-182805-cubepinch_sb_propriodelta_s6,proprio.delta,cubepinch_sb_propriodelta_s6,6,det,47,62,80,0.775,ok,3682863
pinch_sinusoid,pinch_sweep_size_rand_sinusoid-20260624-142357,TesolloCubePinch,TesolloCubePinch-20260624-182805-cubepinch_sb_propriodelta_s6,proprio.delta,cubepinch_sb_propriodelta_s6,6,det,48,47,80,0.5875,ok,3682863
pinch_sinusoid,pinch_sweep_size_rand_sinusoid-20260624-142357,TesolloCubePinch,TesolloCubePinch-20260624-182805-cubepinch_sb_propriodelta_s6,proprio.delta,cubepinch_sb_propriodelta_s6,6,det,49,28,80,0.35,ok,3682863
pinch_sinusoid,pinch_sweep_size_rand_sinusoid-20260624-142357,TesolloCubePinch,TesolloCubePinch-20260624-182805-cubepinch_sb_propriodelta_s6,proprio.delta,cubepinch_sb_propriodelta_s6,6,det,50,38,80,0.475,ok,3682863
pinch_sinusoid,pinch_sweep_size_rand_sinusoid-20260624-142357,TesolloCubePinch,TesolloCubePinch-20260624-182805-cubepinch_sb_propriodelta_s6,proprio.delta,cubepinch_sb_propriodelta_s6,6,det,51,52,80,0.65,ok,3682863
pinch_sinusoid,pinch_sweep_size_rand_sinusoid-20260624-142357,TesolloCubePinch,TesolloCubePinch-20260624-182805-cubepinch_sb_propriodelta_s6,proprio.delta,cubepinch_sb_propriodelta_s6,6,det,52,38,80,0.475,ok,3682863
pinch_sinusoid,pinch_sweep_size_rand_sinusoid-20260624-142357,TesolloCubePinch,TesolloCubePinch-20260624-182805-cubepinch_sb_propriodelta_s6,proprio.delta,cubepinch_sb_propriodelta_s6,6,det,53,61,80,0.7625,ok,3682863
pinch_sinusoid,pinch_sweep_size_rand_sinusoid-20260624-142357,TesolloCubePinch,TesolloCubePinch-20260624-182805-cubepinch_sb_propriodelta_s6,proprio.delta,cubepinch_sb_propriodelta_s6,6,det,54,33,80,0.4125,ok,3682863
pinch_sinusoid,pinch_sweep_size_rand_sinusoid-20260624-142357,TesolloCubePinch,TesolloCubePinch-20260624-182805-cubepinch_sb_propriodelta_s6,proprio.delta,cubepinch_sb_propriodelta_s6,6,det,55,33,80,0.4125,ok,3682863
pinch_sinusoid,pinch_sweep_size_rand_sinusoid-20260624-142357,TesolloCubePinch,TesolloCubePinch-20260624-182805-cubepinch_sb_propriodelta_s6,proprio.delta,cubepinch_sb_propriodelta_s6,6,det,56,62,80,0.775,ok,3682863
pinch_sinusoid,pinch_sweep_size_rand_sinusoid-20260624-142357,TesolloCubePinch,TesolloCubePinch-20260624-182805-cubepinch_sb_propriodelta_s6,proprio.delta,cubepinch_sb_propriodelta_s6,6,det,57,47,80,0.5875,ok,3682863
pinch_sinusoid,pinch_sweep_size_rand_sinusoid-20260624-142357,TesolloCubePinch,TesolloCubePinch-20260624-182805-cubepinch_sb_propriodelta_s6,proprio.delta,cubepinch_sb_propriodelta_s6,6,det,58,42,80,0.525,ok,3682863
pinch_sinusoid,pinch_sweep_size_rand_sinusoid-20260624-142357,TesolloCubePinch,TesolloCubePinch-20260624-182805-cubepinch_sb_propriodelta_s6,proprio.delta,cubepinch_sb_propriodelta_s6,6,det,59,42,80,0.525,ok,3682863
pinch_sinusoid,pinch_sweep_size_rand_sinusoid-20260624-142357,TesolloCubePinch,TesolloCubePinch-20260624-182805-cubepinch_sb_propriodelta_s6,proprio.delta,cubepinch_sb_propriodelta_s6,6,det,60,49,80,0.6125,ok,3682863
pinch_sinusoid,pinch_sweep_size_rand_sinusoid-20260624-142357,TesolloCubePinch,TesolloCubePinch-20260624-182805-cubepinch_sb_propriodelta_s6,proprio.delta,cubepinch_sb_propriodelta_s6,6,det,61,59,80,0.7375,ok,3682863
pinch_sinusoid,pinch_sweep_size_rand_sinusoid-20260624-142357,TesolloCubePinch,TesolloCubePinch-20260624-182805-cubepinch_sb_propriodelta_s6,proprio.delta,cubepinch_sb_propriodelta_s6,6,det,62,51,80,0.6375,ok,3682863
pinch_sinusoid,pinch_sweep_size_rand_sinusoid-20260624-142357,TesolloCubePinch,TesolloCubePinch-20260624-182805-cubepinch_sb_propriodelta_s6,proprio.delta,cubepinch_sb_propriodelta_s6,6,det,63,58,80,0.725,ok,3682863
pinch_sinusoid,pinch_sweep_size_rand_sinusoid-20260624-142357,TesolloCubePinch,TesolloCubePinch-20260624-182805-cubepinch_sb_propriodelta_s6,proprio.delta,cubepinch_sb_propriodelta_s6,6,det,64,48,80,0.6,ok,3682863
pinch_sinusoid,pinch_sweep_size_rand_sinusoid-20260624-142357,TesolloCubePinch,TesolloCubePinch-20260624-182805-cubepinch_sb_propriodelta_s6,proprio.delta,cubepinch_sb_propriodelta_s6,6,det,65,18,80,0.225,ok,3682863
pinch_sinusoid,pinch_sweep_size_rand_sinusoid-20260624-142357,TesolloCubePinch,TesolloCubePinch-20260624-182805-cubepinch_sb_propriodelta_s6,proprio.delta,cubepinch_sb_propriodelta_s6,6,det,66,51,80,0.6375,ok,3682863
pinch_sinusoid,pinch_sweep_size_rand_sinusoid-20260624-142357,TesolloCubePinch,TesolloCubePinch-20260624-182805-cubepinch_sb_propriodelta_s6,proprio.delta,cubepinch_sb_propriodelta_s6,6,det,67,39,80,0.4875,ok,3682863
pinch_sinusoid,pinch_sweep_size_rand_sinusoid-20260624-142357,TesolloCubePinch,TesolloCubePinch-20260624-182805-cubepinch_sb_propriodelta_s6,proprio.delta,cubepinch_sb_propriodelta_s6,6,det,68,39,80,0.4875,ok,3682863
pinch_sinusoid,pinch_sweep_size_rand_sinusoid-20260624-142357,TesolloCubePinch,TesolloCubePinch-20260624-182805-cubepinch_sb_propriodelta_s6,proprio.delta,cubepinch_sb_propriodelta_s6,6,det,69,59,80,0.7375,ok,3682863
pinch_sinusoid,pinch_sweep_size_rand_sinusoid-20260624-142357,TesolloCubePinch,TesolloCubePinch-20260624-182805-cubepinch_sb_propriodelta_s6,proprio.delta,cubepinch_sb_propriodelta_s6,6,det,70,42,80,0.525,ok,3682863
pinch_sinusoid,pinch_sweep_size_rand_sinusoid-20260624-142357,TesolloCubePinch,TesolloCubePinch-20260624-182805-cubepinch_sb_propriodelta_s6,proprio.delta,cubepinch_sb_propriodelta_s6,6,det,71,55,80,0.6875,ok,3682863
pinch_sinusoid,pinch_sweep_size_rand_sinusoid-20260624-142357,TesolloCubePinch,TesolloCubePinch-20260624-182805-cubepinch_sb_propriodelta_s6,proprio.delta,cubepinch_sb_propriodelta_s6,6,det,72,62,80,0.775,ok,3682863
pinch_sinusoid,pinch_sweep_size_rand_sinusoid-20260624-142357,TesolloCubePinch,TesolloCubePinch-20260624-182805-cubepinch_sb_propriodelta_s6,proprio.delta,cubepinch_sb_propriodelta_s6,6,det,73,61,80,0.7625,ok,3682863
pinch_sinusoid,pinch_sweep_size_rand_sinusoid-20260624-142357,TesolloCubePinch,TesolloCubePinch-20260624-182805-cubepinch_sb_propriodelta_s6,proprio.delta,cubepinch_sb_propriodelta_s6,6,det,74,59,80,0.7375,ok,3682863
pinch_sinusoid,pinch_sweep_size_rand_sinusoid-20260624-142357,TesolloCubePinch,TesolloCubePinch-20260624-182805-cubepinch_sb_propriodelta_s6,proprio.delta,cubepinch_sb_propriodelta_s6,6,det,75,62,80,0.775,ok,3682863
pinch_sinusoid,pinch_sweep_size_rand_sinusoid-20260624-142357,TesolloCubePinch,TesolloCubePinch-20260624-182805-cubepinch_sb_propriodelta_s6,proprio.delta,cubepinch_sb_propriodelta_s6,6,det,76,57,80,0.7125,ok,3682863
pinch_sinusoid,pinch_sweep_size_rand_sinusoid-20260624-142357,TesolloCubePinch,TesolloCubePinch-20260624-182805-cubepinch_sb_propriodelta_s6,proprio.delta,cubepinch_sb_propriodelta_s6,6,det,77,48,80,0.6,ok,3682863
pinch_sinusoid,pinch_sweep_size_rand_sinusoid-20260624-142357,TesolloCubePinch,TesolloCubePinch-20260624-182805-cubepinch_sb_propriodelta_s6,proprio.delta,cubepinch_sb_propriodelta_s6,6,det,78,40,80,0.5,ok,3682863
pinch_sinusoid,pinch_sweep_size_rand_sinusoid-20260624-142357,TesolloCubePinch,TesolloCubePinch-20260624-182805-cubepinch_sb_propriodelta_s6,proprio.delta,cubepinch_sb_propriodelta_s6,6,det,79,38,80,0.475,ok,3682863
pinch_sinusoid,pinch_sweep_size_rand_sinusoid-20260624-142357,TesolloCubePinch,TesolloCubePinch-20260624-182805-cubepinch_sb_propriodelta_s6,proprio.delta,cubepinch_sb_propriodelta_s6,6,det,80,41,80,0.5125,ok,3682863
pinch_sinusoid,pinch_sweep_size_rand_sinusoid-20260624-142357,TesolloCubePinch,TesolloCubePinch-20260624-182805-cubepinch_sb_propriodelta_s6,proprio.delta,cubepinch_sb_propriodelta_s6,6,det,81,39,80,0.4875,ok,3682863
pinch_sinusoid,pinch_sweep_size_rand_sinusoid-20260624-142357,TesolloCubePinch,TesolloCubePinch-20260624-182805-cubepinch_sb_propriodelta_s6,proprio.delta,cubepinch_sb_propriodelta_s6,6,det,82,60,80,0.75,ok,3682863
pinch_sinusoid,pinch_sweep_size_rand_sinusoid-20260624-142357,TesolloCubePinch,TesolloCubePinch-20260624-182805-cubepinch_sb_propriodelta_s6,proprio.delta,cubepinch_sb_propriodelta_s6,6,det,83,51,80,0.6375,ok,3682863
pinch_sinusoid,pinch_sweep_size_rand_sinusoid-20260624-142357,TesolloCubePinch,TesolloCubePinch-20260624-182805-cubepinch_sb_propriodelta_s6,proprio.delta,cubepinch_sb_propriodelta_s6,6,det,84,46,80,0.575,ok,3682863
pinch_sinusoid,pinch_sweep_size_rand_sinusoid-20260624-142357,TesolloCubePinch,TesolloCubePinch-20260624-182805-cubepinch_sb_propriodelta_s6,proprio.delta,cubepinch_sb_propriodelta_s6,6,det,85,37,80,0.4625,ok,3682863
pinch_sinusoid,pinch_sweep_size_rand_sinusoid-20260624-142357,TesolloCubePinch,TesolloCubePinch-20260624-182805-cubepinch_sb_propriodelta_s6,proprio.delta,cubepinch_sb_propriodelta_s6,6,det,86,49,80,0.6125,ok,3682863
pinch_sinusoid,pinch_sweep_size_rand_sinusoid-20260624-142357,TesolloCubePinch,TesolloCubePinch-20260624-182805-cubepinch_sb_propriodelta_s6,proprio.delta,cubepinch_sb_propriodelta_s6,6,det,87,63,80,0.7875,ok,3682863
pinch_sinusoid,pinch_sweep_size_rand_sinusoid-20260624-142357,TesolloCubePinch,TesolloCubePinch-20260624-182805-cubepinch_sb_propriodelta_s6,proprio.delta,cubepinch_sb_propriodelta_s6,6,det,88,48,80,0.6,ok,3682863
pinch_sinusoid,pinch_sweep_size_rand_sinusoid-20260624-142357,TesolloCubePinch,TesolloCubePinch-20260624-182805-cubepinch_sb_propriodelta_s6,proprio.delta,cubepinch_sb_propriodelta_s6,6,det,89,53,80,0.6625,ok,3682863
pinch_sinusoid,pinch_sweep_size_rand_sinusoid-20260624-142357,TesolloCubePinch,TesolloCubePinch-20260624-182805-cubepinch_sb_propriodelta_s6,proprio.delta,cubepinch_sb_propriodelta_s6,6,det,90,36,80,0.45,ok,3682863
pinch_sinusoid,pinch_sweep_size_rand_sinusoid-20260624-142357,TesolloCubePinch,TesolloCubePinch-20260624-182805-cubepinch_sb_propriodelta_s6,proprio.delta,cubepinch_sb_propriodelta_s6,6,det,91,40,80,0.5,ok,3682863
pinch_sinusoid,pinch_sweep_size_rand_sinusoid-20260624-142357,TesolloCubePinch,TesolloCubePinch-20260624-182805-cubepinch_sb_propriodelta_s6,proprio.delta,cubepinch_sb_propriodelta_s6,6,det,92,42,80,0.525,ok,3682863
pinch_sinusoid,pinch_sweep_size_rand_sinusoid-20260624-142357,TesolloCubePinch,TesolloCubePinch-20260624-182805-cubepinch_sb_propriodelta_s6,proprio.delta,cubepinch_sb_propriodelta_s6,6,det,93,62,80,0.775,ok,3682863
pinch_sinusoid,pinch_sweep_size_rand_sinusoid-20260624-142357,TesolloCubePinch,TesolloCubePinch-20260624-182805-cubepinch_sb_propriodelta_s6,proprio.delta,cubepinch_sb_propriodelta_s6,6,det,94,63,80,0.7875,ok,3682863
pinch_sinusoid,pinch_sweep_size_rand_sinusoid-20260624-142357,TesolloCubePinch,TesolloCubePinch-20260624-182805-cubepinch_sb_propriodelta_s6,proprio.delta,cubepinch_sb_propriodelta_s6,6,det,95,30,80,0.375,ok,3682863
pinch_sinusoid,pinch_sweep_size_rand_sinusoid-20260624-142357,TesolloCubePinch,TesolloCubePinch-20260624-182805-cubepinch_sb_propriodelta_s6,proprio.delta,cubepinch_sb_propriodelta_s6,6,det,96,32,80,0.4,ok,3682863
pinch_sinusoid,pinch_sweep_size_rand_sinusoid-20260624-142357,TesolloCubePinch,TesolloCubePinch-20260624-182805-cubepinch_sb_propriodelta_s6,proprio.delta,cubepinch_sb_propriodelta_s6,6,det,97,54,80,0.675,ok,3682863
pinch_sinusoid,pinch_sweep_size_rand_sinusoid-20260624-142357,TesolloCubePinch,TesolloCubePinch-20260624-182805-cubepinch_sb_propriodelta_s6,proprio.delta,cubepinch_sb_propriodelta_s6,6,det,98,39,80,0.4875,ok,3682863
pinch_sinusoid,pinch_sweep_size_rand_sinusoid-20260624-142357,TesolloCubePinch,TesolloCubePinch-20260624-182805-cubepinch_sb_propriodelta_s6,proprio.delta,cubepinch_sb_propriodelta_s6,6,det,99,31,80,0.3875,ok,3682863
pinch_sinusoid,pinch_sweep_size_rand_sinusoid-20260624-142357,TesolloCubePinch,TesolloCubePinch-20260624-184508-cubepinch_sb_propriodelta_s7,proprio.delta,cubepinch_sb_propriodelta_s7,7,det,0,15,80,0.1875,ok,3682863
pinch_sinusoid,pinch_sweep_size_rand_sinusoid-20260624-142357,TesolloCubePinch,TesolloCubePinch-20260624-184508-cubepinch_sb_propriodelta_s7,proprio.delta,cubepinch_sb_propriodelta_s7,7,det,1,7,80,0.0875,ok,3682863
pinch_sinusoid,pinch_sweep_size_rand_sinusoid-20260624-142357,TesolloCubePinch,TesolloCubePinch-20260624-184508-cubepinch_sb_propriodelta_s7,proprio.delta,cubepinch_sb_propriodelta_s7,7,det,2,7,80,0.0875,ok,3682863
pinch_sinusoid,pinch_sweep_size_rand_sinusoid-20260624-142357,TesolloCubePinch,TesolloCubePinch-20260624-184508-cubepinch_sb_propriodelta_s7,proprio.delta,cubepinch_sb_propriodelta_s7,7,det,3,5,80,0.0625,ok,3682863
pinch_sinusoid,pinch_sweep_size_rand_sinusoid-20260624-142357,TesolloCubePinch,TesolloCubePinch-20260624-184508-cubepinch_sb_propriodelta_s7,proprio.delta,cubepinch_sb_propriodelta_s7,7,det,4,15,80,0.1875,ok,3682863
pinch_sinusoid,pinch_sweep_size_rand_sinusoid-20260624-142357,TesolloCubePinch,TesolloCubePinch-20260624-184508-cubepinch_sb_propriodelta_s7,proprio.delta,cubepinch_sb_propriodelta_s7,7,det,5,31,80,0.3875,ok,3682863
pinch_sinusoid,pinch_sweep_size_rand_sinusoid-20260624-142357,TesolloCubePinch,TesolloCubePinch-20260624-184508-cubepinch_sb_propriodelta_s7,proprio.delta,cubepinch_sb_propriodelta_s7,7,det,6,7,80,0.0875,ok,3682863
pinch_sinusoid,pinch_sweep_size_rand_sinusoid-20260624-142357,TesolloCubePinch,TesolloCubePinch-20260624-184508-cubepinch_sb_propriodelta_s7,proprio.delta,cubepinch_sb_propriodelta_s7,7,det,7,10,80,0.125,ok,3682863
pinch_sinusoid,pinch_sweep_size_rand_sinusoid-20260624-142357,TesolloCubePinch,TesolloCubePinch-20260624-184508-cubepinch_sb_propriodelta_s7,proprio.delta,cubepinch_sb_propriodelta_s7,7,det,8,6,80,0.075,ok,3682863
pinch_sinusoid,pinch_sweep_size_rand_sinusoid-20260624-142357,TesolloCubePinch,TesolloCubePinch-20260624-184508-cubepinch_sb_propriodelta_s7,proprio.delta,cubepinch_sb_propriodelta_s7,7,det,9,18,80,0.225,ok,3682863
pinch_sinusoid,pinch_sweep_size_rand_sinusoid-20260624-142357,TesolloCubePinch,TesolloCubePinch-20260624-184508-cubepinch_sb_propriodelta_s7,proprio.delta,cubepinch_sb_propriodelta_s7,7,det,10,7,80,0.0875,ok,3682863
pinch_sinusoid,pinch_sweep_size_rand_sinusoid-20260624-142357,TesolloCubePinch,TesolloCubePinch-20260624-184508-cubepinch_sb_propriodelta_s7,proprio.delta,cubepinch_sb_propriodelta_s7,7,det,11,0,80,0.0,ok,3682863
pinch_sinusoid,pinch_sweep_size_rand_sinusoid-20260624-142357,TesolloCubePinch,TesolloCubePinch-20260624-184508-cubepinch_sb_propriodelta_s7,proprio.delta,cubepinch_sb_propriodelta_s7,7,det,12,14,80,0.175,ok,3682863
pinch_sinusoid,pinch_sweep_size_rand_sinusoid-20260624-142357,TesolloCubePinch,TesolloCubePinch-20260624-184508-cubepinch_sb_propriodelta_s7,proprio.delta,cubepinch_sb_propriodelta_s7,7,det,13,0,80,0.0,ok,3682863
pinch_sinusoid,pinch_sweep_size_rand_sinusoid-20260624-142357,TesolloCubePinch,TesolloCubePinch-20260624-184508-cubepinch_sb_propriodelta_s7,proprio.delta,cubepinch_sb_propriodelta_s7,7,det,14,8,80,0.1,ok,3682863
pinch_sinusoid,pinch_sweep_size_rand_sinusoid-20260624-142357,TesolloCubePinch,TesolloCubePinch-20260624-184508-cubepinch_sb_propriodelta_s7,proprio.delta,cubepinch_sb_propriodelta_s7,7,det,15,14,80,0.175,ok,3682863
pinch_sinusoid,pinch_sweep_size_rand_sinusoid-20260624-142357,TesolloCubePinch,TesolloCubePinch-20260624-184508-cubepinch_sb_propriodelta_s7,proprio.delta,cubepinch_sb_propriodelta_s7,7,det,16,12,80,0.15,ok,3682863
pinch_sinusoid,pinch_sweep_size_rand_sinusoid-20260624-142357,TesolloCubePinch,TesolloCubePinch-20260624-184508-cubepinch_sb_propriodelta_s7,proprio.delta,cubepinch_sb_propriodelta_s7,7,det,17,14,80,0.175,ok,3682863
pinch_sinusoid,pinch_sweep_size_rand_sinusoid-20260624-142357,TesolloCubePinch,TesolloCubePinch-20260624-184508-cubepinch_sb_propriodelta_s7,proprio.delta,cubepinch_sb_propriodelta_s7,7,det,18,0,80,0.0,ok,3682863
pinch_sinusoid,pinch_sweep_size_rand_sinusoid-20260624-142357,TesolloCubePinch,TesolloCubePinch-20260624-184508-cubepinch_sb_propriodelta_s7,proprio.delta,cubepinch_sb_propriodelta_s7,7,det,19,7,80,0.0875,ok,3682863
pinch_sinusoid,pinch_sweep_size_rand_sinusoid-20260624-142357,TesolloCubePinch,TesolloCubePinch-20260624-184508-cubepinch_sb_propriodelta_s7,proprio.delta,cubepinch_sb_propriodelta_s7,7,det,20,1,80,0.0125,ok,3682863
pinch_sinusoid,pinch_sweep_size_rand_sinusoid-20260624-142357,TesolloCubePinch,TesolloCubePinch-20260624-184508-cubepinch_sb_propriodelta_s7,proprio.delta,cubepinch_sb_propriodelta_s7,7,det,21,19,80,0.2375,ok,3682863
pinch_sinusoid,pinch_sweep_size_rand_sinusoid-20260624-142357,TesolloCubePinch,TesolloCubePinch-20260624-184508-cubepinch_sb_propriodelta_s7,proprio.delta,cubepinch_sb_propriodelta_s7,7,det,22,4,80,0.05,ok,3682863
pinch_sinusoid,pinch_sweep_size_rand_sinusoid-20260624-142357,TesolloCubePinch,TesolloCubePinch-20260624-184508-cubepinch_sb_propriodelta_s7,proprio.delta,cubepinch_sb_propriodelta_s7,7,det,23,1,80,0.0125,ok,3682863
pinch_sinusoid,pinch_sweep_size_rand_sinusoid-20260624-142357,TesolloCubePinch,TesolloCubePinch-20260624-184508-cubepinch_sb_propriodelta_s7,proprio.delta,cubepinch_sb_propriodelta_s7,7,det,24,11,80,0.1375,ok,3682863
pinch_sinusoid,pinch_sweep_size_rand_sinusoid-20260624-142357,TesolloCubePinch,TesolloCubePinch-20260624-184508-cubepinch_sb_propriodelta_s7,proprio.delta,cubepinch_sb_propriodelta_s7,7,det,25,10,80,0.125,ok,3682863
pinch_sinusoid,pinch_sweep_size_rand_sinusoid-20260624-142357,TesolloCubePinch,TesolloCubePinch-20260624-184508-cubepinch_sb_propriodelta_s7,proprio.delta,cubepinch_sb_propriodelta_s7,7,det,26,21,80,0.2625,ok,3682863
pinch_sinusoid,pinch_sweep_size_rand_sinusoid-20260624-142357,TesolloCubePinch,TesolloCubePinch-20260624-184508-cubepinch_sb_propriodelta_s7,proprio.delta,cubepinch_sb_propriodelta_s7,7,det,27,6,80,0.075,ok,3682863
pinch_sinusoid,pinch_sweep_size_rand_sinusoid-20260624-142357,TesolloCubePinch,TesolloCubePinch-20260624-184508-cubepinch_sb_propriodelta_s7,proprio.delta,cubepinch_sb_propriodelta_s7,7,det,28,11,80,0.1375,ok,3682863
pinch_sinusoid,pinch_sweep_size_rand_sinusoid-20260624-142357,TesolloCubePinch,TesolloCubePinch-20260624-184508-cubepinch_sb_propriodelta_s7,proprio.delta,cubepinch_sb_propriodelta_s7,7,det,29,13,80,0.1625,ok,3682863
pinch_sinusoid,pinch_sweep_size_rand_sinusoid-20260624-142357,TesolloCubePinch,TesolloCubePinch-20260624-184508-cubepinch_sb_propriodelta_s7,proprio.delta,cubepinch_sb_propriodelta_s7,7,det,30,0,80,0.0,ok,3682863
pinch_sinusoid,pinch_sweep_size_rand_sinusoid-20260624-142357,TesolloCubePinch,TesolloCubePinch-20260624-184508-cubepinch_sb_propriodelta_s7,proprio.delta,cubepinch_sb_propriodelta_s7,7,det,31,7,80,0.0875,ok,3682863
pinch_sinusoid,pinch_sweep_size_rand_sinusoid-20260624-142357,TesolloCubePinch,TesolloCubePinch-20260624-184508-cubepinch_sb_propriodelta_s7,proprio.delta,cubepinch_sb_propriodelta_s7,7,det,32,14,80,0.175,ok,3682863
pinch_sinusoid,pinch_sweep_size_rand_sinusoid-20260624-142357,TesolloCubePinch,TesolloCubePinch-20260624-184508-cubepinch_sb_propriodelta_s7,proprio.delta,cubepinch_sb_propriodelta_s7,7,det,33,8,80,0.1,ok,3682863
pinch_sinusoid,pinch_sweep_size_rand_sinusoid-20260624-142357,TesolloCubePinch,TesolloCubePinch-20260624-184508-cubepinch_sb_propriodelta_s7,proprio.delta,cubepinch_sb_propriodelta_s7,7,det,34,13,80,0.1625,ok,3682863
pinch_sinusoid,pinch_sweep_size_rand_sinusoid-20260624-142357,TesolloCubePinch,TesolloCubePinch-20260624-184508-cubepinch_sb_propriodelta_s7,proprio.delta,cubepinch_sb_propriodelta_s7,7,det,35,0,80,0.0,ok,3682863
pinch_sinusoid,pinch_sweep_size_rand_sinusoid-20260624-142357,TesolloCubePinch,TesolloCubePinch-20260624-184508-cubepinch_sb_propriodelta_s7,proprio.delta,cubepinch_sb_propriodelta_s7,7,det,36,11,80,0.1375,ok,3682863
pinch_sinusoid,pinch_sweep_size_rand_sinusoid-20260624-142357,TesolloCubePinch,TesolloCubePinch-20260624-184508-cubepinch_sb_propriodelta_s7,proprio.delta,cubepinch_sb_propriodelta_s7,7,det,37,24,80,0.3,ok,3682863
pinch_sinusoid,pinch_sweep_size_rand_sinusoid-20260624-142357,TesolloCubePinch,TesolloCubePinch-20260624-184508-cubepinch_sb_propriodelta_s7,proprio.delta,cubepinch_sb_propriodelta_s7,7,det,38,0,80,0.0,ok,3682863
pinch_sinusoid,pinch_sweep_size_rand_sinusoid-20260624-142357,TesolloCubePinch,TesolloCubePinch-20260624-184508-cubepinch_sb_propriodelta_s7,proprio.delta,cubepinch_sb_propriodelta_s7,7,det,39,34,80,0.425,ok,3682863
pinch_sinusoid,pinch_sweep_size_rand_sinusoid-20260624-142357,TesolloCubePinch,TesolloCubePinch-20260624-184508-cubepinch_sb_propriodelta_s7,proprio.delta,cubepinch_sb_propriodelta_s7,7,det,40,19,80,0.2375,ok,3682863
pinch_sinusoid,pinch_sweep_size_rand_sinusoid-20260624-142357,TesolloCubePinch,TesolloCubePinch-20260624-184508-cubepinch_sb_propriodelta_s7,proprio.delta,cubepinch_sb_propriodelta_s7,7,det,41,12,80,0.15,ok,3682863
pinch_sinusoid,pinch_sweep_size_rand_sinusoid-20260624-142357,TesolloCubePinch,TesolloCubePinch-20260624-184508-cubepinch_sb_propriodelta_s7,proprio.delta,cubepinch_sb_propriodelta_s7,7,det,42,13,80,0.1625,ok,3682863
pinch_sinusoid,pinch_sweep_size_rand_sinusoid-20260624-142357,TesolloCubePinch,TesolloCubePinch-20260624-184508-cubepinch_sb_propriodelta_s7,proprio.delta,cubepinch_sb_propriodelta_s7,7,det,43,2,80,0.025,ok,3682863
pinch_sinusoid,pinch_sweep_size_rand_sinusoid-20260624-142357,TesolloCubePinch,TesolloCubePinch-20260624-184508-cubepinch_sb_propriodelta_s7,proprio.delta,cubepinch_sb_propriodelta_s7,7,det,44,18,80,0.225,ok,3682863
pinch_sinusoid,pinch_sweep_size_rand_sinusoid-20260624-142357,TesolloCubePinch,TesolloCubePinch-20260624-184508-cubepinch_sb_propriodelta_s7,proprio.delta,cubepinch_sb_propriodelta_s7,7,det,45,7,80,0.0875,ok,3682863
pinch_sinusoid,pinch_sweep_size_rand_sinusoid-20260624-142357,TesolloCubePinch,TesolloCubePinch-20260624-184508-cubepinch_sb_propriodelta_s7,proprio.delta,cubepinch_sb_propriodelta_s7,7,det,46,9,80,0.1125,ok,3682863
pinch_sinusoid,pinch_sweep_size_rand_sinusoid-20260624-142357,TesolloCubePinch,TesolloCubePinch-20260624-184508-cubepinch_sb_propriodelta_s7,proprio.delta,cubepinch_sb_propriodelta_s7,7,det,47,1,80,0.0125,ok,3682863
pinch_sinusoid,pinch_sweep_size_rand_sinusoid-20260624-142357,TesolloCubePinch,TesolloCubePinch-20260624-184508-cubepinch_sb_propriodelta_s7,proprio.delta,cubepinch_sb_propriodelta_s7,7,det,48,0,80,0.0,ok,3682863
pinch_sinusoid,pinch_sweep_size_rand_sinusoid-20260624-142357,TesolloCubePinch,TesolloCubePinch-20260624-184508-cubepinch_sb_propriodelta_s7,proprio.delta,cubepinch_sb_propriodelta_s7,7,det,49,7,80,0.0875,ok,3682863
pinch_sinusoid,pinch_sweep_size_rand_sinusoid-20260624-142357,TesolloCubePinch,TesolloCubePinch-20260624-184508-cubepinch_sb_propriodelta_s7,proprio.delta,cubepinch_sb_propriodelta_s7,7,det,50,19,80,0.2375,ok,3682863
pinch_sinusoid,pinch_sweep_size_rand_sinusoid-20260624-142357,TesolloCubePinch,TesolloCubePinch-20260624-184508-cubepinch_sb_propriodelta_s7,proprio.delta,cubepinch_sb_propriodelta_s7,7,det,51,0,80,0.0,ok,3682863
pinch_sinusoid,pinch_sweep_size_rand_sinusoid-20260624-142357,TesolloCubePinch,TesolloCubePinch-20260624-184508-cubepinch_sb_propriodelta_s7,proprio.delta,cubepinch_sb_propriodelta_s7,7,det,52,0,80,0.0,ok,3682863
pinch_sinusoid,pinch_sweep_size_rand_sinusoid-20260624-142357,TesolloCubePinch,TesolloCubePinch-20260624-184508-cubepinch_sb_propriodelta_s7,proprio.delta,cubepinch_sb_propriodelta_s7,7,det,53,0,80,0.0,ok,3682863
pinch_sinusoid,pinch_sweep_size_rand_sinusoid-20260624-142357,TesolloCubePinch,TesolloCubePinch-20260624-184508-cubepinch_sb_propriodelta_s7,proprio.delta,cubepinch_sb_propriodelta_s7,7,det,54,29,80,0.3625,ok,3682863
pinch_sinusoid,pinch_sweep_size_rand_sinusoid-20260624-142357,TesolloCubePinch,TesolloCubePinch-20260624-184508-cubepinch_sb_propriodelta_s7,proprio.delta,cubepinch_sb_propriodelta_s7,7,det,55,6,80,0.075,ok,3682863
pinch_sinusoid,pinch_sweep_size_rand_sinusoid-20260624-142357,TesolloCubePinch,TesolloCubePinch-20260624-184508-cubepinch_sb_propriodelta_s7,proprio.delta,cubepinch_sb_propriodelta_s7,7,det,56,12,80,0.15,ok,3682863
pinch_sinusoid,pinch_sweep_size_rand_sinusoid-20260624-142357,TesolloCubePinch,TesolloCubePinch-20260624-184508-cubepinch_sb_propriodelta_s7,proprio.delta,cubepinch_sb_propriodelta_s7,7,det,57,25,80,0.3125,ok,3682863
pinch_sinusoid,pinch_sweep_size_rand_sinusoid-20260624-142357,TesolloCubePinch,TesolloCubePinch-20260624-184508-cubepinch_sb_propriodelta_s7,proprio.delta,cubepinch_sb_propriodelta_s7,7,det,58,8,80,0.1,ok,3682863
pinch_sinusoid,pinch_sweep_size_rand_sinusoid-20260624-142357,TesolloCubePinch,TesolloCubePinch-20260624-184508-cubepinch_sb_propriodelta_s7,proprio.delta,cubepinch_sb_propriodelta_s7,7,det,59,10,80,0.125,ok,3682863
pinch_sinusoid,pinch_sweep_size_rand_sinusoid-20260624-142357,TesolloCubePinch,TesolloCubePinch-20260624-184508-cubepinch_sb_propriodelta_s7,proprio.delta,cubepinch_sb_propriodelta_s7,7,det,60,0,80,0.0,ok,3682863
pinch_sinusoid,pinch_sweep_size_rand_sinusoid-20260624-142357,TesolloCubePinch,TesolloCubePinch-20260624-184508-cubepinch_sb_propriodelta_s7,proprio.delta,cubepinch_sb_propriodelta_s7,7,det,61,0,80,0.0,ok,3682863
pinch_sinusoid,pinch_sweep_size_rand_sinusoid-20260624-142357,TesolloCubePinch,TesolloCubePinch-20260624-184508-cubepinch_sb_propriodelta_s7,proprio.delta,cubepinch_sb_propriodelta_s7,7,det,62,0,80,0.0,ok,3682863
pinch_sinusoid,pinch_sweep_size_rand_sinusoid-20260624-142357,TesolloCubePinch,TesolloCubePinch-20260624-184508-cubepinch_sb_propriodelta_s7,proprio.delta,cubepinch_sb_propriodelta_s7,7,det,63,9,80,0.1125,ok,3682863
pinch_sinusoid,pinch_sweep_size_rand_sinusoid-20260624-142357,TesolloCubePinch,TesolloCubePinch-20260624-184508-cubepinch_sb_propriodelta_s7,proprio.delta,cubepinch_sb_propriodelta_s7,7,det,64,2,80,0.025,ok,3682863
pinch_sinusoid,pinch_sweep_size_rand_sinusoid-20260624-142357,TesolloCubePinch,TesolloCubePinch-20260624-184508-cubepinch_sb_propriodelta_s7,proprio.delta,cubepinch_sb_propriodelta_s7,7,det,65,6,80,0.075,ok,3682863
pinch_sinusoid,pinch_sweep_size_rand_sinusoid-20260624-142357,TesolloCubePinch,TesolloCubePinch-20260624-184508-cubepinch_sb_propriodelta_s7,proprio.delta,cubepinch_sb_propriodelta_s7,7,det,66,4,80,0.05,ok,3682863
pinch_sinusoid,pinch_sweep_size_rand_sinusoid-20260624-142357,TesolloCubePinch,TesolloCubePinch-20260624-184508-cubepinch_sb_propriodelta_s7,proprio.delta,cubepinch_sb_propriodelta_s7,7,det,67,8,80,0.1,ok,3682863
pinch_sinusoid,pinch_sweep_size_rand_sinusoid-20260624-142357,TesolloCubePinch,TesolloCubePinch-20260624-184508-cubepinch_sb_propriodelta_s7,proprio.delta,cubepinch_sb_propriodelta_s7,7,det,68,5,80,0.0625,ok,3682863
pinch_sinusoid,pinch_sweep_size_rand_sinusoid-20260624-142357,TesolloCubePinch,TesolloCubePinch-20260624-184508-cubepinch_sb_propriodelta_s7,proprio.delta,cubepinch_sb_propriodelta_s7,7,det,69,8,80,0.1,ok,3682863
pinch_sinusoid,pinch_sweep_size_rand_sinusoid-20260624-142357,TesolloCubePinch,TesolloCubePinch-20260624-184508-cubepinch_sb_propriodelta_s7,proprio.delta,cubepinch_sb_propriodelta_s7,7,det,70,0,80,0.0,ok,3682863
pinch_sinusoid,pinch_sweep_size_rand_sinusoid-20260624-142357,TesolloCubePinch,TesolloCubePinch-20260624-184508-cubepinch_sb_propriodelta_s7,proprio.delta,cubepinch_sb_propriodelta_s7,7,det,71,7,80,0.0875,ok,3682863
pinch_sinusoid,pinch_sweep_size_rand_sinusoid-20260624-142357,TesolloCubePinch,TesolloCubePinch-20260624-184508-cubepinch_sb_propriodelta_s7,proprio.delta,cubepinch_sb_propriodelta_s7,7,det,72,3,80,0.0375,ok,3682863
pinch_sinusoid,pinch_sweep_size_rand_sinusoid-20260624-142357,TesolloCubePinch,TesolloCubePinch-20260624-184508-cubepinch_sb_propriodelta_s7,proprio.delta,cubepinch_sb_propriodelta_s7,7,det,73,11,80,0.1375,ok,3682863
pinch_sinusoid,pinch_sweep_size_rand_sinusoid-20260624-142357,TesolloCubePinch,TesolloCubePinch-20260624-184508-cubepinch_sb_propriodelta_s7,proprio.delta,cubepinch_sb_propriodelta_s7,7,det,74,8,80,0.1,ok,3682863
pinch_sinusoid,pinch_sweep_size_rand_sinusoid-20260624-142357,TesolloCubePinch,TesolloCubePinch-20260624-184508-cubepinch_sb_propriodelta_s7,proprio.delta,cubepinch_sb_propriodelta_s7,7,det,75,13,80,0.1625,ok,3682863
pinch_sinusoid,pinch_sweep_size_rand_sinusoid-20260624-142357,TesolloCubePinch,TesolloCubePinch-20260624-184508-cubepinch_sb_propriodelta_s7,proprio.delta,cubepinch_sb_propriodelta_s7,7,det,76,6,80,0.075,ok,3682863
pinch_sinusoid,pinch_sweep_size_rand_sinusoid-20260624-142357,TesolloCubePinch,TesolloCubePinch-20260624-184508-cubepinch_sb_propriodelta_s7,proprio.delta,cubepinch_sb_propriodelta_s7,7,det,77,1,80,0.0125,ok,3682863
pinch_sinusoid,pinch_sweep_size_rand_sinusoid-20260624-142357,TesolloCubePinch,TesolloCubePinch-20260624-184508-cubepinch_sb_propriodelta_s7,proprio.delta,cubepinch_sb_propriodelta_s7,7,det,78,1,80,0.0125,ok,3682863
pinch_sinusoid,pinch_sweep_size_rand_sinusoid-20260624-142357,TesolloCubePinch,TesolloCubePinch-20260624-184508-cubepinch_sb_propriodelta_s7,proprio.delta,cubepinch_sb_propriodelta_s7,7,det,79,20,80,0.25,ok,3682863
pinch_sinusoid,pinch_sweep_size_rand_sinusoid-20260624-142357,TesolloCubePinch,TesolloCubePinch-20260624-184508-cubepinch_sb_propriodelta_s7,proprio.delta,cubepinch_sb_propriodelta_s7,7,det,80,15,80,0.1875,ok,3682863
pinch_sinusoid,pinch_sweep_size_rand_sinusoid-20260624-142357,TesolloCubePinch,TesolloCubePinch-20260624-184508-cubepinch_sb_propriodelta_s7,proprio.delta,cubepinch_sb_propriodelta_s7,7,det,81,2,80,0.025,ok,3682863
pinch_sinusoid,pinch_sweep_size_rand_sinusoid-20260624-142357,TesolloCubePinch,TesolloCubePinch-20260624-184508-cubepinch_sb_propriodelta_s7,proprio.delta,cubepinch_sb_propriodelta_s7,7,det,82,0,80,0.0,ok,3682863
pinch_sinusoid,pinch_sweep_size_rand_sinusoid-20260624-142357,TesolloCubePinch,TesolloCubePinch-20260624-184508-cubepinch_sb_propriodelta_s7,proprio.delta,cubepinch_sb_propriodelta_s7,7,det,83,0,80,0.0,ok,3682863
pinch_sinusoid,pinch_sweep_size_rand_sinusoid-20260624-142357,TesolloCubePinch,TesolloCubePinch-20260624-184508-cubepinch_sb_propriodelta_s7,proprio.delta,cubepinch_sb_propriodelta_s7,7,det,84,0,80,0.0,ok,3682863
pinch_sinusoid,pinch_sweep_size_rand_sinusoid-20260624-142357,TesolloCubePinch,TesolloCubePinch-20260624-184508-cubepinch_sb_propriodelta_s7,proprio.delta,cubepinch_sb_propriodelta_s7,7,det,85,5,80,0.0625,ok,3682863
pinch_sinusoid,pinch_sweep_size_rand_sinusoid-20260624-142357,TesolloCubePinch,TesolloCubePinch-20260624-184508-cubepinch_sb_propriodelta_s7,proprio.delta,cubepinch_sb_propriodelta_s7,7,det,86,14,80,0.175,ok,3682863
pinch_sinusoid,pinch_sweep_size_rand_sinusoid-20260624-142357,TesolloCubePinch,TesolloCubePinch-20260624-184508-cubepinch_sb_propriodelta_s7,proprio.delta,cubepinch_sb_propriodelta_s7,7,det,87,11,80,0.1375,ok,3682863
pinch_sinusoid,pinch_sweep_size_rand_sinusoid-20260624-142357,TesolloCubePinch,TesolloCubePinch-20260624-184508-cubepinch_sb_propriodelta_s7,proprio.delta,cubepinch_sb_propriodelta_s7,7,det,88,0,80,0.0,ok,3682863
pinch_sinusoid,pinch_sweep_size_rand_sinusoid-20260624-142357,TesolloCubePinch,TesolloCubePinch-20260624-184508-cubepinch_sb_propriodelta_s7,proprio.delta,cubepinch_sb_propriodelta_s7,7,det,89,0,80,0.0,ok,3682863
pinch_sinusoid,pinch_sweep_size_rand_sinusoid-20260624-142357,TesolloCubePinch,TesolloCubePinch-20260624-184508-cubepinch_sb_propriodelta_s7,proprio.delta,cubepinch_sb_propriodelta_s7,7,det,90,3,80,0.0375,ok,3682863
pinch_sinusoid,pinch_sweep_size_rand_sinusoid-20260624-142357,TesolloCubePinch,TesolloCubePinch-20260624-184508-cubepinch_sb_propriodelta_s7,proprio.delta,cubepinch_sb_propriodelta_s7,7,det,91,5,80,0.0625,ok,3682863
pinch_sinusoid,pinch_sweep_size_rand_sinusoid-20260624-142357,TesolloCubePinch,TesolloCubePinch-20260624-184508-cubepinch_sb_propriodelta_s7,proprio.delta,cubepinch_sb_propriodelta_s7,7,det,92,2,80,0.025,ok,3682863
pinch_sinusoid,pinch_sweep_size_rand_sinusoid-20260624-142357,TesolloCubePinch,TesolloCubePinch-20260624-184508-cubepinch_sb_propriodelta_s7,proprio.delta,cubepinch_sb_propriodelta_s7,7,det,93,27,80,0.3375,ok,3682863
pinch_sinusoid,pinch_sweep_size_rand_sinusoid-20260624-142357,TesolloCubePinch,TesolloCubePinch-20260624-184508-cubepinch_sb_propriodelta_s7,proprio.delta,cubepinch_sb_propriodelta_s7,7,det,94,7,80,0.0875,ok,3682863
pinch_sinusoid,pinch_sweep_size_rand_sinusoid-20260624-142357,TesolloCubePinch,TesolloCubePinch-20260624-184508-cubepinch_sb_propriodelta_s7,proprio.delta,cubepinch_sb_propriodelta_s7,7,det,95,1,80,0.0125,ok,3682863
pinch_sinusoid,pinch_sweep_size_rand_sinusoid-20260624-142357,TesolloCubePinch,TesolloCubePinch-20260624-184508-cubepinch_sb_propriodelta_s7,proprio.delta,cubepinch_sb_propriodelta_s7,7,det,96,3,80,0.0375,ok,3682863
pinch_sinusoid,pinch_sweep_size_rand_sinusoid-20260624-142357,TesolloCubePinch,TesolloCubePinch-20260624-184508-cubepinch_sb_propriodelta_s7,proprio.delta,cubepinch_sb_propriodelta_s7,7,det,97,4,80,0.05,ok,3682863
pinch_sinusoid,pinch_sweep_size_rand_sinusoid-20260624-142357,TesolloCubePinch,TesolloCubePinch-20260624-184508-cubepinch_sb_propriodelta_s7,proprio.delta,cubepinch_sb_propriodelta_s7,7,det,98,15,80,0.1875,ok,3682863
pinch_sinusoid,pinch_sweep_size_rand_sinusoid-20260624-142357,TesolloCubePinch,TesolloCubePinch-20260624-184508-cubepinch_sb_propriodelta_s7,proprio.delta,cubepinch_sb_propriodelta_s7,7,det,99,5,80,0.0625,ok,3682863
pinch_sinusoid,pinch_sweep_size_rand_sinusoid-20260624-142357,TesolloCubePinch,TesolloCubePinch-20260624-190210-cubepinch_sb_propriodelta_s8,proprio.delta,cubepinch_sb_propriodelta_s8,8,det,0,38,80,0.475,ok,3682863
pinch_sinusoid,pinch_sweep_size_rand_sinusoid-20260624-142357,TesolloCubePinch,TesolloCubePinch-20260624-190210-cubepinch_sb_propriodelta_s8,proprio.delta,cubepinch_sb_propriodelta_s8,8,det,1,29,80,0.3625,ok,3682863
pinch_sinusoid,pinch_sweep_size_rand_sinusoid-20260624-142357,TesolloCubePinch,TesolloCubePinch-20260624-190210-cubepinch_sb_propriodelta_s8,proprio.delta,cubepinch_sb_propriodelta_s8,8,det,2,29,80,0.3625,ok,3682863
pinch_sinusoid,pinch_sweep_size_rand_sinusoid-20260624-142357,TesolloCubePinch,TesolloCubePinch-20260624-190210-cubepinch_sb_propriodelta_s8,proprio.delta,cubepinch_sb_propriodelta_s8,8,det,3,25,80,0.3125,ok,3682863
pinch_sinusoid,pinch_sweep_size_rand_sinusoid-20260624-142357,TesolloCubePinch,TesolloCubePinch-20260624-190210-cubepinch_sb_propriodelta_s8,proprio.delta,cubepinch_sb_propriodelta_s8,8,det,4,48,80,0.6,ok,3682863
pinch_sinusoid,pinch_sweep_size_rand_sinusoid-20260624-142357,TesolloCubePinch,TesolloCubePinch-20260624-190210-cubepinch_sb_propriodelta_s8,proprio.delta,cubepinch_sb_propriodelta_s8,8,det,5,43,80,0.5375,ok,3682863
pinch_sinusoid,pinch_sweep_size_rand_sinusoid-20260624-142357,TesolloCubePinch,TesolloCubePinch-20260624-190210-cubepinch_sb_propriodelta_s8,proprio.delta,cubepinch_sb_propriodelta_s8,8,det,6,34,80,0.425,ok,3682863
pinch_sinusoid,pinch_sweep_size_rand_sinusoid-20260624-142357,TesolloCubePinch,TesolloCubePinch-20260624-190210-cubepinch_sb_propriodelta_s8,proprio.delta,cubepinch_sb_propriodelta_s8,8,det,7,47,80,0.5875,ok,3682863
pinch_sinusoid,pinch_sweep_size_rand_sinusoid-20260624-142357,TesolloCubePinch,TesolloCubePinch-20260624-190210-cubepinch_sb_propriodelta_s8,proprio.delta,cubepinch_sb_propriodelta_s8,8,det,8,41,80,0.5125,ok,3682863
pinch_sinusoid,pinch_sweep_size_rand_sinusoid-20260624-142357,TesolloCubePinch,TesolloCubePinch-20260624-190210-cubepinch_sb_propriodelta_s8,proprio.delta,cubepinch_sb_propriodelta_s8,8,det,9,36,80,0.45,ok,3682863
pinch_sinusoid,pinch_sweep_size_rand_sinusoid-20260624-142357,TesolloCubePinch,TesolloCubePinch-20260624-190210-cubepinch_sb_propriodelta_s8,proprio.delta,cubepinch_sb_propriodelta_s8,8,det,10,46,80,0.575,ok,3682863
pinch_sinusoid,pinch_sweep_size_rand_sinusoid-20260624-142357,TesolloCubePinch,TesolloCubePinch-20260624-190210-cubepinch_sb_propriodelta_s8,proprio.delta,cubepinch_sb_propriodelta_s8,8,det,11,33,80,0.4125,ok,3682863
pinch_sinusoid,pinch_sweep_size_rand_sinusoid-20260624-142357,TesolloCubePinch,TesolloCubePinch-20260624-190210-cubepinch_sb_propriodelta_s8,proprio.delta,cubepinch_sb_propriodelta_s8,8,det,12,46,80,0.575,ok,3682863
pinch_sinusoid,pinch_sweep_size_rand_sinusoid-20260624-142357,TesolloCubePinch,TesolloCubePinch-20260624-190210-cubepinch_sb_propriodelta_s8,proprio.delta,cubepinch_sb_propriodelta_s8,8,det,13,31,80,0.3875,ok,3682863
pinch_sinusoid,pinch_sweep_size_rand_sinusoid-20260624-142357,TesolloCubePinch,TesolloCubePinch-20260624-190210-cubepinch_sb_propriodelta_s8,proprio.delta,cubepinch_sb_propriodelta_s8,8,det,14,37,80,0.4625,ok,3682863
pinch_sinusoid,pinch_sweep_size_rand_sinusoid-20260624-142357,TesolloCubePinch,TesolloCubePinch-20260624-190210-cubepinch_sb_propriodelta_s8,proprio.delta,cubepinch_sb_propriodelta_s8,8,det,15,34,80,0.425,ok,3682863
pinch_sinusoid,pinch_sweep_size_rand_sinusoid-20260624-142357,TesolloCubePinch,TesolloCubePinch-20260624-190210-cubepinch_sb_propriodelta_s8,proprio.delta,cubepinch_sb_propriodelta_s8,8,det,16,34,80,0.425,ok,3682863
pinch_sinusoid,pinch_sweep_size_rand_sinusoid-20260624-142357,TesolloCubePinch,TesolloCubePinch-20260624-190210-cubepinch_sb_propriodelta_s8,proprio.delta,cubepinch_sb_propriodelta_s8,8,det,17,51,80,0.6375,ok,3682863
pinch_sinusoid,pinch_sweep_size_rand_sinusoid-20260624-142357,TesolloCubePinch,TesolloCubePinch-20260624-190210-cubepinch_sb_propriodelta_s8,proprio.delta,cubepinch_sb_propriodelta_s8,8,det,18,39,80,0.4875,ok,3682863
pinch_sinusoid,pinch_sweep_size_rand_sinusoid-20260624-142357,TesolloCubePinch,TesolloCubePinch-20260624-190210-cubepinch_sb_propriodelta_s8,proprio.delta,cubepinch_sb_propriodelta_s8,8,det,19,30,80,0.375,ok,3682863
pinch_sinusoid,pinch_sweep_size_rand_sinusoid-20260624-142357,TesolloCubePinch,TesolloCubePinch-20260624-190210-cubepinch_sb_propriodelta_s8,proprio.delta,cubepinch_sb_propriodelta_s8,8,det,20,36,80,0.45,ok,3682863
pinch_sinusoid,pinch_sweep_size_rand_sinusoid-20260624-142357,TesolloCubePinch,TesolloCubePinch-20260624-190210-cubepinch_sb_propriodelta_s8,proprio.delta,cubepinch_sb_propriodelta_s8,8,det,21,28,80,0.35,ok,3682863
pinch_sinusoid,pinch_sweep_size_rand_sinusoid-20260624-142357,TesolloCubePinch,TesolloCubePinch-20260624-190210-cubepinch_sb_propriodelta_s8,proprio.delta,cubepinch_sb_propriodelta_s8,8,det,22,37,80,0.4625,ok,3682863
pinch_sinusoid,pinch_sweep_size_rand_sinusoid-20260624-142357,TesolloCubePinch,TesolloCubePinch-20260624-190210-cubepinch_sb_propriodelta_s8,proprio.delta,cubepinch_sb_propriodelta_s8,8,det,23,34,80,0.425,ok,3682863
pinch_sinusoid,pinch_sweep_size_rand_sinusoid-20260624-142357,TesolloCubePinch,TesolloCubePinch-20260624-190210-cubepinch_sb_propriodelta_s8,proprio.delta,cubepinch_sb_propriodelta_s8,8,det,24,48,80,0.6,ok,3682863
pinch_sinusoid,pinch_sweep_size_rand_sinusoid-20260624-142357,TesolloCubePinch,TesolloCubePinch-20260624-190210-cubepinch_sb_propriodelta_s8,proprio.delta,cubepinch_sb_propriodelta_s8,8,det,25,48,80,0.6,ok,3682863
pinch_sinusoid,pinch_sweep_size_rand_sinusoid-20260624-142357,TesolloCubePinch,TesolloCubePinch-20260624-190210-cubepinch_sb_propriodelta_s8,proprio.delta,cubepinch_sb_propriodelta_s8,8,det,26,25,80,0.3125,ok,3682863
pinch_sinusoid,pinch_sweep_size_rand_sinusoid-20260624-142357,TesolloCubePinch,TesolloCubePinch-20260624-190210-cubepinch_sb_propriodelta_s8,proprio.delta,cubepinch_sb_propriodelta_s8,8,det,27,41,80,0.5125,ok,3682863
pinch_sinusoid,pinch_sweep_size_rand_sinusoid-20260624-142357,TesolloCubePinch,TesolloCubePinch-20260624-190210-cubepinch_sb_propriodelta_s8,proprio.delta,cubepinch_sb_propriodelta_s8,8,det,28,37,80,0.4625,ok,3682863
pinch_sinusoid,pinch_sweep_size_rand_sinusoid-20260624-142357,TesolloCubePinch,TesolloCubePinch-20260624-190210-cubepinch_sb_propriodelta_s8,proprio.delta,cubepinch_sb_propriodelta_s8,8,det,29,24,80,0.3,ok,3682863
pinch_sinusoid,pinch_sweep_size_rand_sinusoid-20260624-142357,TesolloCubePinch,TesolloCubePinch-20260624-190210-cubepinch_sb_propriodelta_s8,proprio.delta,cubepinch_sb_propriodelta_s8,8,det,30,29,80,0.3625,ok,3682863
pinch_sinusoid,pinch_sweep_size_rand_sinusoid-20260624-142357,TesolloCubePinch,TesolloCubePinch-20260624-190210-cubepinch_sb_propriodelta_s8,proprio.delta,cubepinch_sb_propriodelta_s8,8,det,31,34,80,0.425,ok,3682863
pinch_sinusoid,pinch_sweep_size_rand_sinusoid-20260624-142357,TesolloCubePinch,TesolloCubePinch-20260624-190210-cubepinch_sb_propriodelta_s8,proprio.delta,cubepinch_sb_propriodelta_s8,8,det,32,50,80,0.625,ok,3682863
pinch_sinusoid,pinch_sweep_size_rand_sinusoid-20260624-142357,TesolloCubePinch,TesolloCubePinch-20260624-190210-cubepinch_sb_propriodelta_s8,proprio.delta,cubepinch_sb_propriodelta_s8,8,det,33,24,80,0.3,ok,3682863
pinch_sinusoid,pinch_sweep_size_rand_sinusoid-20260624-142357,TesolloCubePinch,TesolloCubePinch-20260624-190210-cubepinch_sb_propriodelta_s8,proprio.delta,cubepinch_sb_propriodelta_s8,8,det,34,46,80,0.575,ok,3682863
pinch_sinusoid,pinch_sweep_size_rand_sinusoid-20260624-142357,TesolloCubePinch,TesolloCubePinch-20260624-190210-cubepinch_sb_propriodelta_s8,proprio.delta,cubepinch_sb_propriodelta_s8,8,det,35,47,80,0.5875,ok,3682863
pinch_sinusoid,pinch_sweep_size_rand_sinusoid-20260624-142357,TesolloCubePinch,TesolloCubePinch-20260624-190210-cubepinch_sb_propriodelta_s8,proprio.delta,cubepinch_sb_propriodelta_s8,8,det,36,37,80,0.4625,ok,3682863
pinch_sinusoid,pinch_sweep_size_rand_sinusoid-20260624-142357,TesolloCubePinch,TesolloCubePinch-20260624-190210-cubepinch_sb_propriodelta_s8,proprio.delta,cubepinch_sb_propriodelta_s8,8,det,37,35,80,0.4375,ok,3682863
pinch_sinusoid,pinch_sweep_size_rand_sinusoid-20260624-142357,TesolloCubePinch,TesolloCubePinch-20260624-190210-cubepinch_sb_propriodelta_s8,proprio.delta,cubepinch_sb_propriodelta_s8,8,det,38,37,80,0.4625,ok,3682863
pinch_sinusoid,pinch_sweep_size_rand_sinusoid-20260624-142357,TesolloCubePinch,TesolloCubePinch-20260624-190210-cubepinch_sb_propriodelta_s8,proprio.delta,cubepinch_sb_propriodelta_s8,8,det,39,48,80,0.6,ok,3682863
pinch_sinusoid,pinch_sweep_size_rand_sinusoid-20260624-142357,TesolloCubePinch,TesolloCubePinch-20260624-190210-cubepinch_sb_propriodelta_s8,proprio.delta,cubepinch_sb_propriodelta_s8,8,det,40,38,80,0.475,ok,3682863
pinch_sinusoid,pinch_sweep_size_rand_sinusoid-20260624-142357,TesolloCubePinch,TesolloCubePinch-20260624-190210-cubepinch_sb_propriodelta_s8,proprio.delta,cubepinch_sb_propriodelta_s8,8,det,41,48,80,0.6,ok,3682863
pinch_sinusoid,pinch_sweep_size_rand_sinusoid-20260624-142357,TesolloCubePinch,TesolloCubePinch-20260624-190210-cubepinch_sb_propriodelta_s8,proprio.delta,cubepinch_sb_propriodelta_s8,8,det,42,44,80,0.55,ok,3682863
pinch_sinusoid,pinch_sweep_size_rand_sinusoid-20260624-142357,TesolloCubePinch,TesolloCubePinch-20260624-190210-cubepinch_sb_propriodelta_s8,proprio.delta,cubepinch_sb_propriodelta_s8,8,det,43,50,80,0.625,ok,3682863
pinch_sinusoid,pinch_sweep_size_rand_sinusoid-20260624-142357,TesolloCubePinch,TesolloCubePinch-20260624-190210-cubepinch_sb_propriodelta_s8,proprio.delta,cubepinch_sb_propriodelta_s8,8,det,44,43,80,0.5375,ok,3682863
pinch_sinusoid,pinch_sweep_size_rand_sinusoid-20260624-142357,TesolloCubePinch,TesolloCubePinch-20260624-190210-cubepinch_sb_propriodelta_s8,proprio.delta,cubepinch_sb_propriodelta_s8,8,det,45,42,80,0.525,ok,3682863
pinch_sinusoid,pinch_sweep_size_rand_sinusoid-20260624-142357,TesolloCubePinch,TesolloCubePinch-20260624-190210-cubepinch_sb_propriodelta_s8,proprio.delta,cubepinch_sb_propriodelta_s8,8,det,46,40,80,0.5,ok,3682863
pinch_sinusoid,pinch_sweep_size_rand_sinusoid-20260624-142357,TesolloCubePinch,TesolloCubePinch-20260624-190210-cubepinch_sb_propriodelta_s8,proprio.delta,cubepinch_sb_propriodelta_s8,8,det,47,48,80,0.6,ok,3682863
pinch_sinusoid,pinch_sweep_size_rand_sinusoid-20260624-142357,TesolloCubePinch,TesolloCubePinch-20260624-190210-cubepinch_sb_propriodelta_s8,proprio.delta,cubepinch_sb_propriodelta_s8,8,det,48,28,80,0.35,ok,3682863
pinch_sinusoid,pinch_sweep_size_rand_sinusoid-20260624-142357,TesolloCubePinch,TesolloCubePinch-20260624-190210-cubepinch_sb_propriodelta_s8,proprio.delta,cubepinch_sb_propriodelta_s8,8,det,49,34,80,0.425,ok,3682863
pinch_sinusoid,pinch_sweep_size_rand_sinusoid-20260624-142357,TesolloCubePinch,TesolloCubePinch-20260624-190210-cubepinch_sb_propriodelta_s8,proprio.delta,cubepinch_sb_propriodelta_s8,8,det,50,18,80,0.225,ok,3682863
pinch_sinusoid,pinch_sweep_size_rand_sinusoid-20260624-142357,TesolloCubePinch,TesolloCubePinch-20260624-190210-cubepinch_sb_propriodelta_s8,proprio.delta,cubepinch_sb_propriodelta_s8,8,det,51,19,80,0.2375,ok,3682863
pinch_sinusoid,pinch_sweep_size_rand_sinusoid-20260624-142357,TesolloCubePinch,TesolloCubePinch-20260624-190210-cubepinch_sb_propriodelta_s8,proprio.delta,cubepinch_sb_propriodelta_s8,8,det,52,31,80,0.3875,ok,3682863
pinch_sinusoid,pinch_sweep_size_rand_sinusoid-20260624-142357,TesolloCubePinch,TesolloCubePinch-20260624-190210-cubepinch_sb_propriodelta_s8,proprio.delta,cubepinch_sb_propriodelta_s8,8,det,53,38,80,0.475,ok,3682863
pinch_sinusoid,pinch_sweep_size_rand_sinusoid-20260624-142357,TesolloCubePinch,TesolloCubePinch-20260624-190210-cubepinch_sb_propriodelta_s8,proprio.delta,cubepinch_sb_propriodelta_s8,8,det,54,37,80,0.4625,ok,3682863
pinch_sinusoid,pinch_sweep_size_rand_sinusoid-20260624-142357,TesolloCubePinch,TesolloCubePinch-20260624-190210-cubepinch_sb_propriodelta_s8,proprio.delta,cubepinch_sb_propriodelta_s8,8,det,55,24,80,0.3,ok,3682863
pinch_sinusoid,pinch_sweep_size_rand_sinusoid-20260624-142357,TesolloCubePinch,TesolloCubePinch-20260624-190210-cubepinch_sb_propriodelta_s8,proprio.delta,cubepinch_sb_propriodelta_s8,8,det,56,40,80,0.5,ok,3682863
pinch_sinusoid,pinch_sweep_size_rand_sinusoid-20260624-142357,TesolloCubePinch,TesolloCubePinch-20260624-190210-cubepinch_sb_propriodelta_s8,proprio.delta,cubepinch_sb_propriodelta_s8,8,det,57,42,80,0.525,ok,3682863
pinch_sinusoid,pinch_sweep_size_rand_sinusoid-20260624-142357,TesolloCubePinch,TesolloCubePinch-20260624-190210-cubepinch_sb_propriodelta_s8,proprio.delta,cubepinch_sb_propriodelta_s8,8,det,58,48,80,0.6,ok,3682863
pinch_sinusoid,pinch_sweep_size_rand_sinusoid-20260624-142357,TesolloCubePinch,TesolloCubePinch-20260624-190210-cubepinch_sb_propriodelta_s8,proprio.delta,cubepinch_sb_propriodelta_s8,8,det,59,43,80,0.5375,ok,3682863
pinch_sinusoid,pinch_sweep_size_rand_sinusoid-20260624-142357,TesolloCubePinch,TesolloCubePinch-20260624-190210-cubepinch_sb_propriodelta_s8,proprio.delta,cubepinch_sb_propriodelta_s8,8,det,60,50,80,0.625,ok,3682863
pinch_sinusoid,pinch_sweep_size_rand_sinusoid-20260624-142357,TesolloCubePinch,TesolloCubePinch-20260624-190210-cubepinch_sb_propriodelta_s8,proprio.delta,cubepinch_sb_propriodelta_s8,8,det,61,33,80,0.4125,ok,3682863
pinch_sinusoid,pinch_sweep_size_rand_sinusoid-20260624-142357,TesolloCubePinch,TesolloCubePinch-20260624-190210-cubepinch_sb_propriodelta_s8,proprio.delta,cubepinch_sb_propriodelta_s8,8,det,62,38,80,0.475,ok,3682863
pinch_sinusoid,pinch_sweep_size_rand_sinusoid-20260624-142357,TesolloCubePinch,TesolloCubePinch-20260624-190210-cubepinch_sb_propriodelta_s8,proprio.delta,cubepinch_sb_propriodelta_s8,8,det,63,36,80,0.45,ok,3682863
pinch_sinusoid,pinch_sweep_size_rand_sinusoid-20260624-142357,TesolloCubePinch,TesolloCubePinch-20260624-190210-cubepinch_sb_propriodelta_s8,proprio.delta,cubepinch_sb_propriodelta_s8,8,det,64,36,80,0.45,ok,3682863
pinch_sinusoid,pinch_sweep_size_rand_sinusoid-20260624-142357,TesolloCubePinch,TesolloCubePinch-20260624-190210-cubepinch_sb_propriodelta_s8,proprio.delta,cubepinch_sb_propriodelta_s8,8,det,65,26,80,0.325,ok,3682863
pinch_sinusoid,pinch_sweep_size_rand_sinusoid-20260624-142357,TesolloCubePinch,TesolloCubePinch-20260624-190210-cubepinch_sb_propriodelta_s8,proprio.delta,cubepinch_sb_propriodelta_s8,8,det,66,31,80,0.3875,ok,3682863
pinch_sinusoid,pinch_sweep_size_rand_sinusoid-20260624-142357,TesolloCubePinch,TesolloCubePinch-20260624-190210-cubepinch_sb_propriodelta_s8,proprio.delta,cubepinch_sb_propriodelta_s8,8,det,67,39,80,0.4875,ok,3682863
pinch_sinusoid,pinch_sweep_size_rand_sinusoid-20260624-142357,TesolloCubePinch,TesolloCubePinch-20260624-190210-cubepinch_sb_propriodelta_s8,proprio.delta,cubepinch_sb_propriodelta_s8,8,det,68,50,80,0.625,ok,3682863
pinch_sinusoid,pinch_sweep_size_rand_sinusoid-20260624-142357,TesolloCubePinch,TesolloCubePinch-20260624-190210-cubepinch_sb_propriodelta_s8,proprio.delta,cubepinch_sb_propriodelta_s8,8,det,69,40,80,0.5,ok,3682863
pinch_sinusoid,pinch_sweep_size_rand_sinusoid-20260624-142357,TesolloCubePinch,TesolloCubePinch-20260624-190210-cubepinch_sb_propriodelta_s8,proprio.delta,cubepinch_sb_propriodelta_s8,8,det,70,23,80,0.2875,ok,3682863
pinch_sinusoid,pinch_sweep_size_rand_sinusoid-20260624-142357,TesolloCubePinch,TesolloCubePinch-20260624-190210-cubepinch_sb_propriodelta_s8,proprio.delta,cubepinch_sb_propriodelta_s8,8,det,71,43,80,0.5375,ok,3682863
pinch_sinusoid,pinch_sweep_size_rand_sinusoid-20260624-142357,TesolloCubePinch,TesolloCubePinch-20260624-190210-cubepinch_sb_propriodelta_s8,proprio.delta,cubepinch_sb_propriodelta_s8,8,det,72,47,80,0.5875,ok,3682863
pinch_sinusoid,pinch_sweep_size_rand_sinusoid-20260624-142357,TesolloCubePinch,TesolloCubePinch-20260624-190210-cubepinch_sb_propriodelta_s8,proprio.delta,cubepinch_sb_propriodelta_s8,8,det,73,47,80,0.5875,ok,3682863
pinch_sinusoid,pinch_sweep_size_rand_sinusoid-20260624-142357,TesolloCubePinch,TesolloCubePinch-20260624-190210-cubepinch_sb_propriodelta_s8,proprio.delta,cubepinch_sb_propriodelta_s8,8,det,74,50,80,0.625,ok,3682863
pinch_sinusoid,pinch_sweep_size_rand_sinusoid-20260624-142357,TesolloCubePinch,TesolloCubePinch-20260624-190210-cubepinch_sb_propriodelta_s8,proprio.delta,cubepinch_sb_propriodelta_s8,8,det,75,38,80,0.475,ok,3682863
pinch_sinusoid,pinch_sweep_size_rand_sinusoid-20260624-142357,TesolloCubePinch,TesolloCubePinch-20260624-190210-cubepinch_sb_propriodelta_s8,proprio.delta,cubepinch_sb_propriodelta_s8,8,det,76,45,80,0.5625,ok,3682863
pinch_sinusoid,pinch_sweep_size_rand_sinusoid-20260624-142357,TesolloCubePinch,TesolloCubePinch-20260624-190210-cubepinch_sb_propriodelta_s8,proprio.delta,cubepinch_sb_propriodelta_s8,8,det,77,25,80,0.3125,ok,3682863
pinch_sinusoid,pinch_sweep_size_rand_sinusoid-20260624-142357,TesolloCubePinch,TesolloCubePinch-20260624-190210-cubepinch_sb_propriodelta_s8,proprio.delta,cubepinch_sb_propriodelta_s8,8,det,78,18,80,0.225,ok,3682863
pinch_sinusoid,pinch_sweep_size_rand_sinusoid-20260624-142357,TesolloCubePinch,TesolloCubePinch-20260624-190210-cubepinch_sb_propriodelta_s8,proprio.delta,cubepinch_sb_propriodelta_s8,8,det,79,47,80,0.5875,ok,3682863
pinch_sinusoid,pinch_sweep_size_rand_sinusoid-20260624-142357,TesolloCubePinch,TesolloCubePinch-20260624-190210-cubepinch_sb_propriodelta_s8,proprio.delta,cubepinch_sb_propriodelta_s8,8,det,80,45,80,0.5625,ok,3682863
pinch_sinusoid,pinch_sweep_size_rand_sinusoid-20260624-142357,TesolloCubePinch,TesolloCubePinch-20260624-190210-cubepinch_sb_propriodelta_s8,proprio.delta,cubepinch_sb_propriodelta_s8,8,det,81,31,80,0.3875,ok,3682863
pinch_sinusoid,pinch_sweep_size_rand_sinusoid-20260624-142357,TesolloCubePinch,TesolloCubePinch-20260624-190210-cubepinch_sb_propriodelta_s8,proprio.delta,cubepinch_sb_propriodelta_s8,8,det,82,27,80,0.3375,ok,3682863
pinch_sinusoid,pinch_sweep_size_rand_sinusoid-20260624-142357,TesolloCubePinch,TesolloCubePinch-20260624-190210-cubepinch_sb_propriodelta_s8,proprio.delta,cubepinch_sb_propriodelta_s8,8,det,83,32,80,0.4,ok,3682863
pinch_sinusoid,pinch_sweep_size_rand_sinusoid-20260624-142357,TesolloCubePinch,TesolloCubePinch-20260624-190210-cubepinch_sb_propriodelta_s8,proprio.delta,cubepinch_sb_propriodelta_s8,8,det,84,48,80,0.6,ok,3682863
pinch_sinusoid,pinch_sweep_size_rand_sinusoid-20260624-142357,TesolloCubePinch,TesolloCubePinch-20260624-190210-cubepinch_sb_propriodelta_s8,proprio.delta,cubepinch_sb_propriodelta_s8,8,det,85,23,80,0.2875,ok,3682863
pinch_sinusoid,pinch_sweep_size_rand_sinusoid-20260624-142357,TesolloCubePinch,TesolloCubePinch-20260624-190210-cubepinch_sb_propriodelta_s8,proprio.delta,cubepinch_sb_propriodelta_s8,8,det,86,49,80,0.6125,ok,3682863
pinch_sinusoid,pinch_sweep_size_rand_sinusoid-20260624-142357,TesolloCubePinch,TesolloCubePinch-20260624-190210-cubepinch_sb_propriodelta_s8,proprio.delta,cubepinch_sb_propriodelta_s8,8,det,87,50,80,0.625,ok,3682863
pinch_sinusoid,pinch_sweep_size_rand_sinusoid-20260624-142357,TesolloCubePinch,TesolloCubePinch-20260624-190210-cubepinch_sb_propriodelta_s8,proprio.delta,cubepinch_sb_propriodelta_s8,8,det,88,29,80,0.3625,ok,3682863
pinch_sinusoid,pinch_sweep_size_rand_sinusoid-20260624-142357,TesolloCubePinch,TesolloCubePinch-20260624-190210-cubepinch_sb_propriodelta_s8,proprio.delta,cubepinch_sb_propriodelta_s8,8,det,89,36,80,0.45,ok,3682863
pinch_sinusoid,pinch_sweep_size_rand_sinusoid-20260624-142357,TesolloCubePinch,TesolloCubePinch-20260624-190210-cubepinch_sb_propriodelta_s8,proprio.delta,cubepinch_sb_propriodelta_s8,8,det,90,28,80,0.35,ok,3682863
pinch_sinusoid,pinch_sweep_size_rand_sinusoid-20260624-142357,TesolloCubePinch,TesolloCubePinch-20260624-190210-cubepinch_sb_propriodelta_s8,proprio.delta,cubepinch_sb_propriodelta_s8,8,det,91,36,80,0.45,ok,3682863
pinch_sinusoid,pinch_sweep_size_rand_sinusoid-20260624-142357,TesolloCubePinch,TesolloCubePinch-20260624-190210-cubepinch_sb_propriodelta_s8,proprio.delta,cubepinch_sb_propriodelta_s8,8,det,92,46,80,0.575,ok,3682863
pinch_sinusoid,pinch_sweep_size_rand_sinusoid-20260624-142357,TesolloCubePinch,TesolloCubePinch-20260624-190210-cubepinch_sb_propriodelta_s8,proprio.delta,cubepinch_sb_propriodelta_s8,8,det,93,43,80,0.5375,ok,3682863
pinch_sinusoid,pinch_sweep_size_rand_sinusoid-20260624-142357,TesolloCubePinch,TesolloCubePinch-20260624-190210-cubepinch_sb_propriodelta_s8,proprio.delta,cubepinch_sb_propriodelta_s8,8,det,94,46,80,0.575,ok,3682863
pinch_sinusoid,pinch_sweep_size_rand_sinusoid-20260624-142357,TesolloCubePinch,TesolloCubePinch-20260624-190210-cubepinch_sb_propriodelta_s8,proprio.delta,cubepinch_sb_propriodelta_s8,8,det,95,46,80,0.575,ok,3682863
pinch_sinusoid,pinch_sweep_size_rand_sinusoid-20260624-142357,TesolloCubePinch,TesolloCubePinch-20260624-190210-cubepinch_sb_propriodelta_s8,proprio.delta,cubepinch_sb_propriodelta_s8,8,det,96,40,80,0.5,ok,3682863
pinch_sinusoid,pinch_sweep_size_rand_sinusoid-20260624-142357,TesolloCubePinch,TesolloCubePinch-20260624-190210-cubepinch_sb_propriodelta_s8,proprio.delta,cubepinch_sb_propriodelta_s8,8,det,97,31,80,0.3875,ok,3682863
pinch_sinusoid,pinch_sweep_size_rand_sinusoid-20260624-142357,TesolloCubePinch,TesolloCubePinch-20260624-190210-cubepinch_sb_propriodelta_s8,proprio.delta,cubepinch_sb_propriodelta_s8,8,det,98,48,80,0.6,ok,3682863
pinch_sinusoid,pinch_sweep_size_rand_sinusoid-20260624-142357,TesolloCubePinch,TesolloCubePinch-20260624-190210-cubepinch_sb_propriodelta_s8,proprio.delta,cubepinch_sb_propriodelta_s8,8,det,99,38,80,0.475,ok,3682863
pinch_sinusoid,pinch_sweep_size_rand_sinusoid-20260624-142357,TesolloCubePinch,TesolloCubePinch-20260624-164003-cubepinch_sb_propriotarget_s4,proprio.target,cubepinch_sb_propriotarget_s4,4,det,0,13,80,0.1625,ok,3682863
pinch_sinusoid,pinch_sweep_size_rand_sinusoid-20260624-142357,TesolloCubePinch,TesolloCubePinch-20260624-164003-cubepinch_sb_propriotarget_s4,proprio.target,cubepinch_sb_propriotarget_s4,4,det,1,14,80,0.175,ok,3682863
pinch_sinusoid,pinch_sweep_size_rand_sinusoid-20260624-142357,TesolloCubePinch,TesolloCubePinch-20260624-164003-cubepinch_sb_propriotarget_s4,proprio.target,cubepinch_sb_propriotarget_s4,4,det,2,34,80,0.425,ok,3682863
pinch_sinusoid,pinch_sweep_size_rand_sinusoid-20260624-142357,TesolloCubePinch,TesolloCubePinch-20260624-164003-cubepinch_sb_propriotarget_s4,proprio.target,cubepinch_sb_propriotarget_s4,4,det,3,27,80,0.3375,ok,3682863
pinch_sinusoid,pinch_sweep_size_rand_sinusoid-20260624-142357,TesolloCubePinch,TesolloCubePinch-20260624-164003-cubepinch_sb_propriotarget_s4,proprio.target,cubepinch_sb_propriotarget_s4,4,det,4,7,80,0.0875,ok,3682863
pinch_sinusoid,pinch_sweep_size_rand_sinusoid-20260624-142357,TesolloCubePinch,TesolloCubePinch-20260624-164003-cubepinch_sb_propriotarget_s4,proprio.target,cubepinch_sb_propriotarget_s4,4,det,5,23,80,0.2875,ok,3682863
pinch_sinusoid,pinch_sweep_size_rand_sinusoid-20260624-142357,TesolloCubePinch,TesolloCubePinch-20260624-164003-cubepinch_sb_propriotarget_s4,proprio.target,cubepinch_sb_propriotarget_s4,4,det,6,14,80,0.175,ok,3682863
pinch_sinusoid,pinch_sweep_size_rand_sinusoid-20260624-142357,TesolloCubePinch,TesolloCubePinch-20260624-164003-cubepinch_sb_propriotarget_s4,proprio.target,cubepinch_sb_propriotarget_s4,4,det,7,25,80,0.3125,ok,3682863
pinch_sinusoid,pinch_sweep_size_rand_sinusoid-20260624-142357,TesolloCubePinch,TesolloCubePinch-20260624-164003-cubepinch_sb_propriotarget_s4,proprio.target,cubepinch_sb_propriotarget_s4,4,det,8,34,80,0.425,ok,3682863
pinch_sinusoid,pinch_sweep_size_rand_sinusoid-20260624-142357,TesolloCubePinch,TesolloCubePinch-20260624-164003-cubepinch_sb_propriotarget_s4,proprio.target,cubepinch_sb_propriotarget_s4,4,det,9,13,80,0.1625,ok,3682863
pinch_sinusoid,pinch_sweep_size_rand_sinusoid-20260624-142357,TesolloCubePinch,TesolloCubePinch-20260624-164003-cubepinch_sb_propriotarget_s4,proprio.target,cubepinch_sb_propriotarget_s4,4,det,10,23,80,0.2875,ok,3682863
pinch_sinusoid,pinch_sweep_size_rand_sinusoid-20260624-142357,TesolloCubePinch,TesolloCubePinch-20260624-164003-cubepinch_sb_propriotarget_s4,proprio.target,cubepinch_sb_propriotarget_s4,4,det,11,27,80,0.3375,ok,3682863
pinch_sinusoid,pinch_sweep_size_rand_sinusoid-20260624-142357,TesolloCubePinch,TesolloCubePinch-20260624-164003-cubepinch_sb_propriotarget_s4,proprio.target,cubepinch_sb_propriotarget_s4,4,det,12,17,80,0.2125,ok,3682863
pinch_sinusoid,pinch_sweep_size_rand_sinusoid-20260624-142357,TesolloCubePinch,TesolloCubePinch-20260624-164003-cubepinch_sb_propriotarget_s4,proprio.target,cubepinch_sb_propriotarget_s4,4,det,13,11,80,0.1375,ok,3682863
pinch_sinusoid,pinch_sweep_size_rand_sinusoid-20260624-142357,TesolloCubePinch,TesolloCubePinch-20260624-164003-cubepinch_sb_propriotarget_s4,proprio.target,cubepinch_sb_propriotarget_s4,4,det,14,25,80,0.3125,ok,3682863
pinch_sinusoid,pinch_sweep_size_rand_sinusoid-20260624-142357,TesolloCubePinch,TesolloCubePinch-20260624-164003-cubepinch_sb_propriotarget_s4,proprio.target,cubepinch_sb_propriotarget_s4,4,det,15,18,80,0.225,ok,3682863
pinch_sinusoid,pinch_sweep_size_rand_sinusoid-20260624-142357,TesolloCubePinch,TesolloCubePinch-20260624-164003-cubepinch_sb_propriotarget_s4,proprio.target,cubepinch_sb_propriotarget_s4,4,det,16,10,80,0.125,ok,3682863
pinch_sinusoid,pinch_sweep_size_rand_sinusoid-20260624-142357,TesolloCubePinch,TesolloCubePinch-20260624-164003-cubepinch_sb_propriotarget_s4,proprio.target,cubepinch_sb_propriotarget_s4,4,det,17,29,80,0.3625,ok,3682863
pinch_sinusoid,pinch_sweep_size_rand_sinusoid-20260624-142357,TesolloCubePinch,TesolloCubePinch-20260624-164003-cubepinch_sb_propriotarget_s4,proprio.target,cubepinch_sb_propriotarget_s4,4,det,18,43,80,0.5375,ok,3682863
pinch_sinusoid,pinch_sweep_size_rand_sinusoid-20260624-142357,TesolloCubePinch,TesolloCubePinch-20260624-164003-cubepinch_sb_propriotarget_s4,proprio.target,cubepinch_sb_propriotarget_s4,4,det,19,22,80,0.275,ok,3682863
pinch_sinusoid,pinch_sweep_size_rand_sinusoid-20260624-142357,TesolloCubePinch,TesolloCubePinch-20260624-164003-cubepinch_sb_propriotarget_s4,proprio.target,cubepinch_sb_propriotarget_s4,4,det,20,7,80,0.0875,ok,3682863
pinch_sinusoid,pinch_sweep_size_rand_sinusoid-20260624-142357,TesolloCubePinch,TesolloCubePinch-20260624-164003-cubepinch_sb_propriotarget_s4,proprio.target,cubepinch_sb_propriotarget_s4,4,det,21,19,80,0.2375,ok,3682863
pinch_sinusoid,pinch_sweep_size_rand_sinusoid-20260624-142357,TesolloCubePinch,TesolloCubePinch-20260624-164003-cubepinch_sb_propriotarget_s4,proprio.target,cubepinch_sb_propriotarget_s4,4,det,22,17,80,0.2125,ok,3682863
pinch_sinusoid,pinch_sweep_size_rand_sinusoid-20260624-142357,TesolloCubePinch,TesolloCubePinch-20260624-164003-cubepinch_sb_propriotarget_s4,proprio.target,cubepinch_sb_propriotarget_s4,4,det,23,5,80,0.0625,ok,3682863
pinch_sinusoid,pinch_sweep_size_rand_sinusoid-20260624-142357,TesolloCubePinch,TesolloCubePinch-20260624-164003-cubepinch_sb_propriotarget_s4,proprio.target,cubepinch_sb_propriotarget_s4,4,det,24,27,80,0.3375,ok,3682863
pinch_sinusoid,pinch_sweep_size_rand_sinusoid-20260624-142357,TesolloCubePinch,TesolloCubePinch-20260624-164003-cubepinch_sb_propriotarget_s4,proprio.target,cubepinch_sb_propriotarget_s4,4,det,25,28,80,0.35,ok,3682863
pinch_sinusoid,pinch_sweep_size_rand_sinusoid-20260624-142357,TesolloCubePinch,TesolloCubePinch-20260624-164003-cubepinch_sb_propriotarget_s4,proprio.target,cubepinch_sb_propriotarget_s4,4,det,26,31,80,0.3875,ok,3682863
pinch_sinusoid,pinch_sweep_size_rand_sinusoid-20260624-142357,TesolloCubePinch,TesolloCubePinch-20260624-164003-cubepinch_sb_propriotarget_s4,proprio.target,cubepinch_sb_propriotarget_s4,4,det,27,17,80,0.2125,ok,3682863
pinch_sinusoid,pinch_sweep_size_rand_sinusoid-20260624-142357,TesolloCubePinch,TesolloCubePinch-20260624-164003-cubepinch_sb_propriotarget_s4,proprio.target,cubepinch_sb_propriotarget_s4,4,det,28,34,80,0.425,ok,3682863
pinch_sinusoid,pinch_sweep_size_rand_sinusoid-20260624-142357,TesolloCubePinch,TesolloCubePinch-20260624-164003-cubepinch_sb_propriotarget_s4,proprio.target,cubepinch_sb_propriotarget_s4,4,det,29,11,80,0.1375,ok,3682863
pinch_sinusoid,pinch_sweep_size_rand_sinusoid-20260624-142357,TesolloCubePinch,TesolloCubePinch-20260624-164003-cubepinch_sb_propriotarget_s4,proprio.target,cubepinch_sb_propriotarget_s4,4,det,30,16,80,0.2,ok,3682863
pinch_sinusoid,pinch_sweep_size_rand_sinusoid-20260624-142357,TesolloCubePinch,TesolloCubePinch-20260624-164003-cubepinch_sb_propriotarget_s4,proprio.target,cubepinch_sb_propriotarget_s4,4,det,31,31,80,0.3875,ok,3682863
pinch_sinusoid,pinch_sweep_size_rand_sinusoid-20260624-142357,TesolloCubePinch,TesolloCubePinch-20260624-164003-cubepinch_sb_propriotarget_s4,proprio.target,cubepinch_sb_propriotarget_s4,4,det,32,33,80,0.4125,ok,3682863
pinch_sinusoid,pinch_sweep_size_rand_sinusoid-20260624-142357,TesolloCubePinch,TesolloCubePinch-20260624-164003-cubepinch_sb_propriotarget_s4,proprio.target,cubepinch_sb_propriotarget_s4,4,det,33,8,80,0.1,ok,3682863
pinch_sinusoid,pinch_sweep_size_rand_sinusoid-20260624-142357,TesolloCubePinch,TesolloCubePinch-20260624-164003-cubepinch_sb_propriotarget_s4,proprio.target,cubepinch_sb_propriotarget_s4,4,det,34,21,80,0.2625,ok,3682863
pinch_sinusoid,pinch_sweep_size_rand_sinusoid-20260624-142357,TesolloCubePinch,TesolloCubePinch-20260624-164003-cubepinch_sb_propriotarget_s4,proprio.target,cubepinch_sb_propriotarget_s4,4,det,35,16,80,0.2,ok,3682863
pinch_sinusoid,pinch_sweep_size_rand_sinusoid-20260624-142357,TesolloCubePinch,TesolloCubePinch-20260624-164003-cubepinch_sb_propriotarget_s4,proprio.target,cubepinch_sb_propriotarget_s4,4,det,36,18,80,0.225,ok,3682863
pinch_sinusoid,pinch_sweep_size_rand_sinusoid-20260624-142357,TesolloCubePinch,TesolloCubePinch-20260624-164003-cubepinch_sb_propriotarget_s4,proprio.target,cubepinch_sb_propriotarget_s4,4,det,37,15,80,0.1875,ok,3682863
pinch_sinusoid,pinch_sweep_size_rand_sinusoid-20260624-142357,TesolloCubePinch,TesolloCubePinch-20260624-164003-cubepinch_sb_propriotarget_s4,proprio.target,cubepinch_sb_propriotarget_s4,4,det,38,27,80,0.3375,ok,3682863
pinch_sinusoid,pinch_sweep_size_rand_sinusoid-20260624-142357,TesolloCubePinch,TesolloCubePinch-20260624-164003-cubepinch_sb_propriotarget_s4,proprio.target,cubepinch_sb_propriotarget_s4,4,det,39,33,80,0.4125,ok,3682863
pinch_sinusoid,pinch_sweep_size_rand_sinusoid-20260624-142357,TesolloCubePinch,TesolloCubePinch-20260624-164003-cubepinch_sb_propriotarget_s4,proprio.target,cubepinch_sb_propriotarget_s4,4,det,40,21,80,0.2625,ok,3682863
pinch_sinusoid,pinch_sweep_size_rand_sinusoid-20260624-142357,TesolloCubePinch,TesolloCubePinch-20260624-164003-cubepinch_sb_propriotarget_s4,proprio.target,cubepinch_sb_propriotarget_s4,4,det,41,8,80,0.1,ok,3682863
pinch_sinusoid,pinch_sweep_size_rand_sinusoid-20260624-142357,TesolloCubePinch,TesolloCubePinch-20260624-164003-cubepinch_sb_propriotarget_s4,proprio.target,cubepinch_sb_propriotarget_s4,4,det,42,21,80,0.2625,ok,3682863
pinch_sinusoid,pinch_sweep_size_rand_sinusoid-20260624-142357,TesolloCubePinch,TesolloCubePinch-20260624-164003-cubepinch_sb_propriotarget_s4,proprio.target,cubepinch_sb_propriotarget_s4,4,det,43,15,80,0.1875,ok,3682863
pinch_sinusoid,pinch_sweep_size_rand_sinusoid-20260624-142357,TesolloCubePinch,TesolloCubePinch-20260624-164003-cubepinch_sb_propriotarget_s4,proprio.target,cubepinch_sb_propriotarget_s4,4,det,44,16,80,0.2,ok,3682863
pinch_sinusoid,pinch_sweep_size_rand_sinusoid-20260624-142357,TesolloCubePinch,TesolloCubePinch-20260624-164003-cubepinch_sb_propriotarget_s4,proprio.target,cubepinch_sb_propriotarget_s4,4,det,45,12,80,0.15,ok,3682863
pinch_sinusoid,pinch_sweep_size_rand_sinusoid-20260624-142357,TesolloCubePinch,TesolloCubePinch-20260624-164003-cubepinch_sb_propriotarget_s4,proprio.target,cubepinch_sb_propriotarget_s4,4,det,46,12,80,0.15,ok,3682863
pinch_sinusoid,pinch_sweep_size_rand_sinusoid-20260624-142357,TesolloCubePinch,TesolloCubePinch-20260624-164003-cubepinch_sb_propriotarget_s4,proprio.target,cubepinch_sb_propriotarget_s4,4,det,47,28,80,0.35,ok,3682863
pinch_sinusoid,pinch_sweep_size_rand_sinusoid-20260624-142357,TesolloCubePinch,TesolloCubePinch-20260624-164003-cubepinch_sb_propriotarget_s4,proprio.target,cubepinch_sb_propriotarget_s4,4,det,48,28,80,0.35,ok,3682863
pinch_sinusoid,pinch_sweep_size_rand_sinusoid-20260624-142357,TesolloCubePinch,TesolloCubePinch-20260624-164003-cubepinch_sb_propriotarget_s4,proprio.target,cubepinch_sb_propriotarget_s4,4,det,49,34,80,0.425,ok,3682863
pinch_sinusoid,pinch_sweep_size_rand_sinusoid-20260624-142357,TesolloCubePinch,TesolloCubePinch-20260624-164003-cubepinch_sb_propriotarget_s4,proprio.target,cubepinch_sb_propriotarget_s4,4,det,50,30,80,0.375,ok,3682863
pinch_sinusoid,pinch_sweep_size_rand_sinusoid-20260624-142357,TesolloCubePinch,TesolloCubePinch-20260624-164003-cubepinch_sb_propriotarget_s4,proprio.target,cubepinch_sb_propriotarget_s4,4,det,51,29,80,0.3625,ok,3682863
pinch_sinusoid,pinch_sweep_size_rand_sinusoid-20260624-142357,TesolloCubePinch,TesolloCubePinch-20260624-164003-cubepinch_sb_propriotarget_s4,proprio.target,cubepinch_sb_propriotarget_s4,4,det,52,14,80,0.175,ok,3682863
pinch_sinusoid,pinch_sweep_size_rand_sinusoid-20260624-142357,TesolloCubePinch,TesolloCubePinch-20260624-164003-cubepinch_sb_propriotarget_s4,proprio.target,cubepinch_sb_propriotarget_s4,4,det,53,8,80,0.1,ok,3682863
pinch_sinusoid,pinch_sweep_size_rand_sinusoid-20260624-142357,TesolloCubePinch,TesolloCubePinch-20260624-164003-cubepinch_sb_propriotarget_s4,proprio.target,cubepinch_sb_propriotarget_s4,4,det,54,28,80,0.35,ok,3682863
pinch_sinusoid,pinch_sweep_size_rand_sinusoid-20260624-142357,TesolloCubePinch,TesolloCubePinch-20260624-164003-cubepinch_sb_propriotarget_s4,proprio.target,cubepinch_sb_propriotarget_s4,4,det,55,2,80,0.025,ok,3682863
pinch_sinusoid,pinch_sweep_size_rand_sinusoid-20260624-142357,TesolloCubePinch,TesolloCubePinch-20260624-164003-cubepinch_sb_propriotarget_s4,proprio.target,cubepinch_sb_propriotarget_s4,4,det,56,13,80,0.1625,ok,3682863
pinch_sinusoid,pinch_sweep_size_rand_sinusoid-20260624-142357,TesolloCubePinch,TesolloCubePinch-20260624-164003-cubepinch_sb_propriotarget_s4,proprio.target,cubepinch_sb_propriotarget_s4,4,det,57,32,80,0.4,ok,3682863
pinch_sinusoid,pinch_sweep_size_rand_sinusoid-20260624-142357,TesolloCubePinch,TesolloCubePinch-20260624-164003-cubepinch_sb_propriotarget_s4,proprio.target,cubepinch_sb_propriotarget_s4,4,det,58,34,80,0.425,ok,3682863
pinch_sinusoid,pinch_sweep_size_rand_sinusoid-20260624-142357,TesolloCubePinch,TesolloCubePinch-20260624-164003-cubepinch_sb_propriotarget_s4,proprio.target,cubepinch_sb_propriotarget_s4,4,det,59,28,80,0.35,ok,3682863
pinch_sinusoid,pinch_sweep_size_rand_sinusoid-20260624-142357,TesolloCubePinch,TesolloCubePinch-20260624-164003-cubepinch_sb_propriotarget_s4,proprio.target,cubepinch_sb_propriotarget_s4,4,det,60,13,80,0.1625,ok,3682863
pinch_sinusoid,pinch_sweep_size_rand_sinusoid-20260624-142357,TesolloCubePinch,TesolloCubePinch-20260624-164003-cubepinch_sb_propriotarget_s4,proprio.target,cubepinch_sb_propriotarget_s4,4,det,61,28,80,0.35,ok,3682863
pinch_sinusoid,pinch_sweep_size_rand_sinusoid-20260624-142357,TesolloCubePinch,TesolloCubePinch-20260624-164003-cubepinch_sb_propriotarget_s4,proprio.target,cubepinch_sb_propriotarget_s4,4,det,62,16,80,0.2,ok,3682863
pinch_sinusoid,pinch_sweep_size_rand_sinusoid-20260624-142357,TesolloCubePinch,TesolloCubePinch-20260624-164003-cubepinch_sb_propriotarget_s4,proprio.target,cubepinch_sb_propriotarget_s4,4,det,63,23,80,0.2875,ok,3682863
pinch_sinusoid,pinch_sweep_size_rand_sinusoid-20260624-142357,TesolloCubePinch,TesolloCubePinch-20260624-164003-cubepinch_sb_propriotarget_s4,proprio.target,cubepinch_sb_propriotarget_s4,4,det,64,9,80,0.1125,ok,3682863
pinch_sinusoid,pinch_sweep_size_rand_sinusoid-20260624-142357,TesolloCubePinch,TesolloCubePinch-20260624-164003-cubepinch_sb_propriotarget_s4,proprio.target,cubepinch_sb_propriotarget_s4,4,det,65,22,80,0.275,ok,3682863
pinch_sinusoid,pinch_sweep_size_rand_sinusoid-20260624-142357,TesolloCubePinch,TesolloCubePinch-20260624-164003-cubepinch_sb_propriotarget_s4,proprio.target,cubepinch_sb_propriotarget_s4,4,det,66,37,80,0.4625,ok,3682863
pinch_sinusoid,pinch_sweep_size_rand_sinusoid-20260624-142357,TesolloCubePinch,TesolloCubePinch-20260624-164003-cubepinch_sb_propriotarget_s4,proprio.target,cubepinch_sb_propriotarget_s4,4,det,67,8,80,0.1,ok,3682863
pinch_sinusoid,pinch_sweep_size_rand_sinusoid-20260624-142357,TesolloCubePinch,TesolloCubePinch-20260624-164003-cubepinch_sb_propriotarget_s4,proprio.target,cubepinch_sb_propriotarget_s4,4,det,68,21,80,0.2625,ok,3682863
pinch_sinusoid,pinch_sweep_size_rand_sinusoid-20260624-142357,TesolloCubePinch,TesolloCubePinch-20260624-164003-cubepinch_sb_propriotarget_s4,proprio.target,cubepinch_sb_propriotarget_s4,4,det,69,9,80,0.1125,ok,3682863
pinch_sinusoid,pinch_sweep_size_rand_sinusoid-20260624-142357,TesolloCubePinch,TesolloCubePinch-20260624-164003-cubepinch_sb_propriotarget_s4,proprio.target,cubepinch_sb_propriotarget_s4,4,det,70,16,80,0.2,ok,3682863
pinch_sinusoid,pinch_sweep_size_rand_sinusoid-20260624-142357,TesolloCubePinch,TesolloCubePinch-20260624-164003-cubepinch_sb_propriotarget_s4,proprio.target,cubepinch_sb_propriotarget_s4,4,det,71,18,80,0.225,ok,3682863
pinch_sinusoid,pinch_sweep_size_rand_sinusoid-20260624-142357,TesolloCubePinch,TesolloCubePinch-20260624-164003-cubepinch_sb_propriotarget_s4,proprio.target,cubepinch_sb_propriotarget_s4,4,det,72,24,80,0.3,ok,3682863
pinch_sinusoid,pinch_sweep_size_rand_sinusoid-20260624-142357,TesolloCubePinch,TesolloCubePinch-20260624-164003-cubepinch_sb_propriotarget_s4,proprio.target,cubepinch_sb_propriotarget_s4,4,det,73,26,80,0.325,ok,3682863
pinch_sinusoid,pinch_sweep_size_rand_sinusoid-20260624-142357,TesolloCubePinch,TesolloCubePinch-20260624-164003-cubepinch_sb_propriotarget_s4,proprio.target,cubepinch_sb_propriotarget_s4,4,det,74,6,80,0.075,ok,3682863
pinch_sinusoid,pinch_sweep_size_rand_sinusoid-20260624-142357,TesolloCubePinch,TesolloCubePinch-20260624-164003-cubepinch_sb_propriotarget_s4,proprio.target,cubepinch_sb_propriotarget_s4,4,det,75,22,80,0.275,ok,3682863
pinch_sinusoid,pinch_sweep_size_rand_sinusoid-20260624-142357,TesolloCubePinch,TesolloCubePinch-20260624-164003-cubepinch_sb_propriotarget_s4,proprio.target,cubepinch_sb_propriotarget_s4,4,det,76,25,80,0.3125,ok,3682863
pinch_sinusoid,pinch_sweep_size_rand_sinusoid-20260624-142357,TesolloCubePinch,TesolloCubePinch-20260624-164003-cubepinch_sb_propriotarget_s4,proprio.target,cubepinch_sb_propriotarget_s4,4,det,77,21,80,0.2625,ok,3682863
pinch_sinusoid,pinch_sweep_size_rand_sinusoid-20260624-142357,TesolloCubePinch,TesolloCubePinch-20260624-164003-cubepinch_sb_propriotarget_s4,proprio.target,cubepinch_sb_propriotarget_s4,4,det,78,35,80,0.4375,ok,3682863
pinch_sinusoid,pinch_sweep_size_rand_sinusoid-20260624-142357,TesolloCubePinch,TesolloCubePinch-20260624-164003-cubepinch_sb_propriotarget_s4,proprio.target,cubepinch_sb_propriotarget_s4,4,det,79,30,80,0.375,ok,3682863
pinch_sinusoid,pinch_sweep_size_rand_sinusoid-20260624-142357,TesolloCubePinch,TesolloCubePinch-20260624-164003-cubepinch_sb_propriotarget_s4,proprio.target,cubepinch_sb_propriotarget_s4,4,det,80,20,80,0.25,ok,3682863
pinch_sinusoid,pinch_sweep_size_rand_sinusoid-20260624-142357,TesolloCubePinch,TesolloCubePinch-20260624-164003-cubepinch_sb_propriotarget_s4,proprio.target,cubepinch_sb_propriotarget_s4,4,det,81,18,80,0.225,ok,3682863
pinch_sinusoid,pinch_sweep_size_rand_sinusoid-20260624-142357,TesolloCubePinch,TesolloCubePinch-20260624-164003-cubepinch_sb_propriotarget_s4,proprio.target,cubepinch_sb_propriotarget_s4,4,det,82,10,80,0.125,ok,3682863
pinch_sinusoid,pinch_sweep_size_rand_sinusoid-20260624-142357,TesolloCubePinch,TesolloCubePinch-20260624-164003-cubepinch_sb_propriotarget_s4,proprio.target,cubepinch_sb_propriotarget_s4,4,det,83,17,80,0.2125,ok,3682863
pinch_sinusoid,pinch_sweep_size_rand_sinusoid-20260624-142357,TesolloCubePinch,TesolloCubePinch-20260624-164003-cubepinch_sb_propriotarget_s4,proprio.target,cubepinch_sb_propriotarget_s4,4,det,84,14,80,0.175,ok,3682863
pinch_sinusoid,pinch_sweep_size_rand_sinusoid-20260624-142357,TesolloCubePinch,TesolloCubePinch-20260624-164003-cubepinch_sb_propriotarget_s4,proprio.target,cubepinch_sb_propriotarget_s4,4,det,85,18,80,0.225,ok,3682863
pinch_sinusoid,pinch_sweep_size_rand_sinusoid-20260624-142357,TesolloCubePinch,TesolloCubePinch-20260624-164003-cubepinch_sb_propriotarget_s4,proprio.target,cubepinch_sb_propriotarget_s4,4,det,86,18,80,0.225,ok,3682863
pinch_sinusoid,pinch_sweep_size_rand_sinusoid-20260624-142357,TesolloCubePinch,TesolloCubePinch-20260624-164003-cubepinch_sb_propriotarget_s4,proprio.target,cubepinch_sb_propriotarget_s4,4,det,87,13,80,0.1625,ok,3682863
pinch_sinusoid,pinch_sweep_size_rand_sinusoid-20260624-142357,TesolloCubePinch,TesolloCubePinch-20260624-164003-cubepinch_sb_propriotarget_s4,proprio.target,cubepinch_sb_propriotarget_s4,4,det,88,17,80,0.2125,ok,3682863
pinch_sinusoid,pinch_sweep_size_rand_sinusoid-20260624-142357,TesolloCubePinch,TesolloCubePinch-20260624-164003-cubepinch_sb_propriotarget_s4,proprio.target,cubepinch_sb_propriotarget_s4,4,det,89,25,80,0.3125,ok,3682863
pinch_sinusoid,pinch_sweep_size_rand_sinusoid-20260624-142357,TesolloCubePinch,TesolloCubePinch-20260624-164003-cubepinch_sb_propriotarget_s4,proprio.target,cubepinch_sb_propriotarget_s4,4,det,90,23,80,0.2875,ok,3682863
pinch_sinusoid,pinch_sweep_size_rand_sinusoid-20260624-142357,TesolloCubePinch,TesolloCubePinch-20260624-164003-cubepinch_sb_propriotarget_s4,proprio.target,cubepinch_sb_propriotarget_s4,4,det,91,18,80,0.225,ok,3682863
pinch_sinusoid,pinch_sweep_size_rand_sinusoid-20260624-142357,TesolloCubePinch,TesolloCubePinch-20260624-164003-cubepinch_sb_propriotarget_s4,proprio.target,cubepinch_sb_propriotarget_s4,4,det,92,36,80,0.45,ok,3682863
pinch_sinusoid,pinch_sweep_size_rand_sinusoid-20260624-142357,TesolloCubePinch,TesolloCubePinch-20260624-164003-cubepinch_sb_propriotarget_s4,proprio.target,cubepinch_sb_propriotarget_s4,4,det,93,15,80,0.1875,ok,3682863
pinch_sinusoid,pinch_sweep_size_rand_sinusoid-20260624-142357,TesolloCubePinch,TesolloCubePinch-20260624-164003-cubepinch_sb_propriotarget_s4,proprio.target,cubepinch_sb_propriotarget_s4,4,det,94,21,80,0.2625,ok,3682863
pinch_sinusoid,pinch_sweep_size_rand_sinusoid-20260624-142357,TesolloCubePinch,TesolloCubePinch-20260624-164003-cubepinch_sb_propriotarget_s4,proprio.target,cubepinch_sb_propriotarget_s4,4,det,95,13,80,0.1625,ok,3682863
pinch_sinusoid,pinch_sweep_size_rand_sinusoid-20260624-142357,TesolloCubePinch,TesolloCubePinch-20260624-164003-cubepinch_sb_propriotarget_s4,proprio.target,cubepinch_sb_propriotarget_s4,4,det,96,44,80,0.55,ok,3682863
pinch_sinusoid,pinch_sweep_size_rand_sinusoid-20260624-142357,TesolloCubePinch,TesolloCubePinch-20260624-164003-cubepinch_sb_propriotarget_s4,proprio.target,cubepinch_sb_propriotarget_s4,4,det,97,18,80,0.225,ok,3682863
pinch_sinusoid,pinch_sweep_size_rand_sinusoid-20260624-142357,TesolloCubePinch,TesolloCubePinch-20260624-164003-cubepinch_sb_propriotarget_s4,proprio.target,cubepinch_sb_propriotarget_s4,4,det,98,38,80,0.475,ok,3682863
pinch_sinusoid,pinch_sweep_size_rand_sinusoid-20260624-142357,TesolloCubePinch,TesolloCubePinch-20260624-164003-cubepinch_sb_propriotarget_s4,proprio.target,cubepinch_sb_propriotarget_s4,4,det,99,19,80,0.2375,ok,3682863
pinch_sinusoid,pinch_sweep_size_rand_sinusoid-20260624-142357,TesolloCubePinch,TesolloCubePinch-20260624-165709-cubepinch_sb_propriotarget_s5,proprio.target,cubepinch_sb_propriotarget_s5,5,det,0,47,80,0.5875,ok,3682863
pinch_sinusoid,pinch_sweep_size_rand_sinusoid-20260624-142357,TesolloCubePinch,TesolloCubePinch-20260624-165709-cubepinch_sb_propriotarget_s5,proprio.target,cubepinch_sb_propriotarget_s5,5,det,1,37,80,0.4625,ok,3682863
pinch_sinusoid,pinch_sweep_size_rand_sinusoid-20260624-142357,TesolloCubePinch,TesolloCubePinch-20260624-165709-cubepinch_sb_propriotarget_s5,proprio.target,cubepinch_sb_propriotarget_s5,5,det,2,62,80,0.775,ok,3682863
pinch_sinusoid,pinch_sweep_size_rand_sinusoid-20260624-142357,TesolloCubePinch,TesolloCubePinch-20260624-165709-cubepinch_sb_propriotarget_s5,proprio.target,cubepinch_sb_propriotarget_s5,5,det,3,64,80,0.8,ok,3682863
pinch_sinusoid,pinch_sweep_size_rand_sinusoid-20260624-142357,TesolloCubePinch,TesolloCubePinch-20260624-165709-cubepinch_sb_propriotarget_s5,proprio.target,cubepinch_sb_propriotarget_s5,5,det,4,61,80,0.7625,ok,3682863
pinch_sinusoid,pinch_sweep_size_rand_sinusoid-20260624-142357,TesolloCubePinch,TesolloCubePinch-20260624-165709-cubepinch_sb_propriotarget_s5,proprio.target,cubepinch_sb_propriotarget_s5,5,det,5,64,80,0.8,ok,3682863
pinch_sinusoid,pinch_sweep_size_rand_sinusoid-20260624-142357,TesolloCubePinch,TesolloCubePinch-20260624-165709-cubepinch_sb_propriotarget_s5,proprio.target,cubepinch_sb_propriotarget_s5,5,det,6,64,80,0.8,ok,3682863
pinch_sinusoid,pinch_sweep_size_rand_sinusoid-20260624-142357,TesolloCubePinch,TesolloCubePinch-20260624-165709-cubepinch_sb_propriotarget_s5,proprio.target,cubepinch_sb_propriotarget_s5,5,det,7,59,80,0.7375,ok,3682863
pinch_sinusoid,pinch_sweep_size_rand_sinusoid-20260624-142357,TesolloCubePinch,TesolloCubePinch-20260624-165709-cubepinch_sb_propriotarget_s5,proprio.target,cubepinch_sb_propriotarget_s5,5,det,8,61,80,0.7625,ok,3682863
pinch_sinusoid,pinch_sweep_size_rand_sinusoid-20260624-142357,TesolloCubePinch,TesolloCubePinch-20260624-165709-cubepinch_sb_propriotarget_s5,proprio.target,cubepinch_sb_propriotarget_s5,5,det,9,48,80,0.6,ok,3682863
pinch_sinusoid,pinch_sweep_size_rand_sinusoid-20260624-142357,TesolloCubePinch,TesolloCubePinch-20260624-165709-cubepinch_sb_propriotarget_s5,proprio.target,cubepinch_sb_propriotarget_s5,5,det,10,55,80,0.6875,ok,3682863
pinch_sinusoid,pinch_sweep_size_rand_sinusoid-20260624-142357,TesolloCubePinch,TesolloCubePinch-20260624-165709-cubepinch_sb_propriotarget_s5,proprio.target,cubepinch_sb_propriotarget_s5,5,det,11,50,80,0.625,ok,3682863
pinch_sinusoid,pinch_sweep_size_rand_sinusoid-20260624-142357,TesolloCubePinch,TesolloCubePinch-20260624-165709-cubepinch_sb_propriotarget_s5,proprio.target,cubepinch_sb_propriotarget_s5,5,det,12,63,80,0.7875,ok,3682863
pinch_sinusoid,pinch_sweep_size_rand_sinusoid-20260624-142357,TesolloCubePinch,TesolloCubePinch-20260624-165709-cubepinch_sb_propriotarget_s5,proprio.target,cubepinch_sb_propriotarget_s5,5,det,13,65,80,0.8125,ok,3682863
pinch_sinusoid,pinch_sweep_size_rand_sinusoid-20260624-142357,TesolloCubePinch,TesolloCubePinch-20260624-165709-cubepinch_sb_propriotarget_s5,proprio.target,cubepinch_sb_propriotarget_s5,5,det,14,64,80,0.8,ok,3682863
pinch_sinusoid,pinch_sweep_size_rand_sinusoid-20260624-142357,TesolloCubePinch,TesolloCubePinch-20260624-165709-cubepinch_sb_propriotarget_s5,proprio.target,cubepinch_sb_propriotarget_s5,5,det,15,62,80,0.775,ok,3682863
pinch_sinusoid,pinch_sweep_size_rand_sinusoid-20260624-142357,TesolloCubePinch,TesolloCubePinch-20260624-165709-cubepinch_sb_propriotarget_s5,proprio.target,cubepinch_sb_propriotarget_s5,5,det,16,64,80,0.8,ok,3682863
pinch_sinusoid,pinch_sweep_size_rand_sinusoid-20260624-142357,TesolloCubePinch,TesolloCubePinch-20260624-165709-cubepinch_sb_propriotarget_s5,proprio.target,cubepinch_sb_propriotarget_s5,5,det,17,63,80,0.7875,ok,3682863
pinch_sinusoid,pinch_sweep_size_rand_sinusoid-20260624-142357,TesolloCubePinch,TesolloCubePinch-20260624-165709-cubepinch_sb_propriotarget_s5,proprio.target,cubepinch_sb_propriotarget_s5,5,det,18,48,80,0.6,ok,3682863
pinch_sinusoid,pinch_sweep_size_rand_sinusoid-20260624-142357,TesolloCubePinch,TesolloCubePinch-20260624-165709-cubepinch_sb_propriotarget_s5,proprio.target,cubepinch_sb_propriotarget_s5,5,det,19,60,80,0.75,ok,3682863
pinch_sinusoid,pinch_sweep_size_rand_sinusoid-20260624-142357,TesolloCubePinch,TesolloCubePinch-20260624-165709-cubepinch_sb_propriotarget_s5,proprio.target,cubepinch_sb_propriotarget_s5,5,det,20,64,80,0.8,ok,3682863
pinch_sinusoid,pinch_sweep_size_rand_sinusoid-20260624-142357,TesolloCubePinch,TesolloCubePinch-20260624-165709-cubepinch_sb_propriotarget_s5,proprio.target,cubepinch_sb_propriotarget_s5,5,det,21,63,80,0.7875,ok,3682863
pinch_sinusoid,pinch_sweep_size_rand_sinusoid-20260624-142357,TesolloCubePinch,TesolloCubePinch-20260624-165709-cubepinch_sb_propriotarget_s5,proprio.target,cubepinch_sb_propriotarget_s5,5,det,22,58,80,0.725,ok,3682863
pinch_sinusoid,pinch_sweep_size_rand_sinusoid-20260624-142357,TesolloCubePinch,TesolloCubePinch-20260624-165709-cubepinch_sb_propriotarget_s5,proprio.target,cubepinch_sb_propriotarget_s5,5,det,23,61,80,0.7625,ok,3682863
pinch_sinusoid,pinch_sweep_size_rand_sinusoid-20260624-142357,TesolloCubePinch,TesolloCubePinch-20260624-165709-cubepinch_sb_propriotarget_s5,proprio.target,cubepinch_sb_propriotarget_s5,5,det,24,44,80,0.55,ok,3682863
pinch_sinusoid,pinch_sweep_size_rand_sinusoid-20260624-142357,TesolloCubePinch,TesolloCubePinch-20260624-165709-cubepinch_sb_propriotarget_s5,proprio.target,cubepinch_sb_propriotarget_s5,5,det,25,56,80,0.7,ok,3682863
pinch_sinusoid,pinch_sweep_size_rand_sinusoid-20260624-142357,TesolloCubePinch,TesolloCubePinch-20260624-165709-cubepinch_sb_propriotarget_s5,proprio.target,cubepinch_sb_propriotarget_s5,5,det,26,57,80,0.7125,ok,3682863
pinch_sinusoid,pinch_sweep_size_rand_sinusoid-20260624-142357,TesolloCubePinch,TesolloCubePinch-20260624-165709-cubepinch_sb_propriotarget_s5,proprio.target,cubepinch_sb_propriotarget_s5,5,det,27,64,80,0.8,ok,3682863
pinch_sinusoid,pinch_sweep_size_rand_sinusoid-20260624-142357,TesolloCubePinch,TesolloCubePinch-20260624-165709-cubepinch_sb_propriotarget_s5,proprio.target,cubepinch_sb_propriotarget_s5,5,det,28,50,80,0.625,ok,3682863
pinch_sinusoid,pinch_sweep_size_rand_sinusoid-20260624-142357,TesolloCubePinch,TesolloCubePinch-20260624-165709-cubepinch_sb_propriotarget_s5,proprio.target,cubepinch_sb_propriotarget_s5,5,det,29,36,80,0.45,ok,3682863
pinch_sinusoid,pinch_sweep_size_rand_sinusoid-20260624-142357,TesolloCubePinch,TesolloCubePinch-20260624-165709-cubepinch_sb_propriotarget_s5,proprio.target,cubepinch_sb_propriotarget_s5,5,det,30,35,80,0.4375,ok,3682863
pinch_sinusoid,pinch_sweep_size_rand_sinusoid-20260624-142357,TesolloCubePinch,TesolloCubePinch-20260624-165709-cubepinch_sb_propriotarget_s5,proprio.target,cubepinch_sb_propriotarget_s5,5,det,31,53,80,0.6625,ok,3682863
pinch_sinusoid,pinch_sweep_size_rand_sinusoid-20260624-142357,TesolloCubePinch,TesolloCubePinch-20260624-165709-cubepinch_sb_propriotarget_s5,proprio.target,cubepinch_sb_propriotarget_s5,5,det,32,61,80,0.7625,ok,3682863
pinch_sinusoid,pinch_sweep_size_rand_sinusoid-20260624-142357,TesolloCubePinch,TesolloCubePinch-20260624-165709-cubepinch_sb_propriotarget_s5,proprio.target,cubepinch_sb_propriotarget_s5,5,det,33,58,80,0.725,ok,3682863
pinch_sinusoid,pinch_sweep_size_rand_sinusoid-20260624-142357,TesolloCubePinch,TesolloCubePinch-20260624-165709-cubepinch_sb_propriotarget_s5,proprio.target,cubepinch_sb_propriotarget_s5,5,det,34,60,80,0.75,ok,3682863
pinch_sinusoid,pinch_sweep_size_rand_sinusoid-20260624-142357,TesolloCubePinch,TesolloCubePinch-20260624-165709-cubepinch_sb_propriotarget_s5,proprio.target,cubepinch_sb_propriotarget_s5,5,det,35,50,80,0.625,ok,3682863
pinch_sinusoid,pinch_sweep_size_rand_sinusoid-20260624-142357,TesolloCubePinch,TesolloCubePinch-20260624-165709-cubepinch_sb_propriotarget_s5,proprio.target,cubepinch_sb_propriotarget_s5,5,det,36,64,80,0.8,ok,3682863
pinch_sinusoid,pinch_sweep_size_rand_sinusoid-20260624-142357,TesolloCubePinch,TesolloCubePinch-20260624-165709-cubepinch_sb_propriotarget_s5,proprio.target,cubepinch_sb_propriotarget_s5,5,det,37,55,80,0.6875,ok,3682863
pinch_sinusoid,pinch_sweep_size_rand_sinusoid-20260624-142357,TesolloCubePinch,TesolloCubePinch-20260624-165709-cubepinch_sb_propriotarget_s5,proprio.target,cubepinch_sb_propriotarget_s5,5,det,38,65,80,0.8125,ok,3682863
pinch_sinusoid,pinch_sweep_size_rand_sinusoid-20260624-142357,TesolloCubePinch,TesolloCubePinch-20260624-165709-cubepinch_sb_propriotarget_s5,proprio.target,cubepinch_sb_propriotarget_s5,5,det,39,54,80,0.675,ok,3682863
pinch_sinusoid,pinch_sweep_size_rand_sinusoid-20260624-142357,TesolloCubePinch,TesolloCubePinch-20260624-165709-cubepinch_sb_propriotarget_s5,proprio.target,cubepinch_sb_propriotarget_s5,5,det,40,64,80,0.8,ok,3682863
pinch_sinusoid,pinch_sweep_size_rand_sinusoid-20260624-142357,TesolloCubePinch,TesolloCubePinch-20260624-165709-cubepinch_sb_propriotarget_s5,proprio.target,cubepinch_sb_propriotarget_s5,5,det,41,60,80,0.75,ok,3682863
pinch_sinusoid,pinch_sweep_size_rand_sinusoid-20260624-142357,TesolloCubePinch,TesolloCubePinch-20260624-165709-cubepinch_sb_propriotarget_s5,proprio.target,cubepinch_sb_propriotarget_s5,5,det,42,58,80,0.725,ok,3682863
pinch_sinusoid,pinch_sweep_size_rand_sinusoid-20260624-142357,TesolloCubePinch,TesolloCubePinch-20260624-165709-cubepinch_sb_propriotarget_s5,proprio.target,cubepinch_sb_propriotarget_s5,5,det,43,59,80,0.7375,ok,3682863
pinch_sinusoid,pinch_sweep_size_rand_sinusoid-20260624-142357,TesolloCubePinch,TesolloCubePinch-20260624-165709-cubepinch_sb_propriotarget_s5,proprio.target,cubepinch_sb_propriotarget_s5,5,det,44,60,80,0.75,ok,3682863
pinch_sinusoid,pinch_sweep_size_rand_sinusoid-20260624-142357,TesolloCubePinch,TesolloCubePinch-20260624-165709-cubepinch_sb_propriotarget_s5,proprio.target,cubepinch_sb_propriotarget_s5,5,det,45,63,80,0.7875,ok,3682863
pinch_sinusoid,pinch_sweep_size_rand_sinusoid-20260624-142357,TesolloCubePinch,TesolloCubePinch-20260624-165709-cubepinch_sb_propriotarget_s5,proprio.target,cubepinch_sb_propriotarget_s5,5,det,46,55,80,0.6875,ok,3682863
pinch_sinusoid,pinch_sweep_size_rand_sinusoid-20260624-142357,TesolloCubePinch,TesolloCubePinch-20260624-165709-cubepinch_sb_propriotarget_s5,proprio.target,cubepinch_sb_propriotarget_s5,5,det,47,49,80,0.6125,ok,3682863
pinch_sinusoid,pinch_sweep_size_rand_sinusoid-20260624-142357,TesolloCubePinch,TesolloCubePinch-20260624-165709-cubepinch_sb_propriotarget_s5,proprio.target,cubepinch_sb_propriotarget_s5,5,det,48,64,80,0.8,ok,3682863
pinch_sinusoid,pinch_sweep_size_rand_sinusoid-20260624-142357,TesolloCubePinch,TesolloCubePinch-20260624-165709-cubepinch_sb_propriotarget_s5,proprio.target,cubepinch_sb_propriotarget_s5,5,det,49,39,80,0.4875,ok,3682863
pinch_sinusoid,pinch_sweep_size_rand_sinusoid-20260624-142357,TesolloCubePinch,TesolloCubePinch-20260624-165709-cubepinch_sb_propriotarget_s5,proprio.target,cubepinch_sb_propriotarget_s5,5,det,50,50,80,0.625,ok,3682863
pinch_sinusoid,pinch_sweep_size_rand_sinusoid-20260624-142357,TesolloCubePinch,TesolloCubePinch-20260624-165709-cubepinch_sb_propriotarget_s5,proprio.target,cubepinch_sb_propriotarget_s5,5,det,51,54,80,0.675,ok,3682863
pinch_sinusoid,pinch_sweep_size_rand_sinusoid-20260624-142357,TesolloCubePinch,TesolloCubePinch-20260624-165709-cubepinch_sb_propriotarget_s5,proprio.target,cubepinch_sb_propriotarget_s5,5,det,52,64,80,0.8,ok,3682863
pinch_sinusoid,pinch_sweep_size_rand_sinusoid-20260624-142357,TesolloCubePinch,TesolloCubePinch-20260624-165709-cubepinch_sb_propriotarget_s5,proprio.target,cubepinch_sb_propriotarget_s5,5,det,53,53,80,0.6625,ok,3682863
pinch_sinusoid,pinch_sweep_size_rand_sinusoid-20260624-142357,TesolloCubePinch,TesolloCubePinch-20260624-165709-cubepinch_sb_propriotarget_s5,proprio.target,cubepinch_sb_propriotarget_s5,5,det,54,53,80,0.6625,ok,3682863
pinch_sinusoid,pinch_sweep_size_rand_sinusoid-20260624-142357,TesolloCubePinch,TesolloCubePinch-20260624-165709-cubepinch_sb_propriotarget_s5,proprio.target,cubepinch_sb_propriotarget_s5,5,det,55,54,80,0.675,ok,3682863
pinch_sinusoid,pinch_sweep_size_rand_sinusoid-20260624-142357,TesolloCubePinch,TesolloCubePinch-20260624-165709-cubepinch_sb_propriotarget_s5,proprio.target,cubepinch_sb_propriotarget_s5,5,det,56,65,80,0.8125,ok,3682863
pinch_sinusoid,pinch_sweep_size_rand_sinusoid-20260624-142357,TesolloCubePinch,TesolloCubePinch-20260624-165709-cubepinch_sb_propriotarget_s5,proprio.target,cubepinch_sb_propriotarget_s5,5,det,57,49,80,0.6125,ok,3682863
pinch_sinusoid,pinch_sweep_size_rand_sinusoid-20260624-142357,TesolloCubePinch,TesolloCubePinch-20260624-165709-cubepinch_sb_propriotarget_s5,proprio.target,cubepinch_sb_propriotarget_s5,5,det,58,50,80,0.625,ok,3682863
pinch_sinusoid,pinch_sweep_size_rand_sinusoid-20260624-142357,TesolloCubePinch,TesolloCubePinch-20260624-165709-cubepinch_sb_propriotarget_s5,proprio.target,cubepinch_sb_propriotarget_s5,5,det,59,60,80,0.75,ok,3682863
pinch_sinusoid,pinch_sweep_size_rand_sinusoid-20260624-142357,TesolloCubePinch,TesolloCubePinch-20260624-165709-cubepinch_sb_propriotarget_s5,proprio.target,cubepinch_sb_propriotarget_s5,5,det,60,55,80,0.6875,ok,3682863
pinch_sinusoid,pinch_sweep_size_rand_sinusoid-20260624-142357,TesolloCubePinch,TesolloCubePinch-20260624-165709-cubepinch_sb_propriotarget_s5,proprio.target,cubepinch_sb_propriotarget_s5,5,det,61,64,80,0.8,ok,3682863
pinch_sinusoid,pinch_sweep_size_rand_sinusoid-20260624-142357,TesolloCubePinch,TesolloCubePinch-20260624-165709-cubepinch_sb_propriotarget_s5,proprio.target,cubepinch_sb_propriotarget_s5,5,det,62,50,80,0.625,ok,3682863
pinch_sinusoid,pinch_sweep_size_rand_sinusoid-20260624-142357,TesolloCubePinch,TesolloCubePinch-20260624-165709-cubepinch_sb_propriotarget_s5,proprio.target,cubepinch_sb_propriotarget_s5,5,det,63,48,80,0.6,ok,3682863
pinch_sinusoid,pinch_sweep_size_rand_sinusoid-20260624-142357,TesolloCubePinch,TesolloCubePinch-20260624-165709-cubepinch_sb_propriotarget_s5,proprio.target,cubepinch_sb_propriotarget_s5,5,det,64,60,80,0.75,ok,3682863
pinch_sinusoid,pinch_sweep_size_rand_sinusoid-20260624-142357,TesolloCubePinch,TesolloCubePinch-20260624-165709-cubepinch_sb_propriotarget_s5,proprio.target,cubepinch_sb_propriotarget_s5,5,det,65,51,80,0.6375,ok,3682863
pinch_sinusoid,pinch_sweep_size_rand_sinusoid-20260624-142357,TesolloCubePinch,TesolloCubePinch-20260624-165709-cubepinch_sb_propriotarget_s5,proprio.target,cubepinch_sb_propriotarget_s5,5,det,66,61,80,0.7625,ok,3682863
pinch_sinusoid,pinch_sweep_size_rand_sinusoid-20260624-142357,TesolloCubePinch,TesolloCubePinch-20260624-165709-cubepinch_sb_propriotarget_s5,proprio.target,cubepinch_sb_propriotarget_s5,5,det,67,45,80,0.5625,ok,3682863
pinch_sinusoid,pinch_sweep_size_rand_sinusoid-20260624-142357,TesolloCubePinch,TesolloCubePinch-20260624-165709-cubepinch_sb_propriotarget_s5,proprio.target,cubepinch_sb_propriotarget_s5,5,det,68,58,80,0.725,ok,3682863
pinch_sinusoid,pinch_sweep_size_rand_sinusoid-20260624-142357,TesolloCubePinch,TesolloCubePinch-20260624-165709-cubepinch_sb_propriotarget_s5,proprio.target,cubepinch_sb_propriotarget_s5,5,det,69,60,80,0.75,ok,3682863
pinch_sinusoid,pinch_sweep_size_rand_sinusoid-20260624-142357,TesolloCubePinch,TesolloCubePinch-20260624-165709-cubepinch_sb_propriotarget_s5,proprio.target,cubepinch_sb_propriotarget_s5,5,det,70,54,80,0.675,ok,3682863
pinch_sinusoid,pinch_sweep_size_rand_sinusoid-20260624-142357,TesolloCubePinch,TesolloCubePinch-20260624-165709-cubepinch_sb_propriotarget_s5,proprio.target,cubepinch_sb_propriotarget_s5,5,det,71,43,80,0.5375,ok,3682863
pinch_sinusoid,pinch_sweep_size_rand_sinusoid-20260624-142357,TesolloCubePinch,TesolloCubePinch-20260624-165709-cubepinch_sb_propriotarget_s5,proprio.target,cubepinch_sb_propriotarget_s5,5,det,72,50,80,0.625,ok,3682863
pinch_sinusoid,pinch_sweep_size_rand_sinusoid-20260624-142357,TesolloCubePinch,TesolloCubePinch-20260624-165709-cubepinch_sb_propriotarget_s5,proprio.target,cubepinch_sb_propriotarget_s5,5,det,73,61,80,0.7625,ok,3682863
pinch_sinusoid,pinch_sweep_size_rand_sinusoid-20260624-142357,TesolloCubePinch,TesolloCubePinch-20260624-165709-cubepinch_sb_propriotarget_s5,proprio.target,cubepinch_sb_propriotarget_s5,5,det,74,61,80,0.7625,ok,3682863
pinch_sinusoid,pinch_sweep_size_rand_sinusoid-20260624-142357,TesolloCubePinch,TesolloCubePinch-20260624-165709-cubepinch_sb_propriotarget_s5,proprio.target,cubepinch_sb_propriotarget_s5,5,det,75,64,80,0.8,ok,3682863
pinch_sinusoid,pinch_sweep_size_rand_sinusoid-20260624-142357,TesolloCubePinch,TesolloCubePinch-20260624-165709-cubepinch_sb_propriotarget_s5,proprio.target,cubepinch_sb_propriotarget_s5,5,det,76,52,80,0.65,ok,3682863
pinch_sinusoid,pinch_sweep_size_rand_sinusoid-20260624-142357,TesolloCubePinch,TesolloCubePinch-20260624-165709-cubepinch_sb_propriotarget_s5,proprio.target,cubepinch_sb_propriotarget_s5,5,det,77,65,80,0.8125,ok,3682863
pinch_sinusoid,pinch_sweep_size_rand_sinusoid-20260624-142357,TesolloCubePinch,TesolloCubePinch-20260624-165709-cubepinch_sb_propriotarget_s5,proprio.target,cubepinch_sb_propriotarget_s5,5,det,78,63,80,0.7875,ok,3682863
pinch_sinusoid,pinch_sweep_size_rand_sinusoid-20260624-142357,TesolloCubePinch,TesolloCubePinch-20260624-165709-cubepinch_sb_propriotarget_s5,proprio.target,cubepinch_sb_propriotarget_s5,5,det,79,60,80,0.75,ok,3682863
pinch_sinusoid,pinch_sweep_size_rand_sinusoid-20260624-142357,TesolloCubePinch,TesolloCubePinch-20260624-165709-cubepinch_sb_propriotarget_s5,proprio.target,cubepinch_sb_propriotarget_s5,5,det,80,42,80,0.525,ok,3682863
pinch_sinusoid,pinch_sweep_size_rand_sinusoid-20260624-142357,TesolloCubePinch,TesolloCubePinch-20260624-165709-cubepinch_sb_propriotarget_s5,proprio.target,cubepinch_sb_propriotarget_s5,5,det,81,64,80,0.8,ok,3682863
pinch_sinusoid,pinch_sweep_size_rand_sinusoid-20260624-142357,TesolloCubePinch,TesolloCubePinch-20260624-165709-cubepinch_sb_propriotarget_s5,proprio.target,cubepinch_sb_propriotarget_s5,5,det,82,65,80,0.8125,ok,3682863
pinch_sinusoid,pinch_sweep_size_rand_sinusoid-20260624-142357,TesolloCubePinch,TesolloCubePinch-20260624-165709-cubepinch_sb_propriotarget_s5,proprio.target,cubepinch_sb_propriotarget_s5,5,det,83,65,80,0.8125,ok,3682863
pinch_sinusoid,pinch_sweep_size_rand_sinusoid-20260624-142357,TesolloCubePinch,TesolloCubePinch-20260624-165709-cubepinch_sb_propriotarget_s5,proprio.target,cubepinch_sb_propriotarget_s5,5,det,84,49,80,0.6125,ok,3682863
pinch_sinusoid,pinch_sweep_size_rand_sinusoid-20260624-142357,TesolloCubePinch,TesolloCubePinch-20260624-165709-cubepinch_sb_propriotarget_s5,proprio.target,cubepinch_sb_propriotarget_s5,5,det,85,65,80,0.8125,ok,3682863
pinch_sinusoid,pinch_sweep_size_rand_sinusoid-20260624-142357,TesolloCubePinch,TesolloCubePinch-20260624-165709-cubepinch_sb_propriotarget_s5,proprio.target,cubepinch_sb_propriotarget_s5,5,det,86,60,80,0.75,ok,3682863
pinch_sinusoid,pinch_sweep_size_rand_sinusoid-20260624-142357,TesolloCubePinch,TesolloCubePinch-20260624-165709-cubepinch_sb_propriotarget_s5,proprio.target,cubepinch_sb_propriotarget_s5,5,det,87,58,80,0.725,ok,3682863
pinch_sinusoid,pinch_sweep_size_rand_sinusoid-20260624-142357,TesolloCubePinch,TesolloCubePinch-20260624-165709-cubepinch_sb_propriotarget_s5,proprio.target,cubepinch_sb_propriotarget_s5,5,det,88,63,80,0.7875,ok,3682863
pinch_sinusoid,pinch_sweep_size_rand_sinusoid-20260624-142357,TesolloCubePinch,TesolloCubePinch-20260624-165709-cubepinch_sb_propriotarget_s5,proprio.target,cubepinch_sb_propriotarget_s5,5,det,89,65,80,0.8125,ok,3682863
pinch_sinusoid,pinch_sweep_size_rand_sinusoid-20260624-142357,TesolloCubePinch,TesolloCubePinch-20260624-165709-cubepinch_sb_propriotarget_s5,proprio.target,cubepinch_sb_propriotarget_s5,5,det,90,64,80,0.8,ok,3682863
pinch_sinusoid,pinch_sweep_size_rand_sinusoid-20260624-142357,TesolloCubePinch,TesolloCubePinch-20260624-165709-cubepinch_sb_propriotarget_s5,proprio.target,cubepinch_sb_propriotarget_s5,5,det,91,64,80,0.8,ok,3682863
pinch_sinusoid,pinch_sweep_size_rand_sinusoid-20260624-142357,TesolloCubePinch,TesolloCubePinch-20260624-165709-cubepinch_sb_propriotarget_s5,proprio.target,cubepinch_sb_propriotarget_s5,5,det,92,36,80,0.45,ok,3682863
pinch_sinusoid,pinch_sweep_size_rand_sinusoid-20260624-142357,TesolloCubePinch,TesolloCubePinch-20260624-165709-cubepinch_sb_propriotarget_s5,proprio.target,cubepinch_sb_propriotarget_s5,5,det,93,57,80,0.7125,ok,3682863
pinch_sinusoid,pinch_sweep_size_rand_sinusoid-20260624-142357,TesolloCubePinch,TesolloCubePinch-20260624-165709-cubepinch_sb_propriotarget_s5,proprio.target,cubepinch_sb_propriotarget_s5,5,det,94,63,80,0.7875,ok,3682863
pinch_sinusoid,pinch_sweep_size_rand_sinusoid-20260624-142357,TesolloCubePinch,TesolloCubePinch-20260624-165709-cubepinch_sb_propriotarget_s5,proprio.target,cubepinch_sb_propriotarget_s5,5,det,95,61,80,0.7625,ok,3682863
pinch_sinusoid,pinch_sweep_size_rand_sinusoid-20260624-142357,TesolloCubePinch,TesolloCubePinch-20260624-165709-cubepinch_sb_propriotarget_s5,proprio.target,cubepinch_sb_propriotarget_s5,5,det,96,60,80,0.75,ok,3682863
pinch_sinusoid,pinch_sweep_size_rand_sinusoid-20260624-142357,TesolloCubePinch,TesolloCubePinch-20260624-165709-cubepinch_sb_propriotarget_s5,proprio.target,cubepinch_sb_propriotarget_s5,5,det,97,60,80,0.75,ok,3682863
pinch_sinusoid,pinch_sweep_size_rand_sinusoid-20260624-142357,TesolloCubePinch,TesolloCubePinch-20260624-165709-cubepinch_sb_propriotarget_s5,proprio.target,cubepinch_sb_propriotarget_s5,5,det,98,60,80,0.75,ok,3682863
pinch_sinusoid,pinch_sweep_size_rand_sinusoid-20260624-142357,TesolloCubePinch,TesolloCubePinch-20260624-165709-cubepinch_sb_propriotarget_s5,proprio.target,cubepinch_sb_propriotarget_s5,5,det,99,60,80,0.75,ok,3682863
pinch_sinusoid,pinch_sweep_size_rand_sinusoid-20260624-142357,TesolloCubePinch,TesolloCubePinch-20260624-154905-cubepinch_sb_propriotarget_s6,proprio.target,cubepinch_sb_propriotarget_s6,6,det,0,48,80,0.6,ok,3682863
pinch_sinusoid,pinch_sweep_size_rand_sinusoid-20260624-142357,TesolloCubePinch,TesolloCubePinch-20260624-154905-cubepinch_sb_propriotarget_s6,proprio.target,cubepinch_sb_propriotarget_s6,6,det,1,38,80,0.475,ok,3682863
pinch_sinusoid,pinch_sweep_size_rand_sinusoid-20260624-142357,TesolloCubePinch,TesolloCubePinch-20260624-154905-cubepinch_sb_propriotarget_s6,proprio.target,cubepinch_sb_propriotarget_s6,6,det,2,17,80,0.2125,ok,3682863
pinch_sinusoid,pinch_sweep_size_rand_sinusoid-20260624-142357,TesolloCubePinch,TesolloCubePinch-20260624-154905-cubepinch_sb_propriotarget_s6,proprio.target,cubepinch_sb_propriotarget_s6,6,det,3,46,80,0.575,ok,3682863
pinch_sinusoid,pinch_sweep_size_rand_sinusoid-20260624-142357,TesolloCubePinch,TesolloCubePinch-20260624-154905-cubepinch_sb_propriotarget_s6,proprio.target,cubepinch_sb_propriotarget_s6,6,det,4,34,80,0.425,ok,3682863
pinch_sinusoid,pinch_sweep_size_rand_sinusoid-20260624-142357,TesolloCubePinch,TesolloCubePinch-20260624-154905-cubepinch_sb_propriotarget_s6,proprio.target,cubepinch_sb_propriotarget_s6,6,det,5,47,80,0.5875,ok,3682863
pinch_sinusoid,pinch_sweep_size_rand_sinusoid-20260624-142357,TesolloCubePinch,TesolloCubePinch-20260624-154905-cubepinch_sb_propriotarget_s6,proprio.target,cubepinch_sb_propriotarget_s6,6,det,6,26,80,0.325,ok,3682863
pinch_sinusoid,pinch_sweep_size_rand_sinusoid-20260624-142357,TesolloCubePinch,TesolloCubePinch-20260624-154905-cubepinch_sb_propriotarget_s6,proprio.target,cubepinch_sb_propriotarget_s6,6,det,7,33,80,0.4125,ok,3682863
pinch_sinusoid,pinch_sweep_size_rand_sinusoid-20260624-142357,TesolloCubePinch,TesolloCubePinch-20260624-154905-cubepinch_sb_propriotarget_s6,proprio.target,cubepinch_sb_propriotarget_s6,6,det,8,36,80,0.45,ok,3682863
pinch_sinusoid,pinch_sweep_size_rand_sinusoid-20260624-142357,TesolloCubePinch,TesolloCubePinch-20260624-154905-cubepinch_sb_propriotarget_s6,proprio.target,cubepinch_sb_propriotarget_s6,6,det,9,48,80,0.6,ok,3682863
pinch_sinusoid,pinch_sweep_size_rand_sinusoid-20260624-142357,TesolloCubePinch,TesolloCubePinch-20260624-154905-cubepinch_sb_propriotarget_s6,proprio.target,cubepinch_sb_propriotarget_s6,6,det,10,36,80,0.45,ok,3682863
pinch_sinusoid,pinch_sweep_size_rand_sinusoid-20260624-142357,TesolloCubePinch,TesolloCubePinch-20260624-154905-cubepinch_sb_propriotarget_s6,proprio.target,cubepinch_sb_propriotarget_s6,6,det,11,42,80,0.525,ok,3682863
pinch_sinusoid,pinch_sweep_size_rand_sinusoid-20260624-142357,TesolloCubePinch,TesolloCubePinch-20260624-154905-cubepinch_sb_propriotarget_s6,proprio.target,cubepinch_sb_propriotarget_s6,6,det,12,38,80,0.475,ok,3682863
pinch_sinusoid,pinch_sweep_size_rand_sinusoid-20260624-142357,TesolloCubePinch,TesolloCubePinch-20260624-154905-cubepinch_sb_propriotarget_s6,proprio.target,cubepinch_sb_propriotarget_s6,6,det,13,45,80,0.5625,ok,3682863
pinch_sinusoid,pinch_sweep_size_rand_sinusoid-20260624-142357,TesolloCubePinch,TesolloCubePinch-20260624-154905-cubepinch_sb_propriotarget_s6,proprio.target,cubepinch_sb_propriotarget_s6,6,det,14,39,80,0.4875,ok,3682863
pinch_sinusoid,pinch_sweep_size_rand_sinusoid-20260624-142357,TesolloCubePinch,TesolloCubePinch-20260624-154905-cubepinch_sb_propriotarget_s6,proprio.target,cubepinch_sb_propriotarget_s6,6,det,15,39,80,0.4875,ok,3682863
pinch_sinusoid,pinch_sweep_size_rand_sinusoid-20260624-142357,TesolloCubePinch,TesolloCubePinch-20260624-154905-cubepinch_sb_propriotarget_s6,proprio.target,cubepinch_sb_propriotarget_s6,6,det,16,10,80,0.125,ok,3682863
pinch_sinusoid,pinch_sweep_size_rand_sinusoid-20260624-142357,TesolloCubePinch,TesolloCubePinch-20260624-154905-cubepinch_sb_propriotarget_s6,proprio.target,cubepinch_sb_propriotarget_s6,6,det,17,25,80,0.3125,ok,3682863
pinch_sinusoid,pinch_sweep_size_rand_sinusoid-20260624-142357,TesolloCubePinch,TesolloCubePinch-20260624-154905-cubepinch_sb_propriotarget_s6,proprio.target,cubepinch_sb_propriotarget_s6,6,det,18,35,80,0.4375,ok,3682863
pinch_sinusoid,pinch_sweep_size_rand_sinusoid-20260624-142357,TesolloCubePinch,TesolloCubePinch-20260624-154905-cubepinch_sb_propriotarget_s6,proprio.target,cubepinch_sb_propriotarget_s6,6,det,19,38,80,0.475,ok,3682863
pinch_sinusoid,pinch_sweep_size_rand_sinusoid-20260624-142357,TesolloCubePinch,TesolloCubePinch-20260624-154905-cubepinch_sb_propriotarget_s6,proprio.target,cubepinch_sb_propriotarget_s6,6,det,20,11,80,0.1375,ok,3682863
pinch_sinusoid,pinch_sweep_size_rand_sinusoid-20260624-142357,TesolloCubePinch,TesolloCubePinch-20260624-154905-cubepinch_sb_propriotarget_s6,proprio.target,cubepinch_sb_propriotarget_s6,6,det,21,22,80,0.275,ok,3682863
pinch_sinusoid,pinch_sweep_size_rand_sinusoid-20260624-142357,TesolloCubePinch,TesolloCubePinch-20260624-154905-cubepinch_sb_propriotarget_s6,proprio.target,cubepinch_sb_propriotarget_s6,6,det,22,32,80,0.4,ok,3682863
pinch_sinusoid,pinch_sweep_size_rand_sinusoid-20260624-142357,TesolloCubePinch,TesolloCubePinch-20260624-154905-cubepinch_sb_propriotarget_s6,proprio.target,cubepinch_sb_propriotarget_s6,6,det,23,17,80,0.2125,ok,3682863
pinch_sinusoid,pinch_sweep_size_rand_sinusoid-20260624-142357,TesolloCubePinch,TesolloCubePinch-20260624-154905-cubepinch_sb_propriotarget_s6,proprio.target,cubepinch_sb_propriotarget_s6,6,det,24,34,80,0.425,ok,3682863
pinch_sinusoid,pinch_sweep_size_rand_sinusoid-20260624-142357,TesolloCubePinch,TesolloCubePinch-20260624-154905-cubepinch_sb_propriotarget_s6,proprio.target,cubepinch_sb_propriotarget_s6,6,det,25,32,80,0.4,ok,3682863
pinch_sinusoid,pinch_sweep_size_rand_sinusoid-20260624-142357,TesolloCubePinch,TesolloCubePinch-20260624-154905-cubepinch_sb_propriotarget_s6,proprio.target,cubepinch_sb_propriotarget_s6,6,det,26,46,80,0.575,ok,3682863
pinch_sinusoid,pinch_sweep_size_rand_sinusoid-20260624-142357,TesolloCubePinch,TesolloCubePinch-20260624-154905-cubepinch_sb_propriotarget_s6,proprio.target,cubepinch_sb_propriotarget_s6,6,det,27,45,80,0.5625,ok,3682863
pinch_sinusoid,pinch_sweep_size_rand_sinusoid-20260624-142357,TesolloCubePinch,TesolloCubePinch-20260624-154905-cubepinch_sb_propriotarget_s6,proprio.target,cubepinch_sb_propriotarget_s6,6,det,28,46,80,0.575,ok,3682863
pinch_sinusoid,pinch_sweep_size_rand_sinusoid-20260624-142357,TesolloCubePinch,TesolloCubePinch-20260624-154905-cubepinch_sb_propriotarget_s6,proprio.target,cubepinch_sb_propriotarget_s6,6,det,29,31,80,0.3875,ok,3682863
pinch_sinusoid,pinch_sweep_size_rand_sinusoid-20260624-142357,TesolloCubePinch,TesolloCubePinch-20260624-154905-cubepinch_sb_propriotarget_s6,proprio.target,cubepinch_sb_propriotarget_s6,6,det,30,50,80,0.625,ok,3682863
pinch_sinusoid,pinch_sweep_size_rand_sinusoid-20260624-142357,TesolloCubePinch,TesolloCubePinch-20260624-154905-cubepinch_sb_propriotarget_s6,proprio.target,cubepinch_sb_propriotarget_s6,6,det,31,40,80,0.5,ok,3682863
pinch_sinusoid,pinch_sweep_size_rand_sinusoid-20260624-142357,TesolloCubePinch,TesolloCubePinch-20260624-154905-cubepinch_sb_propriotarget_s6,proprio.target,cubepinch_sb_propriotarget_s6,6,det,32,21,80,0.2625,ok,3682863
pinch_sinusoid,pinch_sweep_size_rand_sinusoid-20260624-142357,TesolloCubePinch,TesolloCubePinch-20260624-154905-cubepinch_sb_propriotarget_s6,proprio.target,cubepinch_sb_propriotarget_s6,6,det,33,36,80,0.45,ok,3682863
pinch_sinusoid,pinch_sweep_size_rand_sinusoid-20260624-142357,TesolloCubePinch,TesolloCubePinch-20260624-154905-cubepinch_sb_propriotarget_s6,proprio.target,cubepinch_sb_propriotarget_s6,6,det,34,18,80,0.225,ok,3682863
pinch_sinusoid,pinch_sweep_size_rand_sinusoid-20260624-142357,TesolloCubePinch,TesolloCubePinch-20260624-154905-cubepinch_sb_propriotarget_s6,proprio.target,cubepinch_sb_propriotarget_s6,6,det,35,39,80,0.4875,ok,3682863
pinch_sinusoid,pinch_sweep_size_rand_sinusoid-20260624-142357,TesolloCubePinch,TesolloCubePinch-20260624-154905-cubepinch_sb_propriotarget_s6,proprio.target,cubepinch_sb_propriotarget_s6,6,det,36,20,80,0.25,ok,3682863
pinch_sinusoid,pinch_sweep_size_rand_sinusoid-20260624-142357,TesolloCubePinch,TesolloCubePinch-20260624-154905-cubepinch_sb_propriotarget_s6,proprio.target,cubepinch_sb_propriotarget_s6,6,det,37,48,80,0.6,ok,3682863
pinch_sinusoid,pinch_sweep_size_rand_sinusoid-20260624-142357,TesolloCubePinch,TesolloCubePinch-20260624-154905-cubepinch_sb_propriotarget_s6,proprio.target,cubepinch_sb_propriotarget_s6,6,det,38,28,80,0.35,ok,3682863
pinch_sinusoid,pinch_sweep_size_rand_sinusoid-20260624-142357,TesolloCubePinch,TesolloCubePinch-20260624-154905-cubepinch_sb_propriotarget_s6,proprio.target,cubepinch_sb_propriotarget_s6,6,det,39,28,80,0.35,ok,3682863
pinch_sinusoid,pinch_sweep_size_rand_sinusoid-20260624-142357,TesolloCubePinch,TesolloCubePinch-20260624-154905-cubepinch_sb_propriotarget_s6,proprio.target,cubepinch_sb_propriotarget_s6,6,det,40,37,80,0.4625,ok,3682863
pinch_sinusoid,pinch_sweep_size_rand_sinusoid-20260624-142357,TesolloCubePinch,TesolloCubePinch-20260624-154905-cubepinch_sb_propriotarget_s6,proprio.target,cubepinch_sb_propriotarget_s6,6,det,41,30,80,0.375,ok,3682863
pinch_sinusoid,pinch_sweep_size_rand_sinusoid-20260624-142357,TesolloCubePinch,TesolloCubePinch-20260624-154905-cubepinch_sb_propriotarget_s6,proprio.target,cubepinch_sb_propriotarget_s6,6,det,42,26,80,0.325,ok,3682863
pinch_sinusoid,pinch_sweep_size_rand_sinusoid-20260624-142357,TesolloCubePinch,TesolloCubePinch-20260624-154905-cubepinch_sb_propriotarget_s6,proprio.target,cubepinch_sb_propriotarget_s6,6,det,43,29,80,0.3625,ok,3682863
pinch_sinusoid,pinch_sweep_size_rand_sinusoid-20260624-142357,TesolloCubePinch,TesolloCubePinch-20260624-154905-cubepinch_sb_propriotarget_s6,proprio.target,cubepinch_sb_propriotarget_s6,6,det,44,29,80,0.3625,ok,3682863
pinch_sinusoid,pinch_sweep_size_rand_sinusoid-20260624-142357,TesolloCubePinch,TesolloCubePinch-20260624-154905-cubepinch_sb_propriotarget_s6,proprio.target,cubepinch_sb_propriotarget_s6,6,det,45,32,80,0.4,ok,3682863
pinch_sinusoid,pinch_sweep_size_rand_sinusoid-20260624-142357,TesolloCubePinch,TesolloCubePinch-20260624-154905-cubepinch_sb_propriotarget_s6,proprio.target,cubepinch_sb_propriotarget_s6,6,det,46,38,80,0.475,ok,3682863
pinch_sinusoid,pinch_sweep_size_rand_sinusoid-20260624-142357,TesolloCubePinch,TesolloCubePinch-20260624-154905-cubepinch_sb_propriotarget_s6,proprio.target,cubepinch_sb_propriotarget_s6,6,det,47,27,80,0.3375,ok,3682863
pinch_sinusoid,pinch_sweep_size_rand_sinusoid-20260624-142357,TesolloCubePinch,TesolloCubePinch-20260624-154905-cubepinch_sb_propriotarget_s6,proprio.target,cubepinch_sb_propriotarget_s6,6,det,48,19,80,0.2375,ok,3682863
pinch_sinusoid,pinch_sweep_size_rand_sinusoid-20260624-142357,TesolloCubePinch,TesolloCubePinch-20260624-154905-cubepinch_sb_propriotarget_s6,proprio.target,cubepinch_sb_propriotarget_s6,6,det,49,32,80,0.4,ok,3682863
pinch_sinusoid,pinch_sweep_size_rand_sinusoid-20260624-142357,TesolloCubePinch,TesolloCubePinch-20260624-154905-cubepinch_sb_propriotarget_s6,proprio.target,cubepinch_sb_propriotarget_s6,6,det,50,30,80,0.375,ok,3682863
pinch_sinusoid,pinch_sweep_size_rand_sinusoid-20260624-142357,TesolloCubePinch,TesolloCubePinch-20260624-154905-cubepinch_sb_propriotarget_s6,proprio.target,cubepinch_sb_propriotarget_s6,6,det,51,28,80,0.35,ok,3682863
pinch_sinusoid,pinch_sweep_size_rand_sinusoid-20260624-142357,TesolloCubePinch,TesolloCubePinch-20260624-154905-cubepinch_sb_propriotarget_s6,proprio.target,cubepinch_sb_propriotarget_s6,6,det,52,26,80,0.325,ok,3682863
pinch_sinusoid,pinch_sweep_size_rand_sinusoid-20260624-142357,TesolloCubePinch,TesolloCubePinch-20260624-154905-cubepinch_sb_propriotarget_s6,proprio.target,cubepinch_sb_propriotarget_s6,6,det,53,28,80,0.35,ok,3682863
pinch_sinusoid,pinch_sweep_size_rand_sinusoid-20260624-142357,TesolloCubePinch,TesolloCubePinch-20260624-154905-cubepinch_sb_propriotarget_s6,proprio.target,cubepinch_sb_propriotarget_s6,6,det,54,42,80,0.525,ok,3682863
pinch_sinusoid,pinch_sweep_size_rand_sinusoid-20260624-142357,TesolloCubePinch,TesolloCubePinch-20260624-154905-cubepinch_sb_propriotarget_s6,proprio.target,cubepinch_sb_propriotarget_s6,6,det,55,35,80,0.4375,ok,3682863
pinch_sinusoid,pinch_sweep_size_rand_sinusoid-20260624-142357,TesolloCubePinch,TesolloCubePinch-20260624-154905-cubepinch_sb_propriotarget_s6,proprio.target,cubepinch_sb_propriotarget_s6,6,det,56,25,80,0.3125,ok,3682863
pinch_sinusoid,pinch_sweep_size_rand_sinusoid-20260624-142357,TesolloCubePinch,TesolloCubePinch-20260624-154905-cubepinch_sb_propriotarget_s6,proprio.target,cubepinch_sb_propriotarget_s6,6,det,57,38,80,0.475,ok,3682863
pinch_sinusoid,pinch_sweep_size_rand_sinusoid-20260624-142357,TesolloCubePinch,TesolloCubePinch-20260624-154905-cubepinch_sb_propriotarget_s6,proprio.target,cubepinch_sb_propriotarget_s6,6,det,58,30,80,0.375,ok,3682863
pinch_sinusoid,pinch_sweep_size_rand_sinusoid-20260624-142357,TesolloCubePinch,TesolloCubePinch-20260624-154905-cubepinch_sb_propriotarget_s6,proprio.target,cubepinch_sb_propriotarget_s6,6,det,59,27,80,0.3375,ok,3682863
pinch_sinusoid,pinch_sweep_size_rand_sinusoid-20260624-142357,TesolloCubePinch,TesolloCubePinch-20260624-154905-cubepinch_sb_propriotarget_s6,proprio.target,cubepinch_sb_propriotarget_s6,6,det,60,45,80,0.5625,ok,3682863
pinch_sinusoid,pinch_sweep_size_rand_sinusoid-20260624-142357,TesolloCubePinch,TesolloCubePinch-20260624-154905-cubepinch_sb_propriotarget_s6,proprio.target,cubepinch_sb_propriotarget_s6,6,det,61,38,80,0.475,ok,3682863
pinch_sinusoid,pinch_sweep_size_rand_sinusoid-20260624-142357,TesolloCubePinch,TesolloCubePinch-20260624-154905-cubepinch_sb_propriotarget_s6,proprio.target,cubepinch_sb_propriotarget_s6,6,det,62,38,80,0.475,ok,3682863
pinch_sinusoid,pinch_sweep_size_rand_sinusoid-20260624-142357,TesolloCubePinch,TesolloCubePinch-20260624-154905-cubepinch_sb_propriotarget_s6,proprio.target,cubepinch_sb_propriotarget_s6,6,det,63,42,80,0.525,ok,3682863
pinch_sinusoid,pinch_sweep_size_rand_sinusoid-20260624-142357,TesolloCubePinch,TesolloCubePinch-20260624-154905-cubepinch_sb_propriotarget_s6,proprio.target,cubepinch_sb_propriotarget_s6,6,det,64,32,80,0.4,ok,3682863
pinch_sinusoid,pinch_sweep_size_rand_sinusoid-20260624-142357,TesolloCubePinch,TesolloCubePinch-20260624-154905-cubepinch_sb_propriotarget_s6,proprio.target,cubepinch_sb_propriotarget_s6,6,det,65,28,80,0.35,ok,3682863
pinch_sinusoid,pinch_sweep_size_rand_sinusoid-20260624-142357,TesolloCubePinch,TesolloCubePinch-20260624-154905-cubepinch_sb_propriotarget_s6,proprio.target,cubepinch_sb_propriotarget_s6,6,det,66,32,80,0.4,ok,3682863
pinch_sinusoid,pinch_sweep_size_rand_sinusoid-20260624-142357,TesolloCubePinch,TesolloCubePinch-20260624-154905-cubepinch_sb_propriotarget_s6,proprio.target,cubepinch_sb_propriotarget_s6,6,det,67,31,80,0.3875,ok,3682863
pinch_sinusoid,pinch_sweep_size_rand_sinusoid-20260624-142357,TesolloCubePinch,TesolloCubePinch-20260624-154905-cubepinch_sb_propriotarget_s6,proprio.target,cubepinch_sb_propriotarget_s6,6,det,68,17,80,0.2125,ok,3682863
pinch_sinusoid,pinch_sweep_size_rand_sinusoid-20260624-142357,TesolloCubePinch,TesolloCubePinch-20260624-154905-cubepinch_sb_propriotarget_s6,proprio.target,cubepinch_sb_propriotarget_s6,6,det,69,40,80,0.5,ok,3682863
pinch_sinusoid,pinch_sweep_size_rand_sinusoid-20260624-142357,TesolloCubePinch,TesolloCubePinch-20260624-154905-cubepinch_sb_propriotarget_s6,proprio.target,cubepinch_sb_propriotarget_s6,6,det,70,36,80,0.45,ok,3682863
pinch_sinusoid,pinch_sweep_size_rand_sinusoid-20260624-142357,TesolloCubePinch,TesolloCubePinch-20260624-154905-cubepinch_sb_propriotarget_s6,proprio.target,cubepinch_sb_propriotarget_s6,6,det,71,22,80,0.275,ok,3682863
pinch_sinusoid,pinch_sweep_size_rand_sinusoid-20260624-142357,TesolloCubePinch,TesolloCubePinch-20260624-154905-cubepinch_sb_propriotarget_s6,proprio.target,cubepinch_sb_propriotarget_s6,6,det,72,38,80,0.475,ok,3682863
pinch_sinusoid,pinch_sweep_size_rand_sinusoid-20260624-142357,TesolloCubePinch,TesolloCubePinch-20260624-154905-cubepinch_sb_propriotarget_s6,proprio.target,cubepinch_sb_propriotarget_s6,6,det,73,32,80,0.4,ok,3682863
pinch_sinusoid,pinch_sweep_size_rand_sinusoid-20260624-142357,TesolloCubePinch,TesolloCubePinch-20260624-154905-cubepinch_sb_propriotarget_s6,proprio.target,cubepinch_sb_propriotarget_s6,6,det,74,47,80,0.5875,ok,3682863
pinch_sinusoid,pinch_sweep_size_rand_sinusoid-20260624-142357,TesolloCubePinch,TesolloCubePinch-20260624-154905-cubepinch_sb_propriotarget_s6,proprio.target,cubepinch_sb_propriotarget_s6,6,det,75,36,80,0.45,ok,3682863
pinch_sinusoid,pinch_sweep_size_rand_sinusoid-20260624-142357,TesolloCubePinch,TesolloCubePinch-20260624-154905-cubepinch_sb_propriotarget_s6,proprio.target,cubepinch_sb_propriotarget_s6,6,det,76,31,80,0.3875,ok,3682863
pinch_sinusoid,pinch_sweep_size_rand_sinusoid-20260624-142357,TesolloCubePinch,TesolloCubePinch-20260624-154905-cubepinch_sb_propriotarget_s6,proprio.target,cubepinch_sb_propriotarget_s6,6,det,77,35,80,0.4375,ok,3682863
pinch_sinusoid,pinch_sweep_size_rand_sinusoid-20260624-142357,TesolloCubePinch,TesolloCubePinch-20260624-154905-cubepinch_sb_propriotarget_s6,proprio.target,cubepinch_sb_propriotarget_s6,6,det,78,29,80,0.3625,ok,3682863
pinch_sinusoid,pinch_sweep_size_rand_sinusoid-20260624-142357,TesolloCubePinch,TesolloCubePinch-20260624-154905-cubepinch_sb_propriotarget_s6,proprio.target,cubepinch_sb_propriotarget_s6,6,det,79,27,80,0.3375,ok,3682863
pinch_sinusoid,pinch_sweep_size_rand_sinusoid-20260624-142357,TesolloCubePinch,TesolloCubePinch-20260624-154905-cubepinch_sb_propriotarget_s6,proprio.target,cubepinch_sb_propriotarget_s6,6,det,80,25,80,0.3125,ok,3682863
pinch_sinusoid,pinch_sweep_size_rand_sinusoid-20260624-142357,TesolloCubePinch,TesolloCubePinch-20260624-154905-cubepinch_sb_propriotarget_s6,proprio.target,cubepinch_sb_propriotarget_s6,6,det,81,39,80,0.4875,ok,3682863
pinch_sinusoid,pinch_sweep_size_rand_sinusoid-20260624-142357,TesolloCubePinch,TesolloCubePinch-20260624-154905-cubepinch_sb_propriotarget_s6,proprio.target,cubepinch_sb_propriotarget_s6,6,det,82,20,80,0.25,ok,3682863
pinch_sinusoid,pinch_sweep_size_rand_sinusoid-20260624-142357,TesolloCubePinch,TesolloCubePinch-20260624-154905-cubepinch_sb_propriotarget_s6,proprio.target,cubepinch_sb_propriotarget_s6,6,det,83,40,80,0.5,ok,3682863
pinch_sinusoid,pinch_sweep_size_rand_sinusoid-20260624-142357,TesolloCubePinch,TesolloCubePinch-20260624-154905-cubepinch_sb_propriotarget_s6,proprio.target,cubepinch_sb_propriotarget_s6,6,det,84,27,80,0.3375,ok,3682863
pinch_sinusoid,pinch_sweep_size_rand_sinusoid-20260624-142357,TesolloCubePinch,TesolloCubePinch-20260624-154905-cubepinch_sb_propriotarget_s6,proprio.target,cubepinch_sb_propriotarget_s6,6,det,85,40,80,0.5,ok,3682863
pinch_sinusoid,pinch_sweep_size_rand_sinusoid-20260624-142357,TesolloCubePinch,TesolloCubePinch-20260624-154905-cubepinch_sb_propriotarget_s6,proprio.target,cubepinch_sb_propriotarget_s6,6,det,86,30,80,0.375,ok,3682863
pinch_sinusoid,pinch_sweep_size_rand_sinusoid-20260624-142357,TesolloCubePinch,TesolloCubePinch-20260624-154905-cubepinch_sb_propriotarget_s6,proprio.target,cubepinch_sb_propriotarget_s6,6,det,87,54,80,0.675,ok,3682863
pinch_sinusoid,pinch_sweep_size_rand_sinusoid-20260624-142357,TesolloCubePinch,TesolloCubePinch-20260624-154905-cubepinch_sb_propriotarget_s6,proprio.target,cubepinch_sb_propriotarget_s6,6,det,88,38,80,0.475,ok,3682863
pinch_sinusoid,pinch_sweep_size_rand_sinusoid-20260624-142357,TesolloCubePinch,TesolloCubePinch-20260624-154905-cubepinch_sb_propriotarget_s6,proprio.target,cubepinch_sb_propriotarget_s6,6,det,89,38,80,0.475,ok,3682863
pinch_sinusoid,pinch_sweep_size_rand_sinusoid-20260624-142357,TesolloCubePinch,TesolloCubePinch-20260624-154905-cubepinch_sb_propriotarget_s6,proprio.target,cubepinch_sb_propriotarget_s6,6,det,90,39,80,0.4875,ok,3682863
pinch_sinusoid,pinch_sweep_size_rand_sinusoid-20260624-142357,TesolloCubePinch,TesolloCubePinch-20260624-154905-cubepinch_sb_propriotarget_s6,proprio.target,cubepinch_sb_propriotarget_s6,6,det,91,26,80,0.325,ok,3682863
pinch_sinusoid,pinch_sweep_size_rand_sinusoid-20260624-142357,TesolloCubePinch,TesolloCubePinch-20260624-154905-cubepinch_sb_propriotarget_s6,proprio.target,cubepinch_sb_propriotarget_s6,6,det,92,35,80,0.4375,ok,3682863
pinch_sinusoid,pinch_sweep_size_rand_sinusoid-20260624-142357,TesolloCubePinch,TesolloCubePinch-20260624-154905-cubepinch_sb_propriotarget_s6,proprio.target,cubepinch_sb_propriotarget_s6,6,det,93,33,80,0.4125,ok,3682863
pinch_sinusoid,pinch_sweep_size_rand_sinusoid-20260624-142357,TesolloCubePinch,TesolloCubePinch-20260624-154905-cubepinch_sb_propriotarget_s6,proprio.target,cubepinch_sb_propriotarget_s6,6,det,94,44,80,0.55,ok,3682863
pinch_sinusoid,pinch_sweep_size_rand_sinusoid-20260624-142357,TesolloCubePinch,TesolloCubePinch-20260624-154905-cubepinch_sb_propriotarget_s6,proprio.target,cubepinch_sb_propriotarget_s6,6,det,95,31,80,0.3875,ok,3682863
pinch_sinusoid,pinch_sweep_size_rand_sinusoid-20260624-142357,TesolloCubePinch,TesolloCubePinch-20260624-154905-cubepinch_sb_propriotarget_s6,proprio.target,cubepinch_sb_propriotarget_s6,6,det,96,38,80,0.475,ok,3682863
pinch_sinusoid,pinch_sweep_size_rand_sinusoid-20260624-142357,TesolloCubePinch,TesolloCubePinch-20260624-154905-cubepinch_sb_propriotarget_s6,proprio.target,cubepinch_sb_propriotarget_s6,6,det,97,22,80,0.275,ok,3682863
pinch_sinusoid,pinch_sweep_size_rand_sinusoid-20260624-142357,TesolloCubePinch,TesolloCubePinch-20260624-154905-cubepinch_sb_propriotarget_s6,proprio.target,cubepinch_sb_propriotarget_s6,6,det,98,37,80,0.4625,ok,3682863
pinch_sinusoid,pinch_sweep_size_rand_sinusoid-20260624-142357,TesolloCubePinch,TesolloCubePinch-20260624-154905-cubepinch_sb_propriotarget_s6,proprio.target,cubepinch_sb_propriotarget_s6,6,det,99,35,80,0.4375,ok,3682863
pinch_sinusoid,pinch_sweep_size_rand_sinusoid-20260624-142357,TesolloCubePinch,TesolloCubePinch-20260624-160603-cubepinch_sb_propriotarget_s7,proprio.target,cubepinch_sb_propriotarget_s7,7,det,0,21,80,0.2625,ok,3682863
pinch_sinusoid,pinch_sweep_size_rand_sinusoid-20260624-142357,TesolloCubePinch,TesolloCubePinch-20260624-160603-cubepinch_sb_propriotarget_s7,proprio.target,cubepinch_sb_propriotarget_s7,7,det,1,22,80,0.275,ok,3682863
pinch_sinusoid,pinch_sweep_size_rand_sinusoid-20260624-142357,TesolloCubePinch,TesolloCubePinch-20260624-160603-cubepinch_sb_propriotarget_s7,proprio.target,cubepinch_sb_propriotarget_s7,7,det,2,31,80,0.3875,ok,3682863
pinch_sinusoid,pinch_sweep_size_rand_sinusoid-20260624-142357,TesolloCubePinch,TesolloCubePinch-20260624-160603-cubepinch_sb_propriotarget_s7,proprio.target,cubepinch_sb_propriotarget_s7,7,det,3,22,80,0.275,ok,3682863
pinch_sinusoid,pinch_sweep_size_rand_sinusoid-20260624-142357,TesolloCubePinch,TesolloCubePinch-20260624-160603-cubepinch_sb_propriotarget_s7,proprio.target,cubepinch_sb_propriotarget_s7,7,det,4,28,80,0.35,ok,3682863
pinch_sinusoid,pinch_sweep_size_rand_sinusoid-20260624-142357,TesolloCubePinch,TesolloCubePinch-20260624-160603-cubepinch_sb_propriotarget_s7,proprio.target,cubepinch_sb_propriotarget_s7,7,det,5,36,80,0.45,ok,3682863
pinch_sinusoid,pinch_sweep_size_rand_sinusoid-20260624-142357,TesolloCubePinch,TesolloCubePinch-20260624-160603-cubepinch_sb_propriotarget_s7,proprio.target,cubepinch_sb_propriotarget_s7,7,det,6,43,80,0.5375,ok,3682863
pinch_sinusoid,pinch_sweep_size_rand_sinusoid-20260624-142357,TesolloCubePinch,TesolloCubePinch-20260624-160603-cubepinch_sb_propriotarget_s7,proprio.target,cubepinch_sb_propriotarget_s7,7,det,7,25,80,0.3125,ok,3682863
pinch_sinusoid,pinch_sweep_size_rand_sinusoid-20260624-142357,TesolloCubePinch,TesolloCubePinch-20260624-160603-cubepinch_sb_propriotarget_s7,proprio.target,cubepinch_sb_propriotarget_s7,7,det,8,31,80,0.3875,ok,3682863
pinch_sinusoid,pinch_sweep_size_rand_sinusoid-20260624-142357,TesolloCubePinch,TesolloCubePinch-20260624-160603-cubepinch_sb_propriotarget_s7,proprio.target,cubepinch_sb_propriotarget_s7,7,det,9,19,80,0.2375,ok,3682863
pinch_sinusoid,pinch_sweep_size_rand_sinusoid-20260624-142357,TesolloCubePinch,TesolloCubePinch-20260624-160603-cubepinch_sb_propriotarget_s7,proprio.target,cubepinch_sb_propriotarget_s7,7,det,10,37,80,0.4625,ok,3682863
pinch_sinusoid,pinch_sweep_size_rand_sinusoid-20260624-142357,TesolloCubePinch,TesolloCubePinch-20260624-160603-cubepinch_sb_propriotarget_s7,proprio.target,cubepinch_sb_propriotarget_s7,7,det,11,9,80,0.1125,ok,3682863
pinch_sinusoid,pinch_sweep_size_rand_sinusoid-20260624-142357,TesolloCubePinch,TesolloCubePinch-20260624-160603-cubepinch_sb_propriotarget_s7,proprio.target,cubepinch_sb_propriotarget_s7,7,det,12,24,80,0.3,ok,3682863
pinch_sinusoid,pinch_sweep_size_rand_sinusoid-20260624-142357,TesolloCubePinch,TesolloCubePinch-20260624-160603-cubepinch_sb_propriotarget_s7,proprio.target,cubepinch_sb_propriotarget_s7,7,det,13,30,80,0.375,ok,3682863
pinch_sinusoid,pinch_sweep_size_rand_sinusoid-20260624-142357,TesolloCubePinch,TesolloCubePinch-20260624-160603-cubepinch_sb_propriotarget_s7,proprio.target,cubepinch_sb_propriotarget_s7,7,det,14,28,80,0.35,ok,3682863
pinch_sinusoid,pinch_sweep_size_rand_sinusoid-20260624-142357,TesolloCubePinch,TesolloCubePinch-20260624-160603-cubepinch_sb_propriotarget_s7,proprio.target,cubepinch_sb_propriotarget_s7,7,det,15,23,80,0.2875,ok,3682863
pinch_sinusoid,pinch_sweep_size_rand_sinusoid-20260624-142357,TesolloCubePinch,TesolloCubePinch-20260624-160603-cubepinch_sb_propriotarget_s7,proprio.target,cubepinch_sb_propriotarget_s7,7,det,16,43,80,0.5375,ok,3682863
pinch_sinusoid,pinch_sweep_size_rand_sinusoid-20260624-142357,TesolloCubePinch,TesolloCubePinch-20260624-160603-cubepinch_sb_propriotarget_s7,proprio.target,cubepinch_sb_propriotarget_s7,7,det,17,40,80,0.5,ok,3682863
pinch_sinusoid,pinch_sweep_size_rand_sinusoid-20260624-142357,TesolloCubePinch,TesolloCubePinch-20260624-160603-cubepinch_sb_propriotarget_s7,proprio.target,cubepinch_sb_propriotarget_s7,7,det,18,21,80,0.2625,ok,3682863
pinch_sinusoid,pinch_sweep_size_rand_sinusoid-20260624-142357,TesolloCubePinch,TesolloCubePinch-20260624-160603-cubepinch_sb_propriotarget_s7,proprio.target,cubepinch_sb_propriotarget_s7,7,det,19,16,80,0.2,ok,3682863
pinch_sinusoid,pinch_sweep_size_rand_sinusoid-20260624-142357,TesolloCubePinch,TesolloCubePinch-20260624-160603-cubepinch_sb_propriotarget_s7,proprio.target,cubepinch_sb_propriotarget_s7,7,det,20,20,80,0.25,ok,3682863
pinch_sinusoid,pinch_sweep_size_rand_sinusoid-20260624-142357,TesolloCubePinch,TesolloCubePinch-20260624-160603-cubepinch_sb_propriotarget_s7,proprio.target,cubepinch_sb_propriotarget_s7,7,det,21,31,80,0.3875,ok,3682863
pinch_sinusoid,pinch_sweep_size_rand_sinusoid-20260624-142357,TesolloCubePinch,TesolloCubePinch-20260624-160603-cubepinch_sb_propriotarget_s7,proprio.target,cubepinch_sb_propriotarget_s7,7,det,22,33,80,0.4125,ok,3682863
pinch_sinusoid,pinch_sweep_size_rand_sinusoid-20260624-142357,TesolloCubePinch,TesolloCubePinch-20260624-160603-cubepinch_sb_propriotarget_s7,proprio.target,cubepinch_sb_propriotarget_s7,7,det,23,40,80,0.5,ok,3682863
pinch_sinusoid,pinch_sweep_size_rand_sinusoid-20260624-142357,TesolloCubePinch,TesolloCubePinch-20260624-160603-cubepinch_sb_propriotarget_s7,proprio.target,cubepinch_sb_propriotarget_s7,7,det,24,34,80,0.425,ok,3682863
pinch_sinusoid,pinch_sweep_size_rand_sinusoid-20260624-142357,TesolloCubePinch,TesolloCubePinch-20260624-160603-cubepinch_sb_propriotarget_s7,proprio.target,cubepinch_sb_propriotarget_s7,7,det,25,40,80,0.5,ok,3682863
pinch_sinusoid,pinch_sweep_size_rand_sinusoid-20260624-142357,TesolloCubePinch,TesolloCubePinch-20260624-160603-cubepinch_sb_propriotarget_s7,proprio.target,cubepinch_sb_propriotarget_s7,7,det,26,39,80,0.4875,ok,3682863
pinch_sinusoid,pinch_sweep_size_rand_sinusoid-20260624-142357,TesolloCubePinch,TesolloCubePinch-20260624-160603-cubepinch_sb_propriotarget_s7,proprio.target,cubepinch_sb_propriotarget_s7,7,det,27,33,80,0.4125,ok,3682863
pinch_sinusoid,pinch_sweep_size_rand_sinusoid-20260624-142357,TesolloCubePinch,TesolloCubePinch-20260624-160603-cubepinch_sb_propriotarget_s7,proprio.target,cubepinch_sb_propriotarget_s7,7,det,28,27,80,0.3375,ok,3682863
pinch_sinusoid,pinch_sweep_size_rand_sinusoid-20260624-142357,TesolloCubePinch,TesolloCubePinch-20260624-160603-cubepinch_sb_propriotarget_s7,proprio.target,cubepinch_sb_propriotarget_s7,7,det,29,25,80,0.3125,ok,3682863
pinch_sinusoid,pinch_sweep_size_rand_sinusoid-20260624-142357,TesolloCubePinch,TesolloCubePinch-20260624-160603-cubepinch_sb_propriotarget_s7,proprio.target,cubepinch_sb_propriotarget_s7,7,det,30,33,80,0.4125,ok,3682863
pinch_sinusoid,pinch_sweep_size_rand_sinusoid-20260624-142357,TesolloCubePinch,TesolloCubePinch-20260624-160603-cubepinch_sb_propriotarget_s7,proprio.target,cubepinch_sb_propriotarget_s7,7,det,31,34,80,0.425,ok,3682863
pinch_sinusoid,pinch_sweep_size_rand_sinusoid-20260624-142357,TesolloCubePinch,TesolloCubePinch-20260624-160603-cubepinch_sb_propriotarget_s7,proprio.target,cubepinch_sb_propriotarget_s7,7,det,32,42,80,0.525,ok,3682863
pinch_sinusoid,pinch_sweep_size_rand_sinusoid-20260624-142357,TesolloCubePinch,TesolloCubePinch-20260624-160603-cubepinch_sb_propriotarget_s7,proprio.target,cubepinch_sb_propriotarget_s7,7,det,33,25,80,0.3125,ok,3682863
pinch_sinusoid,pinch_sweep_size_rand_sinusoid-20260624-142357,TesolloCubePinch,TesolloCubePinch-20260624-160603-cubepinch_sb_propriotarget_s7,proprio.target,cubepinch_sb_propriotarget_s7,7,det,34,43,80,0.5375,ok,3682863
pinch_sinusoid,pinch_sweep_size_rand_sinusoid-20260624-142357,TesolloCubePinch,TesolloCubePinch-20260624-160603-cubepinch_sb_propriotarget_s7,proprio.target,cubepinch_sb_propriotarget_s7,7,det,35,22,80,0.275,ok,3682863
pinch_sinusoid,pinch_sweep_size_rand_sinusoid-20260624-142357,TesolloCubePinch,TesolloCubePinch-20260624-160603-cubepinch_sb_propriotarget_s7,proprio.target,cubepinch_sb_propriotarget_s7,7,det,36,28,80,0.35,ok,3682863
pinch_sinusoid,pinch_sweep_size_rand_sinusoid-20260624-142357,TesolloCubePinch,TesolloCubePinch-20260624-160603-cubepinch_sb_propriotarget_s7,proprio.target,cubepinch_sb_propriotarget_s7,7,det,37,45,80,0.5625,ok,3682863
pinch_sinusoid,pinch_sweep_size_rand_sinusoid-20260624-142357,TesolloCubePinch,TesolloCubePinch-20260624-160603-cubepinch_sb_propriotarget_s7,proprio.target,cubepinch_sb_propriotarget_s7,7,det,38,20,80,0.25,ok,3682863
pinch_sinusoid,pinch_sweep_size_rand_sinusoid-20260624-142357,TesolloCubePinch,TesolloCubePinch-20260624-160603-cubepinch_sb_propriotarget_s7,proprio.target,cubepinch_sb_propriotarget_s7,7,det,39,25,80,0.3125,ok,3682863
pinch_sinusoid,pinch_sweep_size_rand_sinusoid-20260624-142357,TesolloCubePinch,TesolloCubePinch-20260624-160603-cubepinch_sb_propriotarget_s7,proprio.target,cubepinch_sb_propriotarget_s7,7,det,40,18,80,0.225,ok,3682863
pinch_sinusoid,pinch_sweep_size_rand_sinusoid-20260624-142357,TesolloCubePinch,TesolloCubePinch-20260624-160603-cubepinch_sb_propriotarget_s7,proprio.target,cubepinch_sb_propriotarget_s7,7,det,41,46,80,0.575,ok,3682863
pinch_sinusoid,pinch_sweep_size_rand_sinusoid-20260624-142357,TesolloCubePinch,TesolloCubePinch-20260624-160603-cubepinch_sb_propriotarget_s7,proprio.target,cubepinch_sb_propriotarget_s7,7,det,42,48,80,0.6,ok,3682863
pinch_sinusoid,pinch_sweep_size_rand_sinusoid-20260624-142357,TesolloCubePinch,TesolloCubePinch-20260624-160603-cubepinch_sb_propriotarget_s7,proprio.target,cubepinch_sb_propriotarget_s7,7,det,43,58,80,0.725,ok,3682863
pinch_sinusoid,pinch_sweep_size_rand_sinusoid-20260624-142357,TesolloCubePinch,TesolloCubePinch-20260624-160603-cubepinch_sb_propriotarget_s7,proprio.target,cubepinch_sb_propriotarget_s7,7,det,44,31,80,0.3875,ok,3682863
pinch_sinusoid,pinch_sweep_size_rand_sinusoid-20260624-142357,TesolloCubePinch,TesolloCubePinch-20260624-160603-cubepinch_sb_propriotarget_s7,proprio.target,cubepinch_sb_propriotarget_s7,7,det,45,48,80,0.6,ok,3682863
pinch_sinusoid,pinch_sweep_size_rand_sinusoid-20260624-142357,TesolloCubePinch,TesolloCubePinch-20260624-160603-cubepinch_sb_propriotarget_s7,proprio.target,cubepinch_sb_propriotarget_s7,7,det,46,17,80,0.2125,ok,3682863
pinch_sinusoid,pinch_sweep_size_rand_sinusoid-20260624-142357,TesolloCubePinch,TesolloCubePinch-20260624-160603-cubepinch_sb_propriotarget_s7,proprio.target,cubepinch_sb_propriotarget_s7,7,det,47,43,80,0.5375,ok,3682863
pinch_sinusoid,pinch_sweep_size_rand_sinusoid-20260624-142357,TesolloCubePinch,TesolloCubePinch-20260624-160603-cubepinch_sb_propriotarget_s7,proprio.target,cubepinch_sb_propriotarget_s7,7,det,48,15,80,0.1875,ok,3682863
pinch_sinusoid,pinch_sweep_size_rand_sinusoid-20260624-142357,TesolloCubePinch,TesolloCubePinch-20260624-160603-cubepinch_sb_propriotarget_s7,proprio.target,cubepinch_sb_propriotarget_s7,7,det,49,39,80,0.4875,ok,3682863
pinch_sinusoid,pinch_sweep_size_rand_sinusoid-20260624-142357,TesolloCubePinch,TesolloCubePinch-20260624-160603-cubepinch_sb_propriotarget_s7,proprio.target,cubepinch_sb_propriotarget_s7,7,det,50,26,80,0.325,ok,3682863
pinch_sinusoid,pinch_sweep_size_rand_sinusoid-20260624-142357,TesolloCubePinch,TesolloCubePinch-20260624-160603-cubepinch_sb_propriotarget_s7,proprio.target,cubepinch_sb_propriotarget_s7,7,det,51,42,80,0.525,ok,3682863
pinch_sinusoid,pinch_sweep_size_rand_sinusoid-20260624-142357,TesolloCubePinch,TesolloCubePinch-20260624-160603-cubepinch_sb_propriotarget_s7,proprio.target,cubepinch_sb_propriotarget_s7,7,det,52,34,80,0.425,ok,3682863
pinch_sinusoid,pinch_sweep_size_rand_sinusoid-20260624-142357,TesolloCubePinch,TesolloCubePinch-20260624-160603-cubepinch_sb_propriotarget_s7,proprio.target,cubepinch_sb_propriotarget_s7,7,det,53,37,80,0.4625,ok,3682863
pinch_sinusoid,pinch_sweep_size_rand_sinusoid-20260624-142357,TesolloCubePinch,TesolloCubePinch-20260624-160603-cubepinch_sb_propriotarget_s7,proprio.target,cubepinch_sb_propriotarget_s7,7,det,54,32,80,0.4,ok,3682863
pinch_sinusoid,pinch_sweep_size_rand_sinusoid-20260624-142357,TesolloCubePinch,TesolloCubePinch-20260624-160603-cubepinch_sb_propriotarget_s7,proprio.target,cubepinch_sb_propriotarget_s7,7,det,55,20,80,0.25,ok,3682863
pinch_sinusoid,pinch_sweep_size_rand_sinusoid-20260624-142357,TesolloCubePinch,TesolloCubePinch-20260624-160603-cubepinch_sb_propriotarget_s7,proprio.target,cubepinch_sb_propriotarget_s7,7,det,56,49,80,0.6125,ok,3682863
pinch_sinusoid,pinch_sweep_size_rand_sinusoid-20260624-142357,TesolloCubePinch,TesolloCubePinch-20260624-160603-cubepinch_sb_propriotarget_s7,proprio.target,cubepinch_sb_propriotarget_s7,7,det,57,11,80,0.1375,ok,3682863
pinch_sinusoid,pinch_sweep_size_rand_sinusoid-20260624-142357,TesolloCubePinch,TesolloCubePinch-20260624-160603-cubepinch_sb_propriotarget_s7,proprio.target,cubepinch_sb_propriotarget_s7,7,det,58,48,80,0.6,ok,3682863
pinch_sinusoid,pinch_sweep_size_rand_sinusoid-20260624-142357,TesolloCubePinch,TesolloCubePinch-20260624-160603-cubepinch_sb_propriotarget_s7,proprio.target,cubepinch_sb_propriotarget_s7,7,det,59,36,80,0.45,ok,3682863
pinch_sinusoid,pinch_sweep_size_rand_sinusoid-20260624-142357,TesolloCubePinch,TesolloCubePinch-20260624-160603-cubepinch_sb_propriotarget_s7,proprio.target,cubepinch_sb_propriotarget_s7,7,det,60,20,80,0.25,ok,3682863
pinch_sinusoid,pinch_sweep_size_rand_sinusoid-20260624-142357,TesolloCubePinch,TesolloCubePinch-20260624-160603-cubepinch_sb_propriotarget_s7,proprio.target,cubepinch_sb_propriotarget_s7,7,det,61,34,80,0.425,ok,3682863
pinch_sinusoid,pinch_sweep_size_rand_sinusoid-20260624-142357,TesolloCubePinch,TesolloCubePinch-20260624-160603-cubepinch_sb_propriotarget_s7,proprio.target,cubepinch_sb_propriotarget_s7,7,det,62,38,80,0.475,ok,3682863
pinch_sinusoid,pinch_sweep_size_rand_sinusoid-20260624-142357,TesolloCubePinch,TesolloCubePinch-20260624-160603-cubepinch_sb_propriotarget_s7,proprio.target,cubepinch_sb_propriotarget_s7,7,det,63,19,80,0.2375,ok,3682863
pinch_sinusoid,pinch_sweep_size_rand_sinusoid-20260624-142357,TesolloCubePinch,TesolloCubePinch-20260624-160603-cubepinch_sb_propriotarget_s7,proprio.target,cubepinch_sb_propriotarget_s7,7,det,64,29,80,0.3625,ok,3682863
pinch_sinusoid,pinch_sweep_size_rand_sinusoid-20260624-142357,TesolloCubePinch,TesolloCubePinch-20260624-160603-cubepinch_sb_propriotarget_s7,proprio.target,cubepinch_sb_propriotarget_s7,7,det,65,28,80,0.35,ok,3682863
pinch_sinusoid,pinch_sweep_size_rand_sinusoid-20260624-142357,TesolloCubePinch,TesolloCubePinch-20260624-160603-cubepinch_sb_propriotarget_s7,proprio.target,cubepinch_sb_propriotarget_s7,7,det,66,53,80,0.6625,ok,3682863
pinch_sinusoid,pinch_sweep_size_rand_sinusoid-20260624-142357,TesolloCubePinch,TesolloCubePinch-20260624-160603-cubepinch_sb_propriotarget_s7,proprio.target,cubepinch_sb_propriotarget_s7,7,det,67,21,80,0.2625,ok,3682863
pinch_sinusoid,pinch_sweep_size_rand_sinusoid-20260624-142357,TesolloCubePinch,TesolloCubePinch-20260624-160603-cubepinch_sb_propriotarget_s7,proprio.target,cubepinch_sb_propriotarget_s7,7,det,68,18,80,0.225,ok,3682863
pinch_sinusoid,pinch_sweep_size_rand_sinusoid-20260624-142357,TesolloCubePinch,TesolloCubePinch-20260624-160603-cubepinch_sb_propriotarget_s7,proprio.target,cubepinch_sb_propriotarget_s7,7,det,69,32,80,0.4,ok,3682863
pinch_sinusoid,pinch_sweep_size_rand_sinusoid-20260624-142357,TesolloCubePinch,TesolloCubePinch-20260624-160603-cubepinch_sb_propriotarget_s7,proprio.target,cubepinch_sb_propriotarget_s7,7,det,70,14,80,0.175,ok,3682863
pinch_sinusoid,pinch_sweep_size_rand_sinusoid-20260624-142357,TesolloCubePinch,TesolloCubePinch-20260624-160603-cubepinch_sb_propriotarget_s7,proprio.target,cubepinch_sb_propriotarget_s7,7,det,71,37,80,0.4625,ok,3682863
pinch_sinusoid,pinch_sweep_size_rand_sinusoid-20260624-142357,TesolloCubePinch,TesolloCubePinch-20260624-160603-cubepinch_sb_propriotarget_s7,proprio.target,cubepinch_sb_propriotarget_s7,7,det,72,33,80,0.4125,ok,3682863
pinch_sinusoid,pinch_sweep_size_rand_sinusoid-20260624-142357,TesolloCubePinch,TesolloCubePinch-20260624-160603-cubepinch_sb_propriotarget_s7,proprio.target,cubepinch_sb_propriotarget_s7,7,det,73,39,80,0.4875,ok,3682863
pinch_sinusoid,pinch_sweep_size_rand_sinusoid-20260624-142357,TesolloCubePinch,TesolloCubePinch-20260624-160603-cubepinch_sb_propriotarget_s7,proprio.target,cubepinch_sb_propriotarget_s7,7,det,74,37,80,0.4625,ok,3682863
pinch_sinusoid,pinch_sweep_size_rand_sinusoid-20260624-142357,TesolloCubePinch,TesolloCubePinch-20260624-160603-cubepinch_sb_propriotarget_s7,proprio.target,cubepinch_sb_propriotarget_s7,7,det,75,26,80,0.325,ok,3682863
pinch_sinusoid,pinch_sweep_size_rand_sinusoid-20260624-142357,TesolloCubePinch,TesolloCubePinch-20260624-160603-cubepinch_sb_propriotarget_s7,proprio.target,cubepinch_sb_propriotarget_s7,7,det,76,33,80,0.4125,ok,3682863
pinch_sinusoid,pinch_sweep_size_rand_sinusoid-20260624-142357,TesolloCubePinch,TesolloCubePinch-20260624-160603-cubepinch_sb_propriotarget_s7,proprio.target,cubepinch_sb_propriotarget_s7,7,det,77,38,80,0.475,ok,3682863
pinch_sinusoid,pinch_sweep_size_rand_sinusoid-20260624-142357,TesolloCubePinch,TesolloCubePinch-20260624-160603-cubepinch_sb_propriotarget_s7,proprio.target,cubepinch_sb_propriotarget_s7,7,det,78,31,80,0.3875,ok,3682863
pinch_sinusoid,pinch_sweep_size_rand_sinusoid-20260624-142357,TesolloCubePinch,TesolloCubePinch-20260624-160603-cubepinch_sb_propriotarget_s7,proprio.target,cubepinch_sb_propriotarget_s7,7,det,79,22,80,0.275,ok,3682863
pinch_sinusoid,pinch_sweep_size_rand_sinusoid-20260624-142357,TesolloCubePinch,TesolloCubePinch-20260624-160603-cubepinch_sb_propriotarget_s7,proprio.target,cubepinch_sb_propriotarget_s7,7,det,80,40,80,0.5,ok,3682863
pinch_sinusoid,pinch_sweep_size_rand_sinusoid-20260624-142357,TesolloCubePinch,TesolloCubePinch-20260624-160603-cubepinch_sb_propriotarget_s7,proprio.target,cubepinch_sb_propriotarget_s7,7,det,81,31,80,0.3875,ok,3682863
pinch_sinusoid,pinch_sweep_size_rand_sinusoid-20260624-142357,TesolloCubePinch,TesolloCubePinch-20260624-160603-cubepinch_sb_propriotarget_s7,proprio.target,cubepinch_sb_propriotarget_s7,7,det,82,21,80,0.2625,ok,3682863
pinch_sinusoid,pinch_sweep_size_rand_sinusoid-20260624-142357,TesolloCubePinch,TesolloCubePinch-20260624-160603-cubepinch_sb_propriotarget_s7,proprio.target,cubepinch_sb_propriotarget_s7,7,det,83,29,80,0.3625,ok,3682863
pinch_sinusoid,pinch_sweep_size_rand_sinusoid-20260624-142357,TesolloCubePinch,TesolloCubePinch-20260624-160603-cubepinch_sb_propriotarget_s7,proprio.target,cubepinch_sb_propriotarget_s7,7,det,84,36,80,0.45,ok,3682863
pinch_sinusoid,pinch_sweep_size_rand_sinusoid-20260624-142357,TesolloCubePinch,TesolloCubePinch-20260624-160603-cubepinch_sb_propriotarget_s7,proprio.target,cubepinch_sb_propriotarget_s7,7,det,85,35,80,0.4375,ok,3682863
pinch_sinusoid,pinch_sweep_size_rand_sinusoid-20260624-142357,TesolloCubePinch,TesolloCubePinch-20260624-160603-cubepinch_sb_propriotarget_s7,proprio.target,cubepinch_sb_propriotarget_s7,7,det,86,35,80,0.4375,ok,3682863
pinch_sinusoid,pinch_sweep_size_rand_sinusoid-20260624-142357,TesolloCubePinch,TesolloCubePinch-20260624-160603-cubepinch_sb_propriotarget_s7,proprio.target,cubepinch_sb_propriotarget_s7,7,det,87,24,80,0.3,ok,3682863
pinch_sinusoid,pinch_sweep_size_rand_sinusoid-20260624-142357,TesolloCubePinch,TesolloCubePinch-20260624-160603-cubepinch_sb_propriotarget_s7,proprio.target,cubepinch_sb_propriotarget_s7,7,det,88,32,80,0.4,ok,3682863
pinch_sinusoid,pinch_sweep_size_rand_sinusoid-20260624-142357,TesolloCubePinch,TesolloCubePinch-20260624-160603-cubepinch_sb_propriotarget_s7,proprio.target,cubepinch_sb_propriotarget_s7,7,det,89,39,80,0.4875,ok,3682863
pinch_sinusoid,pinch_sweep_size_rand_sinusoid-20260624-142357,TesolloCubePinch,TesolloCubePinch-20260624-160603-cubepinch_sb_propriotarget_s7,proprio.target,cubepinch_sb_propriotarget_s7,7,det,90,34,80,0.425,ok,3682863
pinch_sinusoid,pinch_sweep_size_rand_sinusoid-20260624-142357,TesolloCubePinch,TesolloCubePinch-20260624-160603-cubepinch_sb_propriotarget_s7,proprio.target,cubepinch_sb_propriotarget_s7,7,det,91,27,80,0.3375,ok,3682863
pinch_sinusoid,pinch_sweep_size_rand_sinusoid-20260624-142357,TesolloCubePinch,TesolloCubePinch-20260624-160603-cubepinch_sb_propriotarget_s7,proprio.target,cubepinch_sb_propriotarget_s7,7,det,92,23,80,0.2875,ok,3682863
pinch_sinusoid,pinch_sweep_size_rand_sinusoid-20260624-142357,TesolloCubePinch,TesolloCubePinch-20260624-160603-cubepinch_sb_propriotarget_s7,proprio.target,cubepinch_sb_propriotarget_s7,7,det,93,33,80,0.4125,ok,3682863
pinch_sinusoid,pinch_sweep_size_rand_sinusoid-20260624-142357,TesolloCubePinch,TesolloCubePinch-20260624-160603-cubepinch_sb_propriotarget_s7,proprio.target,cubepinch_sb_propriotarget_s7,7,det,94,40,80,0.5,ok,3682863
pinch_sinusoid,pinch_sweep_size_rand_sinusoid-20260624-142357,TesolloCubePinch,TesolloCubePinch-20260624-160603-cubepinch_sb_propriotarget_s7,proprio.target,cubepinch_sb_propriotarget_s7,7,det,95,19,80,0.2375,ok,3682863
pinch_sinusoid,pinch_sweep_size_rand_sinusoid-20260624-142357,TesolloCubePinch,TesolloCubePinch-20260624-160603-cubepinch_sb_propriotarget_s7,proprio.target,cubepinch_sb_propriotarget_s7,7,det,96,35,80,0.4375,ok,3682863
pinch_sinusoid,pinch_sweep_size_rand_sinusoid-20260624-142357,TesolloCubePinch,TesolloCubePinch-20260624-160603-cubepinch_sb_propriotarget_s7,proprio.target,cubepinch_sb_propriotarget_s7,7,det,97,34,80,0.425,ok,3682863
pinch_sinusoid,pinch_sweep_size_rand_sinusoid-20260624-142357,TesolloCubePinch,TesolloCubePinch-20260624-160603-cubepinch_sb_propriotarget_s7,proprio.target,cubepinch_sb_propriotarget_s7,7,det,98,20,80,0.25,ok,3682863
pinch_sinusoid,pinch_sweep_size_rand_sinusoid-20260624-142357,TesolloCubePinch,TesolloCubePinch-20260624-160603-cubepinch_sb_propriotarget_s7,proprio.target,cubepinch_sb_propriotarget_s7,7,det,99,25,80,0.3125,ok,3682863
pinch_sinusoid,pinch_sweep_size_rand_sinusoid-20260624-142357,TesolloCubePinch,TesolloCubePinch-20260624-162306-cubepinch_sb_propriotarget_s8,proprio.target,cubepinch_sb_propriotarget_s8,8,det,0,38,80,0.475,ok,3682863
pinch_sinusoid,pinch_sweep_size_rand_sinusoid-20260624-142357,TesolloCubePinch,TesolloCubePinch-20260624-162306-cubepinch_sb_propriotarget_s8,proprio.target,cubepinch_sb_propriotarget_s8,8,det,1,44,80,0.55,ok,3682863
pinch_sinusoid,pinch_sweep_size_rand_sinusoid-20260624-142357,TesolloCubePinch,TesolloCubePinch-20260624-162306-cubepinch_sb_propriotarget_s8,proprio.target,cubepinch_sb_propriotarget_s8,8,det,2,47,80,0.5875,ok,3682863
pinch_sinusoid,pinch_sweep_size_rand_sinusoid-20260624-142357,TesolloCubePinch,TesolloCubePinch-20260624-162306-cubepinch_sb_propriotarget_s8,proprio.target,cubepinch_sb_propriotarget_s8,8,det,3,48,80,0.6,ok,3682863
pinch_sinusoid,pinch_sweep_size_rand_sinusoid-20260624-142357,TesolloCubePinch,TesolloCubePinch-20260624-162306-cubepinch_sb_propriotarget_s8,proprio.target,cubepinch_sb_propriotarget_s8,8,det,4,51,80,0.6375,ok,3682863
pinch_sinusoid,pinch_sweep_size_rand_sinusoid-20260624-142357,TesolloCubePinch,TesolloCubePinch-20260624-162306-cubepinch_sb_propriotarget_s8,proprio.target,cubepinch_sb_propriotarget_s8,8,det,5,46,80,0.575,ok,3682863
pinch_sinusoid,pinch_sweep_size_rand_sinusoid-20260624-142357,TesolloCubePinch,TesolloCubePinch-20260624-162306-cubepinch_sb_propriotarget_s8,proprio.target,cubepinch_sb_propriotarget_s8,8,det,6,65,80,0.8125,ok,3682863
pinch_sinusoid,pinch_sweep_size_rand_sinusoid-20260624-142357,TesolloCubePinch,TesolloCubePinch-20260624-162306-cubepinch_sb_propriotarget_s8,proprio.target,cubepinch_sb_propriotarget_s8,8,det,7,61,80,0.7625,ok,3682863
pinch_sinusoid,pinch_sweep_size_rand_sinusoid-20260624-142357,TesolloCubePinch,TesolloCubePinch-20260624-162306-cubepinch_sb_propriotarget_s8,proprio.target,cubepinch_sb_propriotarget_s8,8,det,8,47,80,0.5875,ok,3682863
pinch_sinusoid,pinch_sweep_size_rand_sinusoid-20260624-142357,TesolloCubePinch,TesolloCubePinch-20260624-162306-cubepinch_sb_propriotarget_s8,proprio.target,cubepinch_sb_propriotarget_s8,8,det,9,64,80,0.8,ok,3682863
pinch_sinusoid,pinch_sweep_size_rand_sinusoid-20260624-142357,TesolloCubePinch,TesolloCubePinch-20260624-162306-cubepinch_sb_propriotarget_s8,proprio.target,cubepinch_sb_propriotarget_s8,8,det,10,55,80,0.6875,ok,3682863
pinch_sinusoid,pinch_sweep_size_rand_sinusoid-20260624-142357,TesolloCubePinch,TesolloCubePinch-20260624-162306-cubepinch_sb_propriotarget_s8,proprio.target,cubepinch_sb_propriotarget_s8,8,det,11,48,80,0.6,ok,3682863
pinch_sinusoid,pinch_sweep_size_rand_sinusoid-20260624-142357,TesolloCubePinch,TesolloCubePinch-20260624-162306-cubepinch_sb_propriotarget_s8,proprio.target,cubepinch_sb_propriotarget_s8,8,det,12,49,80,0.6125,ok,3682863
pinch_sinusoid,pinch_sweep_size_rand_sinusoid-20260624-142357,TesolloCubePinch,TesolloCubePinch-20260624-162306-cubepinch_sb_propriotarget_s8,proprio.target,cubepinch_sb_propriotarget_s8,8,det,13,46,80,0.575,ok,3682863
pinch_sinusoid,pinch_sweep_size_rand_sinusoid-20260624-142357,TesolloCubePinch,TesolloCubePinch-20260624-162306-cubepinch_sb_propriotarget_s8,proprio.target,cubepinch_sb_propriotarget_s8,8,det,14,66,80,0.825,ok,3682863
pinch_sinusoid,pinch_sweep_size_rand_sinusoid-20260624-142357,TesolloCubePinch,TesolloCubePinch-20260624-162306-cubepinch_sb_propriotarget_s8,proprio.target,cubepinch_sb_propriotarget_s8,8,det,15,61,80,0.7625,ok,3682863
pinch_sinusoid,pinch_sweep_size_rand_sinusoid-20260624-142357,TesolloCubePinch,TesolloCubePinch-20260624-162306-cubepinch_sb_propriotarget_s8,proprio.target,cubepinch_sb_propriotarget_s8,8,det,16,50,80,0.625,ok,3682863
pinch_sinusoid,pinch_sweep_size_rand_sinusoid-20260624-142357,TesolloCubePinch,TesolloCubePinch-20260624-162306-cubepinch_sb_propriotarget_s8,proprio.target,cubepinch_sb_propriotarget_s8,8,det,17,54,80,0.675,ok,3682863
pinch_sinusoid,pinch_sweep_size_rand_sinusoid-20260624-142357,TesolloCubePinch,TesolloCubePinch-20260624-162306-cubepinch_sb_propriotarget_s8,proprio.target,cubepinch_sb_propriotarget_s8,8,det,18,43,80,0.5375,ok,3682863
pinch_sinusoid,pinch_sweep_size_rand_sinusoid-20260624-142357,TesolloCubePinch,TesolloCubePinch-20260624-162306-cubepinch_sb_propriotarget_s8,proprio.target,cubepinch_sb_propriotarget_s8,8,det,19,61,80,0.7625,ok,3682863
pinch_sinusoid,pinch_sweep_size_rand_sinusoid-20260624-142357,TesolloCubePinch,TesolloCubePinch-20260624-162306-cubepinch_sb_propriotarget_s8,proprio.target,cubepinch_sb_propriotarget_s8,8,det,20,41,80,0.5125,ok,3682863
pinch_sinusoid,pinch_sweep_size_rand_sinusoid-20260624-142357,TesolloCubePinch,TesolloCubePinch-20260624-162306-cubepinch_sb_propriotarget_s8,proprio.target,cubepinch_sb_propriotarget_s8,8,det,21,65,80,0.8125,ok,3682863
pinch_sinusoid,pinch_sweep_size_rand_sinusoid-20260624-142357,TesolloCubePinch,TesolloCubePinch-20260624-162306-cubepinch_sb_propriotarget_s8,proprio.target,cubepinch_sb_propriotarget_s8,8,det,22,22,80,0.275,ok,3682863
pinch_sinusoid,pinch_sweep_size_rand_sinusoid-20260624-142357,TesolloCubePinch,TesolloCubePinch-20260624-162306-cubepinch_sb_propriotarget_s8,proprio.target,cubepinch_sb_propriotarget_s8,8,det,23,47,80,0.5875,ok,3682863
pinch_sinusoid,pinch_sweep_size_rand_sinusoid-20260624-142357,TesolloCubePinch,TesolloCubePinch-20260624-162306-cubepinch_sb_propriotarget_s8,proprio.target,cubepinch_sb_propriotarget_s8,8,det,24,61,80,0.7625,ok,3682863
pinch_sinusoid,pinch_sweep_size_rand_sinusoid-20260624-142357,TesolloCubePinch,TesolloCubePinch-20260624-162306-cubepinch_sb_propriotarget_s8,proprio.target,cubepinch_sb_propriotarget_s8,8,det,25,66,80,0.825,ok,3682863
pinch_sinusoid,pinch_sweep_size_rand_sinusoid-20260624-142357,TesolloCubePinch,TesolloCubePinch-20260624-162306-cubepinch_sb_propriotarget_s8,proprio.target,cubepinch_sb_propriotarget_s8,8,det,26,59,80,0.7375,ok,3682863
pinch_sinusoid,pinch_sweep_size_rand_sinusoid-20260624-142357,TesolloCubePinch,TesolloCubePinch-20260624-162306-cubepinch_sb_propriotarget_s8,proprio.target,cubepinch_sb_propriotarget_s8,8,det,27,65,80,0.8125,ok,3682863
pinch_sinusoid,pinch_sweep_size_rand_sinusoid-20260624-142357,TesolloCubePinch,TesolloCubePinch-20260624-162306-cubepinch_sb_propriotarget_s8,proprio.target,cubepinch_sb_propriotarget_s8,8,det,28,61,80,0.7625,ok,3682863
pinch_sinusoid,pinch_sweep_size_rand_sinusoid-20260624-142357,TesolloCubePinch,TesolloCubePinch-20260624-162306-cubepinch_sb_propriotarget_s8,proprio.target,cubepinch_sb_propriotarget_s8,8,det,29,43,80,0.5375,ok,3682863
pinch_sinusoid,pinch_sweep_size_rand_sinusoid-20260624-142357,TesolloCubePinch,TesolloCubePinch-20260624-162306-cubepinch_sb_propriotarget_s8,proprio.target,cubepinch_sb_propriotarget_s8,8,det,30,60,80,0.75,ok,3682863
pinch_sinusoid,pinch_sweep_size_rand_sinusoid-20260624-142357,TesolloCubePinch,TesolloCubePinch-20260624-162306-cubepinch_sb_propriotarget_s8,proprio.target,cubepinch_sb_propriotarget_s8,8,det,31,61,80,0.7625,ok,3682863
pinch_sinusoid,pinch_sweep_size_rand_sinusoid-20260624-142357,TesolloCubePinch,TesolloCubePinch-20260624-162306-cubepinch_sb_propriotarget_s8,proprio.target,cubepinch_sb_propriotarget_s8,8,det,32,46,80,0.575,ok,3682863
pinch_sinusoid,pinch_sweep_size_rand_sinusoid-20260624-142357,TesolloCubePinch,TesolloCubePinch-20260624-162306-cubepinch_sb_propriotarget_s8,proprio.target,cubepinch_sb_propriotarget_s8,8,det,33,51,80,0.6375,ok,3682863
pinch_sinusoid,pinch_sweep_size_rand_sinusoid-20260624-142357,TesolloCubePinch,TesolloCubePinch-20260624-162306-cubepinch_sb_propriotarget_s8,proprio.target,cubepinch_sb_propriotarget_s8,8,det,34,52,80,0.65,ok,3682863
pinch_sinusoid,pinch_sweep_size_rand_sinusoid-20260624-142357,TesolloCubePinch,TesolloCubePinch-20260624-162306-cubepinch_sb_propriotarget_s8,proprio.target,cubepinch_sb_propriotarget_s8,8,det,35,53,80,0.6625,ok,3682863
pinch_sinusoid,pinch_sweep_size_rand_sinusoid-20260624-142357,TesolloCubePinch,TesolloCubePinch-20260624-162306-cubepinch_sb_propriotarget_s8,proprio.target,cubepinch_sb_propriotarget_s8,8,det,36,61,80,0.7625,ok,3682863
pinch_sinusoid,pinch_sweep_size_rand_sinusoid-20260624-142357,TesolloCubePinch,TesolloCubePinch-20260624-162306-cubepinch_sb_propriotarget_s8,proprio.target,cubepinch_sb_propriotarget_s8,8,det,37,65,80,0.8125,ok,3682863
pinch_sinusoid,pinch_sweep_size_rand_sinusoid-20260624-142357,TesolloCubePinch,TesolloCubePinch-20260624-162306-cubepinch_sb_propriotarget_s8,proprio.target,cubepinch_sb_propriotarget_s8,8,det,38,45,80,0.5625,ok,3682863
pinch_sinusoid,pinch_sweep_size_rand_sinusoid-20260624-142357,TesolloCubePinch,TesolloCubePinch-20260624-162306-cubepinch_sb_propriotarget_s8,proprio.target,cubepinch_sb_propriotarget_s8,8,det,39,56,80,0.7,ok,3682863
pinch_sinusoid,pinch_sweep_size_rand_sinusoid-20260624-142357,TesolloCubePinch,TesolloCubePinch-20260624-162306-cubepinch_sb_propriotarget_s8,proprio.target,cubepinch_sb_propriotarget_s8,8,det,40,66,80,0.825,ok,3682863
pinch_sinusoid,pinch_sweep_size_rand_sinusoid-20260624-142357,TesolloCubePinch,TesolloCubePinch-20260624-162306-cubepinch_sb_propriotarget_s8,proprio.target,cubepinch_sb_propriotarget_s8,8,det,41,56,80,0.7,ok,3682863
pinch_sinusoid,pinch_sweep_size_rand_sinusoid-20260624-142357,TesolloCubePinch,TesolloCubePinch-20260624-162306-cubepinch_sb_propriotarget_s8,proprio.target,cubepinch_sb_propriotarget_s8,8,det,42,66,80,0.825,ok,3682863
pinch_sinusoid,pinch_sweep_size_rand_sinusoid-20260624-142357,TesolloCubePinch,TesolloCubePinch-20260624-162306-cubepinch_sb_propriotarget_s8,proprio.target,cubepinch_sb_propriotarget_s8,8,det,43,51,80,0.6375,ok,3682863
pinch_sinusoid,pinch_sweep_size_rand_sinusoid-20260624-142357,TesolloCubePinch,TesolloCubePinch-20260624-162306-cubepinch_sb_propriotarget_s8,proprio.target,cubepinch_sb_propriotarget_s8,8,det,44,45,80,0.5625,ok,3682863
pinch_sinusoid,pinch_sweep_size_rand_sinusoid-20260624-142357,TesolloCubePinch,TesolloCubePinch-20260624-162306-cubepinch_sb_propriotarget_s8,proprio.target,cubepinch_sb_propriotarget_s8,8,det,45,59,80,0.7375,ok,3682863
pinch_sinusoid,pinch_sweep_size_rand_sinusoid-20260624-142357,TesolloCubePinch,TesolloCubePinch-20260624-162306-cubepinch_sb_propriotarget_s8,proprio.target,cubepinch_sb_propriotarget_s8,8,det,46,64,80,0.8,ok,3682863
pinch_sinusoid,pinch_sweep_size_rand_sinusoid-20260624-142357,TesolloCubePinch,TesolloCubePinch-20260624-162306-cubepinch_sb_propriotarget_s8,proprio.target,cubepinch_sb_propriotarget_s8,8,det,47,51,80,0.6375,ok,3682863
pinch_sinusoid,pinch_sweep_size_rand_sinusoid-20260624-142357,TesolloCubePinch,TesolloCubePinch-20260624-162306-cubepinch_sb_propriotarget_s8,proprio.target,cubepinch_sb_propriotarget_s8,8,det,48,47,80,0.5875,ok,3682863
pinch_sinusoid,pinch_sweep_size_rand_sinusoid-20260624-142357,TesolloCubePinch,TesolloCubePinch-20260624-162306-cubepinch_sb_propriotarget_s8,proprio.target,cubepinch_sb_propriotarget_s8,8,det,49,47,80,0.5875,ok,3682863
pinch_sinusoid,pinch_sweep_size_rand_sinusoid-20260624-142357,TesolloCubePinch,TesolloCubePinch-20260624-162306-cubepinch_sb_propriotarget_s8,proprio.target,cubepinch_sb_propriotarget_s8,8,det,50,45,80,0.5625,ok,3682863
pinch_sinusoid,pinch_sweep_size_rand_sinusoid-20260624-142357,TesolloCubePinch,TesolloCubePinch-20260624-162306-cubepinch_sb_propriotarget_s8,proprio.target,cubepinch_sb_propriotarget_s8,8,det,51,64,80,0.8,ok,3682863
pinch_sinusoid,pinch_sweep_size_rand_sinusoid-20260624-142357,TesolloCubePinch,TesolloCubePinch-20260624-162306-cubepinch_sb_propriotarget_s8,proprio.target,cubepinch_sb_propriotarget_s8,8,det,52,58,80,0.725,ok,3682863
pinch_sinusoid,pinch_sweep_size_rand_sinusoid-20260624-142357,TesolloCubePinch,TesolloCubePinch-20260624-162306-cubepinch_sb_propriotarget_s8,proprio.target,cubepinch_sb_propriotarget_s8,8,det,53,64,80,0.8,ok,3682863
pinch_sinusoid,pinch_sweep_size_rand_sinusoid-20260624-142357,TesolloCubePinch,TesolloCubePinch-20260624-162306-cubepinch_sb_propriotarget_s8,proprio.target,cubepinch_sb_propriotarget_s8,8,det,54,57,80,0.7125,ok,3682863
pinch_sinusoid,pinch_sweep_size_rand_sinusoid-20260624-142357,TesolloCubePinch,TesolloCubePinch-20260624-162306-cubepinch_sb_propriotarget_s8,proprio.target,cubepinch_sb_propriotarget_s8,8,det,55,66,80,0.825,ok,3682863
pinch_sinusoid,pinch_sweep_size_rand_sinusoid-20260624-142357,TesolloCubePinch,TesolloCubePinch-20260624-162306-cubepinch_sb_propriotarget_s8,proprio.target,cubepinch_sb_propriotarget_s8,8,det,56,64,80,0.8,ok,3682863
pinch_sinusoid,pinch_sweep_size_rand_sinusoid-20260624-142357,TesolloCubePinch,TesolloCubePinch-20260624-162306-cubepinch_sb_propriotarget_s8,proprio.target,cubepinch_sb_propriotarget_s8,8,det,57,64,80,0.8,ok,3682863
pinch_sinusoid,pinch_sweep_size_rand_sinusoid-20260624-142357,TesolloCubePinch,TesolloCubePinch-20260624-162306-cubepinch_sb_propriotarget_s8,proprio.target,cubepinch_sb_propriotarget_s8,8,det,58,39,80,0.4875,ok,3682863
pinch_sinusoid,pinch_sweep_size_rand_sinusoid-20260624-142357,TesolloCubePinch,TesolloCubePinch-20260624-162306-cubepinch_sb_propriotarget_s8,proprio.target,cubepinch_sb_propriotarget_s8,8,det,59,47,80,0.5875,ok,3682863
pinch_sinusoid,pinch_sweep_size_rand_sinusoid-20260624-142357,TesolloCubePinch,TesolloCubePinch-20260624-162306-cubepinch_sb_propriotarget_s8,proprio.target,cubepinch_sb_propriotarget_s8,8,det,60,64,80,0.8,ok,3682863
pinch_sinusoid,pinch_sweep_size_rand_sinusoid-20260624-142357,TesolloCubePinch,TesolloCubePinch-20260624-162306-cubepinch_sb_propriotarget_s8,proprio.target,cubepinch_sb_propriotarget_s8,8,det,61,46,80,0.575,ok,3682863
pinch_sinusoid,pinch_sweep_size_rand_sinusoid-20260624-142357,TesolloCubePinch,TesolloCubePinch-20260624-162306-cubepinch_sb_propriotarget_s8,proprio.target,cubepinch_sb_propriotarget_s8,8,det,62,44,80,0.55,ok,3682863
pinch_sinusoid,pinch_sweep_size_rand_sinusoid-20260624-142357,TesolloCubePinch,TesolloCubePinch-20260624-162306-cubepinch_sb_propriotarget_s8,proprio.target,cubepinch_sb_propriotarget_s8,8,det,63,64,80,0.8,ok,3682863
pinch_sinusoid,pinch_sweep_size_rand_sinusoid-20260624-142357,TesolloCubePinch,TesolloCubePinch-20260624-162306-cubepinch_sb_propriotarget_s8,proprio.target,cubepinch_sb_propriotarget_s8,8,det,64,48,80,0.6,ok,3682863
pinch_sinusoid,pinch_sweep_size_rand_sinusoid-20260624-142357,TesolloCubePinch,TesolloCubePinch-20260624-162306-cubepinch_sb_propriotarget_s8,proprio.target,cubepinch_sb_propriotarget_s8,8,det,65,51,80,0.6375,ok,3682863
pinch_sinusoid,pinch_sweep_size_rand_sinusoid-20260624-142357,TesolloCubePinch,TesolloCubePinch-20260624-162306-cubepinch_sb_propriotarget_s8,proprio.target,cubepinch_sb_propriotarget_s8,8,det,66,35,80,0.4375,ok,3682863
pinch_sinusoid,pinch_sweep_size_rand_sinusoid-20260624-142357,TesolloCubePinch,TesolloCubePinch-20260624-162306-cubepinch_sb_propriotarget_s8,proprio.target,cubepinch_sb_propriotarget_s8,8,det,67,54,80,0.675,ok,3682863
pinch_sinusoid,pinch_sweep_size_rand_sinusoid-20260624-142357,TesolloCubePinch,TesolloCubePinch-20260624-162306-cubepinch_sb_propriotarget_s8,proprio.target,cubepinch_sb_propriotarget_s8,8,det,68,57,80,0.7125,ok,3682863
pinch_sinusoid,pinch_sweep_size_rand_sinusoid-20260624-142357,TesolloCubePinch,TesolloCubePinch-20260624-162306-cubepinch_sb_propriotarget_s8,proprio.target,cubepinch_sb_propriotarget_s8,8,det,69,54,80,0.675,ok,3682863
pinch_sinusoid,pinch_sweep_size_rand_sinusoid-20260624-142357,TesolloCubePinch,TesolloCubePinch-20260624-162306-cubepinch_sb_propriotarget_s8,proprio.target,cubepinch_sb_propriotarget_s8,8,det,70,58,80,0.725,ok,3682863
pinch_sinusoid,pinch_sweep_size_rand_sinusoid-20260624-142357,TesolloCubePinch,TesolloCubePinch-20260624-162306-cubepinch_sb_propriotarget_s8,proprio.target,cubepinch_sb_propriotarget_s8,8,det,71,60,80,0.75,ok,3682863
pinch_sinusoid,pinch_sweep_size_rand_sinusoid-20260624-142357,TesolloCubePinch,TesolloCubePinch-20260624-162306-cubepinch_sb_propriotarget_s8,proprio.target,cubepinch_sb_propriotarget_s8,8,det,72,36,80,0.45,ok,3682863
pinch_sinusoid,pinch_sweep_size_rand_sinusoid-20260624-142357,TesolloCubePinch,TesolloCubePinch-20260624-162306-cubepinch_sb_propriotarget_s8,proprio.target,cubepinch_sb_propriotarget_s8,8,det,73,43,80,0.5375,ok,3682863
pinch_sinusoid,pinch_sweep_size_rand_sinusoid-20260624-142357,TesolloCubePinch,TesolloCubePinch-20260624-162306-cubepinch_sb_propriotarget_s8,proprio.target,cubepinch_sb_propriotarget_s8,8,det,74,50,80,0.625,ok,3682863
pinch_sinusoid,pinch_sweep_size_rand_sinusoid-20260624-142357,TesolloCubePinch,TesolloCubePinch-20260624-162306-cubepinch_sb_propriotarget_s8,proprio.target,cubepinch_sb_propriotarget_s8,8,det,75,66,80,0.825,ok,3682863
pinch_sinusoid,pinch_sweep_size_rand_sinusoid-20260624-142357,TesolloCubePinch,TesolloCubePinch-20260624-162306-cubepinch_sb_propriotarget_s8,proprio.target,cubepinch_sb_propriotarget_s8,8,det,76,47,80,0.5875,ok,3682863
pinch_sinusoid,pinch_sweep_size_rand_sinusoid-20260624-142357,TesolloCubePinch,TesolloCubePinch-20260624-162306-cubepinch_sb_propriotarget_s8,proprio.target,cubepinch_sb_propriotarget_s8,8,det,77,55,80,0.6875,ok,3682863
pinch_sinusoid,pinch_sweep_size_rand_sinusoid-20260624-142357,TesolloCubePinch,TesolloCubePinch-20260624-162306-cubepinch_sb_propriotarget_s8,proprio.target,cubepinch_sb_propriotarget_s8,8,det,78,64,80,0.8,ok,3682863
pinch_sinusoid,pinch_sweep_size_rand_sinusoid-20260624-142357,TesolloCubePinch,TesolloCubePinch-20260624-162306-cubepinch_sb_propriotarget_s8,proprio.target,cubepinch_sb_propriotarget_s8,8,det,79,65,80,0.8125,ok,3682863
pinch_sinusoid,pinch_sweep_size_rand_sinusoid-20260624-142357,TesolloCubePinch,TesolloCubePinch-20260624-162306-cubepinch_sb_propriotarget_s8,proprio.target,cubepinch_sb_propriotarget_s8,8,det,80,56,80,0.7,ok,3682863
pinch_sinusoid,pinch_sweep_size_rand_sinusoid-20260624-142357,TesolloCubePinch,TesolloCubePinch-20260624-162306-cubepinch_sb_propriotarget_s8,proprio.target,cubepinch_sb_propriotarget_s8,8,det,81,62,80,0.775,ok,3682863
pinch_sinusoid,pinch_sweep_size_rand_sinusoid-20260624-142357,TesolloCubePinch,TesolloCubePinch-20260624-162306-cubepinch_sb_propriotarget_s8,proprio.target,cubepinch_sb_propriotarget_s8,8,det,82,64,80,0.8,ok,3682863
pinch_sinusoid,pinch_sweep_size_rand_sinusoid-20260624-142357,TesolloCubePinch,TesolloCubePinch-20260624-162306-cubepinch_sb_propriotarget_s8,proprio.target,cubepinch_sb_propriotarget_s8,8,det,83,64,80,0.8,ok,3682863
pinch_sinusoid,pinch_sweep_size_rand_sinusoid-20260624-142357,TesolloCubePinch,TesolloCubePinch-20260624-162306-cubepinch_sb_propriotarget_s8,proprio.target,cubepinch_sb_propriotarget_s8,8,det,84,53,80,0.6625,ok,3682863
pinch_sinusoid,pinch_sweep_size_rand_sinusoid-20260624-142357,TesolloCubePinch,TesolloCubePinch-20260624-162306-cubepinch_sb_propriotarget_s8,proprio.target,cubepinch_sb_propriotarget_s8,8,det,85,38,80,0.475,ok,3682863
pinch_sinusoid,pinch_sweep_size_rand_sinusoid-20260624-142357,TesolloCubePinch,TesolloCubePinch-20260624-162306-cubepinch_sb_propriotarget_s8,proprio.target,cubepinch_sb_propriotarget_s8,8,det,86,53,80,0.6625,ok,3682863
pinch_sinusoid,pinch_sweep_size_rand_sinusoid-20260624-142357,TesolloCubePinch,TesolloCubePinch-20260624-162306-cubepinch_sb_propriotarget_s8,proprio.target,cubepinch_sb_propriotarget_s8,8,det,87,40,80,0.5,ok,3682863
pinch_sinusoid,pinch_sweep_size_rand_sinusoid-20260624-142357,TesolloCubePinch,TesolloCubePinch-20260624-162306-cubepinch_sb_propriotarget_s8,proprio.target,cubepinch_sb_propriotarget_s8,8,det,88,65,80,0.8125,ok,3682863
pinch_sinusoid,pinch_sweep_size_rand_sinusoid-20260624-142357,TesolloCubePinch,TesolloCubePinch-20260624-162306-cubepinch_sb_propriotarget_s8,proprio.target,cubepinch_sb_propriotarget_s8,8,det,89,49,80,0.6125,ok,3682863
pinch_sinusoid,pinch_sweep_size_rand_sinusoid-20260624-142357,TesolloCubePinch,TesolloCubePinch-20260624-162306-cubepinch_sb_propriotarget_s8,proprio.target,cubepinch_sb_propriotarget_s8,8,det,90,66,80,0.825,ok,3682863
pinch_sinusoid,pinch_sweep_size_rand_sinusoid-20260624-142357,TesolloCubePinch,TesolloCubePinch-20260624-162306-cubepinch_sb_propriotarget_s8,proprio.target,cubepinch_sb_propriotarget_s8,8,det,91,56,80,0.7,ok,3682863
pinch_sinusoid,pinch_sweep_size_rand_sinusoid-20260624-142357,TesolloCubePinch,TesolloCubePinch-20260624-162306-cubepinch_sb_propriotarget_s8,proprio.target,cubepinch_sb_propriotarget_s8,8,det,92,43,80,0.5375,ok,3682863
pinch_sinusoid,pinch_sweep_size_rand_sinusoid-20260624-142357,TesolloCubePinch,TesolloCubePinch-20260624-162306-cubepinch_sb_propriotarget_s8,proprio.target,cubepinch_sb_propriotarget_s8,8,det,93,66,80,0.825,ok,3682863
pinch_sinusoid,pinch_sweep_size_rand_sinusoid-20260624-142357,TesolloCubePinch,TesolloCubePinch-20260624-162306-cubepinch_sb_propriotarget_s8,proprio.target,cubepinch_sb_propriotarget_s8,8,det,94,62,80,0.775,ok,3682863
pinch_sinusoid,pinch_sweep_size_rand_sinusoid-20260624-142357,TesolloCubePinch,TesolloCubePinch-20260624-162306-cubepinch_sb_propriotarget_s8,proprio.target,cubepinch_sb_propriotarget_s8,8,det,95,46,80,0.575,ok,3682863
pinch_sinusoid,pinch_sweep_size_rand_sinusoid-20260624-142357,TesolloCubePinch,TesolloCubePinch-20260624-162306-cubepinch_sb_propriotarget_s8,proprio.target,cubepinch_sb_propriotarget_s8,8,det,96,58,80,0.725,ok,3682863
pinch_sinusoid,pinch_sweep_size_rand_sinusoid-20260624-142357,TesolloCubePinch,TesolloCubePinch-20260624-162306-cubepinch_sb_propriotarget_s8,proprio.target,cubepinch_sb_propriotarget_s8,8,det,97,51,80,0.6375,ok,3682863
pinch_sinusoid,pinch_sweep_size_rand_sinusoid-20260624-142357,TesolloCubePinch,TesolloCubePinch-20260624-162306-cubepinch_sb_propriotarget_s8,proprio.target,cubepinch_sb_propriotarget_s8,8,det,98,44,80,0.55,ok,3682863
pinch_sinusoid,pinch_sweep_size_rand_sinusoid-20260624-142357,TesolloCubePinch,TesolloCubePinch-20260624-162306-cubepinch_sb_propriotarget_s8,proprio.target,cubepinch_sb_propriotarget_s8,8,det,99,46,80,0.575,ok,3682863
